vpn_code,id,data
10000259,10000259,"{""id"" : 10000259, ""vpn_code"" : ""10000259"", ""name"" : ""ESPACS"", ""vpn_id_sip"" : ""10000259"", ""customer_reference"" : ""CD02TP4PF0"", ""forced_onnet"" : true, ""private_prefix_length"" : 2, ""offnet_via_bcr_allowed"" : true, ""it_key"" : ""CD02TP4PF0"", ""customer_index_for_billing"" : null, ""hk_master"" : ""HOOKAH"", ""hk_redirect_percentage"" : 0, ""partition_right"" : ""BTIP"", ""state"" : ""OPENED""}"
10000262,10000262,"{""id"" : 10000262, ""vpn_code"" : ""10000262"", ""name"" : ""AUDITIA Gamez Huilizen"", ""vpn_id_sip"" : ""10000262"", ""customer_reference"" : ""CD02SWBEF7"", ""forced_onnet"" : false, ""private_prefix_length"" : 2, ""offnet_via_bcr_allowed"" : true, ""it_key"" : ""CD02SWBEF7"", ""customer_index_for_billing"" : null, ""hk_master"" : ""HOOKAH"", ""hk_redirect_percentage"" : 0, ""partition_right"" : ""BTIP"", ""state"" : ""OPENED""}"
10000266,10000266,"{""id"" : 10000266, ""vpn_code"" : ""10000266"", ""name"" : ""DSDT"", ""vpn_id_sip"" : ""10000266"", ""customer_reference"" : ""CD02TRUPFF"", ""forced_onnet"" : false, ""private_prefix_length"" : 2, ""offnet_via_bcr_allowed"" : true, ""it_key"" : ""CD02TRUPFF"", ""customer_index_for_billing"" : null, ""hk_master"" : ""HOOKAH"", ""hk_redirect_percentage"" : 0, ""partition_right"" : ""BTIP"", ""state"" : ""OPENED""}"
10000269,10000269,"{""id"" : 10000269, ""vpn_code"" : ""10000269"", ""name"" : ""GAUVAIN"", ""vpn_id_sip"" : ""10000269"", ""customer_reference"" : ""CD02UZM9A6"", ""forced_onnet"" : false, ""private_prefix_length"" : 2, ""offnet_via_bcr_allowed"" : true, ""it_key"" : ""CD02UZM9A6"", ""customer_index_for_billing"" : null, ""hk_master"" : ""HOOKAH"", ""hk_redirect_percentage"" : 0, ""partition_right"" : ""BTIP"", ""state"" : ""OPENED""}"
10000270,10000270,"{""id"" : 10000270, ""vpn_code"" : ""10000270"", ""name"" : ""LAFITTEVPN"", ""vpn_id_sip"" : ""10000270"", ""customer_reference"" : ""CD02VYGRC7"", ""forced_onnet"" : true, ""private_prefix_length"" : 2, ""offnet_via_bcr_allowed"" : true, ""it_key"" : ""CD02VYGRC7"", ""customer_index_for_billing"" : null, ""hk_master"" : ""HOOKAH"", ""hk_redirect_percentage"" : 0, ""partition_right"" : ""BTIP"", ""state"" : ""OPENED""}"
5809,5809,"{""id"" : 5809, ""vpn_code"" : ""5809"", ""name"" : ""OTEC"", ""vpn_id_sip"" : ""5809"", ""customer_reference"" : ""36423"", ""forced_onnet"" : false, ""private_prefix_length"" : 2, ""offnet_via_bcr_allowed"" : true, ""it_key"" : ""CD02BRB498"", ""customer_index_for_billing"" : null, ""hk_master"" : ""HOOKAH"", ""hk_redirect_percentage"" : 0, ""partition_right"" : ""BT"", ""state"" : ""OPENED""}"
10000273,10000273,"{""id"" : 10000273, ""vpn_code"" : ""10000273"", ""name"" : ""MANUDAX"", ""vpn_id_sip"" : ""10000273"", ""customer_reference"" : ""CD02TT9EFE"", ""forced_onnet"" : false, ""private_prefix_length"" : 2, ""offnet_via_bcr_allowed"" : true, ""it_key"" : ""CD02TT9EFE"", ""customer_index_for_billing"" : null, ""hk_master"" : ""HOOKAH"", ""hk_redirect_percentage"" : 0, ""partition_right"" : ""BTIP"", ""state"" : ""OPENED""}"
4515,4515,"{""id"" : 4515, ""vpn_code"" : ""4515"", ""name"" : ""CEGOS"", ""vpn_id_sip"" : ""4515"", ""customer_reference"" : ""679779"", ""forced_onnet"" : true, ""private_prefix_length"" : 3, ""offnet_via_bcr_allowed"" : true, ""it_key"" : ""zzz4515"", ""customer_index_for_billing"" : null, ""hk_master"" : ""HOOKAH"", ""hk_redirect_percentage"" : 0, ""partition_right"" : ""BT"", ""state"" : ""OPENED""}"
5580,5580,"{""id"" : 5580, ""vpn_code"" : ""5580"", ""name"" : ""CENTRE FRANCE COMMUNICATION"", ""vpn_id_sip"" : ""5580"", ""customer_reference"" : ""36423"", ""forced_onnet"" : true, ""private_prefix_length"" : 4, ""offnet_via_bcr_allowed"" : true, ""it_key"" : ""CD01Q9UAAB"", ""customer_index_for_billing"" : null, ""hk_master"" : ""HOOKAH"", ""hk_redirect_percentage"" : 0, ""partition_right"" : ""BT"", ""state"" : ""OPENED""}"
4510,4510,"{""id"" : 4510, ""vpn_code"" : ""4510"", ""name"" : ""Mercer Consulting / Marsh"", ""vpn_id_sip"" : ""4510"", ""customer_reference"" : ""10966"", ""forced_onnet"" : false, ""private_prefix_length"" : 3, ""offnet_via_bcr_allowed"" : true, ""it_key"" : ""zzz4510"", ""customer_index_for_billing"" : ""4510"", ""hk_master"" : ""HOOKAH"", ""hk_redirect_percentage"" : 0, ""partition_right"" : ""BT"", ""state"" : ""OPENED""}"
4513,4513,"{""id"" : 4513, ""vpn_code"" : ""4513"", ""name"" : ""Kariban France"", ""vpn_id_sip"" : ""4513"", ""customer_reference"" : ""679780"", ""forced_onnet"" : false, ""private_prefix_length"" : 3, ""offnet_via_bcr_allowed"" : true, ""it_key"" : ""zzz4513"", ""customer_index_for_billing"" : ""4513"", ""hk_master"" : ""HOOKAH"", ""hk_redirect_percentage"" : 0, ""partition_right"" : ""BT"", ""state"" : ""OPENED""}"
10000275,10000275,"{""id"" : 10000275, ""vpn_code"" : ""10000275"", ""name"" : ""LIVRE CHRETIEN"", ""vpn_id_sip"" : ""10000275"", ""customer_reference"" : ""CD02WA1S95"", ""forced_onnet"" : false, ""private_prefix_length"" : 2, ""offnet_via_bcr_allowed"" : true, ""it_key"" : ""CD02WA1S95"", ""customer_index_for_billing"" : null, ""hk_master"" : ""HOOKAH"", ""hk_redirect_percentage"" : 0, ""partition_right"" : ""BTIP"", ""state"" : ""OPENED""}"
10000277,10000277,"{""id"" : 10000277, ""vpn_code"" : ""10000277"", ""name"" : ""LAPANIERE ( panification aix )"", ""vpn_id_sip"" : ""10000277"", ""customer_reference"" : ""CD02VWHRE0"", ""forced_onnet"" : false, ""private_prefix_length"" : 2, ""offnet_via_bcr_allowed"" : true, ""it_key"" : ""CD02VWHRE0"", ""customer_index_for_billing"" : null, ""hk_master"" : ""HOOKAH"", ""hk_redirect_percentage"" : 0, ""partition_right"" : ""BTIP"", ""state"" : ""OPENED""}"
3949,3949,"{""id"" : 3949, ""vpn_code"" : ""3949"", ""name"" : ""SDIS 48"", ""vpn_id_sip"" : ""3949"", ""customer_reference"" : ""674306"", ""forced_onnet"" : true, ""private_prefix_length"" : 2, ""offnet_via_bcr_allowed"" : true, ""it_key"" : ""CD00L2Q9FD"", ""customer_index_for_billing"" : null, ""hk_master"" : ""HOOKAH"", ""hk_redirect_percentage"" : 0, ""partition_right"" : ""BT"", ""state"" : ""OPENED""}"
5220,5220,"{""id"" : 5220, ""vpn_code"" : ""5220"", ""name"" : ""QUALISUD (Transpac)"", ""vpn_id_sip"" : ""5220"", ""customer_reference"" : ""677199"", ""forced_onnet"" : true, ""private_prefix_length"" : 2, ""offnet_via_bcr_allowed"" : true, ""it_key"" : ""CD012DTRB3"", ""customer_index_for_billing"" : null, ""hk_master"" : ""HOOKAH"", ""hk_redirect_percentage"" : 0, ""partition_right"" : ""BT"", ""state"" : ""OPENED""}"
10000278,10000278,"{""id"" : 10000278, ""vpn_code"" : ""10000278"", ""name"" : ""FONTANONBVPN"", ""vpn_id_sip"" : ""10000278"", ""customer_reference"" : ""CD02U8N9E9"", ""forced_onnet"" : false, ""private_prefix_length"" : 2, ""offnet_via_bcr_allowed"" : true, ""it_key"" : ""CD02U8N9E9"", ""customer_index_for_billing"" : null, ""hk_master"" : ""HOOKAH"", ""hk_redirect_percentage"" : 0, ""partition_right"" : ""BTIP"", ""state"" : ""OPENED""}"
3633,3633,"{""id"" : 3633, ""vpn_code"" : ""3633"", ""name"" : ""JAPAN AIRLINES"", ""vpn_id_sip"" : ""3633"", ""customer_reference"" : ""594"", ""forced_onnet"" : false, ""private_prefix_length"" : 3, ""offnet_via_bcr_allowed"" : true, ""it_key"" : ""zzz3633"", ""customer_index_for_billing"" : ""3633"", ""hk_master"" : ""HOOKAH"", ""hk_redirect_percentage"" : 0, ""partition_right"" : ""BT"", ""state"" : ""OPENED""}"
3851,3851,"{""id"" : 3851, ""vpn_code"" : ""3851"", ""name"" : ""COREL CORPORAT."", ""vpn_id_sip"" : ""3851"", ""customer_reference"" : ""unknown"", ""forced_onnet"" : false, ""private_prefix_length"" : 3, ""offnet_via_bcr_allowed"" : true, ""it_key"" : ""zzz3851"", ""customer_index_for_billing"" : ""3851"", ""hk_master"" : ""HOOKAH"", ""hk_redirect_percentage"" : 0, ""partition_right"" : ""BT"", ""state"" : ""CLOSED""}"
10000283,10000283,"{""id"" : 10000283, ""vpn_code"" : ""10000283"", ""name"" : ""BVPNGDIDIER"", ""vpn_id_sip"" : ""10000283"", ""customer_reference"" : ""CD02UUF38E"", ""forced_onnet"" : true, ""private_prefix_length"" : 3, ""offnet_via_bcr_allowed"" : true, ""it_key"" : ""CD02UUF38E"", ""customer_index_for_billing"" : null, ""hk_master"" : ""HOOKAH"", ""hk_redirect_percentage"" : 0, ""partition_right"" : ""BTIP"", ""state"" : ""OPENED""}"
10000286,10000286,"{""id"" : 10000286, ""vpn_code"" : ""10000286"", ""name"" : ""GRAPPIN"", ""vpn_id_sip"" : ""10000286"", ""customer_reference"" : ""CD02UFM2E6"", ""forced_onnet"" : false, ""private_prefix_length"" : 2, ""offnet_via_bcr_allowed"" : true, ""it_key"" : ""CD02UFM2E6"", ""customer_index_for_billing"" : null, ""hk_master"" : ""HOOKAH"", ""hk_redirect_percentage"" : 0, ""partition_right"" : ""BTIP"", ""state"" : ""OPENED""}"
10000287,10000287,"{""id"" : 10000287, ""vpn_code"" : ""10000287"", ""name"" : ""AAD DISTRIBUTION"", ""vpn_id_sip"" : ""10000287"", ""customer_reference"" : ""CD02X4D4CF"", ""forced_onnet"" : false, ""private_prefix_length"" : 2, ""offnet_via_bcr_allowed"" : true, ""it_key"" : ""CD02X4D4CF"", ""customer_index_for_billing"" : null, ""hk_master"" : ""HOOKAH"", ""hk_redirect_percentage"" : 0, ""partition_right"" : ""BTIP"", ""state"" : ""OPENED""}"
10000285,10000285,"{""id"" : 10000285, ""vpn_code"" : ""10000285"", ""name"" : ""CMA79"", ""vpn_id_sip"" : ""10000285"", ""customer_reference"" : ""CD02UE3X86"", ""forced_onnet"" : false, ""private_prefix_length"" : 2, ""offnet_via_bcr_allowed"" : true, ""it_key"" : ""CD02UE3X86"", ""customer_index_for_billing"" : null, ""hk_master"" : ""HOOKAH"", ""hk_redirect_percentage"" : 0, ""partition_right"" : ""BTIP"", ""state"" : ""OPENED""}"
3294,3294,"{""id"" : 3294, ""vpn_code"" : ""3294"", ""name"" : ""Mutuelles Familiales Corse (MFC) (Transpac)"", ""vpn_id_sip"" : ""3294"", ""customer_reference"" : ""672422"", ""forced_onnet"" : true, ""private_prefix_length"" : 3, ""offnet_via_bcr_allowed"" : true, ""it_key"" : ""CD00KV13AF"", ""customer_index_for_billing"" : null, ""hk_master"" : ""HOOKAH"", ""hk_redirect_percentage"" : 0, ""partition_right"" : ""BT"", ""state"" : ""OPENED""}"
4518,4518,"{""id"" : 4518, ""vpn_code"" : ""4518"", ""name"" : ""Planfor SAS"", ""vpn_id_sip"" : ""4518"", ""customer_reference"" : ""679800"", ""forced_onnet"" : true, ""private_prefix_length"" : 3, ""offnet_via_bcr_allowed"" : true, ""it_key"" : ""zzz4518"", ""customer_index_for_billing"" : ""4518"", ""hk_master"" : ""HOOKAH"", ""hk_redirect_percentage"" : 0, ""partition_right"" : ""BT"", ""state"" : ""OPENED""}"
4517,4517,"{""id"" : 4517, ""vpn_code"" : ""4517"", ""name"" : ""Constructel (Constructions et Telco)"", ""vpn_id_sip"" : ""4517"", ""customer_reference"" : ""679799"", ""forced_onnet"" : true, ""private_prefix_length"" : 3, ""offnet_via_bcr_allowed"" : true, ""it_key"" : ""zzz4517"", ""customer_index_for_billing"" : ""4517"", ""hk_master"" : ""HOOKAH"", ""hk_redirect_percentage"" : 0, ""partition_right"" : ""BT"", ""state"" : ""OPENED""}"
3897,3897,"{""id"" : 3897, ""vpn_code"" : ""3897"", ""name"" : ""F.E.A."", ""vpn_id_sip"" : ""3897"", ""customer_reference"" : ""38839"", ""forced_onnet"" : true, ""private_prefix_length"" : 2, ""offnet_via_bcr_allowed"" : true, ""it_key"" : ""CD00H62L90"", ""customer_index_for_billing"" : null, ""hk_master"" : ""HOOKAH"", ""hk_redirect_percentage"" : 0, ""partition_right"" : ""BT"", ""state"" : ""OPENED""}"
10000288,10000288,"{""id"" : 10000288, ""vpn_code"" : ""10000288"", ""name"" : ""CERP-BN"", ""vpn_id_sip"" : ""10000288"", ""customer_reference"" : ""CD02U7Y4C6"", ""forced_onnet"" : false, ""private_prefix_length"" : 3, ""offnet_via_bcr_allowed"" : true, ""it_key"" : ""CD02U7Y4C6"", ""customer_index_for_billing"" : null, ""hk_master"" : ""HOOKAH"", ""hk_redirect_percentage"" : 0, ""partition_right"" : ""BTIP"", ""state"" : ""OPENED""}"
4806,4806,"{""id"" : 4806, ""vpn_code"" : ""4806"", ""name"" : ""Single Buoy Moorings Inc (SBM)"", ""vpn_id_sip"" : ""4806"", ""customer_reference"" : ""673996"", ""forced_onnet"" : true, ""private_prefix_length"" : 3, ""offnet_via_bcr_allowed"" : true, ""it_key"" : ""zzz4806"", ""customer_index_for_billing"" : null, ""hk_master"" : ""HOOKAH"", ""hk_redirect_percentage"" : 0, ""partition_right"" : ""BT"", ""state"" : ""OPENED""}"
10000291,10000291,"{""id"" : 10000291, ""vpn_code"" : ""10000291"", ""name"" : ""CONSERVATOIRE DU LITTORAL"", ""vpn_id_sip"" : ""10000291"", ""customer_reference"" : ""CD02V0WGA4"", ""forced_onnet"" : false, ""private_prefix_length"" : 2, ""offnet_via_bcr_allowed"" : true, ""it_key"" : ""CD02V0WGA4"", ""customer_index_for_billing"" : null, ""hk_master"" : ""HOOKAH"", ""hk_redirect_percentage"" : 0, ""partition_right"" : ""BTIP"", ""state"" : ""OPENED""}"
10000293,10000293,"{""id"" : 10000293, ""vpn_code"" : ""10000293"", ""name"" : ""MISSION LOCALE"", ""vpn_id_sip"" : ""10000293"", ""customer_reference"" : ""CD02H6VUA2"", ""forced_onnet"" : false, ""private_prefix_length"" : 2, ""offnet_via_bcr_allowed"" : true, ""it_key"" : ""CD02H6VUA2"", ""customer_index_for_billing"" : null, ""hk_master"" : ""HOOKAH"", ""hk_redirect_percentage"" : 0, ""partition_right"" : ""BTIP"", ""state"" : ""OPENED""}"
10000294,10000294,"{""id"" : 10000294, ""vpn_code"" : ""10000294"", ""name"" : ""PRESSEMANCHE"", ""vpn_id_sip"" : ""10000294"", ""customer_reference"" : ""CD02W95H9E"", ""forced_onnet"" : false, ""private_prefix_length"" : 1, ""offnet_via_bcr_allowed"" : true, ""it_key"" : ""CD02W95H9E"", ""customer_index_for_billing"" : null, ""hk_master"" : ""HOOKAH"", ""hk_redirect_percentage"" : 0, ""partition_right"" : ""BTIP"", ""state"" : ""OPENED""}"
10000295,10000295,"{""id"" : 10000295, ""vpn_code"" : ""10000295"", ""name"" : ""SOCOFIDEC (Associes Experts Comptables)"", ""vpn_id_sip"" : ""10000295"", ""customer_reference"" : ""CD02WZUKD7"", ""forced_onnet"" : false, ""private_prefix_length"" : 2, ""offnet_via_bcr_allowed"" : true, ""it_key"" : ""CD02WZUKD7"", ""customer_index_for_billing"" : null, ""hk_master"" : ""HOOKAH"", ""hk_redirect_percentage"" : 0, ""partition_right"" : ""BTIP"", ""state"" : ""OPENED""}"
10000296,10000296,"{""id"" : 10000296, ""vpn_code"" : ""10000296"", ""name"" : ""SARETEC"", ""vpn_id_sip"" : ""10000296"", ""customer_reference"" : ""CD02V3CTBD"", ""forced_onnet"" : false, ""private_prefix_length"" : 4, ""offnet_via_bcr_allowed"" : true, ""it_key"" : ""CD02V3CTBD"", ""customer_index_for_billing"" : null, ""hk_master"" : ""HOOKAH"", ""hk_redirect_percentage"" : 0, ""partition_right"" : ""BTIP"", ""state"" : ""OPENED""}"
4064,4064,"{""id"" : 4064, ""vpn_code"" : ""4064"", ""name"" : ""ATER"", ""vpn_id_sip"" : ""4064"", ""customer_reference"" : ""675466"", ""forced_onnet"" : false, ""private_prefix_length"" : 2, ""offnet_via_bcr_allowed"" : true, ""it_key"" : ""CD00LMZ6F3"", ""customer_index_for_billing"" : null, ""hk_master"" : ""HOOKAH"", ""hk_redirect_percentage"" : 0, ""partition_right"" : ""BT"", ""state"" : ""OPENED""}"
10000298,10000298,"{""id"" : 10000298, ""vpn_code"" : ""10000298"", ""name"" : ""STOKER"", ""vpn_id_sip"" : ""10000298"", ""customer_reference"" : ""CD02XEFY84"", ""forced_onnet"" : false, ""private_prefix_length"" : 2, ""offnet_via_bcr_allowed"" : true, ""it_key"" : ""CD02XEFY84"", ""customer_index_for_billing"" : null, ""hk_master"" : ""HOOKAH"", ""hk_redirect_percentage"" : 0, ""partition_right"" : ""BTIP"", ""state"" : ""OPENED""}"
5820,5820,"{""id"" : 5820, ""vpn_code"" : ""5820"", ""name"" : ""NICOLAS"", ""vpn_id_sip"" : ""5820"", ""customer_reference"" : ""36423"", ""forced_onnet"" : false, ""private_prefix_length"" : 3, ""offnet_via_bcr_allowed"" : true, ""it_key"" : ""CD02Q9J3E5"", ""customer_index_for_billing"" : null, ""hk_master"" : ""HOOKAH"", ""hk_redirect_percentage"" : 0, ""partition_right"" : ""BT"", ""state"" : ""OPENED""}"
10000297,10000297,"{""id"" : 10000297, ""vpn_code"" : ""10000297"", ""name"" : ""PROMENS"", ""vpn_id_sip"" : ""10000297"", ""customer_reference"" : ""CD02WW6FF7"", ""forced_onnet"" : false, ""private_prefix_length"" : 2, ""offnet_via_bcr_allowed"" : true, ""it_key"" : ""CD02WW6FF7"", ""customer_index_for_billing"" : null, ""hk_master"" : ""HOOKAH"", ""hk_redirect_percentage"" : 0, ""partition_right"" : ""BTIP"", ""state"" : ""OPENED""}"
5825,5825,"{""id"" : 5825, ""vpn_code"" : ""5825"", ""name"" : ""elecdif"", ""vpn_id_sip"" : ""5825"", ""customer_reference"" : ""36423"", ""forced_onnet"" : true, ""private_prefix_length"" : 2, ""offnet_via_bcr_allowed"" : true, ""it_key"" : ""CD02Y3PBAB"", ""customer_index_for_billing"" : null, ""hk_master"" : ""HOOKAH"", ""hk_redirect_percentage"" : 0, ""partition_right"" : ""BT"", ""state"" : ""OPENED""}"
10000304,10000304,"{""id"" : 10000304, ""vpn_code"" : ""10000304"", ""name"" : ""BCI"", ""vpn_id_sip"" : ""10000304"", ""customer_reference"" : ""CD02Y1HZBC"", ""forced_onnet"" : false, ""private_prefix_length"" : 2, ""offnet_via_bcr_allowed"" : true, ""it_key"" : ""CD02Y1HZBC"", ""customer_index_for_billing"" : null, ""hk_master"" : ""HOOKAH"", ""hk_redirect_percentage"" : 0, ""partition_right"" : ""BTIP"", ""state"" : ""OPENED""}"
10000305,10000305,"{""id"" : 10000305, ""vpn_code"" : ""10000305"", ""name"" : ""SOFOP"", ""vpn_id_sip"" : ""10000305"", ""customer_reference"" : ""CD02XNESB7"", ""forced_onnet"" : false, ""private_prefix_length"" : 1, ""offnet_via_bcr_allowed"" : true, ""it_key"" : ""CD02XNESB7"", ""customer_index_for_billing"" : null, ""hk_master"" : ""HOOKAH"", ""hk_redirect_percentage"" : 0, ""partition_right"" : ""BTIP"", ""state"" : ""OPENED""}"
10000307,10000307,"{""id"" : 10000307, ""vpn_code"" : ""10000307"", ""name"" : ""GATARD"", ""vpn_id_sip"" : ""10000307"", ""customer_reference"" : ""CD02W6P6C2"", ""forced_onnet"" : false, ""private_prefix_length"" : 2, ""offnet_via_bcr_allowed"" : true, ""it_key"" : ""CD02W6P6C2"", ""customer_index_for_billing"" : null, ""hk_master"" : ""HOOKAH"", ""hk_redirect_percentage"" : 0, ""partition_right"" : ""BTIP"", ""state"" : ""OPENED""}"
4009,4009,"{""id"" : 4009, ""vpn_code"" : ""4009"", ""name"" : ""DBR (Transpac)"", ""vpn_id_sip"" : ""4009"", ""customer_reference"" : ""675247"", ""forced_onnet"" : true, ""private_prefix_length"" : 3, ""offnet_via_bcr_allowed"" : true, ""it_key"" : ""CD00KNBU99"", ""customer_index_for_billing"" : null, ""hk_master"" : ""HOOKAH"", ""hk_redirect_percentage"" : 0, ""partition_right"" : ""BT"", ""state"" : ""OPENED""}"
10000308,10000308,"{""id"" : 10000308, ""vpn_code"" : ""10000308"", ""name"" : ""PAUL BOYE"", ""vpn_id_sip"" : ""10000308"", ""customer_reference"" : ""CD02YP2CE0"", ""forced_onnet"" : false, ""private_prefix_length"" : 1, ""offnet_via_bcr_allowed"" : true, ""it_key"" : ""CD02YP2CE0"", ""customer_index_for_billing"" : null, ""hk_master"" : ""HOOKAH"", ""hk_redirect_percentage"" : 0, ""partition_right"" : ""BTIP"", ""state"" : ""OPENED""}"
3656,3656,"{""id"" : 3656, ""vpn_code"" : ""3656"", ""name"" : ""RENAULT ECC"", ""vpn_id_sip"" : ""3656"", ""customer_reference"" : ""679339"", ""forced_onnet"" : false, ""private_prefix_length"" : 3, ""offnet_via_bcr_allowed"" : true, ""it_key"" : ""zzz3656"", ""customer_index_for_billing"" : ""3656"", ""hk_master"" : ""HOOKAH"", ""hk_redirect_percentage"" : 0, ""partition_right"" : ""BT"", ""state"" : ""OPENED""}"
4523,4523,"{""id"" : 4523, ""vpn_code"" : ""4523"", ""name"" : ""Nike Retail B.V"", ""vpn_id_sip"" : ""4523"", ""customer_reference"" : ""679919"", ""forced_onnet"" : true, ""private_prefix_length"" : 3, ""offnet_via_bcr_allowed"" : true, ""it_key"" : ""zzz4523"", ""customer_index_for_billing"" : null, ""hk_master"" : ""HOOKAH"", ""hk_redirect_percentage"" : 0, ""partition_right"" : ""BT"", ""state"" : ""OPENED""}"
10000310,10000310,"{""id"" : 10000310, ""vpn_code"" : ""10000310"", ""name"" : ""AIMT35"", ""vpn_id_sip"" : ""10000310"", ""customer_reference"" : ""CD02XJBPAF"", ""forced_onnet"" : false, ""private_prefix_length"" : 2, ""offnet_via_bcr_allowed"" : true, ""it_key"" : ""CD02XJBPAF"", ""customer_index_for_billing"" : null, ""hk_master"" : ""HOOKAH"", ""hk_redirect_percentage"" : 0, ""partition_right"" : ""BTIP"", ""state"" : ""OPENED""}"
10000311,10000311,"{""id"" : 10000311, ""vpn_code"" : ""10000311"", ""name"" : ""DELMOTTE"", ""vpn_id_sip"" : ""10000311"", ""customer_reference"" : ""CD02XMUQBF"", ""forced_onnet"" : true, ""private_prefix_length"" : 2, ""offnet_via_bcr_allowed"" : true, ""it_key"" : ""CD02XMUQBF"", ""customer_index_for_billing"" : null, ""hk_master"" : ""HOOKAH"", ""hk_redirect_percentage"" : 0, ""partition_right"" : ""BTIP"", ""state"" : ""OPENED""}"
10000312,10000312,"{""id"" : 10000312, ""vpn_code"" : ""10000312"", ""name"" : ""STAUBLI_TPC"", ""vpn_id_sip"" : ""10000312"", ""customer_reference"" : ""CD02XZFZC6"", ""forced_onnet"" : true, ""private_prefix_length"" : 2, ""offnet_via_bcr_allowed"" : true, ""it_key"" : ""CD02XZFZC6"", ""customer_index_for_billing"" : null, ""hk_master"" : ""HOOKAH"", ""hk_redirect_percentage"" : 0, ""partition_right"" : ""BTIP"", ""state"" : ""OPENED""}"
10000319,10000319,"{""id"" : 10000319, ""vpn_code"" : ""10000319"", ""name"" : ""DUBOULOZ"", ""vpn_id_sip"" : ""10000319"", ""customer_reference"" : ""CD02Z2WWBB"", ""forced_onnet"" : false, ""private_prefix_length"" : 2, ""offnet_via_bcr_allowed"" : true, ""it_key"" : ""CD02Z2WWBB"", ""customer_index_for_billing"" : null, ""hk_master"" : ""HOOKAH"", ""hk_redirect_percentage"" : 0, ""partition_right"" : ""BTIP"", ""state"" : ""OPENED""}"
10000316,10000316,"{""id"" : 10000316, ""vpn_code"" : ""10000316"", ""name"" : ""COULLARE"", ""vpn_id_sip"" : ""10000316"", ""customer_reference"" : ""CD02X7C3C2"", ""forced_onnet"" : false, ""private_prefix_length"" : 2, ""offnet_via_bcr_allowed"" : true, ""it_key"" : ""CD02X7C3C2"", ""customer_index_for_billing"" : null, ""hk_master"" : ""HOOKAH"", ""hk_redirect_percentage"" : 0, ""partition_right"" : ""BTIP"", ""state"" : ""OPENED""}"
10000326,10000326,"{""id"" : 10000326, ""vpn_code"" : ""10000326"", ""name"" : ""QUALIAC"", ""vpn_id_sip"" : ""10000326"", ""customer_reference"" : ""CD02XFPN99"", ""forced_onnet"" : false, ""private_prefix_length"" : 2, ""offnet_via_bcr_allowed"" : true, ""it_key"" : ""CD02XFPN99"", ""customer_index_for_billing"" : null, ""hk_master"" : ""HOOKAH"", ""hk_redirect_percentage"" : 0, ""partition_right"" : ""BTIP"", ""state"" : ""OPENED""}"
10000562,10000562,"{""id"" : 10000562, ""vpn_code"" : ""10000562"", ""name"" : ""SENSTRONIC"", ""vpn_id_sip"" : ""10000562"", ""customer_reference"" : ""CD03L7VQB7"", ""forced_onnet"" : false, ""private_prefix_length"" : 2, ""offnet_via_bcr_allowed"" : true, ""it_key"" : ""CD03L7VQB7"", ""customer_index_for_billing"" : null, ""hk_master"" : ""HOOKAH"", ""hk_redirect_percentage"" : 0, ""partition_right"" : ""BTIP"", ""state"" : ""OPENED""}"
10000199,10000199,"{""id"" : 10000199, ""vpn_code"" : ""10000199"", ""name"" : ""BDMV"", ""vpn_id_sip"" : ""10000199"", ""customer_reference"" : ""CD02MW8AF3"", ""forced_onnet"" : false, ""private_prefix_length"" : 2, ""offnet_via_bcr_allowed"" : true, ""it_key"" : ""CD02MW8AF3"", ""customer_index_for_billing"" : null, ""hk_master"" : ""HOOKAH"", ""hk_redirect_percentage"" : 0, ""partition_right"" : ""BTIP"", ""state"" : ""OPENED""}"
10001158,10001158,"{""id"" : 10001158, ""vpn_code"" : ""10001158"", ""name"" : ""MAIRIEBELZ"", ""vpn_id_sip"" : ""10001158"", ""customer_reference"" : ""CD04UZ56D1"", ""forced_onnet"" : false, ""private_prefix_length"" : 2, ""offnet_via_bcr_allowed"" : true, ""it_key"" : ""CD04UZ56D1"", ""customer_index_for_billing"" : null, ""hk_master"" : ""HOOKAH"", ""hk_redirect_percentage"" : 0, ""partition_right"" : ""BTIP"", ""state"" : ""OPENED""}"
3933,3933,"{""id"" : 3933, ""vpn_code"" : ""3933"", ""name"" : ""TEDDY(Transpac)"", ""vpn_id_sip"" : ""3933"", ""customer_reference"" : ""51891"", ""forced_onnet"" : true, ""private_prefix_length"" : 3, ""offnet_via_bcr_allowed"" : true, ""it_key"" : ""CD00MDTMBD"", ""customer_index_for_billing"" : null, ""hk_master"" : ""HOOKAH"", ""hk_redirect_percentage"" : 0, ""partition_right"" : ""BT"", ""state"" : ""OPENED""}"
3411,3411,"{""id"" : 3411, ""vpn_code"" : ""3411"", ""name"" : ""SACSO-RAFFALLI(Transpac)"", ""vpn_id_sip"" : ""3411"", ""customer_reference"" : ""673654"", ""forced_onnet"" : true, ""private_prefix_length"" : 3, ""offnet_via_bcr_allowed"" : true, ""it_key"" : ""CD0128JFAC"", ""customer_index_for_billing"" : null, ""hk_master"" : ""HOOKAH"", ""hk_redirect_percentage"" : 0, ""partition_right"" : ""BT"", ""state"" : ""OPENED""}"
10000201,10000201,"{""id"" : 10000201, ""vpn_code"" : ""10000201"", ""name"" : ""WINCKELMANS"", ""vpn_id_sip"" : ""10000201"", ""customer_reference"" : ""CD02MZU0AF"", ""forced_onnet"" : false, ""private_prefix_length"" : 2, ""offnet_via_bcr_allowed"" : true, ""it_key"" : ""CD02MZU0AF"", ""customer_index_for_billing"" : null, ""hk_master"" : ""HOOKAH"", ""hk_redirect_percentage"" : 0, ""partition_right"" : ""BTIP"", ""state"" : ""OPENED""}"
10000203,10000203,"{""id"" : 10000203, ""vpn_code"" : ""10000203"", ""name"" : ""TURRINI"", ""vpn_id_sip"" : ""10000203"", ""customer_reference"" : ""CD02MXN5A5"", ""forced_onnet"" : false, ""private_prefix_length"" : 2, ""offnet_via_bcr_allowed"" : true, ""it_key"" : ""CD02MXN5A5"", ""customer_index_for_billing"" : null, ""hk_master"" : ""HOOKAH"", ""hk_redirect_percentage"" : 0, ""partition_right"" : ""BTIP"", ""state"" : ""OPENED""}"
10000204,10000204,"{""id"" : 10000204, ""vpn_code"" : ""10000204"", ""name"" : ""BENEAT CHAUVEL"", ""vpn_id_sip"" : ""10000204"", ""customer_reference"" : ""CD02MK92CB"", ""forced_onnet"" : false, ""private_prefix_length"" : 2, ""offnet_via_bcr_allowed"" : true, ""it_key"" : ""CD02MK92CB"", ""customer_index_for_billing"" : null, ""hk_master"" : ""HOOKAH"", ""hk_redirect_percentage"" : 0, ""partition_right"" : ""BTIP"", ""state"" : ""OPENED""}"
5806,5806,"{""id"" : 5806, ""vpn_code"" : ""5806"", ""name"" : ""NUMALL"", ""vpn_id_sip"" : ""5806"", ""customer_reference"" : ""36423"", ""forced_onnet"" : false, ""private_prefix_length"" : 2, ""offnet_via_bcr_allowed"" : true, ""it_key"" : ""CD02NKZ6CF"", ""customer_index_for_billing"" : null, ""hk_master"" : ""HOOKAH"", ""hk_redirect_percentage"" : 0, ""partition_right"" : ""BT"", ""state"" : ""OPENED""}"
10000206,10000206,"{""id"" : 10000206, ""vpn_code"" : ""10000206"", ""name"" : ""SCPMGG (JRGAULTIER)"", ""vpn_id_sip"" : ""10000206"", ""customer_reference"" : ""CD02KX2ED5"", ""forced_onnet"" : true, ""private_prefix_length"" : 2, ""offnet_via_bcr_allowed"" : true, ""it_key"" : ""CD02KX2ED5"", ""customer_index_for_billing"" : null, ""hk_master"" : ""HOOKAH"", ""hk_redirect_percentage"" : 0, ""partition_right"" : ""BTIP"", ""state"" : ""OPENED""}"
10000208,10000208,"{""id"" : 10000208, ""vpn_code"" : ""10000208"", ""name"" : ""OM"", ""vpn_id_sip"" : ""10000208"", ""customer_reference"" : ""CD02H9X6E3"", ""forced_onnet"" : true, ""private_prefix_length"" : 2, ""offnet_via_bcr_allowed"" : true, ""it_key"" : ""CD02H9X6E3"", ""customer_index_for_billing"" : null, ""hk_master"" : ""HOOKAH"", ""hk_redirect_percentage"" : 0, ""partition_right"" : ""BTIP"", ""state"" : ""OPENED""}"
10000211,10000211,"{""id"" : 10000211, ""vpn_code"" : ""10000211"", ""name"" : ""FLEURONDANJOU"", ""vpn_id_sip"" : ""10000211"", ""customer_reference"" : ""CD02QKAHB2"", ""forced_onnet"" : false, ""private_prefix_length"" : 2, ""offnet_via_bcr_allowed"" : true, ""it_key"" : ""CD02QKAHB2"", ""customer_index_for_billing"" : null, ""hk_master"" : ""HOOKAH"", ""hk_redirect_percentage"" : 0, ""partition_right"" : ""BTIP"", ""state"" : ""OPENED""}"
10000212,10000212,"{""id"" : 10000212, ""vpn_code"" : ""10000212"", ""name"" : ""PARTENAIRES CONSEILS"", ""vpn_id_sip"" : ""10000212"", ""customer_reference"" : ""CD02P5A0CD"", ""forced_onnet"" : false, ""private_prefix_length"" : 2, ""offnet_via_bcr_allowed"" : true, ""it_key"" : ""CD02P5A0CD"", ""customer_index_for_billing"" : null, ""hk_master"" : ""HOOKAH"", ""hk_redirect_percentage"" : 0, ""partition_right"" : ""BTIP"", ""state"" : ""OPENED""}"
4503,4503,"{""id"" : 4503, ""vpn_code"" : ""4503"", ""name"" : ""CLARINS FRAGRANCE GROUP (Transpac)"", ""vpn_id_sip"" : ""4503"", ""customer_reference"" : ""679566"", ""forced_onnet"" : false, ""private_prefix_length"" : 3, ""offnet_via_bcr_allowed"" : true, ""it_key"" : ""zzz4503"", ""customer_index_for_billing"" : null, ""hk_master"" : ""HOOKAH"", ""hk_redirect_percentage"" : 0, ""partition_right"" : ""BT"", ""state"" : ""OPENED""}"
10000213,10000213,"{""id"" : 10000213, ""vpn_code"" : ""10000213"", ""name"" : ""FAYAT"", ""vpn_id_sip"" : ""10000213"", ""customer_reference"" : ""CD02R29AAE"", ""forced_onnet"" : true, ""private_prefix_length"" : 3, ""offnet_via_bcr_allowed"" : true, ""it_key"" : ""CD02R29AAE"", ""customer_index_for_billing"" : null, ""hk_master"" : ""HOOKAH"", ""hk_redirect_percentage"" : 0, ""partition_right"" : ""BTIP"", ""state"" : ""OPENED""}"
10000214,10000214,"{""id"" : 10000214, ""vpn_code"" : ""10000214"", ""name"" : ""CHARRADE"", ""vpn_id_sip"" : ""10000214"", ""customer_reference"" : ""CD02Q0NYB9"", ""forced_onnet"" : false, ""private_prefix_length"" : 2, ""offnet_via_bcr_allowed"" : true, ""it_key"" : ""CD02Q0NYB9"", ""customer_index_for_billing"" : null, ""hk_master"" : ""HOOKAH"", ""hk_redirect_percentage"" : 0, ""partition_right"" : ""BTIP"", ""state"" : ""OPENED""}"
10000215,10000215,"{""id"" : 10000215, ""vpn_code"" : ""10000215"", ""name"" : ""SOCIETE JEAN FORESTIER ET FILS"", ""vpn_id_sip"" : ""10000215"", ""customer_reference"" : ""CD02R0G1D1"", ""forced_onnet"" : false, ""private_prefix_length"" : 2, ""offnet_via_bcr_allowed"" : true, ""it_key"" : ""CD02R0G1D1"", ""customer_index_for_billing"" : null, ""hk_master"" : ""HOOKAH"", ""hk_redirect_percentage"" : 0, ""partition_right"" : ""BTIP"", ""state"" : ""OPENED""}"
3556,3556,"{""id"" : 3556, ""vpn_code"" : ""3556"", ""name"" : ""TEXDECOR"", ""vpn_id_sip"" : ""3556"", ""customer_reference"" : ""676469"", ""forced_onnet"" : false, ""private_prefix_length"" : 3, ""offnet_via_bcr_allowed"" : true, ""it_key"" : ""zzz3556"", ""customer_index_for_billing"" : ""3556"", ""hk_master"" : ""HOOKAH"", ""hk_redirect_percentage"" : 0, ""partition_right"" : ""BT"", ""state"" : ""OPENED""}"
10000216,10000216,"{""id"" : 10000216, ""vpn_code"" : ""10000216"", ""name"" : ""DELTA DORE"", ""vpn_id_sip"" : ""10000216"", ""customer_reference"" : ""CD02BCQM87"", ""forced_onnet"" : true, ""private_prefix_length"" : 2, ""offnet_via_bcr_allowed"" : true, ""it_key"" : ""CD02BCQM87"", ""customer_index_for_billing"" : null, ""hk_master"" : ""HOOKAH"", ""hk_redirect_percentage"" : 0, ""partition_right"" : ""BTIP"", ""state"" : ""OPENED""}"
10000219,10000219,"{""id"" : 10000219, ""vpn_code"" : ""10000219"", ""name"" : ""GERARDPAYRE"", ""vpn_id_sip"" : ""10000219"", ""customer_reference"" : ""CD02L358D2"", ""forced_onnet"" : false, ""private_prefix_length"" : 2, ""offnet_via_bcr_allowed"" : true, ""it_key"" : ""CD02L358D2"", ""customer_index_for_billing"" : null, ""hk_master"" : ""HOOKAH"", ""hk_redirect_percentage"" : 0, ""partition_right"" : ""BTIP"", ""state"" : ""OPENED""}"
4505,4505,"{""id"" : 4505, ""vpn_code"" : ""4505"", ""name"" : ""CMA CGM"", ""vpn_id_sip"" : ""4505"", ""customer_reference"" : ""677270"", ""forced_onnet"" : true, ""private_prefix_length"" : 4, ""offnet_via_bcr_allowed"" : true, ""it_key"" : ""zzz4505"", ""customer_index_for_billing"" : null, ""hk_master"" : ""HOOKAH"", ""hk_redirect_percentage"" : 0, ""partition_right"" : ""BT"", ""state"" : ""OPENED""}"
10000222,10000222,"{""id"" : 10000222, ""vpn_code"" : ""10000222"", ""name"" : ""DBPFREEZE"", ""vpn_id_sip"" : ""10000222"", ""customer_reference"" : ""CD02REM5E8"", ""forced_onnet"" : false, ""private_prefix_length"" : 2, ""offnet_via_bcr_allowed"" : true, ""it_key"" : ""CD02REM5E8"", ""customer_index_for_billing"" : null, ""hk_master"" : ""HOOKAH"", ""hk_redirect_percentage"" : 0, ""partition_right"" : ""BTIP"", ""state"" : ""OPENED""}"
10000223,10000223,"{""id"" : 10000223, ""vpn_code"" : ""10000223"", ""name"" : ""CHT ROUSSEL (Centre Hospitalier Theophile Roussel)"", ""vpn_id_sip"" : ""10000223"", ""customer_reference"" : ""CD02S4XGBF"", ""forced_onnet"" : true, ""private_prefix_length"" : 3, ""offnet_via_bcr_allowed"" : true, ""it_key"" : ""CD02S4XGBF"", ""customer_index_for_billing"" : null, ""hk_master"" : ""HOOKAH"", ""hk_redirect_percentage"" : 0, ""partition_right"" : ""BTIP"", ""state"" : ""OPENED""}"
5258,5258,"{""id"" : 5258, ""vpn_code"" : ""5258"", ""name"" : ""ROBLEDO (Transpac)"", ""vpn_id_sip"" : ""5258"", ""customer_reference"" : ""677326"", ""forced_onnet"" : true, ""private_prefix_length"" : 1, ""offnet_via_bcr_allowed"" : true, ""it_key"" : ""CD013ENXBF"", ""customer_index_for_billing"" : null, ""hk_master"" : ""HOOKAH"", ""hk_redirect_percentage"" : 0, ""partition_right"" : ""BT"", ""state"" : ""OPENED""}"
10000224,10000224,"{""id"" : 10000224, ""vpn_code"" : ""10000224"", ""name"" : ""GESCOT_SARL (INCOPAR)"", ""vpn_id_sip"" : ""10000224"", ""customer_reference"" : ""CD02RE0A9C"", ""forced_onnet"" : true, ""private_prefix_length"" : 1, ""offnet_via_bcr_allowed"" : true, ""it_key"" : ""CD02RE0A9C"", ""customer_index_for_billing"" : null, ""hk_master"" : ""HOOKAH"", ""hk_redirect_percentage"" : 0, ""partition_right"" : ""BTIP"", ""state"" : ""OPENED""}"
10000226,10000226,"{""id"" : 10000226, ""vpn_code"" : ""10000226"", ""name"" : ""DLNEGOCE"", ""vpn_id_sip"" : ""10000226"", ""customer_reference"" : ""CD02REJ7EA"", ""forced_onnet"" : false, ""private_prefix_length"" : 2, ""offnet_via_bcr_allowed"" : true, ""it_key"" : ""CD02REJ7EA"", ""customer_index_for_billing"" : null, ""hk_master"" : ""HOOKAH"", ""hk_redirect_percentage"" : 0, ""partition_right"" : ""BTIP"", ""state"" : ""OPENED""}"
4507,4507,"{""id"" : 4507, ""vpn_code"" : ""4507"", ""name"" : ""SANDAYA"", ""vpn_id_sip"" : ""4507"", ""customer_reference"" : ""679659"", ""forced_onnet"" : false, ""private_prefix_length"" : 3, ""offnet_via_bcr_allowed"" : true, ""it_key"" : ""zzz4507"", ""customer_index_for_billing"" : ""4507"", ""hk_master"" : ""HOOKAH"", ""hk_redirect_percentage"" : 0, ""partition_right"" : ""BT"", ""state"" : ""OPENED""}"
10000230,10000230,"{""id"" : 10000230, ""vpn_code"" : ""10000230"", ""name"" : ""OMERIN"", ""vpn_id_sip"" : ""10000230"", ""customer_reference"" : ""CD02S5MMB0"", ""forced_onnet"" : false, ""private_prefix_length"" : 2, ""offnet_via_bcr_allowed"" : true, ""it_key"" : ""CD02S5MMB0"", ""customer_index_for_billing"" : null, ""hk_master"" : ""HOOKAH"", ""hk_redirect_percentage"" : 0, ""partition_right"" : ""BTIP"", ""state"" : ""OPENED""}"
10000233,10000233,"{""id"" : 10000233, ""vpn_code"" : ""10000233"", ""name"" : ""COFIME"", ""vpn_id_sip"" : ""10000233"", ""customer_reference"" : ""CD02SEZG99"", ""forced_onnet"" : false, ""private_prefix_length"" : 2, ""offnet_via_bcr_allowed"" : true, ""it_key"" : ""CD02SEZG99"", ""customer_index_for_billing"" : null, ""hk_master"" : ""HOOKAH"", ""hk_redirect_percentage"" : 0, ""partition_right"" : ""BTIP"", ""state"" : ""OPENED""}"
3991,3991,"{""id"" : 3991, ""vpn_code"" : ""3991"", ""name"" : ""OBS_Engineering_Test_3991"", ""vpn_id_sip"" : ""3991"", ""customer_reference"" : ""zzz3991"", ""forced_onnet"" : true, ""private_prefix_length"" : 3, ""offnet_via_bcr_allowed"" : true, ""it_key"" : ""zzz3991"", ""customer_index_for_billing"" : null, ""hk_master"" : ""HOOKAH"", ""hk_redirect_percentage"" : 0, ""partition_right"" : ""BT"", ""state"" : ""OPENED""}"
3532,3532,"{""id"" : 3532, ""vpn_code"" : ""3532"", ""name"" : ""Caterpillar"", ""vpn_id_sip"" : ""3532"", ""customer_reference"" : ""11371"", ""forced_onnet"" : true, ""private_prefix_length"" : 3, ""offnet_via_bcr_allowed"" : true, ""it_key"" : ""zzz3532"", ""customer_index_for_billing"" : ""3532"", ""hk_master"" : ""HOOKAH"", ""hk_redirect_percentage"" : 0, ""partition_right"" : ""BT"", ""state"" : ""OPENED""}"
4509,4509,"{""id"" : 4509, ""vpn_code"" : ""4509"", ""name"" : ""Clarins France (Transpac)"", ""vpn_id_sip"" : ""4509"", ""customer_reference"" : ""679593"", ""forced_onnet"" : false, ""private_prefix_length"" : 3, ""offnet_via_bcr_allowed"" : true, ""it_key"" : ""zzz4509"", ""customer_index_for_billing"" : null, ""hk_master"" : ""HOOKAH"", ""hk_redirect_percentage"" : 0, ""partition_right"" : ""BT"", ""state"" : ""OPENED""}"
10000237,10000237,"{""id"" : 10000237, ""vpn_code"" : ""10000237"", ""name"" : ""MERCIER DAVID"", ""vpn_id_sip"" : ""10000237"", ""customer_reference"" : ""CD02SQUAE7"", ""forced_onnet"" : false, ""private_prefix_length"" : 2, ""offnet_via_bcr_allowed"" : true, ""it_key"" : ""CD02SQUAE7"", ""customer_index_for_billing"" : null, ""hk_master"" : ""HOOKAH"", ""hk_redirect_percentage"" : 0, ""partition_right"" : ""BTIP"", ""state"" : ""OPENED""}"
10000239,10000239,"{""id"" : 10000239, ""vpn_code"" : ""10000239"", ""name"" : ""CORCOY"", ""vpn_id_sip"" : ""10000239"", ""customer_reference"" : ""CD02SMUPBD"", ""forced_onnet"" : true, ""private_prefix_length"" : 1, ""offnet_via_bcr_allowed"" : true, ""it_key"" : ""CD02SMUPBD"", ""customer_index_for_billing"" : null, ""hk_master"" : ""HOOKAH"", ""hk_redirect_percentage"" : 0, ""partition_right"" : ""BTIP"", ""state"" : ""OPENED""}"
10000240,10000240,"{""id"" : 10000240, ""vpn_code"" : ""10000240"", ""name"" : ""ADMR49"", ""vpn_id_sip"" : ""10000240"", ""customer_reference"" : ""CD02SRJGEB"", ""forced_onnet"" : true, ""private_prefix_length"" : 2, ""offnet_via_bcr_allowed"" : true, ""it_key"" : ""CD02SRJGEB"", ""customer_index_for_billing"" : null, ""hk_master"" : ""HOOKAH"", ""hk_redirect_percentage"" : 0, ""partition_right"" : ""BTIP"", ""state"" : ""OPENED""}"
10000257,10000257,"{""id"" : 10000257, ""vpn_code"" : ""10000257"", ""name"" : ""TDMPD"", ""vpn_id_sip"" : ""10000257"", ""customer_reference"" : ""CD02SNFVB1"", ""forced_onnet"" : false, ""private_prefix_length"" : 2, ""offnet_via_bcr_allowed"" : true, ""it_key"" : ""CD02SNFVB1"", ""customer_index_for_billing"" : null, ""hk_master"" : ""HOOKAH"", ""hk_redirect_percentage"" : 0, ""partition_right"" : ""BTIP"", ""state"" : ""OPENED""}"
10000242,10000242,"{""id"" : 10000242, ""vpn_code"" : ""10000242"", ""name"" : ""PSI (Profils et Systemes Industries)"", ""vpn_id_sip"" : ""10000242"", ""customer_reference"" : ""CD02SM67DA"", ""forced_onnet"" : false, ""private_prefix_length"" : 2, ""offnet_via_bcr_allowed"" : true, ""it_key"" : ""CD02SM67DA"", ""customer_index_for_billing"" : null, ""hk_master"" : ""HOOKAH"", ""hk_redirect_percentage"" : 0, ""partition_right"" : ""BTIP"", ""state"" : ""OPENED""}"
10000245,10000245,"{""id"" : 10000245, ""vpn_code"" : ""10000245"", ""name"" : ""DATAPRESSE"", ""vpn_id_sip"" : ""10000245"", ""customer_reference"" : ""CD02SWQXEA"", ""forced_onnet"" : false, ""private_prefix_length"" : 2, ""offnet_via_bcr_allowed"" : true, ""it_key"" : ""CD02SWQXEA"", ""customer_index_for_billing"" : null, ""hk_master"" : ""HOOKAH"", ""hk_redirect_percentage"" : 0, ""partition_right"" : ""BTIP"", ""state"" : ""OPENED""}"
10000248,10000248,"{""id"" : 10000248, ""vpn_code"" : ""10000248"", ""name"" : ""MTTM SNAT"", ""vpn_id_sip"" : ""10000248"", ""customer_reference"" : ""CD02SN0NA9"", ""forced_onnet"" : false, ""private_prefix_length"" : 2, ""offnet_via_bcr_allowed"" : true, ""it_key"" : ""CD02SN0NA9"", ""customer_index_for_billing"" : null, ""hk_master"" : ""HOOKAH"", ""hk_redirect_percentage"" : 0, ""partition_right"" : ""BTIP"", ""state"" : ""OPENED""}"
10000249,10000249,"{""id"" : 10000249, ""vpn_code"" : ""10000249"", ""name"" : ""ASSELIN"", ""vpn_id_sip"" : ""10000249"", ""customer_reference"" : ""CD02U3HVBF"", ""forced_onnet"" : true, ""private_prefix_length"" : 2, ""offnet_via_bcr_allowed"" : true, ""it_key"" : ""CD02U3HVBF"", ""customer_index_for_billing"" : null, ""hk_master"" : ""HOOKAH"", ""hk_redirect_percentage"" : 0, ""partition_right"" : ""BTIP"", ""state"" : ""OPENED""}"
10000246,10000246,"{""id"" : 10000246, ""vpn_code"" : ""10000246"", ""name"" : ""NETTO DECOR PROPRETE"", ""vpn_id_sip"" : ""10000246"", ""customer_reference"" : ""CD02SKH3CA"", ""forced_onnet"" : false, ""private_prefix_length"" : 2, ""offnet_via_bcr_allowed"" : true, ""it_key"" : ""CD02SKH3CA"", ""customer_index_for_billing"" : null, ""hk_master"" : ""HOOKAH"", ""hk_redirect_percentage"" : 0, ""partition_right"" : ""BTIP"", ""state"" : ""OPENED""}"
4167,4167,"{""id"" : 4167, ""vpn_code"" : ""4167"", ""name"" : ""BALGUERIE SA"", ""vpn_id_sip"" : ""4167"", ""customer_reference"" : ""33681"", ""forced_onnet"" : true, ""private_prefix_length"" : 2, ""offnet_via_bcr_allowed"" : true, ""it_key"" : ""CD00MYGLF2"", ""customer_index_for_billing"" : null, ""hk_master"" : ""HOOKAH"", ""hk_redirect_percentage"" : 0, ""partition_right"" : ""BT"", ""state"" : ""OPENED""}"
4511,4511,"{""id"" : 4511, ""vpn_code"" : ""4511"", ""name"" : ""CSM Nederland bv"", ""vpn_id_sip"" : ""4511"", ""customer_reference"" : ""676908"", ""forced_onnet"" : true, ""private_prefix_length"" : 3, ""offnet_via_bcr_allowed"" : true, ""it_key"" : ""zzz4511"", ""customer_index_for_billing"" : null, ""hk_master"" : ""HOOKAH"", ""hk_redirect_percentage"" : 0, ""partition_right"" : ""BT"", ""state"" : ""OPENED""}"
3410,3410,"{""id"" : 3410, ""vpn_code"" : ""3410"", ""name"" : ""Chambre de Metiers et de lArtisanat (CMA) Tranpsac"", ""vpn_id_sip"" : ""3410"", ""customer_reference"" : ""673668"", ""forced_onnet"" : true, ""private_prefix_length"" : 1, ""offnet_via_bcr_allowed"" : true, ""it_key"" : ""CD00KTM2A1"", ""customer_index_for_billing"" : null, ""hk_master"" : ""HOOKAH"", ""hk_redirect_percentage"" : 0, ""partition_right"" : ""BT"", ""state"" : ""OPENED""}"
10000254,10000254,"{""id"" : 10000254, ""vpn_code"" : ""10000254"", ""name"" : ""SOCOREX"", ""vpn_id_sip"" : ""10000254"", ""customer_reference"" : ""CD02TD40E8"", ""forced_onnet"" : false, ""private_prefix_length"" : 2, ""offnet_via_bcr_allowed"" : true, ""it_key"" : ""CD02TD40E8"", ""customer_index_for_billing"" : null, ""hk_master"" : ""HOOKAH"", ""hk_redirect_percentage"" : 0, ""partition_right"" : ""BTIP"", ""state"" : ""OPENED""}"
10000255,10000255,"{""id"" : 10000255, ""vpn_code"" : ""10000255"", ""name"" : ""LOGISQUE JUNG"", ""vpn_id_sip"" : ""10000255"", ""customer_reference"" : ""CD02T6UJBE"", ""forced_onnet"" : false, ""private_prefix_length"" : 2, ""offnet_via_bcr_allowed"" : true, ""it_key"" : ""CD02T6UJBE"", ""customer_index_for_billing"" : null, ""hk_master"" : ""HOOKAH"", ""hk_redirect_percentage"" : 0, ""partition_right"" : ""BTIP"", ""state"" : ""OPENED""}"
10000256,10000256,"{""id"" : 10000256, ""vpn_code"" : ""10000256"", ""name"" : ""BILLECART-SAL"", ""vpn_id_sip"" : ""10000256"", ""customer_reference"" : ""CD02UH8LBF"", ""forced_onnet"" : false, ""private_prefix_length"" : 1, ""offnet_via_bcr_allowed"" : true, ""it_key"" : ""CD02UH8LBF"", ""customer_index_for_billing"" : null, ""hk_master"" : ""HOOKAH"", ""hk_redirect_percentage"" : 0, ""partition_right"" : ""BTIP"", ""state"" : ""OPENED""}"
10000258,10000258,"{""id"" : 10000258, ""vpn_code"" : ""10000258"", ""name"" : ""HOPITAL STPOL (FREVENT)"", ""vpn_id_sip"" : ""10000258"", ""customer_reference"" : ""CD02TBN6FA"", ""forced_onnet"" : true, ""private_prefix_length"" : 2, ""offnet_via_bcr_allowed"" : true, ""it_key"" : ""CD02TBN6FA"", ""customer_index_for_billing"" : null, ""hk_master"" : ""HOOKAH"", ""hk_redirect_percentage"" : 0, ""partition_right"" : ""BTIP"", ""state"" : ""OPENED""}"
4514,4514,"{""id"" : 4514, ""vpn_code"" : ""4514"", ""name"" : ""Shanghai Ying Xin Technical"", ""vpn_id_sip"" : ""4514"", ""customer_reference"" : ""679664"", ""forced_onnet"" : false, ""private_prefix_length"" : 3, ""offnet_via_bcr_allowed"" : true, ""it_key"" : ""zzz4514"", ""customer_index_for_billing"" : null, ""hk_master"" : ""HOOKAH"", ""hk_redirect_percentage"" : 0, ""partition_right"" : ""BT"", ""state"" : ""OPENED""}"
5752,5752,"{""id"" : 5752, ""vpn_code"" : ""5752"", ""name"" : ""AVLO"", ""vpn_id_sip"" : ""5752"", ""customer_reference"" : ""36423"", ""forced_onnet"" : true, ""private_prefix_length"" : 2, ""offnet_via_bcr_allowed"" : true, ""it_key"" : ""CD029YH8A8"", ""customer_index_for_billing"" : null, ""hk_master"" : ""HOOKAH"", ""hk_redirect_percentage"" : 0, ""partition_right"" : ""BT"", ""state"" : ""OPENED""}"
10000263,10000263,"{""id"" : 10000263, ""vpn_code"" : ""10000263"", ""name"" : ""ETSSERGEANT"", ""vpn_id_sip"" : ""10000263"", ""customer_reference"" : ""CD02U4DWAF"", ""forced_onnet"" : false, ""private_prefix_length"" : 2, ""offnet_via_bcr_allowed"" : true, ""it_key"" : ""CD02U4DWAF"", ""customer_index_for_billing"" : null, ""hk_master"" : ""HOOKAH"", ""hk_redirect_percentage"" : 0, ""partition_right"" : ""BTIP"", ""state"" : ""OPENED""}"
4524,4524,"{""id"" : 4524, ""vpn_code"" : ""4524"", ""name"" : ""CODI France"", ""vpn_id_sip"" : ""4524"", ""customer_reference"" : ""670307"", ""forced_onnet"" : true, ""private_prefix_length"" : 3, ""offnet_via_bcr_allowed"" : true, ""it_key"" : ""zzz4524"", ""customer_index_for_billing"" : null, ""hk_master"" : ""HOOKAH"", ""hk_redirect_percentage"" : 0, ""partition_right"" : ""BT"", ""state"" : ""OPENED""}"
4127,4127,"{""id"" : 4127, ""vpn_code"" : ""4127"", ""name"" : ""Groupe Moise (Transpac)"", ""vpn_id_sip"" : ""4127"", ""customer_reference"" : ""675653"", ""forced_onnet"" : true, ""private_prefix_length"" : 3, ""offnet_via_bcr_allowed"" : true, ""it_key"" : ""CD00M118F5"", ""customer_index_for_billing"" : null, ""hk_master"" : ""HOOKAH"", ""hk_redirect_percentage"" : 0, ""partition_right"" : ""BT"", ""state"" : ""OPENED""}"
10000314,10000314,"{""id"" : 10000314, ""vpn_code"" : ""10000314"", ""name"" : ""ETI GROUP"", ""vpn_id_sip"" : ""10000314"", ""customer_reference"" : ""CD02Y0MUB6"", ""forced_onnet"" : false, ""private_prefix_length"" : 2, ""offnet_via_bcr_allowed"" : true, ""it_key"" : ""CD02Y0MUB6"", ""customer_index_for_billing"" : null, ""hk_master"" : ""HOOKAH"", ""hk_redirect_percentage"" : 0, ""partition_right"" : ""BTIP"", ""state"" : ""OPENED""}"
10000335,10000335,"{""id"" : 10000335, ""vpn_code"" : ""10000335"", ""name"" : ""Atlantic Trans Containers"", ""vpn_id_sip"" : ""10000335"", ""customer_reference"" : ""CD02Z2N2DE"", ""forced_onnet"" : false, ""private_prefix_length"" : 2, ""offnet_via_bcr_allowed"" : true, ""it_key"" : ""CD02Z2N2DE"", ""customer_index_for_billing"" : null, ""hk_master"" : ""HOOKAH"", ""hk_redirect_percentage"" : 0, ""partition_right"" : ""BTIP"", ""state"" : ""OPENED""}"
10000675,10000675,"{""id"" : 10000675, ""vpn_code"" : ""10000675"", ""name"" : ""SAMSE_TPC"", ""vpn_id_sip"" : ""10000675"", ""customer_reference"" : ""CD03TY3EC4"", ""forced_onnet"" : true, ""private_prefix_length"" : 3, ""offnet_via_bcr_allowed"" : true, ""it_key"" : ""CD03TY3EC4"", ""customer_index_for_billing"" : null, ""hk_master"" : ""HOOKAH"", ""hk_redirect_percentage"" : 0, ""partition_right"" : ""BTIP"", ""state"" : ""OPENED""}"
10000681,10000681,"{""id"" : 10000681, ""vpn_code"" : ""10000681"", ""name"" : ""BVPNCAL"", ""vpn_id_sip"" : ""10000681"", ""customer_reference"" : ""CD035A7H9F"", ""forced_onnet"" : false, ""private_prefix_length"" : 2, ""offnet_via_bcr_allowed"" : true, ""it_key"" : ""CD035A7H9F"", ""customer_index_for_billing"" : null, ""hk_master"" : ""HOOKAH"", ""hk_redirect_percentage"" : 0, ""partition_right"" : ""BTIP"", ""state"" : ""OPENED""}"
4525,4525,"{""id"" : 4525, ""vpn_code"" : ""4525"", ""name"" : ""VFS Global Services"", ""vpn_id_sip"" : ""4525"", ""customer_reference"" : ""675065"", ""forced_onnet"" : true, ""private_prefix_length"" : 3, ""offnet_via_bcr_allowed"" : true, ""it_key"" : ""zzz4525"", ""customer_index_for_billing"" : null, ""hk_master"" : ""HOOKAH"", ""hk_redirect_percentage"" : 0, ""partition_right"" : ""BT"", ""state"" : ""OPENED""}"
4807,4807,"{""id"" : 4807, ""vpn_code"" : ""4807"", ""name"" : ""Euro CRM"", ""vpn_id_sip"" : ""4807"", ""customer_reference"" : ""679446"", ""forced_onnet"" : true, ""private_prefix_length"" : 3, ""offnet_via_bcr_allowed"" : true, ""it_key"" : ""zzz4807"", ""customer_index_for_billing"" : null, ""hk_master"" : ""HOOKAH"", ""hk_redirect_percentage"" : 0, ""partition_right"" : ""BT"", ""state"" : ""OPENED""}"
10000336,10000336,"{""id"" : 10000336, ""vpn_code"" : ""10000336"", ""name"" : ""OVPCORP"", ""vpn_id_sip"" : ""10000336"", ""customer_reference"" : ""CD030RW987"", ""forced_onnet"" : true, ""private_prefix_length"" : 3, ""offnet_via_bcr_allowed"" : true, ""it_key"" : ""CD030RW987"", ""customer_index_for_billing"" : null, ""hk_master"" : ""HOOKAH"", ""hk_redirect_percentage"" : 0, ""partition_right"" : ""BTIP"", ""state"" : ""OPENED""}"
10000337,10000337,"{""id"" : 10000337, ""vpn_code"" : ""10000337"", ""name"" : ""MOREAU"", ""vpn_id_sip"" : ""10000337"", ""customer_reference"" : ""CD02WD3C9B"", ""forced_onnet"" : false, ""private_prefix_length"" : 2, ""offnet_via_bcr_allowed"" : true, ""it_key"" : ""CD02WD3C9B"", ""customer_index_for_billing"" : null, ""hk_master"" : ""HOOKAH"", ""hk_redirect_percentage"" : 0, ""partition_right"" : ""BTIP"", ""state"" : ""OPENED""}"
10000339,10000339,"{""id"" : 10000339, ""vpn_code"" : ""10000339"", ""name"" : ""AGROSYSTEMES"", ""vpn_id_sip"" : ""10000339"", ""customer_reference"" : ""CD02Y15DA2"", ""forced_onnet"" : true, ""private_prefix_length"" : 3, ""offnet_via_bcr_allowed"" : true, ""it_key"" : ""CD02Y15DA2"", ""customer_index_for_billing"" : null, ""hk_master"" : ""HOOKAH"", ""hk_redirect_percentage"" : 0, ""partition_right"" : ""BTIP"", ""state"" : ""OPENED""}"
10000338,10000338,"{""id"" : 10000338, ""vpn_code"" : ""10000338"", ""name"" : ""NORINCO"", ""vpn_id_sip"" : ""10000338"", ""customer_reference"" : ""CD0305QYB6"", ""forced_onnet"" : false, ""private_prefix_length"" : 2, ""offnet_via_bcr_allowed"" : true, ""it_key"" : ""CD0305QYB6"", ""customer_index_for_billing"" : null, ""hk_master"" : ""HOOKAH"", ""hk_redirect_percentage"" : 0, ""partition_right"" : ""BTIP"", ""state"" : ""OPENED""}"
10000340,10000340,"{""id"" : 10000340, ""vpn_code"" : ""10000340"", ""name"" : ""QUINETTEGALLAY"", ""vpn_id_sip"" : ""10000340"", ""customer_reference"" : ""CD02Z9H9EC"", ""forced_onnet"" : true, ""private_prefix_length"" : 2, ""offnet_via_bcr_allowed"" : true, ""it_key"" : ""CD02Z9H9EC"", ""customer_index_for_billing"" : null, ""hk_master"" : ""HOOKAH"", ""hk_redirect_percentage"" : 0, ""partition_right"" : ""BTIP"", ""state"" : ""OPENED""}"
3950,3950,"{""id"" : 3950, ""vpn_code"" : ""3950"", ""name"" : ""Ets lagarrigue"", ""vpn_id_sip"" : ""3950"", ""customer_reference"" : ""36423"", ""forced_onnet"" : true, ""private_prefix_length"" : 2, ""offnet_via_bcr_allowed"" : true, ""it_key"" : ""CD00H2VK8C"", ""customer_index_for_billing"" : null, ""hk_master"" : ""HOOKAH"", ""hk_redirect_percentage"" : 0, ""partition_right"" : ""BT"", ""state"" : ""OPENED""}"
10000343,10000343,"{""id"" : 10000343, ""vpn_code"" : ""10000343"", ""name"" : ""BTIPSIP_ESMC"", ""vpn_id_sip"" : ""10000343"", ""customer_reference"" : ""CD031F41F4"", ""forced_onnet"" : false, ""private_prefix_length"" : 2, ""offnet_via_bcr_allowed"" : true, ""it_key"" : ""CD031F41F4"", ""customer_index_for_billing"" : null, ""hk_master"" : ""HOOKAH"", ""hk_redirect_percentage"" : 0, ""partition_right"" : ""BTIP"", ""state"" : ""OPENED""}"
5120,5120,"{""id"" : 5120, ""vpn_code"" : ""5120"", ""name"" : ""MAYA Investissement SAS (Transpac)"", ""vpn_id_sip"" : ""5120"", ""customer_reference"" : ""662040"", ""forced_onnet"" : true, ""private_prefix_length"" : 2, ""offnet_via_bcr_allowed"" : true, ""it_key"" : ""CD00YBX6D2"", ""customer_index_for_billing"" : null, ""hk_master"" : ""HOOKAH"", ""hk_redirect_percentage"" : 0, ""partition_right"" : ""BT"", ""state"" : ""OPENED""}"
3137,3137,"{""id"" : 3137, ""vpn_code"" : ""3137"", ""name"" : ""IBERIA"", ""vpn_id_sip"" : ""3137"", ""customer_reference"" : ""12"", ""forced_onnet"" : false, ""private_prefix_length"" : 3, ""offnet_via_bcr_allowed"" : true, ""it_key"" : ""zzz3137"", ""customer_index_for_billing"" : ""3137"", ""hk_master"" : ""HOOKAH"", ""hk_redirect_percentage"" : 0, ""partition_right"" : ""BT"", ""state"" : ""OPENED""}"
3549,3549,"{""id"" : 3549, ""vpn_code"" : ""3549"", ""name"" : ""KODAK"", ""vpn_id_sip"" : ""3549"", ""customer_reference"" : ""14328"", ""forced_onnet"" : false, ""private_prefix_length"" : 3, ""offnet_via_bcr_allowed"" : true, ""it_key"" : ""zzz3549"", ""customer_index_for_billing"" : ""3549"", ""hk_master"" : ""HOOKAH"", ""hk_redirect_percentage"" : 0, ""partition_right"" : ""BT"", ""state"" : ""OPENED""}"
10000349,10000349,"{""id"" : 10000349, ""vpn_code"" : ""10000349"", ""name"" : ""ELIARDBVPN"", ""vpn_id_sip"" : ""10000349"", ""customer_reference"" : ""CD031KPEAD"", ""forced_onnet"" : false, ""private_prefix_length"" : 1, ""offnet_via_bcr_allowed"" : true, ""it_key"" : ""CD031KPEAD"", ""customer_index_for_billing"" : null, ""hk_master"" : ""HOOKAH"", ""hk_redirect_percentage"" : 0, ""partition_right"" : ""BTIP"", ""state"" : ""OPENED""}"
4258,4258,"{""id"" : 4258, ""vpn_code"" : ""4258"", ""name"" : ""H2J(Transpac)"", ""vpn_id_sip"" : ""4258"", ""customer_reference"" : ""53069"", ""forced_onnet"" : false, ""private_prefix_length"" : 1, ""offnet_via_bcr_allowed"" : true, ""it_key"" : ""CD00QWXSC9"", ""customer_index_for_billing"" : null, ""hk_master"" : ""HOOKAH"", ""hk_redirect_percentage"" : 0, ""partition_right"" : ""BT"", ""state"" : ""OPENED""}"
10000356,10000356,"{""id"" : 10000356, ""vpn_code"" : ""10000356"", ""name"" : ""ROSSMANN"", ""vpn_id_sip"" : ""10000356"", ""customer_reference"" : ""CD0330WCB2"", ""forced_onnet"" : true, ""private_prefix_length"" : 2, ""offnet_via_bcr_allowed"" : true, ""it_key"" : ""CD0330WCB2"", ""customer_index_for_billing"" : null, ""hk_master"" : ""HOOKAH"", ""hk_redirect_percentage"" : 0, ""partition_right"" : ""BTIP"", ""state"" : ""OPENED""}"
10000358,10000358,"{""id"" : 10000358, ""vpn_code"" : ""10000358"", ""name"" : ""CSE_1"", ""vpn_id_sip"" : ""10000358"", ""customer_reference"" : ""CD032SR088"", ""forced_onnet"" : false, ""private_prefix_length"" : 2, ""offnet_via_bcr_allowed"" : true, ""it_key"" : ""CD032SR088"", ""customer_index_for_billing"" : null, ""hk_master"" : ""HOOKAH"", ""hk_redirect_percentage"" : 0, ""partition_right"" : ""BTIP"", ""state"" : ""OPENED""}"
10000350,10000350,"{""id"" : 10000350, ""vpn_code"" : ""10000350"", ""name"" : ""ISELECTION"", ""vpn_id_sip"" : ""10000350"", ""customer_reference"" : ""CD031VGHEE"", ""forced_onnet"" : true, ""private_prefix_length"" : 2, ""offnet_via_bcr_allowed"" : true, ""it_key"" : ""CD031VGHEE"", ""customer_index_for_billing"" : null, ""hk_master"" : ""HOOKAH"", ""hk_redirect_percentage"" : 0, ""partition_right"" : ""BTIP"", ""state"" : ""OPENED""}"
10000354,10000354,"{""id"" : 10000354, ""vpn_code"" : ""10000354"", ""name"" : ""CLEN"", ""vpn_id_sip"" : ""10000354"", ""customer_reference"" : ""CD031DV4FE"", ""forced_onnet"" : true, ""private_prefix_length"" : 2, ""offnet_via_bcr_allowed"" : true, ""it_key"" : ""CD031DV4FE"", ""customer_index_for_billing"" : null, ""hk_master"" : ""HOOKAH"", ""hk_redirect_percentage"" : 0, ""partition_right"" : ""BTIP"", ""state"" : ""OPENED""}"
10000357,10000357,"{""id"" : 10000357, ""vpn_code"" : ""10000357"", ""name"" : ""CSE"", ""vpn_id_sip"" : ""10000357"", ""customer_reference"" : ""CD032SVKF3"", ""forced_onnet"" : false, ""private_prefix_length"" : 2, ""offnet_via_bcr_allowed"" : true, ""it_key"" : ""CD032SVKF3"", ""customer_index_for_billing"" : null, ""hk_master"" : ""HOOKAH"", ""hk_redirect_percentage"" : 0, ""partition_right"" : ""BTIP"", ""state"" : ""OPENED""}"
4527,4527,"{""id"" : 4527, ""vpn_code"" : ""4527"", ""name"" : ""Mercedes Benz France (Transpac)"", ""vpn_id_sip"" : ""4527"", ""customer_reference"" : ""679981"", ""forced_onnet"" : false, ""private_prefix_length"" : 3, ""offnet_via_bcr_allowed"" : true, ""it_key"" : ""zzz4527"", ""customer_index_for_billing"" : null, ""hk_master"" : ""HOOKAH"", ""hk_redirect_percentage"" : 0, ""partition_right"" : ""BT"", ""state"" : ""OPENED""}"
3613,3613,"{""id"" : 3613, ""vpn_code"" : ""3613"", ""name"" : ""AXA GIE"", ""vpn_id_sip"" : ""3613"", ""customer_reference"" : ""676782"", ""forced_onnet"" : false, ""private_prefix_length"" : 3, ""offnet_via_bcr_allowed"" : true, ""it_key"" : ""zzz3613"", ""customer_index_for_billing"" : ""3613"", ""hk_master"" : ""HOOKAH"", ""hk_redirect_percentage"" : 0, ""partition_right"" : ""BT"", ""state"" : ""OPENED""}"
4808,4808,"{""id"" : 4808, ""vpn_code"" : ""4808"", ""name"" : ""Microsoft - Corporate Network"", ""vpn_id_sip"" : ""4808"", ""customer_reference"" : ""680767"", ""forced_onnet"" : true, ""private_prefix_length"" : 3, ""offnet_via_bcr_allowed"" : true, ""it_key"" : ""zzz4808"", ""customer_index_for_billing"" : null, ""hk_master"" : ""HOOKAH"", ""hk_redirect_percentage"" : 0, ""partition_right"" : ""BT"", ""state"" : ""OPENED""}"
3453,3453,"{""id"" : 3453, ""vpn_code"" : ""3453"", ""name"" : ""Findis"", ""vpn_id_sip"" : ""3453"", ""customer_reference"" : ""673951"", ""forced_onnet"" : true, ""private_prefix_length"" : 2, ""offnet_via_bcr_allowed"" : true, ""it_key"" : ""CD00E6YT8B"", ""customer_index_for_billing"" : null, ""hk_master"" : ""HOOKAH"", ""hk_redirect_percentage"" : 0, ""partition_right"" : ""BT"", ""state"" : ""OPENED""}"
10000361,10000361,"{""id"" : 10000361, ""vpn_code"" : ""10000361"", ""name"" : ""GEM DISTRIBUTION"", ""vpn_id_sip"" : ""10000361"", ""customer_reference"" : ""CD0336BSB6"", ""forced_onnet"" : false, ""private_prefix_length"" : 1, ""offnet_via_bcr_allowed"" : true, ""it_key"" : ""CD0336BSB6"", ""customer_index_for_billing"" : null, ""hk_master"" : ""HOOKAH"", ""hk_redirect_percentage"" : 0, ""partition_right"" : ""BTIP"", ""state"" : ""OPENED""}"
10000346,10000346,"{""id"" : 10000346, ""vpn_code"" : ""10000346"", ""name"" : ""MCD"", ""vpn_id_sip"" : ""10000346"", ""customer_reference"" : ""CD032QHQE6"", ""forced_onnet"" : true, ""private_prefix_length"" : 3, ""offnet_via_bcr_allowed"" : true, ""it_key"" : ""CD032QHQE6"", ""customer_index_for_billing"" : null, ""hk_master"" : ""HOOKAH"", ""hk_redirect_percentage"" : 0, ""partition_right"" : ""BTIP"", ""state"" : ""OPENED""}"
10000364,10000364,"{""id"" : 10000364, ""vpn_code"" : ""10000364"", ""name"" : ""MONTA"", ""vpn_id_sip"" : ""10000364"", ""customer_reference"" : ""CD033AKD93"", ""forced_onnet"" : false, ""private_prefix_length"" : 5, ""offnet_via_bcr_allowed"" : true, ""it_key"" : ""CD033AKD93"", ""customer_index_for_billing"" : null, ""hk_master"" : ""HOOKAH"", ""hk_redirect_percentage"" : 0, ""partition_right"" : ""BTIP"", ""state"" : ""OPENED""}"
5302,5302,"{""id"" : 5302, ""vpn_code"" : ""5302"", ""name"" : ""JTEKT"", ""vpn_id_sip"" : ""5302"", ""customer_reference"" : ""36423"", ""forced_onnet"" : false, ""private_prefix_length"" : 2, ""offnet_via_bcr_allowed"" : true, ""it_key"" : ""CD01504K91"", ""customer_index_for_billing"" : null, ""hk_master"" : ""HOOKAH"", ""hk_redirect_percentage"" : 0, ""partition_right"" : ""BT"", ""state"" : ""OPENED""}"
10000363,10000363,"{""id"" : 10000363, ""vpn_code"" : ""10000363"", ""name"" : ""JADOT"", ""vpn_id_sip"" : ""10000363"", ""customer_reference"" : ""CD0339RY9E"", ""forced_onnet"" : false, ""private_prefix_length"" : 2, ""offnet_via_bcr_allowed"" : true, ""it_key"" : ""CD0339RY9E"", ""customer_index_for_billing"" : null, ""hk_master"" : ""HOOKAH"", ""hk_redirect_percentage"" : 0, ""partition_right"" : ""BTIP"", ""state"" : ""OPENED""}"
10000367,10000367,"{""id"" : 10000367, ""vpn_code"" : ""10000367"", ""name"" : ""FLORANOVA"", ""vpn_id_sip"" : ""10000367"", ""customer_reference"" : ""CD034D3U9F"", ""forced_onnet"" : false, ""private_prefix_length"" : 1, ""offnet_via_bcr_allowed"" : true, ""it_key"" : ""CD034D3U9F"", ""customer_index_for_billing"" : null, ""hk_master"" : ""HOOKAH"", ""hk_redirect_percentage"" : 0, ""partition_right"" : ""BTIP"", ""state"" : ""OPENED""}"
10000372,10000372,"{""id"" : 10000372, ""vpn_code"" : ""10000372"", ""name"" : ""OPHV"", ""vpn_id_sip"" : ""10000372"", ""customer_reference"" : ""CD031V0791"", ""forced_onnet"" : false, ""private_prefix_length"" : 2, ""offnet_via_bcr_allowed"" : true, ""it_key"" : ""CD031V0791"", ""customer_index_for_billing"" : null, ""hk_master"" : ""HOOKAH"", ""hk_redirect_percentage"" : 0, ""partition_right"" : ""BTIP"", ""state"" : ""OPENED""}"
5819,5819,"{""id"" : 5819, ""vpn_code"" : ""5819"", ""name"" : ""BAILLYBVPN"", ""vpn_id_sip"" : ""5819"", ""customer_reference"" : ""36423"", ""forced_onnet"" : false, ""private_prefix_length"" : 5, ""offnet_via_bcr_allowed"" : true, ""it_key"" : ""CD02L0PXB8"", ""customer_index_for_billing"" : null, ""hk_master"" : ""HOOKAH"", ""hk_redirect_percentage"" : 0, ""partition_right"" : ""BT"", ""state"" : ""OPENED""}"
10000371,10000371,"{""id"" : 10000371, ""vpn_code"" : ""10000371"", ""name"" : ""OPHLM66"", ""vpn_id_sip"" : ""10000371"", ""customer_reference"" : ""CD0347J3D0"", ""forced_onnet"" : false, ""private_prefix_length"" : 2, ""offnet_via_bcr_allowed"" : true, ""it_key"" : ""CD0347J3D0"", ""customer_index_for_billing"" : null, ""hk_master"" : ""HOOKAH"", ""hk_redirect_percentage"" : 0, ""partition_right"" : ""BTIP"", ""state"" : ""OPENED""}"
4004,4004,"{""id"" : 4004, ""vpn_code"" : ""4004"", ""name"" : ""CARCED PROMOCASH"", ""vpn_id_sip"" : ""4004"", ""customer_reference"" : ""675212"", ""forced_onnet"" : true, ""private_prefix_length"" : 2, ""offnet_via_bcr_allowed"" : true, ""it_key"" : ""CD00KR90B7"", ""customer_index_for_billing"" : null, ""hk_master"" : ""HOOKAH"", ""hk_redirect_percentage"" : 0, ""partition_right"" : ""BT"", ""state"" : ""OPENED""}"
5830,5830,"{""id"" : 5830, ""vpn_code"" : ""5830"", ""name"" : ""ADAPEI31"", ""vpn_id_sip"" : ""5830"", ""customer_reference"" : ""36423"", ""forced_onnet"" : true, ""private_prefix_length"" : 2, ""offnet_via_bcr_allowed"" : true, ""it_key"" : ""CD034VGKED"", ""customer_index_for_billing"" : null, ""hk_master"" : ""HOOKAH"", ""hk_redirect_percentage"" : 0, ""partition_right"" : ""BT"", ""state"" : ""OPENED""}"
3652,3652,"{""id"" : 3652, ""vpn_code"" : ""3652"", ""name"" : ""MICHELIN"", ""vpn_id_sip"" : ""3652"", ""customer_reference"" : ""676472"", ""forced_onnet"" : false, ""private_prefix_length"" : 3, ""offnet_via_bcr_allowed"" : true, ""it_key"" : ""zzz3652"", ""customer_index_for_billing"" : ""3652"", ""hk_master"" : ""HOOKAH"", ""hk_redirect_percentage"" : 0, ""partition_right"" : ""BT"", ""state"" : ""OPENED""}"
3421,3421,"{""id"" : 3421, ""vpn_code"" : ""3421"", ""name"" : ""Vieinvest SELP (Transpac)"", ""vpn_id_sip"" : ""3421"", ""customer_reference"" : ""673740"", ""forced_onnet"" : false, ""private_prefix_length"" : 2, ""offnet_via_bcr_allowed"" : true, ""it_key"" : ""CD00KV5BDE"", ""customer_index_for_billing"" : null, ""hk_master"" : ""HOOKAH"", ""hk_redirect_percentage"" : 0, ""partition_right"" : ""BT"", ""state"" : ""OPENED""}"
10000369,10000369,"{""id"" : 10000369, ""vpn_code"" : ""10000369"", ""name"" : ""ASAEL"", ""vpn_id_sip"" : ""10000369"", ""customer_reference"" : ""CD032VPWF1"", ""forced_onnet"" : true, ""private_prefix_length"" : 2, ""offnet_via_bcr_allowed"" : true, ""it_key"" : ""CD032VPWF1"", ""customer_index_for_billing"" : null, ""hk_master"" : ""HOOKAH"", ""hk_redirect_percentage"" : 0, ""partition_right"" : ""BTIP"", ""state"" : ""OPENED""}"
5827,5827,"{""id"" : 5827, ""vpn_code"" : ""5827"", ""name"" : ""CIBAMA (groupama loire bretagne)"", ""vpn_id_sip"" : ""5827"", ""customer_reference"" : ""36423"", ""forced_onnet"" : false, ""private_prefix_length"" : 4, ""offnet_via_bcr_allowed"" : true, ""it_key"" : ""CD033RGEFB"", ""customer_index_for_billing"" : null, ""hk_master"" : ""HOOKAH"", ""hk_redirect_percentage"" : 0, ""partition_right"" : ""BT"", ""state"" : ""OPENED""}"
10000375,10000375,"{""id"" : 10000375, ""vpn_code"" : ""10000375"", ""name"" : ""OPHLM 93"", ""vpn_id_sip"" : ""10000375"", ""customer_reference"" : ""CD0333BPAB"", ""forced_onnet"" : false, ""private_prefix_length"" : 3, ""offnet_via_bcr_allowed"" : true, ""it_key"" : ""CD0333BPAB"", ""customer_index_for_billing"" : null, ""hk_master"" : ""HOOKAH"", ""hk_redirect_percentage"" : 0, ""partition_right"" : ""BTIP"", ""state"" : ""OPENED""}"
3578,3578,"{""id"" : 3578, ""vpn_code"" : ""3578"", ""name"" : ""EXXONMOBIL"", ""vpn_id_sip"" : ""3578"", ""customer_reference"" : ""23651"", ""forced_onnet"" : false, ""private_prefix_length"" : 3, ""offnet_via_bcr_allowed"" : true, ""it_key"" : ""zzz3578"", ""customer_index_for_billing"" : ""3578"", ""hk_master"" : ""HOOKAH"", ""hk_redirect_percentage"" : 0, ""partition_right"" : ""BT"", ""state"" : ""OPENED""}"
4526,4526,"{""id"" : 4526, ""vpn_code"" : ""4526"", ""name"" : ""Vishay"", ""vpn_id_sip"" : ""4526"", ""customer_reference"" : ""678021"", ""forced_onnet"" : false, ""private_prefix_length"" : 3, ""offnet_via_bcr_allowed"" : false, ""it_key"" : ""zzz4526"", ""customer_index_for_billing"" : ""4526"", ""hk_master"" : ""HOOKAH"", ""hk_redirect_percentage"" : 0, ""partition_right"" : ""BT"", ""state"" : ""OPENED""}"
10000374,10000374,"{""id"" : 10000374, ""vpn_code"" : ""10000374"", ""name"" : ""CCIFINANCE"", ""vpn_id_sip"" : ""10000374"", ""customer_reference"" : ""CD0317SGA4"", ""forced_onnet"" : false, ""private_prefix_length"" : 2, ""offnet_via_bcr_allowed"" : true, ""it_key"" : ""CD0317SGA4"", ""customer_index_for_billing"" : null, ""hk_master"" : ""HOOKAH"", ""hk_redirect_percentage"" : 0, ""partition_right"" : ""BTIP"", ""state"" : ""OPENED""}"
10000379,10000379,"{""id"" : 10000379, ""vpn_code"" : ""10000379"", ""name"" : ""EQUANTGRAINDORGE"", ""vpn_id_sip"" : ""10000379"", ""customer_reference"" : ""CD0320JWA5"", ""forced_onnet"" : true, ""private_prefix_length"" : 2, ""offnet_via_bcr_allowed"" : true, ""it_key"" : ""CD0320JWA5"", ""customer_index_for_billing"" : null, ""hk_master"" : ""HOOKAH"", ""hk_redirect_percentage"" : 0, ""partition_right"" : ""BTIP"", ""state"" : ""OPENED""}"
4528,4528,"{""id"" : 4528, ""vpn_code"" : ""4528"", ""name"" : ""MYFOX"", ""vpn_id_sip"" : ""4528"", ""customer_reference"" : ""679966"", ""forced_onnet"" : true, ""private_prefix_length"" : 3, ""offnet_via_bcr_allowed"" : true, ""it_key"" : ""zzz4528"", ""customer_index_for_billing"" : null, ""hk_master"" : ""HOOKAH"", ""hk_redirect_percentage"" : 0, ""partition_right"" : ""BT"", ""state"" : ""OPENED""}"
10000359,10000359,"{""id"" : 10000359, ""vpn_code"" : ""10000359"", ""name"" : ""NORISKO"", ""vpn_id_sip"" : ""10000359"", ""customer_reference"" : ""CD0321PSA4"", ""forced_onnet"" : false, ""private_prefix_length"" : 4, ""offnet_via_bcr_allowed"" : true, ""it_key"" : ""CD0321PSA4"", ""customer_index_for_billing"" : null, ""hk_master"" : ""HOOKAH"", ""hk_redirect_percentage"" : 0, ""partition_right"" : ""BTIP"", ""state"" : ""OPENED""}"
4529,4529,"{""id"" : 4529, ""vpn_code"" : ""4529"", ""name"" : ""DiaSorin SpA"", ""vpn_id_sip"" : ""4529"", ""customer_reference"" : ""679232"", ""forced_onnet"" : true, ""private_prefix_length"" : 3, ""offnet_via_bcr_allowed"" : true, ""it_key"" : ""zzz4529"", ""customer_index_for_billing"" : null, ""hk_master"" : ""HOOKAH"", ""hk_redirect_percentage"" : 0, ""partition_right"" : ""BT"", ""state"" : ""OPENED""}"
3763,3763,"{""id"" : 3763, ""vpn_code"" : ""3763"", ""name"" : ""BECKMAN COULTER"", ""vpn_id_sip"" : ""3763"", ""customer_reference"" : ""24720"", ""forced_onnet"" : false, ""private_prefix_length"" : 3, ""offnet_via_bcr_allowed"" : true, ""it_key"" : ""zzz3763"", ""customer_index_for_billing"" : ""3763"", ""hk_master"" : ""HOOKAH"", ""hk_redirect_percentage"" : 0, ""partition_right"" : ""BT"", ""state"" : ""OPENED""}"
3600,3600,"{""id"" : 3600, ""vpn_code"" : ""3600"", ""name"" : ""ORACLE"", ""vpn_id_sip"" : ""3600"", ""customer_reference"" : ""27808"", ""forced_onnet"" : false, ""private_prefix_length"" : 3, ""offnet_via_bcr_allowed"" : true, ""it_key"" : ""zzz3600"", ""customer_index_for_billing"" : ""3600"", ""hk_master"" : ""HOOKAH"", ""hk_redirect_percentage"" : 0, ""partition_right"" : ""BT"", ""state"" : ""OPENED""}"
10000376,10000376,"{""id"" : 10000376, ""vpn_code"" : ""10000376"", ""name"" : ""KANARMOR"", ""vpn_id_sip"" : ""10000376"", ""customer_reference"" : ""CD03335BB9"", ""forced_onnet"" : true, ""private_prefix_length"" : 2, ""offnet_via_bcr_allowed"" : true, ""it_key"" : ""CD03335BB9"", ""customer_index_for_billing"" : null, ""hk_master"" : ""HOOKAH"", ""hk_redirect_percentage"" : 0, ""partition_right"" : ""BTIP"", ""state"" : ""OPENED""}"
10000387,10000387,"{""id"" : 10000387, ""vpn_code"" : ""10000387"", ""name"" : ""EXPANDIS"", ""vpn_id_sip"" : ""10000387"", ""customer_reference"" : ""CD0340XDB6"", ""forced_onnet"" : false, ""private_prefix_length"" : 2, ""offnet_via_bcr_allowed"" : true, ""it_key"" : ""CD0340XDB6"", ""customer_index_for_billing"" : null, ""hk_master"" : ""HOOKAH"", ""hk_redirect_percentage"" : 0, ""partition_right"" : ""BTIP"", ""state"" : ""OPENED""}"
10000061,10000061,"{""id"" : 10000061, ""vpn_code"" : ""10000061"", ""name"" : ""GIRPEH"", ""vpn_id_sip"" : ""10000061"", ""customer_reference"" : ""CD033NVTA1"", ""forced_onnet"" : false, ""private_prefix_length"" : 2, ""offnet_via_bcr_allowed"" : true, ""it_key"" : ""CD033NVTA1"", ""customer_index_for_billing"" : null, ""hk_master"" : ""HOOKAH"", ""hk_redirect_percentage"" : 0, ""partition_right"" : ""BTIP"", ""state"" : ""OPENED""}"
4522,4522,"{""id"" : 4522, ""vpn_code"" : ""4522"", ""name"" : ""Aircom eGTA"", ""vpn_id_sip"" : ""4522"", ""customer_reference"" : ""676"", ""forced_onnet"" : true, ""private_prefix_length"" : 4, ""offnet_via_bcr_allowed"" : true, ""it_key"" : ""zzz4522"", ""customer_index_for_billing"" : null, ""hk_master"" : ""HOOKAH"", ""hk_redirect_percentage"" : 0, ""partition_right"" : ""BT"", ""state"" : ""OPENED""}"
5064,5064,"{""id"" : 5064, ""vpn_code"" : ""5064"", ""name"" : ""LA SCALA AUTOMOBILES (Transpac)"", ""vpn_id_sip"" : ""5064"", ""customer_reference"" : ""676635"", ""forced_onnet"" : true, ""private_prefix_length"" : 2, ""offnet_via_bcr_allowed"" : true, ""it_key"" : ""CD00VUVYCF"", ""customer_index_for_billing"" : null, ""hk_master"" : ""HOOKAH"", ""hk_redirect_percentage"" : 0, ""partition_right"" : ""BT"", ""state"" : ""OPENED""}"
10000377,10000377,"{""id"" : 10000377, ""vpn_code"" : ""10000377"", ""name"" : ""AVVENS"", ""vpn_id_sip"" : ""10000377"", ""customer_reference"" : ""CD0339C0F7"", ""forced_onnet"" : false, ""private_prefix_length"" : 2, ""offnet_via_bcr_allowed"" : true, ""it_key"" : ""CD0339C0F7"", ""customer_index_for_billing"" : null, ""hk_master"" : ""HOOKAH"", ""hk_redirect_percentage"" : 0, ""partition_right"" : ""BTIP"", ""state"" : ""OPENED""}"
3497,3497,"{""id"" : 3497, ""vpn_code"" : ""3497"", ""name"" : ""Barrat Automobiles (Transpac)"", ""vpn_id_sip"" : ""3497"", ""customer_reference"" : ""674372"", ""forced_onnet"" : true, ""private_prefix_length"" : 2, ""offnet_via_bcr_allowed"" : true, ""it_key"" : ""CD00F18X96"", ""customer_index_for_billing"" : null, ""hk_master"" : ""HOOKAH"", ""hk_redirect_percentage"" : 0, ""partition_right"" : ""BT"", ""state"" : ""OPENED""}"
3861,3861,"{""id"" : 3861, ""vpn_code"" : ""3861"", ""name"" : ""Phillip Morris Management Co(Altria) - PMI"", ""vpn_id_sip"" : ""3861"", ""customer_reference"" : ""30075"", ""forced_onnet"" : true, ""private_prefix_length"" : 3, ""offnet_via_bcr_allowed"" : true, ""it_key"" : ""zzz3861"", ""customer_index_for_billing"" : ""3861"", ""hk_master"" : ""HOOKAH"", ""hk_redirect_percentage"" : 0, ""partition_right"" : ""BT"", ""state"" : ""OPENED""}"
10000397,10000397,"{""id"" : 10000397, ""vpn_code"" : ""10000397"", ""name"" : ""EMMANUEL MAURIN"", ""vpn_id_sip"" : ""10000397"", ""customer_reference"" : ""CD03522MB3"", ""forced_onnet"" : false, ""private_prefix_length"" : 2, ""offnet_via_bcr_allowed"" : true, ""it_key"" : ""CD03522MB3"", ""customer_index_for_billing"" : null, ""hk_master"" : ""HOOKAH"", ""hk_redirect_percentage"" : 0, ""partition_right"" : ""BTIP"", ""state"" : ""OPENED""}"
10000389,10000389,"{""id"" : 10000389, ""vpn_code"" : ""10000389"", ""name"" : ""CAPMBVPN"", ""vpn_id_sip"" : ""10000389"", ""customer_reference"" : ""CD034NABB4"", ""forced_onnet"" : false, ""private_prefix_length"" : 2, ""offnet_via_bcr_allowed"" : true, ""it_key"" : ""CD034NABB4"", ""customer_index_for_billing"" : null, ""hk_master"" : ""HOOKAH"", ""hk_redirect_percentage"" : 0, ""partition_right"" : ""BTIP"", ""state"" : ""OPENED""}"
3571,3571,"{""id"" : 3571, ""vpn_code"" : ""3571"", ""name"" : ""GE ENERGY"", ""vpn_id_sip"" : ""3571"", ""customer_reference"" : ""676369"", ""forced_onnet"" : false, ""private_prefix_length"" : 3, ""offnet_via_bcr_allowed"" : true, ""it_key"" : ""zzz3571"", ""customer_index_for_billing"" : ""3571"", ""hk_master"" : ""HOOKAH"", ""hk_redirect_percentage"" : 0, ""partition_right"" : ""BT"", ""state"" : ""OPENED""}"
3419,3419,"{""id"" : 3419, ""vpn_code"" : ""3419"", ""name"" : ""British American Tabacco (BAT)"", ""vpn_id_sip"" : ""4809"", ""customer_reference"" : ""1859"", ""forced_onnet"" : false, ""private_prefix_length"" : 3, ""offnet_via_bcr_allowed"" : true, ""it_key"" : ""zzz3419"", ""customer_index_for_billing"" : null, ""hk_master"" : ""HOOKAH"", ""hk_redirect_percentage"" : 0, ""partition_right"" : ""BT"", ""state"" : ""OPENED""}"
10000384,10000384,"{""id"" : 10000384, ""vpn_code"" : ""10000384"", ""name"" : ""XLABS"", ""vpn_id_sip"" : ""10000384"", ""customer_reference"" : ""CD0320SWA5"", ""forced_onnet"" : false, ""private_prefix_length"" : 2, ""offnet_via_bcr_allowed"" : true, ""it_key"" : ""CD0320SWA5"", ""customer_index_for_billing"" : null, ""hk_master"" : ""HOOKAH"", ""hk_redirect_percentage"" : 0, ""partition_right"" : ""BTIP"", ""state"" : ""OPENED""}"
3397,3397,"{""id"" : 3397, ""vpn_code"" : ""3397"", ""name"" : ""UAPL (Transpac)"", ""vpn_id_sip"" : ""3397"", ""customer_reference"" : ""53689"", ""forced_onnet"" : true, ""private_prefix_length"" : 2, ""offnet_via_bcr_allowed"" : true, ""it_key"" : ""CD00E2FJ8E"", ""customer_index_for_billing"" : null, ""hk_master"" : ""HOOKAH"", ""hk_redirect_percentage"" : 0, ""partition_right"" : ""BT"", ""state"" : ""OPENED""}"
10000380,10000380,"{""id"" : 10000380, ""vpn_code"" : ""10000380"", ""name"" : ""CUNIN"", ""vpn_id_sip"" : ""10000380"", ""customer_reference"" : ""CD032NMAB7"", ""forced_onnet"" : true, ""private_prefix_length"" : 2, ""offnet_via_bcr_allowed"" : true, ""it_key"" : ""CD032NMAB7"", ""customer_index_for_billing"" : null, ""hk_master"" : ""HOOKAH"", ""hk_redirect_percentage"" : 0, ""partition_right"" : ""BTIP"", ""state"" : ""OPENED""}"
10000393,10000393,"{""id"" : 10000393, ""vpn_code"" : ""10000393"", ""name"" : ""AGESCO35"", ""vpn_id_sip"" : ""10000393"", ""customer_reference"" : ""CD036FGS95"", ""forced_onnet"" : false, ""private_prefix_length"" : 2, ""offnet_via_bcr_allowed"" : true, ""it_key"" : ""CD036FGS95"", ""customer_index_for_billing"" : null, ""hk_master"" : ""HOOKAH"", ""hk_redirect_percentage"" : 0, ""partition_right"" : ""BTIP"", ""state"" : ""OPENED""}"
4530,4530,"{""id"" : 4530, ""vpn_code"" : ""4530"", ""name"" : ""KORBEN"", ""vpn_id_sip"" : ""4530"", ""customer_reference"" : ""680084"", ""forced_onnet"" : true, ""private_prefix_length"" : 3, ""offnet_via_bcr_allowed"" : true, ""it_key"" : ""zzz4530"", ""customer_index_for_billing"" : ""4530"", ""hk_master"" : ""HOOKAH"", ""hk_redirect_percentage"" : 0, ""partition_right"" : ""BT"", ""state"" : ""OPENED""}"
3527,3527,"{""id"" : 3527, ""vpn_code"" : ""3527"", ""name"" : ""ISP"", ""vpn_id_sip"" : ""3527"", ""customer_reference"" : ""7745"", ""forced_onnet"" : false, ""private_prefix_length"" : 3, ""offnet_via_bcr_allowed"" : true, ""it_key"" : ""zzz3527"", ""customer_index_for_billing"" : ""3527"", ""hk_master"" : ""HOOKAH"", ""hk_redirect_percentage"" : 0, ""partition_right"" : ""BT"", ""state"" : ""OPENED""}"
10000399,10000399,"{""id"" : 10000399, ""vpn_code"" : ""10000399"", ""name"" : ""BAFFET"", ""vpn_id_sip"" : ""10000399"", ""customer_reference"" : ""CD034X2XD9"", ""forced_onnet"" : false, ""private_prefix_length"" : 2, ""offnet_via_bcr_allowed"" : true, ""it_key"" : ""CD034X2XD9"", ""customer_index_for_billing"" : null, ""hk_master"" : ""HOOKAH"", ""hk_redirect_percentage"" : 0, ""partition_right"" : ""BTIP"", ""state"" : ""OPENED""}"
10000523,10000523,"{""id"" : 10000523, ""vpn_code"" : ""10000523"", ""name"" : ""LEBRUN"", ""vpn_id_sip"" : ""10000523"", ""customer_reference"" : ""CD038DQU9F"", ""forced_onnet"" : false, ""private_prefix_length"" : 1, ""offnet_via_bcr_allowed"" : true, ""it_key"" : ""CD038DQU9F"", ""customer_index_for_billing"" : null, ""hk_master"" : ""HOOKAH"", ""hk_redirect_percentage"" : 0, ""partition_right"" : ""BTIP"", ""state"" : ""OPENED""}"
3628,3628,"{""id"" : 3628, ""vpn_code"" : ""3628"", ""name"" : ""TCT MOBILE EUROPE SAS (former T&A / ALCATEL)"", ""vpn_id_sip"" : ""3628"", ""customer_reference"" : ""676423"", ""forced_onnet"" : false, ""private_prefix_length"" : 3, ""offnet_via_bcr_allowed"" : true, ""it_key"" : ""zzz3628"", ""customer_index_for_billing"" : ""3628"", ""hk_master"" : ""HOOKAH"", ""hk_redirect_percentage"" : 0, ""partition_right"" : ""BT"", ""state"" : ""OPENED""}"
5007,5007,"{""id"" : 5007, ""vpn_code"" : ""5007"", ""name"" : ""RAPIDO (Transpac)"", ""vpn_id_sip"" : ""5007"", ""customer_reference"" : ""671867"", ""forced_onnet"" : true, ""private_prefix_length"" : 1, ""offnet_via_bcr_allowed"" : true, ""it_key"" : ""CD00RVSJD5"", ""customer_index_for_billing"" : null, ""hk_master"" : ""HOOKAH"", ""hk_redirect_percentage"" : 0, ""partition_right"" : ""BT"", ""state"" : ""OPENED""}"
4549,4549,"{""id"" : 4549, ""vpn_code"" : ""4549"", ""name"" : ""Pages Jaunes Marketing Services"", ""vpn_id_sip"" : ""4549"", ""customer_reference"" : ""680318"", ""forced_onnet"" : true, ""private_prefix_length"" : 3, ""offnet_via_bcr_allowed"" : true, ""it_key"" : ""zzz4549"", ""customer_index_for_billing"" : null, ""hk_master"" : ""HOOKAH"", ""hk_redirect_percentage"" : 0, ""partition_right"" : ""BT"", ""state"" : ""OPENED""}"
5796,5796,"{""id"" : 5796, ""vpn_code"" : ""5796"", ""name"" : ""ACS001"", ""vpn_id_sip"" : ""5796"", ""customer_reference"" : ""36423"", ""forced_onnet"" : false, ""private_prefix_length"" : 2, ""offnet_via_bcr_allowed"" : true, ""it_key"" : ""CD029ZFCD9"", ""customer_index_for_billing"" : null, ""hk_master"" : ""HOOKAH"", ""hk_redirect_percentage"" : 0, ""partition_right"" : ""BT"", ""state"" : ""OPENED""}"
10000471,10000471,"{""id"" : 10000471, ""vpn_code"" : ""10000471"", ""name"" : ""DUSSAUZE"", ""vpn_id_sip"" : ""10000471"", ""customer_reference"" : ""CD03CPCXEF"", ""forced_onnet"" : false, ""private_prefix_length"" : 2, ""offnet_via_bcr_allowed"" : true, ""it_key"" : ""CD03CPCXEF"", ""customer_index_for_billing"" : null, ""hk_master"" : ""HOOKAH"", ""hk_redirect_percentage"" : 0, ""partition_right"" : ""BTIP"", ""state"" : ""OPENED""}"
4115,4115,"{""id"" : 4115, ""vpn_code"" : ""4115"", ""name"" : ""Mutualite francaise de haute saone (Transpac)"", ""vpn_id_sip"" : ""4115"", ""customer_reference"" : ""675658"", ""forced_onnet"" : true, ""private_prefix_length"" : 2, ""offnet_via_bcr_allowed"" : true, ""it_key"" : ""CD00LV0JD5"", ""customer_index_for_billing"" : null, ""hk_master"" : ""HOOKAH"", ""hk_redirect_percentage"" : 0, ""partition_right"" : ""BT"", ""state"" : ""OPENED""}"
10000480,10000480,"{""id"" : 10000480, ""vpn_code"" : ""10000480"", ""name"" : ""AMETEK"", ""vpn_id_sip"" : ""10000480"", ""customer_reference"" : ""CD03DH52D6"", ""forced_onnet"" : false, ""private_prefix_length"" : 2, ""offnet_via_bcr_allowed"" : true, ""it_key"" : ""CD03DH52D6"", ""customer_index_for_billing"" : null, ""hk_master"" : ""HOOKAH"", ""hk_redirect_percentage"" : 0, ""partition_right"" : ""BTIP"", ""state"" : ""OPENED""}"
10000508,10000508,"{""id"" : 10000508, ""vpn_code"" : ""10000508"", ""name"" : ""ACM BTIP (OPAC34)"", ""vpn_id_sip"" : ""10000508"", ""customer_reference"" : ""CD03DE97FE"", ""forced_onnet"" : true, ""private_prefix_length"" : 3, ""offnet_via_bcr_allowed"" : true, ""it_key"" : ""CD03DE97FE"", ""customer_index_for_billing"" : null, ""hk_master"" : ""HOOKAH"", ""hk_redirect_percentage"" : 0, ""partition_right"" : ""BTIP"", ""state"" : ""OPENED""}"
3791,3791,"{""id"" : 3791, ""vpn_code"" : ""3791"", ""name"" : ""THOMSON MULTIME"", ""vpn_id_sip"" : ""3791"", ""customer_reference"" : ""18076"", ""forced_onnet"" : false, ""private_prefix_length"" : 3, ""offnet_via_bcr_allowed"" : true, ""it_key"" : ""zzz3791"", ""customer_index_for_billing"" : ""3791"", ""hk_master"" : ""HOOKAH"", ""hk_redirect_percentage"" : 0, ""partition_right"" : ""BT"", ""state"" : ""OPENED""}"
10000527,10000527,"{""id"" : 10000527, ""vpn_code"" : ""10000527"", ""name"" : ""BTIPGHH"", ""vpn_id_sip"" : ""10000527"", ""customer_reference"" : ""CD03GG90F6"", ""forced_onnet"" : false, ""private_prefix_length"" : 2, ""offnet_via_bcr_allowed"" : true, ""it_key"" : ""CD03GG90F6"", ""customer_index_for_billing"" : null, ""hk_master"" : ""HOOKAH"", ""hk_redirect_percentage"" : 0, ""partition_right"" : ""BTIP"", ""state"" : ""OPENED""}"
10000425,10000425,"{""id"" : 10000425, ""vpn_code"" : ""10000425"", ""name"" : ""CA86IMMO"", ""vpn_id_sip"" : ""10000425"", ""customer_reference"" : ""CD036TDKE1"", ""forced_onnet"" : false, ""private_prefix_length"" : 2, ""offnet_via_bcr_allowed"" : true, ""it_key"" : ""CD036TDKE1"", ""customer_index_for_billing"" : null, ""hk_master"" : ""HOOKAH"", ""hk_redirect_percentage"" : 0, ""partition_right"" : ""BTIP"", ""state"" : ""OPENED""}"
10000472,10000472,"{""id"" : 10000472, ""vpn_code"" : ""10000472"", ""name"" : ""FIMCO"", ""vpn_id_sip"" : ""10000472"", ""customer_reference"" : ""CD0379ZX9C"", ""forced_onnet"" : false, ""private_prefix_length"" : 2, ""offnet_via_bcr_allowed"" : true, ""it_key"" : ""CD0379ZX9C"", ""customer_index_for_billing"" : null, ""hk_master"" : ""HOOKAH"", ""hk_redirect_percentage"" : 0, ""partition_right"" : ""BTIP"", ""state"" : ""OPENED""}"
4057,4057,"{""id"" : 4057, ""vpn_code"" : ""4057"", ""name"" : ""SALENTEY (Transpac)"", ""vpn_id_sip"" : ""4057"", ""customer_reference"" : ""48599"", ""forced_onnet"" : false, ""private_prefix_length"" : 2, ""offnet_via_bcr_allowed"" : true, ""it_key"" : ""CD00LSCJCB"", ""customer_index_for_billing"" : null, ""hk_master"" : ""HOOKAH"", ""hk_redirect_percentage"" : 0, ""partition_right"" : ""BT"", ""state"" : ""OPENED""}"
10000534,10000534,"{""id"" : 10000534, ""vpn_code"" : ""10000534"", ""name"" : ""TMP"", ""vpn_id_sip"" : ""10000534"", ""customer_reference"" : ""CD03DERG8E"", ""forced_onnet"" : false, ""private_prefix_length"" : 2, ""offnet_via_bcr_allowed"" : true, ""it_key"" : ""CD03DERG8E"", ""customer_index_for_billing"" : null, ""hk_master"" : ""HOOKAH"", ""hk_redirect_percentage"" : 0, ""partition_right"" : ""BTIP"", ""state"" : ""OPENED""}"
10000531,10000531,"{""id"" : 10000531, ""vpn_code"" : ""10000531"", ""name"" : ""CSWHOLDING"", ""vpn_id_sip"" : ""10000531"", ""customer_reference"" : ""CD03CQYYEB"", ""forced_onnet"" : false, ""private_prefix_length"" : 2, ""offnet_via_bcr_allowed"" : true, ""it_key"" : ""CD03CQYYEB"", ""customer_index_for_billing"" : null, ""hk_master"" : ""HOOKAH"", ""hk_redirect_percentage"" : 0, ""partition_right"" : ""BTIP"", ""state"" : ""OPENED""}"
5840,5840,"{""id"" : 5840, ""vpn_code"" : ""5840"", ""name"" : ""CHANTELGRP_TPC"", ""vpn_id_sip"" : ""5840"", ""customer_reference"" : ""36423"", ""forced_onnet"" : true, ""private_prefix_length"" : 5, ""offnet_via_bcr_allowed"" : true, ""it_key"" : ""CD03FZLACA"", ""customer_index_for_billing"" : null, ""hk_master"" : ""HOOKAH"", ""hk_redirect_percentage"" : 0, ""partition_right"" : ""BT"", ""state"" : ""OPENED""}"
4550,4550,"{""id"" : 4550, ""vpn_code"" : ""4550"", ""name"" : ""Samsung SDS"", ""vpn_id_sip"" : ""4550"", ""customer_reference"" : ""680406"", ""forced_onnet"" : true, ""private_prefix_length"" : 3, ""offnet_via_bcr_allowed"" : true, ""it_key"" : ""zzz4550"", ""customer_index_for_billing"" : null, ""hk_master"" : ""HOOKAH"", ""hk_redirect_percentage"" : 0, ""partition_right"" : ""BT"", ""state"" : ""OPENED""}"
4520,4520,"{""id"" : 4520, ""vpn_code"" : ""4520"", ""name"" : ""DEMONET"", ""vpn_id_sip"" : ""4520"", ""customer_reference"" : ""35712"", ""forced_onnet"" : true, ""private_prefix_length"" : 4, ""offnet_via_bcr_allowed"" : true, ""it_key"" : ""zzz4520"", ""customer_index_for_billing"" : null, ""hk_master"" : ""HOOKAH"", ""hk_redirect_percentage"" : 0, ""partition_right"" : ""BT"", ""state"" : ""OPENED""}"
10000487,10000487,"{""id"" : 10000487, ""vpn_code"" : ""10000487"", ""name"" : ""GERAFLOR"", ""vpn_id_sip"" : ""10000487"", ""customer_reference"" : ""CD03DNFZAA"", ""forced_onnet"" : false, ""private_prefix_length"" : 1, ""offnet_via_bcr_allowed"" : true, ""it_key"" : ""CD03DNFZAA"", ""customer_index_for_billing"" : null, ""hk_master"" : ""HOOKAH"", ""hk_redirect_percentage"" : 0, ""partition_right"" : ""BTIP"", ""state"" : ""OPENED""}"
10000540,10000540,"{""id"" : 10000540, ""vpn_code"" : ""10000540"", ""name"" : ""CACF IMMOBILIER"", ""vpn_id_sip"" : ""10000540"", ""customer_reference"" : ""CD03K1GAB0"", ""forced_onnet"" : false, ""private_prefix_length"" : 2, ""offnet_via_bcr_allowed"" : true, ""it_key"" : ""CD03K1GAB0"", ""customer_index_for_billing"" : null, ""hk_master"" : ""HOOKAH"", ""hk_redirect_percentage"" : 0, ""partition_right"" : ""BTIP"", ""state"" : ""OPENED""}"
10000483,10000483,"{""id"" : 10000483, ""vpn_code"" : ""10000483"", ""name"" : ""SIMON"", ""vpn_id_sip"" : ""10000483"", ""customer_reference"" : ""CD03DLWTAB"", ""forced_onnet"" : false, ""private_prefix_length"" : 3, ""offnet_via_bcr_allowed"" : true, ""it_key"" : ""CD03DLWTAB"", ""customer_index_for_billing"" : null, ""hk_master"" : ""HOOKAH"", ""hk_redirect_percentage"" : 0, ""partition_right"" : ""BTIP"", ""state"" : ""OPENED""}"
10000519,10000519,"{""id"" : 10000519, ""vpn_code"" : ""10000519"", ""name"" : ""OBD HOLDING"", ""vpn_id_sip"" : ""10000519"", ""customer_reference"" : ""CD03DM1QAB"", ""forced_onnet"" : false, ""private_prefix_length"" : 2, ""offnet_via_bcr_allowed"" : true, ""it_key"" : ""CD03DM1QAB"", ""customer_index_for_billing"" : null, ""hk_master"" : ""HOOKAH"", ""hk_redirect_percentage"" : 0, ""partition_right"" : ""BTIP"", ""state"" : ""OPENED""}"
10000517,10000517,"{""id"" : 10000517, ""vpn_code"" : ""10000517"", ""name"" : ""EUROPCARBRETAGNE"", ""vpn_id_sip"" : ""10000517"", ""customer_reference"" : ""CD03GB9E9D"", ""forced_onnet"" : false, ""private_prefix_length"" : 2, ""offnet_via_bcr_allowed"" : true, ""it_key"" : ""CD03GB9E9D"", ""customer_index_for_billing"" : null, ""hk_master"" : ""HOOKAH"", ""hk_redirect_percentage"" : 0, ""partition_right"" : ""BTIP"", ""state"" : ""OPENED""}"
10000530,10000530,"{""id"" : 10000530, ""vpn_code"" : ""10000530"", ""name"" : ""CG 85"", ""vpn_id_sip"" : ""10000530"", ""customer_reference"" : ""CD03DQJXE9"", ""forced_onnet"" : true, ""private_prefix_length"" : 3, ""offnet_via_bcr_allowed"" : true, ""it_key"" : ""CD03DQJXE9"", ""customer_index_for_billing"" : null, ""hk_master"" : ""HOOKAH"", ""hk_redirect_percentage"" : 0, ""partition_right"" : ""BTIP"", ""state"" : ""OPENED""}"
4314,4314,"{""id"" : 4314, ""vpn_code"" : ""4314"", ""name"" : ""ADS (Transpac)"", ""vpn_id_sip"" : ""4314"", ""customer_reference"" : ""676272"", ""forced_onnet"" : true, ""private_prefix_length"" : 2, ""offnet_via_bcr_allowed"" : true, ""it_key"" : ""CD00TB18DF"", ""customer_index_for_billing"" : null, ""hk_master"" : ""HOOKAH"", ""hk_redirect_percentage"" : 0, ""partition_right"" : ""BT"", ""state"" : ""OPENED""}"
10000543,10000543,"{""id"" : 10000543, ""vpn_code"" : ""10000543"", ""name"" : ""GRANDVILLOI"", ""vpn_id_sip"" : ""10000543"", ""customer_reference"" : ""CD03D2P4CF"", ""forced_onnet"" : false, ""private_prefix_length"" : 1, ""offnet_via_bcr_allowed"" : true, ""it_key"" : ""CD03D2P4CF"", ""customer_index_for_billing"" : null, ""hk_master"" : ""HOOKAH"", ""hk_redirect_percentage"" : 0, ""partition_right"" : ""BTIP"", ""state"" : ""OPENED""}"
10000549,10000549,"{""id"" : 10000549, ""vpn_code"" : ""10000549"", ""name"" : ""MADRIAS"", ""vpn_id_sip"" : ""10000549"", ""customer_reference"" : ""CD03G5HNA4"", ""forced_onnet"" : true, ""private_prefix_length"" : 2, ""offnet_via_bcr_allowed"" : true, ""it_key"" : ""CD03G5HNA4"", ""customer_index_for_billing"" : null, ""hk_master"" : ""HOOKAH"", ""hk_redirect_percentage"" : 0, ""partition_right"" : ""BTIP"", ""state"" : ""OPENED""}"
10000779,10000779,"{""id"" : 10000779, ""vpn_code"" : ""10000779"", ""name"" : ""LAFON"", ""vpn_id_sip"" : ""10000779"", ""customer_reference"" : ""CD03VPYSE7"", ""forced_onnet"" : false, ""private_prefix_length"" : 2, ""offnet_via_bcr_allowed"" : true, ""it_key"" : ""CD03VPYSE7"", ""customer_index_for_billing"" : null, ""hk_master"" : ""HOOKAH"", ""hk_redirect_percentage"" : 0, ""partition_right"" : ""BTIP"", ""state"" : ""OPENED""}"
10000561,10000561,"{""id"" : 10000561, ""vpn_code"" : ""10000561"", ""name"" : ""SIMT2"", ""vpn_id_sip"" : ""10000561"", ""customer_reference"" : ""CD03GNDFB6"", ""forced_onnet"" : false, ""private_prefix_length"" : 2, ""offnet_via_bcr_allowed"" : true, ""it_key"" : ""CD03GNDFB6"", ""customer_index_for_billing"" : null, ""hk_master"" : ""HOOKAH"", ""hk_redirect_percentage"" : 0, ""partition_right"" : ""BTIP"", ""state"" : ""OPENED""}"
4551,4551,"{""id"" : 4551, ""vpn_code"" : ""4551"", ""name"" : ""SNCF - C6"", ""vpn_id_sip"" : ""4551"", ""customer_reference"" : ""680429"", ""forced_onnet"" : true, ""private_prefix_length"" : 3, ""offnet_via_bcr_allowed"" : true, ""it_key"" : ""zzz4551"", ""customer_index_for_billing"" : null, ""hk_master"" : ""HOOKAH"", ""hk_redirect_percentage"" : 0, ""partition_right"" : ""BT"", ""state"" : ""OPENED""}"
4813,4813,"{""id"" : 4813, ""vpn_code"" : ""4813"", ""name"" : ""Brunel International NV"", ""vpn_id_sip"" : ""4813"", ""customer_reference"" : ""679796"", ""forced_onnet"" : false, ""private_prefix_length"" : 3, ""offnet_via_bcr_allowed"" : true, ""it_key"" : ""zzz4813"", ""customer_index_for_billing"" : null, ""hk_master"" : ""HOOKAH"", ""hk_redirect_percentage"" : 0, ""partition_right"" : ""BT"", ""state"" : ""OPENED""}"
10000550,10000550,"{""id"" : 10000550, ""vpn_code"" : ""10000550"", ""name"" : ""MOLIFLOR"", ""vpn_id_sip"" : ""10000550"", ""customer_reference"" : ""CD03HD83FF"", ""forced_onnet"" : true, ""private_prefix_length"" : 2, ""offnet_via_bcr_allowed"" : true, ""it_key"" : ""CD03HD83FF"", ""customer_index_for_billing"" : null, ""hk_master"" : ""HOOKAH"", ""hk_redirect_percentage"" : 0, ""partition_right"" : ""BTIP"", ""state"" : ""OPENED""}"
10000564,10000564,"{""id"" : 10000564, ""vpn_code"" : ""10000564"", ""name"" : ""REVE (revel)"", ""vpn_id_sip"" : ""10000564"", ""customer_reference"" : ""CD036ZVGCA"", ""forced_onnet"" : true, ""private_prefix_length"" : 3, ""offnet_via_bcr_allowed"" : true, ""it_key"" : ""CD036ZVGCA"", ""customer_index_for_billing"" : null, ""hk_master"" : ""HOOKAH"", ""hk_redirect_percentage"" : 0, ""partition_right"" : ""BTIP"", ""state"" : ""OPENED""}"
10000552,10000552,"{""id"" : 10000552, ""vpn_code"" : ""10000552"", ""name"" : ""GIPHAR"", ""vpn_id_sip"" : ""10000552"", ""customer_reference"" : ""CD03HK8XB6"", ""forced_onnet"" : true, ""private_prefix_length"" : 2, ""offnet_via_bcr_allowed"" : true, ""it_key"" : ""CD03HK8XB6"", ""customer_index_for_billing"" : null, ""hk_master"" : ""HOOKAH"", ""hk_redirect_percentage"" : 0, ""partition_right"" : ""BTIP"", ""state"" : ""OPENED""}"
3892,3892,"{""id"" : 3892, ""vpn_code"" : ""3892"", ""name"" : ""AHA-SG"", ""vpn_id_sip"" : ""3892"", ""customer_reference"" : ""674946"", ""forced_onnet"" : true, ""private_prefix_length"" : 2, ""offnet_via_bcr_allowed"" : true, ""it_key"" : ""CD00G2Z6F1"", ""customer_index_for_billing"" : null, ""hk_master"" : ""HOOKAH"", ""hk_redirect_percentage"" : 0, ""partition_right"" : ""BT"", ""state"" : ""OPENED""}"
10000565,10000565,"{""id"" : 10000565, ""vpn_code"" : ""10000565"", ""name"" : ""ANDROS-NET"", ""vpn_id_sip"" : ""10000565"", ""customer_reference"" : ""CD037WJTF7"", ""forced_onnet"" : true, ""private_prefix_length"" : 3, ""offnet_via_bcr_allowed"" : true, ""it_key"" : ""CD037WJTF7"", ""customer_index_for_billing"" : null, ""hk_master"" : ""HOOKAH"", ""hk_redirect_percentage"" : 0, ""partition_right"" : ""BTIP"", ""state"" : ""OPENED""}"
10000566,10000566,"{""id"" : 10000566, ""vpn_code"" : ""10000566"", ""name"" : ""CESML"", ""vpn_id_sip"" : ""10000566"", ""customer_reference"" : ""CD03ESQTE9"", ""forced_onnet"" : false, ""private_prefix_length"" : 1, ""offnet_via_bcr_allowed"" : true, ""it_key"" : ""CD03ESQTE9"", ""customer_index_for_billing"" : null, ""hk_master"" : ""HOOKAH"", ""hk_redirect_percentage"" : 0, ""partition_right"" : ""BTIP"", ""state"" : ""OPENED""}"
4227,4227,"{""id"" : 4227, ""vpn_code"" : ""4227"", ""name"" : ""GESTELIA CANTAL (Transpac)"", ""vpn_id_sip"" : ""4227"", ""customer_reference"" : ""676088"", ""forced_onnet"" : true, ""private_prefix_length"" : 2, ""offnet_via_bcr_allowed"" : true, ""it_key"" : ""CD00QC4DA6"", ""customer_index_for_billing"" : null, ""hk_master"" : ""HOOKAH"", ""hk_redirect_percentage"" : 0, ""partition_right"" : ""BT"", ""state"" : ""OPENED""}"
4286,4286,"{""id"" : 4286, ""vpn_code"" : ""4286"", ""name"" : ""Jlm Deco(Transpac)"", ""vpn_id_sip"" : ""4286"", ""customer_reference"" : ""676245"", ""forced_onnet"" : true, ""private_prefix_length"" : 2, ""offnet_via_bcr_allowed"" : true, ""it_key"" : ""CD00RT0HD8"", ""customer_index_for_billing"" : null, ""hk_master"" : ""HOOKAH"", ""hk_redirect_percentage"" : 0, ""partition_right"" : ""BT"", ""state"" : ""OPENED""}"
4269,4269,"{""id"" : 4269, ""vpn_code"" : ""4269"", ""name"" : ""SOC INDUSTRIELLE ET CHIMIQUE AISNE SICA (Transpac)"", ""vpn_id_sip"" : ""4269"", ""customer_reference"" : ""676201"", ""forced_onnet"" : true, ""private_prefix_length"" : 1, ""offnet_via_bcr_allowed"" : true, ""it_key"" : ""CD00RKA4E5"", ""customer_index_for_billing"" : null, ""hk_master"" : ""HOOKAH"", ""hk_redirect_percentage"" : 0, ""partition_right"" : ""BT"", ""state"" : ""OPENED""}"
10000597,10000597,"{""id"" : 10000597, ""vpn_code"" : ""10000597"", ""name"" : ""MOLL"", ""vpn_id_sip"" : ""10000597"", ""customer_reference"" : ""CD03NEAK82"", ""forced_onnet"" : false, ""private_prefix_length"" : 2, ""offnet_via_bcr_allowed"" : true, ""it_key"" : ""CD03NEAK82"", ""customer_index_for_billing"" : null, ""hk_master"" : ""HOOKAH"", ""hk_redirect_percentage"" : 0, ""partition_right"" : ""BTIP"", ""state"" : ""OPENED""}"
10000484,10000484,"{""id"" : 10000484, ""vpn_code"" : ""10000484"", ""name"" : ""SNPE"", ""vpn_id_sip"" : ""10000484"", ""customer_reference"" : ""CD03D99R90"", ""forced_onnet"" : false, ""private_prefix_length"" : 2, ""offnet_via_bcr_allowed"" : true, ""it_key"" : ""CD03D99R90"", ""customer_index_for_billing"" : null, ""hk_master"" : ""HOOKAH"", ""hk_redirect_percentage"" : 0, ""partition_right"" : ""BTIP"", ""state"" : ""OPENED""}"
5025,5025,"{""id"" : 5025, ""vpn_code"" : ""5025"", ""name"" : ""Bonpoint (Transpac)"", ""vpn_id_sip"" : ""5025"", ""customer_reference"" : ""676523"", ""forced_onnet"" : true, ""private_prefix_length"" : 3, ""offnet_via_bcr_allowed"" : true, ""it_key"" : ""CD00S9RMB3"", ""customer_index_for_billing"" : null, ""hk_master"" : ""HOOKAH"", ""hk_redirect_percentage"" : 0, ""partition_right"" : ""BT"", ""state"" : ""OPENED""}"
10000616,10000616,"{""id"" : 10000616, ""vpn_code"" : ""10000616"", ""name"" : ""SFNP"", ""vpn_id_sip"" : ""10000616"", ""customer_reference"" : ""CD03NC78E5"", ""forced_onnet"" : true, ""private_prefix_length"" : 2, ""offnet_via_bcr_allowed"" : true, ""it_key"" : ""CD03NC78E5"", ""customer_index_for_billing"" : null, ""hk_master"" : ""HOOKAH"", ""hk_redirect_percentage"" : 0, ""partition_right"" : ""BTIP"", ""state"" : ""OPENED""}"
10000559,10000559,"{""id"" : 10000559, ""vpn_code"" : ""10000559"", ""name"" : ""LABOLOCHES"", ""vpn_id_sip"" : ""10000559"", ""customer_reference"" : ""CD03G71JAF"", ""forced_onnet"" : true, ""private_prefix_length"" : 1, ""offnet_via_bcr_allowed"" : true, ""it_key"" : ""CD03G71JAF"", ""customer_index_for_billing"" : null, ""hk_master"" : ""HOOKAH"", ""hk_redirect_percentage"" : 0, ""partition_right"" : ""BTIP"", ""state"" : ""OPENED""}"
4554,4554,"{""id"" : 4554, ""vpn_code"" : ""4554"", ""name"" : ""PHOENIX"", ""vpn_id_sip"" : ""4554"", ""customer_reference"" : ""680465"", ""forced_onnet"" : false, ""private_prefix_length"" : 3, ""offnet_via_bcr_allowed"" : true, ""it_key"" : ""zzz4554"", ""customer_index_for_billing"" : ""4554"", ""hk_master"" : ""HOOKAH"", ""hk_redirect_percentage"" : 0, ""partition_right"" : ""BT"", ""state"" : ""OPENED""}"
4308,4308,"{""id"" : 4308, ""vpn_code"" : ""4308"", ""name"" : ""SILCA (Transpac)"", ""vpn_id_sip"" : ""4308"", ""customer_reference"" : ""36423"", ""forced_onnet"" : true, ""private_prefix_length"" : 2, ""offnet_via_bcr_allowed"" : true, ""it_key"" : ""CD00RJJB96"", ""customer_index_for_billing"" : null, ""hk_master"" : ""HOOKAH"", ""hk_redirect_percentage"" : 0, ""partition_right"" : ""BT"", ""state"" : ""OPENED""}"
4568,4568,"{""id"" : 4568, ""vpn_code"" : ""4568"", ""name"" : ""SUMITOMO CORP."", ""vpn_id_sip"" : ""4568"", ""customer_reference"" : ""31584"", ""forced_onnet"" : true, ""private_prefix_length"" : 3, ""offnet_via_bcr_allowed"" : true, ""it_key"" : ""zzz4568"", ""customer_index_for_billing"" : ""4568"", ""hk_master"" : ""HOOKAH"", ""hk_redirect_percentage"" : 0, ""partition_right"" : ""BT"", ""state"" : ""OPENED""}"
10000762,10000762,"{""id"" : 10000762, ""vpn_code"" : ""10000762"", ""name"" : ""FOCUS"", ""vpn_id_sip"" : ""10000762"", ""customer_reference"" : ""CD03Q1ZNBC"", ""forced_onnet"" : false, ""private_prefix_length"" : 2, ""offnet_via_bcr_allowed"" : true, ""it_key"" : ""CD03Q1ZNBC"", ""customer_index_for_billing"" : null, ""hk_master"" : ""HOOKAH"", ""hk_redirect_percentage"" : 0, ""partition_right"" : ""BTIP"", ""state"" : ""OPENED""}"
10000766,10000766,"{""id"" : 10000766, ""vpn_code"" : ""10000766"", ""name"" : ""GUIDON"", ""vpn_id_sip"" : ""10000766"", ""customer_reference"" : ""CD0421CRCA"", ""forced_onnet"" : false, ""private_prefix_length"" : 2, ""offnet_via_bcr_allowed"" : true, ""it_key"" : ""CD0421CRCA"", ""customer_index_for_billing"" : null, ""hk_master"" : ""HOOKAH"", ""hk_redirect_percentage"" : 0, ""partition_right"" : ""BTIP"", ""state"" : ""OPENED""}"
10000759,10000759,"{""id"" : 10000759, ""vpn_code"" : ""10000759"", ""name"" : ""SAGECO"", ""vpn_id_sip"" : ""10000759"", ""customer_reference"" : ""CD040A2981"", ""forced_onnet"" : false, ""private_prefix_length"" : 2, ""offnet_via_bcr_allowed"" : true, ""it_key"" : ""CD040A2981"", ""customer_index_for_billing"" : null, ""hk_master"" : ""HOOKAH"", ""hk_redirect_percentage"" : 0, ""partition_right"" : ""BTIP"", ""state"" : ""OPENED""}"
3610,3610,"{""id"" : 3610, ""vpn_code"" : ""3610"", ""name"" : ""SITA - Society International Telecoms Aeronautics"", ""vpn_id_sip"" : ""3610"", ""customer_reference"" : ""35504"", ""forced_onnet"" : true, ""private_prefix_length"" : 3, ""offnet_via_bcr_allowed"" : true, ""it_key"" : ""zzz3610"", ""customer_index_for_billing"" : ""3610"", ""hk_master"" : ""HOOKAH"", ""hk_redirect_percentage"" : 0, ""partition_right"" : ""BT"", ""state"" : ""OPENED""}"
10000394,10000394,"{""id"" : 10000394, ""vpn_code"" : ""10000394"", ""name"" : ""EXPERHIS"", ""vpn_id_sip"" : ""10000394"", ""customer_reference"" : ""CD033657D2"", ""forced_onnet"" : true, ""private_prefix_length"" : 2, ""offnet_via_bcr_allowed"" : true, ""it_key"" : ""CD033657D2"", ""customer_index_for_billing"" : null, ""hk_master"" : ""HOOKAH"", ""hk_redirect_percentage"" : 0, ""partition_right"" : ""BTIP"", ""state"" : ""OPENED""}"
4133,4133,"{""id"" : 4133, ""vpn_code"" : ""4133"", ""name"" : ""MDA Diffusion"", ""vpn_id_sip"" : ""4133"", ""customer_reference"" : ""675694"", ""forced_onnet"" : true, ""private_prefix_length"" : 2, ""offnet_via_bcr_allowed"" : true, ""it_key"" : ""CD00NW6LD5"", ""customer_index_for_billing"" : null, ""hk_master"" : ""HOOKAH"", ""hk_redirect_percentage"" : 0, ""partition_right"" : ""BT"", ""state"" : ""OPENED""}"
10000398,10000398,"{""id"" : 10000398, ""vpn_code"" : ""10000398"", ""name"" : ""MILITZER"", ""vpn_id_sip"" : ""10000398"", ""customer_reference"" : ""CD036UW39C"", ""forced_onnet"" : false, ""private_prefix_length"" : 2, ""offnet_via_bcr_allowed"" : true, ""it_key"" : ""CD036UW39C"", ""customer_index_for_billing"" : null, ""hk_master"" : ""HOOKAH"", ""hk_redirect_percentage"" : 0, ""partition_right"" : ""BTIP"", ""state"" : ""OPENED""}"
10000385,10000385,"{""id"" : 10000385, ""vpn_code"" : ""10000385"", ""name"" : ""ALLIANCE HEALTHCARE REPARTITION"", ""vpn_id_sip"" : ""10000385"", ""customer_reference"" : ""CD03674EA5"", ""forced_onnet"" : false, ""private_prefix_length"" : 4, ""offnet_via_bcr_allowed"" : true, ""it_key"" : ""CD03674EA5"", ""customer_index_for_billing"" : null, ""hk_master"" : ""HOOKAH"", ""hk_redirect_percentage"" : 0, ""partition_right"" : ""BTIP"", ""state"" : ""OPENED""}"
10000403,10000403,"{""id"" : 10000403, ""vpn_code"" : ""10000403"", ""name"" : ""GAREM"", ""vpn_id_sip"" : ""10000403"", ""customer_reference"" : ""CD036ZP2BF"", ""forced_onnet"" : true, ""private_prefix_length"" : 3, ""offnet_via_bcr_allowed"" : true, ""it_key"" : ""CD036ZP2BF"", ""customer_index_for_billing"" : null, ""hk_master"" : ""HOOKAH"", ""hk_redirect_percentage"" : 0, ""partition_right"" : ""BTIP"", ""state"" : ""OPENED""}"
10000382,10000382,"{""id"" : 10000382, ""vpn_code"" : ""10000382"", ""name"" : ""ALFYMA"", ""vpn_id_sip"" : ""10000382"", ""customer_reference"" : ""CD032Z2TDA"", ""forced_onnet"" : false, ""private_prefix_length"" : 2, ""offnet_via_bcr_allowed"" : true, ""it_key"" : ""CD032Z2TDA"", ""customer_index_for_billing"" : null, ""hk_master"" : ""HOOKAH"", ""hk_redirect_percentage"" : 0, ""partition_right"" : ""BTIP"", ""state"" : ""OPENED""}"
10000405,10000405,"{""id"" : 10000405, ""vpn_code"" : ""10000405"", ""name"" : ""TPI"", ""vpn_id_sip"" : ""10000405"", ""customer_reference"" : ""CD037R268B"", ""forced_onnet"" : false, ""private_prefix_length"" : 2, ""offnet_via_bcr_allowed"" : true, ""it_key"" : ""CD037R268B"", ""customer_index_for_billing"" : null, ""hk_master"" : ""HOOKAH"", ""hk_redirect_percentage"" : 0, ""partition_right"" : ""BTIP"", ""state"" : ""OPENED""}"
10000421,10000421,"{""id"" : 10000421, ""vpn_code"" : ""10000421"", ""name"" : ""STARNET"", ""vpn_id_sip"" : ""10000421"", ""customer_reference"" : ""CD032ZA6B8"", ""forced_onnet"" : false, ""private_prefix_length"" : 1, ""offnet_via_bcr_allowed"" : true, ""it_key"" : ""CD032ZA6B8"", ""customer_index_for_billing"" : null, ""hk_master"" : ""HOOKAH"", ""hk_redirect_percentage"" : 0, ""partition_right"" : ""BTIP"", ""state"" : ""OPENED""}"
3399,3399,"{""id"" : 3399, ""vpn_code"" : ""3399"", ""name"" : ""Carmen Immobilier (Plus Immo)"", ""vpn_id_sip"" : ""3399"", ""customer_reference"" : ""673545"", ""forced_onnet"" : true, ""private_prefix_length"" : 2, ""offnet_via_bcr_allowed"" : true, ""it_key"" : ""CD00KV4MD1"", ""customer_index_for_billing"" : null, ""hk_master"" : ""HOOKAH"", ""hk_redirect_percentage"" : 0, ""partition_right"" : ""BT"", ""state"" : ""OPENED""}"
10000404,10000404,"{""id"" : 10000404, ""vpn_code"" : ""10000404"", ""name"" : ""COVI EFIPA"", ""vpn_id_sip"" : ""10000404"", ""customer_reference"" : ""CD033T1AEB"", ""forced_onnet"" : false, ""private_prefix_length"" : 2, ""offnet_via_bcr_allowed"" : true, ""it_key"" : ""CD033T1AEB"", ""customer_index_for_billing"" : null, ""hk_master"" : ""HOOKAH"", ""hk_redirect_percentage"" : 0, ""partition_right"" : ""BTIP"", ""state"" : ""OPENED""}"
10000410,10000410,"{""id"" : 10000410, ""vpn_code"" : ""10000410"", ""name"" : ""VEDETTES-ODET"", ""vpn_id_sip"" : ""10000410"", ""customer_reference"" : ""CD037T3AE8"", ""forced_onnet"" : false, ""private_prefix_length"" : 2, ""offnet_via_bcr_allowed"" : true, ""it_key"" : ""CD037T3AE8"", ""customer_index_for_billing"" : null, ""hk_master"" : ""HOOKAH"", ""hk_redirect_percentage"" : 0, ""partition_right"" : ""BTIP"", ""state"" : ""OPENED""}"
3625,3625,"{""id"" : 3625, ""vpn_code"" : ""3625"", ""name"" : ""ALERE-Unipath"", ""vpn_id_sip"" : ""3625"", ""customer_reference"" : ""18076"", ""forced_onnet"" : false, ""private_prefix_length"" : 3, ""offnet_via_bcr_allowed"" : true, ""it_key"" : ""zzz3625"", ""customer_index_for_billing"" : ""3625"", ""hk_master"" : ""HOOKAH"", ""hk_redirect_percentage"" : 0, ""partition_right"" : ""BT"", ""state"" : ""OPENED""}"
10000437,10000437,"{""id"" : 10000437, ""vpn_code"" : ""10000437"", ""name"" : ""SITA-FRANCE"", ""vpn_id_sip"" : ""10000437"", ""customer_reference"" : ""CD039NF9CC"", ""forced_onnet"" : false, ""private_prefix_length"" : 3, ""offnet_via_bcr_allowed"" : true, ""it_key"" : ""CD039NF9CC"", ""customer_index_for_billing"" : null, ""hk_master"" : ""HOOKAH"", ""hk_redirect_percentage"" : 0, ""partition_right"" : ""BTIP"", ""state"" : ""OPENED""}"
10000415,10000415,"{""id"" : 10000415, ""vpn_code"" : ""10000415"", ""name"" : ""DOME LOGISTIQUE"", ""vpn_id_sip"" : ""10000415"", ""customer_reference"" : ""CD0366VQB4"", ""forced_onnet"" : true, ""private_prefix_length"" : 2, ""offnet_via_bcr_allowed"" : true, ""it_key"" : ""CD0366VQB4"", ""customer_index_for_billing"" : null, ""hk_master"" : ""HOOKAH"", ""hk_redirect_percentage"" : 0, ""partition_right"" : ""BTIP"", ""state"" : ""OPENED""}"
10000365,10000365,"{""id"" : 10000365, ""vpn_code"" : ""10000365"", ""name"" : ""NEDSCHROEF"", ""vpn_id_sip"" : ""10000365"", ""customer_reference"" : ""CD033FF9FF"", ""forced_onnet"" : true, ""private_prefix_length"" : 2, ""offnet_via_bcr_allowed"" : true, ""it_key"" : ""CD033FF9FF"", ""customer_index_for_billing"" : null, ""hk_master"" : ""HOOKAH"", ""hk_redirect_percentage"" : 0, ""partition_right"" : ""BTIP"", ""state"" : ""OPENED""}"
4532,4532,"{""id"" : 4532, ""vpn_code"" : ""4532"", ""name"" : ""GIE MMA SI"", ""vpn_id_sip"" : ""4532"", ""customer_reference"" : ""680090"", ""forced_onnet"" : true, ""private_prefix_length"" : 3, ""offnet_via_bcr_allowed"" : true, ""it_key"" : ""zzz4532"", ""customer_index_for_billing"" : null, ""hk_master"" : ""HOOKAH"", ""hk_redirect_percentage"" : 0, ""partition_right"" : ""BT"", ""state"" : ""OPENED""}"
4533,4533,"{""id"" : 4533, ""vpn_code"" : ""4533"", ""name"" : ""Shanghai Bertelsmann"", ""vpn_id_sip"" : ""4533"", ""customer_reference"" : ""677920"", ""forced_onnet"" : true, ""private_prefix_length"" : 3, ""offnet_via_bcr_allowed"" : true, ""it_key"" : ""zzz4533"", ""customer_index_for_billing"" : null, ""hk_master"" : ""HOOKAH"", ""hk_redirect_percentage"" : 0, ""partition_right"" : ""BT"", ""state"" : ""OPENED""}"
10000409,10000409,"{""id"" : 10000409, ""vpn_code"" : ""10000409"", ""name"" : ""DEVOTEAM_TOIP"", ""vpn_id_sip"" : ""10000409"", ""customer_reference"" : ""CD033JB5DB"", ""forced_onnet"" : true, ""private_prefix_length"" : 2, ""offnet_via_bcr_allowed"" : true, ""it_key"" : ""CD033JB5DB"", ""customer_index_for_billing"" : null, ""hk_master"" : ""HOOKAH"", ""hk_redirect_percentage"" : 0, ""partition_right"" : ""BTIP"", ""state"" : ""OPENED""}"
10000428,10000428,"{""id"" : 10000428, ""vpn_code"" : ""10000428"", ""name"" : ""ARCADO"", ""vpn_id_sip"" : ""10000428"", ""customer_reference"" : ""CD037YQ4B0"", ""forced_onnet"" : false, ""private_prefix_length"" : 2, ""offnet_via_bcr_allowed"" : true, ""it_key"" : ""CD037YQ4B0"", ""customer_index_for_billing"" : null, ""hk_master"" : ""HOOKAH"", ""hk_redirect_percentage"" : 0, ""partition_right"" : ""BTIP"", ""state"" : ""OPENED""}"
10000427,10000427,"{""id"" : 10000427, ""vpn_code"" : ""10000427"", ""name"" : ""C2E"", ""vpn_id_sip"" : ""10000427"", ""customer_reference"" : ""CD034C5B99"", ""forced_onnet"" : true, ""private_prefix_length"" : 2, ""offnet_via_bcr_allowed"" : true, ""it_key"" : ""CD034C5B99"", ""customer_index_for_billing"" : null, ""hk_master"" : ""HOOKAH"", ""hk_redirect_percentage"" : 0, ""partition_right"" : ""BTIP"", ""state"" : ""OPENED""}"
4534,4534,"{""id"" : 4534, ""vpn_code"" : ""4534"", ""name"" : ""EURO-INFORMATION"", ""vpn_id_sip"" : ""4534"", ""customer_reference"" : ""680151"", ""forced_onnet"" : false, ""private_prefix_length"" : 3, ""offnet_via_bcr_allowed"" : true, ""it_key"" : ""zzz4534"", ""customer_index_for_billing"" : ""4534"", ""hk_master"" : ""HOOKAH"", ""hk_redirect_percentage"" : 0, ""partition_right"" : ""BT"", ""state"" : ""OPENED""}"
5255,5255,"{""id"" : 5255, ""vpn_code"" : ""5255"", ""name"" : ""EASY LOG (Transpac)"", ""vpn_id_sip"" : ""5255"", ""customer_reference"" : ""677308"", ""forced_onnet"" : true, ""private_prefix_length"" : 1, ""offnet_via_bcr_allowed"" : true, ""it_key"" : ""CD0134LT95"", ""customer_index_for_billing"" : null, ""hk_master"" : ""HOOKAH"", ""hk_redirect_percentage"" : 0, ""partition_right"" : ""BT"", ""state"" : ""OPENED""}"
4536,4536,"{""id"" : 4536, ""vpn_code"" : ""4536"", ""name"" : ""TLC Marketing France"", ""vpn_id_sip"" : ""4536"", ""customer_reference"" : ""680149"", ""forced_onnet"" : true, ""private_prefix_length"" : 3, ""offnet_via_bcr_allowed"" : true, ""it_key"" : ""zzz4536"", ""customer_index_for_billing"" : ""4536"", ""hk_master"" : ""HOOKAH"", ""hk_redirect_percentage"" : 0, ""partition_right"" : ""BT"", ""state"" : ""OPENED""}"
10000412,10000412,"{""id"" : 10000412, ""vpn_code"" : ""10000412"", ""name"" : ""RICHEBOURG"", ""vpn_id_sip"" : ""10000412"", ""customer_reference"" : ""CD032ZU1BF"", ""forced_onnet"" : false, ""private_prefix_length"" : 3, ""offnet_via_bcr_allowed"" : true, ""it_key"" : ""CD032ZU1BF"", ""customer_index_for_billing"" : null, ""hk_master"" : ""HOOKAH"", ""hk_redirect_percentage"" : 0, ""partition_right"" : ""BTIP"", ""state"" : ""OPENED""}"
10000431,10000431,"{""id"" : 10000431, ""vpn_code"" : ""10000431"", ""name"" : ""LORRAINE GAZ SERCICE"", ""vpn_id_sip"" : ""10000431"", ""customer_reference"" : ""CD0397EAA1"", ""forced_onnet"" : false, ""private_prefix_length"" : 1, ""offnet_via_bcr_allowed"" : true, ""it_key"" : ""CD0397EAA1"", ""customer_index_for_billing"" : null, ""hk_master"" : ""HOOKAH"", ""hk_redirect_percentage"" : 0, ""partition_right"" : ""BTIP"", ""state"" : ""OPENED""}"
4537,4537,"{""id"" : 4537, ""vpn_code"" : ""4537"", ""name"" : ""ANSYS FRANCE"", ""vpn_id_sip"" : ""4537"", ""customer_reference"" : ""680139"", ""forced_onnet"" : true, ""private_prefix_length"" : 3, ""offnet_via_bcr_allowed"" : true, ""it_key"" : ""zzz4537"", ""customer_index_for_billing"" : null, ""hk_master"" : ""HOOKAH"", ""hk_redirect_percentage"" : 0, ""partition_right"" : ""BT"", ""state"" : ""OPENED""}"
10000432,10000432,"{""id"" : 10000432, ""vpn_code"" : ""10000432"", ""name"" : ""RNLT000162"", ""vpn_id_sip"" : ""10000432"", ""customer_reference"" : ""CD035T1892"", ""forced_onnet"" : true, ""private_prefix_length"" : 2, ""offnet_via_bcr_allowed"" : true, ""it_key"" : ""CD035T1892"", ""customer_index_for_billing"" : null, ""hk_master"" : ""HOOKAH"", ""hk_redirect_percentage"" : 0, ""partition_right"" : ""BTIP"", ""state"" : ""OPENED""}"
10000429,10000429,"{""id"" : 10000429, ""vpn_code"" : ""10000429"", ""name"" : ""IFOPSE"", ""vpn_id_sip"" : ""10000429"", ""customer_reference"" : ""CD0395RPBF"", ""forced_onnet"" : false, ""private_prefix_length"" : 5, ""offnet_via_bcr_allowed"" : true, ""it_key"" : ""CD0395RPBF"", ""customer_index_for_billing"" : null, ""hk_master"" : ""HOOKAH"", ""hk_redirect_percentage"" : 0, ""partition_right"" : ""BTIP"", ""state"" : ""OPENED""}"
10000416,10000416,"{""id"" : 10000416, ""vpn_code"" : ""10000416"", ""name"" : ""MATELOC"", ""vpn_id_sip"" : ""10000416"", ""customer_reference"" : ""CD037LKGBE"", ""forced_onnet"" : true, ""private_prefix_length"" : 2, ""offnet_via_bcr_allowed"" : true, ""it_key"" : ""CD037LKGBE"", ""customer_index_for_billing"" : null, ""hk_master"" : ""HOOKAH"", ""hk_redirect_percentage"" : 0, ""partition_right"" : ""BTIP"", ""state"" : ""OPENED""}"
10000434,10000434,"{""id"" : 10000434, ""vpn_code"" : ""10000434"", ""name"" : ""RADIOGARONNE"", ""vpn_id_sip"" : ""10000434"", ""customer_reference"" : ""CD0354G1DB"", ""forced_onnet"" : false, ""private_prefix_length"" : 2, ""offnet_via_bcr_allowed"" : true, ""it_key"" : ""CD0354G1DB"", ""customer_index_for_billing"" : null, ""hk_master"" : ""HOOKAH"", ""hk_redirect_percentage"" : 0, ""partition_right"" : ""BTIP"", ""state"" : ""OPENED""}"
4270,4270,"{""id"" : 4270, ""vpn_code"" : ""4270"", ""name"" : ""COMPTOIR GENERAL DES METAUX (Transpac)"", ""vpn_id_sip"" : ""4270"", ""customer_reference"" : ""CD00RRD2B6"", ""forced_onnet"" : true, ""private_prefix_length"" : 2, ""offnet_via_bcr_allowed"" : true, ""it_key"" : ""CD00RRD2B6"", ""customer_index_for_billing"" : null, ""hk_master"" : ""HOOKAH"", ""hk_redirect_percentage"" : 0, ""partition_right"" : ""BT"", ""state"" : ""OPENED""}"
10000408,10000408,"{""id"" : 10000408, ""vpn_code"" : ""10000408"", ""name"" : ""BVPNGERANTOSUD"", ""vpn_id_sip"" : ""10000408"", ""customer_reference"" : ""CD0351GRA6"", ""forced_onnet"" : false, ""private_prefix_length"" : 2, ""offnet_via_bcr_allowed"" : true, ""it_key"" : ""CD0351GRA6"", ""customer_index_for_billing"" : null, ""hk_master"" : ""HOOKAH"", ""hk_redirect_percentage"" : 0, ""partition_right"" : ""BTIP"", ""state"" : ""OPENED""}"
4540,4540,"{""id"" : 4540, ""vpn_code"" : ""4540"", ""name"" : ""JACADI SA"", ""vpn_id_sip"" : ""4540"", ""customer_reference"" : ""680177"", ""forced_onnet"" : true, ""private_prefix_length"" : 3, ""offnet_via_bcr_allowed"" : true, ""it_key"" : ""zzz4540"", ""customer_index_for_billing"" : null, ""hk_master"" : ""HOOKAH"", ""hk_redirect_percentage"" : 0, ""partition_right"" : ""BT"", ""state"" : ""OPENED""}"
4539,4539,"{""id"" : 4539, ""vpn_code"" : ""4539"", ""name"" : ""OKAIDI SA"", ""vpn_id_sip"" : ""4539"", ""customer_reference"" : ""44453"", ""forced_onnet"" : true, ""private_prefix_length"" : 3, ""offnet_via_bcr_allowed"" : true, ""it_key"" : ""zzz4539"", ""customer_index_for_billing"" : null, ""hk_master"" : ""HOOKAH"", ""hk_redirect_percentage"" : 0, ""partition_right"" : ""BT"", ""state"" : ""OPENED""}"
4541,4541,"{""id"" : 4541, ""vpn_code"" : ""4541"", ""name"" : ""DELL France"", ""vpn_id_sip"" : ""4541"", ""customer_reference"" : ""679973"", ""forced_onnet"" : false, ""private_prefix_length"" : 3, ""offnet_via_bcr_allowed"" : true, ""it_key"" : ""zzz4541"", ""customer_index_for_billing"" : ""4541"", ""hk_master"" : ""HOOKAH"", ""hk_redirect_percentage"" : 0, ""partition_right"" : ""BT"", ""state"" : ""OPENED""}"
10000438,10000438,"{""id"" : 10000438, ""vpn_code"" : ""10000438"", ""name"" : ""MUCIMSTANISLAS"", ""vpn_id_sip"" : ""10000438"", ""customer_reference"" : ""CD038DA6FC"", ""forced_onnet"" : false, ""private_prefix_length"" : 2, ""offnet_via_bcr_allowed"" : true, ""it_key"" : ""CD038DA6FC"", ""customer_index_for_billing"" : null, ""hk_master"" : ""HOOKAH"", ""hk_redirect_percentage"" : 0, ""partition_right"" : ""BTIP"", ""state"" : ""OPENED""}"
10000448,10000448,"{""id"" : 10000448, ""vpn_code"" : ""10000448"", ""name"" : ""STAHL"", ""vpn_id_sip"" : ""10000448"", ""customer_reference"" : ""CD039ZKBCF"", ""forced_onnet"" : false, ""private_prefix_length"" : 2, ""offnet_via_bcr_allowed"" : true, ""it_key"" : ""CD039ZKBCF"", ""customer_index_for_billing"" : null, ""hk_master"" : ""HOOKAH"", ""hk_redirect_percentage"" : 0, ""partition_right"" : ""BTIP"", ""state"" : ""OPENED""}"
10000445,10000445,"{""id"" : 10000445, ""vpn_code"" : ""10000445"", ""name"" : ""AQUITAINEAUTO"", ""vpn_id_sip"" : ""10000445"", ""customer_reference"" : ""CD034W6PF3"", ""forced_onnet"" : false, ""private_prefix_length"" : 1, ""offnet_via_bcr_allowed"" : true, ""it_key"" : ""CD034W6PF3"", ""customer_index_for_billing"" : null, ""hk_master"" : ""HOOKAH"", ""hk_redirect_percentage"" : 0, ""partition_right"" : ""BTIP"", ""state"" : ""OPENED""}"
10000400,10000400,"{""id"" : 10000400, ""vpn_code"" : ""10000400"", ""name"" : ""SORAPEL"", ""vpn_id_sip"" : ""10000400"", ""customer_reference"" : ""CD036W8DE4"", ""forced_onnet"" : false, ""private_prefix_length"" : 1, ""offnet_via_bcr_allowed"" : true, ""it_key"" : ""CD036W8DE4"", ""customer_index_for_billing"" : null, ""hk_master"" : ""HOOKAH"", ""hk_redirect_percentage"" : 0, ""partition_right"" : ""BTIP"", ""state"" : ""OPENED""}"
5311,5311,"{""id"" : 5311, ""vpn_code"" : ""5311"", ""name"" : ""Prysmian Cables & Systemes (Transpac)"", ""vpn_id_sip"" : ""5311"", ""customer_reference"" : ""677461"", ""forced_onnet"" : true, ""private_prefix_length"" : 2, ""offnet_via_bcr_allowed"" : true, ""it_key"" : ""CD018UDAC6"", ""customer_index_for_billing"" : null, ""hk_master"" : ""HOOKAH"", ""hk_redirect_percentage"" : 0, ""partition_right"" : ""BT"", ""state"" : ""OPENED""}"
5276,5276,"{""id"" : 5276, ""vpn_code"" : ""5276"", ""name"" : ""ATASH ( Transpac )"", ""vpn_id_sip"" : ""5276"", ""customer_reference"" : ""677352"", ""forced_onnet"" : true, ""private_prefix_length"" : 2, ""offnet_via_bcr_allowed"" : true, ""it_key"" : ""CD014D7VB7"", ""customer_index_for_billing"" : null, ""hk_master"" : ""HOOKAH"", ""hk_redirect_percentage"" : 0, ""partition_right"" : ""BT"", ""state"" : ""OPENED""}"
5422,5422,"{""id"" : 5422, ""vpn_code"" : ""5422"", ""name"" : ""SOBALA ( Transpac )"", ""vpn_id_sip"" : ""5422"", ""customer_reference"" : ""677738"", ""forced_onnet"" : true, ""private_prefix_length"" : 2, ""offnet_via_bcr_allowed"" : true, ""it_key"" : ""CD01B29R82"", ""customer_index_for_billing"" : null, ""hk_master"" : ""HOOKAH"", ""hk_redirect_percentage"" : 0, ""partition_right"" : ""BT"", ""state"" : ""OPENED""}"
5414,5414,"{""id"" : 5414, ""vpn_code"" : ""5414"", ""name"" : ""KAKI CRAZY (Transpac)"", ""vpn_id_sip"" : ""5414"", ""customer_reference"" : ""677722"", ""forced_onnet"" : true, ""private_prefix_length"" : 2, ""offnet_via_bcr_allowed"" : true, ""it_key"" : ""CD01BJ6S93"", ""customer_index_for_billing"" : null, ""hk_master"" : ""HOOKAH"", ""hk_redirect_percentage"" : 0, ""partition_right"" : ""BT"", ""state"" : ""OPENED""}"
10000008,10000008,"{""id"" : 10000008, ""vpn_code"" : ""10000008"", ""name"" : ""KUKA SYSTEM"", ""vpn_id_sip"" : ""10000008"", ""customer_reference"" : ""CD01CK71F7"", ""forced_onnet"" : false, ""private_prefix_length"" : 1, ""offnet_via_bcr_allowed"" : true, ""it_key"" : ""CD01CK71F7"", ""customer_index_for_billing"" : null, ""hk_master"" : ""HOOKAH"", ""hk_redirect_percentage"" : 0, ""partition_right"" : ""BTIP"", ""state"" : ""OPENED""}"
5376,5376,"{""id"" : 5376, ""vpn_code"" : ""5376"", ""name"" : ""JOYEAU"", ""vpn_id_sip"" : ""5376"", ""customer_reference"" : ""36423"", ""forced_onnet"" : true, ""private_prefix_length"" : 1, ""offnet_via_bcr_allowed"" : true, ""it_key"" : ""CD01BJ5G87"", ""customer_index_for_billing"" : null, ""hk_master"" : ""HOOKAH"", ""hk_redirect_percentage"" : 0, ""partition_right"" : ""BT"", ""state"" : ""OPENED""}"
5392,5392,"{""id"" : 5392, ""vpn_code"" : ""5392"", ""name"" : ""CERDIBIO CHARENTES (Transpac)"", ""vpn_id_sip"" : ""5392"", ""customer_reference"" : ""677657"", ""forced_onnet"" : false, ""private_prefix_length"" : 2, ""offnet_via_bcr_allowed"" : true, ""it_key"" : ""CD019EGPB7"", ""customer_index_for_billing"" : null, ""hk_master"" : ""HOOKAH"", ""hk_redirect_percentage"" : 0, ""partition_right"" : ""BT"", ""state"" : ""OPENED""}"
4420,4420,"{""id"" : 4420, ""vpn_code"" : ""4420"", ""name"" : ""Capgemini MOCS"", ""vpn_id_sip"" : ""4420"", ""customer_reference"" : ""33852"", ""forced_onnet"" : true, ""private_prefix_length"" : 3, ""offnet_via_bcr_allowed"" : true, ""it_key"" : ""zzz4420"", ""customer_index_for_billing"" : ""4420"", ""hk_master"" : ""HOOKAH"", ""hk_redirect_percentage"" : 0, ""partition_right"" : ""BT"", ""state"" : ""OPENED""}"
5802,5802,"{""id"" : 5802, ""vpn_code"" : ""5802"", ""name"" : ""TOCVPN SIP"", ""vpn_id_sip"" : ""5802"", ""customer_reference"" : ""6183"", ""forced_onnet"" : true, ""private_prefix_length"" : 3, ""offnet_via_bcr_allowed"" : true, ""it_key"" : ""zzz5802"", ""customer_index_for_billing"" : ""5802"", ""hk_master"" : ""HOOKAH"", ""hk_redirect_percentage"" : 0, ""partition_right"" : ""BT"", ""state"" : ""OPENED""}"
5430,5430,"{""id"" : 5430, ""vpn_code"" : ""5430"", ""name"" : ""PRECIA MOLEN (Transpac)"", ""vpn_id_sip"" : ""5430"", ""customer_reference"" : ""36423"", ""forced_onnet"" : false, ""private_prefix_length"" : 3, ""offnet_via_bcr_allowed"" : true, ""it_key"" : ""CD01DE3ZB8"", ""customer_index_for_billing"" : null, ""hk_master"" : ""HOOKAH"", ""hk_redirect_percentage"" : 0, ""partition_right"" : ""BT"", ""state"" : ""OPENED""}"
4421,4421,"{""id"" : 4421, ""vpn_code"" : ""4421"", ""name"" : ""QUADIENT"", ""vpn_id_sip"" : ""4421"", ""customer_reference"" : ""677928"", ""forced_onnet"" : true, ""private_prefix_length"" : 3, ""offnet_via_bcr_allowed"" : true, ""it_key"" : ""zzz4421"", ""customer_index_for_billing"" : null, ""hk_master"" : ""HOOKAH"", ""hk_redirect_percentage"" : 0, ""partition_right"" : ""BT"", ""state"" : ""OPENED""}"
5411,5411,"{""id"" : 5411, ""vpn_code"" : ""5411"", ""name"" : ""ETS LEBAUDY"", ""vpn_id_sip"" : ""5411"", ""customer_reference"" : ""36423"", ""forced_onnet"" : false, ""private_prefix_length"" : 2, ""offnet_via_bcr_allowed"" : true, ""it_key"" : ""CD01D8RFAA"", ""customer_index_for_billing"" : null, ""hk_master"" : ""HOOKAH"", ""hk_redirect_percentage"" : 0, ""partition_right"" : ""BT"", ""state"" : ""OPENED""}"
10000010,10000010,"{""id"" : 10000010, ""vpn_code"" : ""10000010"", ""name"" : ""UCAAS_SIF"", ""vpn_id_sip"" : ""10000010"", ""customer_reference"" : ""CD01E1K0E9"", ""forced_onnet"" : false, ""private_prefix_length"" : 2, ""offnet_via_bcr_allowed"" : true, ""it_key"" : ""CD01E1K0E9"", ""customer_index_for_billing"" : null, ""hk_master"" : ""HOOKAH"", ""hk_redirect_percentage"" : 0, ""partition_right"" : ""BTIP"", ""state"" : ""OPENED""}"
5413,5413,"{""id"" : 5413, ""vpn_code"" : ""5413"", ""name"" : ""SAS COCELEC (Transpac)"", ""vpn_id_sip"" : ""5413"", ""customer_reference"" : ""36423"", ""forced_onnet"" : true, ""private_prefix_length"" : 2, ""offnet_via_bcr_allowed"" : true, ""it_key"" : ""CD01DSL4A1"", ""customer_index_for_billing"" : null, ""hk_master"" : ""HOOKAH"", ""hk_redirect_percentage"" : 0, ""partition_right"" : ""BT"", ""state"" : ""OPENED""}"
5412,5412,"{""id"" : 5412, ""vpn_code"" : ""5412"", ""name"" : ""AZENN (Transpac)"", ""vpn_id_sip"" : ""5412"", ""customer_reference"" : ""CD01AKVC86"", ""forced_onnet"" : true, ""private_prefix_length"" : 2, ""offnet_via_bcr_allowed"" : true, ""it_key"" : ""CD01AKVC86"", ""customer_index_for_billing"" : null, ""hk_master"" : ""HOOKAH"", ""hk_redirect_percentage"" : 0, ""partition_right"" : ""BT"", ""state"" : ""OPENED""}"
5405,5405,"{""id"" : 5405, ""vpn_code"" : ""5405"", ""name"" : ""STC HORSE France (Transpac)"", ""vpn_id_sip"" : ""5405"", ""customer_reference"" : ""677697"", ""forced_onnet"" : true, ""private_prefix_length"" : 2, ""offnet_via_bcr_allowed"" : true, ""it_key"" : ""CD01CS4ZCC"", ""customer_index_for_billing"" : null, ""hk_master"" : ""HOOKAH"", ""hk_redirect_percentage"" : 0, ""partition_right"" : ""BT"", ""state"" : ""OPENED""}"
3360,3360,"{""id"" : 3360, ""vpn_code"" : ""3360"", ""name"" : ""Orange BS Maquette USCOA"", ""vpn_id_sip"" : ""3360"", ""customer_reference"" : ""36423"", ""forced_onnet"" : false, ""private_prefix_length"" : 2, ""offnet_via_bcr_allowed"" : true, ""it_key"" : ""CD00KTNTC7"", ""customer_index_for_billing"" : null, ""hk_master"" : ""HOOKAH"", ""hk_redirect_percentage"" : 0, ""partition_right"" : ""BT"", ""state"" : ""OPENED""}"
5429,5429,"{""id"" : 5429, ""vpn_code"" : ""5429"", ""name"" : ""Humeau Beaupreau"", ""vpn_id_sip"" : ""5429"", ""customer_reference"" : ""36423"", ""forced_onnet"" : false, ""private_prefix_length"" : 1, ""offnet_via_bcr_allowed"" : true, ""it_key"" : ""CD01BV2BC9"", ""customer_index_for_billing"" : null, ""hk_master"" : ""HOOKAH"", ""hk_redirect_percentage"" : 0, ""partition_right"" : ""BT"", ""state"" : ""OPENED""}"
4386,4386,"{""id"" : 4386, ""vpn_code"" : ""4386"", ""name"" : ""ATOS ORIGIN CALL CENTER"", ""vpn_id_sip"" : ""4386"", ""customer_reference"" : ""677156"", ""forced_onnet"" : true, ""private_prefix_length"" : 3, ""offnet_via_bcr_allowed"" : true, ""it_key"" : ""zzz4386"", ""customer_index_for_billing"" : null, ""hk_master"" : ""HOOKAH"", ""hk_redirect_percentage"" : 0, ""partition_right"" : ""BT"", ""state"" : ""OPENED""}"
5454,5454,"{""id"" : 5454, ""vpn_code"" : ""5454"", ""name"" : ""W&D (Transpac)"", ""vpn_id_sip"" : ""5454"", ""customer_reference"" : ""677834"", ""forced_onnet"" : true, ""private_prefix_length"" : 2, ""offnet_via_bcr_allowed"" : true, ""it_key"" : ""CD01DZBYFA"", ""customer_index_for_billing"" : null, ""hk_master"" : ""HOOKAH"", ""hk_redirect_percentage"" : 0, ""partition_right"" : ""BT"", ""state"" : ""OPENED""}"
10000011,10000011,"{""id"" : 10000011, ""vpn_code"" : ""10000011"", ""name"" : ""BACCHI"", ""vpn_id_sip"" : ""10000011"", ""customer_reference"" : ""CD01E7HF8B"", ""forced_onnet"" : true, ""private_prefix_length"" : 2, ""offnet_via_bcr_allowed"" : true, ""it_key"" : ""CD01E7HF8B"", ""customer_index_for_billing"" : null, ""hk_master"" : ""HOOKAH"", ""hk_redirect_percentage"" : 0, ""partition_right"" : ""BTIP"", ""state"" : ""OPENED""}"
5466,5466,"{""id"" : 5466, ""vpn_code"" : ""5466"", ""name"" : ""LABO CANARELL CANARELLI (Transpac)"", ""vpn_id_sip"" : ""5466"", ""customer_reference"" : ""677882"", ""forced_onnet"" : true, ""private_prefix_length"" : 2, ""offnet_via_bcr_allowed"" : true, ""it_key"" : ""CD01DVRJC1"", ""customer_index_for_billing"" : null, ""hk_master"" : ""HOOKAH"", ""hk_redirect_percentage"" : 0, ""partition_right"" : ""BT"", ""state"" : ""OPENED""}"
4424,4424,"{""id"" : 4424, ""vpn_code"" : ""4424"", ""name"" : ""AIR FRANCE JV DELTA"", ""vpn_id_sip"" : ""4424"", ""customer_reference"" : ""678526"", ""forced_onnet"" : true, ""private_prefix_length"" : 3, ""offnet_via_bcr_allowed"" : true, ""it_key"" : ""zzz4424"", ""customer_index_for_billing"" : ""4424"", ""hk_master"" : ""HOOKAH"", ""hk_redirect_percentage"" : 0, ""partition_right"" : ""BT"", ""state"" : ""OPENED""}"
5242,5242,"{""id"" : 5242, ""vpn_code"" : ""5242"", ""name"" : ""TIBCO (Transpac)"", ""vpn_id_sip"" : ""5242"", ""customer_reference"" : ""36423"", ""forced_onnet"" : false, ""private_prefix_length"" : 3, ""offnet_via_bcr_allowed"" : true, ""it_key"" : ""CD01DLLJ9E"", ""customer_index_for_billing"" : null, ""hk_master"" : ""HOOKAH"", ""hk_redirect_percentage"" : 0, ""partition_right"" : ""BT"", ""state"" : ""OPENED""}"
4425,4425,"{""id"" : 4425, ""vpn_code"" : ""4425"", ""name"" : ""Financiere de l echiquier"", ""vpn_id_sip"" : ""4425"", ""customer_reference"" : ""677943"", ""forced_onnet"" : true, ""private_prefix_length"" : 3, ""offnet_via_bcr_allowed"" : true, ""it_key"" : ""zzz4425"", ""customer_index_for_billing"" : ""4425"", ""hk_master"" : ""HOOKAH"", ""hk_redirect_percentage"" : 0, ""partition_right"" : ""BT"", ""state"" : ""OPENED""}"
4426,4426,"{""id"" : 4426, ""vpn_code"" : ""4426"", ""name"" : ""Orange Vallee"", ""vpn_id_sip"" : ""4426"", ""customer_reference"" : ""677816"", ""forced_onnet"" : true, ""private_prefix_length"" : 3, ""offnet_via_bcr_allowed"" : true, ""it_key"" : ""zzz4426"", ""customer_index_for_billing"" : ""4426"", ""hk_master"" : ""HOOKAH"", ""hk_redirect_percentage"" : 0, ""partition_right"" : ""BT"", ""state"" : ""OPENED""}"
5341,5341,"{""id"" : 5341, ""vpn_code"" : ""5341"", ""name"" : ""UDAF 51 ( Transpac )"", ""vpn_id_sip"" : ""5341"", ""customer_reference"" : ""677530"", ""forced_onnet"" : true, ""private_prefix_length"" : 1, ""offnet_via_bcr_allowed"" : true, ""it_key"" : ""CD0168W7DE"", ""customer_index_for_billing"" : null, ""hk_master"" : ""HOOKAH"", ""hk_redirect_percentage"" : 0, ""partition_right"" : ""BT"", ""state"" : ""OPENED""}"
5479,5479,"{""id"" : 5479, ""vpn_code"" : ""5479"", ""name"" : ""KBA France (Transpac)"", ""vpn_id_sip"" : ""5479"", ""customer_reference"" : ""677904"", ""forced_onnet"" : false, ""private_prefix_length"" : 2, ""offnet_via_bcr_allowed"" : true, ""it_key"" : ""CD01EY179D"", ""customer_index_for_billing"" : null, ""hk_master"" : ""HOOKAH"", ""hk_redirect_percentage"" : 0, ""partition_right"" : ""BT"", ""state"" : ""OPENED""}"
5467,5467,"{""id"" : 5467, ""vpn_code"" : ""5467"", ""name"" : ""MAIRIE D ELNE (Transpac)"", ""vpn_id_sip"" : ""5467"", ""customer_reference"" : ""677884"", ""forced_onnet"" : true, ""private_prefix_length"" : 2, ""offnet_via_bcr_allowed"" : true, ""it_key"" : ""CD01E3F1E7"", ""customer_index_for_billing"" : null, ""hk_master"" : ""HOOKAH"", ""hk_redirect_percentage"" : 0, ""partition_right"" : ""BT"", ""state"" : ""OPENED""}"
4432,4432,"{""id"" : 4432, ""vpn_code"" : ""4432"", ""name"" : ""Lindab S.A."", ""vpn_id_sip"" : ""4432"", ""customer_reference"" : ""24332"", ""forced_onnet"" : true, ""private_prefix_length"" : 3, ""offnet_via_bcr_allowed"" : true, ""it_key"" : ""zzz4432"", ""customer_index_for_billing"" : ""4432"", ""hk_master"" : ""HOOKAH"", ""hk_redirect_percentage"" : 0, ""partition_right"" : ""BT"", ""state"" : ""OPENED""}"
5367,5367,"{""id"" : 5367, ""vpn_code"" : ""5367"", ""name"" : ""Association Bethanie (Transpac)"", ""vpn_id_sip"" : ""5367"", ""customer_reference"" : ""677596"", ""forced_onnet"" : false, ""private_prefix_length"" : 2, ""offnet_via_bcr_allowed"" : true, ""it_key"" : ""CD0195H6F2"", ""customer_index_for_billing"" : null, ""hk_master"" : ""HOOKAH"", ""hk_redirect_percentage"" : 0, ""partition_right"" : ""BT"", ""state"" : ""OPENED""}"
10000013,10000013,"{""id"" : 10000013, ""vpn_code"" : ""10000013"", ""name"" : ""TRIMECA"", ""vpn_id_sip"" : ""10000013"", ""customer_reference"" : ""CD01GC6NB8"", ""forced_onnet"" : true, ""private_prefix_length"" : 2, ""offnet_via_bcr_allowed"" : true, ""it_key"" : ""CD01GC6NB8"", ""customer_index_for_billing"" : null, ""hk_master"" : ""HOOKAH"", ""hk_redirect_percentage"" : 0, ""partition_right"" : ""BTIP"", ""state"" : ""OPENED""}"
4801,4801,"{""id"" : 4801, ""vpn_code"" : ""4801"", ""name"" : ""Sprint SIP Pilot"", ""vpn_id_sip"" : ""4801"", ""customer_reference"" : ""35253"", ""forced_onnet"" : true, ""private_prefix_length"" : 3, ""offnet_via_bcr_allowed"" : true, ""it_key"" : ""zzz4801"", ""customer_index_for_billing"" : null, ""hk_master"" : ""HOOKAH"", ""hk_redirect_percentage"" : 0, ""partition_right"" : ""BT"", ""state"" : ""OPENED""}"
5490,5490,"{""id"" : 5490, ""vpn_code"" : ""5490"", ""name"" : ""SOCIETE GENERALE PROTOTYPE (Transpac)"", ""vpn_id_sip"" : ""5490"", ""customer_reference"" : ""36423"", ""forced_onnet"" : true, ""private_prefix_length"" : 5, ""offnet_via_bcr_allowed"" : true, ""it_key"" : ""CD01GGZYB4"", ""customer_index_for_billing"" : null, ""hk_master"" : ""HOOKAH"", ""hk_redirect_percentage"" : 0, ""partition_right"" : ""BT"", ""state"" : ""OPENED""}"
5181,5181,"{""id"" : 5181, ""vpn_code"" : ""5181"", ""name"" : ""BALITRAND (BFSA)"", ""vpn_id_sip"" : ""5181"", ""customer_reference"" : ""36423"", ""forced_onnet"" : true, ""private_prefix_length"" : 2, ""offnet_via_bcr_allowed"" : true, ""it_key"" : ""CD010BV7C1"", ""customer_index_for_billing"" : null, ""hk_master"" : ""HOOKAH"", ""hk_redirect_percentage"" : 0, ""partition_right"" : ""BT"", ""state"" : ""OPENED""}"
5423,5423,"{""id"" : 5423, ""vpn_code"" : ""5423"", ""name"" : ""ARAMIS (Transpac)"", ""vpn_id_sip"" : ""5423"", ""customer_reference"" : ""677739"", ""forced_onnet"" : true, ""private_prefix_length"" : 5, ""offnet_via_bcr_allowed"" : true, ""it_key"" : ""CD01CLTK9C"", ""customer_index_for_billing"" : null, ""hk_master"" : ""HOOKAH"", ""hk_redirect_percentage"" : 0, ""partition_right"" : ""BT"", ""state"" : ""OPENED""}"
5507,5507,"{""id"" : 5507, ""vpn_code"" : ""5507"", ""name"" : ""AGC AUBE (Transpac)"", ""vpn_id_sip"" : ""5507"", ""customer_reference"" : ""677981"", ""forced_onnet"" : true, ""private_prefix_length"" : 2, ""offnet_via_bcr_allowed"" : true, ""it_key"" : ""CD01GF5MA5"", ""customer_index_for_billing"" : null, ""hk_master"" : ""HOOKAH"", ""hk_redirect_percentage"" : 0, ""partition_right"" : ""BT"", ""state"" : ""OPENED""}"
5493,5493,"{""id"" : 5493, ""vpn_code"" : ""5493"", ""name"" : ""SARO (Transpac)"", ""vpn_id_sip"" : ""5493"", ""customer_reference"" : ""677948"", ""forced_onnet"" : true, ""private_prefix_length"" : 1, ""offnet_via_bcr_allowed"" : true, ""it_key"" : ""CD01FP83AF"", ""customer_index_for_billing"" : null, ""hk_master"" : ""HOOKAH"", ""hk_redirect_percentage"" : 0, ""partition_right"" : ""BT"", ""state"" : ""OPENED""}"
5481,5481,"{""id"" : 5481, ""vpn_code"" : ""5481"", ""name"" : ""UNION DES COOPERATEURS d_ALSACE ( Transpac )"", ""vpn_id_sip"" : ""5481"", ""customer_reference"" : ""677908"", ""forced_onnet"" : true, ""private_prefix_length"" : 3, ""offnet_via_bcr_allowed"" : true, ""it_key"" : ""CD01GAQ2CB"", ""customer_index_for_billing"" : null, ""hk_master"" : ""HOOKAH"", ""hk_redirect_percentage"" : 0, ""partition_right"" : ""BT"", ""state"" : ""OPENED""}"
4429,4429,"{""id"" : 4429, ""vpn_code"" : ""4429"", ""name"" : ""Baxter SAS"", ""vpn_id_sip"" : ""4429"", ""customer_reference"" : ""678047"", ""forced_onnet"" : true, ""private_prefix_length"" : 3, ""offnet_via_bcr_allowed"" : true, ""it_key"" : ""zzz4429"", ""customer_index_for_billing"" : null, ""hk_master"" : ""HOOKAH"", ""hk_redirect_percentage"" : 0, ""partition_right"" : ""BT"", ""state"" : ""OPENED""}"
5377,5377,"{""id"" : 5377, ""vpn_code"" : ""5377"", ""name"" : ""CHÂTEAU GISCOURS (Transpac)"", ""vpn_id_sip"" : ""5377"", ""customer_reference"" : ""677611"", ""forced_onnet"" : false, ""private_prefix_length"" : 1, ""offnet_via_bcr_allowed"" : true, ""it_key"" : ""CD01B67N85"", ""customer_index_for_billing"" : null, ""hk_master"" : ""HOOKAH"", ""hk_redirect_percentage"" : 0, ""partition_right"" : ""BT"", ""state"" : ""OPENED""}"
5391,5391,"{""id"" : 5391, ""vpn_code"" : ""5391"", ""name"" : ""Grands Moulins de Paris (Transpac)"", ""vpn_id_sip"" : ""5391"", ""customer_reference"" : ""677656"", ""forced_onnet"" : true, ""private_prefix_length"" : 4, ""offnet_via_bcr_allowed"" : true, ""it_key"" : ""CD01A6E9F2"", ""customer_index_for_billing"" : null, ""hk_master"" : ""HOOKAH"", ""hk_redirect_percentage"" : 0, ""partition_right"" : ""BT"", ""state"" : ""OPENED""}"
5469,5469,"{""id"" : 5469, ""vpn_code"" : ""5469"", ""name"" : ""CDT48 (Transpac)"", ""vpn_id_sip"" : ""5469"", ""customer_reference"" : ""677886"", ""forced_onnet"" : true, ""private_prefix_length"" : 2, ""offnet_via_bcr_allowed"" : true, ""it_key"" : ""CD01G2W9E9"", ""customer_index_for_billing"" : null, ""hk_master"" : ""HOOKAH"", ""hk_redirect_percentage"" : 0, ""partition_right"" : ""BT"", ""state"" : ""OPENED""}"
5474,5474,"{""id"" : 5474, ""vpn_code"" : ""5474"", ""name"" : ""APEI_CHAMBERY_(Transpac)"", ""vpn_id_sip"" : ""5474"", ""customer_reference"" : ""677894"", ""forced_onnet"" : true, ""private_prefix_length"" : 2, ""offnet_via_bcr_allowed"" : true, ""it_key"" : ""CD01FXRJE5"", ""customer_index_for_billing"" : null, ""hk_master"" : ""HOOKAH"", ""hk_redirect_percentage"" : 0, ""partition_right"" : ""BT"", ""state"" : ""OPENED""}"
4433,4433,"{""id"" : 4433, ""vpn_code"" : ""4433"", ""name"" : ""Tate and Lyle Americas LLC"", ""vpn_id_sip"" : ""4433"", ""customer_reference"" : ""35590"", ""forced_onnet"" : false, ""private_prefix_length"" : 3, ""offnet_via_bcr_allowed"" : true, ""it_key"" : ""zzz4433"", ""customer_index_for_billing"" : ""4433"", ""hk_master"" : ""HOOKAH"", ""hk_redirect_percentage"" : 0, ""partition_right"" : ""BT"", ""state"" : ""OPENED""}"
5511,5511,"{""id"" : 5511, ""vpn_code"" : ""5511"", ""name"" : ""touboulic-bvpn"", ""vpn_id_sip"" : ""5511"", ""customer_reference"" : ""36423"", ""forced_onnet"" : false, ""private_prefix_length"" : 2, ""offnet_via_bcr_allowed"" : true, ""it_key"" : ""CD01H98SBA"", ""customer_index_for_billing"" : null, ""hk_master"" : ""HOOKAH"", ""hk_redirect_percentage"" : 0, ""partition_right"" : ""BT"", ""state"" : ""OPENED""}"
4431,4431,"{""id"" : 4431, ""vpn_code"" : ""4431"", ""name"" : ""Flowserve"", ""vpn_id_sip"" : ""4431"", ""customer_reference"" : ""39088"", ""forced_onnet"" : true, ""private_prefix_length"" : 4, ""offnet_via_bcr_allowed"" : true, ""it_key"" : ""zzz4431"", ""customer_index_for_billing"" : null, ""hk_master"" : ""HOOKAH"", ""hk_redirect_percentage"" : 0, ""partition_right"" : ""BT"", ""state"" : ""OPENED""}"
4434,4434,"{""id"" : 4434, ""vpn_code"" : ""4434"", ""name"" : ""Parker Hannifin"", ""vpn_id_sip"" : ""4434"", ""customer_reference"" : ""677840"", ""forced_onnet"" : false, ""private_prefix_length"" : 3, ""offnet_via_bcr_allowed"" : true, ""it_key"" : ""zzz4434"", ""customer_index_for_billing"" : null, ""hk_master"" : ""HOOKAH"", ""hk_redirect_percentage"" : 0, ""partition_right"" : ""BT"", ""state"" : ""OPENED""}"
3998,3998,"{""id"" : 3998, ""vpn_code"" : ""3998"", ""name"" : ""Orange Business Services (OBS) Dummy Customer"", ""vpn_id_sip"" : ""3998"", ""customer_reference"" : ""679"", ""forced_onnet"" : true, ""private_prefix_length"" : 3, ""offnet_via_bcr_allowed"" : true, ""it_key"" : ""zzz3998"", ""customer_index_for_billing"" : null, ""hk_master"" : ""HOOKAH"", ""hk_redirect_percentage"" : 0, ""partition_right"" : ""BT"", ""state"" : ""OPENED""}"
4427,4427,"{""id"" : 4427, ""vpn_code"" : ""4427"", ""name"" : ""RTS"", ""vpn_id_sip"" : ""4427"", ""customer_reference"" : ""677837"", ""forced_onnet"" : false, ""private_prefix_length"" : 3, ""offnet_via_bcr_allowed"" : true, ""it_key"" : ""zzz4427"", ""customer_index_for_billing"" : ""4427"", ""hk_master"" : ""HOOKAH"", ""hk_redirect_percentage"" : 0, ""partition_right"" : ""BT"", ""state"" : ""OPENED""}"
5501,5501,"{""id"" : 5501, ""vpn_code"" : ""5501"", ""name"" : ""VALINDUS (SEPALUMIC)"", ""vpn_id_sip"" : ""5501"", ""customer_reference"" : ""677969"", ""forced_onnet"" : true, ""private_prefix_length"" : 2, ""offnet_via_bcr_allowed"" : true, ""it_key"" : ""CD01HVYECE"", ""customer_index_for_billing"" : null, ""hk_master"" : ""HOOKAH"", ""hk_redirect_percentage"" : 0, ""partition_right"" : ""BT"", ""state"" : ""OPENED""}"
5519,5519,"{""id"" : 5519, ""vpn_code"" : ""5519"", ""name"" : ""LEROUX AUTOMOBILES (Transpac)"", ""vpn_id_sip"" : ""5519"", ""customer_reference"" : ""678032"", ""forced_onnet"" : true, ""private_prefix_length"" : 2, ""offnet_via_bcr_allowed"" : true, ""it_key"" : ""CD01JU3TD6"", ""customer_index_for_billing"" : null, ""hk_master"" : ""HOOKAH"", ""hk_redirect_percentage"" : 0, ""partition_right"" : ""BT"", ""state"" : ""OPENED""}"
5502,5502,"{""id"" : 5502, ""vpn_code"" : ""5502"", ""name"" : ""CAEN FROID (Transpac)"", ""vpn_id_sip"" : ""5502"", ""customer_reference"" : ""677962"", ""forced_onnet"" : true, ""private_prefix_length"" : 2, ""offnet_via_bcr_allowed"" : true, ""it_key"" : ""CD01J05B9E"", ""customer_index_for_billing"" : null, ""hk_master"" : ""HOOKAH"", ""hk_redirect_percentage"" : 0, ""partition_right"" : ""BT"", ""state"" : ""OPENED""}"
10000015,10000015,"{""id"" : 10000015, ""vpn_code"" : ""10000015"", ""name"" : ""LAUNAY"", ""vpn_id_sip"" : ""10000015"", ""customer_reference"" : ""CD01J29V85"", ""forced_onnet"" : true, ""private_prefix_length"" : 2, ""offnet_via_bcr_allowed"" : true, ""it_key"" : ""CD01J29V85"", ""customer_index_for_billing"" : null, ""hk_master"" : ""HOOKAH"", ""hk_redirect_percentage"" : 0, ""partition_right"" : ""BTIP"", ""state"" : ""OPENED""}"
10000016,10000016,"{""id"" : 10000016, ""vpn_code"" : ""10000016"", ""name"" : ""CER48"", ""vpn_id_sip"" : ""10000016"", ""customer_reference"" : ""CD01EB6GB7"", ""forced_onnet"" : false, ""private_prefix_length"" : 2, ""offnet_via_bcr_allowed"" : true, ""it_key"" : ""CD01EB6GB7"", ""customer_index_for_billing"" : null, ""hk_master"" : ""HOOKAH"", ""hk_redirect_percentage"" : 0, ""partition_right"" : ""BTIP"", ""state"" : ""OPENED""}"
5500,5500,"{""id"" : 5500, ""vpn_code"" : ""5500"", ""name"" : ""COMPAGNIE TECHNIQUE DES PETROLES (Transpac)"", ""vpn_id_sip"" : ""5500"", ""customer_reference"" : ""36423"", ""forced_onnet"" : true, ""private_prefix_length"" : 2, ""offnet_via_bcr_allowed"" : true, ""it_key"" : ""CD01H5TS92"", ""customer_index_for_billing"" : null, ""hk_master"" : ""HOOKAH"", ""hk_redirect_percentage"" : 0, ""partition_right"" : ""BT"", ""state"" : ""OPENED""}"
5506,5506,"{""id"" : 5506, ""vpn_code"" : ""5506"", ""name"" : ""Salmon Lay Radigue Bolloch Kerjean"", ""vpn_id_sip"" : ""5506"", ""customer_reference"" : ""36423"", ""forced_onnet"" : false, ""private_prefix_length"" : 1, ""offnet_via_bcr_allowed"" : true, ""it_key"" : ""CD01J8NPBF"", ""customer_index_for_billing"" : null, ""hk_master"" : ""HOOKAH"", ""hk_redirect_percentage"" : 0, ""partition_right"" : ""BT"", ""state"" : ""OPENED""}"
5438,5438,"{""id"" : 5438, ""vpn_code"" : ""5438"", ""name"" : ""RHOVYL (Transpac)"", ""vpn_id_sip"" : ""5438"", ""customer_reference"" : ""677793"", ""forced_onnet"" : true, ""private_prefix_length"" : 2, ""offnet_via_bcr_allowed"" : true, ""it_key"" : ""CD01C74V9B"", ""customer_index_for_billing"" : null, ""hk_master"" : ""HOOKAH"", ""hk_redirect_percentage"" : 0, ""partition_right"" : ""BT"", ""state"" : ""OPENED""}"
5393,5393,"{""id"" : 5393, ""vpn_code"" : ""5393"", ""name"" : ""CHAINE THERMALE DU SOLEIL (Transpac)"", ""vpn_id_sip"" : ""5393"", ""customer_reference"" : ""677733"", ""forced_onnet"" : true, ""private_prefix_length"" : 2, ""offnet_via_bcr_allowed"" : true, ""it_key"" : ""CD018U6LCB"", ""customer_index_for_billing"" : null, ""hk_master"" : ""HOOKAH"", ""hk_redirect_percentage"" : 0, ""partition_right"" : ""BT"", ""state"" : ""OPENED""}"
5460,5460,"{""id"" : 5460, ""vpn_code"" : ""5460"", ""name"" : ""EMMAUS ALTERNATIVE (Transpac)"", ""vpn_id_sip"" : ""5460"", ""customer_reference"" : ""677851"", ""forced_onnet"" : true, ""private_prefix_length"" : 2, ""offnet_via_bcr_allowed"" : true, ""it_key"" : ""CD01D8FTB8"", ""customer_index_for_billing"" : null, ""hk_master"" : ""HOOKAH"", ""hk_redirect_percentage"" : 0, ""partition_right"" : ""BT"", ""state"" : ""OPENED""}"
5436,5436,"{""id"" : 5436, ""vpn_code"" : ""5436"", ""name"" : ""HOSTA (Transpac)"", ""vpn_id_sip"" : ""5436"", ""customer_reference"" : ""673553"", ""forced_onnet"" : false, ""private_prefix_length"" : 2, ""offnet_via_bcr_allowed"" : true, ""it_key"" : ""CD01FGEGA9"", ""customer_index_for_billing"" : null, ""hk_master"" : ""HOOKAH"", ""hk_redirect_percentage"" : 0, ""partition_right"" : ""BT"", ""state"" : ""OPENED""}"
5369,5369,"{""id"" : 5369, ""vpn_code"" : ""5369"", ""name"" : ""CMC (Transpac)"", ""vpn_id_sip"" : ""5369"", ""customer_reference"" : ""677602"", ""forced_onnet"" : true, ""private_prefix_length"" : 2, ""offnet_via_bcr_allowed"" : true, ""it_key"" : ""CD0176YD89"", ""customer_index_for_billing"" : null, ""hk_master"" : ""HOOKAH"", ""hk_redirect_percentage"" : 0, ""partition_right"" : ""BT"", ""state"" : ""OPENED""}"
5408,5408,"{""id"" : 5408, ""vpn_code"" : ""5408"", ""name"" : ""LE FOYER REMOIS (Transpac)"", ""vpn_id_sip"" : ""5408"", ""customer_reference"" : ""677707"", ""forced_onnet"" : true, ""private_prefix_length"" : 3, ""offnet_via_bcr_allowed"" : true, ""it_key"" : ""CD01G6Y9F2"", ""customer_index_for_billing"" : null, ""hk_master"" : ""HOOKAH"", ""hk_redirect_percentage"" : 0, ""partition_right"" : ""BT"", ""state"" : ""OPENED""}"
5464,5464,"{""id"" : 5464, ""vpn_code"" : ""5464"", ""name"" : ""Langlois Sobreti"", ""vpn_id_sip"" : ""5464"", ""customer_reference"" : ""36423"", ""forced_onnet"" : false, ""private_prefix_length"" : 2, ""offnet_via_bcr_allowed"" : true, ""it_key"" : ""CD01FY9XF2"", ""customer_index_for_billing"" : null, ""hk_master"" : ""HOOKAH"", ""hk_redirect_percentage"" : 0, ""partition_right"" : ""BT"", ""state"" : ""OPENED""}"
5395,5395,"{""id"" : 5395, ""vpn_code"" : ""5395"", ""name"" : ""NICOT MEUNERIE (Transpac)"", ""vpn_id_sip"" : ""5395"", ""customer_reference"" : ""677670"", ""forced_onnet"" : true, ""private_prefix_length"" : 2, ""offnet_via_bcr_allowed"" : true, ""it_key"" : ""CD01DWSZD4"", ""customer_index_for_billing"" : null, ""hk_master"" : ""HOOKAH"", ""hk_redirect_percentage"" : 0, ""partition_right"" : ""BT"", ""state"" : ""OPENED""}"
10000017,10000017,"{""id"" : 10000017, ""vpn_code"" : ""10000017"", ""name"" : ""OUEST ISOL"", ""vpn_id_sip"" : ""10000017"", ""customer_reference"" : ""CD01LBQ0C0"", ""forced_onnet"" : true, ""private_prefix_length"" : 3, ""offnet_via_bcr_allowed"" : true, ""it_key"" : ""CD01LBQ0C0"", ""customer_index_for_billing"" : null, ""hk_master"" : ""HOOKAH"", ""hk_redirect_percentage"" : 0, ""partition_right"" : ""BTIP"", ""state"" : ""OPENED""}"
5562,5562,"{""id"" : 5562, ""vpn_code"" : ""5562"", ""name"" : ""SCAR UNION (Transpac)"", ""vpn_id_sip"" : ""5562"", ""customer_reference"" : ""36423"", ""forced_onnet"" : true, ""private_prefix_length"" : 2, ""offnet_via_bcr_allowed"" : true, ""it_key"" : ""CD01KXTKE7"", ""customer_index_for_billing"" : null, ""hk_master"" : ""HOOKAH"", ""hk_redirect_percentage"" : 0, ""partition_right"" : ""BT"", ""state"" : ""OPENED""}"
5468,5468,"{""id"" : 5468, ""vpn_code"" : ""5468"", ""name"" : ""CENTRE OUEST HABITAT (Transpac)"", ""vpn_id_sip"" : ""5468"", ""customer_reference"" : ""677877"", ""forced_onnet"" : true, ""private_prefix_length"" : 2, ""offnet_via_bcr_allowed"" : true, ""it_key"" : ""CD01DA16CF"", ""customer_index_for_billing"" : null, ""hk_master"" : ""HOOKAH"", ""hk_redirect_percentage"" : 0, ""partition_right"" : ""BT"", ""state"" : ""OPENED""}"
10000018,10000018,"{""id"" : 10000018, ""vpn_code"" : ""10000018"", ""name"" : ""CSP"", ""vpn_id_sip"" : ""10000018"", ""customer_reference"" : ""CD01H7T5FB"", ""forced_onnet"" : false, ""private_prefix_length"" : 2, ""offnet_via_bcr_allowed"" : true, ""it_key"" : ""CD01H7T5FB"", ""customer_index_for_billing"" : null, ""hk_master"" : ""HOOKAH"", ""hk_redirect_percentage"" : 0, ""partition_right"" : ""BTIP"", ""state"" : ""OPENED""}"
5567,5567,"{""id"" : 5567, ""vpn_code"" : ""5567"", ""name"" : ""ORDRE NATIONAL MEDECINS(Transpac)"", ""vpn_id_sip"" : ""5567"", ""customer_reference"" : ""678375"", ""forced_onnet"" : true, ""private_prefix_length"" : 3, ""offnet_via_bcr_allowed"" : true, ""it_key"" : ""CD01KEVSB1"", ""customer_index_for_billing"" : null, ""hk_master"" : ""HOOKAH"", ""hk_redirect_percentage"" : 0, ""partition_right"" : ""BT"", ""state"" : ""OPENED""}"
5533,5533,"{""id"" : 5533, ""vpn_code"" : ""5533"", ""name"" : ""MODUL-SYSTEM SA (Transpac)"", ""vpn_id_sip"" : ""5533"", ""customer_reference"" : ""678066"", ""forced_onnet"" : false, ""private_prefix_length"" : 1, ""offnet_via_bcr_allowed"" : true, ""it_key"" : ""CD01HF4GAF"", ""customer_index_for_billing"" : null, ""hk_master"" : ""HOOKAH"", ""hk_redirect_percentage"" : 0, ""partition_right"" : ""BT"", ""state"" : ""OPENED""}"
5470,5470,"{""id"" : 5470, ""vpn_code"" : ""5470"", ""name"" : ""GEMAUTO (Transpac)"", ""vpn_id_sip"" : ""5470"", ""customer_reference"" : ""677885"", ""forced_onnet"" : true, ""private_prefix_length"" : 2, ""offnet_via_bcr_allowed"" : true, ""it_key"" : ""CD01FGCUBB"", ""customer_index_for_billing"" : null, ""hk_master"" : ""HOOKAH"", ""hk_redirect_percentage"" : 0, ""partition_right"" : ""BT"", ""state"" : ""OPENED""}"
5603,5603,"{""id"" : 5603, ""vpn_code"" : ""5603"", ""name"" : ""BERNARDAUD"", ""vpn_id_sip"" : ""5603"", ""customer_reference"" : ""36423"", ""forced_onnet"" : false, ""private_prefix_length"" : 2, ""offnet_via_bcr_allowed"" : true, ""it_key"" : ""CD01R97NA4"", ""customer_index_for_billing"" : null, ""hk_master"" : ""HOOKAH"", ""hk_redirect_percentage"" : 0, ""partition_right"" : ""BT"", ""state"" : ""OPENED""}"
5462,5462,"{""id"" : 5462, ""vpn_code"" : ""5462"", ""name"" : ""JURA BOISSONS (Transpac)"", ""vpn_id_sip"" : ""5462"", ""customer_reference"" : ""677862"", ""forced_onnet"" : true, ""private_prefix_length"" : 2, ""offnet_via_bcr_allowed"" : true, ""it_key"" : ""CD01FCU6C3"", ""customer_index_for_billing"" : null, ""hk_master"" : ""HOOKAH"", ""hk_redirect_percentage"" : 0, ""partition_right"" : ""BT"", ""state"" : ""OPENED""}"
10000020,10000020,"{""id"" : 10000020, ""vpn_code"" : ""10000020"", ""name"" : ""PILOTES de la LOIRE"", ""vpn_id_sip"" : ""10000020"", ""customer_reference"" : ""CD01LY409A"", ""forced_onnet"" : false, ""private_prefix_length"" : 1, ""offnet_via_bcr_allowed"" : true, ""it_key"" : ""CD01LY409A"", ""customer_index_for_billing"" : null, ""hk_master"" : ""HOOKAH"", ""hk_redirect_percentage"" : 0, ""partition_right"" : ""BTIP"", ""state"" : ""OPENED""}"
5551,5551,"{""id"" : 5551, ""vpn_code"" : ""5551"", ""name"" : ""JEAN LUC DEVAUCHELLE (Transpac)"", ""vpn_id_sip"" : ""5551"", ""customer_reference"" : ""678346"", ""forced_onnet"" : true, ""private_prefix_length"" : 2, ""offnet_via_bcr_allowed"" : true, ""it_key"" : ""CD01KY6HE1"", ""customer_index_for_billing"" : null, ""hk_master"" : ""HOOKAH"", ""hk_redirect_percentage"" : 0, ""partition_right"" : ""BT"", ""state"" : ""OPENED""}"
10000021,10000021,"{""id"" : 10000021, ""vpn_code"" : ""10000021"", ""name"" : ""Ambulance Sevres Choletaise"", ""vpn_id_sip"" : ""10000021"", ""customer_reference"" : ""CD01K8MJA6"", ""forced_onnet"" : false, ""private_prefix_length"" : 1, ""offnet_via_bcr_allowed"" : true, ""it_key"" : ""CD01K8MJA6"", ""customer_index_for_billing"" : null, ""hk_master"" : ""HOOKAH"", ""hk_redirect_percentage"" : 0, ""partition_right"" : ""BTIP"", ""state"" : ""OPENED""}"
3963,3963,"{""id"" : 3963, ""vpn_code"" : ""3963"", ""name"" : ""OBS BTG Mobile"", ""vpn_id_sip"" : ""3963"", ""customer_reference"" : ""678478"", ""forced_onnet"" : false, ""private_prefix_length"" : 3, ""offnet_via_bcr_allowed"" : true, ""it_key"" : ""zzz3963"", ""customer_index_for_billing"" : null, ""hk_master"" : ""HOOKAH"", ""hk_redirect_percentage"" : 0, ""partition_right"" : ""BT"", ""state"" : ""OPENED""}"
5524,5524,"{""id"" : 5524, ""vpn_code"" : ""5524"", ""name"" : ""COEXCO (Transpac)"", ""vpn_id_sip"" : ""5524"", ""customer_reference"" : ""678040"", ""forced_onnet"" : true, ""private_prefix_length"" : 1, ""offnet_via_bcr_allowed"" : true, ""it_key"" : ""CD01NCB2C4"", ""customer_index_for_billing"" : null, ""hk_master"" : ""HOOKAH"", ""hk_redirect_percentage"" : 0, ""partition_right"" : ""BT"", ""state"" : ""OPENED""}"
5541,5541,"{""id"" : 5541, ""vpn_code"" : ""5541"", ""name"" : ""BILLON SA (Transpac)"", ""vpn_id_sip"" : ""5541"", ""customer_reference"" : ""678317"", ""forced_onnet"" : true, ""private_prefix_length"" : 2, ""offnet_via_bcr_allowed"" : true, ""it_key"" : ""CD01JUY8BA"", ""customer_index_for_billing"" : null, ""hk_master"" : ""HOOKAH"", ""hk_redirect_percentage"" : 0, ""partition_right"" : ""BT"", ""state"" : ""OPENED""}"
5516,5516,"{""id"" : 5516, ""vpn_code"" : ""5516"", ""name"" : ""GALTIER (Transpac)"", ""vpn_id_sip"" : ""5516"", ""customer_reference"" : ""678026"", ""forced_onnet"" : true, ""private_prefix_length"" : 2, ""offnet_via_bcr_allowed"" : true, ""it_key"" : ""CD01GY9GEE"", ""customer_index_for_billing"" : null, ""hk_master"" : ""HOOKAH"", ""hk_redirect_percentage"" : 0, ""partition_right"" : ""BT"", ""state"" : ""OPENED""}"
5478,5478,"{""id"" : 5478, ""vpn_code"" : ""5478"", ""name"" : ""ICOPAL"", ""vpn_id_sip"" : ""5478"", ""customer_reference"" : ""36423"", ""forced_onnet"" : false, ""private_prefix_length"" : 2, ""offnet_via_bcr_allowed"" : true, ""it_key"" : ""CD01KBNEB6"", ""customer_index_for_billing"" : null, ""hk_master"" : ""HOOKAH"", ""hk_redirect_percentage"" : 0, ""partition_right"" : ""BT"", ""state"" : ""OPENED""}"
4442,4442,"{""id"" : 4442, ""vpn_code"" : ""4442"", ""name"" : ""Axa Technology"", ""vpn_id_sip"" : ""4442"", ""customer_reference"" : ""673719"", ""forced_onnet"" : true, ""private_prefix_length"" : 3, ""offnet_via_bcr_allowed"" : true, ""it_key"" : ""zzz4442"", ""customer_index_for_billing"" : ""4442"", ""hk_master"" : ""HOOKAH"", ""hk_redirect_percentage"" : 0, ""partition_right"" : ""BT"", ""state"" : ""OPENED""}"
5222,5222,"{""id"" : 5222, ""vpn_code"" : ""5222"", ""name"" : ""STRYKER SPINE (Transpac)"", ""vpn_id_sip"" : ""5222"", ""customer_reference"" : ""678493"", ""forced_onnet"" : true, ""private_prefix_length"" : 2, ""offnet_via_bcr_allowed"" : true, ""it_key"" : ""CD011HVEBC"", ""customer_index_for_billing"" : null, ""hk_master"" : ""HOOKAH"", ""hk_redirect_percentage"" : 0, ""partition_right"" : ""BT"", ""state"" : ""OPENED""}"
5542,5542,"{""id"" : 5542, ""vpn_code"" : ""5542"", ""name"" : ""MERLOT (Transpac )"", ""vpn_id_sip"" : ""5542"", ""customer_reference"" : ""678322"", ""forced_onnet"" : true, ""private_prefix_length"" : 2, ""offnet_via_bcr_allowed"" : true, ""it_key"" : ""CD01KBKNBD"", ""customer_index_for_billing"" : null, ""hk_master"" : ""HOOKAH"", ""hk_redirect_percentage"" : 0, ""partition_right"" : ""BT"", ""state"" : ""OPENED""}"
5498,5498,"{""id"" : 5498, ""vpn_code"" : ""5498"", ""name"" : ""TODDS001"", ""vpn_id_sip"" : ""5498"", ""customer_reference"" : ""36423"", ""forced_onnet"" : true, ""private_prefix_length"" : 3, ""offnet_via_bcr_allowed"" : true, ""it_key"" : ""CD01HACTAD"", ""customer_index_for_billing"" : null, ""hk_master"" : ""HOOKAH"", ""hk_redirect_percentage"" : 0, ""partition_right"" : ""BT"", ""state"" : ""OPENED""}"
4445,4445,"{""id"" : 4445, ""vpn_code"" : ""4445"", ""name"" : ""Lafarge VSAT"", ""vpn_id_sip"" : ""4445"", ""customer_reference"" : ""671741"", ""forced_onnet"" : true, ""private_prefix_length"" : 3, ""offnet_via_bcr_allowed"" : true, ""it_key"" : ""zzz4445"", ""customer_index_for_billing"" : ""4445"", ""hk_master"" : ""HOOKAH"", ""hk_redirect_percentage"" : 0, ""partition_right"" : ""BT"", ""state"" : ""OPENED""}"
5456,5456,"{""id"" : 5456, ""vpn_code"" : ""5456"", ""name"" : ""UNIBIO (Transpac)"", ""vpn_id_sip"" : ""5456"", ""customer_reference"" : ""677846"", ""forced_onnet"" : false, ""private_prefix_length"" : 2, ""offnet_via_bcr_allowed"" : true, ""it_key"" : ""CD01DTZBC6"", ""customer_index_for_billing"" : null, ""hk_master"" : ""HOOKAH"", ""hk_redirect_percentage"" : 0, ""partition_right"" : ""BT"", ""state"" : ""OPENED""}"
4368,4368,"{""id"" : 4368, ""vpn_code"" : ""4368"", ""name"" : ""AXA SEGUROS"", ""vpn_id_sip"" : ""4368"", ""customer_reference"" : ""677074"", ""forced_onnet"" : false, ""private_prefix_length"" : 3, ""offnet_via_bcr_allowed"" : true, ""it_key"" : ""zzz4368"", ""customer_index_for_billing"" : ""4368"", ""hk_master"" : ""HOOKAH"", ""hk_redirect_percentage"" : 0, ""partition_right"" : ""BT"", ""state"" : ""OPENED""}"
5530,5530,"{""id"" : 5530, ""vpn_code"" : ""5530"", ""name"" : ""FRIGINOX"", ""vpn_id_sip"" : ""5530"", ""customer_reference"" : ""36423"", ""forced_onnet"" : false, ""private_prefix_length"" : 1, ""offnet_via_bcr_allowed"" : true, ""it_key"" : ""CD01H70Z94"", ""customer_index_for_billing"" : null, ""hk_master"" : ""HOOKAH"", ""hk_redirect_percentage"" : 0, ""partition_right"" : ""BT"", ""state"" : ""OPENED""}"
3673,3673,"{""id"" : 3673, ""vpn_code"" : ""3673"", ""name"" : ""Hewlett Packard (HP)"", ""vpn_id_sip"" : ""3673"", ""customer_reference"" : ""40627"", ""forced_onnet"" : false, ""private_prefix_length"" : 3, ""offnet_via_bcr_allowed"" : true, ""it_key"" : ""zzz3673"", ""customer_index_for_billing"" : ""3673"", ""hk_master"" : ""HOOKAH"", ""hk_redirect_percentage"" : 0, ""partition_right"" : ""BT"", ""state"" : ""OPENED""}"
5538,5538,"{""id"" : 5538, ""vpn_code"" : ""5538"", ""name"" : ""LD Travocean (Transpac)"", ""vpn_id_sip"" : ""5538"", ""customer_reference"" : ""676193"", ""forced_onnet"" : true, ""private_prefix_length"" : 1, ""offnet_via_bcr_allowed"" : true, ""it_key"" : ""CD01KECNAC"", ""customer_index_for_billing"" : null, ""hk_master"" : ""HOOKAH"", ""hk_redirect_percentage"" : 0, ""partition_right"" : ""BT"", ""state"" : ""OPENED""}"
5536,5536,"{""id"" : 5536, ""vpn_code"" : ""5536"", ""name"" : ""COOPERATIVE LAITIERE DE LA SEVRE (Transpac)"", ""vpn_id_sip"" : ""5536"", ""customer_reference"" : ""678090"", ""forced_onnet"" : true, ""private_prefix_length"" : 1, ""offnet_via_bcr_allowed"" : true, ""it_key"" : ""CD01JNH1E9"", ""customer_index_for_billing"" : null, ""hk_master"" : ""HOOKAH"", ""hk_redirect_percentage"" : 0, ""partition_right"" : ""BT"", ""state"" : ""OPENED""}"
5564,5564,"{""id"" : 5564, ""vpn_code"" : ""5564"", ""name"" : ""CELLIOSE (Transpac)"", ""vpn_id_sip"" : ""5564"", ""customer_reference"" : ""670635"", ""forced_onnet"" : false, ""private_prefix_length"" : 2, ""offnet_via_bcr_allowed"" : true, ""it_key"" : ""CD01Q0VF9A"", ""customer_index_for_billing"" : null, ""hk_master"" : ""HOOKAH"", ""hk_redirect_percentage"" : 0, ""partition_right"" : ""BT"", ""state"" : ""OPENED""}"
5517,5517,"{""id"" : 5517, ""vpn_code"" : ""5517"", ""name"" : ""LEGRAET"", ""vpn_id_sip"" : ""5517"", ""customer_reference"" : ""36423"", ""forced_onnet"" : false, ""private_prefix_length"" : 2, ""offnet_via_bcr_allowed"" : true, ""it_key"" : ""CD01LUE6B4"", ""customer_index_for_billing"" : null, ""hk_master"" : ""HOOKAH"", ""hk_redirect_percentage"" : 0, ""partition_right"" : ""BT"", ""state"" : ""OPENED""}"
5482,5482,"{""id"" : 5482, ""vpn_code"" : ""5482"", ""name"" : ""TRANSPORTS SANITAIRES DU PAYS HAUT (Transpac)"", ""vpn_id_sip"" : ""5482"", ""customer_reference"" : ""677905"", ""forced_onnet"" : true, ""private_prefix_length"" : 1, ""offnet_via_bcr_allowed"" : true, ""it_key"" : ""CD01PW85BB"", ""customer_index_for_billing"" : null, ""hk_master"" : ""HOOKAH"", ""hk_redirect_percentage"" : 0, ""partition_right"" : ""BT"", ""state"" : ""OPENED""}"
5495,5495,"{""id"" : 5495, ""vpn_code"" : ""5495"", ""name"" : ""GLI ( Transpac )"", ""vpn_id_sip"" : ""5495"", ""customer_reference"" : ""677944"", ""forced_onnet"" : true, ""private_prefix_length"" : 3, ""offnet_via_bcr_allowed"" : true, ""it_key"" : ""CD01LVFPD8"", ""customer_index_for_billing"" : null, ""hk_master"" : ""HOOKAH"", ""hk_redirect_percentage"" : 0, ""partition_right"" : ""BT"", ""state"" : ""OPENED""}"
5523,5523,"{""id"" : 5523, ""vpn_code"" : ""5523"", ""name"" : ""LES SIST DES HAUTES PYRENEES (Transpac)"", ""vpn_id_sip"" : ""5523"", ""customer_reference"" : ""678034"", ""forced_onnet"" : false, ""private_prefix_length"" : 2, ""offnet_via_bcr_allowed"" : true, ""it_key"" : ""CD01JM4C91"", ""customer_index_for_billing"" : null, ""hk_master"" : ""HOOKAH"", ""hk_redirect_percentage"" : 0, ""partition_right"" : ""BT"", ""state"" : ""OPENED""}"
5458,5458,"{""id"" : 5458, ""vpn_code"" : ""5458"", ""name"" : ""MELCHIORRE (Transpac)"", ""vpn_id_sip"" : ""5458"", ""customer_reference"" : ""82755"", ""forced_onnet"" : true, ""private_prefix_length"" : 1, ""offnet_via_bcr_allowed"" : true, ""it_key"" : ""CD01DUAXD9"", ""customer_index_for_billing"" : null, ""hk_master"" : ""HOOKAH"", ""hk_redirect_percentage"" : 0, ""partition_right"" : ""BT"", ""state"" : ""OPENED""}"
5545,5545,"{""id"" : 5545, ""vpn_code"" : ""5545"", ""name"" : ""MGCORSE"", ""vpn_id_sip"" : ""5545"", ""customer_reference"" : ""36423"", ""forced_onnet"" : true, ""private_prefix_length"" : 2, ""offnet_via_bcr_allowed"" : true, ""it_key"" : ""CD01M9NMA4"", ""customer_index_for_billing"" : null, ""hk_master"" : ""HOOKAH"", ""hk_redirect_percentage"" : 0, ""partition_right"" : ""BT"", ""state"" : ""OPENED""}"
5563,5563,"{""id"" : 5563, ""vpn_code"" : ""5563"", ""name"" : ""LARCHER"", ""vpn_id_sip"" : ""5563"", ""customer_reference"" : ""36423"", ""forced_onnet"" : false, ""private_prefix_length"" : 1, ""offnet_via_bcr_allowed"" : true, ""it_key"" : ""CD01LEF3D2"", ""customer_index_for_billing"" : null, ""hk_master"" : ""HOOKAH"", ""hk_redirect_percentage"" : 0, ""partition_right"" : ""BT"", ""state"" : ""OPENED""}"
4446,4446,"{""id"" : 4446, ""vpn_code"" : ""4446"", ""name"" : ""RENAULT TRUCKS"", ""vpn_id_sip"" : ""4446"", ""customer_reference"" : ""673817"", ""forced_onnet"" : true, ""private_prefix_length"" : 3, ""offnet_via_bcr_allowed"" : true, ""it_key"" : ""zzz4446"", ""customer_index_for_billing"" : null, ""hk_master"" : ""HOOKAH"", ""hk_redirect_percentage"" : 0, ""partition_right"" : ""BT"", ""state"" : ""OPENED""}"
4444,4444,"{""id"" : 4444, ""vpn_code"" : ""4444"", ""name"" : ""Odity Hong Kong Limited"", ""vpn_id_sip"" : ""4444"", ""customer_reference"" : ""678508"", ""forced_onnet"" : true, ""private_prefix_length"" : 3, ""offnet_via_bcr_allowed"" : true, ""it_key"" : ""zzz4444"", ""customer_index_for_billing"" : null, ""hk_master"" : ""HOOKAH"", ""hk_redirect_percentage"" : 0, ""partition_right"" : ""BT"", ""state"" : ""OPENED""}"
5570,5570,"{""id"" : 5570, ""vpn_code"" : ""5570"", ""name"" : ""INTRANITY (Transpac)"", ""vpn_id_sip"" : ""5570"", ""customer_reference"" : ""36423"", ""forced_onnet"" : false, ""private_prefix_length"" : 2, ""offnet_via_bcr_allowed"" : true, ""it_key"" : ""CD01M6UE8E"", ""customer_index_for_billing"" : null, ""hk_master"" : ""HOOKAH"", ""hk_redirect_percentage"" : 0, ""partition_right"" : ""BT"", ""state"" : ""OPENED""}"
5483,5483,"{""id"" : 5483, ""vpn_code"" : ""5483"", ""name"" : ""Partenaire Maintenance Service Solution (Transpac)"", ""vpn_id_sip"" : ""5483"", ""customer_reference"" : ""677999"", ""forced_onnet"" : true, ""private_prefix_length"" : 1, ""offnet_via_bcr_allowed"" : true, ""it_key"" : ""CD01FPTADD"", ""customer_index_for_billing"" : null, ""hk_master"" : ""HOOKAH"", ""hk_redirect_percentage"" : 0, ""partition_right"" : ""BT"", ""state"" : ""OPENED""}"
5561,5561,"{""id"" : 5561, ""vpn_code"" : ""5561"", ""name"" : ""MARQUARDT (Transpac)"", ""vpn_id_sip"" : ""5561"", ""customer_reference"" : ""678367"", ""forced_onnet"" : true, ""private_prefix_length"" : 2, ""offnet_via_bcr_allowed"" : true, ""it_key"" : ""CD01PYBRFB"", ""customer_index_for_billing"" : null, ""hk_master"" : ""HOOKAH"", ""hk_redirect_percentage"" : 0, ""partition_right"" : ""BT"", ""state"" : ""OPENED""}"
5472,5472,"{""id"" : 5472, ""vpn_code"" : ""5472"", ""name"" : ""Intervox (Transpac)"", ""vpn_id_sip"" : ""5472"", ""customer_reference"" : ""677889"", ""forced_onnet"" : true, ""private_prefix_length"" : 1, ""offnet_via_bcr_allowed"" : true, ""it_key"" : ""CD01U3GJ9F"", ""customer_index_for_billing"" : null, ""hk_master"" : ""HOOKAH"", ""hk_redirect_percentage"" : 0, ""partition_right"" : ""BT"", ""state"" : ""OPENED""}"
10000019,10000019,"{""id"" : 10000019, ""vpn_code"" : ""10000019"", ""name"" : ""BERGON SIP"", ""vpn_id_sip"" : ""10000019"", ""customer_reference"" : ""CD01L9CEAF"", ""forced_onnet"" : false, ""private_prefix_length"" : 2, ""offnet_via_bcr_allowed"" : true, ""it_key"" : ""CD01L9CEAF"", ""customer_index_for_billing"" : null, ""hk_master"" : ""HOOKAH"", ""hk_redirect_percentage"" : 0, ""partition_right"" : ""BTIP"", ""state"" : ""OPENED""}"
10000027,10000027,"{""id"" : 10000027, ""vpn_code"" : ""10000027"", ""name"" : ""OPAC44"", ""vpn_id_sip"" : ""10000027"", ""customer_reference"" : ""CD01MDLJAD"", ""forced_onnet"" : false, ""private_prefix_length"" : 2, ""offnet_via_bcr_allowed"" : true, ""it_key"" : ""CD01MDLJAD"", ""customer_index_for_billing"" : null, ""hk_master"" : ""HOOKAH"", ""hk_redirect_percentage"" : 0, ""partition_right"" : ""BTIP"", ""state"" : ""OPENED""}"
5566,5566,"{""id"" : 5566, ""vpn_code"" : ""5566"", ""name"" : ""PARTOUCHE"", ""vpn_id_sip"" : ""5566"", ""customer_reference"" : ""36423"", ""forced_onnet"" : true, ""private_prefix_length"" : 2, ""offnet_via_bcr_allowed"" : true, ""it_key"" : ""CD01L5E5F7"", ""customer_index_for_billing"" : null, ""hk_master"" : ""HOOKAH"", ""hk_redirect_percentage"" : 0, ""partition_right"" : ""BT"", ""state"" : ""OPENED""}"
5442,5442,"{""id"" : 5442, ""vpn_code"" : ""5442"", ""name"" : ""BWT France (Transpac)"", ""vpn_id_sip"" : ""5442"", ""customer_reference"" : ""36423"", ""forced_onnet"" : true, ""private_prefix_length"" : 2, ""offnet_via_bcr_allowed"" : true, ""it_key"" : ""CD01R55M8F"", ""customer_index_for_billing"" : null, ""hk_master"" : ""HOOKAH"", ""hk_redirect_percentage"" : 0, ""partition_right"" : ""BT"", ""state"" : ""OPENED""}"
10000029,10000029,"{""id"" : 10000029, ""vpn_code"" : ""10000029"", ""name"" : ""SPODA"", ""vpn_id_sip"" : ""10000029"", ""customer_reference"" : ""CD01MWLVD8"", ""forced_onnet"" : true, ""private_prefix_length"" : 3, ""offnet_via_bcr_allowed"" : true, ""it_key"" : ""CD01MWLVD8"", ""customer_index_for_billing"" : null, ""hk_master"" : ""HOOKAH"", ""hk_redirect_percentage"" : 0, ""partition_right"" : ""BTIP"", ""state"" : ""OPENED""}"
5559,5559,"{""id"" : 5559, ""vpn_code"" : ""5559"", ""name"" : ""UNION DEPT MUTUELLES DU 63 (Transpac)"", ""vpn_id_sip"" : ""5559"", ""customer_reference"" : ""678322"", ""forced_onnet"" : true, ""private_prefix_length"" : 2, ""offnet_via_bcr_allowed"" : true, ""it_key"" : ""CD01L42K8C"", ""customer_index_for_billing"" : null, ""hk_master"" : ""HOOKAH"", ""hk_redirect_percentage"" : 0, ""partition_right"" : ""BT"", ""state"" : ""OPENED""}"
5590,5590,"{""id"" : 5590, ""vpn_code"" : ""5590"", ""name"" : ""AGCAMA (Transpac)"", ""vpn_id_sip"" : ""5590"", ""customer_reference"" : ""678466"", ""forced_onnet"" : true, ""private_prefix_length"" : 2, ""offnet_via_bcr_allowed"" : true, ""it_key"" : ""CD01PDFLAB"", ""customer_index_for_billing"" : null, ""hk_master"" : ""HOOKAH"", ""hk_redirect_percentage"" : 0, ""partition_right"" : ""BT"", ""state"" : ""OPENED""}"
5558,5558,"{""id"" : 5558, ""vpn_code"" : ""5558"", ""name"" : ""VECTORYS"", ""vpn_id_sip"" : ""5558"", ""customer_reference"" : ""36423"", ""forced_onnet"" : true, ""private_prefix_length"" : 2, ""offnet_via_bcr_allowed"" : true, ""it_key"" : ""CD01N23F96"", ""customer_index_for_billing"" : null, ""hk_master"" : ""HOOKAH"", ""hk_redirect_percentage"" : 0, ""partition_right"" : ""BT"", ""state"" : ""OPENED""}"
5540,5540,"{""id"" : 5540, ""vpn_code"" : ""5540"", ""name"" : ""BIJOUTERIE LANDREAU ( Transpac )"", ""vpn_id_sip"" : ""5540"", ""customer_reference"" : ""678316"", ""forced_onnet"" : true, ""private_prefix_length"" : 2, ""offnet_via_bcr_allowed"" : true, ""it_key"" : ""CD01KVB0BB"", ""customer_index_for_billing"" : null, ""hk_master"" : ""HOOKAH"", ""hk_redirect_percentage"" : 0, ""partition_right"" : ""BT"", ""state"" : ""OPENED""}"
5496,5496,"{""id"" : 5496, ""vpn_code"" : ""5496"", ""name"" : ""LOUIS ET DAVIGNON (Transpac)"", ""vpn_id_sip"" : ""5496"", ""customer_reference"" : ""677956"", ""forced_onnet"" : true, ""private_prefix_length"" : 1, ""offnet_via_bcr_allowed"" : true, ""it_key"" : ""CD01G34P85"", ""customer_index_for_billing"" : null, ""hk_master"" : ""HOOKAH"", ""hk_redirect_percentage"" : 0, ""partition_right"" : ""BT"", ""state"" : ""OPENED""}"
5592,5592,"{""id"" : 5592, ""vpn_code"" : ""5592"", ""name"" : ""IMMOB ECONOMIE MIXTE VILLE POITIERS (Transpac)"", ""vpn_id_sip"" : ""5592"", ""customer_reference"" : ""678472"", ""forced_onnet"" : true, ""private_prefix_length"" : 2, ""offnet_via_bcr_allowed"" : true, ""it_key"" : ""CD01QF15DE"", ""customer_index_for_billing"" : null, ""hk_master"" : ""HOOKAH"", ""hk_redirect_percentage"" : 0, ""partition_right"" : ""BT"", ""state"" : ""OPENED""}"
10000039,10000039,"{""id"" : 10000039, ""vpn_code"" : ""10000039"", ""name"" : ""GAUVINBERROD"", ""vpn_id_sip"" : ""10000039"", ""customer_reference"" : ""CD01R26X8B"", ""forced_onnet"" : true, ""private_prefix_length"" : 1, ""offnet_via_bcr_allowed"" : true, ""it_key"" : ""CD01R26X8B"", ""customer_index_for_billing"" : null, ""hk_master"" : ""HOOKAH"", ""hk_redirect_percentage"" : 0, ""partition_right"" : ""BTIP"", ""state"" : ""OPENED""}"
4449,4449,"{""id"" : 4449, ""vpn_code"" : ""4449"", ""name"" : ""Kwntet AB"", ""vpn_id_sip"" : ""4449"", ""customer_reference"" : ""675566"", ""forced_onnet"" : true, ""private_prefix_length"" : 3, ""offnet_via_bcr_allowed"" : true, ""it_key"" : ""zzz4449"", ""customer_index_for_billing"" : null, ""hk_master"" : ""HOOKAH"", ""hk_redirect_percentage"" : 0, ""partition_right"" : ""BT"", ""state"" : ""OPENED""}"
3693,3693,"{""id"" : 3693, ""vpn_code"" : ""3693"", ""name"" : ""MR GOOD DEAL"", ""vpn_id_sip"" : ""3693"", ""customer_reference"" : ""675798"", ""forced_onnet"" : false, ""private_prefix_length"" : 3, ""offnet_via_bcr_allowed"" : true, ""it_key"" : ""zzz3693"", ""customer_index_for_billing"" : ""3693"", ""hk_master"" : ""HOOKAH"", ""hk_redirect_percentage"" : 0, ""partition_right"" : ""BT"", ""state"" : ""OPENED""}"
10000037,10000037,"{""id"" : 10000037, ""vpn_code"" : ""10000037"", ""name"" : ""VALDILOIRE"", ""vpn_id_sip"" : ""10000037"", ""customer_reference"" : ""CD01PQ8LD6"", ""forced_onnet"" : false, ""private_prefix_length"" : 2, ""offnet_via_bcr_allowed"" : true, ""it_key"" : ""CD01PQ8LD6"", ""customer_index_for_billing"" : null, ""hk_master"" : ""HOOKAH"", ""hk_redirect_percentage"" : 0, ""partition_right"" : ""BTIP"", ""state"" : ""OPENED""}"
5594,5594,"{""id"" : 5594, ""vpn_code"" : ""5594"", ""name"" : ""MTDEVELOPPEMENT"", ""vpn_id_sip"" : ""5594"", ""customer_reference"" : ""36423"", ""forced_onnet"" : false, ""private_prefix_length"" : 2, ""offnet_via_bcr_allowed"" : true, ""it_key"" : ""CD01QG9RBC"", ""customer_index_for_billing"" : null, ""hk_master"" : ""HOOKAH"", ""hk_redirect_percentage"" : 0, ""partition_right"" : ""BT"", ""state"" : ""OPENED""}"
5600,5600,"{""id"" : 5600, ""vpn_code"" : ""5600"", ""name"" : ""VOYAGES BERTRAND (Transpac)"", ""vpn_id_sip"" : ""5600"", ""customer_reference"" : ""36423"", ""forced_onnet"" : true, ""private_prefix_length"" : 2, ""offnet_via_bcr_allowed"" : true, ""it_key"" : ""CD01R86MA2"", ""customer_index_for_billing"" : null, ""hk_master"" : ""HOOKAH"", ""hk_redirect_percentage"" : 0, ""partition_right"" : ""BT"", ""state"" : ""OPENED""}"
8369400,8369400,"{""id"" : 8369400, ""vpn_code"" : ""8369400"", ""name"" : ""TOULON"", ""vpn_id_sip"" : ""8369"", ""customer_reference"" : ""36423"", ""forced_onnet"" : true, ""private_prefix_length"" : 3, ""offnet_via_bcr_allowed"" : true, ""it_key"" : ""CD01L0VS8F"", ""customer_index_for_billing"" : null, ""hk_master"" : ""HOOKAH"", ""hk_redirect_percentage"" : 0, ""partition_right"" : ""BT"", ""state"" : ""OPENED""}"
5605,5605,"{""id"" : 5605, ""vpn_code"" : ""5605"", ""name"" : ""CPARTHENAY"", ""vpn_id_sip"" : ""5605"", ""customer_reference"" : ""36423"", ""forced_onnet"" : false, ""private_prefix_length"" : 2, ""offnet_via_bcr_allowed"" : true, ""it_key"" : ""CD01R4DB85"", ""customer_index_for_billing"" : null, ""hk_master"" : ""HOOKAH"", ""hk_redirect_percentage"" : 0, ""partition_right"" : ""BT"", ""state"" : ""OPENED""}"
10000035,10000035,"{""id"" : 10000035, ""vpn_code"" : ""10000035"", ""name"" : ""CORDERIEDOR"", ""vpn_id_sip"" : ""10000035"", ""customer_reference"" : ""CD01PZDTF7"", ""forced_onnet"" : false, ""private_prefix_length"" : 2, ""offnet_via_bcr_allowed"" : true, ""it_key"" : ""CD01PZDTF7"", ""customer_index_for_billing"" : null, ""hk_master"" : ""HOOKAH"", ""hk_redirect_percentage"" : 0, ""partition_right"" : ""BTIP"", ""state"" : ""OPENED""}"
4451,4451,"{""id"" : 4451, ""vpn_code"" : ""4451"", ""name"" : ""ATOS Spain SA"", ""vpn_id_sip"" : ""4451"", ""customer_reference"" : ""690216"", ""forced_onnet"" : true, ""private_prefix_length"" : 3, ""offnet_via_bcr_allowed"" : true, ""it_key"" : ""zzz4451"", ""customer_index_for_billing"" : ""4451"", ""hk_master"" : ""HOOKAH"", ""hk_redirect_percentage"" : 0, ""partition_right"" : ""BT"", ""state"" : ""OPENED""}"
5527,5527,"{""id"" : 5527, ""vpn_code"" : ""5527"", ""name"" : ""LES PARFUMERIES FRAGONARD  (Transpac)"", ""vpn_id_sip"" : ""5527"", ""customer_reference"" : ""678045"", ""forced_onnet"" : true, ""private_prefix_length"" : 2, ""offnet_via_bcr_allowed"" : true, ""it_key"" : ""CD01HY8DED"", ""customer_index_for_billing"" : null, ""hk_master"" : ""HOOKAH"", ""hk_redirect_percentage"" : 0, ""partition_right"" : ""BT"", ""state"" : ""OPENED""}"
5518,5518,"{""id"" : 5518, ""vpn_code"" : ""5518"", ""name"" : ""FIPSOSAS"", ""vpn_id_sip"" : ""5518"", ""customer_reference"" : ""36423"", ""forced_onnet"" : true, ""private_prefix_length"" : 2, ""offnet_via_bcr_allowed"" : true, ""it_key"" : ""CD01H4H5F1"", ""customer_index_for_billing"" : null, ""hk_master"" : ""HOOKAH"", ""hk_redirect_percentage"" : 0, ""partition_right"" : ""BT"", ""state"" : ""OPENED""}"
10000034,10000034,"{""id"" : 10000034, ""vpn_code"" : ""10000034"", ""name"" : ""JAIS"", ""vpn_id_sip"" : ""10000034"", ""customer_reference"" : ""CD01KB0PA3"", ""forced_onnet"" : true, ""private_prefix_length"" : 2, ""offnet_via_bcr_allowed"" : true, ""it_key"" : ""CD01KB0PA3"", ""customer_index_for_billing"" : null, ""hk_master"" : ""HOOKAH"", ""hk_redirect_percentage"" : 0, ""partition_right"" : ""BTIP"", ""state"" : ""OPENED""}"
10000033,10000033,"{""id"" : 10000033, ""vpn_code"" : ""10000033"", ""name"" : ""BTIP SIP SUD MOTEUR"", ""vpn_id_sip"" : ""10000033"", ""customer_reference"" : ""CD01R9G8D2"", ""forced_onnet"" : false, ""private_prefix_length"" : 2, ""offnet_via_bcr_allowed"" : true, ""it_key"" : ""CD01R9G8D2"", ""customer_index_for_billing"" : null, ""hk_master"" : ""HOOKAH"", ""hk_redirect_percentage"" : 0, ""partition_right"" : ""BTIP"", ""state"" : ""OPENED""}"
10000036,10000036,"{""id"" : 10000036, ""vpn_code"" : ""10000036"", ""name"" : ""TIRARD-BURGAUD"", ""vpn_id_sip"" : ""10000036"", ""customer_reference"" : ""CD01RW3FCB"", ""forced_onnet"" : false, ""private_prefix_length"" : 2, ""offnet_via_bcr_allowed"" : true, ""it_key"" : ""CD01RW3FCB"", ""customer_index_for_billing"" : null, ""hk_master"" : ""HOOKAH"", ""hk_redirect_percentage"" : 0, ""partition_right"" : ""BTIP"", ""state"" : ""OPENED""}"
4452,4452,"{""id"" : 4452, ""vpn_code"" : ""4452"", ""name"" : ""HITACHI"", ""vpn_id_sip"" : ""4452"", ""customer_reference"" : ""678627"", ""forced_onnet"" : false, ""private_prefix_length"" : 3, ""offnet_via_bcr_allowed"" : true, ""it_key"" : ""zzz4452"", ""customer_index_for_billing"" : null, ""hk_master"" : ""HOOKAH"", ""hk_redirect_percentage"" : 0, ""partition_right"" : ""BT"", ""state"" : ""OPENED""}"
5268,5268,"{""id"" : 5268, ""vpn_code"" : ""5268"", ""name"" : ""FEDERATION FRANCAISE DU BATIMENT (Transpac)"", ""vpn_id_sip"" : ""5268"", ""customer_reference"" : ""677416"", ""forced_onnet"" : true, ""private_prefix_length"" : 3, ""offnet_via_bcr_allowed"" : true, ""it_key"" : ""CD014TVCC1"", ""customer_index_for_billing"" : null, ""hk_master"" : ""HOOKAH"", ""hk_redirect_percentage"" : 0, ""partition_right"" : ""BT"", ""state"" : ""OPENED""}"
5409,5409,"{""id"" : 5409, ""vpn_code"" : ""5409"", ""name"" : ""ACO"", ""vpn_id_sip"" : ""5409"", ""customer_reference"" : ""36423"", ""forced_onnet"" : false, ""private_prefix_length"" : 2, ""offnet_via_bcr_allowed"" : true, ""it_key"" : ""CD01BMQT85"", ""customer_index_for_billing"" : null, ""hk_master"" : ""HOOKAH"", ""hk_redirect_percentage"" : 0, ""partition_right"" : ""BT"", ""state"" : ""OPENED""}"
3417,3417,"{""id"" : 3417, ""vpn_code"" : ""3417"", ""name"" : ""GESTEN (Transpac)"", ""vpn_id_sip"" : ""3417"", ""customer_reference"" : ""674037"", ""forced_onnet"" : true, ""private_prefix_length"" : 2, ""offnet_via_bcr_allowed"" : true, ""it_key"" : ""CD00KV4VCA"", ""customer_index_for_billing"" : null, ""hk_master"" : ""HOOKAH"", ""hk_redirect_percentage"" : 0, ""partition_right"" : ""BT"", ""state"" : ""OPENED""}"
5612,5612,"{""id"" : 5612, ""vpn_code"" : ""5612"", ""name"" : ""RENAULT TRUCKS (Transpac)"", ""vpn_id_sip"" : ""5612"", ""customer_reference"" : ""678671"", ""forced_onnet"" : true, ""private_prefix_length"" : 3, ""offnet_via_bcr_allowed"" : true, ""it_key"" : ""CD01RMF5E7"", ""customer_index_for_billing"" : null, ""hk_master"" : ""HOOKAH"", ""hk_redirect_percentage"" : 0, ""partition_right"" : ""BT"", ""state"" : ""OPENED""}"
4402,4402,"{""id"" : 4402, ""vpn_code"" : ""4402"", ""name"" : ""Symphony BPO Solution Sdn Bhd"", ""vpn_id_sip"" : ""4402"", ""customer_reference"" : ""676901"", ""forced_onnet"" : true, ""private_prefix_length"" : 3, ""offnet_via_bcr_allowed"" : true, ""it_key"" : ""zzz4402"", ""customer_index_for_billing"" : null, ""hk_master"" : ""HOOKAH"", ""hk_redirect_percentage"" : 0, ""partition_right"" : ""BT"", ""state"" : ""OPENED""}"
3579,3579,"{""id"" : 3579, ""vpn_code"" : ""3579"", ""name"" : ""LPG CALL CENTRE"", ""vpn_id_sip"" : ""3579"", ""customer_reference"" : ""676167"", ""forced_onnet"" : false, ""private_prefix_length"" : 3, ""offnet_via_bcr_allowed"" : true, ""it_key"" : ""zzz3579"", ""customer_index_for_billing"" : ""3579"", ""hk_master"" : ""HOOKAH"", ""hk_redirect_percentage"" : 0, ""partition_right"" : ""BT"", ""state"" : ""OPENED""}"
3691,3691,"{""id"" : 3691, ""vpn_code"" : ""3691"", ""name"" : ""NUMONYX"", ""vpn_id_sip"" : ""3691"", ""customer_reference"" : ""674601"", ""forced_onnet"" : false, ""private_prefix_length"" : 3, ""offnet_via_bcr_allowed"" : true, ""it_key"" : ""zzz3691"", ""customer_index_for_billing"" : ""3691"", ""hk_master"" : ""HOOKAH"", ""hk_redirect_percentage"" : 0, ""partition_right"" : ""BT"", ""state"" : ""OPENED""}"
3770,3770,"{""id"" : 3770, ""vpn_code"" : ""3770"", ""name"" : ""CELESTIX COM."", ""vpn_id_sip"" : ""3770"", ""customer_reference"" : ""672392"", ""forced_onnet"" : false, ""private_prefix_length"" : 3, ""offnet_via_bcr_allowed"" : true, ""it_key"" : ""zzz3770"", ""customer_index_for_billing"" : ""3770"", ""hk_master"" : ""HOOKAH"", ""hk_redirect_percentage"" : 0, ""partition_right"" : ""BT"", ""state"" : ""OPENED""}"
5513,5513,"{""id"" : 5513, ""vpn_code"" : ""5513"", ""name"" : ""DERD (Transpac)"", ""vpn_id_sip"" : ""5513"", ""customer_reference"" : ""678004"", ""forced_onnet"" : true, ""private_prefix_length"" : 2, ""offnet_via_bcr_allowed"" : true, ""it_key"" : ""CD01K5KD85"", ""customer_index_for_billing"" : null, ""hk_master"" : ""HOOKAH"", ""hk_redirect_percentage"" : 0, ""partition_right"" : ""BT"", ""state"" : ""OPENED""}"
3974,3974,"{""id"" : 3974, ""vpn_code"" : ""3974"", ""name"" : ""CDISCOUNT"", ""vpn_id_sip"" : ""3974"", ""customer_reference"" : ""676450"", ""forced_onnet"" : false, ""private_prefix_length"" : 3, ""offnet_via_bcr_allowed"" : true, ""it_key"" : ""zzz3974"", ""customer_index_for_billing"" : ""3974"", ""hk_master"" : ""HOOKAH"", ""hk_redirect_percentage"" : 0, ""partition_right"" : ""BT"", ""state"" : ""OPENED""}"
5554,5554,"{""id"" : 5554, ""vpn_code"" : ""5554"", ""name"" : ""Brasserie Bedague (Transpac)"", ""vpn_id_sip"" : ""5554"", ""customer_reference"" : ""678345"", ""forced_onnet"" : true, ""private_prefix_length"" : 2, ""offnet_via_bcr_allowed"" : true, ""it_key"" : ""CD01P1G9E3"", ""customer_index_for_billing"" : null, ""hk_master"" : ""HOOKAH"", ""hk_redirect_percentage"" : 0, ""partition_right"" : ""BT"", ""state"" : ""OPENED""}"
4453,4453,"{""id"" : 4453, ""vpn_code"" : ""4453"", ""name"" : ""PMI efax"", ""vpn_id_sip"" : ""4453"", ""customer_reference"" : ""30075"", ""forced_onnet"" : false, ""private_prefix_length"" : 3, ""offnet_via_bcr_allowed"" : true, ""it_key"" : ""zzz4453"", ""customer_index_for_billing"" : null, ""hk_master"" : ""HOOKAH"", ""hk_redirect_percentage"" : 0, ""partition_right"" : ""BT"", ""state"" : ""OPENED""}"
5616,5616,"{""id"" : 5616, ""vpn_code"" : ""5616"", ""name"" : ""ENSPMFI"", ""vpn_id_sip"" : ""5616"", ""customer_reference"" : ""36423"", ""forced_onnet"" : false, ""private_prefix_length"" : 2, ""offnet_via_bcr_allowed"" : true, ""it_key"" : ""CD01RV70B8"", ""customer_index_for_billing"" : null, ""hk_master"" : ""HOOKAH"", ""hk_redirect_percentage"" : 0, ""partition_right"" : ""BT"", ""state"" : ""OPENED""}"
5628,5628,"{""id"" : 5628, ""vpn_code"" : ""5628"", ""name"" : ""IDAAVO001"", ""vpn_id_sip"" : ""5628"", ""customer_reference"" : ""36423"", ""forced_onnet"" : false, ""private_prefix_length"" : 2, ""offnet_via_bcr_allowed"" : true, ""it_key"" : ""CD01THCX94"", ""customer_index_for_billing"" : null, ""hk_master"" : ""HOOKAH"", ""hk_redirect_percentage"" : 0, ""partition_right"" : ""BT"", ""state"" : ""OPENED""}"
3694,3694,"{""id"" : 3694, ""vpn_code"" : ""3694"", ""name"" : ""NETGEAR"", ""vpn_id_sip"" : ""3694"", ""customer_reference"" : ""670813"", ""forced_onnet"" : false, ""private_prefix_length"" : 3, ""offnet_via_bcr_allowed"" : true, ""it_key"" : ""zzz3694"", ""customer_index_for_billing"" : ""3694"", ""hk_master"" : ""HOOKAH"", ""hk_redirect_percentage"" : 0, ""partition_right"" : ""BT"", ""state"" : ""OPENED""}"
3546,3546,"{""id"" : 3546, ""vpn_code"" : ""3546"", ""name"" : ""CARESTREAM"", ""vpn_id_sip"" : ""3546"", ""customer_reference"" : ""675858"", ""forced_onnet"" : false, ""private_prefix_length"" : 3, ""offnet_via_bcr_allowed"" : true, ""it_key"" : ""zzz3546"", ""customer_index_for_billing"" : ""3546"", ""hk_master"" : ""HOOKAH"", ""hk_redirect_percentage"" : 0, ""partition_right"" : ""BT"", ""state"" : ""OPENED""}"
10000038,10000038,"{""id"" : 10000038, ""vpn_code"" : ""10000038"", ""name"" : ""PIGE"", ""vpn_id_sip"" : ""10000038"", ""customer_reference"" : ""CD01SQ05AF"", ""forced_onnet"" : false, ""private_prefix_length"" : 2, ""offnet_via_bcr_allowed"" : true, ""it_key"" : ""CD01SQ05AF"", ""customer_index_for_billing"" : null, ""hk_master"" : ""HOOKAH"", ""hk_redirect_percentage"" : 0, ""partition_right"" : ""BTIP"", ""state"" : ""OPENED""}"
5625,5625,"{""id"" : 5625, ""vpn_code"" : ""5625"", ""name"" : ""FOLIESDOUCES"", ""vpn_id_sip"" : ""5625"", ""customer_reference"" : ""36423"", ""forced_onnet"" : false, ""private_prefix_length"" : 3, ""offnet_via_bcr_allowed"" : true, ""it_key"" : ""CD01U900D9"", ""customer_index_for_billing"" : null, ""hk_master"" : ""HOOKAH"", ""hk_redirect_percentage"" : 0, ""partition_right"" : ""BT"", ""state"" : ""OPENED""}"
5610,5610,"{""id"" : 5610, ""vpn_code"" : ""5610"", ""name"" : ""CGC87"", ""vpn_id_sip"" : ""5610"", ""customer_reference"" : ""36423"", ""forced_onnet"" : false, ""private_prefix_length"" : 2, ""offnet_via_bcr_allowed"" : true, ""it_key"" : ""CD01SN8B99"", ""customer_index_for_billing"" : null, ""hk_master"" : ""HOOKAH"", ""hk_redirect_percentage"" : 0, ""partition_right"" : ""BT"", ""state"" : ""OPENED""}"
10000041,10000041,"{""id"" : 10000041, ""vpn_code"" : ""10000041"", ""name"" : ""LGHOLDING"", ""vpn_id_sip"" : ""10000041"", ""customer_reference"" : ""CD01TWHPDD"", ""forced_onnet"" : false, ""private_prefix_length"" : 1, ""offnet_via_bcr_allowed"" : true, ""it_key"" : ""CD01TWHPDD"", ""customer_index_for_billing"" : null, ""hk_master"" : ""HOOKAH"", ""hk_redirect_percentage"" : 0, ""partition_right"" : ""BTIP"", ""state"" : ""OPENED""}"
5634,5634,"{""id"" : 5634, ""vpn_code"" : ""5634"", ""name"" : ""MISSION LOCALE GENEVOIS (Transpac)"", ""vpn_id_sip"" : ""5634"", ""customer_reference"" : ""678625"", ""forced_onnet"" : true, ""private_prefix_length"" : 2, ""offnet_via_bcr_allowed"" : true, ""it_key"" : ""CD01VRV8A8"", ""customer_index_for_billing"" : null, ""hk_master"" : ""HOOKAH"", ""hk_redirect_percentage"" : 0, ""partition_right"" : ""BT"", ""state"" : ""OPENED""}"
10000042,10000042,"{""id"" : 10000042, ""vpn_code"" : ""10000042"", ""name"" : ""LIZE_BVPN"", ""vpn_id_sip"" : ""10000042"", ""customer_reference"" : ""CD01UA4BBB"", ""forced_onnet"" : false, ""private_prefix_length"" : 2, ""offnet_via_bcr_allowed"" : true, ""it_key"" : ""CD01UA4BBB"", ""customer_index_for_billing"" : null, ""hk_master"" : ""HOOKAH"", ""hk_redirect_percentage"" : 0, ""partition_right"" : ""BTIP"", ""state"" : ""OPENED""}"
5630,5630,"{""id"" : 5630, ""vpn_code"" : ""5630"", ""name"" : ""FABRICE CHRETIEN (Transpac)"", ""vpn_id_sip"" : ""5630"", ""customer_reference"" : ""678604"", ""forced_onnet"" : false, ""private_prefix_length"" : 2, ""offnet_via_bcr_allowed"" : true, ""it_key"" : ""CD01W6N9F1"", ""customer_index_for_billing"" : null, ""hk_master"" : ""HOOKAH"", ""hk_redirect_percentage"" : 0, ""partition_right"" : ""BT"", ""state"" : ""OPENED""}"
5270,5270,"{""id"" : 5270, ""vpn_code"" : ""5270"", ""name"" : ""SERVIVIANDE (Transpac)"", ""vpn_id_sip"" : ""5270"", ""customer_reference"" : ""36423"", ""forced_onnet"" : true, ""private_prefix_length"" : 5, ""offnet_via_bcr_allowed"" : true, ""it_key"" : ""CD01VZT794"", ""customer_index_for_billing"" : null, ""hk_master"" : ""HOOKAH"", ""hk_redirect_percentage"" : 0, ""partition_right"" : ""BT"", ""state"" : ""OPENED""}"
5585,5585,"{""id"" : 5585, ""vpn_code"" : ""5585"", ""name"" : ""ETS DIEBOLT (Transpac)"", ""vpn_id_sip"" : ""5585"", ""customer_reference"" : ""678442"", ""forced_onnet"" : true, ""private_prefix_length"" : 1, ""offnet_via_bcr_allowed"" : true, ""it_key"" : ""CD01NUGKCA"", ""customer_index_for_billing"" : null, ""hk_master"" : ""HOOKAH"", ""hk_redirect_percentage"" : 0, ""partition_right"" : ""BT"", ""state"" : ""OPENED""}"
4456,4456,"{""id"" : 4456, ""vpn_code"" : ""4456"", ""name"" : ""Konecranes PLC"", ""vpn_id_sip"" : ""4456"", ""customer_reference"" : ""676597"", ""forced_onnet"" : true, ""private_prefix_length"" : 3, ""offnet_via_bcr_allowed"" : true, ""it_key"" : ""zzz4456"", ""customer_index_for_billing"" : null, ""hk_master"" : ""HOOKAH"", ""hk_redirect_percentage"" : 0, ""partition_right"" : ""BT"", ""state"" : ""OPENED""}"
4370,4370,"{""id"" : 4370, ""vpn_code"" : ""4370"", ""name"" : ""Nobles"", ""vpn_id_sip"" : ""4370"", ""customer_reference"" : ""676040"", ""forced_onnet"" : true, ""private_prefix_length"" : 3, ""offnet_via_bcr_allowed"" : true, ""it_key"" : ""zzz4370"", ""customer_index_for_billing"" : null, ""hk_master"" : ""HOOKAH"", ""hk_redirect_percentage"" : 0, ""partition_right"" : ""BT"", ""state"" : ""OPENED""}"
3832,3832,"{""id"" : 3832, ""vpn_code"" : ""3832"", ""name"" : ""PRI.-PIN.-LARED"", ""vpn_id_sip"" : ""3832"", ""customer_reference"" : ""12940"", ""forced_onnet"" : false, ""private_prefix_length"" : 3, ""offnet_via_bcr_allowed"" : true, ""it_key"" : ""zzz3832"", ""customer_index_for_billing"" : ""3832"", ""hk_master"" : ""HOOKAH"", ""hk_redirect_percentage"" : 0, ""partition_right"" : ""BT"", ""state"" : ""OPENED""}"
3708,3708,"{""id"" : 3708, ""vpn_code"" : ""3708"", ""name"" : ""CAPGEMINI OS SCHNEIDER"", ""vpn_id_sip"" : ""3708"", ""customer_reference"" : ""671742"", ""forced_onnet"" : false, ""private_prefix_length"" : 3, ""offnet_via_bcr_allowed"" : true, ""it_key"" : ""zzz3708"", ""customer_index_for_billing"" : ""3708"", ""hk_master"" : ""HOOKAH"", ""hk_redirect_percentage"" : 0, ""partition_right"" : ""BT"", ""state"" : ""OPENED""}"
3849,3849,"{""id"" : 3849, ""vpn_code"" : ""3849"", ""name"" : ""DPR"", ""vpn_id_sip"" : ""3849"", ""customer_reference"" : ""676434"", ""forced_onnet"" : false, ""private_prefix_length"" : 3, ""offnet_via_bcr_allowed"" : true, ""it_key"" : ""zzz3849"", ""customer_index_for_billing"" : ""3849"", ""hk_master"" : ""HOOKAH"", ""hk_redirect_percentage"" : 0, ""partition_right"" : ""BT"", ""state"" : ""OPENED""}"
3986,3986,"{""id"" : 3986, ""vpn_code"" : ""3986"", ""name"" : ""FREESCALE"", ""vpn_id_sip"" : ""3986"", ""customer_reference"" : ""676451"", ""forced_onnet"" : false, ""private_prefix_length"" : 3, ""offnet_via_bcr_allowed"" : true, ""it_key"" : ""zzz3986"", ""customer_index_for_billing"" : ""3986"", ""hk_master"" : ""HOOKAH"", ""hk_redirect_percentage"" : 0, ""partition_right"" : ""BT"", ""state"" : ""OPENED""}"
4461,4461,"{""id"" : 4461, ""vpn_code"" : ""4461"", ""name"" : ""SULO Verwaltung & Technik"", ""vpn_id_sip"" : ""4461"", ""customer_reference"" : ""678647"", ""forced_onnet"" : false, ""private_prefix_length"" : 3, ""offnet_via_bcr_allowed"" : true, ""it_key"" : ""zzz4461"", ""customer_index_for_billing"" : null, ""hk_master"" : ""HOOKAH"", ""hk_redirect_percentage"" : 0, ""partition_right"" : ""BT"", ""state"" : ""OPENED""}"
4457,4457,"{""id"" : 4457, ""vpn_code"" : ""4457"", ""name"" : ""NBR"", ""vpn_id_sip"" : ""4457"", ""customer_reference"" : ""678660"", ""forced_onnet"" : false, ""private_prefix_length"" : 3, ""offnet_via_bcr_allowed"" : true, ""it_key"" : ""zzz4457"", ""customer_index_for_billing"" : ""6786"", ""hk_master"" : ""HOOKAH"", ""hk_redirect_percentage"" : 0, ""partition_right"" : ""BT"", ""state"" : ""OPENED""}"
5613,5613,"{""id"" : 5613, ""vpn_code"" : ""5613"", ""name"" : ""SOBERFI"", ""vpn_id_sip"" : ""5613"", ""customer_reference"" : ""36423"", ""forced_onnet"" : false, ""private_prefix_length"" : 2, ""offnet_via_bcr_allowed"" : true, ""it_key"" : ""CD01SMW7E6"", ""customer_index_for_billing"" : null, ""hk_master"" : ""HOOKAH"", ""hk_redirect_percentage"" : 0, ""partition_right"" : ""BT"", ""state"" : ""OPENED""}"
10000079,10000079,"{""id"" : 10000079, ""vpn_code"" : ""10000079"", ""name"" : ""GROUPE JEAN ROMPTEAUX (JR)"", ""vpn_id_sip"" : ""10000079"", ""customer_reference"" : ""CD0260A1D7"", ""forced_onnet"" : false, ""private_prefix_length"" : 2, ""offnet_via_bcr_allowed"" : true, ""it_key"" : ""CD0260A1D7"", ""customer_index_for_billing"" : null, ""hk_master"" : ""HOOKAH"", ""hk_redirect_percentage"" : 0, ""partition_right"" : ""BTIP"", ""state"" : ""OPENED""}"
5701,5701,"{""id"" : 5701, ""vpn_code"" : ""5701"", ""name"" : ""ASSTV"", ""vpn_id_sip"" : ""5701"", ""customer_reference"" : ""36423"", ""forced_onnet"" : false, ""private_prefix_length"" : 2, ""offnet_via_bcr_allowed"" : true, ""it_key"" : ""CD01Y8XYB5"", ""customer_index_for_billing"" : null, ""hk_master"" : ""HOOKAH"", ""hk_redirect_percentage"" : 0, ""partition_right"" : ""BT"", ""state"" : ""OPENED""}"
10000082,10000082,"{""id"" : 10000082, ""vpn_code"" : ""10000082"", ""name"" : ""ELLIPSE"", ""vpn_id_sip"" : ""10000082"", ""customer_reference"" : ""CD025S169A"", ""forced_onnet"" : false, ""private_prefix_length"" : 2, ""offnet_via_bcr_allowed"" : true, ""it_key"" : ""CD025S169A"", ""customer_index_for_billing"" : null, ""hk_master"" : ""HOOKAH"", ""hk_redirect_percentage"" : 0, ""partition_right"" : ""BTIP"", ""state"" : ""OPENED""}"
5645,5645,"{""id"" : 5645, ""vpn_code"" : ""5645"", ""name"" : ""SMSIT"", ""vpn_id_sip"" : ""5645"", ""customer_reference"" : ""36423"", ""forced_onnet"" : true, ""private_prefix_length"" : 2, ""offnet_via_bcr_allowed"" : true, ""it_key"" : ""CD01YZ9RF1"", ""customer_index_for_billing"" : null, ""hk_master"" : ""HOOKAH"", ""hk_redirect_percentage"" : 0, ""partition_right"" : ""BT"", ""state"" : ""OPENED""}"
10000106,10000106,"{""id"" : 10000106, ""vpn_code"" : ""10000106"", ""name"" : ""JACOPIN"", ""vpn_id_sip"" : ""10000106"", ""customer_reference"" : ""CD02BNPJAD"", ""forced_onnet"" : false, ""private_prefix_length"" : 2, ""offnet_via_bcr_allowed"" : true, ""it_key"" : ""CD02BNPJAD"", ""customer_index_for_billing"" : null, ""hk_master"" : ""HOOKAH"", ""hk_redirect_percentage"" : 0, ""partition_right"" : ""BTIP"", ""state"" : ""OPENED""}"
10000116,10000116,"{""id"" : 10000116, ""vpn_code"" : ""10000116"", ""name"" : ""CLEAR CHANNEL"", ""vpn_id_sip"" : ""10000116"", ""customer_reference"" : ""CD02BES2EC"", ""forced_onnet"" : false, ""private_prefix_length"" : 2, ""offnet_via_bcr_allowed"" : true, ""it_key"" : ""CD02BES2EC"", ""customer_index_for_billing"" : null, ""hk_master"" : ""HOOKAH"", ""hk_redirect_percentage"" : 0, ""partition_right"" : ""BTIP"", ""state"" : ""OPENED""}"
5733,5733,"{""id"" : 5733, ""vpn_code"" : ""5733"", ""name"" : ""TESSISFDD"", ""vpn_id_sip"" : ""5733"", ""customer_reference"" : ""36423"", ""forced_onnet"" : true, ""private_prefix_length"" : 2, ""offnet_via_bcr_allowed"" : true, ""it_key"" : ""CD026YRBD2"", ""customer_index_for_billing"" : null, ""hk_master"" : ""HOOKAH"", ""hk_redirect_percentage"" : 0, ""partition_right"" : ""BT"", ""state"" : ""OPENED""}"
4486,4486,"{""id"" : 4486, ""vpn_code"" : ""4486"", ""name"" : ""APC UK"", ""vpn_id_sip"" : ""4810"", ""customer_reference"" : ""678927"", ""forced_onnet"" : true, ""private_prefix_length"" : 3, ""offnet_via_bcr_allowed"" : true, ""it_key"" : ""zzz4486"", ""customer_index_for_billing"" : null, ""hk_master"" : ""HOOKAH"", ""hk_redirect_percentage"" : 0, ""partition_right"" : ""BT"", ""state"" : ""OPENED""}"
5766,5766,"{""id"" : 5766, ""vpn_code"" : ""5766"", ""name"" : ""EQ-IP-VPN-PVI"", ""vpn_id_sip"" : ""5766"", ""customer_reference"" : ""36423"", ""forced_onnet"" : false, ""private_prefix_length"" : 2, ""offnet_via_bcr_allowed"" : true, ""it_key"" : ""CD02AJ6WAB"", ""customer_index_for_billing"" : null, ""hk_master"" : ""HOOKAH"", ""hk_redirect_percentage"" : 0, ""partition_right"" : ""BT"", ""state"" : ""OPENED""}"
10000118,10000118,"{""id"" : 10000118, ""vpn_code"" : ""10000118"", ""name"" : ""TRANSPORTS VEYNAT"", ""vpn_id_sip"" : ""10000118"", ""customer_reference"" : ""CD026VHSE1"", ""forced_onnet"" : false, ""private_prefix_length"" : 2, ""offnet_via_bcr_allowed"" : true, ""it_key"" : ""CD026VHSE1"", ""customer_index_for_billing"" : null, ""hk_master"" : ""HOOKAH"", ""hk_redirect_percentage"" : 0, ""partition_right"" : ""BTIP"", ""state"" : ""OPENED""}"
3596,3596,"{""id"" : 3596, ""vpn_code"" : ""3596"", ""name"" : ""ERICSSON MOBILE"", ""vpn_id_sip"" : ""3596"", ""customer_reference"" : ""40937"", ""forced_onnet"" : false, ""private_prefix_length"" : 3, ""offnet_via_bcr_allowed"" : true, ""it_key"" : ""zzz3596"", ""customer_index_for_billing"" : ""3596"", ""hk_master"" : ""HOOKAH"", ""hk_redirect_percentage"" : 0, ""partition_right"" : ""BT"", ""state"" : ""OPENED""}"
3801,3801,"{""id"" : 3801, ""vpn_code"" : ""3801"", ""name"" : ""UNION BANCAIRE"", ""vpn_id_sip"" : ""3801"", ""customer_reference"" : ""32432"", ""forced_onnet"" : false, ""private_prefix_length"" : 3, ""offnet_via_bcr_allowed"" : true, ""it_key"" : ""zzz3801"", ""customer_index_for_billing"" : ""3801"", ""hk_master"" : ""HOOKAH"", ""hk_redirect_percentage"" : 0, ""partition_right"" : ""BT"", ""state"" : ""OPENED""}"
4436,4436,"{""id"" : 4436, ""vpn_code"" : ""4436"", ""name"" : ""CAPGEMINI SPAIN"", ""vpn_id_sip"" : ""4436"", ""customer_reference"" : ""673257"", ""forced_onnet"" : false, ""private_prefix_length"" : 3, ""offnet_via_bcr_allowed"" : true, ""it_key"" : ""zzz4436"", ""customer_index_for_billing"" : ""4436"", ""hk_master"" : ""HOOKAH"", ""hk_redirect_percentage"" : 0, ""partition_right"" : ""BT"", ""state"" : ""OPENED""}"
10000121,10000121,"{""id"" : 10000121, ""vpn_code"" : ""10000121"", ""name"" : ""TERRE ALLIANCE (CEREGRAIN)"", ""vpn_id_sip"" : ""10000121"", ""customer_reference"" : ""CD02BH2PA3"", ""forced_onnet"" : true, ""private_prefix_length"" : 3, ""offnet_via_bcr_allowed"" : true, ""it_key"" : ""CD02BH2PA3"", ""customer_index_for_billing"" : null, ""hk_master"" : ""HOOKAH"", ""hk_redirect_percentage"" : 0, ""partition_right"" : ""BTIP"", ""state"" : ""OPENED""}"
5654,5654,"{""id"" : 5654, ""vpn_code"" : ""5654"", ""name"" : ""ABRIVE"", ""vpn_id_sip"" : ""5654"", ""customer_reference"" : ""36423"", ""forced_onnet"" : true, ""private_prefix_length"" : 1, ""offnet_via_bcr_allowed"" : true, ""it_key"" : ""CD01X9KPBA"", ""customer_index_for_billing"" : null, ""hk_master"" : ""HOOKAH"", ""hk_redirect_percentage"" : 0, ""partition_right"" : ""BT"", ""state"" : ""OPENED""}"
10000123,10000123,"{""id"" : 10000123, ""vpn_code"" : ""10000123"", ""name"" : ""IMMO 2000"", ""vpn_id_sip"" : ""10000123"", ""customer_reference"" : ""CD02BUBYE4"", ""forced_onnet"" : false, ""private_prefix_length"" : 2, ""offnet_via_bcr_allowed"" : true, ""it_key"" : ""CD02BUBYE4"", ""customer_index_for_billing"" : null, ""hk_master"" : ""HOOKAH"", ""hk_redirect_percentage"" : 0, ""partition_right"" : ""BTIP"", ""state"" : ""OPENED""}"
5726,5726,"{""id"" : 5726, ""vpn_code"" : ""5726"", ""name"" : ""VAESKEN"", ""vpn_id_sip"" : ""5726"", ""customer_reference"" : ""36423"", ""forced_onnet"" : false, ""private_prefix_length"" : 3, ""offnet_via_bcr_allowed"" : true, ""it_key"" : ""CD029PU492"", ""customer_index_for_billing"" : null, ""hk_master"" : ""HOOKAH"", ""hk_redirect_percentage"" : 0, ""partition_right"" : ""BT"", ""state"" : ""OPENED""}"
10000126,10000126,"{""id"" : 10000126, ""vpn_code"" : ""10000126"", ""name"" : ""Communaute de Communes Clermontais (CCCL)"", ""vpn_id_sip"" : ""10000126"", ""customer_reference"" : ""CD02E3WMA7"", ""forced_onnet"" : true, ""private_prefix_length"" : 2, ""offnet_via_bcr_allowed"" : true, ""it_key"" : ""CD02E3WMA7"", ""customer_index_for_billing"" : null, ""hk_master"" : ""HOOKAH"", ""hk_redirect_percentage"" : 0, ""partition_right"" : ""BTIP"", ""state"" : ""OPENED""}"
5768,5768,"{""id"" : 5768, ""vpn_code"" : ""5768"", ""name"" : ""VPN GM France"", ""vpn_id_sip"" : ""5768"", ""customer_reference"" : ""36423"", ""forced_onnet"" : true, ""private_prefix_length"" : 4, ""offnet_via_bcr_allowed"" : true, ""it_key"" : ""CD025172D1"", ""customer_index_for_billing"" : null, ""hk_master"" : ""HOOKAH"", ""hk_redirect_percentage"" : 0, ""partition_right"" : ""BT"", ""state"" : ""OPENED""}"
5790,5790,"{""id"" : 5790, ""vpn_code"" : ""5790"", ""name"" : ""BIOPOLE66"", ""vpn_id_sip"" : ""5790"", ""customer_reference"" : ""36423"", ""forced_onnet"" : true, ""private_prefix_length"" : 2, ""offnet_via_bcr_allowed"" : true, ""it_key"" : ""CD0291YLAF"", ""customer_index_for_billing"" : null, ""hk_master"" : ""HOOKAH"", ""hk_redirect_percentage"" : 0, ""partition_right"" : ""BT"", ""state"" : ""OPENED""}"
3551,3551,"{""id"" : 3551, ""vpn_code"" : ""3551"", ""name"" : ""ALLIANZ WORLDWIDE CARE"", ""vpn_id_sip"" : ""3551"", ""customer_reference"" : ""675765"", ""forced_onnet"" : false, ""private_prefix_length"" : 3, ""offnet_via_bcr_allowed"" : true, ""it_key"" : ""zzz3551"", ""customer_index_for_billing"" : ""3551"", ""hk_master"" : ""HOOKAH"", ""hk_redirect_percentage"" : 0, ""partition_right"" : ""BT"", ""state"" : ""OPENED""}"
3674,3674,"{""id"" : 3674, ""vpn_code"" : ""3674"", ""name"" : ""GCSC-TRANSPAC-AXA"", ""vpn_id_sip"" : ""3674"", ""customer_reference"" : ""675829"", ""forced_onnet"" : false, ""private_prefix_length"" : 3, ""offnet_via_bcr_allowed"" : true, ""it_key"" : ""zzz3674"", ""customer_index_for_billing"" : ""3674"", ""hk_master"" : ""HOOKAH"", ""hk_redirect_percentage"" : 0, ""partition_right"" : ""BT"", ""state"" : ""OPENED""}"
10000130,10000130,"{""id"" : 10000130, ""vpn_code"" : ""10000130"", ""name"" : ""UDAF05"", ""vpn_id_sip"" : ""10000130"", ""customer_reference"" : ""CD02E7GYA8"", ""forced_onnet"" : true, ""private_prefix_length"" : 2, ""offnet_via_bcr_allowed"" : true, ""it_key"" : ""CD02E7GYA8"", ""customer_index_for_billing"" : null, ""hk_master"" : ""HOOKAH"", ""hk_redirect_percentage"" : 0, ""partition_right"" : ""BTIP"", ""state"" : ""OPENED""}"
3255,3255,"{""id"" : 3255, ""vpn_code"" : ""3255"", ""name"" : ""Hewlett Packard CC"", ""vpn_id_sip"" : ""3255"", ""customer_reference"" : ""671444"", ""forced_onnet"" : true, ""private_prefix_length"" : 3, ""offnet_via_bcr_allowed"" : true, ""it_key"" : ""zzz3255"", ""customer_index_for_billing"" : null, ""hk_master"" : ""HOOKAH"", ""hk_redirect_percentage"" : 0, ""partition_right"" : ""BT"", ""state"" : ""OPENED""}"
10000132,10000132,"{""id"" : 10000132, ""vpn_code"" : ""10000132"", ""name"" : ""MAISON BOUCHARD"", ""vpn_id_sip"" : ""10000132"", ""customer_reference"" : ""CD02CRM699"", ""forced_onnet"" : false, ""private_prefix_length"" : 2, ""offnet_via_bcr_allowed"" : true, ""it_key"" : ""CD02CRM699"", ""customer_index_for_billing"" : null, ""hk_master"" : ""HOOKAH"", ""hk_redirect_percentage"" : 0, ""partition_right"" : ""BTIP"", ""state"" : ""OPENED""}"
10000129,10000129,"{""id"" : 10000129, ""vpn_code"" : ""10000129"", ""name"" : ""SPURGIN"", ""vpn_id_sip"" : ""10000129"", ""customer_reference"" : ""CD02BUM588"", ""forced_onnet"" : false, ""private_prefix_length"" : 2, ""offnet_via_bcr_allowed"" : true, ""it_key"" : ""CD02BUM588"", ""customer_index_for_billing"" : null, ""hk_master"" : ""HOOKAH"", ""hk_redirect_percentage"" : 0, ""partition_right"" : ""BTIP"", ""state"" : ""OPENED""}"
5736,5736,"{""id"" : 5736, ""vpn_code"" : ""5736"", ""name"" : ""CHAMPARNAUD"", ""vpn_id_sip"" : ""5736"", ""customer_reference"" : ""36423"", ""forced_onnet"" : true, ""private_prefix_length"" : 2, ""offnet_via_bcr_allowed"" : true, ""it_key"" : ""CD0244DGB9"", ""customer_index_for_billing"" : null, ""hk_master"" : ""HOOKAH"", ""hk_redirect_percentage"" : 0, ""partition_right"" : ""BT"", ""state"" : ""OPENED""}"
3509,3509,"{""id"" : 3509, ""vpn_code"" : ""3509"", ""name"" : ""MONDIALE ASSIS."", ""vpn_id_sip"" : ""3509"", ""customer_reference"" : ""676060"", ""forced_onnet"" : false, ""private_prefix_length"" : 3, ""offnet_via_bcr_allowed"" : true, ""it_key"" : ""zzz3509"", ""customer_index_for_billing"" : ""3509"", ""hk_master"" : ""HOOKAH"", ""hk_redirect_percentage"" : 0, ""partition_right"" : ""BT"", ""state"" : ""OPENED""}"
3703,3703,"{""id"" : 3703, ""vpn_code"" : ""3703"", ""name"" : ""PSION TEKLOGIX"", ""vpn_id_sip"" : ""3703"", ""customer_reference"" : ""675804"", ""forced_onnet"" : false, ""private_prefix_length"" : 3, ""offnet_via_bcr_allowed"" : true, ""it_key"" : ""zzz3703"", ""customer_index_for_billing"" : ""3703"", ""hk_master"" : ""HOOKAH"", ""hk_redirect_percentage"" : 0, ""partition_right"" : ""BT"", ""state"" : ""OPENED""}"
4198,4198,"{""id"" : 4198, ""vpn_code"" : ""4198"", ""name"" : ""DRAGAGES DU PONT DE LESCAR"", ""vpn_id_sip"" : ""4198"", ""customer_reference"" : ""675957"", ""forced_onnet"" : true, ""private_prefix_length"" : 2, ""offnet_via_bcr_allowed"" : true, ""it_key"" : ""CD00P4GK98"", ""customer_index_for_billing"" : null, ""hk_master"" : ""HOOKAH"", ""hk_redirect_percentage"" : 0, ""partition_right"" : ""BT"", ""state"" : ""OPENED""}"
3718,3718,"{""id"" : 3718, ""vpn_code"" : ""3718"", ""name"" : ""NET QUATTRO"", ""vpn_id_sip"" : ""3718"", ""customer_reference"" : ""676214"", ""forced_onnet"" : false, ""private_prefix_length"" : 3, ""offnet_via_bcr_allowed"" : true, ""it_key"" : ""zzz3718"", ""customer_index_for_billing"" : ""3718"", ""hk_master"" : ""HOOKAH"", ""hk_redirect_percentage"" : 0, ""partition_right"" : ""BT"", ""state"" : ""OPENED""}"
10000127,10000127,"{""id"" : 10000127, ""vpn_code"" : ""10000127"", ""name"" : ""GRIN"", ""vpn_id_sip"" : ""10000127"", ""customer_reference"" : ""CD02DVBKFC"", ""forced_onnet"" : true, ""private_prefix_length"" : 5, ""offnet_via_bcr_allowed"" : true, ""it_key"" : ""CD02DVBKFC"", ""customer_index_for_billing"" : null, ""hk_master"" : ""HOOKAH"", ""hk_redirect_percentage"" : 0, ""partition_right"" : ""BTIP"", ""state"" : ""OPENED""}"
4336,4336,"{""id"" : 4336, ""vpn_code"" : ""4336"", ""name"" : ""SAPA HOLDING AB"", ""vpn_id_sip"" : ""4336"", ""customer_reference"" : ""33423"", ""forced_onnet"" : false, ""private_prefix_length"" : 3, ""offnet_via_bcr_allowed"" : true, ""it_key"" : ""zzz4336"", ""customer_index_for_billing"" : ""4336"", ""hk_master"" : ""HOOKAH"", ""hk_redirect_percentage"" : 0, ""partition_right"" : ""BT"", ""state"" : ""OPENED""}"
5747,5747,"{""id"" : 5747, ""vpn_code"" : ""5747"", ""name"" : ""SDIS70"", ""vpn_id_sip"" : ""5747"", ""customer_reference"" : ""36423"", ""forced_onnet"" : false, ""private_prefix_length"" : 2, ""offnet_via_bcr_allowed"" : true, ""it_key"" : ""CD0273ZGA8"", ""customer_index_for_billing"" : null, ""hk_master"" : ""HOOKAH"", ""hk_redirect_percentage"" : 0, ""partition_right"" : ""BT"", ""state"" : ""OPENED""}"
6334,6334,"{""id"" : 6334, ""vpn_code"" : ""6334"", ""name"" : ""GROUPETPA"", ""vpn_id_sip"" : ""6334"", ""customer_reference"" : ""36423"", ""forced_onnet"" : false, ""private_prefix_length"" : 3, ""offnet_via_bcr_allowed"" : true, ""it_key"" : ""CD02BYHZCF"", ""customer_index_for_billing"" : null, ""hk_master"" : ""HOOKAH"", ""hk_redirect_percentage"" : 0, ""partition_right"" : ""BT"", ""state"" : ""OPENED""}"
5808,5808,"{""id"" : 5808, ""vpn_code"" : ""5808"", ""name"" : ""GAGNERAUD_TPC"", ""vpn_id_sip"" : ""5808"", ""customer_reference"" : ""36423"", ""forced_onnet"" : true, ""private_prefix_length"" : 3, ""offnet_via_bcr_allowed"" : true, ""it_key"" : ""CD02BBLF89"", ""customer_index_for_billing"" : null, ""hk_master"" : ""HOOKAH"", ""hk_redirect_percentage"" : 0, ""partition_right"" : ""BT"", ""state"" : ""OPENED""}"
4164,4164,"{""id"" : 4164, ""vpn_code"" : ""4164"", ""name"" : ""SELAS TIXIER PIERFITTE AVOT (Transpac)"", ""vpn_id_sip"" : ""4164"", ""customer_reference"" : ""675844"", ""forced_onnet"" : true, ""private_prefix_length"" : 2, ""offnet_via_bcr_allowed"" : true, ""it_key"" : ""CD00MW0WCE"", ""customer_index_for_billing"" : null, ""hk_master"" : ""HOOKAH"", ""hk_redirect_percentage"" : 0, ""partition_right"" : ""BT"", ""state"" : ""OPENED""}"
5724,5724,"{""id"" : 5724, ""vpn_code"" : ""5724"", ""name"" : ""Rhodacoop (Transpac)"", ""vpn_id_sip"" : ""5724"", ""customer_reference"" : ""677354"", ""forced_onnet"" : true, ""private_prefix_length"" : 2, ""offnet_via_bcr_allowed"" : true, ""it_key"" : ""CD015Q30AF"", ""customer_index_for_billing"" : null, ""hk_master"" : ""HOOKAH"", ""hk_redirect_percentage"" : 0, ""partition_right"" : ""BT"", ""state"" : ""OPENED""}"
10000136,10000136,"{""id"" : 10000136, ""vpn_code"" : ""10000136"", ""name"" : ""AASPH"", ""vpn_id_sip"" : ""10000136"", ""customer_reference"" : ""CD02FLXGAC"", ""forced_onnet"" : false, ""private_prefix_length"" : 2, ""offnet_via_bcr_allowed"" : true, ""it_key"" : ""CD02FLXGAC"", ""customer_index_for_billing"" : null, ""hk_master"" : ""HOOKAH"", ""hk_redirect_percentage"" : 0, ""partition_right"" : ""BTIP"", ""state"" : ""OPENED""}"
10000137,10000137,"{""id"" : 10000137, ""vpn_code"" : ""10000137"", ""name"" : ""TEAM3SERVICES"", ""vpn_id_sip"" : ""10000137"", ""customer_reference"" : ""CD02E72BB3"", ""forced_onnet"" : false, ""private_prefix_length"" : 2, ""offnet_via_bcr_allowed"" : true, ""it_key"" : ""CD02E72BB3"", ""customer_index_for_billing"" : null, ""hk_master"" : ""HOOKAH"", ""hk_redirect_percentage"" : 0, ""partition_right"" : ""BTIP"", ""state"" : ""OPENED""}"
4489,4489,"{""id"" : 4489, ""vpn_code"" : ""4489"", ""name"" : ""PartnerRe"", ""vpn_id_sip"" : ""4489"", ""customer_reference"" : ""677257"", ""forced_onnet"" : true, ""private_prefix_length"" : 4, ""offnet_via_bcr_allowed"" : true, ""it_key"" : ""zzz4489"", ""customer_index_for_billing"" : null, ""hk_master"" : ""HOOKAH"", ""hk_redirect_percentage"" : 0, ""partition_right"" : ""BT"", ""state"" : ""OPENED""}"
10000138,10000138,"{""id"" : 10000138, ""vpn_code"" : ""10000138"", ""name"" : ""MAIRIE DE VITTEL"", ""vpn_id_sip"" : ""10000138"", ""customer_reference"" : ""CD02ESV19B"", ""forced_onnet"" : false, ""private_prefix_length"" : 2, ""offnet_via_bcr_allowed"" : true, ""it_key"" : ""CD02ESV19B"", ""customer_index_for_billing"" : null, ""hk_master"" : ""HOOKAH"", ""hk_redirect_percentage"" : 0, ""partition_right"" : ""BTIP"", ""state"" : ""OPENED""}"
10000142,10000142,"{""id"" : 10000142, ""vpn_code"" : ""10000142"", ""name"" : ""ALSACIENNE BOISSONS"", ""vpn_id_sip"" : ""10000142"", ""customer_reference"" : ""CD02G1VLAA"", ""forced_onnet"" : false, ""private_prefix_length"" : 2, ""offnet_via_bcr_allowed"" : true, ""it_key"" : ""CD02G1VLAA"", ""customer_index_for_billing"" : null, ""hk_master"" : ""HOOKAH"", ""hk_redirect_percentage"" : 0, ""partition_right"" : ""BTIP"", ""state"" : ""OPENED""}"
5774,5774,"{""id"" : 5774, ""vpn_code"" : ""5774"", ""name"" : ""OKI001"", ""vpn_id_sip"" : ""5774"", ""customer_reference"" : ""36423"", ""forced_onnet"" : false, ""private_prefix_length"" : 2, ""offnet_via_bcr_allowed"" : true, ""it_key"" : ""CD026R7VFF"", ""customer_index_for_billing"" : null, ""hk_master"" : ""HOOKAH"", ""hk_redirect_percentage"" : 0, ""partition_right"" : ""BT"", ""state"" : ""OPENED""}"
10000144,10000144,"{""id"" : 10000144, ""vpn_code"" : ""10000144"", ""name"" : ""SMTBTP(medecine_travail)"", ""vpn_id_sip"" : ""10000144"", ""customer_reference"" : ""CD02G22EA9"", ""forced_onnet"" : true, ""private_prefix_length"" : 2, ""offnet_via_bcr_allowed"" : true, ""it_key"" : ""CD02G22EA9"", ""customer_index_for_billing"" : null, ""hk_master"" : ""HOOKAH"", ""hk_redirect_percentage"" : 0, ""partition_right"" : ""BTIP"", ""state"" : ""OPENED""}"
4491,4491,"{""id"" : 4491, ""vpn_code"" : ""4491"", ""name"" : ""FUJITSU TECHNOLOGY SOLUTION"", ""vpn_id_sip"" : ""4491"", ""customer_reference"" : ""679294"", ""forced_onnet"" : true, ""private_prefix_length"" : 3, ""offnet_via_bcr_allowed"" : true, ""it_key"" : ""zzz4491"", ""customer_index_for_billing"" : null, ""hk_master"" : ""HOOKAH"", ""hk_redirect_percentage"" : 0, ""partition_right"" : ""BT"", ""state"" : ""OPENED""}"
10000145,10000145,"{""id"" : 10000145, ""vpn_code"" : ""10000145"", ""name"" : ""SAS EDL"", ""vpn_id_sip"" : ""10000145"", ""customer_reference"" : ""CD02FK42C8"", ""forced_onnet"" : false, ""private_prefix_length"" : 1, ""offnet_via_bcr_allowed"" : true, ""it_key"" : ""CD02FK42C8"", ""customer_index_for_billing"" : null, ""hk_master"" : ""HOOKAH"", ""hk_redirect_percentage"" : 0, ""partition_right"" : ""BTIP"", ""state"" : ""OPENED""}"
10000146,10000146,"{""id"" : 10000146, ""vpn_code"" : ""10000146"", ""name"" : ""SESV"", ""vpn_id_sip"" : ""10000146"", ""customer_reference"" : ""CD02FXPLDF"", ""forced_onnet"" : false, ""private_prefix_length"" : 2, ""offnet_via_bcr_allowed"" : true, ""it_key"" : ""CD02FXPLDF"", ""customer_index_for_billing"" : null, ""hk_master"" : ""HOOKAH"", ""hk_redirect_percentage"" : 0, ""partition_right"" : ""BTIP"", ""state"" : ""OPENED""}"
4494,4494,"{""id"" : 4494, ""vpn_code"" : ""4494"", ""name"" : ""Maison Du Monde"", ""vpn_id_sip"" : ""4494"", ""customer_reference"" : ""679313"", ""forced_onnet"" : false, ""private_prefix_length"" : 3, ""offnet_via_bcr_allowed"" : true, ""it_key"" : ""zzz4494"", ""customer_index_for_billing"" : null, ""hk_master"" : ""HOOKAH"", ""hk_redirect_percentage"" : 0, ""partition_right"" : ""BT"", ""state"" : ""OPENED""}"
0000,0,"{""id"" : 0, ""vpn_code"" : ""0000"", ""name"" : ""RAMBACH"", ""vpn_id_sip"" : ""5758"", ""customer_reference"" : ""36423"", ""forced_onnet"" : false, ""private_prefix_length"" : 3, ""offnet_via_bcr_allowed"" : true, ""it_key"" : ""CD024U548F"", ""customer_index_for_billing"" : null, ""hk_master"" : ""HOOKAH"", ""hk_redirect_percentage"" : 0, ""partition_right"" : ""BT"", ""state"" : ""OPENED""}"
5792,5792,"{""id"" : 5792, ""vpn_code"" : ""5792"", ""name"" : ""bvpnvivaplante"", ""vpn_id_sip"" : ""5792"", ""customer_reference"" : ""36423"", ""forced_onnet"" : false, ""private_prefix_length"" : 2, ""offnet_via_bcr_allowed"" : true, ""it_key"" : ""CD0288A3E5"", ""customer_index_for_billing"" : null, ""hk_master"" : ""HOOKAH"", ""hk_redirect_percentage"" : 0, ""partition_right"" : ""BT"", ""state"" : ""OPENED""}"
4495,4495,"{""id"" : 4495, ""vpn_code"" : ""4495"", ""name"" : ""DIRAMODE"", ""vpn_id_sip"" : ""4495"", ""customer_reference"" : ""679312"", ""forced_onnet"" : true, ""private_prefix_length"" : 3, ""offnet_via_bcr_allowed"" : true, ""it_key"" : ""zzz4495"", ""customer_index_for_billing"" : null, ""hk_master"" : ""HOOKAH"", ""hk_redirect_percentage"" : 0, ""partition_right"" : ""BT"", ""state"" : ""OPENED""}"
5740,5740,"{""id"" : 5740, ""vpn_code"" : ""5740"", ""name"" : ""POSITRONIC"", ""vpn_id_sip"" : ""5740"", ""customer_reference"" : ""36423"", ""forced_onnet"" : true, ""private_prefix_length"" : 2, ""offnet_via_bcr_allowed"" : true, ""it_key"" : ""CD027X2PC6"", ""customer_index_for_billing"" : null, ""hk_master"" : ""HOOKAH"", ""hk_redirect_percentage"" : 0, ""partition_right"" : ""BT"", ""state"" : ""OPENED""}"
10000433,10000433,"{""id"" : 10000433, ""vpn_code"" : ""10000433"", ""name"" : ""FONCALIEU (UNION DE COOPERATIVE FONCALIEU)"", ""vpn_id_sip"" : ""10000433"", ""customer_reference"" : ""CD036XWGC5"", ""forced_onnet"" : false, ""private_prefix_length"" : 2, ""offnet_via_bcr_allowed"" : true, ""it_key"" : ""CD036XWGC5"", ""customer_index_for_billing"" : null, ""hk_master"" : ""HOOKAH"", ""hk_redirect_percentage"" : 0, ""partition_right"" : ""BTIP"", ""state"" : ""OPENED""}"
3385,3385,"{""id"" : 3385, ""vpn_code"" : ""3385"", ""name"" : ""FROMM_FRANCE(Transpac)"", ""vpn_id_sip"" : ""3385"", ""customer_reference"" : ""33309"", ""forced_onnet"" : true, ""private_prefix_length"" : 2, ""offnet_via_bcr_allowed"" : true, ""it_key"" : ""CD00KTQFD5"", ""customer_index_for_billing"" : null, ""hk_master"" : ""HOOKAH"", ""hk_redirect_percentage"" : 0, ""partition_right"" : ""BT"", ""state"" : ""OPENED""}"
10000450,10000450,"{""id"" : 10000450, ""vpn_code"" : ""10000450"", ""name"" : ""B2GAASTTMPILOTE"", ""vpn_id_sip"" : ""10000450"", ""customer_reference"" : ""CD0389PG83"", ""forced_onnet"" : false, ""private_prefix_length"" : 2, ""offnet_via_bcr_allowed"" : true, ""it_key"" : ""CD0389PG83"", ""customer_index_for_billing"" : null, ""hk_master"" : ""HOOKAH"", ""hk_redirect_percentage"" : 0, ""partition_right"" : ""BTIP"", ""state"" : ""OPENED""}"
4273,4273,"{""id"" : 4273, ""vpn_code"" : ""4273"", ""name"" : ""SMICTOM ALSACE CENTRALE (Transpac)"", ""vpn_id_sip"" : ""4273"", ""customer_reference"" : ""676222"", ""forced_onnet"" : true, ""private_prefix_length"" : 2, ""offnet_via_bcr_allowed"" : true, ""it_key"" : ""CD00QQHXD6"", ""customer_index_for_billing"" : null, ""hk_master"" : ""HOOKAH"", ""hk_redirect_percentage"" : 0, ""partition_right"" : ""BT"", ""state"" : ""OPENED""}"
5016,5016,"{""id"" : 5016, ""vpn_code"" : ""5016"", ""name"" : ""France Location (Transpac)"", ""vpn_id_sip"" : ""5016"", ""customer_reference"" : ""676420"", ""forced_onnet"" : true, ""private_prefix_length"" : 3, ""offnet_via_bcr_allowed"" : true, ""it_key"" : ""CD00SG7CB9"", ""customer_index_for_billing"" : null, ""hk_master"" : ""HOOKAH"", ""hk_redirect_percentage"" : 0, ""partition_right"" : ""BT"", ""state"" : ""OPENED""}"
10000455,10000455,"{""id"" : 10000455, ""vpn_code"" : ""10000455"", ""name"" : ""BUROLOR"", ""vpn_id_sip"" : ""10000455"", ""customer_reference"" : ""CD035VXTF1"", ""forced_onnet"" : false, ""private_prefix_length"" : 1, ""offnet_via_bcr_allowed"" : true, ""it_key"" : ""CD035VXTF1"", ""customer_index_for_billing"" : null, ""hk_master"" : ""HOOKAH"", ""hk_redirect_percentage"" : 0, ""partition_right"" : ""BTIP"", ""state"" : ""OPENED""}"
4078,4078,"{""id"" : 4078, ""vpn_code"" : ""4078"", ""name"" : ""LALLIARD Bois et Derives (Transpac)"", ""vpn_id_sip"" : ""4078"", ""customer_reference"" : ""675504"", ""forced_onnet"" : true, ""private_prefix_length"" : 2, ""offnet_via_bcr_allowed"" : true, ""it_key"" : ""CD00LGJNB7"", ""customer_index_for_billing"" : null, ""hk_master"" : ""HOOKAH"", ""hk_redirect_percentage"" : 0, ""partition_right"" : ""BT"", ""state"" : ""OPENED""}"
10000743,10000743,"{""id"" : 10000743, ""vpn_code"" : ""10000743"", ""name"" : ""LITTORALAUTO"", ""vpn_id_sip"" : ""10000743"", ""customer_reference"" : ""CD03WU6CEA"", ""forced_onnet"" : false, ""private_prefix_length"" : 2, ""offnet_via_bcr_allowed"" : true, ""it_key"" : ""CD03WU6CEA"", ""customer_index_for_billing"" : null, ""hk_master"" : ""HOOKAH"", ""hk_redirect_percentage"" : 0, ""partition_right"" : ""BTIP"", ""state"" : ""OPENED""}"
10000774,10000774,"{""id"" : 10000774, ""vpn_code"" : ""10000774"", ""name"" : ""GROUPEPRUNAY (CP COM)"", ""vpn_id_sip"" : ""10000774"", ""customer_reference"" : ""CD03TM5XA1"", ""forced_onnet"" : false, ""private_prefix_length"" : 3, ""offnet_via_bcr_allowed"" : true, ""it_key"" : ""CD03TM5XA1"", ""customer_index_for_billing"" : null, ""hk_master"" : ""HOOKAH"", ""hk_redirect_percentage"" : 0, ""partition_right"" : ""BTIP"", ""state"" : ""OPENED""}"
4814,4814,"{""id"" : 4814, ""vpn_code"" : ""4814"", ""name"" : ""Clifford Chance"", ""vpn_id_sip"" : ""4814"", ""customer_reference"" : ""18047"", ""forced_onnet"" : false, ""private_prefix_length"" : 5, ""offnet_via_bcr_allowed"" : true, ""it_key"" : ""zzz4814"", ""customer_index_for_billing"" : null, ""hk_master"" : ""HOOKAH"", ""hk_redirect_percentage"" : 0, ""partition_right"" : ""BT"", ""state"" : ""OPENED""}"
10000794,10000794,"{""id"" : 10000794, ""vpn_code"" : ""10000794"", ""name"" : ""HUGONNET"", ""vpn_id_sip"" : ""10000794"", ""customer_reference"" : ""CD0412HRC0"", ""forced_onnet"" : true, ""private_prefix_length"" : 1, ""offnet_via_bcr_allowed"" : true, ""it_key"" : ""CD0412HRC0"", ""customer_index_for_billing"" : null, ""hk_master"" : ""HOOKAH"", ""hk_redirect_percentage"" : 0, ""partition_right"" : ""BTIP"", ""state"" : ""OPENED""}"
4480,4480,"{""id"" : 4480, ""vpn_code"" : ""4480"", ""name"" : ""CSS CORP ICT SERVICES"", ""vpn_id_sip"" : ""4480"", ""customer_reference"" : ""679047"", ""forced_onnet"" : true, ""private_prefix_length"" : 3, ""offnet_via_bcr_allowed"" : true, ""it_key"" : ""zzz4480"", ""customer_index_for_billing"" : null, ""hk_master"" : ""HOOKAH"", ""hk_redirect_percentage"" : 0, ""partition_right"" : ""BT"", ""state"" : ""OPENED""}"
4387,4387,"{""id"" : 4387, ""vpn_code"" : ""4387"", ""name"" : ""LECTRA"", ""vpn_id_sip"" : ""4387"", ""customer_reference"" : ""675270"", ""forced_onnet"" : false, ""private_prefix_length"" : 3, ""offnet_via_bcr_allowed"" : true, ""it_key"" : ""zzz4387"", ""customer_index_for_billing"" : ""4387"", ""hk_master"" : ""HOOKAH"", ""hk_redirect_percentage"" : 0, ""partition_right"" : ""BT"", ""state"" : ""OPENED""}"
3506,3506,"{""id"" : 3506, ""vpn_code"" : ""3506"", ""name"" : ""CAPGEMINI OS FE"", ""vpn_id_sip"" : ""3506"", ""customer_reference"" : ""33852"", ""forced_onnet"" : false, ""private_prefix_length"" : 3, ""offnet_via_bcr_allowed"" : true, ""it_key"" : ""zzz3506"", ""customer_index_for_billing"" : ""3506"", ""hk_master"" : ""HOOKAH"", ""hk_redirect_percentage"" : 0, ""partition_right"" : ""BT"", ""state"" : ""OPENED""}"
3562,3562,"{""id"" : 3562, ""vpn_code"" : ""3562"", ""name"" : ""ARVINMMERITOR"", ""vpn_id_sip"" : ""3562"", ""customer_reference"" : ""30623"", ""forced_onnet"" : false, ""private_prefix_length"" : 3, ""offnet_via_bcr_allowed"" : true, ""it_key"" : ""zzz3562"", ""customer_index_for_billing"" : ""3562"", ""hk_master"" : ""HOOKAH"", ""hk_redirect_percentage"" : 0, ""partition_right"" : ""BT"", ""state"" : ""OPENED""}"
5730,5730,"{""id"" : 5730, ""vpn_code"" : ""5730"", ""name"" : ""SOTRALU"", ""vpn_id_sip"" : ""5730"", ""customer_reference"" : ""36423"", ""forced_onnet"" : false, ""private_prefix_length"" : 1, ""offnet_via_bcr_allowed"" : true, ""it_key"" : ""CD01ZDBRB5"", ""customer_index_for_billing"" : null, ""hk_master"" : ""HOOKAH"", ""hk_redirect_percentage"" : 0, ""partition_right"" : ""BT"", ""state"" : ""OPENED""}"
5748,5748,"{""id"" : 5748, ""vpn_code"" : ""5748"", ""name"" : ""SODICHEF"", ""vpn_id_sip"" : ""5748"", ""customer_reference"" : ""36423"", ""forced_onnet"" : true, ""private_prefix_length"" : 2, ""offnet_via_bcr_allowed"" : true, ""it_key"" : ""CD024DPE98"", ""customer_index_for_billing"" : null, ""hk_master"" : ""HOOKAH"", ""hk_redirect_percentage"" : 0, ""partition_right"" : ""BT"", ""state"" : ""OPENED""}"
5620,5620,"{""id"" : 5620, ""vpn_code"" : ""5620"", ""name"" : ""IME_ST_HILAIRE_BVPN"", ""vpn_id_sip"" : ""5620"", ""customer_reference"" : ""36423"", ""forced_onnet"" : false, ""private_prefix_length"" : 2, ""offnet_via_bcr_allowed"" : true, ""it_key"" : ""CD01U1ZF9C"", ""customer_index_for_billing"" : null, ""hk_master"" : ""HOOKAH"", ""hk_redirect_percentage"" : 0, ""partition_right"" : ""BT"", ""state"" : ""OPENED""}"
3993,3993,"{""id"" : 3993, ""vpn_code"" : ""3993"", ""name"" : ""Radcom QOS Probes"", ""vpn_id_sip"" : ""3993"", ""customer_reference"" : ""40822"", ""forced_onnet"" : false, ""private_prefix_length"" : 3, ""offnet_via_bcr_allowed"" : true, ""it_key"" : ""zzz3993"", ""customer_index_for_billing"" : null, ""hk_master"" : ""HOOKAH"", ""hk_redirect_percentage"" : 0, ""partition_right"" : ""BT"", ""state"" : ""OPENED""}"
4803,4803,"{""id"" : 4803, ""vpn_code"" : ""4803"", ""name"" : ""USG"", ""vpn_id_sip"" : ""4803"", ""customer_reference"" : ""677665"", ""forced_onnet"" : false, ""private_prefix_length"" : 3, ""offnet_via_bcr_allowed"" : true, ""it_key"" : ""zzz4803"", ""customer_index_for_billing"" : ""4803"", ""hk_master"" : ""HOOKAH"", ""hk_redirect_percentage"" : 0, ""partition_right"" : ""BT"", ""state"" : ""OPENED""}"
4440,4440,"{""id"" : 4440, ""vpn_code"" : ""4440"", ""name"" : ""CARLSON HOS. WW"", ""vpn_id_sip"" : ""4440"", ""customer_reference"" : ""678336"", ""forced_onnet"" : false, ""private_prefix_length"" : 3, ""offnet_via_bcr_allowed"" : true, ""it_key"" : ""zzz4440"", ""customer_index_for_billing"" : ""4440"", ""hk_master"" : ""HOOKAH"", ""hk_redirect_percentage"" : 0, ""partition_right"" : ""BT"", ""state"" : ""OPENED""}"
4481,4481,"{""id"" : 4481, ""vpn_code"" : ""4481"", ""name"" : ""FamilyProtect"", ""vpn_id_sip"" : ""4481"", ""customer_reference"" : ""9300762"", ""forced_onnet"" : true, ""private_prefix_length"" : 3, ""offnet_via_bcr_allowed"" : true, ""it_key"" : ""zzz4481"", ""customer_index_for_billing"" : ""4481"", ""hk_master"" : ""HOOKAH"", ""hk_redirect_percentage"" : 0, ""partition_right"" : ""BT"", ""state"" : ""OPENED""}"
5780,5780,"{""id"" : 5780, ""vpn_code"" : ""5780"", ""name"" : ""difluid"", ""vpn_id_sip"" : ""5780"", ""customer_reference"" : ""36423"", ""forced_onnet"" : false, ""private_prefix_length"" : 2, ""offnet_via_bcr_allowed"" : true, ""it_key"" : ""CD0281ARB2"", ""customer_index_for_billing"" : null, ""hk_master"" : ""HOOKAH"", ""hk_redirect_percentage"" : 0, ""partition_right"" : ""BT"", ""state"" : ""OPENED""}"
5596,5596,"{""id"" : 5596, ""vpn_code"" : ""5596"", ""name"" : ""LA VIE CLAIRE"", ""vpn_id_sip"" : ""5596"", ""customer_reference"" : ""36423"", ""forced_onnet"" : false, ""private_prefix_length"" : 3, ""offnet_via_bcr_allowed"" : true, ""it_key"" : ""CD026ML0D8"", ""customer_index_for_billing"" : null, ""hk_master"" : ""HOOKAH"", ""hk_redirect_percentage"" : 0, ""partition_right"" : ""BT"", ""state"" : ""OPENED""}"
3639,3639,"{""id"" : 3639, ""vpn_code"" : ""3639"", ""name"" : ""GTS- Global Telesales Ltd"", ""vpn_id_sip"" : ""3639"", ""customer_reference"" : ""5980"", ""forced_onnet"" : true, ""private_prefix_length"" : 3, ""offnet_via_bcr_allowed"" : true, ""it_key"" : ""zzz3639"", ""customer_index_for_billing"" : null, ""hk_master"" : ""HOOKAH"", ""hk_redirect_percentage"" : 0, ""partition_right"" : ""BT"", ""state"" : ""OPENED""}"
10000089,10000089,"{""id"" : 10000089, ""vpn_code"" : ""10000089"", ""name"" : ""CBL_CONSULTING"", ""vpn_id_sip"" : ""10000089"", ""customer_reference"" : ""CD026J60C9"", ""forced_onnet"" : true, ""private_prefix_length"" : 3, ""offnet_via_bcr_allowed"" : true, ""it_key"" : ""CD026J60C9"", ""customer_index_for_billing"" : null, ""hk_master"" : ""HOOKAH"", ""hk_redirect_percentage"" : 0, ""partition_right"" : ""BTIP"", ""state"" : ""OPENED""}"
10000087,10000087,"{""id"" : 10000087, ""vpn_code"" : ""10000087"", ""name"" : ""LABO BIO MEDICAL OLIVIOT MARIOTTI"", ""vpn_id_sip"" : ""10000087"", ""customer_reference"" : ""CD0288CD92"", ""forced_onnet"" : false, ""private_prefix_length"" : 2, ""offnet_via_bcr_allowed"" : true, ""it_key"" : ""CD0288CD92"", ""customer_index_for_billing"" : null, ""hk_master"" : ""HOOKAH"", ""hk_redirect_percentage"" : 0, ""partition_right"" : ""BTIP"", ""state"" : ""OPENED""}"
5743,5743,"{""id"" : 5743, ""vpn_code"" : ""5743"", ""name"" : ""BLANQUART"", ""vpn_id_sip"" : ""5743"", ""customer_reference"" : ""36423"", ""forced_onnet"" : true, ""private_prefix_length"" : 2, ""offnet_via_bcr_allowed"" : true, ""it_key"" : ""CD026BFJ80"", ""customer_index_for_billing"" : null, ""hk_master"" : ""HOOKAH"", ""hk_redirect_percentage"" : 0, ""partition_right"" : ""BT"", ""state"" : ""OPENED""}"
5757,5757,"{""id"" : 5757, ""vpn_code"" : ""5757"", ""name"" : ""Mairie_de_Salon"", ""vpn_id_sip"" : ""5757"", ""customer_reference"" : ""36423"", ""forced_onnet"" : false, ""private_prefix_length"" : 3, ""offnet_via_bcr_allowed"" : true, ""it_key"" : ""CD02487G91"", ""customer_index_for_billing"" : null, ""hk_master"" : ""HOOKAH"", ""hk_redirect_percentage"" : 0, ""partition_right"" : ""BT"", ""state"" : ""OPENED""}"
5608,5608,"{""id"" : 5608, ""vpn_code"" : ""5608"", ""name"" : ""CEF"", ""vpn_id_sip"" : ""5608"", ""customer_reference"" : ""36423"", ""forced_onnet"" : true, ""private_prefix_length"" : 4, ""offnet_via_bcr_allowed"" : true, ""it_key"" : ""CD01RJTC80"", ""customer_index_for_billing"" : null, ""hk_master"" : ""HOOKAH"", ""hk_redirect_percentage"" : 0, ""partition_right"" : ""BT"", ""state"" : ""OPENED""}"
4484,4484,"{""id"" : 4484, ""vpn_code"" : ""4484"", ""name"" : ""ANE BE(Belgacom)"", ""vpn_id_sip"" : ""4484"", ""customer_reference"" : ""679131"", ""forced_onnet"" : true, ""private_prefix_length"" : 3, ""offnet_via_bcr_allowed"" : true, ""it_key"" : ""zzz4484"", ""customer_index_for_billing"" : null, ""hk_master"" : ""HOOKAH"", ""hk_redirect_percentage"" : 0, ""partition_right"" : ""BT"", ""state"" : ""OPENED""}"
5664,5664,"{""id"" : 5664, ""vpn_code"" : ""5664"", ""name"" : ""L'ECLAIRAGE TECHNIQUE ECLATEC SA"", ""vpn_id_sip"" : ""5664"", ""customer_reference"" : ""36423"", ""forced_onnet"" : false, ""private_prefix_length"" : 2, ""offnet_via_bcr_allowed"" : true, ""it_key"" : ""CD0208L7E2"", ""customer_index_for_billing"" : null, ""hk_master"" : ""HOOKAH"", ""hk_redirect_percentage"" : 0, ""partition_right"" : ""BT"", ""state"" : ""OPENED""}"
10000092,10000092,"{""id"" : 10000092, ""vpn_code"" : ""10000092"", ""name"" : ""ARCHIPEL (Oceane Domicile)"", ""vpn_id_sip"" : ""10000092"", ""customer_reference"" : ""CD02674TA3"", ""forced_onnet"" : false, ""private_prefix_length"" : 2, ""offnet_via_bcr_allowed"" : true, ""it_key"" : ""CD02674TA3"", ""customer_index_for_billing"" : null, ""hk_master"" : ""HOOKAH"", ""hk_redirect_percentage"" : 0, ""partition_right"" : ""BTIP"", ""state"" : ""OPENED""}"
3954,3954,"{""id"" : 3954, ""vpn_code"" : ""3954"", ""name"" : ""DELL - c/o Eircom Parent account"", ""vpn_id_sip"" : ""3954"", ""customer_reference"" : ""675116"", ""forced_onnet"" : false, ""private_prefix_length"" : 3, ""offnet_via_bcr_allowed"" : true, ""it_key"" : ""zzz3954"", ""customer_index_for_billing"" : ""3954"", ""hk_master"" : ""HOOKAH"", ""hk_redirect_percentage"" : 0, ""partition_right"" : ""BT"", ""state"" : ""OPENED""}"
3866,3866,"{""id"" : 3866, ""vpn_code"" : ""3866"", ""name"" : ""UNIVERSAL SUPPORT, S.A.U."", ""vpn_id_sip"" : ""3866"", ""customer_reference"" : ""674308"", ""forced_onnet"" : false, ""private_prefix_length"" : 3, ""offnet_via_bcr_allowed"" : true, ""it_key"" : ""zzz3866"", ""customer_index_for_billing"" : ""3866"", ""hk_master"" : ""HOOKAH"", ""hk_redirect_percentage"" : 0, ""partition_right"" : ""BT"", ""state"" : ""OPENED""}"
3591,3591,"{""id"" : 3591, ""vpn_code"" : ""3591"", ""name"" : ""ADHERSIS"", ""vpn_id_sip"" : ""3591"", ""customer_reference"" : ""675797"", ""forced_onnet"" : false, ""private_prefix_length"" : 3, ""offnet_via_bcr_allowed"" : true, ""it_key"" : ""zzz3591"", ""customer_index_for_billing"" : ""3591"", ""hk_master"" : ""HOOKAH"", ""hk_redirect_percentage"" : 0, ""partition_right"" : ""BT"", ""state"" : ""OPENED""}"
3539,3539,"{""id"" : 3539, ""vpn_code"" : ""3539"", ""name"" : ""AXA TECH"", ""vpn_id_sip"" : ""3539"", ""customer_reference"" : ""662023"", ""forced_onnet"" : false, ""private_prefix_length"" : 3, ""offnet_via_bcr_allowed"" : true, ""it_key"" : ""zzz3539"", ""customer_index_for_billing"" : ""3539"", ""hk_master"" : ""HOOKAH"", ""hk_redirect_percentage"" : 0, ""partition_right"" : ""BT"", ""state"" : ""OPENED""}"
10000090,10000090,"{""id"" : 10000090, ""vpn_code"" : ""10000090"", ""name"" : ""PRO DEVELOPPEMENT"", ""vpn_id_sip"" : ""10000090"", ""customer_reference"" : ""CD02344HB5"", ""forced_onnet"" : false, ""private_prefix_length"" : 2, ""offnet_via_bcr_allowed"" : true, ""it_key"" : ""CD02344HB5"", ""customer_index_for_billing"" : null, ""hk_master"" : ""HOOKAH"", ""hk_redirect_percentage"" : 0, ""partition_right"" : ""BTIP"", ""state"" : ""OPENED""}"
4483,4483,"{""id"" : 4483, ""vpn_code"" : ""4483"", ""name"" : ""Crest Subsea"", ""vpn_id_sip"" : ""4804"", ""customer_reference"" : ""678459"", ""forced_onnet"" : false, ""private_prefix_length"" : 3, ""offnet_via_bcr_allowed"" : true, ""it_key"" : ""zzz4483"", ""customer_index_for_billing"" : null, ""hk_master"" : ""HOOKAH"", ""hk_redirect_percentage"" : 0, ""partition_right"" : ""BT"", ""state"" : ""OPENED""}"
10000093,10000093,"{""id"" : 10000093, ""vpn_code"" : ""10000093"", ""name"" : ""SCPNOTAIRES"", ""vpn_id_sip"" : ""10000093"", ""customer_reference"" : ""CD026SY498"", ""forced_onnet"" : false, ""private_prefix_length"" : 1, ""offnet_via_bcr_allowed"" : true, ""it_key"" : ""CD026SY498"", ""customer_index_for_billing"" : null, ""hk_master"" : ""HOOKAH"", ""hk_redirect_percentage"" : 0, ""partition_right"" : ""BTIP"", ""state"" : ""OPENED""}"
5777,5777,"{""id"" : 5777, ""vpn_code"" : ""5777"", ""name"" : ""ROVANIER"", ""vpn_id_sip"" : ""5777"", ""customer_reference"" : ""36423"", ""forced_onnet"" : false, ""private_prefix_length"" : 2, ""offnet_via_bcr_allowed"" : true, ""it_key"" : ""CD027TV38D"", ""customer_index_for_billing"" : null, ""hk_master"" : ""HOOKAH"", ""hk_redirect_percentage"" : 0, ""partition_right"" : ""BT"", ""state"" : ""OPENED""}"
5812,5812,"{""id"" : 5812, ""vpn_code"" : ""5812"", ""name"" : ""DEF"", ""vpn_id_sip"" : ""5812"", ""customer_reference"" : ""36423"", ""forced_onnet"" : false, ""private_prefix_length"" : 3, ""offnet_via_bcr_allowed"" : true, ""it_key"" : ""CD024RAVFC"", ""customer_index_for_billing"" : null, ""hk_master"" : ""HOOKAH"", ""hk_redirect_percentage"" : 0, ""partition_right"" : ""BT"", ""state"" : ""OPENED""}"
5782,5782,"{""id"" : 5782, ""vpn_code"" : ""5782"", ""name"" : ""IMAGINEEDITION"", ""vpn_id_sip"" : ""5782"", ""customer_reference"" : ""36423"", ""forced_onnet"" : true, ""private_prefix_length"" : 2, ""offnet_via_bcr_allowed"" : true, ""it_key"" : ""CD0270GDA1"", ""customer_index_for_billing"" : null, ""hk_master"" : ""HOOKAH"", ""hk_redirect_percentage"" : 0, ""partition_right"" : ""BT"", ""state"" : ""OPENED""}"
4359,4359,"{""id"" : 4359, ""vpn_code"" : ""4359"", ""name"" : ""VENTE PRIVEE"", ""vpn_id_sip"" : ""4359"", ""customer_reference"" : ""676921"", ""forced_onnet"" : false, ""private_prefix_length"" : 3, ""offnet_via_bcr_allowed"" : true, ""it_key"" : ""zzz4359"", ""customer_index_for_billing"" : ""4359"", ""hk_master"" : ""HOOKAH"", ""hk_redirect_percentage"" : 0, ""partition_right"" : ""BT"", ""state"" : ""OPENED""}"
3919,3919,"{""id"" : 3919, ""vpn_code"" : ""3919"", ""name"" : ""MAXSEA"", ""vpn_id_sip"" : ""3919"", ""customer_reference"" : ""676440"", ""forced_onnet"" : false, ""private_prefix_length"" : 3, ""offnet_via_bcr_allowed"" : true, ""it_key"" : ""zzz3919"", ""customer_index_for_billing"" : ""3919"", ""hk_master"" : ""HOOKAH"", ""hk_redirect_percentage"" : 0, ""partition_right"" : ""BT"", ""state"" : ""OPENED""}"
4398,4398,"{""id"" : 4398, ""vpn_code"" : ""4398"", ""name"" : ""GENPACT"", ""vpn_id_sip"" : ""4398"", ""customer_reference"" : ""677285"", ""forced_onnet"" : false, ""private_prefix_length"" : 3, ""offnet_via_bcr_allowed"" : true, ""it_key"" : ""zzz4398"", ""customer_index_for_billing"" : ""4398"", ""hk_master"" : ""HOOKAH"", ""hk_redirect_percentage"" : 0, ""partition_right"" : ""BT"", ""state"" : ""OPENED""}"
10000096,10000096,"{""id"" : 10000096, ""vpn_code"" : ""10000096"", ""name"" : ""MBA_MUTUELLE"", ""vpn_id_sip"" : ""10000096"", ""customer_reference"" : ""CD02826FAC"", ""forced_onnet"" : true, ""private_prefix_length"" : 2, ""offnet_via_bcr_allowed"" : true, ""it_key"" : ""CD02826FAC"", ""customer_index_for_billing"" : null, ""hk_master"" : ""HOOKAH"", ""hk_redirect_percentage"" : 0, ""partition_right"" : ""BTIP"", ""state"" : ""OPENED""}"
5779,5779,"{""id"" : 5779, ""vpn_code"" : ""5779"", ""name"" : ""SAS JACQUELINE"", ""vpn_id_sip"" : ""5779"", ""customer_reference"" : ""36423"", ""forced_onnet"" : false, ""private_prefix_length"" : 2, ""offnet_via_bcr_allowed"" : true, ""it_key"" : ""CD029Z7KD1"", ""customer_index_for_billing"" : null, ""hk_master"" : ""HOOKAH"", ""hk_redirect_percentage"" : 0, ""partition_right"" : ""BT"", ""state"" : ""OPENED""}"
5791,5791,"{""id"" : 5791, ""vpn_code"" : ""5791"", ""name"" : ""UDAF33001"", ""vpn_id_sip"" : ""5791"", ""customer_reference"" : ""36423"", ""forced_onnet"" : false, ""private_prefix_length"" : 1, ""offnet_via_bcr_allowed"" : true, ""it_key"" : ""CD027VZ988"", ""customer_index_for_billing"" : null, ""hk_master"" : ""HOOKAH"", ""hk_redirect_percentage"" : 0, ""partition_right"" : ""BT"", ""state"" : ""OPENED""}"
5632,5632,"{""id"" : 5632, ""vpn_code"" : ""5632"", ""name"" : ""OTHUA"", ""vpn_id_sip"" : ""5632"", ""customer_reference"" : ""36423"", ""forced_onnet"" : false, ""private_prefix_length"" : 2, ""offnet_via_bcr_allowed"" : true, ""it_key"" : ""CD01URANDE"", ""customer_index_for_billing"" : null, ""hk_master"" : ""HOOKAH"", ""hk_redirect_percentage"" : 0, ""partition_right"" : ""BT"", ""state"" : ""OPENED""}"
5732,5732,"{""id"" : 5732, ""vpn_code"" : ""5732"", ""name"" : ""ASMIS001"", ""vpn_id_sip"" : ""5732"", ""customer_reference"" : ""36423"", ""forced_onnet"" : false, ""private_prefix_length"" : 2, ""offnet_via_bcr_allowed"" : true, ""it_key"" : ""CD025QXTF7"", ""customer_index_for_billing"" : null, ""hk_master"" : ""HOOKAH"", ""hk_redirect_percentage"" : 0, ""partition_right"" : ""BT"", ""state"" : ""OPENED""}"
5801,5801,"{""id"" : 5801, ""vpn_code"" : ""5801"", ""name"" : ""CISIMMOBILIER"", ""vpn_id_sip"" : ""5801"", ""customer_reference"" : ""36423"", ""forced_onnet"" : false, ""private_prefix_length"" : 2, ""offnet_via_bcr_allowed"" : true, ""it_key"" : ""CD029KDZA6"", ""customer_index_for_billing"" : null, ""hk_master"" : ""HOOKAH"", ""hk_redirect_percentage"" : 0, ""partition_right"" : ""BT"", ""state"" : ""OPENED""}"
3735,3735,"{""id"" : 3735, ""vpn_code"" : ""3735"", ""name"" : ""NOS CGD"", ""vpn_id_sip"" : ""3735"", ""customer_reference"" : ""684201"", ""forced_onnet"" : false, ""private_prefix_length"" : 3, ""offnet_via_bcr_allowed"" : true, ""it_key"" : ""zzz3735"", ""customer_index_for_billing"" : ""3735"", ""hk_master"" : ""HOOKAH"", ""hk_redirect_percentage"" : 0, ""partition_right"" : ""BT"", ""state"" : ""OPENED""}"
10000099,10000099,"{""id"" : 10000099, ""vpn_code"" : ""10000099"", ""name"" : ""GEOPOST"", ""vpn_id_sip"" : ""10000099"", ""customer_reference"" : ""CD02AQDNE8"", ""forced_onnet"" : false, ""private_prefix_length"" : 3, ""offnet_via_bcr_allowed"" : true, ""it_key"" : ""CD02AQDNE8"", ""customer_index_for_billing"" : null, ""hk_master"" : ""HOOKAH"", ""hk_redirect_percentage"" : 0, ""partition_right"" : ""BTIP"", ""state"" : ""OPENED""}"
5781,5781,"{""id"" : 5781, ""vpn_code"" : ""5781"", ""name"" : ""MUTUELLE BLEUE"", ""vpn_id_sip"" : ""5781"", ""customer_reference"" : ""36423"", ""forced_onnet"" : false, ""private_prefix_length"" : 3, ""offnet_via_bcr_allowed"" : true, ""it_key"" : ""CD026YFGD7"", ""customer_index_for_billing"" : null, ""hk_master"" : ""HOOKAH"", ""hk_redirect_percentage"" : 0, ""partition_right"" : ""BT"", ""state"" : ""OPENED""}"
10000100,10000100,"{""id"" : 10000100, ""vpn_code"" : ""10000100"", ""name"" : ""LUDOVIC LEGALL"", ""vpn_id_sip"" : ""10000100"", ""customer_reference"" : ""CD028LYVB8"", ""forced_onnet"" : false, ""private_prefix_length"" : 2, ""offnet_via_bcr_allowed"" : true, ""it_key"" : ""CD028LYVB8"", ""customer_index_for_billing"" : null, ""hk_master"" : ""HOOKAH"", ""hk_redirect_percentage"" : 0, ""partition_right"" : ""BTIP"", ""state"" : ""OPENED""}"
3659,3659,"{""id"" : 3659, ""vpn_code"" : ""3659"", ""name"" : ""EQUANT NP DESK"", ""vpn_id_sip"" : ""3659"", ""customer_reference"" : ""30075"", ""forced_onnet"" : false, ""private_prefix_length"" : 3, ""offnet_via_bcr_allowed"" : true, ""it_key"" : ""zzz3659"", ""customer_index_for_billing"" : ""3659"", ""hk_master"" : ""HOOKAH"", ""hk_redirect_percentage"" : 0, ""partition_right"" : ""BT"", ""state"" : ""OPENED""}"
3676,3676,"{""id"" : 3676, ""vpn_code"" : ""3676"", ""name"" : ""ZTE CORPORATION"", ""vpn_id_sip"" : ""3676"", ""customer_reference"" : ""674099"", ""forced_onnet"" : false, ""private_prefix_length"" : 3, ""offnet_via_bcr_allowed"" : true, ""it_key"" : ""zzz3676"", ""customer_index_for_billing"" : ""3676"", ""hk_master"" : ""HOOKAH"", ""hk_redirect_percentage"" : 0, ""partition_right"" : ""BT"", ""state"" : ""OPENED""}"
3746,3746,"{""id"" : 3746, ""vpn_code"" : ""3746"", ""name"" : ""KBC"", ""vpn_id_sip"" : ""3746"", ""customer_reference"" : ""36258"", ""forced_onnet"" : false, ""private_prefix_length"" : 3, ""offnet_via_bcr_allowed"" : true, ""it_key"" : ""zzz3746"", ""customer_index_for_billing"" : ""3746"", ""hk_master"" : ""HOOKAH"", ""hk_redirect_percentage"" : 0, ""partition_right"" : ""BT"", ""state"" : ""OPENED""}"
3984,3984,"{""id"" : 3984, ""vpn_code"" : ""3984"", ""name"" : ""KOS MEDIA"", ""vpn_id_sip"" : ""3984"", ""customer_reference"" : ""676471"", ""forced_onnet"" : false, ""private_prefix_length"" : 3, ""offnet_via_bcr_allowed"" : true, ""it_key"" : ""zzz3984"", ""customer_index_for_billing"" : ""3984"", ""hk_master"" : ""HOOKAH"", ""hk_redirect_percentage"" : 0, ""partition_right"" : ""BT"", ""state"" : ""OPENED""}"
4397,4397,"{""id"" : 4397, ""vpn_code"" : ""4397"", ""name"" : ""ARQA TECHNOLOGIES"", ""vpn_id_sip"" : ""4397"", ""customer_reference"" : ""677427"", ""forced_onnet"" : false, ""private_prefix_length"" : 3, ""offnet_via_bcr_allowed"" : true, ""it_key"" : ""zzz4397"", ""customer_index_for_billing"" : ""4397"", ""hk_master"" : ""HOOKAH"", ""hk_redirect_percentage"" : 0, ""partition_right"" : ""BT"", ""state"" : ""OPENED""}"
10000102,10000102,"{""id"" : 10000102, ""vpn_code"" : ""10000102"", ""name"" : ""FORCO"", ""vpn_id_sip"" : ""10000102"", ""customer_reference"" : ""CD02BLHJA2"", ""forced_onnet"" : true, ""private_prefix_length"" : 2, ""offnet_via_bcr_allowed"" : true, ""it_key"" : ""CD02BLHJA2"", ""customer_index_for_billing"" : null, ""hk_master"" : ""HOOKAH"", ""hk_redirect_percentage"" : 0, ""partition_right"" : ""BTIP"", ""state"" : ""OPENED""}"
5793,5793,"{""id"" : 5793, ""vpn_code"" : ""5793"", ""name"" : ""BVPN ADRAR"", ""vpn_id_sip"" : ""5793"", ""customer_reference"" : ""36423"", ""forced_onnet"" : false, ""private_prefix_length"" : 2, ""offnet_via_bcr_allowed"" : true, ""it_key"" : ""CD027DQW8A"", ""customer_index_for_billing"" : null, ""hk_master"" : ""HOOKAH"", ""hk_redirect_percentage"" : 0, ""partition_right"" : ""BT"", ""state"" : ""OPENED""}"
4479,4479,"{""id"" : 4479, ""vpn_code"" : ""4479"", ""name"" : ""Barry Callebaut"", ""vpn_id_sip"" : ""4479"", ""customer_reference"" : ""676650"", ""forced_onnet"" : true, ""private_prefix_length"" : 3, ""offnet_via_bcr_allowed"" : true, ""it_key"" : ""zzz4479"", ""customer_index_for_billing"" : ""4479"", ""hk_master"" : ""HOOKAH"", ""hk_redirect_percentage"" : 0, ""partition_right"" : ""BT"", ""state"" : ""OPENED""}"
10000103,10000103,"{""id"" : 10000103, ""vpn_code"" : ""10000103"", ""name"" : ""LEGAL_GENERAL"", ""vpn_id_sip"" : ""10000103"", ""customer_reference"" : ""CD028W8XEC"", ""forced_onnet"" : false, ""private_prefix_length"" : 2, ""offnet_via_bcr_allowed"" : true, ""it_key"" : ""CD028W8XEC"", ""customer_index_for_billing"" : null, ""hk_master"" : ""HOOKAH"", ""hk_redirect_percentage"" : 0, ""partition_right"" : ""BTIP"", ""state"" : ""OPENED""}"
3561,3561,"{""id"" : 3561, ""vpn_code"" : ""3561"", ""name"" : ""CORNING CABLE"", ""vpn_id_sip"" : ""3561"", ""customer_reference"" : ""12913"", ""forced_onnet"" : false, ""private_prefix_length"" : 3, ""offnet_via_bcr_allowed"" : true, ""it_key"" : ""zzz3561"", ""customer_index_for_billing"" : ""3561"", ""hk_master"" : ""HOOKAH"", ""hk_redirect_percentage"" : 0, ""partition_right"" : ""BT"", ""state"" : ""OPENED""}"
3662,3662,"{""id"" : 3662, ""vpn_code"" : ""3662"", ""name"" : ""NBA SERVICES"", ""vpn_id_sip"" : ""3662"", ""customer_reference"" : ""7745"", ""forced_onnet"" : false, ""private_prefix_length"" : 3, ""offnet_via_bcr_allowed"" : true, ""it_key"" : ""zzz3662"", ""customer_index_for_billing"" : ""3662"", ""hk_master"" : ""HOOKAH"", ""hk_redirect_percentage"" : 0, ""partition_right"" : ""BT"", ""state"" : ""OPENED""}"
3736,3736,"{""id"" : 3736, ""vpn_code"" : ""3736"", ""name"" : ""ARJO WIGGINS"", ""vpn_id_sip"" : ""3736"", ""customer_reference"" : ""673078"", ""forced_onnet"" : false, ""private_prefix_length"" : 3, ""offnet_via_bcr_allowed"" : true, ""it_key"" : ""zzz3736"", ""customer_index_for_billing"" : ""3736"", ""hk_master"" : ""HOOKAH"", ""hk_redirect_percentage"" : 0, ""partition_right"" : ""BT"", ""state"" : ""OPENED""}"
3790,3790,"{""id"" : 3790, ""vpn_code"" : ""3790"", ""name"" : ""QUIKSILVER"", ""vpn_id_sip"" : ""3790"", ""customer_reference"" : ""676326"", ""forced_onnet"" : false, ""private_prefix_length"" : 3, ""offnet_via_bcr_allowed"" : true, ""it_key"" : ""zzz3790"", ""customer_index_for_billing"" : ""3790"", ""hk_master"" : ""HOOKAH"", ""hk_redirect_percentage"" : 0, ""partition_right"" : ""BT"", ""state"" : ""OPENED""}"
10000110,10000110,"{""id"" : 10000110, ""vpn_code"" : ""10000110"", ""name"" : ""SCHL"", ""vpn_id_sip"" : ""10000110"", ""customer_reference"" : ""CD02BPP390"", ""forced_onnet"" : false, ""private_prefix_length"" : 2, ""offnet_via_bcr_allowed"" : true, ""it_key"" : ""CD02BPP390"", ""customer_index_for_billing"" : null, ""hk_master"" : ""HOOKAH"", ""hk_redirect_percentage"" : 0, ""partition_right"" : ""BTIP"", ""state"" : ""OPENED""}"
10000108,10000108,"{""id"" : 10000108, ""vpn_code"" : ""10000108"", ""name"" : ""SOGECA"", ""vpn_id_sip"" : ""10000108"", ""customer_reference"" : ""CD02BK3SAA"", ""forced_onnet"" : true, ""private_prefix_length"" : 2, ""offnet_via_bcr_allowed"" : true, ""it_key"" : ""CD02BK3SAA"", ""customer_index_for_billing"" : null, ""hk_master"" : ""HOOKAH"", ""hk_redirect_percentage"" : 0, ""partition_right"" : ""BTIP"", ""state"" : ""OPENED""}"
10000109,10000109,"{""id"" : 10000109, ""vpn_code"" : ""10000109"", ""name"" : ""Sevre Loire Habitat (SLH)"", ""vpn_id_sip"" : ""10000109"", ""customer_reference"" : ""CD0241C3D3"", ""forced_onnet"" : false, ""private_prefix_length"" : 2, ""offnet_via_bcr_allowed"" : true, ""it_key"" : ""CD0241C3D3"", ""customer_index_for_billing"" : null, ""hk_master"" : ""HOOKAH"", ""hk_redirect_percentage"" : 0, ""partition_right"" : ""BTIP"", ""state"" : ""OPENED""}"
5795,5795,"{""id"" : 5795, ""vpn_code"" : ""5795"", ""name"" : ""SERON"", ""vpn_id_sip"" : ""5795"", ""customer_reference"" : ""36423"", ""forced_onnet"" : false, ""private_prefix_length"" : 2, ""offnet_via_bcr_allowed"" : true, ""it_key"" : ""CD02AEAW89"", ""customer_index_for_billing"" : null, ""hk_master"" : ""HOOKAH"", ""hk_redirect_percentage"" : 0, ""partition_right"" : ""BT"", ""state"" : ""OPENED""}"
10000113,10000113,"{""id"" : 10000113, ""vpn_code"" : ""10000113"", ""name"" : ""AFPP (ACE)"", ""vpn_id_sip"" : ""10000113"", ""customer_reference"" : ""CD02BCLC89"", ""forced_onnet"" : false, ""private_prefix_length"" : 2, ""offnet_via_bcr_allowed"" : true, ""it_key"" : ""CD02BCLC89"", ""customer_index_for_billing"" : null, ""hk_master"" : ""HOOKAH"", ""hk_redirect_percentage"" : 0, ""partition_right"" : ""BTIP"", ""state"" : ""OPENED""}"
10000396,10000396,"{""id"" : 10000396, ""vpn_code"" : ""10000396"", ""name"" : ""PROVINS"", ""vpn_id_sip"" : ""10000396"", ""customer_reference"" : ""CD0368PT96"", ""forced_onnet"" : false, ""private_prefix_length"" : 2, ""offnet_via_bcr_allowed"" : true, ""it_key"" : ""CD0368PT96"", ""customer_index_for_billing"" : null, ""hk_master"" : ""HOOKAH"", ""hk_redirect_percentage"" : 0, ""partition_right"" : ""BTIP"", ""state"" : ""OPENED""}"
10000463,10000463,"{""id"" : 10000463, ""vpn_code"" : ""10000463"", ""name"" : ""ESC"", ""vpn_id_sip"" : ""10000463"", ""customer_reference"" : ""CD037U939F"", ""forced_onnet"" : false, ""private_prefix_length"" : 1, ""offnet_via_bcr_allowed"" : true, ""it_key"" : ""CD037U939F"", ""customer_index_for_billing"" : null, ""hk_master"" : ""HOOKAH"", ""hk_redirect_percentage"" : 0, ""partition_right"" : ""BTIP"", ""state"" : ""OPENED""}"
4543,4543,"{""id"" : 4543, ""vpn_code"" : ""4543"", ""name"" : ""DNP Photo Imaging Europe"", ""vpn_id_sip"" : ""4543"", ""customer_reference"" : ""680203"", ""forced_onnet"" : true, ""private_prefix_length"" : 3, ""offnet_via_bcr_allowed"" : true, ""it_key"" : ""zzz4543"", ""customer_index_for_billing"" : null, ""hk_master"" : ""HOOKAH"", ""hk_redirect_percentage"" : 0, ""partition_right"" : ""BT"", ""state"" : ""OPENED""}"
10000424,10000424,"{""id"" : 10000424, ""vpn_code"" : ""10000424"", ""name"" : ""COMAPECHE"", ""vpn_id_sip"" : ""10000424"", ""customer_reference"" : ""CD0388YY98"", ""forced_onnet"" : false, ""private_prefix_length"" : 2, ""offnet_via_bcr_allowed"" : true, ""it_key"" : ""CD0388YY98"", ""customer_index_for_billing"" : null, ""hk_master"" : ""HOOKAH"", ""hk_redirect_percentage"" : 0, ""partition_right"" : ""BTIP"", ""state"" : ""OPENED""}"
10000451,10000451,"{""id"" : 10000451, ""vpn_code"" : ""10000451"", ""name"" : ""HERVE_BVPN"", ""vpn_id_sip"" : ""10000451"", ""customer_reference"" : ""CD038CTV8D"", ""forced_onnet"" : false, ""private_prefix_length"" : 3, ""offnet_via_bcr_allowed"" : true, ""it_key"" : ""CD038CTV8D"", ""customer_index_for_billing"" : null, ""hk_master"" : ""HOOKAH"", ""hk_redirect_percentage"" : 0, ""partition_right"" : ""BTIP"", ""state"" : ""OPENED""}"
4051,4051,"{""id"" : 4051, ""vpn_code"" : ""4051"", ""name"" : ""TRECOBAT"", ""vpn_id_sip"" : ""4051"", ""customer_reference"" : ""53682"", ""forced_onnet"" : true, ""private_prefix_length"" : 2, ""offnet_via_bcr_allowed"" : true, ""it_key"" : ""CD00L2XJ8E"", ""customer_index_for_billing"" : null, ""hk_master"" : ""HOOKAH"", ""hk_redirect_percentage"" : 0, ""partition_right"" : ""BT"", ""state"" : ""CLOSED""}"
10000458,10000458,"{""id"" : 10000458, ""vpn_code"" : ""10000458"", ""name"" : ""COOP BIGOUDEN"", ""vpn_id_sip"" : ""10000458"", ""customer_reference"" : ""CD03520JB4"", ""forced_onnet"" : false, ""private_prefix_length"" : 2, ""offnet_via_bcr_allowed"" : true, ""it_key"" : ""CD03520JB4"", ""customer_index_for_billing"" : null, ""hk_master"" : ""HOOKAH"", ""hk_redirect_percentage"" : 0, ""partition_right"" : ""BTIP"", ""state"" : ""OPENED""}"
10000464,10000464,"{""id"" : 10000464, ""vpn_code"" : ""10000464"", ""name"" : ""GINOTGEX"", ""vpn_id_sip"" : ""10000464"", ""customer_reference"" : ""CD03AFRJ89"", ""forced_onnet"" : false, ""private_prefix_length"" : 2, ""offnet_via_bcr_allowed"" : true, ""it_key"" : ""CD03AFRJ89"", ""customer_index_for_billing"" : null, ""hk_master"" : ""HOOKAH"", ""hk_redirect_percentage"" : 0, ""partition_right"" : ""BTIP"", ""state"" : ""OPENED""}"
4125,4125,"{""id"" : 4125, ""vpn_code"" : ""4125"", ""name"" : ""Dafy Moto"", ""vpn_id_sip"" : ""4125"", ""customer_reference"" : ""675642"", ""forced_onnet"" : true, ""private_prefix_length"" : 3, ""offnet_via_bcr_allowed"" : true, ""it_key"" : ""CD00M13G8A"", ""customer_index_for_billing"" : null, ""hk_master"" : ""HOOKAH"", ""hk_redirect_percentage"" : 0, ""partition_right"" : ""BT"", ""state"" : ""OPENED""}"
4542,4542,"{""id"" : 4542, ""vpn_code"" : ""4542"", ""name"" : ""Heineken Global Shared Services SP Z.O.O"", ""vpn_id_sip"" : ""4542"", ""customer_reference"" : ""680250"", ""forced_onnet"" : true, ""private_prefix_length"" : 3, ""offnet_via_bcr_allowed"" : true, ""it_key"" : ""zzz4542"", ""customer_index_for_billing"" : null, ""hk_master"" : ""HOOKAH"", ""hk_redirect_percentage"" : 0, ""partition_right"" : ""BT"", ""state"" : ""OPENED""}"
10000468,10000468,"{""id"" : 10000468, ""vpn_code"" : ""10000468"", ""name"" : ""SOLORPEC"", ""vpn_id_sip"" : ""10000468"", ""customer_reference"" : ""CD039RN38D"", ""forced_onnet"" : false, ""private_prefix_length"" : 2, ""offnet_via_bcr_allowed"" : true, ""it_key"" : ""CD039RN38D"", ""customer_index_for_billing"" : null, ""hk_master"" : ""HOOKAH"", ""hk_redirect_percentage"" : 0, ""partition_right"" : ""BTIP"", ""state"" : ""OPENED""}"
4812,4812,"{""id"" : 4812, ""vpn_code"" : ""4812"", ""name"" : ""Akzo Nobel"", ""vpn_id_sip"" : ""4812"", ""customer_reference"" : ""1908"", ""forced_onnet"" : true, ""private_prefix_length"" : 3, ""offnet_via_bcr_allowed"" : true, ""it_key"" : ""zzz4812"", ""customer_index_for_billing"" : ""4812"", ""hk_master"" : ""HOOKAH"", ""hk_redirect_percentage"" : 0, ""partition_right"" : ""BT"", ""state"" : ""OPENED""}"
4544,4544,"{""id"" : 4544, ""vpn_code"" : ""4544"", ""name"" : ""Orange Sales Support Center"", ""vpn_id_sip"" : ""4544"", ""customer_reference"" : ""6183"", ""forced_onnet"" : true, ""private_prefix_length"" : 3, ""offnet_via_bcr_allowed"" : true, ""it_key"" : ""zzz4544"", ""customer_index_for_billing"" : null, ""hk_master"" : ""HOOKAH"", ""hk_redirect_percentage"" : 0, ""partition_right"" : ""BT"", ""state"" : ""OPENED""}"
3946,3946,"{""id"" : 3946, ""vpn_code"" : ""3946"", ""name"" : ""TD DISTRIBUTION (avia) (Thevenin et Ducrot)"", ""vpn_id_sip"" : ""3946"", ""customer_reference"" : ""CD00H2SY9E"", ""forced_onnet"" : false, ""private_prefix_length"" : 3, ""offnet_via_bcr_allowed"" : true, ""it_key"" : ""CD00H2SY9E"", ""customer_index_for_billing"" : null, ""hk_master"" : ""HOOKAH"", ""hk_redirect_percentage"" : 0, ""partition_right"" : ""BT"", ""state"" : ""OPENED""}"
5784,5784,"{""id"" : 5784, ""vpn_code"" : ""5784"", ""name"" : ""ADOURSCIAGE"", ""vpn_id_sip"" : ""5784"", ""customer_reference"" : ""36423"", ""forced_onnet"" : false, ""private_prefix_length"" : 2, ""offnet_via_bcr_allowed"" : true, ""it_key"" : ""CD02GWGCF1"", ""customer_index_for_billing"" : null, ""hk_master"" : ""HOOKAH"", ""hk_redirect_percentage"" : 0, ""partition_right"" : ""BT"", ""state"" : ""OPENED""}"
10000426,10000426,"{""id"" : 10000426, ""vpn_code"" : ""10000426"", ""name"" : ""RADIO COTE D'AMOUR"", ""vpn_id_sip"" : ""10000426"", ""customer_reference"" : ""CD02PN58DF"", ""forced_onnet"" : false, ""private_prefix_length"" : 2, ""offnet_via_bcr_allowed"" : true, ""it_key"" : ""CD02PN58DF"", ""customer_index_for_billing"" : null, ""hk_master"" : ""HOOKAH"", ""hk_redirect_percentage"" : 0, ""partition_right"" : ""BTIP"", ""state"" : ""OPENED""}"
10000442,10000442,"{""id"" : 10000442, ""vpn_code"" : ""10000442"", ""name"" : ""OCTRAVEL"", ""vpn_id_sip"" : ""10000442"", ""customer_reference"" : ""CD036F1L8A"", ""forced_onnet"" : false, ""private_prefix_length"" : 3, ""offnet_via_bcr_allowed"" : true, ""it_key"" : ""CD036F1L8A"", ""customer_index_for_billing"" : null, ""hk_master"" : ""HOOKAH"", ""hk_redirect_percentage"" : 0, ""partition_right"" : ""BTIP"", ""state"" : ""OPENED""}"
10000452,10000452,"{""id"" : 10000452, ""vpn_code"" : ""10000452"", ""name"" : ""SIEP"", ""vpn_id_sip"" : ""10000452"", ""customer_reference"" : ""CD03AM7QAB"", ""forced_onnet"" : false, ""private_prefix_length"" : 2, ""offnet_via_bcr_allowed"" : true, ""it_key"" : ""CD03AM7QAB"", ""customer_index_for_billing"" : null, ""hk_master"" : ""HOOKAH"", ""hk_redirect_percentage"" : 0, ""partition_right"" : ""BTIP"", ""state"" : ""OPENED""}"
3379,3379,"{""id"" : 3379, ""vpn_code"" : ""3379"", ""name"" : ""Bourse de limmobilier (BDI) (Transpac)"", ""vpn_id_sip"" : ""3379"", ""customer_reference"" : ""CD00KV21AD"", ""forced_onnet"" : true, ""private_prefix_length"" : 4, ""offnet_via_bcr_allowed"" : true, ""it_key"" : ""CD00KV21AD"", ""customer_index_for_billing"" : null, ""hk_master"" : ""HOOKAH"", ""hk_redirect_percentage"" : 0, ""partition_right"" : ""BT"", ""state"" : ""OPENED""}"
4365,4365,"{""id"" : 4365, ""vpn_code"" : ""4365"", ""name"" : ""Glaxo Smithkline (GSK)"", ""vpn_id_sip"" : ""4365"", ""customer_reference"" : ""9594"", ""forced_onnet"" : true, ""private_prefix_length"" : 4, ""offnet_via_bcr_allowed"" : true, ""it_key"" : ""zzz4365"", ""customer_index_for_billing"" : null, ""hk_master"" : ""HOOKAH"", ""hk_redirect_percentage"" : 0, ""partition_right"" : ""BT"", ""state"" : ""OPENED""}"
4545,4545,"{""id"" : 4545, ""vpn_code"" : ""4545"", ""name"" : ""World Wide Connect Limited"", ""vpn_id_sip"" : ""4545"", ""customer_reference"" : ""679970"", ""forced_onnet"" : false, ""private_prefix_length"" : 3, ""offnet_via_bcr_allowed"" : true, ""it_key"" : ""zzz4545"", ""customer_index_for_billing"" : ""4545"", ""hk_master"" : ""HOOKAH"", ""hk_redirect_percentage"" : 0, ""partition_right"" : ""BT"", ""state"" : ""OPENED""}"
3257,3257,"{""id"" : 3257, ""vpn_code"" : ""3257"", ""name"" : ""DELESTREZ(Transpac)"", ""vpn_id_sip"" : ""3257"", ""customer_reference"" : ""CD00KTNGD4"", ""forced_onnet"" : true, ""private_prefix_length"" : 2, ""offnet_via_bcr_allowed"" : true, ""it_key"" : ""CD00KTNGD4"", ""customer_index_for_billing"" : null, ""hk_master"" : ""HOOKAH"", ""hk_redirect_percentage"" : 0, ""partition_right"" : ""BT"", ""state"" : ""OPENED""}"
10000474,10000474,"{""id"" : 10000474, ""vpn_code"" : ""10000474"", ""name"" : ""AASTRA_LAB"", ""vpn_id_sip"" : ""10000474"", ""customer_reference"" : ""CD03AT1RFD"", ""forced_onnet"" : false, ""private_prefix_length"" : 2, ""offnet_via_bcr_allowed"" : true, ""it_key"" : ""CD03AT1RFD"", ""customer_index_for_billing"" : null, ""hk_master"" : ""HOOKAH"", ""hk_redirect_percentage"" : 0, ""partition_right"" : ""BTIP"", ""state"" : ""OPENED""}"
4313,4313,"{""id"" : 4313, ""vpn_code"" : ""4313"", ""name"" : ""GODEFROY EQUIPEMENTS SA (Transpac)"", ""vpn_id_sip"" : ""4313"", ""customer_reference"" : ""676285"", ""forced_onnet"" : true, ""private_prefix_length"" : 2, ""offnet_via_bcr_allowed"" : true, ""it_key"" : ""CD00RED0C6"", ""customer_index_for_billing"" : null, ""hk_master"" : ""HOOKAH"", ""hk_redirect_percentage"" : 0, ""partition_right"" : ""BT"", ""state"" : ""OPENED""}"
10000475,10000475,"{""id"" : 10000475, ""vpn_code"" : ""10000475"", ""name"" : ""AMEHASLE"", ""vpn_id_sip"" : ""10000475"", ""customer_reference"" : ""CD035HU4D5"", ""forced_onnet"" : false, ""private_prefix_length"" : 2, ""offnet_via_bcr_allowed"" : true, ""it_key"" : ""CD035HU4D5"", ""customer_index_for_billing"" : null, ""hk_master"" : ""HOOKAH"", ""hk_redirect_percentage"" : 0, ""partition_right"" : ""BTIP"", ""state"" : ""OPENED""}"
3357,3357,"{""id"" : 3357, ""vpn_code"" : ""3357"", ""name"" : ""BOURLIER(Transpac)"", ""vpn_id_sip"" : ""3357"", ""customer_reference"" : ""673228"", ""forced_onnet"" : true, ""private_prefix_length"" : 3, ""offnet_via_bcr_allowed"" : true, ""it_key"" : ""CD00KU09AF"", ""customer_index_for_billing"" : null, ""hk_master"" : ""HOOKAH"", ""hk_redirect_percentage"" : 0, ""partition_right"" : ""BT"", ""state"" : ""OPENED""}"
10000446,10000446,"{""id"" : 10000446, ""vpn_code"" : ""10000446"", ""name"" : ""LAURE"", ""vpn_id_sip"" : ""10000446"", ""customer_reference"" : ""CD0372JQAC"", ""forced_onnet"" : false, ""private_prefix_length"" : 1, ""offnet_via_bcr_allowed"" : true, ""it_key"" : ""CD0372JQAC"", ""customer_index_for_billing"" : null, ""hk_master"" : ""HOOKAH"", ""hk_redirect_percentage"" : 0, ""partition_right"" : ""BTIP"", ""state"" : ""OPENED""}"
10000476,10000476,"{""id"" : 10000476, ""vpn_code"" : ""10000476"", ""name"" : ""STESIGOLENE (BARBIER)"", ""vpn_id_sip"" : ""10000476"", ""customer_reference"" : ""CD03AMAPAA"", ""forced_onnet"" : true, ""private_prefix_length"" : 2, ""offnet_via_bcr_allowed"" : true, ""it_key"" : ""CD03AMAPAA"", ""customer_index_for_billing"" : null, ""hk_master"" : ""HOOKAH"", ""hk_redirect_percentage"" : 0, ""partition_right"" : ""BTIP"", ""state"" : ""OPENED""}"
5261,5261,"{""id"" : 5261, ""vpn_code"" : ""5261"", ""name"" : ""UNION D EXPERTS (UDEX)"", ""vpn_id_sip"" : ""5261"", ""customer_reference"" : ""CD0159LGAB"", ""forced_onnet"" : true, ""private_prefix_length"" : 2, ""offnet_via_bcr_allowed"" : true, ""it_key"" : ""CD0159LGAB"", ""customer_index_for_billing"" : null, ""hk_master"" : ""HOOKAH"", ""hk_redirect_percentage"" : 0, ""partition_right"" : ""BT"", ""state"" : ""OPENED""}"
10000486,10000486,"{""id"" : 10000486, ""vpn_code"" : ""10000486"", ""name"" : ""BRETEAUL"", ""vpn_id_sip"" : ""10000486"", ""customer_reference"" : ""CD03C2PCBB"", ""forced_onnet"" : false, ""private_prefix_length"" : 2, ""offnet_via_bcr_allowed"" : true, ""it_key"" : ""CD03C2PCBB"", ""customer_index_for_billing"" : null, ""hk_master"" : ""HOOKAH"", ""hk_redirect_percentage"" : 0, ""partition_right"" : ""BTIP"", ""state"" : ""OPENED""}"
10000352,10000352,"{""id"" : 10000352, ""vpn_code"" : ""10000352"", ""name"" : ""TPOSTIC"", ""vpn_id_sip"" : ""10000352"", ""customer_reference"" : ""CD031K1TBC"", ""forced_onnet"" : false, ""private_prefix_length"" : 2, ""offnet_via_bcr_allowed"" : true, ""it_key"" : ""CD031K1TBC"", ""customer_index_for_billing"" : null, ""hk_master"" : ""HOOKAH"", ""hk_redirect_percentage"" : 0, ""partition_right"" : ""BTIP"", ""state"" : ""OPENED""}"
10000489,10000489,"{""id"" : 10000489, ""vpn_code"" : ""10000489"", ""name"" : ""MLJAM"", ""vpn_id_sip"" : ""10000489"", ""customer_reference"" : ""CD03D4XCAC"", ""forced_onnet"" : true, ""private_prefix_length"" : 2, ""offnet_via_bcr_allowed"" : true, ""it_key"" : ""CD03D4XCAC"", ""customer_index_for_billing"" : null, ""hk_master"" : ""HOOKAH"", ""hk_redirect_percentage"" : 0, ""partition_right"" : ""BTIP"", ""state"" : ""OPENED""}"
10000478,10000478,"{""id"" : 10000478, ""vpn_code"" : ""10000478"", ""name"" : ""REMYGARNIER"", ""vpn_id_sip"" : ""10000478"", ""customer_reference"" : ""CD039VL297"", ""forced_onnet"" : false, ""private_prefix_length"" : 2, ""offnet_via_bcr_allowed"" : true, ""it_key"" : ""CD039VL297"", ""customer_index_for_billing"" : null, ""hk_master"" : ""HOOKAH"", ""hk_redirect_percentage"" : 0, ""partition_right"" : ""BTIP"", ""state"" : ""OPENED""}"
10000481,10000481,"{""id"" : 10000481, ""vpn_code"" : ""10000481"", ""name"" : ""BLANCHET"", ""vpn_id_sip"" : ""10000481"", ""customer_reference"" : ""CD02XC7U9C"", ""forced_onnet"" : false, ""private_prefix_length"" : 2, ""offnet_via_bcr_allowed"" : true, ""it_key"" : ""CD02XC7U9C"", ""customer_index_for_billing"" : null, ""hk_master"" : ""HOOKAH"", ""hk_redirect_percentage"" : 0, ""partition_right"" : ""BTIP"", ""state"" : ""OPENED""}"
4508,4508,"{""id"" : 4508, ""vpn_code"" : ""4508"", ""name"" : ""FT OpenVideoPresence"", ""vpn_id_sip"" : ""4508"", ""customer_reference"" : ""6183"", ""forced_onnet"" : true, ""private_prefix_length"" : 3, ""offnet_via_bcr_allowed"" : true, ""it_key"" : ""zzz4508"", ""customer_index_for_billing"" : null, ""hk_master"" : ""HOOKAH"", ""hk_redirect_percentage"" : 0, ""partition_right"" : ""BT"", ""state"" : ""OPENED""}"
10000497,10000497,"{""id"" : 10000497, ""vpn_code"" : ""10000497"", ""name"" : ""DARMENDRAIL"", ""vpn_id_sip"" : ""10000497"", ""customer_reference"" : ""CD03BULVFC"", ""forced_onnet"" : false, ""private_prefix_length"" : 2, ""offnet_via_bcr_allowed"" : true, ""it_key"" : ""CD03BULVFC"", ""customer_index_for_billing"" : null, ""hk_master"" : ""HOOKAH"", ""hk_redirect_percentage"" : 0, ""partition_right"" : ""BTIP"", ""state"" : ""OPENED""}"
10000333,10000333,"{""id"" : 10000333, ""vpn_code"" : ""10000333"", ""name"" : ""LACASTELBOURDINOISE (EHPAD)"", ""vpn_id_sip"" : ""10000333"", ""customer_reference"" : ""CD02GV998E"", ""forced_onnet"" : false, ""private_prefix_length"" : 1, ""offnet_via_bcr_allowed"" : true, ""it_key"" : ""CD02GV998E"", ""customer_index_for_billing"" : null, ""hk_master"" : ""HOOKAH"", ""hk_redirect_percentage"" : 0, ""partition_right"" : ""BTIP"", ""state"" : ""OPENED""}"
10000496,10000496,"{""id"" : 10000496, ""vpn_code"" : ""10000496"", ""name"" : ""FREUDIER"", ""vpn_id_sip"" : ""10000496"", ""customer_reference"" : ""CD03BVZZFA"", ""forced_onnet"" : true, ""private_prefix_length"" : 1, ""offnet_via_bcr_allowed"" : true, ""it_key"" : ""CD03BVZZFA"", ""customer_index_for_billing"" : null, ""hk_master"" : ""HOOKAH"", ""hk_redirect_percentage"" : 0, ""partition_right"" : ""BTIP"", ""state"" : ""OPENED""}"
10000493,10000493,"{""id"" : 10000493, ""vpn_code"" : ""10000493"", ""name"" : ""UIP"", ""vpn_id_sip"" : ""10000493"", ""customer_reference"" : ""CD03B1QCB2"", ""forced_onnet"" : false, ""private_prefix_length"" : 2, ""offnet_via_bcr_allowed"" : true, ""it_key"" : ""CD03B1QCB2"", ""customer_index_for_billing"" : null, ""hk_master"" : ""HOOKAH"", ""hk_redirect_percentage"" : 0, ""partition_right"" : ""BTIP"", ""state"" : ""OPENED""}"
10000485,10000485,"{""id"" : 10000485, ""vpn_code"" : ""10000485"", ""name"" : ""SAFMC"", ""vpn_id_sip"" : ""10000485"", ""customer_reference"" : ""CD033CD2EA"", ""forced_onnet"" : true, ""private_prefix_length"" : 2, ""offnet_via_bcr_allowed"" : true, ""it_key"" : ""CD033CD2EA"", ""customer_index_for_billing"" : null, ""hk_master"" : ""HOOKAH"", ""hk_redirect_percentage"" : 0, ""partition_right"" : ""BTIP"", ""state"" : ""OPENED""}"
5231,5231,"{""id"" : 5231, ""vpn_code"" : ""5231"", ""name"" : ""PILLIOT (Transpac)"", ""vpn_id_sip"" : ""5231"", ""customer_reference"" : ""36423"", ""forced_onnet"" : true, ""private_prefix_length"" : 2, ""offnet_via_bcr_allowed"" : true, ""it_key"" : ""CD012NE6EB"", ""customer_index_for_billing"" : null, ""hk_master"" : ""HOOKAH"", ""hk_redirect_percentage"" : 0, ""partition_right"" : ""BT"", ""state"" : ""OPENED""}"
3611,3611,"{""id"" : 3611, ""vpn_code"" : ""3611"", ""name"" : ""MILLIPORE"", ""vpn_id_sip"" : ""3611"", ""customer_reference"" : ""677386"", ""forced_onnet"" : false, ""private_prefix_length"" : 3, ""offnet_via_bcr_allowed"" : true, ""it_key"" : ""zzz3611"", ""customer_index_for_billing"" : ""3611"", ""hk_master"" : ""HOOKAH"", ""hk_redirect_percentage"" : 0, ""partition_right"" : ""BT"", ""state"" : ""OPENED""}"
3757,3757,"{""id"" : 3757, ""vpn_code"" : ""3757"", ""name"" : ""IMPRIMERIE RAULT"", ""vpn_id_sip"" : ""3757"", ""customer_reference"" : ""674412"", ""forced_onnet"" : true, ""private_prefix_length"" : 1, ""offnet_via_bcr_allowed"" : true, ""it_key"" : ""CD00EY3FFB"", ""customer_index_for_billing"" : null, ""hk_master"" : ""HOOKAH"", ""hk_redirect_percentage"" : 0, ""partition_right"" : ""BT"", ""state"" : ""OPENED""}"
10000498,10000498,"{""id"" : 10000498, ""vpn_code"" : ""10000498"", ""name"" : ""CMA56"", ""vpn_id_sip"" : ""10000498"", ""customer_reference"" : ""CD03808ZA8"", ""forced_onnet"" : false, ""private_prefix_length"" : 1, ""offnet_via_bcr_allowed"" : true, ""it_key"" : ""CD03808ZA8"", ""customer_index_for_billing"" : null, ""hk_master"" : ""HOOKAH"", ""hk_redirect_percentage"" : 0, ""partition_right"" : ""BTIP"", ""state"" : ""OPENED""}"
10000477,10000477,"{""id"" : 10000477, ""vpn_code"" : ""10000477"", ""name"" : ""STETIENNE"", ""vpn_id_sip"" : ""10000477"", ""customer_reference"" : ""CD03B2WCB8"", ""forced_onnet"" : false, ""private_prefix_length"" : 2, ""offnet_via_bcr_allowed"" : true, ""it_key"" : ""CD03B2WCB8"", ""customer_index_for_billing"" : null, ""hk_master"" : ""HOOKAH"", ""hk_redirect_percentage"" : 0, ""partition_right"" : ""BTIP"", ""state"" : ""OPENED""}"
10000479,10000479,"{""id"" : 10000479, ""vpn_code"" : ""10000479"", ""name"" : ""ROSE"", ""vpn_id_sip"" : ""10000479"", ""customer_reference"" : ""CD03DGDK8D"", ""forced_onnet"" : false, ""private_prefix_length"" : 2, ""offnet_via_bcr_allowed"" : true, ""it_key"" : ""CD03DGDK8D"", ""customer_index_for_billing"" : null, ""hk_master"" : ""HOOKAH"", ""hk_redirect_percentage"" : 0, ""partition_right"" : ""BTIP"", ""state"" : ""OPENED""}"
4546,4546,"{""id"" : 4546, ""vpn_code"" : ""4546"", ""name"" : ""Relais et chateaux"", ""vpn_id_sip"" : ""4546"", ""customer_reference"" : ""680300"", ""forced_onnet"" : true, ""private_prefix_length"" : 3, ""offnet_via_bcr_allowed"" : true, ""it_key"" : ""zzz4546"", ""customer_index_for_billing"" : null, ""hk_master"" : ""HOOKAH"", ""hk_redirect_percentage"" : 0, ""partition_right"" : ""BT"", ""state"" : ""OPENED""}"
10000488,10000488,"{""id"" : 10000488, ""vpn_code"" : ""10000488"", ""name"" : ""NEOPOSTGROUPE"", ""vpn_id_sip"" : ""10000488"", ""customer_reference"" : ""CD03AM5JB0"", ""forced_onnet"" : false, ""private_prefix_length"" : 3, ""offnet_via_bcr_allowed"" : true, ""it_key"" : ""CD03AM5JB0"", ""customer_index_for_billing"" : null, ""hk_master"" : ""HOOKAH"", ""hk_redirect_percentage"" : 0, ""partition_right"" : ""BTIP"", ""state"" : ""CLOSED""}"
10000506,10000506,"{""id"" : 10000506, ""vpn_code"" : ""10000506"", ""name"" : ""BVPN_PREPROD_DIES"", ""vpn_id_sip"" : ""10000506"", ""customer_reference"" : ""CD03F4QTB8"", ""forced_onnet"" : true, ""private_prefix_length"" : 3, ""offnet_via_bcr_allowed"" : true, ""it_key"" : ""CD03F4QTB8"", ""customer_index_for_billing"" : null, ""hk_master"" : ""HOOKAH"", ""hk_redirect_percentage"" : 0, ""partition_right"" : ""BTIP"", ""state"" : ""OPENED""}"
3936,3936,"{""id"" : 3936, ""vpn_code"" : ""3936"", ""name"" : ""Patrick METZ (Transpac)"", ""vpn_id_sip"" : ""3936"", ""customer_reference"" : ""675079"", ""forced_onnet"" : false, ""private_prefix_length"" : 1, ""offnet_via_bcr_allowed"" : true, ""it_key"" : ""CD00GV36AA"", ""customer_index_for_billing"" : null, ""hk_master"" : ""HOOKAH"", ""hk_redirect_percentage"" : 0, ""partition_right"" : ""BT"", ""state"" : ""OPENED""}"
10000512,10000512,"{""id"" : 10000512, ""vpn_code"" : ""10000512"", ""name"" : ""COMILEV"", ""vpn_id_sip"" : ""10000512"", ""customer_reference"" : ""CD036N3XAD"", ""forced_onnet"" : false, ""private_prefix_length"" : 2, ""offnet_via_bcr_allowed"" : true, ""it_key"" : ""CD036N3XAD"", ""customer_index_for_billing"" : null, ""hk_master"" : ""HOOKAH"", ""hk_redirect_percentage"" : 0, ""partition_right"" : ""BTIP"", ""state"" : ""OPENED""}"
4404,4404,"{""id"" : 4404, ""vpn_code"" : ""4404"", ""name"" : ""I-PASS Alliance Inc"", ""vpn_id_sip"" : ""4404"", ""customer_reference"" : ""3783"", ""forced_onnet"" : true, ""private_prefix_length"" : 3, ""offnet_via_bcr_allowed"" : true, ""it_key"" : ""zzz4404"", ""customer_index_for_billing"" : ""4404"", ""hk_master"" : ""HOOKAH"", ""hk_redirect_percentage"" : 0, ""partition_right"" : ""BT"", ""state"" : ""OPENED""}"
5345,5345,"{""id"" : 5345, ""vpn_code"" : ""5345"", ""name"" : ""BESTHEIM (Transpac)"", ""vpn_id_sip"" : ""5345"", ""customer_reference"" : ""677516"", ""forced_onnet"" : true, ""private_prefix_length"" : 2, ""offnet_via_bcr_allowed"" : true, ""it_key"" : ""CD016ZC395"", ""customer_index_for_billing"" : null, ""hk_master"" : ""HOOKAH"", ""hk_redirect_percentage"" : 0, ""partition_right"" : ""BT"", ""state"" : ""OPENED""}"
5358,5358,"{""id"" : 5358, ""vpn_code"" : ""5358"", ""name"" : ""CIMESCAUT ( Transpac )"", ""vpn_id_sip"" : ""5358"", ""customer_reference"" : ""677567"", ""forced_onnet"" : false, ""private_prefix_length"" : 1, ""offnet_via_bcr_allowed"" : true, ""it_key"" : ""CD01880GAD"", ""customer_index_for_billing"" : null, ""hk_master"" : ""HOOKAH"", ""hk_redirect_percentage"" : 0, ""partition_right"" : ""BT"", ""state"" : ""OPENED""}"
5360,5360,"{""id"" : 5360, ""vpn_code"" : ""5360"", ""name"" : ""DU PAREIL AU MEME (Transpac)"", ""vpn_id_sip"" : ""5360"", ""customer_reference"" : ""677679"", ""forced_onnet"" : true, ""private_prefix_length"" : 3, ""offnet_via_bcr_allowed"" : true, ""it_key"" : ""CD0174X7F5"", ""customer_index_for_billing"" : null, ""hk_master"" : ""HOOKAH"", ""hk_redirect_percentage"" : 0, ""partition_right"" : ""BT"", ""state"" : ""OPENED""}"
5378,5378,"{""id"" : 5378, ""vpn_code"" : ""5378"", ""name"" : ""EXALAB (Transpac)"", ""vpn_id_sip"" : ""5378"", ""customer_reference"" : ""677612"", ""forced_onnet"" : false, ""private_prefix_length"" : 2, ""offnet_via_bcr_allowed"" : true, ""it_key"" : ""CD018SSVC5"", ""customer_index_for_billing"" : null, ""hk_master"" : ""HOOKAH"", ""hk_redirect_percentage"" : 0, ""partition_right"" : ""BT"", ""state"" : ""OPENED""}"
5134,5134,"{""id"" : 5134, ""vpn_code"" : ""5134"", ""name"" : ""Import Export du Velay ( Transpac )"", ""vpn_id_sip"" : ""5134"", ""customer_reference"" : ""676903"", ""forced_onnet"" : true, ""private_prefix_length"" : 2, ""offnet_via_bcr_allowed"" : true, ""it_key"" : ""CD018WBSDB"", ""customer_index_for_billing"" : null, ""hk_master"" : ""HOOKAH"", ""hk_redirect_percentage"" : 0, ""partition_right"" : ""BT"", ""state"" : ""OPENED""}"
5319,5319,"{""id"" : 5319, ""vpn_code"" : ""5319"", ""name"" : ""COUTRAS"", ""vpn_id_sip"" : ""5319"", ""customer_reference"" : ""36423"", ""forced_onnet"" : true, ""private_prefix_length"" : 2, ""offnet_via_bcr_allowed"" : true, ""it_key"" : ""CD015KRB82"", ""customer_index_for_billing"" : null, ""hk_master"" : ""HOOKAH"", ""hk_redirect_percentage"" : 0, ""partition_right"" : ""BT"", ""state"" : ""OPENED""}"
3999,3999,"{""id"" : 3999, ""vpn_code"" : ""3999"", ""name"" : ""1-SIP_VABF_VPN"", ""vpn_id_sip"" : ""3999"", ""customer_reference"" : ""VABFCustomer"", ""forced_onnet"" : false, ""private_prefix_length"" : 3, ""offnet_via_bcr_allowed"" : true, ""it_key"" : ""zzz3999"", ""customer_index_for_billing"" : null, ""hk_master"" : ""HOOKAH"", ""hk_redirect_percentage"" : 0, ""partition_right"" : ""BT"", ""state"" : ""OPENED""}"
5385,5385,"{""id"" : 5385, ""vpn_code"" : ""5385"", ""name"" : ""PANOL SA (Transpac)"", ""vpn_id_sip"" : ""5385"", ""customer_reference"" : ""677654"", ""forced_onnet"" : true, ""private_prefix_length"" : 2, ""offnet_via_bcr_allowed"" : true, ""it_key"" : ""CD01Q9J1DB"", ""customer_index_for_billing"" : null, ""hk_master"" : ""HOOKAH"", ""hk_redirect_percentage"" : 0, ""partition_right"" : ""BT"", ""state"" : ""OPENED""}"
5342,5342,"{""id"" : 5342, ""vpn_code"" : ""5342"", ""name"" : ""A ME TRA MONTPELLIER (Transpac)"", ""vpn_id_sip"" : ""5342"", ""customer_reference"" : ""677520"", ""forced_onnet"" : false, ""private_prefix_length"" : 2, ""offnet_via_bcr_allowed"" : true, ""it_key"" : ""CD016ZHPF6"", ""customer_index_for_billing"" : null, ""hk_master"" : ""HOOKAH"", ""hk_redirect_percentage"" : 0, ""partition_right"" : ""BT"", ""state"" : ""OPENED""}"
5353,5353,"{""id"" : 5353, ""vpn_code"" : ""5353"", ""name"" : ""SCM OUEST RADIO"", ""vpn_id_sip"" : ""5353"", ""customer_reference"" : ""36423"", ""forced_onnet"" : false, ""private_prefix_length"" : 2, ""offnet_via_bcr_allowed"" : true, ""it_key"" : ""CD0176PC8E"", ""customer_index_for_billing"" : null, ""hk_master"" : ""HOOKAH"", ""hk_redirect_percentage"" : 0, ""partition_right"" : ""BT"", ""state"" : ""OPENED""}"
3875,3875,"{""id"" : 3875, ""vpn_code"" : ""3875"", ""name"" : ""ATOS INFOGERANCE PARIS"", ""vpn_id_sip"" : ""3875"", ""customer_reference"" : ""677572"", ""forced_onnet"" : false, ""private_prefix_length"" : 3, ""offnet_via_bcr_allowed"" : true, ""it_key"" : ""zzz3875"", ""customer_index_for_billing"" : null, ""hk_master"" : ""HOOKAH"", ""hk_redirect_percentage"" : 0, ""partition_right"" : ""BT"", ""state"" : ""OPENED""}"
5306,5306,"{""id"" : 5306, ""vpn_code"" : ""5306"", ""name"" : ""Mission LOCALE ARTOIS (Transpac)"", ""vpn_id_sip"" : ""5306"", ""customer_reference"" : ""677441"", ""forced_onnet"" : true, ""private_prefix_length"" : 2, ""offnet_via_bcr_allowed"" : true, ""it_key"" : ""CD0156K7F9"", ""customer_index_for_billing"" : null, ""hk_master"" : ""HOOKAH"", ""hk_redirect_percentage"" : 0, ""partition_right"" : ""BT"", ""state"" : ""OPENED""}"
5366,5366,"{""id"" : 5366, ""vpn_code"" : ""5366"", ""name"" : ""FRM/VVO (Transpac)"", ""vpn_id_sip"" : ""5366"", ""customer_reference"" : ""677599"", ""forced_onnet"" : true, ""private_prefix_length"" : 2, ""offnet_via_bcr_allowed"" : true, ""it_key"" : ""CD0179A6D9"", ""customer_index_for_billing"" : null, ""hk_master"" : ""HOOKAH"", ""hk_redirect_percentage"" : 0, ""partition_right"" : ""BT"", ""state"" : ""OPENED""}"
3314,3314,"{""id"" : 3314, ""vpn_code"" : ""3314"", ""name"" : ""Western Union"", ""vpn_id_sip"" : ""3314"", ""customer_reference"" : ""1508"", ""forced_onnet"" : true, ""private_prefix_length"" : 3, ""offnet_via_bcr_allowed"" : true, ""it_key"" : ""zzz3314"", ""customer_index_for_billing"" : ""3314"", ""hk_master"" : ""HOOKAH"", ""hk_redirect_percentage"" : 0, ""partition_right"" : ""BT"", ""state"" : ""OPENED""}"
5287,5287,"{""id"" : 5287, ""vpn_code"" : ""5287"", ""name"" : ""GEOTEC (Transpac)"", ""vpn_id_sip"" : ""5287"", ""customer_reference"" : ""36423"", ""forced_onnet"" : true, ""private_prefix_length"" : 2, ""offnet_via_bcr_allowed"" : true, ""it_key"" : ""CD016SQSC3"", ""customer_index_for_billing"" : null, ""hk_master"" : ""HOOKAH"", ""hk_redirect_percentage"" : 0, ""partition_right"" : ""BT"", ""state"" : ""OPENED""}"
5350,5350,"{""id"" : 5350, ""vpn_code"" : ""5350"", ""name"" : ""FLEURYMICHON (Transpac)"", ""vpn_id_sip"" : ""5350"", ""customer_reference"" : ""36423"", ""forced_onnet"" : true, ""private_prefix_length"" : 2, ""offnet_via_bcr_allowed"" : true, ""it_key"" : ""CD017EKZBE"", ""customer_index_for_billing"" : null, ""hk_master"" : ""HOOKAH"", ""hk_redirect_percentage"" : 0, ""partition_right"" : ""BT"", ""state"" : ""OPENED""}"
10000005,10000005,"{""id"" : 10000005, ""vpn_code"" : ""10000005"", ""name"" : ""SCPDVFG"", ""vpn_id_sip"" : ""10000005"", ""customer_reference"" : ""CD01603B98"", ""forced_onnet"" : true, ""private_prefix_length"" : 2, ""offnet_via_bcr_allowed"" : true, ""it_key"" : ""CD01603B98"", ""customer_index_for_billing"" : null, ""hk_master"" : ""HOOKAH"", ""hk_redirect_percentage"" : 0, ""partition_right"" : ""BTIP"", ""state"" : ""OPENED""}"
5362,5362,"{""id"" : 5362, ""vpn_code"" : ""5362"", ""name"" : ""TRULLEN (Transpac)"", ""vpn_id_sip"" : ""5362"", ""customer_reference"" : ""677580"", ""forced_onnet"" : true, ""private_prefix_length"" : 2, ""offnet_via_bcr_allowed"" : true, ""it_key"" : ""CD018Q0KD7"", ""customer_index_for_billing"" : null, ""hk_master"" : ""HOOKAH"", ""hk_redirect_percentage"" : 0, ""partition_right"" : ""BT"", ""state"" : ""OPENED""}"
5403,5403,"{""id"" : 5403, ""vpn_code"" : ""5403"", ""name"" : ""DEPARTEMENT DE GIRONDE  33 (Transpac)"", ""vpn_id_sip"" : ""5403"", ""customer_reference"" : ""677695"", ""forced_onnet"" : true, ""private_prefix_length"" : 3, ""offnet_via_bcr_allowed"" : true, ""it_key"" : ""CD01A2X4E4"", ""customer_index_for_billing"" : null, ""hk_master"" : ""HOOKAH"", ""hk_redirect_percentage"" : 0, ""partition_right"" : ""BT"", ""state"" : ""OPENED""}"
5365,5365,"{""id"" : 5365, ""vpn_code"" : ""5365"", ""name"" : ""SYNDICAT MIXTE DE LA VALLEE DE LOISE (Transpac)"", ""vpn_id_sip"" : ""5365"", ""customer_reference"" : ""677586"", ""forced_onnet"" : true, ""private_prefix_length"" : 2, ""offnet_via_bcr_allowed"" : true, ""it_key"" : ""CD019M8X8C"", ""customer_index_for_billing"" : null, ""hk_master"" : ""HOOKAH"", ""hk_redirect_percentage"" : 0, ""partition_right"" : ""BT"", ""state"" : ""OPENED""}"
3424,3424,"{""id"" : 3424, ""vpn_code"" : ""3424"", ""name"" : ""PAYEN ET COMPAGNIE (Transpac)"", ""vpn_id_sip"" : ""3424"", ""customer_reference"" : ""7044407"", ""forced_onnet"" : true, ""private_prefix_length"" : 2, ""offnet_via_bcr_allowed"" : true, ""it_key"" : ""CD018KLR91"", ""customer_index_for_billing"" : null, ""hk_master"" : ""HOOKAH"", ""hk_redirect_percentage"" : 0, ""partition_right"" : ""BT"", ""state"" : ""OPENED""}"
5370,5370,"{""id"" : 5370, ""vpn_code"" : ""5370"", ""name"" : ""UGECAM (Transpac)"", ""vpn_id_sip"" : ""5370"", ""customer_reference"" : ""670790"", ""forced_onnet"" : true, ""private_prefix_length"" : 3, ""offnet_via_bcr_allowed"" : true, ""it_key"" : ""CD0196V5FB"", ""customer_index_for_billing"" : null, ""hk_master"" : ""HOOKAH"", ""hk_redirect_percentage"" : 0, ""partition_right"" : ""BT"", ""state"" : ""OPENED""}"
5315,5315,"{""id"" : 5315, ""vpn_code"" : ""5315"", ""name"" : ""SESAME (Transpac)"", ""vpn_id_sip"" : ""5315"", ""customer_reference"" : ""671882"", ""forced_onnet"" : true, ""private_prefix_length"" : 4, ""offnet_via_bcr_allowed"" : true, ""it_key"" : ""CD018WNHC0"", ""customer_index_for_billing"" : null, ""hk_master"" : ""HOOKAH"", ""hk_redirect_percentage"" : 0, ""partition_right"" : ""BT"", ""state"" : ""OPENED""}"
4407,4407,"{""id"" : 4407, ""vpn_code"" : ""4407"", ""name"" : ""ATOS ORIGIN INTEGRATION"", ""vpn_id_sip"" : ""4407"", ""customer_reference"" : ""675472"", ""forced_onnet"" : true, ""private_prefix_length"" : 3, ""offnet_via_bcr_allowed"" : true, ""it_key"" : ""zzz4407"", ""customer_index_for_billing"" : ""4407"", ""hk_master"" : ""HOOKAH"", ""hk_redirect_percentage"" : 0, ""partition_right"" : ""BT"", ""state"" : ""OPENED""}"
4405,4405,"{""id"" : 4405, ""vpn_code"" : ""4405"", ""name"" : ""NXP Semiconductors"", ""vpn_id_sip"" : ""4405"", ""customer_reference"" : ""673508"", ""forced_onnet"" : true, ""private_prefix_length"" : 3, ""offnet_via_bcr_allowed"" : true, ""it_key"" : ""zzz4405"", ""customer_index_for_billing"" : null, ""hk_master"" : ""HOOKAH"", ""hk_redirect_percentage"" : 0, ""partition_right"" : ""BT"", ""state"" : ""OPENED""}"
5521,5521,"{""id"" : 5521, ""vpn_code"" : ""5521"", ""name"" : ""BOUCHER_BVPN"", ""vpn_id_sip"" : ""5521"", ""customer_reference"" : ""36423"", ""forced_onnet"" : false, ""private_prefix_length"" : 2, ""offnet_via_bcr_allowed"" : true, ""it_key"" : ""CD01J9Z8D2"", ""customer_index_for_billing"" : null, ""hk_master"" : ""HOOKAH"", ""hk_redirect_percentage"" : 0, ""partition_right"" : ""BT"", ""state"" : ""OPENED""}"
10000007,10000007,"{""id"" : 10000007, ""vpn_code"" : ""10000007"", ""name"" : ""CORTON"", ""vpn_id_sip"" : ""10000007"", ""customer_reference"" : ""CD019MUF92"", ""forced_onnet"" : false, ""private_prefix_length"" : 2, ""offnet_via_bcr_allowed"" : true, ""it_key"" : ""CD019MUF92"", ""customer_index_for_billing"" : null, ""hk_master"" : ""HOOKAH"", ""hk_redirect_percentage"" : 0, ""partition_right"" : ""BTIP"", ""state"" : ""OPENED""}"
5301,5301,"{""id"" : 5301, ""vpn_code"" : ""5301"", ""name"" : ""LENGLET IMPRIMEURS (Transpac)"", ""vpn_id_sip"" : ""5301"", ""customer_reference"" : ""672546"", ""forced_onnet"" : false, ""private_prefix_length"" : 2, ""offnet_via_bcr_allowed"" : true, ""it_key"" : ""CD01UWFNC0"", ""customer_index_for_billing"" : null, ""hk_master"" : ""HOOKAH"", ""hk_redirect_percentage"" : 0, ""partition_right"" : ""BT"", ""state"" : ""OPENED""}"
5381,5381,"{""id"" : 5381, ""vpn_code"" : ""5381"", ""name"" : ""CAMPHES (Transpac)"", ""vpn_id_sip"" : ""5381"", ""customer_reference"" : ""677621"", ""forced_onnet"" : true, ""private_prefix_length"" : 2, ""offnet_via_bcr_allowed"" : true, ""it_key"" : ""CD019AXKB7"", ""customer_index_for_billing"" : null, ""hk_master"" : ""HOOKAH"", ""hk_redirect_percentage"" : 0, ""partition_right"" : ""BT"", ""state"" : ""OPENED""}"
5207,5207,"{""id"" : 5207, ""vpn_code"" : ""5207"", ""name"" : ""RTL (Transpac)"", ""vpn_id_sip"" : ""5207"", ""customer_reference"" : ""36423"", ""forced_onnet"" : true, ""private_prefix_length"" : 2, ""offnet_via_bcr_allowed"" : true, ""it_key"" : ""CD012GX2D9"", ""customer_index_for_billing"" : null, ""hk_master"" : ""HOOKAH"", ""hk_redirect_percentage"" : 0, ""partition_right"" : ""BT"", ""state"" : ""OPENED""}"
4399,4399,"{""id"" : 4399, ""vpn_code"" : ""4399"", ""name"" : ""BNL SPA"", ""vpn_id_sip"" : ""4399"", ""customer_reference"" : ""9300679"", ""forced_onnet"" : true, ""private_prefix_length"" : 3, ""offnet_via_bcr_allowed"" : true, ""it_key"" : ""zzz4399"", ""customer_index_for_billing"" : ""4399"", ""hk_master"" : ""HOOKAH"", ""hk_redirect_percentage"" : 0, ""partition_right"" : ""BT"", ""state"" : ""OPENED""}"
5351,5351,"{""id"" : 5351, ""vpn_code"" : ""5351"", ""name"" : ""SFPL (Transpac)"", ""vpn_id_sip"" : ""5351"", ""customer_reference"" : ""670044"", ""forced_onnet"" : true, ""private_prefix_length"" : 1, ""offnet_via_bcr_allowed"" : true, ""it_key"" : ""CD019TRJCB"", ""customer_index_for_billing"" : null, ""hk_master"" : ""HOOKAH"", ""hk_redirect_percentage"" : 0, ""partition_right"" : ""BT"", ""state"" : ""OPENED""}"
5259,5259,"{""id"" : 5259, ""vpn_code"" : ""5259"", ""name"" : ""BIO GES (Evolab)"", ""vpn_id_sip"" : ""5259"", ""customer_reference"" : ""7000000"", ""forced_onnet"" : true, ""private_prefix_length"" : 2, ""offnet_via_bcr_allowed"" : true, ""it_key"" : ""CD019NJK95"", ""customer_index_for_billing"" : null, ""hk_master"" : ""HOOKAH"", ""hk_redirect_percentage"" : 0, ""partition_right"" : ""BT"", ""state"" : ""OPENED""}"
5275,5275,"{""id"" : 5275, ""vpn_code"" : ""5275"", ""name"" : ""AMPLITUDES SAS ( Transpac )"", ""vpn_id_sip"" : ""5275"", ""customer_reference"" : ""677383"", ""forced_onnet"" : true, ""private_prefix_length"" : 2, ""offnet_via_bcr_allowed"" : true, ""it_key"" : ""CD01898EAA"", ""customer_index_for_billing"" : null, ""hk_master"" : ""HOOKAH"", ""hk_redirect_percentage"" : 0, ""partition_right"" : ""BT"", ""state"" : ""OPENED""}"
5203,5203,"{""id"" : 5203, ""vpn_code"" : ""5203"", ""name"" : ""EURO PRISME (Transpac)"", ""vpn_id_sip"" : ""5203"", ""customer_reference"" : ""677091"", ""forced_onnet"" : true, ""private_prefix_length"" : 2, ""offnet_via_bcr_allowed"" : true, ""it_key"" : ""CD0121MR8E"", ""customer_index_for_billing"" : null, ""hk_master"" : ""HOOKAH"", ""hk_redirect_percentage"" : 0, ""partition_right"" : ""BT"", ""state"" : ""OPENED""}"
4413,4413,"{""id"" : 4413, ""vpn_code"" : ""4413"", ""name"" : ""Global OSI Brazil Telecomunicacoes"", ""vpn_id_sip"" : ""4413"", ""customer_reference"" : ""677452"", ""forced_onnet"" : true, ""private_prefix_length"" : 3, ""offnet_via_bcr_allowed"" : true, ""it_key"" : ""zzz4413"", ""customer_index_for_billing"" : null, ""hk_master"" : ""HOOKAH"", ""hk_redirect_percentage"" : 0, ""partition_right"" : ""BT"", ""state"" : ""OPENED""}"
5356,5356,"{""id"" : 5356, ""vpn_code"" : ""5356"", ""name"" : ""EAU VIVE (Transpac)"", ""vpn_id_sip"" : ""5356"", ""customer_reference"" : ""677564"", ""forced_onnet"" : true, ""private_prefix_length"" : 2, ""offnet_via_bcr_allowed"" : true, ""it_key"" : ""CD01AJN7F7"", ""customer_index_for_billing"" : null, ""hk_master"" : ""HOOKAH"", ""hk_redirect_percentage"" : 0, ""partition_right"" : ""BT"", ""state"" : ""OPENED""}"
5344,5344,"{""id"" : 5344, ""vpn_code"" : ""5344"", ""name"" : ""Le Telegramme (Transpac)"", ""vpn_id_sip"" : ""5344"", ""customer_reference"" : ""43704"", ""forced_onnet"" : true, ""private_prefix_length"" : 3, ""offnet_via_bcr_allowed"" : true, ""it_key"" : ""CD01AY2CEA"", ""customer_index_for_billing"" : null, ""hk_master"" : ""HOOKAH"", ""hk_redirect_percentage"" : 0, ""partition_right"" : ""BT"", ""state"" : ""OPENED""}"
5426,5426,"{""id"" : 5426, ""vpn_code"" : ""5426"", ""name"" : ""PLAIMONTVPN (Transpac)"", ""vpn_id_sip"" : ""5426"", ""customer_reference"" : ""677749"", ""forced_onnet"" : true, ""private_prefix_length"" : 2, ""offnet_via_bcr_allowed"" : true, ""it_key"" : ""CD01B9MMA4"", ""customer_index_for_billing"" : null, ""hk_master"" : ""HOOKAH"", ""hk_redirect_percentage"" : 0, ""partition_right"" : ""BT"", ""state"" : ""OPENED""}"
5357,5357,"{""id"" : 5357, ""vpn_code"" : ""5357"", ""name"" : ""CAP OUEST DISTRIBUTION (Transpac)"", ""vpn_id_sip"" : ""5357"", ""customer_reference"" : ""5357"", ""forced_onnet"" : true, ""private_prefix_length"" : 1, ""offnet_via_bcr_allowed"" : true, ""it_key"" : ""CD0176K5F8"", ""customer_index_for_billing"" : null, ""hk_master"" : ""HOOKAH"", ""hk_redirect_percentage"" : 0, ""partition_right"" : ""BT"", ""state"" : ""OPENED""}"
5322,5322,"{""id"" : 5322, ""vpn_code"" : ""5322"", ""name"" : ""Agro Service 2000 (Transpac)"", ""vpn_id_sip"" : ""5322"", ""customer_reference"" : ""677481"", ""forced_onnet"" : true, ""private_prefix_length"" : 2, ""offnet_via_bcr_allowed"" : true, ""it_key"" : ""CD0187VC8B"", ""customer_index_for_billing"" : null, ""hk_master"" : ""HOOKAH"", ""hk_redirect_percentage"" : 0, ""partition_right"" : ""BT"", ""state"" : ""OPENED""}"
5359,5359,"{""id"" : 5359, ""vpn_code"" : ""5359"", ""name"" : ""COTELAC France (Transpac)"", ""vpn_id_sip"" : ""5359"", ""customer_reference"" : ""677561"", ""forced_onnet"" : true, ""private_prefix_length"" : 3, ""offnet_via_bcr_allowed"" : true, ""it_key"" : ""CD0172RF90"", ""customer_index_for_billing"" : null, ""hk_master"" : ""HOOKAH"", ""hk_redirect_percentage"" : 0, ""partition_right"" : ""BT"", ""state"" : ""OPENED""}"
4395,4395,"{""id"" : 4395, ""vpn_code"" : ""4395"", ""name"" : ""Aggreko Plc"", ""vpn_id_sip"" : ""4395"", ""customer_reference"" : ""18073"", ""forced_onnet"" : false, ""private_prefix_length"" : 3, ""offnet_via_bcr_allowed"" : false, ""it_key"" : ""zzz4395"", ""customer_index_for_billing"" : ""4395"", ""hk_master"" : ""HOOKAH"", ""hk_redirect_percentage"" : 0, ""partition_right"" : ""BT"", ""state"" : ""OPENED""}"
5299,5299,"{""id"" : 5299, ""vpn_code"" : ""5299"", ""name"" : ""GITEC TRAVAIL TEMPORAIRE (Transpac)"", ""vpn_id_sip"" : ""5299"", ""customer_reference"" : ""677663"", ""forced_onnet"" : true, ""private_prefix_length"" : 3, ""offnet_via_bcr_allowed"" : true, ""it_key"" : ""CD015MTF92"", ""customer_index_for_billing"" : null, ""hk_master"" : ""HOOKAH"", ""hk_redirect_percentage"" : 0, ""partition_right"" : ""BT"", ""state"" : ""OPENED""}"
5308,5308,"{""id"" : 5308, ""vpn_code"" : ""5308"", ""name"" : ""SOGEFIMA (Transpac)"", ""vpn_id_sip"" : ""5308"", ""customer_reference"" : ""677436"", ""forced_onnet"" : true, ""private_prefix_length"" : 2, ""offnet_via_bcr_allowed"" : true, ""it_key"" : ""CD014YV996"", ""customer_index_for_billing"" : null, ""hk_master"" : ""HOOKAH"", ""hk_redirect_percentage"" : 0, ""partition_right"" : ""BT"", ""state"" : ""OPENED""}"
5371,5371,"{""id"" : 5371, ""vpn_code"" : ""5371"", ""name"" : ""LINEDATA SERVICES (Transpac)"", ""vpn_id_sip"" : ""5371"", ""customer_reference"" : ""677559"", ""forced_onnet"" : true, ""private_prefix_length"" : 1, ""offnet_via_bcr_allowed"" : true, ""it_key"" : ""CD01746G85"", ""customer_index_for_billing"" : null, ""hk_master"" : ""HOOKAH"", ""hk_redirect_percentage"" : 0, ""partition_right"" : ""BT"", ""state"" : ""OPENED""}"
5288,5288,"{""id"" : 5288, ""vpn_code"" : ""5288"", ""name"" : ""ADAPEI  MONTBELIARD (Transpac)"", ""vpn_id_sip"" : ""5288"", ""customer_reference"" : ""677385"", ""forced_onnet"" : false, ""private_prefix_length"" : 2, ""offnet_via_bcr_allowed"" : true, ""it_key"" : ""CD01PU17B6"", ""customer_index_for_billing"" : null, ""hk_master"" : ""HOOKAH"", ""hk_redirect_percentage"" : 0, ""partition_right"" : ""BT"", ""state"" : ""OPENED""}"
5321,5321,"{""id"" : 5321, ""vpn_code"" : ""5321"", ""name"" : ""MEDILABS"", ""vpn_id_sip"" : ""5321"", ""customer_reference"" : ""677477"", ""forced_onnet"" : true, ""private_prefix_length"" : 2, ""offnet_via_bcr_allowed"" : true, ""it_key"" : ""CD015RQ4A1"", ""customer_index_for_billing"" : null, ""hk_master"" : ""HOOKAH"", ""hk_redirect_percentage"" : 0, ""partition_right"" : ""BT"", ""state"" : ""OPENED""}"
5334,5334,"{""id"" : 5334, ""vpn_code"" : ""5334"", ""name"" : ""FRANCE AIR (Transpac)"", ""vpn_id_sip"" : ""5334"", ""customer_reference"" : ""36423"", ""forced_onnet"" : true, ""private_prefix_length"" : 3, ""offnet_via_bcr_allowed"" : true, ""it_key"" : ""CD015M44E0"", ""customer_index_for_billing"" : null, ""hk_master"" : ""HOOKAH"", ""hk_redirect_percentage"" : 0, ""partition_right"" : ""BT"", ""state"" : ""OPENED""}"
4437,4437,"{""id"" : 4437, ""vpn_code"" : ""4437"", ""name"" : ""Kuwait Petroleum"", ""vpn_id_sip"" : ""4437"", ""customer_reference"" : ""678412"", ""forced_onnet"" : true, ""private_prefix_length"" : 3, ""offnet_via_bcr_allowed"" : true, ""it_key"" : ""zzz4437"", ""customer_index_for_billing"" : null, ""hk_master"" : ""HOOKAH"", ""hk_redirect_percentage"" : 0, ""partition_right"" : ""BT"", ""state"" : ""OPENED""}"
4400,4400,"{""id"" : 4400, ""vpn_code"" : ""4400"", ""name"" : ""Mercer Consulting"", ""vpn_id_sip"" : ""4400"", ""customer_reference"" : ""39975"", ""forced_onnet"" : false, ""private_prefix_length"" : 3, ""offnet_via_bcr_allowed"" : true, ""it_key"" : ""zzz4400"", ""customer_index_for_billing"" : null, ""hk_master"" : ""HOOKAH"", ""hk_redirect_percentage"" : 0, ""partition_right"" : ""BT"", ""state"" : ""OPENED""}"
5332,5332,"{""id"" : 5332, ""vpn_code"" : ""5332"", ""name"" : ""DUMUR IMMOBILIER"", ""vpn_id_sip"" : ""5332"", ""customer_reference"" : ""677501"", ""forced_onnet"" : true, ""private_prefix_length"" : 1, ""offnet_via_bcr_allowed"" : true, ""it_key"" : ""CD016KNN8E"", ""customer_index_for_billing"" : null, ""hk_master"" : ""HOOKAH"", ""hk_redirect_percentage"" : 0, ""partition_right"" : ""BT"", ""state"" : ""OPENED""}"
5312,5312,"{""id"" : 5312, ""vpn_code"" : ""5312"", ""name"" : ""COVEMA (Transpac)"", ""vpn_id_sip"" : ""5312"", ""customer_reference"" : ""677464"", ""forced_onnet"" : true, ""private_prefix_length"" : 2, ""offnet_via_bcr_allowed"" : true, ""it_key"" : ""CD015HSY93"", ""customer_index_for_billing"" : null, ""hk_master"" : ""HOOKAH"", ""hk_redirect_percentage"" : 0, ""partition_right"" : ""BT"", ""state"" : ""OPENED""}"
5263,5263,"{""id"" : 5263, ""vpn_code"" : ""5263"", ""name"" : ""CH_VAL_DE_SAONE (Transpac)"", ""vpn_id_sip"" : ""5263"", ""customer_reference"" : ""677324"", ""forced_onnet"" : true, ""private_prefix_length"" : 2, ""offnet_via_bcr_allowed"" : true, ""it_key"" : ""CD017ZQTF1"", ""customer_index_for_billing"" : null, ""hk_master"" : ""HOOKAH"", ""hk_redirect_percentage"" : 0, ""partition_right"" : ""BT"", ""state"" : ""OPENED""}"
5331,5331,"{""id"" : 5331, ""vpn_code"" : ""5331"", ""name"" : ""Public Imprim (Transpac)"", ""vpn_id_sip"" : ""5331"", ""customer_reference"" : ""677500"", ""forced_onnet"" : true, ""private_prefix_length"" : 2, ""offnet_via_bcr_allowed"" : true, ""it_key"" : ""CD015X9VFF"", ""customer_index_for_billing"" : null, ""hk_master"" : ""HOOKAH"", ""hk_redirect_percentage"" : 0, ""partition_right"" : ""BT"", ""state"" : ""OPENED""}"
10000001,10000001,"{""id"" : 10000001, ""vpn_code"" : ""10000001"", ""name"" : ""PILOTEBTIPSIP"", ""vpn_id_sip"" : ""10000001"", ""customer_reference"" : ""CD00WWG0AA"", ""forced_onnet"" : true, ""private_prefix_length"" : 3, ""offnet_via_bcr_allowed"" : true, ""it_key"" : ""CD00WWG0AA"", ""customer_index_for_billing"" : null, ""hk_master"" : ""HOOKAH"", ""hk_redirect_percentage"" : 0, ""partition_right"" : ""BTIP"", ""state"" : ""OPENED""}"
10000002,10000002,"{""id"" : 10000002, ""vpn_code"" : ""10000002"", ""name"" : ""AASTRA"", ""vpn_id_sip"" : ""10000002"", ""customer_reference"" : ""CD0116Z9F4"", ""forced_onnet"" : false, ""private_prefix_length"" : 2, ""offnet_via_bcr_allowed"" : true, ""it_key"" : ""CD0116Z9F4"", ""customer_index_for_billing"" : null, ""hk_master"" : ""HOOKAH"", ""hk_redirect_percentage"" : 0, ""partition_right"" : ""BTIP"", ""state"" : ""OPENED""}"
10000003,10000003,"{""id"" : 10000003, ""vpn_code"" : ""10000003"", ""name"" : ""BCLO"", ""vpn_id_sip"" : ""10000003"", ""customer_reference"" : ""CD011CNPA0"", ""forced_onnet"" : false, ""private_prefix_length"" : 2, ""offnet_via_bcr_allowed"" : true, ""it_key"" : ""CD011CNPA0"", ""customer_index_for_billing"" : null, ""hk_master"" : ""HOOKAH"", ""hk_redirect_percentage"" : 0, ""partition_right"" : ""BTIP"", ""state"" : ""OPENED""}"
10000004,10000004,"{""id"" : 10000004, ""vpn_code"" : ""10000004"", ""name"" : ""ASI"", ""vpn_id_sip"" : ""10000004"", ""customer_reference"" : ""CD014AFLB3"", ""forced_onnet"" : false, ""private_prefix_length"" : 1, ""offnet_via_bcr_allowed"" : true, ""it_key"" : ""CD014AFLB3"", ""customer_index_for_billing"" : null, ""hk_master"" : ""HOOKAH"", ""hk_redirect_percentage"" : 0, ""partition_right"" : ""BTIP"", ""state"" : ""OPENED""}"
5338,5338,"{""id"" : 5338, ""vpn_code"" : ""5338"", ""name"" : ""WALCH (Transpac)"", ""vpn_id_sip"" : ""5338"", ""customer_reference"" : ""677515"", ""forced_onnet"" : true, ""private_prefix_length"" : 2, ""offnet_via_bcr_allowed"" : true, ""it_key"" : ""CD0176MH85"", ""customer_index_for_billing"" : null, ""hk_master"" : ""HOOKAH"", ""hk_redirect_percentage"" : 0, ""partition_right"" : ""BT"", ""state"" : ""OPENED""}"
5354,5354,"{""id"" : 5354, ""vpn_code"" : ""5354"", ""name"" : ""KAPPA FRANCE ( Transpac )"", ""vpn_id_sip"" : ""5354"", ""customer_reference"" : ""677518"", ""forced_onnet"" : true, ""private_prefix_length"" : 2, ""offnet_via_bcr_allowed"" : true, ""it_key"" : ""CD01ACKBB4"", ""customer_index_for_billing"" : null, ""hk_master"" : ""HOOKAH"", ""hk_redirect_percentage"" : 0, ""partition_right"" : ""BT"", ""state"" : ""OPENED""}"
5398,5398,"{""id"" : 5398, ""vpn_code"" : ""5398"", ""name"" : ""PRAXIS VANNES (Transpac)"", ""vpn_id_sip"" : ""5398"", ""customer_reference"" : ""010968"", ""forced_onnet"" : true, ""private_prefix_length"" : 2, ""offnet_via_bcr_allowed"" : true, ""it_key"" : ""CD01AFUTBC"", ""customer_index_for_billing"" : null, ""hk_master"" : ""HOOKAH"", ""hk_redirect_percentage"" : 0, ""partition_right"" : ""BT"", ""state"" : ""OPENED""}"
5441,5441,"{""id"" : 5441, ""vpn_code"" : ""5441"", ""name"" : ""COOP PRODUCTEURS DOVINS AUVERGNE (Transpac)"", ""vpn_id_sip"" : ""5441"", ""customer_reference"" : ""677792"", ""forced_onnet"" : false, ""private_prefix_length"" : 2, ""offnet_via_bcr_allowed"" : true, ""it_key"" : ""CD01CD6ZBE"", ""customer_index_for_billing"" : null, ""hk_master"" : ""HOOKAH"", ""hk_redirect_percentage"" : 0, ""partition_right"" : ""BT"", ""state"" : ""OPENED""}"
5388,5388,"{""id"" : 5388, ""vpn_code"" : ""5388"", ""name"" : ""CARGO (Transpac)"", ""vpn_id_sip"" : ""5388"", ""customer_reference"" : ""677648"", ""forced_onnet"" : true, ""private_prefix_length"" : 2, ""offnet_via_bcr_allowed"" : true, ""it_key"" : ""CD018WT1B9"", ""customer_index_for_billing"" : null, ""hk_master"" : ""HOOKAH"", ""hk_redirect_percentage"" : 0, ""partition_right"" : ""BT"", ""state"" : ""OPENED""}"
4414,4414,"{""id"" : 4414, ""vpn_code"" : ""4414"", ""name"" : ""Akzo Nobel (old)"", ""vpn_id_sip"" : ""4414"", ""customer_reference"" : ""1908"", ""forced_onnet"" : false, ""private_prefix_length"" : 3, ""offnet_via_bcr_allowed"" : true, ""it_key"" : ""zzz4414"", ""customer_index_for_billing"" : null, ""hk_master"" : ""HOOKAH"", ""hk_redirect_percentage"" : 0, ""partition_right"" : ""BT"", ""state"" : ""OPENED""}"
5182,5182,"{""id"" : 5182, ""vpn_code"" : ""5182"", ""name"" : ""PARIS SAINT DENIS ACIERS (Transpac)"", ""vpn_id_sip"" : ""5182"", ""customer_reference"" : ""677081"", ""forced_onnet"" : true, ""private_prefix_length"" : 2, ""offnet_via_bcr_allowed"" : true, ""it_key"" : ""CD0126YY94"", ""customer_index_for_billing"" : null, ""hk_master"" : ""HOOKAH"", ""hk_redirect_percentage"" : 0, ""partition_right"" : ""BT"", ""state"" : ""OPENED""}"
3969,3969,"{""id"" : 3969, ""vpn_code"" : ""3969"", ""name"" : ""KINGFISHER"", ""vpn_id_sip"" : ""3969"", ""customer_reference"" : ""674569"", ""forced_onnet"" : false, ""private_prefix_length"" : 3, ""offnet_via_bcr_allowed"" : true, ""it_key"" : ""zzz3969"", ""customer_index_for_billing"" : ""3969"", ""hk_master"" : ""HOOKAH"", ""hk_redirect_percentage"" : 0, ""partition_right"" : ""BT"", ""state"" : ""OPENED""}"
5379,5379,"{""id"" : 5379, ""vpn_code"" : ""5379"", ""name"" : ""APAHM (Transpac)"", ""vpn_id_sip"" : ""5379"", ""customer_reference"" : ""677590"", ""forced_onnet"" : true, ""private_prefix_length"" : 2, ""offnet_via_bcr_allowed"" : true, ""it_key"" : ""CD01977S98"", ""customer_index_for_billing"" : null, ""hk_master"" : ""HOOKAH"", ""hk_redirect_percentage"" : 0, ""partition_right"" : ""BT"", ""state"" : ""OPENED""}"
5421,5421,"{""id"" : 5421, ""vpn_code"" : ""5421"", ""name"" : ""JEROME GARDACH ET ASSOCIES (Transpac)"", ""vpn_id_sip"" : ""5421"", ""customer_reference"" : ""677732"", ""forced_onnet"" : false, ""private_prefix_length"" : 1, ""offnet_via_bcr_allowed"" : true, ""it_key"" : ""CD01A8FFAA"", ""customer_index_for_billing"" : null, ""hk_master"" : ""HOOKAH"", ""hk_redirect_percentage"" : 0, ""partition_right"" : ""BT"", ""state"" : ""OPENED""}"
5420,5420,"{""id"" : 5420, ""vpn_code"" : ""5420"", ""name"" : ""BPLAST (Transpac)"", ""vpn_id_sip"" : ""5420"", ""customer_reference"" : ""677728"", ""forced_onnet"" : true, ""private_prefix_length"" : 2, ""offnet_via_bcr_allowed"" : true, ""it_key"" : ""CD01BV3CC8"", ""customer_index_for_billing"" : null, ""hk_master"" : ""HOOKAH"", ""hk_redirect_percentage"" : 0, ""partition_right"" : ""BT"", ""state"" : ""OPENED""}"
5394,5394,"{""id"" : 5394, ""vpn_code"" : ""5394"", ""name"" : ""LANGUEDOC MUTUALITE HOSPITAL HEBERGEME (Transpac)"", ""vpn_id_sip"" : ""5394"", ""customer_reference"" : ""677684"", ""forced_onnet"" : false, ""private_prefix_length"" : 2, ""offnet_via_bcr_allowed"" : true, ""it_key"" : ""CD0196UM83"", ""customer_index_for_billing"" : null, ""hk_master"" : ""HOOKAH"", ""hk_redirect_percentage"" : 0, ""partition_right"" : ""BT"", ""state"" : ""OPENED""}"
4417,4417,"{""id"" : 4417, ""vpn_code"" : ""4417"", ""name"" : ""TAROM"", ""vpn_id_sip"" : ""4417"", ""customer_reference"" : ""112"", ""forced_onnet"" : false, ""private_prefix_length"" : 3, ""offnet_via_bcr_allowed"" : true, ""it_key"" : ""zzz4417"", ""customer_index_for_billing"" : null, ""hk_master"" : ""HOOKAH"", ""hk_redirect_percentage"" : 0, ""partition_right"" : ""BT"", ""state"" : ""OPENED""}"
4401,4401,"{""id"" : 4401, ""vpn_code"" : ""4401"", ""name"" : ""TOCVPN"", ""vpn_id_sip"" : ""4401"", ""customer_reference"" : ""4401"", ""forced_onnet"" : true, ""private_prefix_length"" : 3, ""offnet_via_bcr_allowed"" : true, ""it_key"" : ""zzz4401"", ""customer_index_for_billing"" : ""4401"", ""hk_master"" : ""HOOKAH"", ""hk_redirect_percentage"" : 0, ""partition_right"" : ""BT"", ""state"" : ""OPENED""}"
4408,4408,"{""id"" : 4408, ""vpn_code"" : ""4408"", ""name"" : ""SOCIETE GENERAL"", ""vpn_id_sip"" : ""4408"", ""customer_reference"" : ""35685"", ""forced_onnet"" : false, ""private_prefix_length"" : 3, ""offnet_via_bcr_allowed"" : true, ""it_key"" : ""zzz4408"", ""customer_index_for_billing"" : null, ""hk_master"" : ""HOOKAH"", ""hk_redirect_percentage"" : 0, ""partition_right"" : ""BT"", ""state"" : ""OPENED""}"
1111,1111,"{""id"" : 1111, ""vpn_code"" : ""1111"", ""name"" : ""z - Voice Implementation Test (1)"", ""vpn_id_sip"" : ""1111"", ""customer_reference"" : ""12345"", ""forced_onnet"" : true, ""private_prefix_length"" : 3, ""offnet_via_bcr_allowed"" : true, ""it_key"" : ""zzz1111"", ""customer_index_for_billing"" : ""1235"", ""hk_master"" : ""HOOKAH"", ""hk_redirect_percentage"" : 0, ""partition_right"" : ""BTIP"", ""state"" : ""OPENED""}"
4415,4415,"{""id"" : 4415, ""vpn_code"" : ""4415"", ""name"" : ""CANONICAL_Closed"", ""vpn_id_sip"" : ""4415"", ""customer_reference"" : ""677522"", ""forced_onnet"" : true, ""private_prefix_length"" : 3, ""offnet_via_bcr_allowed"" : true, ""it_key"" : ""zzz4415"", ""customer_index_for_billing"" : null, ""hk_master"" : ""HOOKAH"", ""hk_redirect_percentage"" : 0, ""partition_right"" : ""BT"", ""state"" : ""CLOSED""}"
4412,4412,"{""id"" : 4412, ""vpn_code"" : ""4412"", ""name"" : ""Louis Vuitton Services Europe"", ""vpn_id_sip"" : ""4412"", ""customer_reference"" : ""677773"", ""forced_onnet"" : false, ""private_prefix_length"" : 3, ""offnet_via_bcr_allowed"" : true, ""it_key"" : ""zzz4412"", ""customer_index_for_billing"" : null, ""hk_master"" : ""HOOKAH"", ""hk_redirect_percentage"" : 0, ""partition_right"" : ""BT"", ""state"" : ""OPENED""}"
5428,5428,"{""id"" : 5428, ""vpn_code"" : ""5428"", ""name"" : ""Industrial Scientific Oldham (Transpac)"", ""vpn_id_sip"" : ""5428"", ""customer_reference"" : ""677627"", ""forced_onnet"" : false, ""private_prefix_length"" : 2, ""offnet_via_bcr_allowed"" : true, ""it_key"" : ""CD01CLKM9A"", ""customer_index_for_billing"" : null, ""hk_master"" : ""HOOKAH"", ""hk_redirect_percentage"" : 0, ""partition_right"" : ""BT"", ""state"" : ""OPENED""}"
5431,5431,"{""id"" : 5431, ""vpn_code"" : ""5431"", ""name"" : ""DESCAMPS (Transpac)"", ""vpn_id_sip"" : ""5431"", ""customer_reference"" : ""674127"", ""forced_onnet"" : false, ""private_prefix_length"" : 2, ""offnet_via_bcr_allowed"" : true, ""it_key"" : ""CD01CHX1FD"", ""customer_index_for_billing"" : null, ""hk_master"" : ""HOOKAH"", ""hk_redirect_percentage"" : 0, ""partition_right"" : ""BT"", ""state"" : ""OPENED""}"
3649,3649,"{""id"" : 3649, ""vpn_code"" : ""3649"", ""name"" : ""American Airlines"", ""vpn_id_sip"" : ""3649"", ""customer_reference"" : ""59525"", ""forced_onnet"" : false, ""private_prefix_length"" : 3, ""offnet_via_bcr_allowed"" : true, ""it_key"" : ""zzz3649"", ""customer_index_for_billing"" : ""3649"", ""hk_master"" : ""HOOKAH"", ""hk_redirect_percentage"" : 0, ""partition_right"" : ""BT"", ""state"" : ""OPENED""}"
10000147,10000147,"{""id"" : 10000147, ""vpn_code"" : ""10000147"", ""name"" : ""CEDI"", ""vpn_id_sip"" : ""10000147"", ""customer_reference"" : ""CD02FZLBDE"", ""forced_onnet"" : true, ""private_prefix_length"" : 2, ""offnet_via_bcr_allowed"" : true, ""it_key"" : ""CD02FZLBDE"", ""customer_index_for_billing"" : null, ""hk_master"" : ""HOOKAH"", ""hk_redirect_percentage"" : 0, ""partition_right"" : ""BTIP"", ""state"" : ""OPENED""}"
3593,3593,"{""id"" : 3593, ""vpn_code"" : ""3593"", ""name"" : ""RHODIA"", ""vpn_id_sip"" : ""3593"", ""customer_reference"" : ""676470"", ""forced_onnet"" : false, ""private_prefix_length"" : 3, ""offnet_via_bcr_allowed"" : true, ""it_key"" : ""zzz3593"", ""customer_index_for_billing"" : ""3593"", ""hk_master"" : ""HOOKAH"", ""hk_redirect_percentage"" : 0, ""partition_right"" : ""BT"", ""state"" : ""OPENED""}"
5665,5665,"{""id"" : 5665, ""vpn_code"" : ""5665"", ""name"" : ""LESIEUR SA BVPN"", ""vpn_id_sip"" : ""5665"", ""customer_reference"" : ""36423"", ""forced_onnet"" : true, ""private_prefix_length"" : 1, ""offnet_via_bcr_allowed"" : true, ""it_key"" : ""CD020VRJF8"", ""customer_index_for_billing"" : null, ""hk_master"" : ""HOOKAH"", ""hk_redirect_percentage"" : 0, ""partition_right"" : ""BT"", ""state"" : ""OPENED""}"
10000149,10000149,"{""id"" : 10000149, ""vpn_code"" : ""10000149"", ""name"" : ""NW GLOBAL VENDING"", ""vpn_id_sip"" : ""10000149"", ""customer_reference"" : ""CD02GRR09C"", ""forced_onnet"" : false, ""private_prefix_length"" : 2, ""offnet_via_bcr_allowed"" : true, ""it_key"" : ""CD02GRR09C"", ""customer_index_for_billing"" : null, ""hk_master"" : ""HOOKAH"", ""hk_redirect_percentage"" : 0, ""partition_right"" : ""BTIP"", ""state"" : ""OPENED""}"
4409,4409,"{""id"" : 4409, ""vpn_code"" : ""4409"", ""name"" : ""Edistar"", ""vpn_id_sip"" : ""4409"", ""customer_reference"" : ""677775"", ""forced_onnet"" : true, ""private_prefix_length"" : 3, ""offnet_via_bcr_allowed"" : true, ""it_key"" : ""zzz4409"", ""customer_index_for_billing"" : null, ""hk_master"" : ""HOOKAH"", ""hk_redirect_percentage"" : 0, ""partition_right"" : ""BT"", ""state"" : ""OPENED""}"
5410,5410,"{""id"" : 5410, ""vpn_code"" : ""5410"", ""name"" : ""ALAROCHE"", ""vpn_id_sip"" : ""5410"", ""customer_reference"" : ""36423"", ""forced_onnet"" : false, ""private_prefix_length"" : 2, ""offnet_via_bcr_allowed"" : true, ""it_key"" : ""CD01W5PD86"", ""customer_index_for_billing"" : null, ""hk_master"" : ""HOOKAH"", ""hk_redirect_percentage"" : 0, ""partition_right"" : ""BT"", ""state"" : ""OPENED""}"
5537,5537,"{""id"" : 5537, ""vpn_code"" : ""5537"", ""name"" : ""FEHR"", ""vpn_id_sip"" : ""5537"", ""customer_reference"" : ""36423"", ""forced_onnet"" : false, ""private_prefix_length"" : 2, ""offnet_via_bcr_allowed"" : true, ""it_key"" : ""CD01JTMYDE"", ""customer_index_for_billing"" : null, ""hk_master"" : ""HOOKAH"", ""hk_redirect_percentage"" : 0, ""partition_right"" : ""BT"", ""state"" : ""OPENED""}"
10000153,10000153,"{""id"" : 10000153, ""vpn_code"" : ""10000153"", ""name"" : ""HUILLET TRANSPORTS"", ""vpn_id_sip"" : ""10000153"", ""customer_reference"" : ""CD02CMVHA6"", ""forced_onnet"" : false, ""private_prefix_length"" : 2, ""offnet_via_bcr_allowed"" : true, ""it_key"" : ""CD02CMVHA6"", ""customer_index_for_billing"" : null, ""hk_master"" : ""HOOKAH"", ""hk_redirect_percentage"" : 0, ""partition_right"" : ""BTIP"", ""state"" : ""OPENED""}"
10000044,10000044,"{""id"" : 10000044, ""vpn_code"" : ""10000044"", ""name"" : ""GARIGNON"", ""vpn_id_sip"" : ""10000044"", ""customer_reference"" : ""CD01W3AK9D"", ""forced_onnet"" : false, ""private_prefix_length"" : 2, ""offnet_via_bcr_allowed"" : true, ""it_key"" : ""CD01W3AK9D"", ""customer_index_for_billing"" : null, ""hk_master"" : ""HOOKAH"", ""hk_redirect_percentage"" : 0, ""partition_right"" : ""BTIP"", ""state"" : ""OPENED""}"
5583,5583,"{""id"" : 5583, ""vpn_code"" : ""5583"", ""name"" : ""JORION (Transpac)"", ""vpn_id_sip"" : ""5583"", ""customer_reference"" : ""678423"", ""forced_onnet"" : true, ""private_prefix_length"" : 2, ""offnet_via_bcr_allowed"" : true, ""it_key"" : ""CD01S66Z91"", ""customer_index_for_billing"" : null, ""hk_master"" : ""HOOKAH"", ""hk_redirect_percentage"" : 0, ""partition_right"" : ""BT"", ""state"" : ""OPENED""}"
4460,4460,"{""id"" : 4460, ""vpn_code"" : ""4460"", ""name"" : ""Auto Escape"", ""vpn_id_sip"" : ""4460"", ""customer_reference"" : ""678749"", ""forced_onnet"" : true, ""private_prefix_length"" : 3, ""offnet_via_bcr_allowed"" : true, ""it_key"" : ""zzz4460"", ""customer_index_for_billing"" : null, ""hk_master"" : ""HOOKAH"", ""hk_redirect_percentage"" : 0, ""partition_right"" : ""BT"", ""state"" : ""OPENED""}"
4455,4455,"{""id"" : 4455, ""vpn_code"" : ""4455"", ""name"" : ""FAMAR ABE"", ""vpn_id_sip"" : ""4455"", ""customer_reference"" : ""28936"", ""forced_onnet"" : false, ""private_prefix_length"" : 3, ""offnet_via_bcr_allowed"" : true, ""it_key"" : ""zzz4455"", ""customer_index_for_billing"" : null, ""hk_master"" : ""HOOKAH"", ""hk_redirect_percentage"" : 0, ""partition_right"" : ""BT"", ""state"" : ""OPENED""}"
10000046,10000046,"{""id"" : 10000046, ""vpn_code"" : ""10000046"", ""name"" : ""Centre Auto Etoile (RNLT000715)"", ""vpn_id_sip"" : ""10000046"", ""customer_reference"" : ""CD01VXDLE0"", ""forced_onnet"" : false, ""private_prefix_length"" : 2, ""offnet_via_bcr_allowed"" : true, ""it_key"" : ""CD01VXDLE0"", ""customer_index_for_billing"" : null, ""hk_master"" : ""HOOKAH"", ""hk_redirect_percentage"" : 0, ""partition_right"" : ""BTIP"", ""state"" : ""OPENED""}"
3970,3970,"{""id"" : 3970, ""vpn_code"" : ""3970"", ""name"" : ""Louvre Hotels"", ""vpn_id_sip"" : ""3970"", ""customer_reference"" : ""676425"", ""forced_onnet"" : false, ""private_prefix_length"" : 3, ""offnet_via_bcr_allowed"" : true, ""it_key"" : ""zzz3970"", ""customer_index_for_billing"" : ""3970"", ""hk_master"" : ""HOOKAH"", ""hk_redirect_percentage"" : 0, ""partition_right"" : ""BT"", ""state"" : ""OPENED""}"
4465,4465,"{""id"" : 4465, ""vpn_code"" : ""4465"", ""name"" : ""3M USA (Call Center)"", ""vpn_id_sip"" : ""4465"", ""customer_reference"" : ""3822"", ""forced_onnet"" : true, ""private_prefix_length"" : 3, ""offnet_via_bcr_allowed"" : true, ""it_key"" : ""zzz4465"", ""customer_index_for_billing"" : ""4465"", ""hk_master"" : ""HOOKAH"", ""hk_redirect_percentage"" : 0, ""partition_right"" : ""BT"", ""state"" : ""OPENED""}"
4464,4464,"{""id"" : 4464, ""vpn_code"" : ""4464"", ""name"" : ""MAPI SAS"", ""vpn_id_sip"" : ""4464"", ""customer_reference"" : ""678798"", ""forced_onnet"" : true, ""private_prefix_length"" : 3, ""offnet_via_bcr_allowed"" : true, ""it_key"" : ""zzz4464"", ""customer_index_for_billing"" : ""4464"", ""hk_master"" : ""HOOKAH"", ""hk_redirect_percentage"" : 0, ""partition_right"" : ""BT"", ""state"" : ""OPENED""}"
3350,3350,"{""id"" : 3350, ""vpn_code"" : ""3350"", ""name"" : ""ROSSIGNOL"", ""vpn_id_sip"" : ""3350"", ""customer_reference"" : ""51285"", ""forced_onnet"" : false, ""private_prefix_length"" : 3, ""offnet_via_bcr_allowed"" : true, ""it_key"" : ""zzz3350"", ""customer_index_for_billing"" : ""3350"", ""hk_master"" : ""HOOKAH"", ""hk_redirect_percentage"" : 0, ""partition_right"" : ""BT"", ""state"" : ""OPENED""}"
4350,4350,"{""id"" : 4350, ""vpn_code"" : ""4350"", ""name"" : ""INVITROGEN"", ""vpn_id_sip"" : ""4350"", ""customer_reference"" : ""676758"", ""forced_onnet"" : false, ""private_prefix_length"" : 3, ""offnet_via_bcr_allowed"" : true, ""it_key"" : ""zzz4350"", ""customer_index_for_billing"" : ""4350"", ""hk_master"" : ""HOOKAH"", ""hk_redirect_percentage"" : 0, ""partition_right"" : ""BT"", ""state"" : ""OPENED""}"
3717,3717,"{""id"" : 3717, ""vpn_code"" : ""3717"", ""name"" : ""DYNASTAR"", ""vpn_id_sip"" : ""3717"", ""customer_reference"" : ""675793"", ""forced_onnet"" : false, ""private_prefix_length"" : 3, ""offnet_via_bcr_allowed"" : true, ""it_key"" : ""zzz3717"", ""customer_index_for_billing"" : ""3717"", ""hk_master"" : ""HOOKAH"", ""hk_redirect_percentage"" : 0, ""partition_right"" : ""BT"", ""state"" : ""OPENED""}"
5475,5475,"{""id"" : 5475, ""vpn_code"" : ""5475"", ""name"" : ""NERA"", ""vpn_id_sip"" : ""5475"", ""customer_reference"" : ""36423"", ""forced_onnet"" : false, ""private_prefix_length"" : 2, ""offnet_via_bcr_allowed"" : true, ""it_key"" : ""CD01L1CX81"", ""customer_index_for_billing"" : null, ""hk_master"" : ""HOOKAH"", ""hk_redirect_percentage"" : 0, ""partition_right"" : ""BT"", ""state"" : ""OPENED""}"
4459,4459,"{""id"" : 4459, ""vpn_code"" : ""4459"", ""name"" : ""THOMSON VIDEO NETWORKS SAS"", ""vpn_id_sip"" : ""4459"", ""customer_reference"" : ""678748"", ""forced_onnet"" : false, ""private_prefix_length"" : 3, ""offnet_via_bcr_allowed"" : true, ""it_key"" : ""zzz4459"", ""customer_index_for_billing"" : null, ""hk_master"" : ""HOOKAH"", ""hk_redirect_percentage"" : 0, ""partition_right"" : ""BT"", ""state"" : ""OPENED""}"
5615,5615,"{""id"" : 5615, ""vpn_code"" : ""5615"", ""name"" : ""ADIEPH BVPN"", ""vpn_id_sip"" : ""5615"", ""customer_reference"" : ""36423"", ""forced_onnet"" : false, ""private_prefix_length"" : 2, ""offnet_via_bcr_allowed"" : true, ""it_key"" : ""CD01S06W88"", ""customer_index_for_billing"" : null, ""hk_master"" : ""HOOKAH"", ""hk_redirect_percentage"" : 0, ""partition_right"" : ""BT"", ""state"" : ""OPENED""}"
10000049,10000049,"{""id"" : 10000049, ""vpn_code"" : ""10000049"", ""name"" : ""BPCE"", ""vpn_id_sip"" : ""10000049"", ""customer_reference"" : ""CD01URB4A4"", ""forced_onnet"" : false, ""private_prefix_length"" : 5, ""offnet_via_bcr_allowed"" : true, ""it_key"" : ""CD01URB4A4"", ""customer_index_for_billing"" : null, ""hk_master"" : ""HOOKAH"", ""hk_redirect_percentage"" : 0, ""partition_right"" : ""BTIP"", ""state"" : ""OPENED""}"
10000051,10000051,"{""id"" : 10000051, ""vpn_code"" : ""10000051"", ""name"" : ""CHAMPAGEX"", ""vpn_id_sip"" : ""10000051"", ""customer_reference"" : ""CD01WRUZC9"", ""forced_onnet"" : false, ""private_prefix_length"" : 2, ""offnet_via_bcr_allowed"" : true, ""it_key"" : ""CD01WRUZC9"", ""customer_index_for_billing"" : null, ""hk_master"" : ""HOOKAH"", ""hk_redirect_percentage"" : 0, ""partition_right"" : ""BTIP"", ""state"" : ""OPENED""}"
4463,4463,"{""id"" : 4463, ""vpn_code"" : ""4463"", ""name"" : ""Gerdau Acos Longos SA"", ""vpn_id_sip"" : ""4463"", ""customer_reference"" : ""678633"", ""forced_onnet"" : true, ""private_prefix_length"" : 3, ""offnet_via_bcr_allowed"" : true, ""it_key"" : ""zzz4463"", ""customer_index_for_billing"" : null, ""hk_master"" : ""HOOKAH"", ""hk_redirect_percentage"" : 0, ""partition_right"" : ""BT"", ""state"" : ""OPENED""}"
5637,5637,"{""id"" : 5637, ""vpn_code"" : ""5637"", ""name"" : ""E2C78001"", ""vpn_id_sip"" : ""5637"", ""customer_reference"" : ""36423"", ""forced_onnet"" : false, ""private_prefix_length"" : 2, ""offnet_via_bcr_allowed"" : true, ""it_key"" : ""CD01V07V89"", ""customer_index_for_billing"" : null, ""hk_master"" : ""HOOKAH"", ""hk_redirect_percentage"" : 0, ""partition_right"" : ""BT"", ""state"" : ""OPENED""}"
3524,3524,"{""id"" : 3524, ""vpn_code"" : ""3524"", ""name"" : ""INTERNATION SOS"", ""vpn_id_sip"" : ""3524"", ""customer_reference"" : ""676504"", ""forced_onnet"" : false, ""private_prefix_length"" : 3, ""offnet_via_bcr_allowed"" : true, ""it_key"" : ""zzz3524"", ""customer_index_for_billing"" : ""3524"", ""hk_master"" : ""HOOKAH"", ""hk_redirect_percentage"" : 0, ""partition_right"" : ""BT"", ""state"" : ""OPENED""}"
3582,3582,"{""id"" : 3582, ""vpn_code"" : ""3582"", ""name"" : ""INNOGENETICS NV"", ""vpn_id_sip"" : ""3582"", ""customer_reference"" : ""20208"", ""forced_onnet"" : false, ""private_prefix_length"" : 3, ""offnet_via_bcr_allowed"" : true, ""it_key"" : ""zzz3582"", ""customer_index_for_billing"" : ""3582"", ""hk_master"" : ""HOOKAH"", ""hk_redirect_percentage"" : 0, ""partition_right"" : ""BT"", ""state"" : ""OPENED""}"
4342,4342,"{""id"" : 4342, ""vpn_code"" : ""4342"", ""name"" : ""MYTOYS"", ""vpn_id_sip"" : ""4342"", ""customer_reference"" : ""676700"", ""forced_onnet"" : false, ""private_prefix_length"" : 3, ""offnet_via_bcr_allowed"" : true, ""it_key"" : ""zzz4342"", ""customer_index_for_billing"" : ""4342"", ""hk_master"" : ""HOOKAH"", ""hk_redirect_percentage"" : 0, ""partition_right"" : ""BT"", ""state"" : ""OPENED""}"
4381,4381,"{""id"" : 4381, ""vpn_code"" : ""4381"", ""name"" : ""TRELLEBORG IND."", ""vpn_id_sip"" : ""4381"", ""customer_reference"" : ""677333"", ""forced_onnet"" : false, ""private_prefix_length"" : 3, ""offnet_via_bcr_allowed"" : true, ""it_key"" : ""zzz4381"", ""customer_index_for_billing"" : ""4381"", ""hk_master"" : ""HOOKAH"", ""hk_redirect_percentage"" : 0, ""partition_right"" : ""BT"", ""state"" : ""OPENED""}"
4343,4343,"{""id"" : 4343, ""vpn_code"" : ""4343"", ""name"" : ""GARSYS ZANNIER"", ""vpn_id_sip"" : ""4343"", ""customer_reference"" : ""676659"", ""forced_onnet"" : false, ""private_prefix_length"" : 3, ""offnet_via_bcr_allowed"" : true, ""it_key"" : ""zzz4343"", ""customer_index_for_billing"" : ""4343"", ""hk_master"" : ""HOOKAH"", ""hk_redirect_percentage"" : 0, ""partition_right"" : ""BT"", ""state"" : ""CLOSED""}"
5607,5607,"{""id"" : 5607, ""vpn_code"" : ""5607"", ""name"" : ""GOUIRANBVPN"", ""vpn_id_sip"" : ""5607"", ""customer_reference"" : ""36423"", ""forced_onnet"" : true, ""private_prefix_length"" : 2, ""offnet_via_bcr_allowed"" : true, ""it_key"" : ""CD01S7ME8B"", ""customer_index_for_billing"" : null, ""hk_master"" : ""HOOKAH"", ""hk_redirect_percentage"" : 0, ""partition_right"" : ""BT"", ""state"" : ""OPENED""}"
4990,4990,"{""id"" : 4990, ""vpn_code"" : ""4990"", ""name"" : ""FCCi_PROD_TEST_4990"", ""vpn_id_sip"" : ""4990"", ""customer_reference"" : ""23664"", ""forced_onnet"" : true, ""private_prefix_length"" : 3, ""offnet_via_bcr_allowed"" : true, ""it_key"" : ""zzz4990"", ""customer_index_for_billing"" : ""4990"", ""hk_master"" : ""HOOKAH"", ""hk_redirect_percentage"" : 0, ""partition_right"" : ""BT"", ""state"" : ""OPENED""}"
4377,4377,"{""id"" : 4377, ""vpn_code"" : ""4377"", ""name"" : ""VODAFONE"", ""vpn_id_sip"" : ""4377"", ""customer_reference"" : ""677260"", ""forced_onnet"" : false, ""private_prefix_length"" : 3, ""offnet_via_bcr_allowed"" : true, ""it_key"" : ""zzz4377"", ""customer_index_for_billing"" : ""4377"", ""hk_master"" : ""HOOKAH"", ""hk_redirect_percentage"" : 0, ""partition_right"" : ""BT"", ""state"" : ""OPENED""}"
3585,3585,"{""id"" : 3585, ""vpn_code"" : ""3585"", ""name"" : ""WHIRLPOOL"", ""vpn_id_sip"" : ""3585"", ""customer_reference"" : ""676456"", ""forced_onnet"" : false, ""private_prefix_length"" : 3, ""offnet_via_bcr_allowed"" : true, ""it_key"" : ""zzz3585"", ""customer_index_for_billing"" : ""3585"", ""hk_master"" : ""HOOKAH"", ""hk_redirect_percentage"" : 0, ""partition_right"" : ""BT"", ""state"" : ""OPENED""}"
5703,5703,"{""id"" : 5703, ""vpn_code"" : ""5703"", ""name"" : ""SMTVO"", ""vpn_id_sip"" : ""5703"", ""customer_reference"" : ""678759"", ""forced_onnet"" : false, ""private_prefix_length"" : 1, ""offnet_via_bcr_allowed"" : true, ""it_key"" : ""CD01Z5L9F8"", ""customer_index_for_billing"" : null, ""hk_master"" : ""HOOKAH"", ""hk_redirect_percentage"" : 0, ""partition_right"" : ""BT"", ""state"" : ""OPENED""}"
5709,5709,"{""id"" : 5709, ""vpn_code"" : ""5709"", ""name"" : ""ASSOCIATION ELAN ARGONNAIS (Transpac)"", ""vpn_id_sip"" : ""5709"", ""customer_reference"" : ""678801"", ""forced_onnet"" : true, ""private_prefix_length"" : 2, ""offnet_via_bcr_allowed"" : true, ""it_key"" : ""CD01XE4EA4"", ""customer_index_for_billing"" : null, ""hk_master"" : ""HOOKAH"", ""hk_redirect_percentage"" : 0, ""partition_right"" : ""BT"", ""state"" : ""OPENED""}"
5715,5715,"{""id"" : 5715, ""vpn_code"" : ""5715"", ""name"" : ""ALSYOM"", ""vpn_id_sip"" : ""5715"", ""customer_reference"" : ""36423"", ""forced_onnet"" : false, ""private_prefix_length"" : 2, ""offnet_via_bcr_allowed"" : true, ""it_key"" : ""CD01XLAS84"", ""customer_index_for_billing"" : null, ""hk_master"" : ""HOOKAH"", ""hk_redirect_percentage"" : 0, ""partition_right"" : ""BT"", ""state"" : ""OPENED""}"
4462,4462,"{""id"" : 4462, ""vpn_code"" : ""4462"", ""name"" : ""Emalec"", ""vpn_id_sip"" : ""4462"", ""customer_reference"" : ""676580"", ""forced_onnet"" : true, ""private_prefix_length"" : 3, ""offnet_via_bcr_allowed"" : true, ""it_key"" : ""zzz4462"", ""customer_index_for_billing"" : null, ""hk_master"" : ""HOOKAH"", ""hk_redirect_percentage"" : 0, ""partition_right"" : ""BT"", ""state"" : ""OPENED""}"
4458,4458,"{""id"" : 4458, ""vpn_code"" : ""4458"", ""name"" : ""Janssen Cilag"", ""vpn_id_sip"" : ""4458"", ""customer_reference"" : ""678826"", ""forced_onnet"" : false, ""private_prefix_length"" : 3, ""offnet_via_bcr_allowed"" : true, ""it_key"" : ""ZZZ4458"", ""customer_index_for_billing"" : ""4458"", ""hk_master"" : ""HOOKAH"", ""hk_redirect_percentage"" : 0, ""partition_right"" : ""BT"", ""state"" : ""OPENED""}"
5668,5668,"{""id"" : 5668, ""vpn_code"" : ""5668"", ""name"" : ""B2V"", ""vpn_id_sip"" : ""5668"", ""customer_reference"" : ""36423"", ""forced_onnet"" : false, ""private_prefix_length"" : 2, ""offnet_via_bcr_allowed"" : true, ""it_key"" : ""CD01X7FT99"", ""customer_index_for_billing"" : null, ""hk_master"" : ""HOOKAH"", ""hk_redirect_percentage"" : 0, ""partition_right"" : ""BT"", ""state"" : ""OPENED""}"
5648,5648,"{""id"" : 5648, ""vpn_code"" : ""5648"", ""name"" : ""Cap Vital Santé (Transpac)"", ""vpn_id_sip"" : ""5648"", ""customer_reference"" : ""678673"", ""forced_onnet"" : true, ""private_prefix_length"" : 2, ""offnet_via_bcr_allowed"" : true, ""it_key"" : ""CD01WJ8L8F"", ""customer_index_for_billing"" : null, ""hk_master"" : ""HOOKAH"", ""hk_redirect_percentage"" : 0, ""partition_right"" : ""BT"", ""state"" : ""OPENED""}"
5656,5656,"{""id"" : 5656, ""vpn_code"" : ""5656"", ""name"" : ""SISTAC"", ""vpn_id_sip"" : ""5656"", ""customer_reference"" : ""36423"", ""forced_onnet"" : true, ""private_prefix_length"" : 1, ""offnet_via_bcr_allowed"" : true, ""it_key"" : ""CD01WRESC0"", ""customer_index_for_billing"" : null, ""hk_master"" : ""HOOKAH"", ""hk_redirect_percentage"" : 0, ""partition_right"" : ""BT"", ""state"" : ""OPENED""}"
5488,5488,"{""id"" : 5488, ""vpn_code"" : ""5488"", ""name"" : ""BRETAGNEATELIERS"", ""vpn_id_sip"" : ""5488"", ""customer_reference"" : ""36423"", ""forced_onnet"" : false, ""private_prefix_length"" : 1, ""offnet_via_bcr_allowed"" : true, ""it_key"" : ""CD01VH74FB"", ""customer_index_for_billing"" : null, ""hk_master"" : ""HOOKAH"", ""hk_redirect_percentage"" : 0, ""partition_right"" : ""BT"", ""state"" : ""OPENED""}"
5660,5660,"{""id"" : 5660, ""vpn_code"" : ""5660"", ""name"" : ""OCTEASC001"", ""vpn_id_sip"" : ""5660"", ""customer_reference"" : ""36423"", ""forced_onnet"" : false, ""private_prefix_length"" : 1, ""offnet_via_bcr_allowed"" : true, ""it_key"" : ""CD01X3VH9E"", ""customer_index_for_billing"" : null, ""hk_master"" : ""HOOKAH"", ""hk_redirect_percentage"" : 0, ""partition_right"" : ""BT"", ""state"" : ""OPENED""}"
5653,5653,"{""id"" : 5653, ""vpn_code"" : ""5653"", ""name"" : ""SOFECSAS"", ""vpn_id_sip"" : ""5653"", ""customer_reference"" : ""36423"", ""forced_onnet"" : true, ""private_prefix_length"" : 2, ""offnet_via_bcr_allowed"" : true, ""it_key"" : ""CD01VYNAE8"", ""customer_index_for_billing"" : null, ""hk_master"" : ""HOOKAH"", ""hk_redirect_percentage"" : 0, ""partition_right"" : ""BT"", ""state"" : ""OPENED""}"
5650,5650,"{""id"" : 5650, ""vpn_code"" : ""5650"", ""name"" : ""CITEMARINE"", ""vpn_id_sip"" : ""5650"", ""customer_reference"" : ""36423"", ""forced_onnet"" : true, ""private_prefix_length"" : 2, ""offnet_via_bcr_allowed"" : true, ""it_key"" : ""CD01WKN1F7"", ""customer_index_for_billing"" : null, ""hk_master"" : ""HOOKAH"", ""hk_redirect_percentage"" : 0, ""partition_right"" : ""BT"", ""state"" : ""OPENED""}"
10000054,10000054,"{""id"" : 10000054, ""vpn_code"" : ""10000054"", ""name"" : ""SIDEC SECHILIENNE"", ""vpn_id_sip"" : ""10000054"", ""customer_reference"" : ""CD01Z5BS92"", ""forced_onnet"" : false, ""private_prefix_length"" : 2, ""offnet_via_bcr_allowed"" : true, ""it_key"" : ""CD01Z5BS92"", ""customer_index_for_billing"" : null, ""hk_master"" : ""HOOKAH"", ""hk_redirect_percentage"" : 0, ""partition_right"" : ""BTIP"", ""state"" : ""OPENED""}"
4468,4468,"{""id"" : 4468, ""vpn_code"" : ""4468"", ""name"" : ""CYLANDE C S"", ""vpn_id_sip"" : ""4468"", ""customer_reference"" : ""678841"", ""forced_onnet"" : true, ""private_prefix_length"" : 3, ""offnet_via_bcr_allowed"" : true, ""it_key"" : ""zzz4468"", ""customer_index_for_billing"" : null, ""hk_master"" : ""HOOKAH"", ""hk_redirect_percentage"" : 0, ""partition_right"" : ""BT"", ""state"" : ""OPENED""}"
5700,5700,"{""id"" : 5700, ""vpn_code"" : ""5700"", ""name"" : ""MAIRIEAIFFRES"", ""vpn_id_sip"" : ""5700"", ""customer_reference"" : ""36423"", ""forced_onnet"" : true, ""private_prefix_length"" : 2, ""offnet_via_bcr_allowed"" : true, ""it_key"" : ""CD01XSB0A6"", ""customer_index_for_billing"" : null, ""hk_master"" : ""HOOKAH"", ""hk_redirect_percentage"" : 0, ""partition_right"" : ""BT"", ""state"" : ""OPENED""}"
5642,5642,"{""id"" : 5642, ""vpn_code"" : ""5642"", ""name"" : ""Groupe Victor Hugo (Transpac)"", ""vpn_id_sip"" : ""5642"", ""customer_reference"" : ""678655"", ""forced_onnet"" : true, ""private_prefix_length"" : 2, ""offnet_via_bcr_allowed"" : true, ""it_key"" : ""CD01ZBJYAA"", ""customer_index_for_billing"" : null, ""hk_master"" : ""HOOKAH"", ""hk_redirect_percentage"" : 0, ""partition_right"" : ""BT"", ""state"" : ""OPENED""}"
4802,4802,"{""id"" : 4802, ""vpn_code"" : ""4802"", ""name"" : ""Lorentzen & Stemeco AS"", ""vpn_id_sip"" : ""4802"", ""customer_reference"" : ""40812"", ""forced_onnet"" : true, ""private_prefix_length"" : 3, ""offnet_via_bcr_allowed"" : true, ""it_key"" : ""zzz4802"", ""customer_index_for_billing"" : ""4802"", ""hk_master"" : ""HOOKAH"", ""hk_redirect_percentage"" : 0, ""partition_right"" : ""BT"", ""state"" : ""OPENED""}"
10000056,10000056,"{""id"" : 10000056, ""vpn_code"" : ""10000056"", ""name"" : ""TECHNITOIT_BVPN"", ""vpn_id_sip"" : ""10000056"", ""customer_reference"" : ""CD0208QN9B"", ""forced_onnet"" : false, ""private_prefix_length"" : 3, ""offnet_via_bcr_allowed"" : true, ""it_key"" : ""CD0208QN9B"", ""customer_index_for_billing"" : null, ""hk_master"" : ""HOOKAH"", ""hk_redirect_percentage"" : 0, ""partition_right"" : ""BTIP"", ""state"" : ""OPENED""}"
3681,3681,"{""id"" : 3681, ""vpn_code"" : ""3681"", ""name"" : ""UNITED AIRLINES"", ""vpn_id_sip"" : ""3681"", ""customer_reference"" : ""164"", ""forced_onnet"" : false, ""private_prefix_length"" : 3, ""offnet_via_bcr_allowed"" : true, ""it_key"" : ""zzz3681"", ""customer_index_for_billing"" : ""3681"", ""hk_master"" : ""HOOKAH"", ""hk_redirect_percentage"" : 0, ""partition_right"" : ""BT"", ""state"" : ""OPENED""}"
4388,4388,"{""id"" : 4388, ""vpn_code"" : ""4388"", ""name"" : ""MEETIC"", ""vpn_id_sip"" : ""4388"", ""customer_reference"" : ""677465"", ""forced_onnet"" : false, ""private_prefix_length"" : 3, ""offnet_via_bcr_allowed"" : true, ""it_key"" : ""zzz4388"", ""customer_index_for_billing"" : ""4388"", ""hk_master"" : ""HOOKAH"", ""hk_redirect_percentage"" : 0, ""partition_right"" : ""BT"", ""state"" : ""OPENED""}"
4472,4472,"{""id"" : 4472, ""vpn_code"" : ""4472"", ""name"" : ""BLUE LINK"", ""vpn_id_sip"" : ""4472"", ""customer_reference"" : ""678899"", ""forced_onnet"" : true, ""private_prefix_length"" : 3, ""offnet_via_bcr_allowed"" : true, ""it_key"" : ""zzz4472"", ""customer_index_for_billing"" : null, ""hk_master"" : ""HOOKAH"", ""hk_redirect_percentage"" : 0, ""partition_right"" : ""BT"", ""state"" : ""OPENED""}"
3671,3671,"{""id"" : 3671, ""vpn_code"" : ""3671"", ""name"" : ""Inter Mutuelles Assistance IMA"", ""vpn_id_sip"" : ""3671"", ""customer_reference"" : ""672425"", ""forced_onnet"" : false, ""private_prefix_length"" : 3, ""offnet_via_bcr_allowed"" : true, ""it_key"" : ""zzz3671"", ""customer_index_for_billing"" : ""3671"", ""hk_master"" : ""HOOKAH"", ""hk_redirect_percentage"" : 0, ""partition_right"" : ""BT"", ""state"" : ""OPENED""}"
3631,3631,"{""id"" : 3631, ""vpn_code"" : ""3631"", ""name"" : ""ATOS"", ""vpn_id_sip"" : ""3631"", ""customer_reference"" : ""676427"", ""forced_onnet"" : false, ""private_prefix_length"" : 3, ""offnet_via_bcr_allowed"" : true, ""it_key"" : ""zzz3631"", ""customer_index_for_billing"" : ""3631"", ""hk_master"" : ""HOOKAH"", ""hk_redirect_percentage"" : 0, ""partition_right"" : ""BT"", ""state"" : ""OPENED""}"
5728,5728,"{""id"" : 5728, ""vpn_code"" : ""5728"", ""name"" : ""ENSAD001"", ""vpn_id_sip"" : ""5728"", ""customer_reference"" : ""36423"", ""forced_onnet"" : true, ""private_prefix_length"" : 2, ""offnet_via_bcr_allowed"" : true, ""it_key"" : ""CD0208GS86"", ""customer_index_for_billing"" : null, ""hk_master"" : ""HOOKAH"", ""hk_redirect_percentage"" : 0, ""partition_right"" : ""BT"", ""state"" : ""OPENED""}"
4470,4470,"{""id"" : 4470, ""vpn_code"" : ""4470"", ""name"" : ""Cotecna Inspection SA"", ""vpn_id_sip"" : ""4470"", ""customer_reference"" : ""25765"", ""forced_onnet"" : false, ""private_prefix_length"" : 3, ""offnet_via_bcr_allowed"" : true, ""it_key"" : ""zzz4470"", ""customer_index_for_billing"" : ""4470"", ""hk_master"" : ""HOOKAH"", ""hk_redirect_percentage"" : 0, ""partition_right"" : ""BT"", ""state"" : ""OPENED""}"
5666,5666,"{""id"" : 5666, ""vpn_code"" : ""5666"", ""name"" : ""CIRCULARPROVENTE"", ""vpn_id_sip"" : ""5666"", ""customer_reference"" : ""36423"", ""forced_onnet"" : false, ""private_prefix_length"" : 2, ""offnet_via_bcr_allowed"" : true, ""it_key"" : ""CD01YKCY9C"", ""customer_index_for_billing"" : null, ""hk_master"" : ""HOOKAH"", ""hk_redirect_percentage"" : 0, ""partition_right"" : ""BT"", ""state"" : ""OPENED""}"
3103,3103,"{""id"" : 3103, ""vpn_code"" : ""3103"", ""name"" : ""DemoNet-Equant VoIP Demo"", ""vpn_id_sip"" : ""3103"", ""customer_reference"" : ""35712"", ""forced_onnet"" : true, ""private_prefix_length"" : 4, ""offnet_via_bcr_allowed"" : true, ""it_key"" : ""zzz3103"", ""customer_index_for_billing"" : null, ""hk_master"" : ""HOOKAH"", ""hk_redirect_percentage"" : 0, ""partition_right"" : ""BT"", ""state"" : ""OPENED""}"
5729,5729,"{""id"" : 5729, ""vpn_code"" : ""5729"", ""name"" : ""CHEZEETFILS"", ""vpn_id_sip"" : ""5729"", ""customer_reference"" : ""36423"", ""forced_onnet"" : false, ""private_prefix_length"" : 2, ""offnet_via_bcr_allowed"" : true, ""it_key"" : ""CD021LXHA6"", ""customer_index_for_billing"" : null, ""hk_master"" : ""HOOKAH"", ""hk_redirect_percentage"" : 0, ""partition_right"" : ""BT"", ""state"" : ""OPENED""}"
10000063,10000063,"{""id"" : 10000063, ""vpn_code"" : ""10000063"", ""name"" : ""FIMECOVPN"", ""vpn_id_sip"" : ""10000063"", ""customer_reference"" : ""CD020NM4D6"", ""forced_onnet"" : false, ""private_prefix_length"" : 2, ""offnet_via_bcr_allowed"" : true, ""it_key"" : ""CD020NM4D6"", ""customer_index_for_billing"" : null, ""hk_master"" : ""HOOKAH"", ""hk_redirect_percentage"" : 0, ""partition_right"" : ""BTIP"", ""state"" : ""OPENED""}"
3728,3728,"{""id"" : 3728, ""vpn_code"" : ""3728"", ""name"" : ""VERIGY GERMANYH"", ""vpn_id_sip"" : ""3728"", ""customer_reference"" : ""673170"", ""forced_onnet"" : false, ""private_prefix_length"" : 3, ""offnet_via_bcr_allowed"" : true, ""it_key"" : ""zzz3728"", ""customer_index_for_billing"" : ""3728"", ""hk_master"" : ""HOOKAH"", ""hk_redirect_percentage"" : 0, ""partition_right"" : ""BT"", ""state"" : ""CLOSED""}"
4360,4360,"{""id"" : 4360, ""vpn_code"" : ""4360"", ""name"" : ""BNP.PARIBAS"", ""vpn_id_sip"" : ""4360"", ""customer_reference"" : ""676937"", ""forced_onnet"" : false, ""private_prefix_length"" : 3, ""offnet_via_bcr_allowed"" : true, ""it_key"" : ""zzz4360"", ""customer_index_for_billing"" : ""4360"", ""hk_master"" : ""HOOKAH"", ""hk_redirect_percentage"" : 0, ""partition_right"" : ""BT"", ""state"" : ""OPENED""}"
3547,3547,"{""id"" : 3547, ""vpn_code"" : ""3547"", ""name"" : ""General Electric"", ""vpn_id_sip"" : ""3547"", ""customer_reference"" : ""29052"", ""forced_onnet"" : true, ""private_prefix_length"" : 3, ""offnet_via_bcr_allowed"" : true, ""it_key"" : ""zzz3547"", ""customer_index_for_billing"" : null, ""hk_master"" : ""HOOKAH"", ""hk_redirect_percentage"" : 0, ""partition_right"" : ""BT"", ""state"" : ""OPENED""}"
5723,5723,"{""id"" : 5723, ""vpn_code"" : ""5723"", ""name"" : ""SACMA"", ""vpn_id_sip"" : ""5723"", ""customer_reference"" : ""36423"", ""forced_onnet"" : false, ""private_prefix_length"" : 2, ""offnet_via_bcr_allowed"" : true, ""it_key"" : ""CD02101MA8"", ""customer_index_for_billing"" : null, ""hk_master"" : ""HOOKAH"", ""hk_redirect_percentage"" : 0, ""partition_right"" : ""BT"", ""state"" : ""OPENED""}"
5643,5643,"{""id"" : 5643, ""vpn_code"" : ""5643"", ""name"" : ""SOFILOR (Transpac)"", ""vpn_id_sip"" : ""5643"", ""customer_reference"" : ""678030"", ""forced_onnet"" : true, ""private_prefix_length"" : 2, ""offnet_via_bcr_allowed"" : true, ""it_key"" : ""CD02274YAD"", ""customer_index_for_billing"" : null, ""hk_master"" : ""HOOKAH"", ""hk_redirect_percentage"" : 0, ""partition_right"" : ""BT"", ""state"" : ""OPENED""}"
5646,5646,"{""id"" : 5646, ""vpn_code"" : ""5646"", ""name"" : ""COOPSEVREBELL"", ""vpn_id_sip"" : ""5646"", ""customer_reference"" : ""36423"", ""forced_onnet"" : false, ""private_prefix_length"" : 1, ""offnet_via_bcr_allowed"" : true, ""it_key"" : ""CD01WTCKCC"", ""customer_index_for_billing"" : null, ""hk_master"" : ""HOOKAH"", ""hk_redirect_percentage"" : 0, ""partition_right"" : ""BT"", ""state"" : ""OPENED""}"
4352,4352,"{""id"" : 4352, ""vpn_code"" : ""4352"", ""name"" : ""GIE - AXA TECH."", ""vpn_id_sip"" : ""4352"", ""customer_reference"" : ""676782"", ""forced_onnet"" : false, ""private_prefix_length"" : 3, ""offnet_via_bcr_allowed"" : true, ""it_key"" : ""zzz4352"", ""customer_index_for_billing"" : ""4352"", ""hk_master"" : ""HOOKAH"", ""hk_redirect_percentage"" : 0, ""partition_right"" : ""BT"", ""state"" : ""OPENED""}"
3519,3519,"{""id"" : 3519, ""vpn_code"" : ""3519"", ""name"" : ""AMWAY"", ""vpn_id_sip"" : ""3519"", ""customer_reference"" : ""674427"", ""forced_onnet"" : false, ""private_prefix_length"" : 3, ""offnet_via_bcr_allowed"" : true, ""it_key"" : ""zzz3519"", ""customer_index_for_billing"" : ""3519"", ""hk_master"" : ""HOOKAH"", ""hk_redirect_percentage"" : 0, ""partition_right"" : ""BT"", ""state"" : ""OPENED""}"
10000067,10000067,"{""id"" : 10000067, ""vpn_code"" : ""10000067"", ""name"" : ""ESTEBAN"", ""vpn_id_sip"" : ""10000067"", ""customer_reference"" : ""CD021CX2FE"", ""forced_onnet"" : false, ""private_prefix_length"" : 2, ""offnet_via_bcr_allowed"" : true, ""it_key"" : ""CD021CX2FE"", ""customer_index_for_billing"" : null, ""hk_master"" : ""HOOKAH"", ""hk_redirect_percentage"" : 0, ""partition_right"" : ""BTIP"", ""state"" : ""OPENED""}"
5652,5652,"{""id"" : 5652, ""vpn_code"" : ""5652"", ""name"" : ""PEME GOURDIN"", ""vpn_id_sip"" : ""5652"", ""customer_reference"" : ""36423"", ""forced_onnet"" : true, ""private_prefix_length"" : 3, ""offnet_via_bcr_allowed"" : true, ""it_key"" : ""CD01XP69A5"", ""customer_index_for_billing"" : null, ""hk_master"" : ""HOOKAH"", ""hk_redirect_percentage"" : 0, ""partition_right"" : ""BT"", ""state"" : ""OPENED""}"
10000066,10000066,"{""id"" : 10000066, ""vpn_code"" : ""10000066"", ""name"" : ""PONT EMBALLAGE"", ""vpn_id_sip"" : ""10000066"", ""customer_reference"" : ""CD01ZGDCAE"", ""forced_onnet"" : false, ""private_prefix_length"" : 2, ""offnet_via_bcr_allowed"" : true, ""it_key"" : ""CD01ZGDCAE"", ""customer_index_for_billing"" : null, ""hk_master"" : ""HOOKAH"", ""hk_redirect_percentage"" : 0, ""partition_right"" : ""BTIP"", ""state"" : ""OPENED""}"
10000069,10000069,"{""id"" : 10000069, ""vpn_code"" : ""10000069"", ""name"" : ""CJA BEUCHER"", ""vpn_id_sip"" : ""10000069"", ""customer_reference"" : ""CD023ELG9C"", ""forced_onnet"" : false, ""private_prefix_length"" : 2, ""offnet_via_bcr_allowed"" : true, ""it_key"" : ""CD023ELG9C"", ""customer_index_for_billing"" : null, ""hk_master"" : ""HOOKAH"", ""hk_redirect_percentage"" : 0, ""partition_right"" : ""BTIP"", ""state"" : ""OPENED""}"
10000070,10000070,"{""id"" : 10000070, ""vpn_code"" : ""10000070"", ""name"" : ""DURANDSA"", ""vpn_id_sip"" : ""10000070"", ""customer_reference"" : ""CD020LG6DB"", ""forced_onnet"" : false, ""private_prefix_length"" : 2, ""offnet_via_bcr_allowed"" : true, ""it_key"" : ""CD020LG6DB"", ""customer_index_for_billing"" : null, ""hk_master"" : ""HOOKAH"", ""hk_redirect_percentage"" : 0, ""partition_right"" : ""BTIP"", ""state"" : ""OPENED""}"
3351,3351,"{""id"" : 3351, ""vpn_code"" : ""3351"", ""name"" : ""BRADY GROUPE"", ""vpn_id_sip"" : ""3351"", ""customer_reference"" : ""676288"", ""forced_onnet"" : false, ""private_prefix_length"" : 3, ""offnet_via_bcr_allowed"" : true, ""it_key"" : ""zzz3351"", ""customer_index_for_billing"" : ""3351"", ""hk_master"" : ""HOOKAH"", ""hk_redirect_percentage"" : 0, ""partition_right"" : ""BT"", ""state"" : ""OPENED""}"
5727,5727,"{""id"" : 5727, ""vpn_code"" : ""5727"", ""name"" : ""MARSEILLEHABITAT"", ""vpn_id_sip"" : ""5727"", ""customer_reference"" : ""36423"", ""forced_onnet"" : false, ""private_prefix_length"" : 2, ""offnet_via_bcr_allowed"" : true, ""it_key"" : ""CD020YR5A5"", ""customer_index_for_billing"" : null, ""hk_master"" : ""HOOKAH"", ""hk_redirect_percentage"" : 0, ""partition_right"" : ""BT"", ""state"" : ""OPENED""}"
5739,5739,"{""id"" : 5739, ""vpn_code"" : ""5739"", ""name"" : ""CML 1"", ""vpn_id_sip"" : ""5739"", ""customer_reference"" : ""36423"", ""forced_onnet"" : false, ""private_prefix_length"" : 2, ""offnet_via_bcr_allowed"" : true, ""it_key"" : ""CD020ZS9A3"", ""customer_index_for_billing"" : null, ""hk_master"" : ""HOOKAH"", ""hk_redirect_percentage"" : 0, ""partition_right"" : ""BT"", ""state"" : ""OPENED""}"
5718,5718,"{""id"" : 5718, ""vpn_code"" : ""5718"", ""name"" : ""ARCCECCA2"", ""vpn_id_sip"" : ""5718"", ""customer_reference"" : ""36423"", ""forced_onnet"" : false, ""private_prefix_length"" : 2, ""offnet_via_bcr_allowed"" : true, ""it_key"" : ""CD01Z1T2E8"", ""customer_index_for_billing"" : null, ""hk_master"" : ""HOOKAH"", ""hk_redirect_percentage"" : 0, ""partition_right"" : ""BT"", ""state"" : ""OPENED""}"
5330,5330,"{""id"" : 5330, ""vpn_code"" : ""5330"", ""name"" : ""SALINI ENTREPRISE"", ""vpn_id_sip"" : ""5330"", ""customer_reference"" : ""36423"", ""forced_onnet"" : true, ""private_prefix_length"" : 2, ""offnet_via_bcr_allowed"" : true, ""it_key"" : ""CD015ZKAE7"", ""customer_index_for_billing"" : null, ""hk_master"" : ""HOOKAH"", ""hk_redirect_percentage"" : 0, ""partition_right"" : ""BT"", ""state"" : ""OPENED""}"
10000078,10000078,"{""id"" : 10000078, ""vpn_code"" : ""10000078"", ""name"" : ""RUBIS TERMINAL"", ""vpn_id_sip"" : ""10000078"", ""customer_reference"" : ""CD025S969A"", ""forced_onnet"" : false, ""private_prefix_length"" : 2, ""offnet_via_bcr_allowed"" : true, ""it_key"" : ""CD025S969A"", ""customer_index_for_billing"" : null, ""hk_master"" : ""HOOKAH"", ""hk_redirect_percentage"" : 0, ""partition_right"" : ""BTIP"", ""state"" : ""OPENED""}"
5579,5579,"{""id"" : 5579, ""vpn_code"" : ""5579"", ""name"" : ""LONGCHAMP"", ""vpn_id_sip"" : ""5579"", ""customer_reference"" : ""36423"", ""forced_onnet"" : true, ""private_prefix_length"" : 3, ""offnet_via_bcr_allowed"" : true, ""it_key"" : ""CD01RC0CB6"", ""customer_index_for_billing"" : null, ""hk_master"" : ""HOOKAH"", ""hk_redirect_percentage"" : 0, ""partition_right"" : ""BT"", ""state"" : ""OPENED""}"
5717,5717,"{""id"" : 5717, ""vpn_code"" : ""5717"", ""name"" : ""HUE"", ""vpn_id_sip"" : ""5717"", ""customer_reference"" : ""36423"", ""forced_onnet"" : false, ""private_prefix_length"" : 2, ""offnet_via_bcr_allowed"" : true, ""it_key"" : ""CD021W3PE4"", ""customer_index_for_billing"" : null, ""hk_master"" : ""HOOKAH"", ""hk_redirect_percentage"" : 0, ""partition_right"" : ""BT"", ""state"" : ""OPENED""}"
4475,4475,"{""id"" : 4475, ""vpn_code"" : ""4475"", ""name"" : ""Allergan"", ""vpn_id_sip"" : ""4475"", ""customer_reference"" : ""671348"", ""forced_onnet"" : false, ""private_prefix_length"" : 3, ""offnet_via_bcr_allowed"" : true, ""it_key"" : ""zzz4475"", ""customer_index_for_billing"" : null, ""hk_master"" : ""HOOKAH"", ""hk_redirect_percentage"" : 0, ""partition_right"" : ""BT"", ""state"" : ""OPENED""}"
4476,4476,"{""id"" : 4476, ""vpn_code"" : ""4476"", ""name"" : ""Thomson TRANSPAC - Technicolor SAS _ Closed"", ""vpn_id_sip"" : ""4476"", ""customer_reference"" : ""15330"", ""forced_onnet"" : true, ""private_prefix_length"" : 3, ""offnet_via_bcr_allowed"" : true, ""it_key"" : ""zzz4476"", ""customer_index_for_billing"" : null, ""hk_master"" : ""HOOKAH"", ""hk_redirect_percentage"" : 0, ""partition_right"" : ""BT"", ""state"" : ""CLOSED""}"
4467,4467,"{""id"" : 4467, ""vpn_code"" : ""4467"", ""name"" : ""IBM Brasil Ind de Máquinas e Serviços Ltda"", ""vpn_id_sip"" : ""4467"", ""customer_reference"" : ""39430"", ""forced_onnet"" : true, ""private_prefix_length"" : 3, ""offnet_via_bcr_allowed"" : true, ""it_key"" : ""zzz4467"", ""customer_index_for_billing"" : null, ""hk_master"" : ""HOOKAH"", ""hk_redirect_percentage"" : 0, ""partition_right"" : ""BT"", ""state"" : ""OPENED""}"
4473,4473,"{""id"" : 4473, ""vpn_code"" : ""4473"", ""name"" : ""CitiBank NA Singapore Branch"", ""vpn_id_sip"" : ""4473"", ""customer_reference"" : ""678421"", ""forced_onnet"" : true, ""private_prefix_length"" : 3, ""offnet_via_bcr_allowed"" : true, ""it_key"" : ""zzz4473"", ""customer_index_for_billing"" : null, ""hk_master"" : ""HOOKAH"", ""hk_redirect_percentage"" : 0, ""partition_right"" : ""BT"", ""state"" : ""OPENED""}"
5711,5711,"{""id"" : 5711, ""vpn_code"" : ""5711"", ""name"" : ""LINVOSGES"", ""vpn_id_sip"" : ""5711"", ""customer_reference"" : ""36423"", ""forced_onnet"" : true, ""private_prefix_length"" : 2, ""offnet_via_bcr_allowed"" : true, ""it_key"" : ""CD0201KJA9"", ""customer_index_for_billing"" : null, ""hk_master"" : ""HOOKAH"", ""hk_redirect_percentage"" : 0, ""partition_right"" : ""BT"", ""state"" : ""OPENED""}"
5759,5759,"{""id"" : 5759, ""vpn_code"" : ""5759"", ""name"" : ""TEMIS"", ""vpn_id_sip"" : ""5759"", ""customer_reference"" : ""36423"", ""forced_onnet"" : false, ""private_prefix_length"" : 2, ""offnet_via_bcr_allowed"" : true, ""it_key"" : ""CD023R0198"", ""customer_index_for_billing"" : null, ""hk_master"" : ""HOOKAH"", ""hk_redirect_percentage"" : 0, ""partition_right"" : ""BT"", ""state"" : ""OPENED""}"
3604,3604,"{""id"" : 3604, ""vpn_code"" : ""3604"", ""name"" : ""SAS INTERNATIONAL"", ""vpn_id_sip"" : ""3604"", ""customer_reference"" : ""56566"", ""forced_onnet"" : true, ""private_prefix_length"" : 3, ""offnet_via_bcr_allowed"" : true, ""it_key"" : ""zzz3604"", ""customer_index_for_billing"" : null, ""hk_master"" : ""HOOKAH"", ""hk_redirect_percentage"" : 0, ""partition_right"" : ""BT"", ""state"" : ""OPENED""}"
5771,5771,"{""id"" : 5771, ""vpn_code"" : ""5771"", ""name"" : ""ARCHIMBAUD"", ""vpn_id_sip"" : ""5771"", ""customer_reference"" : ""36423"", ""forced_onnet"" : false, ""private_prefix_length"" : 1, ""offnet_via_bcr_allowed"" : true, ""it_key"" : ""CD024PWTF1"", ""customer_index_for_billing"" : null, ""hk_master"" : ""HOOKAH"", ""hk_redirect_percentage"" : 0, ""partition_right"" : ""BT"", ""state"" : ""OPENED""}"
10000075,10000075,"{""id"" : 10000075, ""vpn_code"" : ""10000075"", ""name"" : ""ECCS"", ""vpn_id_sip"" : ""10000075"", ""customer_reference"" : ""CD024PK491"", ""forced_onnet"" : true, ""private_prefix_length"" : 2, ""offnet_via_bcr_allowed"" : true, ""it_key"" : ""CD024PK491"", ""customer_index_for_billing"" : null, ""hk_master"" : ""HOOKAH"", ""hk_redirect_percentage"" : 0, ""partition_right"" : ""BTIP"", ""state"" : ""OPENED""}"
3719,3719,"{""id"" : 3719, ""vpn_code"" : ""3719"", ""name"" : ""BOYAUDERIE DE T"", ""vpn_id_sip"" : ""3719"", ""customer_reference"" : ""676445"", ""forced_onnet"" : false, ""private_prefix_length"" : 3, ""offnet_via_bcr_allowed"" : true, ""it_key"" : ""zzz3719"", ""customer_index_for_billing"" : ""3719"", ""hk_master"" : ""HOOKAH"", ""hk_redirect_percentage"" : 0, ""partition_right"" : ""BT"", ""state"" : ""OPENED""}"
4392,4392,"{""id"" : 4392, ""vpn_code"" : ""4392"", ""name"" : ""RADIOSPARES"", ""vpn_id_sip"" : ""4392"", ""customer_reference"" : ""677549"", ""forced_onnet"" : false, ""private_prefix_length"" : 3, ""offnet_via_bcr_allowed"" : true, ""it_key"" : ""zzz4392"", ""customer_index_for_billing"" : ""4392"", ""hk_master"" : ""HOOKAH"", ""hk_redirect_percentage"" : 0, ""partition_right"" : ""BT"", ""state"" : ""OPENED""}"
3635,3635,"{""id"" : 3635, ""vpn_code"" : ""3635"", ""name"" : ""HERBALIFE"", ""vpn_id_sip"" : ""3635"", ""customer_reference"" : ""676367"", ""forced_onnet"" : false, ""private_prefix_length"" : 3, ""offnet_via_bcr_allowed"" : true, ""it_key"" : ""zzz3635"", ""customer_index_for_billing"" : ""3635"", ""hk_master"" : ""HOOKAH"", ""hk_redirect_percentage"" : 0, ""partition_right"" : ""BT"", ""state"" : ""OPENED""}"
3537,3537,"{""id"" : 3537, ""vpn_code"" : ""3537"", ""name"" : ""MOBISTAR"", ""vpn_id_sip"" : ""3537"", ""customer_reference"" : ""674788"", ""forced_onnet"" : false, ""private_prefix_length"" : 3, ""offnet_via_bcr_allowed"" : true, ""it_key"" : ""zzz3537"", ""customer_index_for_billing"" : ""3537"", ""hk_master"" : ""HOOKAH"", ""hk_redirect_percentage"" : 0, ""partition_right"" : ""BT"", ""state"" : ""OPENED""}"
3724,3724,"{""id"" : 3724, ""vpn_code"" : ""3724"", ""name"" : ""PATAGONIA"", ""vpn_id_sip"" : ""3724"", ""customer_reference"" : ""6706856"", ""forced_onnet"" : false, ""private_prefix_length"" : 3, ""offnet_via_bcr_allowed"" : true, ""it_key"" : ""zzz3724"", ""customer_index_for_billing"" : ""3724"", ""hk_master"" : ""HOOKAH"", ""hk_redirect_percentage"" : 0, ""partition_right"" : ""BT"", ""state"" : ""OPENED""}"
4235,4235,"{""id"" : 4235, ""vpn_code"" : ""4235"", ""name"" : ""BANQUE POUYANNE (Transpac)"", ""vpn_id_sip"" : ""4235"", ""customer_reference"" : ""52532"", ""forced_onnet"" : false, ""private_prefix_length"" : 3, ""offnet_via_bcr_allowed"" : true, ""it_key"" : ""CD00QC9VB4"", ""customer_index_for_billing"" : null, ""hk_master"" : ""HOOKAH"", ""hk_redirect_percentage"" : 0, ""partition_right"" : ""BT"", ""state"" : ""OPENED""}"
40225,40225,"{""id"" : 40225, ""vpn_code"" : ""40225"", ""name"" : ""SPCR CITY SPORT"", ""vpn_id_sip"" : ""5639"", ""customer_reference"" : ""36423"", ""forced_onnet"" : false, ""private_prefix_length"" : 3, ""offnet_via_bcr_allowed"" : true, ""it_key"" : ""CD01Y4J8FC"", ""customer_index_for_billing"" : null, ""hk_master"" : ""HOOKAH"", ""hk_redirect_percentage"" : 0, ""partition_right"" : ""BT"", ""state"" : ""OPENED""}"
10000076,10000076,"{""id"" : 10000076, ""vpn_code"" : ""10000076"", ""name"" : ""CHEVALIER"", ""vpn_id_sip"" : ""10000076"", ""customer_reference"" : ""CD020CKW98"", ""forced_onnet"" : false, ""private_prefix_length"" : 2, ""offnet_via_bcr_allowed"" : true, ""it_key"" : ""CD020CKW98"", ""customer_index_for_billing"" : null, ""hk_master"" : ""HOOKAH"", ""hk_redirect_percentage"" : 0, ""partition_right"" : ""BTIP"", ""state"" : ""OPENED""}"
4478,4478,"{""id"" : 4478, ""vpn_code"" : ""4478"", ""name"" : ""YuanTel Communication Inc"", ""vpn_id_sip"" : ""4478"", ""customer_reference"" : ""679070"", ""forced_onnet"" : true, ""private_prefix_length"" : 3, ""offnet_via_bcr_allowed"" : true, ""it_key"" : ""zzz4478"", ""customer_index_for_billing"" : null, ""hk_master"" : ""HOOKAH"", ""hk_redirect_percentage"" : 0, ""partition_right"" : ""BT"", ""state"" : ""OPENED""}"
5317,5317,"{""id"" : 5317, ""vpn_code"" : ""5317"", ""name"" : ""OTEIZA"", ""vpn_id_sip"" : ""5317"", ""customer_reference"" : ""677459"", ""forced_onnet"" : false, ""private_prefix_length"" : 2, ""offnet_via_bcr_allowed"" : true, ""it_key"" : ""CD015GB6DE"", ""customer_index_for_billing"" : null, ""hk_master"" : ""HOOKAH"", ""hk_redirect_percentage"" : 0, ""partition_right"" : ""BT"", ""state"" : ""OPENED""}"
4555,4555,"{""id"" : 4555, ""vpn_code"" : ""4555"", ""name"" : ""Panasonic Marketing Europe"", ""vpn_id_sip"" : ""4555"", ""customer_reference"" : ""680480"", ""forced_onnet"" : true, ""private_prefix_length"" : 3, ""offnet_via_bcr_allowed"" : true, ""it_key"" : ""zzz4555"", ""customer_index_for_billing"" : null, ""hk_master"" : ""HOOKAH"", ""hk_redirect_percentage"" : 0, ""partition_right"" : ""BT"", ""state"" : ""OPENED""}"
10000613,10000613,"{""id"" : 10000613, ""vpn_code"" : ""10000613"", ""name"" : ""ALVERGNAS"", ""vpn_id_sip"" : ""10000613"", ""customer_reference"" : ""CD03M8JT93"", ""forced_onnet"" : false, ""private_prefix_length"" : 2, ""offnet_via_bcr_allowed"" : true, ""it_key"" : ""CD03M8JT93"", ""customer_index_for_billing"" : null, ""hk_master"" : ""HOOKAH"", ""hk_redirect_percentage"" : 0, ""partition_right"" : ""BTIP"", ""state"" : ""OPENED""}"
4563,4563,"{""id"" : 4563, ""vpn_code"" : ""4563"", ""name"" : ""ISAAF Assistance"", ""vpn_id_sip"" : ""4563"", ""customer_reference"" : ""680646"", ""forced_onnet"" : true, ""private_prefix_length"" : 3, ""offnet_via_bcr_allowed"" : true, ""it_key"" : ""zzz4563"", ""customer_index_for_billing"" : null, ""hk_master"" : ""HOOKAH"", ""hk_redirect_percentage"" : 0, ""partition_right"" : ""BT"", ""state"" : ""OPENED""}"
4567,4567,"{""id"" : 4567, ""vpn_code"" : ""4567"", ""name"" : ""Deutsche Lufthansa AG"", ""vpn_id_sip"" : ""4567"", ""customer_reference"" : ""32"", ""forced_onnet"" : true, ""private_prefix_length"" : 3, ""offnet_via_bcr_allowed"" : true, ""it_key"" : ""zzz4567"", ""customer_index_for_billing"" : null, ""hk_master"" : ""HOOKAH"", ""hk_redirect_percentage"" : 0, ""partition_right"" : ""BT"", ""state"" : ""OPENED""}"
3221,3221,"{""id"" : 3221, ""vpn_code"" : ""3221"", ""name"" : ""Johnson Electric"", ""vpn_id_sip"" : ""3221"", ""customer_reference"" : ""660189"", ""forced_onnet"" : true, ""private_prefix_length"" : 2, ""offnet_via_bcr_allowed"" : true, ""it_key"" : ""zzz3221"", ""customer_index_for_billing"" : null, ""hk_master"" : ""HOOKAH"", ""hk_redirect_percentage"" : 0, ""partition_right"" : ""BT"", ""state"" : ""OPENED""}"
4616,4616,"{""id"" : 4616, ""vpn_code"" : ""4616"", ""name"" : ""TradeStation Technologies Inc"", ""vpn_id_sip"" : ""4616"", ""customer_reference"" : ""677117"", ""forced_onnet"" : true, ""private_prefix_length"" : 3, ""offnet_via_bcr_allowed"" : true, ""it_key"" : ""zzz4616"", ""customer_index_for_billing"" : null, ""hk_master"" : ""HOOKAH"", ""hk_redirect_percentage"" : 0, ""partition_right"" : ""BT"", ""state"" : ""OPENED""}"
4628,4628,"{""id"" : 4628, ""vpn_code"" : ""4628"", ""name"" : ""TV DISTRINET"", ""vpn_id_sip"" : ""4628"", ""customer_reference"" : ""680917"", ""forced_onnet"" : true, ""private_prefix_length"" : 3, ""offnet_via_bcr_allowed"" : true, ""it_key"" : ""zzz4628"", ""customer_index_for_billing"" : ""4628"", ""hk_master"" : ""HOOKAH"", ""hk_redirect_percentage"" : 0, ""partition_right"" : ""BT"", ""state"" : ""OPENED""}"
4640,4640,"{""id"" : 4640, ""vpn_code"" : ""4640"", ""name"" : ""Diners Club Beneflux"", ""vpn_id_sip"" : ""4640"", ""customer_reference"" : ""681029"", ""forced_onnet"" : true, ""private_prefix_length"" : 3, ""offnet_via_bcr_allowed"" : true, ""it_key"" : ""zzz4640"", ""customer_index_for_billing"" : ""4640"", ""hk_master"" : ""HOOKAH"", ""hk_redirect_percentage"" : 0, ""partition_right"" : ""BT"", ""state"" : ""OPENED""}"
10000539,10000539,"{""id"" : 10000539, ""vpn_code"" : ""10000539"", ""name"" : ""KRUSTANORD"", ""vpn_id_sip"" : ""10000539"", ""customer_reference"" : ""CD039BZP8D"", ""forced_onnet"" : false, ""private_prefix_length"" : 2, ""offnet_via_bcr_allowed"" : true, ""it_key"" : ""CD039BZP8D"", ""customer_index_for_billing"" : null, ""hk_master"" : ""HOOKAH"", ""hk_redirect_percentage"" : 0, ""partition_right"" : ""BTIP"", ""state"" : ""OPENED""}"
10000574,10000574,"{""id"" : 10000574, ""vpn_code"" : ""10000574"", ""name"" : ""MPP"", ""vpn_id_sip"" : ""10000574"", ""customer_reference"" : ""CD03GFG9FA"", ""forced_onnet"" : false, ""private_prefix_length"" : 2, ""offnet_via_bcr_allowed"" : true, ""it_key"" : ""CD03GFG9FA"", ""customer_index_for_billing"" : null, ""hk_master"" : ""HOOKAH"", ""hk_redirect_percentage"" : 0, ""partition_right"" : ""BTIP"", ""state"" : ""OPENED""}"
10000525,10000525,"{""id"" : 10000525, ""vpn_code"" : ""10000525"", ""name"" : ""VPNITF"", ""vpn_id_sip"" : ""10000525"", ""customer_reference"" : ""CD03EYX9B8"", ""forced_onnet"" : false, ""private_prefix_length"" : 2, ""offnet_via_bcr_allowed"" : true, ""it_key"" : ""CD03EYX9B8"", ""customer_index_for_billing"" : null, ""hk_master"" : ""HOOKAH"", ""hk_redirect_percentage"" : 0, ""partition_right"" : ""BTIP"", ""state"" : ""OPENED""}"
3308,3308,"{""id"" : 3308, ""vpn_code"" : ""3308"", ""name"" : ""PENET PLASTIQUES(Transpac)"", ""vpn_id_sip"" : ""3308"", ""customer_reference"" : ""672633"", ""forced_onnet"" : true, ""private_prefix_length"" : 2, ""offnet_via_bcr_allowed"" : true, ""it_key"" : ""CD00NTKLDF"", ""customer_index_for_billing"" : null, ""hk_master"" : ""HOOKAH"", ""hk_redirect_percentage"" : 0, ""partition_right"" : ""BT"", ""state"" : ""OPENED""}"
10000571,10000571,"{""id"" : 10000571, ""vpn_code"" : ""10000571"", ""name"" : ""GAP47"", ""vpn_id_sip"" : ""10000571"", ""customer_reference"" : ""CD03JWD690"", ""forced_onnet"" : false, ""private_prefix_length"" : 2, ""offnet_via_bcr_allowed"" : true, ""it_key"" : ""CD03JWD690"", ""customer_index_for_billing"" : null, ""hk_master"" : ""HOOKAH"", ""hk_redirect_percentage"" : 0, ""partition_right"" : ""BTIP"", ""state"" : ""OPENED""}"
4647,4647,"{""id"" : 4647, ""vpn_code"" : ""4647"", ""name"" : ""Fast Retailing France"", ""vpn_id_sip"" : ""4647"", ""customer_reference"" : ""681271"", ""forced_onnet"" : false, ""private_prefix_length"" : 3, ""offnet_via_bcr_allowed"" : true, ""it_key"" : ""zzz4647"", ""customer_index_for_billing"" : ""4647"", ""hk_master"" : ""HOOKAH"", ""hk_redirect_percentage"" : 0, ""partition_right"" : ""BT"", ""state"" : ""OPENED""}"
4648,4648,"{""id"" : 4648, ""vpn_code"" : ""4648"", ""name"" : ""Parfums Christian Dior"", ""vpn_id_sip"" : ""4648"", ""customer_reference"" : ""681136"", ""forced_onnet"" : false, ""private_prefix_length"" : 3, ""offnet_via_bcr_allowed"" : true, ""it_key"" : ""zzz4648"", ""customer_index_for_billing"" : ""4648"", ""hk_master"" : ""HOOKAH"", ""hk_redirect_percentage"" : 0, ""partition_right"" : ""BT"", ""state"" : ""OPENED""}"
4686,4686,"{""id"" : 4686, ""vpn_code"" : ""4686"", ""name"" : ""GUCCI US"", ""vpn_id_sip"" : ""4686"", ""customer_reference"" : ""681771"", ""forced_onnet"" : true, ""private_prefix_length"" : 3, ""offnet_via_bcr_allowed"" : true, ""it_key"" : ""zzz4686"", ""customer_index_for_billing"" : null, ""hk_master"" : ""HOOKAH"", ""hk_redirect_percentage"" : 0, ""partition_right"" : ""BT"", ""state"" : ""OPENED""}"
4688,4688,"{""id"" : 4688, ""vpn_code"" : ""4688"", ""name"" : ""Euronet Services Kft"", ""vpn_id_sip"" : ""4688"", ""customer_reference"" : ""681790"", ""forced_onnet"" : true, ""private_prefix_length"" : 3, ""offnet_via_bcr_allowed"" : true, ""it_key"" : ""zzz4688"", ""customer_index_for_billing"" : null, ""hk_master"" : ""HOOKAH"", ""hk_redirect_percentage"" : 0, ""partition_right"" : ""BT"", ""state"" : ""OPENED""}"
10001274,10001274,"{""id"" : 10001274, ""vpn_code"" : ""10001274"", ""name"" : ""SESVANDERHAVE"", ""vpn_id_sip"" : ""10001274"", ""customer_reference"" : ""CD053Q8R9E"", ""forced_onnet"" : false, ""private_prefix_length"" : 2, ""offnet_via_bcr_allowed"" : true, ""it_key"" : ""CD053Q8R9E"", ""customer_index_for_billing"" : null, ""hk_master"" : ""HOOKAH"", ""hk_redirect_percentage"" : 0, ""partition_right"" : ""BTIP"", ""state"" : ""OPENED""}"
10002015,10002015,"{""id"" : 10002015, ""vpn_code"" : ""10002015"", ""name"" : ""BTIP_FIAS2_MAJOREL"", ""vpn_id_sip"" : ""10002015"", ""customer_reference"" : ""CD056GB982"", ""forced_onnet"" : false, ""private_prefix_length"" : 4, ""offnet_via_bcr_allowed"" : true, ""it_key"" : ""CD056GB982"", ""customer_index_for_billing"" : null, ""hk_master"" : ""HOOKAH"", ""hk_redirect_percentage"" : 0, ""partition_right"" : ""BTIP"", ""state"" : ""OPENED""}"
10000820,10000820,"{""id"" : 10000820, ""vpn_code"" : ""10000820"", ""name"" : ""SCC"", ""vpn_id_sip"" : ""10000820"", ""customer_reference"" : ""CD03YV3XF8"", ""forced_onnet"" : true, ""private_prefix_length"" : 3, ""offnet_via_bcr_allowed"" : true, ""it_key"" : ""CD03YV3XF8"", ""customer_index_for_billing"" : null, ""hk_master"" : ""HOOKAH"", ""hk_redirect_percentage"" : 0, ""partition_right"" : ""BTIP"", ""state"" : ""OPENED""}"
10001294,10001294,"{""id"" : 10001294, ""vpn_code"" : ""10001294"", ""name"" : ""INTERIALE"", ""vpn_id_sip"" : ""10001294"", ""customer_reference"" : ""CD0548278E"", ""forced_onnet"" : false, ""private_prefix_length"" : 2, ""offnet_via_bcr_allowed"" : true, ""it_key"" : ""CD0548278E"", ""customer_index_for_billing"" : null, ""hk_master"" : ""HOOKAH"", ""hk_redirect_percentage"" : 0, ""partition_right"" : ""BTIP"", ""state"" : ""OPENED""}"
3472,3472,"{""id"" : 3472, ""vpn_code"" : ""3472"", ""name"" : ""ICE (Industrielle de controle Equipement)"", ""vpn_id_sip"" : ""3472"", ""customer_reference"" : ""674240"", ""forced_onnet"" : true, ""private_prefix_length"" : 5, ""offnet_via_bcr_allowed"" : true, ""it_key"" : ""CD00EG31C8"", ""customer_index_for_billing"" : null, ""hk_master"" : ""HOOKAH"", ""hk_redirect_percentage"" : 0, ""partition_right"" : ""BT"", ""state"" : ""OPENED""}"
10002018,10002018,"{""id"" : 10002018, ""vpn_code"" : ""10002018"", ""name"" : ""RJMF"", ""vpn_id_sip"" : ""10002018"", ""customer_reference"" : ""CD055VSJ97"", ""forced_onnet"" : false, ""private_prefix_length"" : 2, ""offnet_via_bcr_allowed"" : true, ""it_key"" : ""CD055VSJ97"", ""customer_index_for_billing"" : null, ""hk_master"" : ""HOOKAH"", ""hk_redirect_percentage"" : 0, ""partition_right"" : ""BTIP"", ""state"" : ""OPENED""}"
10001222,10001222,"{""id"" : 10001222, ""vpn_code"" : ""10001222"", ""name"" : ""LESTRAN"", ""vpn_id_sip"" : ""10001222"", ""customer_reference"" : ""CD04Y20BD6"", ""forced_onnet"" : false, ""private_prefix_length"" : 5, ""offnet_via_bcr_allowed"" : true, ""it_key"" : ""CD04Y20BD6"", ""customer_index_for_billing"" : null, ""hk_master"" : ""HOOKAH"", ""hk_redirect_percentage"" : 0, ""partition_right"" : ""BTIP"", ""state"" : ""OPENED""}"
10002024,10002024,"{""id"" : 10002024, ""vpn_code"" : ""10002024"", ""name"" : ""TRANSPORTS HELP SCE"", ""vpn_id_sip"" : ""10002024"", ""customer_reference"" : ""CD056SDJ89"", ""forced_onnet"" : false, ""private_prefix_length"" : 2, ""offnet_via_bcr_allowed"" : true, ""it_key"" : ""CD056SDJ89"", ""customer_index_for_billing"" : null, ""hk_master"" : ""HOOKAH"", ""hk_redirect_percentage"" : 0, ""partition_right"" : ""BTIP"", ""state"" : ""OPENED""}"
10001275,10001275,"{""id"" : 10001275, ""vpn_code"" : ""10001275"", ""name"" : ""NEODIS"", ""vpn_id_sip"" : ""10001275"", ""customer_reference"" : ""CD053Q13FF"", ""forced_onnet"" : true, ""private_prefix_length"" : 2, ""offnet_via_bcr_allowed"" : true, ""it_key"" : ""CD053Q13FF"", ""customer_index_for_billing"" : null, ""hk_master"" : ""HOOKAH"", ""hk_redirect_percentage"" : 0, ""partition_right"" : ""BTIP"", ""state"" : ""OPENED""}"
10002030,10002030,"{""id"" : 10002030, ""vpn_code"" : ""10002030"", ""name"" : ""MBS-BTIP"", ""vpn_id_sip"" : ""10002030"", ""customer_reference"" : ""CD058VJR8C"", ""forced_onnet"" : false, ""private_prefix_length"" : 5, ""offnet_via_bcr_allowed"" : true, ""it_key"" : ""CD058VJR8C"", ""customer_index_for_billing"" : null, ""hk_master"" : ""HOOKAH"", ""hk_redirect_percentage"" : 0, ""partition_right"" : ""BTIP"", ""state"" : ""OPENED""}"
10001273,10001273,"{""id"" : 10001273, ""vpn_code"" : ""10001273"", ""name"" : ""MTI"", ""vpn_id_sip"" : ""10001273"", ""customer_reference"" : ""CD053U41E6"", ""forced_onnet"" : false, ""private_prefix_length"" : 1, ""offnet_via_bcr_allowed"" : true, ""it_key"" : ""CD053U41E6"", ""customer_index_for_billing"" : null, ""hk_master"" : ""HOOKAH"", ""hk_redirect_percentage"" : 0, ""partition_right"" : ""BTIP"", ""state"" : ""OPENED""}"
10001157,10001157,"{""id"" : 10001157, ""vpn_code"" : ""10001157"", ""name"" : ""DAIKIN AIR CONDITIONNING"", ""vpn_id_sip"" : ""10001157"", ""customer_reference"" : ""CD04WGBDEE"", ""forced_onnet"" : false, ""private_prefix_length"" : 5, ""offnet_via_bcr_allowed"" : true, ""it_key"" : ""CD04WGBDEE"", ""customer_index_for_billing"" : null, ""hk_master"" : ""HOOKAH"", ""hk_redirect_percentage"" : 0, ""partition_right"" : ""BTIP"", ""state"" : ""OPENED""}"
4694,4694,"{""id"" : 4694, ""vpn_code"" : ""4694"", ""name"" : ""FIL KATIA SA"", ""vpn_id_sip"" : ""4694"", ""customer_reference"" : ""681828"", ""forced_onnet"" : true, ""private_prefix_length"" : 3, ""offnet_via_bcr_allowed"" : true, ""it_key"" : ""zzz4694"", ""customer_index_for_billing"" : null, ""hk_master"" : ""HOOKAH"", ""hk_redirect_percentage"" : 0, ""partition_right"" : ""BT"", ""state"" : ""OPENED""}"
10002004,10002004,"{""id"" : 10002004, ""vpn_code"" : ""10002004"", ""name"" : ""EVRARD MEDICALE"", ""vpn_id_sip"" : ""10002004"", ""customer_reference"" : ""CD056F4DFA"", ""forced_onnet"" : false, ""private_prefix_length"" : 2, ""offnet_via_bcr_allowed"" : true, ""it_key"" : ""CD056F4DFA"", ""customer_index_for_billing"" : null, ""hk_master"" : ""HOOKAH"", ""hk_redirect_percentage"" : 0, ""partition_right"" : ""BTIP"", ""state"" : ""OPENED""}"
10001247,10001247,"{""id"" : 10001247, ""vpn_code"" : ""10001247"", ""name"" : ""MPHYGIENE"", ""vpn_id_sip"" : ""10001247"", ""customer_reference"" : ""CD05263UCB"", ""forced_onnet"" : false, ""private_prefix_length"" : 2, ""offnet_via_bcr_allowed"" : true, ""it_key"" : ""CD05263UCB"", ""customer_index_for_billing"" : null, ""hk_master"" : ""HOOKAH"", ""hk_redirect_percentage"" : 0, ""partition_right"" : ""BTIP"", ""state"" : ""OPENED""}"
10001077,10001077,"{""id"" : 10001077, ""vpn_code"" : ""10001077"", ""name"" : ""BELLEMONT"", ""vpn_id_sip"" : ""10001077"", ""customer_reference"" : ""CD04KTBN8E"", ""forced_onnet"" : false, ""private_prefix_length"" : 5, ""offnet_via_bcr_allowed"" : true, ""it_key"" : ""CD04KTBN8E"", ""customer_index_for_billing"" : null, ""hk_master"" : ""HOOKAH"", ""hk_redirect_percentage"" : 0, ""partition_right"" : ""BTIP"", ""state"" : ""OPENED""}"
3893,3893,"{""id"" : 3893, ""vpn_code"" : ""3893"", ""name"" : ""ESPACIL HABITAT"", ""vpn_id_sip"" : ""3893"", ""customer_reference"" : ""48539"", ""forced_onnet"" : false, ""private_prefix_length"" : 2, ""offnet_via_bcr_allowed"" : true, ""it_key"" : ""CD00G2ZE82"", ""customer_index_for_billing"" : null, ""hk_master"" : ""HOOKAH"", ""hk_redirect_percentage"" : 0, ""partition_right"" : ""BT"", ""state"" : ""OPENED""}"
10001287,10001287,"{""id"" : 10001287, ""vpn_code"" : ""10001287"", ""name"" : ""RHENUS"", ""vpn_id_sip"" : ""10001287"", ""customer_reference"" : ""CD055ABJE5"", ""forced_onnet"" : false, ""private_prefix_length"" : 2, ""offnet_via_bcr_allowed"" : true, ""it_key"" : ""CD055ABJE5"", ""customer_index_for_billing"" : null, ""hk_master"" : ""HOOKAH"", ""hk_redirect_percentage"" : 0, ""partition_right"" : ""BTIP"", ""state"" : ""OPENED""}"
10002039,10002039,"{""id"" : 10002039, ""vpn_code"" : ""10002039"", ""name"" : ""DURANDP"", ""vpn_id_sip"" : ""10002039"", ""customer_reference"" : ""CD053GBAFA"", ""forced_onnet"" : false, ""private_prefix_length"" : 2, ""offnet_via_bcr_allowed"" : true, ""it_key"" : ""CD053GBAFA"", ""customer_index_for_billing"" : null, ""hk_master"" : ""HOOKAH"", ""hk_redirect_percentage"" : 0, ""partition_right"" : ""BTIP"", ""state"" : ""OPENED""}"
10001217,10001217,"{""id"" : 10001217, ""vpn_code"" : ""10001217"", ""name"" : ""PLS44"", ""vpn_id_sip"" : ""10001217"", ""customer_reference"" : ""CD04YZ9YBE"", ""forced_onnet"" : false, ""private_prefix_length"" : 2, ""offnet_via_bcr_allowed"" : true, ""it_key"" : ""CD04YZ9YBE"", ""customer_index_for_billing"" : null, ""hk_master"" : ""HOOKAH"", ""hk_redirect_percentage"" : 0, ""partition_right"" : ""BTIP"", ""state"" : ""OPENED""}"
4843,4843,"{""id"" : 4843, ""vpn_code"" : ""4843"", ""name"" : ""Siemens Austria"", ""vpn_id_sip"" : ""4843"", ""customer_reference"" : ""674826"", ""forced_onnet"" : true, ""private_prefix_length"" : 3, ""offnet_via_bcr_allowed"" : true, ""it_key"" : ""zzz4843"", ""customer_index_for_billing"" : null, ""hk_master"" : ""HOOKAH"", ""hk_redirect_percentage"" : 0, ""partition_right"" : ""BT"", ""state"" : ""OPENED""}"
10000155,10000155,"{""id"" : 10000155, ""vpn_code"" : ""10000155"", ""name"" : ""AUTAA"", ""vpn_id_sip"" : ""10000155"", ""customer_reference"" : ""CD02H826E6"", ""forced_onnet"" : false, ""private_prefix_length"" : 2, ""offnet_via_bcr_allowed"" : true, ""it_key"" : ""CD02H826E6"", ""customer_index_for_billing"" : null, ""hk_master"" : ""HOOKAH"", ""hk_redirect_percentage"" : 0, ""partition_right"" : ""BTIP"", ""state"" : ""OPENED""}"
10000154,10000154,"{""id"" : 10000154, ""vpn_code"" : ""10000154"", ""name"" : ""UDAF47"", ""vpn_id_sip"" : ""10000154"", ""customer_reference"" : ""CD02GSRRFB"", ""forced_onnet"" : false, ""private_prefix_length"" : 1, ""offnet_via_bcr_allowed"" : true, ""it_key"" : ""CD02GSRRFB"", ""customer_index_for_billing"" : null, ""hk_master"" : ""HOOKAH"", ""hk_redirect_percentage"" : 0, ""partition_right"" : ""BTIP"", ""state"" : ""OPENED""}"
10000156,10000156,"{""id"" : 10000156, ""vpn_code"" : ""10000156"", ""name"" : ""AHFC"", ""vpn_id_sip"" : ""10000156"", ""customer_reference"" : ""CD02BVVCF4"", ""forced_onnet"" : false, ""private_prefix_length"" : 3, ""offnet_via_bcr_allowed"" : true, ""it_key"" : ""CD02BVVCF4"", ""customer_index_for_billing"" : null, ""hk_master"" : ""HOOKAH"", ""hk_redirect_percentage"" : 0, ""partition_right"" : ""BTIP"", ""state"" : ""OPENED""}"
10000157,10000157,"{""id"" : 10000157, ""vpn_code"" : ""10000157"", ""name"" : ""ARTPROMOTION"", ""vpn_id_sip"" : ""10000157"", ""customer_reference"" : ""CD02FX36A5"", ""forced_onnet"" : true, ""private_prefix_length"" : 2, ""offnet_via_bcr_allowed"" : true, ""it_key"" : ""CD02FX36A5"", ""customer_index_for_billing"" : null, ""hk_master"" : ""HOOKAH"", ""hk_redirect_percentage"" : 0, ""partition_right"" : ""BTIP"", ""state"" : ""OPENED""}"
10000158,10000158,"{""id"" : 10000158, ""vpn_code"" : ""10000158"", ""name"" : ""MONSEGU (HM FINANCES)"", ""vpn_id_sip"" : ""10000158"", ""customer_reference"" : ""CD02CQR99C"", ""forced_onnet"" : true, ""private_prefix_length"" : 2, ""offnet_via_bcr_allowed"" : true, ""it_key"" : ""CD02CQR99C"", ""customer_index_for_billing"" : null, ""hk_master"" : ""HOOKAH"", ""hk_redirect_percentage"" : 0, ""partition_right"" : ""BTIP"", ""state"" : ""OPENED""}"
3560,3560,"{""id"" : 3560, ""vpn_code"" : ""3560"", ""name"" : ""ACTA"", ""vpn_id_sip"" : ""3560"", ""customer_reference"" : ""676455"", ""forced_onnet"" : false, ""private_prefix_length"" : 3, ""offnet_via_bcr_allowed"" : true, ""it_key"" : ""zzz3560"", ""customer_index_for_billing"" : ""3560"", ""hk_master"" : ""HOOKAH"", ""hk_redirect_percentage"" : 0, ""partition_right"" : ""BT"", ""state"" : ""OPENED""}"
10000159,10000159,"{""id"" : 10000159, ""vpn_code"" : ""10000159"", ""name"" : ""UNISTAR"", ""vpn_id_sip"" : ""10000159"", ""customer_reference"" : ""CD02GR3BEE"", ""forced_onnet"" : false, ""private_prefix_length"" : 2, ""offnet_via_bcr_allowed"" : true, ""it_key"" : ""CD02GR3BEE"", ""customer_index_for_billing"" : null, ""hk_master"" : ""HOOKAH"", ""hk_redirect_percentage"" : 0, ""partition_right"" : ""BTIP"", ""state"" : ""OPENED""}"
10000151,10000151,"{""id"" : 10000151, ""vpn_code"" : ""10000151"", ""name"" : ""VPOUEST GUIGNARD"", ""vpn_id_sip"" : ""10000151"", ""customer_reference"" : ""CD02FZ1UC9"", ""forced_onnet"" : true, ""private_prefix_length"" : 2, ""offnet_via_bcr_allowed"" : true, ""it_key"" : ""CD02FZ1UC9"", ""customer_index_for_billing"" : null, ""hk_master"" : ""HOOKAH"", ""hk_redirect_percentage"" : 0, ""partition_right"" : ""BTIP"", ""state"" : ""OPENED""}"
10000160,10000160,"{""id"" : 10000160, ""vpn_code"" : ""10000160"", ""name"" : ""APA (APALIB)"", ""vpn_id_sip"" : ""10000160"", ""customer_reference"" : ""CD02GC67FD"", ""forced_onnet"" : false, ""private_prefix_length"" : 3, ""offnet_via_bcr_allowed"" : true, ""it_key"" : ""CD02GC67FD"", ""customer_index_for_billing"" : null, ""hk_master"" : ""HOOKAH"", ""hk_redirect_percentage"" : 0, ""partition_right"" : ""BTIP"", ""state"" : ""OPENED""}"
5807,5807,"{""id"" : 5807, ""vpn_code"" : ""5807"", ""name"" : ""VTFAIX"", ""vpn_id_sip"" : ""5807"", ""customer_reference"" : ""36423"", ""forced_onnet"" : false, ""private_prefix_length"" : 3, ""offnet_via_bcr_allowed"" : true, ""it_key"" : ""CD02BS4990"", ""customer_index_for_billing"" : null, ""hk_master"" : ""HOOKAH"", ""hk_redirect_percentage"" : 0, ""partition_right"" : ""BT"", ""state"" : ""OPENED""}"
10000165,10000165,"{""id"" : 10000165, ""vpn_code"" : ""10000165"", ""name"" : ""ZURICH INSURANCE"", ""vpn_id_sip"" : ""10000165"", ""customer_reference"" : ""CD02FZ6YC5"", ""forced_onnet"" : true, ""private_prefix_length"" : 2, ""offnet_via_bcr_allowed"" : true, ""it_key"" : ""CD02FZ6YC5"", ""customer_index_for_billing"" : null, ""hk_master"" : ""HOOKAH"", ""hk_redirect_percentage"" : 0, ""partition_right"" : ""BTIP"", ""state"" : ""OPENED""}"
3575,3575,"{""id"" : 3575, ""vpn_code"" : ""3575"", ""name"" : ""DUPONT"", ""vpn_id_sip"" : ""3575"", ""customer_reference"" : ""11626"", ""forced_onnet"" : false, ""private_prefix_length"" : 3, ""offnet_via_bcr_allowed"" : true, ""it_key"" : ""zzz3575"", ""customer_index_for_billing"" : ""3575"", ""hk_master"" : ""HOOKAH"", ""hk_redirect_percentage"" : 0, ""partition_right"" : ""BT"", ""state"" : ""OPENED""}"
3665,3665,"{""id"" : 3665, ""vpn_code"" : ""3665"", ""name"" : ""DIOR"", ""vpn_id_sip"" : ""3665"", ""customer_reference"" : ""676444"", ""forced_onnet"" : false, ""private_prefix_length"" : 3, ""offnet_via_bcr_allowed"" : true, ""it_key"" : ""zzz3665"", ""customer_index_for_billing"" : ""3665"", ""hk_master"" : ""HOOKAH"", ""hk_redirect_percentage"" : 0, ""partition_right"" : ""BT"", ""state"" : ""OPENED""}"
4496,4496,"{""id"" : 4496, ""vpn_code"" : ""4496"", ""name"" : ""National Electronic Services"", ""vpn_id_sip"" : ""4496"", ""customer_reference"" : ""679322"", ""forced_onnet"" : false, ""private_prefix_length"" : 3, ""offnet_via_bcr_allowed"" : true, ""it_key"" : ""zzz4496"", ""customer_index_for_billing"" : null, ""hk_master"" : ""HOOKAH"", ""hk_redirect_percentage"" : 0, ""partition_right"" : ""BT"", ""state"" : ""OPENED""}"
10000170,10000170,"{""id"" : 10000170, ""vpn_code"" : ""10000170"", ""name"" : ""I CUBE RESEARCH"", ""vpn_id_sip"" : ""10000170"", ""customer_reference"" : ""CD02HZ5RCD"", ""forced_onnet"" : false, ""private_prefix_length"" : 1, ""offnet_via_bcr_allowed"" : true, ""it_key"" : ""CD02HZ5RCD"", ""customer_index_for_billing"" : null, ""hk_master"" : ""HOOKAH"", ""hk_redirect_percentage"" : 0, ""partition_right"" : ""BTIP"", ""state"" : ""OPENED""}"
10000171,10000171,"{""id"" : 10000171, ""vpn_code"" : ""10000171"", ""name"" : ""ORIGINAL VD"", ""vpn_id_sip"" : ""10000171"", ""customer_reference"" : ""CD02E2W8D7"", ""forced_onnet"" : true, ""private_prefix_length"" : 2, ""offnet_via_bcr_allowed"" : true, ""it_key"" : ""CD02E2W8D7"", ""customer_index_for_billing"" : null, ""hk_master"" : ""HOOKAH"", ""hk_redirect_percentage"" : 0, ""partition_right"" : ""BTIP"", ""state"" : ""OPENED""}"
10000168,10000168,"{""id"" : 10000168, ""vpn_code"" : ""10000168"", ""name"" : ""BONTOUT"", ""vpn_id_sip"" : ""10000168"", ""customer_reference"" : ""CD02HT3JF2"", ""forced_onnet"" : true, ""private_prefix_length"" : 3, ""offnet_via_bcr_allowed"" : true, ""it_key"" : ""CD02HT3JF2"", ""customer_index_for_billing"" : null, ""hk_master"" : ""HOOKAH"", ""hk_redirect_percentage"" : 0, ""partition_right"" : ""BTIP"", ""state"" : ""OPENED""}"
5602,5602,"{""id"" : 5602, ""vpn_code"" : ""5602"", ""name"" : ""HOLDING ROBERT"", ""vpn_id_sip"" : ""5602"", ""customer_reference"" : ""36423"", ""forced_onnet"" : true, ""private_prefix_length"" : 2, ""offnet_via_bcr_allowed"" : true, ""it_key"" : ""CD029ZQ7AD"", ""customer_index_for_billing"" : null, ""hk_master"" : ""HOOKAH"", ""hk_redirect_percentage"" : 0, ""partition_right"" : ""BT"", ""state"" : ""OPENED""}"
5631,5631,"{""id"" : 5631, ""vpn_code"" : ""5631"", ""name"" : ""SYLVESTRE NIBBIO"", ""vpn_id_sip"" : ""5631"", ""customer_reference"" : ""36423"", ""forced_onnet"" : false, ""private_prefix_length"" : 2, ""offnet_via_bcr_allowed"" : true, ""it_key"" : ""CD01UUE7B6"", ""customer_index_for_billing"" : null, ""hk_master"" : ""HOOKAH"", ""hk_redirect_percentage"" : 0, ""partition_right"" : ""BT"", ""state"" : ""OPENED""}"
3862,3862,"{""id"" : 3862, ""vpn_code"" : ""3862"", ""name"" : ""PALM EUROPE"", ""vpn_id_sip"" : ""3862"", ""customer_reference"" : ""44988"", ""forced_onnet"" : false, ""private_prefix_length"" : 3, ""offnet_via_bcr_allowed"" : true, ""it_key"" : ""zzz3862"", ""customer_index_for_billing"" : ""3862"", ""hk_master"" : ""HOOKAH"", ""hk_redirect_percentage"" : 0, ""partition_right"" : ""BT"", ""state"" : ""OPENED""}"
10000173,10000173,"{""id"" : 10000173, ""vpn_code"" : ""10000173"", ""name"" : ""DMS"", ""vpn_id_sip"" : ""10000173"", ""customer_reference"" : ""CD02GE4N90"", ""forced_onnet"" : false, ""private_prefix_length"" : 2, ""offnet_via_bcr_allowed"" : true, ""it_key"" : ""CD02GE4N90"", ""customer_index_for_billing"" : null, ""hk_master"" : ""HOOKAH"", ""hk_redirect_percentage"" : 0, ""partition_right"" : ""BTIP"", ""state"" : ""OPENED""}"
10000174,10000174,"{""id"" : 10000174, ""vpn_code"" : ""10000174"", ""name"" : ""EGOESPOIR"", ""vpn_id_sip"" : ""10000174"", ""customer_reference"" : ""CD02KNRXBF"", ""forced_onnet"" : true, ""private_prefix_length"" : 2, ""offnet_via_bcr_allowed"" : true, ""it_key"" : ""CD02KNRXBF"", ""customer_index_for_billing"" : null, ""hk_master"" : ""HOOKAH"", ""hk_redirect_percentage"" : 0, ""partition_right"" : ""BTIP"", ""state"" : ""OPENED""}"
10000176,10000176,"{""id"" : 10000176, ""vpn_code"" : ""10000176"", ""name"" : ""PIGEAULT"", ""vpn_id_sip"" : ""10000176"", ""customer_reference"" : ""CD02J58DBA"", ""forced_onnet"" : false, ""private_prefix_length"" : 1, ""offnet_via_bcr_allowed"" : true, ""it_key"" : ""CD02J58DBA"", ""customer_index_for_billing"" : null, ""hk_master"" : ""HOOKAH"", ""hk_redirect_percentage"" : 0, ""partition_right"" : ""BTIP"", ""state"" : ""OPENED""}"
10000178,10000178,"{""id"" : 10000178, ""vpn_code"" : ""10000178"", ""name"" : ""LOISEAU"", ""vpn_id_sip"" : ""10000178"", ""customer_reference"" : ""CD02KHRMBE"", ""forced_onnet"" : false, ""private_prefix_length"" : 2, ""offnet_via_bcr_allowed"" : true, ""it_key"" : ""CD02KHRMBE"", ""customer_index_for_billing"" : null, ""hk_master"" : ""HOOKAH"", ""hk_redirect_percentage"" : 0, ""partition_right"" : ""BTIP"", ""state"" : ""OPENED""}"
4065,4065,"{""id"" : 4065, ""vpn_code"" : ""4065"", ""name"" : ""IESEG (Transpac)"", ""vpn_id_sip"" : ""4065"", ""customer_reference"" : ""36423"", ""forced_onnet"" : true, ""private_prefix_length"" : 2, ""offnet_via_bcr_allowed"" : true, ""it_key"" : ""CD00LB7FA1"", ""customer_index_for_billing"" : null, ""hk_master"" : ""HOOKAH"", ""hk_redirect_percentage"" : 0, ""partition_right"" : ""BT"", ""state"" : ""OPENED""}"
3569,3569,"{""id"" : 3569, ""vpn_code"" : ""3569"", ""name"" : ""PIERRE & VACANCES"", ""vpn_id_sip"" : ""3569"", ""customer_reference"" : ""675803"", ""forced_onnet"" : false, ""private_prefix_length"" : 3, ""offnet_via_bcr_allowed"" : true, ""it_key"" : ""zzz3569"", ""customer_index_for_billing"" : ""3569"", ""hk_master"" : ""HOOKAH"", ""hk_redirect_percentage"" : 0, ""partition_right"" : ""BT"", ""state"" : ""OPENED""}"
10000179,10000179,"{""id"" : 10000179, ""vpn_code"" : ""10000179"", ""name"" : ""MAGHREB"", ""vpn_id_sip"" : ""10000179"", ""customer_reference"" : ""CD02L5WMB3"", ""forced_onnet"" : true, ""private_prefix_length"" : 3, ""offnet_via_bcr_allowed"" : true, ""it_key"" : ""CD02L5WMB3"", ""customer_index_for_billing"" : null, ""hk_master"" : ""HOOKAH"", ""hk_redirect_percentage"" : 0, ""partition_right"" : ""BTIP"", ""state"" : ""OPENED""}"
5754,5754,"{""id"" : 5754, ""vpn_code"" : ""5754"", ""name"" : ""SOVEC"", ""vpn_id_sip"" : ""5754"", ""customer_reference"" : ""36423"", ""forced_onnet"" : true, ""private_prefix_length"" : 2, ""offnet_via_bcr_allowed"" : true, ""it_key"" : ""CD02JHGMBD"", ""customer_index_for_billing"" : null, ""hk_master"" : ""HOOKAH"", ""hk_redirect_percentage"" : 0, ""partition_right"" : ""BT"", ""state"" : ""OPENED""}"
3520,3520,"{""id"" : 3520, ""vpn_code"" : ""3520"", ""name"" : ""ACCOR"", ""vpn_id_sip"" : ""3520"", ""customer_reference"" : ""679371"", ""forced_onnet"" : false, ""private_prefix_length"" : 3, ""offnet_via_bcr_allowed"" : true, ""it_key"" : ""zzz3520"", ""customer_index_for_billing"" : ""3520"", ""hk_master"" : ""HOOKAH"", ""hk_redirect_percentage"" : 0, ""partition_right"" : ""BT"", ""state"" : ""OPENED""}"
10000180,10000180,"{""id"" : 10000180, ""vpn_code"" : ""10000180"", ""name"" : ""GUINGAMPHABITAT"", ""vpn_id_sip"" : ""10000180"", ""customer_reference"" : ""CD02L6UAB5"", ""forced_onnet"" : false, ""private_prefix_length"" : 2, ""offnet_via_bcr_allowed"" : true, ""it_key"" : ""CD02L6UAB5"", ""customer_index_for_billing"" : null, ""hk_master"" : ""HOOKAH"", ""hk_redirect_percentage"" : 0, ""partition_right"" : ""BTIP"", ""state"" : ""OPENED""}"
10000181,10000181,"{""id"" : 10000181, ""vpn_code"" : ""10000181"", ""name"" : ""LOGIWIN"", ""vpn_id_sip"" : ""10000181"", ""customer_reference"" : ""CD02GDSW8C"", ""forced_onnet"" : false, ""private_prefix_length"" : 1, ""offnet_via_bcr_allowed"" : true, ""it_key"" : ""CD02GDSW8C"", ""customer_index_for_billing"" : null, ""hk_master"" : ""HOOKAH"", ""hk_redirect_percentage"" : 0, ""partition_right"" : ""BTIP"", ""state"" : ""OPENED""}"
3616,3616,"{""id"" : 3616, ""vpn_code"" : ""3616"", ""name"" : ""EURODISNEY(SCA)"", ""vpn_id_sip"" : ""3616"", ""customer_reference"" : ""33233"", ""forced_onnet"" : false, ""private_prefix_length"" : 3, ""offnet_via_bcr_allowed"" : true, ""it_key"" : ""zzz3616"", ""customer_index_for_billing"" : ""3616"", ""hk_master"" : ""HOOKAH"", ""hk_redirect_percentage"" : 0, ""partition_right"" : ""BT"", ""state"" : ""OPENED""}"
10000182,10000182,"{""id"" : 10000182, ""vpn_code"" : ""10000182"", ""name"" : ""DOMINOMARQUAGE"", ""vpn_id_sip"" : ""10000182"", ""customer_reference"" : ""CD01Z5CQ90"", ""forced_onnet"" : false, ""private_prefix_length"" : 2, ""offnet_via_bcr_allowed"" : true, ""it_key"" : ""CD01Z5CQ90"", ""customer_index_for_billing"" : null, ""hk_master"" : ""HOOKAH"", ""hk_redirect_percentage"" : 0, ""partition_right"" : ""BTIP"", ""state"" : ""OPENED""}"
10000183,10000183,"{""id"" : 10000183, ""vpn_code"" : ""10000183"", ""name"" : ""SUNTRANSINTER"", ""vpn_id_sip"" : ""10000183"", ""customer_reference"" : ""CD02KQ4SF5"", ""forced_onnet"" : false, ""private_prefix_length"" : 2, ""offnet_via_bcr_allowed"" : true, ""it_key"" : ""CD02KQ4SF5"", ""customer_index_for_billing"" : null, ""hk_master"" : ""HOOKAH"", ""hk_redirect_percentage"" : 0, ""partition_right"" : ""BTIP"", ""state"" : ""OPENED""}"
10000186,10000186,"{""id"" : 10000186, ""vpn_code"" : ""10000186"", ""name"" : ""CABINETMARTIN"", ""vpn_id_sip"" : ""10000186"", ""customer_reference"" : ""CD02LT6BF9"", ""forced_onnet"" : false, ""private_prefix_length"" : 1, ""offnet_via_bcr_allowed"" : true, ""it_key"" : ""CD02LT6BF9"", ""customer_index_for_billing"" : null, ""hk_master"" : ""HOOKAH"", ""hk_redirect_percentage"" : 0, ""partition_right"" : ""BTIP"", ""state"" : ""OPENED""}"
10000177,10000177,"{""id"" : 10000177, ""vpn_code"" : ""10000177"", ""name"" : ""CSOBB-BVPN (Chabot Sicard)"", ""vpn_id_sip"" : ""10000177"", ""customer_reference"" : ""CD02L9QU83"", ""forced_onnet"" : false, ""private_prefix_length"" : 1, ""offnet_via_bcr_allowed"" : true, ""it_key"" : ""CD02L9QU83"", ""customer_index_for_billing"" : null, ""hk_master"" : ""HOOKAH"", ""hk_redirect_percentage"" : 0, ""partition_right"" : ""BTIP"", ""state"" : ""OPENED""}"
4500,4500,"{""id"" : 4500, ""vpn_code"" : ""4500"", ""name"" : ""AMADEUS"", ""vpn_id_sip"" : ""4500"", ""customer_reference"" : ""10242"", ""forced_onnet"" : false, ""private_prefix_length"" : 3, ""offnet_via_bcr_allowed"" : true, ""it_key"" : ""zzz4500"", ""customer_index_for_billing"" : ""4500"", ""hk_master"" : ""HOOKAH"", ""hk_redirect_percentage"" : 0, ""partition_right"" : ""BT"", ""state"" : ""OPENED""}"
10000189,10000189,"{""id"" : 10000189, ""vpn_code"" : ""10000189"", ""name"" : ""UDAF49"", ""vpn_id_sip"" : ""10000189"", ""customer_reference"" : ""CD02M3SHA1"", ""forced_onnet"" : true, ""private_prefix_length"" : 2, ""offnet_via_bcr_allowed"" : true, ""it_key"" : ""CD02M3SHA1"", ""customer_index_for_billing"" : null, ""hk_master"" : ""HOOKAH"", ""hk_redirect_percentage"" : 0, ""partition_right"" : ""BTIP"", ""state"" : ""OPENED""}"
4499,4499,"{""id"" : 4499, ""vpn_code"" : ""4499"", ""name"" : ""NESTLE Business Services"", ""vpn_id_sip"" : ""4499"", ""customer_reference"" : ""678431"", ""forced_onnet"" : false, ""private_prefix_length"" : 3, ""offnet_via_bcr_allowed"" : true, ""it_key"" : ""zzz4499"", ""customer_index_for_billing"" : null, ""hk_master"" : ""HOOKAH"", ""hk_redirect_percentage"" : 0, ""partition_right"" : ""BT"", ""state"" : ""OPENED""}"
4466,4466,"{""id"" : 4466, ""vpn_code"" : ""4466"", ""name"" : ""RIGNEY DOLPHIN"", ""vpn_id_sip"" : ""4466"", ""customer_reference"" : ""678784"", ""forced_onnet"" : false, ""private_prefix_length"" : 3, ""offnet_via_bcr_allowed"" : true, ""it_key"" : ""zzz4466"", ""customer_index_for_billing"" : ""4466"", ""hk_master"" : ""HOOKAH"", ""hk_redirect_percentage"" : 0, ""partition_right"" : ""BT"", ""state"" : ""OPENED""}"
5755,5755,"{""id"" : 5755, ""vpn_code"" : ""5755"", ""name"" : ""ATELIERDUBAIN"", ""vpn_id_sip"" : ""5755"", ""customer_reference"" : ""36423"", ""forced_onnet"" : false, ""private_prefix_length"" : 1, ""offnet_via_bcr_allowed"" : true, ""it_key"" : ""CD02LA8T92"", ""customer_index_for_billing"" : null, ""hk_master"" : ""HOOKAH"", ""hk_redirect_percentage"" : 0, ""partition_right"" : ""BT"", ""state"" : ""OPENED""}"
3762,3762,"{""id"" : 3762, ""vpn_code"" : ""3762"", ""name"" : ""LE PAPE (Transpac)"", ""vpn_id_sip"" : ""3762"", ""customer_reference"" : ""674469"", ""forced_onnet"" : true, ""private_prefix_length"" : 1, ""offnet_via_bcr_allowed"" : true, ""it_key"" : ""CD00F195FB"", ""customer_index_for_billing"" : null, ""hk_master"" : ""HOOKAH"", ""hk_redirect_percentage"" : 0, ""partition_right"" : ""BT"", ""state"" : ""OPENED""}"
4501,4501,"{""id"" : 4501, ""vpn_code"" : ""4501"", ""name"" : ""MoneyGram International"", ""vpn_id_sip"" : ""4501"", ""customer_reference"" : ""55083"", ""forced_onnet"" : false, ""private_prefix_length"" : 3, ""offnet_via_bcr_allowed"" : true, ""it_key"" : ""zzz4501"", ""customer_index_for_billing"" : null, ""hk_master"" : ""HOOKAH"", ""hk_redirect_percentage"" : 0, ""partition_right"" : ""BT"", ""state"" : ""OPENED""}"
10000195,10000195,"{""id"" : 10000195, ""vpn_code"" : ""10000195"", ""name"" : ""MAXITHERMIE (93253)"", ""vpn_id_sip"" : ""10000195"", ""customer_reference"" : ""CD02MX6SC3"", ""forced_onnet"" : false, ""private_prefix_length"" : 2, ""offnet_via_bcr_allowed"" : true, ""it_key"" : ""CD02MX6SC3"", ""customer_index_for_billing"" : null, ""hk_master"" : ""HOOKAH"", ""hk_redirect_percentage"" : 0, ""partition_right"" : ""BTIP"", ""state"" : ""OPENED""}"
10001105,10001105,"{""id"" : 10001105, ""vpn_code"" : ""10001105"", ""name"" : ""QUALICONFORT"", ""vpn_id_sip"" : ""10001105"", ""customer_reference"" : ""CD04SXUGAF"", ""forced_onnet"" : false, ""private_prefix_length"" : 5, ""offnet_via_bcr_allowed"" : true, ""it_key"" : ""CD04SXUGAF"", ""customer_index_for_billing"" : null, ""hk_master"" : ""HOOKAH"", ""hk_redirect_percentage"" : 0, ""partition_right"" : ""BTIP"", ""state"" : ""OPENED""}"
10000197,10000197,"{""id"" : 10000197, ""vpn_code"" : ""10000197"", ""name"" : ""ETSMAUVIEL"", ""vpn_id_sip"" : ""10000197"", ""customer_reference"" : ""CD02MTXGFF"", ""forced_onnet"" : false, ""private_prefix_length"" : 2, ""offnet_via_bcr_allowed"" : true, ""it_key"" : ""CD02MTXGFF"", ""customer_index_for_billing"" : null, ""hk_master"" : ""HOOKAH"", ""hk_redirect_percentage"" : 0, ""partition_right"" : ""BTIP"", ""state"" : ""OPENED""}"
10000826,10000826,"{""id"" : 10000826, ""vpn_code"" : ""10000826"", ""name"" : ""CESAME"", ""vpn_id_sip"" : ""10000826"", ""customer_reference"" : ""CD041QJ1E9"", ""forced_onnet"" : false, ""private_prefix_length"" : 2, ""offnet_via_bcr_allowed"" : true, ""it_key"" : ""CD041QJ1E9"", ""customer_index_for_billing"" : null, ""hk_master"" : ""HOOKAH"", ""hk_redirect_percentage"" : 0, ""partition_right"" : ""BTIP"", ""state"" : ""OPENED""}"
10000798,10000798,"{""id"" : 10000798, ""vpn_code"" : ""10000798"", ""name"" : ""SWM-EU"", ""vpn_id_sip"" : ""10000798"", ""customer_reference"" : ""CD044EC191"", ""forced_onnet"" : false, ""private_prefix_length"" : 2, ""offnet_via_bcr_allowed"" : true, ""it_key"" : ""CD044EC191"", ""customer_index_for_billing"" : null, ""hk_master"" : ""HOOKAH"", ""hk_redirect_percentage"" : 0, ""partition_right"" : ""BTIP"", ""state"" : ""OPENED""}"
10000849,10000849,"{""id"" : 10000849, ""vpn_code"" : ""10000849"", ""name"" : ""AMDS"", ""vpn_id_sip"" : ""10000849"", ""customer_reference"" : ""CD03ZX1DC3"", ""forced_onnet"" : false, ""private_prefix_length"" : 2, ""offnet_via_bcr_allowed"" : true, ""it_key"" : ""CD03ZX1DC3"", ""customer_index_for_billing"" : null, ""hk_master"" : ""HOOKAH"", ""hk_redirect_percentage"" : 0, ""partition_right"" : ""BTIP"", ""state"" : ""OPENED""}"
10000835,10000835,"{""id"" : 10000835, ""vpn_code"" : ""10000835"", ""name"" : ""SPE"", ""vpn_id_sip"" : ""10000835"", ""customer_reference"" : ""CD048ALBF9"", ""forced_onnet"" : false, ""private_prefix_length"" : 2, ""offnet_via_bcr_allowed"" : true, ""it_key"" : ""CD048ALBF9"", ""customer_index_for_billing"" : null, ""hk_master"" : ""HOOKAH"", ""hk_redirect_percentage"" : 0, ""partition_right"" : ""BTIP"", ""state"" : ""OPENED""}"
10000862,10000862,"{""id"" : 10000862, ""vpn_code"" : ""10000862"", ""name"" : ""JBARTHELEMY"", ""vpn_id_sip"" : ""10000862"", ""customer_reference"" : ""CD03WYEVD7"", ""forced_onnet"" : false, ""private_prefix_length"" : 2, ""offnet_via_bcr_allowed"" : true, ""it_key"" : ""CD03WYEVD7"", ""customer_index_for_billing"" : null, ""hk_master"" : ""HOOKAH"", ""hk_redirect_percentage"" : 0, ""partition_right"" : ""BTIP"", ""state"" : ""OPENED""}"
5105,5105,"{""id"" : 5105, ""vpn_code"" : ""5105"", ""name"" : ""TERRETUDE (Transpac)"", ""vpn_id_sip"" : ""5105"", ""customer_reference"" : ""676814"", ""forced_onnet"" : true, ""private_prefix_length"" : 1, ""offnet_via_bcr_allowed"" : true, ""it_key"" : ""CD00YE37C2"", ""customer_index_for_billing"" : null, ""hk_master"" : ""HOOKAH"", ""hk_redirect_percentage"" : 0, ""partition_right"" : ""BT"", ""state"" : ""OPENED""}"
3899,3899,"{""id"" : 3899, ""vpn_code"" : ""3899"", ""name"" : ""MUTUELLE DE L_EST"", ""vpn_id_sip"" : ""3899"", ""customer_reference"" : ""674868"", ""forced_onnet"" : true, ""private_prefix_length"" : 2, ""offnet_via_bcr_allowed"" : true, ""it_key"" : ""CD00G33P92"", ""customer_index_for_billing"" : null, ""hk_master"" : ""HOOKAH"", ""hk_redirect_percentage"" : 0, ""partition_right"" : ""BT"", ""state"" : ""OPENED""}"
10000765,10000765,"{""id"" : 10000765, ""vpn_code"" : ""10000765"", ""name"" : ""CABINETFAVARD"", ""vpn_id_sip"" : ""10000765"", ""customer_reference"" : ""CD0420FFDB"", ""forced_onnet"" : true, ""private_prefix_length"" : 2, ""offnet_via_bcr_allowed"" : true, ""it_key"" : ""CD0420FFDB"", ""customer_index_for_billing"" : null, ""hk_master"" : ""HOOKAH"", ""hk_redirect_percentage"" : 0, ""partition_right"" : ""BTIP"", ""state"" : ""OPENED""}"
10000745,10000745,"{""id"" : 10000745, ""vpn_code"" : ""10000745"", ""name"" : ""NANTAISE_EAUX"", ""vpn_id_sip"" : ""10000745"", ""customer_reference"" : ""CD03WFZP90"", ""forced_onnet"" : false, ""private_prefix_length"" : 2, ""offnet_via_bcr_allowed"" : true, ""it_key"" : ""CD03WFZP90"", ""customer_index_for_billing"" : null, ""hk_master"" : ""HOOKAH"", ""hk_redirect_percentage"" : 0, ""partition_right"" : ""BTIP"", ""state"" : ""OPENED""}"
10000780,10000780,"{""id"" : 10000780, ""vpn_code"" : ""10000780"", ""name"" : ""IVECO"", ""vpn_id_sip"" : ""10000780"", ""customer_reference"" : ""CD03WHEZBD"", ""forced_onnet"" : false, ""private_prefix_length"" : 2, ""offnet_via_bcr_allowed"" : true, ""it_key"" : ""CD03WHEZBD"", ""customer_index_for_billing"" : null, ""hk_master"" : ""HOOKAH"", ""hk_redirect_percentage"" : 0, ""partition_right"" : ""BTIP"", ""state"" : ""OPENED""}"
4624,4624,"{""id"" : 4624, ""vpn_code"" : ""4624"", ""name"" : ""RESTALLIANCE"", ""vpn_id_sip"" : ""4624"", ""customer_reference"" : ""676585"", ""forced_onnet"" : true, ""private_prefix_length"" : 3, ""offnet_via_bcr_allowed"" : true, ""it_key"" : ""zzz4624"", ""customer_index_for_billing"" : null, ""hk_master"" : ""HOOKAH"", ""hk_redirect_percentage"" : 0, ""partition_right"" : ""BT"", ""state"" : ""CLOSED""}"
10000789,10000789,"{""id"" : 10000789, ""vpn_code"" : ""10000789"", ""name"" : ""RACINES34"", ""vpn_id_sip"" : ""10000789"", ""customer_reference"" : ""CD03U28UAE"", ""forced_onnet"" : false, ""private_prefix_length"" : 2, ""offnet_via_bcr_allowed"" : true, ""it_key"" : ""CD03U28UAE"", ""customer_index_for_billing"" : null, ""hk_master"" : ""HOOKAH"", ""hk_redirect_percentage"" : 0, ""partition_right"" : ""BTIP"", ""state"" : ""OPENED""}"
5076,5076,"{""id"" : 5076, ""vpn_code"" : ""5076"", ""name"" : ""Cabinet lemaire schepereel potrel (Transpac)"", ""vpn_id_sip"" : ""5076"", ""customer_reference"" : ""676690"", ""forced_onnet"" : true, ""private_prefix_length"" : 1, ""offnet_via_bcr_allowed"" : true, ""it_key"" : ""CD00WZJGF0"", ""customer_index_for_billing"" : null, ""hk_master"" : ""HOOKAH"", ""hk_redirect_percentage"" : 0, ""partition_right"" : ""BT"", ""state"" : ""OPENED""}"
10000790,10000790,"{""id"" : 10000790, ""vpn_code"" : ""10000790"", ""name"" : ""GARAGE DUGAT"", ""vpn_id_sip"" : ""10000790"", ""customer_reference"" : ""CD0401F7AC"", ""forced_onnet"" : false, ""private_prefix_length"" : 2, ""offnet_via_bcr_allowed"" : true, ""it_key"" : ""CD0401F7AC"", ""customer_index_for_billing"" : null, ""hk_master"" : ""HOOKAH"", ""hk_redirect_percentage"" : 0, ""partition_right"" : ""BTIP"", ""state"" : ""OPENED""}"
10000799,10000799,"{""id"" : 10000799, ""vpn_code"" : ""10000799"", ""name"" : ""BUITEX"", ""vpn_id_sip"" : ""10000799"", ""customer_reference"" : ""CD04528BD3"", ""forced_onnet"" : false, ""private_prefix_length"" : 2, ""offnet_via_bcr_allowed"" : true, ""it_key"" : ""CD04528BD3"", ""customer_index_for_billing"" : null, ""hk_master"" : ""HOOKAH"", ""hk_redirect_percentage"" : 0, ""partition_right"" : ""BTIP"", ""state"" : ""OPENED""}"
3680,3680,"{""id"" : 3680, ""vpn_code"" : ""3680"", ""name"" : ""LP COMPUTER"", ""vpn_id_sip"" : ""3680"", ""customer_reference"" : ""39991"", ""forced_onnet"" : true, ""private_prefix_length"" : 3, ""offnet_via_bcr_allowed"" : true, ""it_key"" : ""zzz3680"", ""customer_index_for_billing"" : ""3680"", ""hk_master"" : ""HOOKAH"", ""hk_redirect_percentage"" : 0, ""partition_right"" : ""BT"", ""state"" : ""OPENED""}"
4605,4605,"{""id"" : 4605, ""vpn_code"" : ""4605"", ""name"" : ""SANITEC"", ""vpn_id_sip"" : ""4605"", ""customer_reference"" : ""672946"", ""forced_onnet"" : true, ""private_prefix_length"" : 3, ""offnet_via_bcr_allowed"" : true, ""it_key"" : ""zzz4605"", ""customer_index_for_billing"" : ""4605"", ""hk_master"" : ""HOOKAH"", ""hk_redirect_percentage"" : 0, ""partition_right"" : ""BT"", ""state"" : ""OPENED""}"
10000632,10000632,"{""id"" : 10000632, ""vpn_code"" : ""10000632"", ""name"" : ""ADSEA29"", ""vpn_id_sip"" : ""10000632"", ""customer_reference"" : ""CD03NEL0F9"", ""forced_onnet"" : false, ""private_prefix_length"" : 2, ""offnet_via_bcr_allowed"" : true, ""it_key"" : ""CD03NEL0F9"", ""customer_index_for_billing"" : null, ""hk_master"" : ""HOOKAH"", ""hk_redirect_percentage"" : 0, ""partition_right"" : ""BTIP"", ""state"" : ""OPENED""}"
10000796,10000796,"{""id"" : 10000796, ""vpn_code"" : ""10000796"", ""name"" : ""HABITAT86"", ""vpn_id_sip"" : ""10000796"", ""customer_reference"" : ""CD040UKT94"", ""forced_onnet"" : false, ""private_prefix_length"" : 2, ""offnet_via_bcr_allowed"" : true, ""it_key"" : ""CD040UKT94"", ""customer_index_for_billing"" : null, ""hk_master"" : ""HOOKAH"", ""hk_redirect_percentage"" : 0, ""partition_right"" : ""BTIP"", ""state"" : ""OPENED""}"
10000832,10000832,"{""id"" : 10000832, ""vpn_code"" : ""10000832"", ""name"" : ""FORTITUDE"", ""vpn_id_sip"" : ""10000832"", ""customer_reference"" : ""CD046EU192"", ""forced_onnet"" : false, ""private_prefix_length"" : 1, ""offnet_via_bcr_allowed"" : true, ""it_key"" : ""CD046EU192"", ""customer_index_for_billing"" : null, ""hk_master"" : ""HOOKAH"", ""hk_redirect_percentage"" : 0, ""partition_right"" : ""BTIP"", ""state"" : ""OPENED""}"
5294,5294,"{""id"" : 5294, ""vpn_code"" : ""5294"", ""name"" : ""BHL LOCATION (Transpac)"", ""vpn_id_sip"" : ""5294"", ""customer_reference"" : ""10968"", ""forced_onnet"" : true, ""private_prefix_length"" : 2, ""offnet_via_bcr_allowed"" : true, ""it_key"" : ""CD0156QH86"", ""customer_index_for_billing"" : null, ""hk_master"" : ""HOOKAH"", ""hk_redirect_percentage"" : 0, ""partition_right"" : ""BT"", ""state"" : ""OPENED""}"
10000855,10000855,"{""id"" : 10000855, ""vpn_code"" : ""10000855"", ""name"" : ""FONDATION MAISON GENDARMERIE"", ""vpn_id_sip"" : ""10000855"", ""customer_reference"" : ""CD0488R29C"", ""forced_onnet"" : false, ""private_prefix_length"" : 2, ""offnet_via_bcr_allowed"" : true, ""it_key"" : ""CD0488R29C"", ""customer_index_for_billing"" : null, ""hk_master"" : ""HOOKAH"", ""hk_redirect_percentage"" : 0, ""partition_right"" : ""BTIP"", ""state"" : ""OPENED""}"
10000844,10000844,"{""id"" : 10000844, ""vpn_code"" : ""10000844"", ""name"" : ""IP3VENDEE"", ""vpn_id_sip"" : ""10000844"", ""customer_reference"" : ""CD048Y5SB8"", ""forced_onnet"" : false, ""private_prefix_length"" : 2, ""offnet_via_bcr_allowed"" : true, ""it_key"" : ""CD048Y5SB8"", ""customer_index_for_billing"" : null, ""hk_master"" : ""HOOKAH"", ""hk_redirect_percentage"" : 0, ""partition_right"" : ""BTIP"", ""state"" : ""OPENED""}"
3634,3634,"{""id"" : 3634, ""vpn_code"" : ""3634"", ""name"" : ""Japan Tabaco International SA (JTI)"", ""vpn_id_sip"" : ""3634"", ""customer_reference"" : ""28358"", ""forced_onnet"" : true, ""private_prefix_length"" : 3, ""offnet_via_bcr_allowed"" : true, ""it_key"" : ""zzz3634"", ""customer_index_for_billing"" : ""3634"", ""hk_master"" : ""HOOKAH"", ""hk_redirect_percentage"" : 0, ""partition_right"" : ""BT"", ""state"" : ""OPENED""}"
10000869,10000869,"{""id"" : 10000869, ""vpn_code"" : ""10000869"", ""name"" : ""SDVI"", ""vpn_id_sip"" : ""10000869"", ""customer_reference"" : ""CD048EE090"", ""forced_onnet"" : false, ""private_prefix_length"" : 2, ""offnet_via_bcr_allowed"" : true, ""it_key"" : ""CD048EE090"", ""customer_index_for_billing"" : null, ""hk_master"" : ""HOOKAH"", ""hk_redirect_percentage"" : 0, ""partition_right"" : ""BTIP"", ""state"" : ""OPENED""}"
10000878,10000878,"{""id"" : 10000878, ""vpn_code"" : ""10000878"", ""name"" : ""RENTFORCE"", ""vpn_id_sip"" : ""10000878"", ""customer_reference"" : ""CD0478DVF8"", ""forced_onnet"" : false, ""private_prefix_length"" : 2, ""offnet_via_bcr_allowed"" : true, ""it_key"" : ""CD0478DVF8"", ""customer_index_for_billing"" : null, ""hk_master"" : ""HOOKAH"", ""hk_redirect_percentage"" : 0, ""partition_right"" : ""BTIP"", ""state"" : ""OPENED""}"
10000876,10000876,"{""id"" : 10000876, ""vpn_code"" : ""10000876"", ""name"" : ""STCHARLES"", ""vpn_id_sip"" : ""10000876"", ""customer_reference"" : ""CD04BLK3A3"", ""forced_onnet"" : false, ""private_prefix_length"" : 2, ""offnet_via_bcr_allowed"" : true, ""it_key"" : ""CD04BLK3A3"", ""customer_index_for_billing"" : null, ""hk_master"" : ""HOOKAH"", ""hk_redirect_percentage"" : 0, ""partition_right"" : ""BTIP"", ""state"" : ""OPENED""}"
5095,5095,"{""id"" : 5095, ""vpn_code"" : ""5095"", ""name"" : ""TRANSPORTS GEORGELIN (Transpac)"", ""vpn_id_sip"" : ""5095"", ""customer_reference"" : ""36423"", ""forced_onnet"" : true, ""private_prefix_length"" : 2, ""offnet_via_bcr_allowed"" : true, ""it_key"" : ""CD00XPYPDB"", ""customer_index_for_billing"" : null, ""hk_master"" : ""HOOKAH"", ""hk_redirect_percentage"" : 0, ""partition_right"" : ""BT"", ""state"" : ""OPENED""}"
10000865,10000865,"{""id"" : 10000865, ""vpn_code"" : ""10000865"", ""name"" : ""GARAGEDUCENTRE"", ""vpn_id_sip"" : ""10000865"", ""customer_reference"" : ""CD047C6MF9"", ""forced_onnet"" : false, ""private_prefix_length"" : 2, ""offnet_via_bcr_allowed"" : true, ""it_key"" : ""CD047C6MF9"", ""customer_index_for_billing"" : null, ""hk_master"" : ""HOOKAH"", ""hk_redirect_percentage"" : 0, ""partition_right"" : ""BTIP"", ""state"" : ""OPENED""}"
10000881,10000881,"{""id"" : 10000881, ""vpn_code"" : ""10000881"", ""name"" : ""FSO"", ""vpn_id_sip"" : ""10000881"", ""customer_reference"" : ""CD04BQWV88"", ""forced_onnet"" : true, ""private_prefix_length"" : 2, ""offnet_via_bcr_allowed"" : true, ""it_key"" : ""CD04BQWV88"", ""customer_index_for_billing"" : null, ""hk_master"" : ""HOOKAH"", ""hk_redirect_percentage"" : 0, ""partition_right"" : ""BTIP"", ""state"" : ""OPENED""}"
10000882,10000882,"{""id"" : 10000882, ""vpn_code"" : ""10000882"", ""name"" : ""CSCCAEN"", ""vpn_id_sip"" : ""10000882"", ""customer_reference"" : ""CD044KCTD3"", ""forced_onnet"" : false, ""private_prefix_length"" : 2, ""offnet_via_bcr_allowed"" : true, ""it_key"" : ""CD044KCTD3"", ""customer_index_for_billing"" : null, ""hk_master"" : ""HOOKAH"", ""hk_redirect_percentage"" : 0, ""partition_right"" : ""BTIP"", ""state"" : ""OPENED""}"
10000600,10000600,"{""id"" : 10000600, ""vpn_code"" : ""10000600"", ""name"" : ""THOMAS"", ""vpn_id_sip"" : ""10000600"", ""customer_reference"" : ""CD03NDL3FF"", ""forced_onnet"" : true, ""private_prefix_length"" : 2, ""offnet_via_bcr_allowed"" : true, ""it_key"" : ""CD03NDL3FF"", ""customer_index_for_billing"" : null, ""hk_master"" : ""HOOKAH"", ""hk_redirect_percentage"" : 0, ""partition_right"" : ""BTIP"", ""state"" : ""OPENED""}"
4589,4589,"{""id"" : 4589, ""vpn_code"" : ""4589"", ""name"" : ""LVMH"", ""vpn_id_sip"" : ""4589"", ""customer_reference"" : ""670909"", ""forced_onnet"" : true, ""private_prefix_length"" : 3, ""offnet_via_bcr_allowed"" : true, ""it_key"" : ""zzz4589"", ""customer_index_for_billing"" : ""4589"", ""hk_master"" : ""HOOKAH"", ""hk_redirect_percentage"" : 0, ""partition_right"" : ""BT"", ""state"" : ""OPENED""}"
3854,3854,"{""id"" : 3854, ""vpn_code"" : ""3854"", ""name"" : ""TEMENOS"", ""vpn_id_sip"" : ""3854"", ""customer_reference"" : ""31995"", ""forced_onnet"" : true, ""private_prefix_length"" : 3, ""offnet_via_bcr_allowed"" : true, ""it_key"" : ""zzz3854"", ""customer_index_for_billing"" : ""3854"", ""hk_master"" : ""HOOKAH"", ""hk_redirect_percentage"" : 0, ""partition_right"" : ""BT"", ""state"" : ""OPENED""}"
4600,4600,"{""id"" : 4600, ""vpn_code"" : ""4600"", ""name"" : ""GLENCORE INT AG"", ""vpn_id_sip"" : ""4600"", ""customer_reference"" : ""27334"", ""forced_onnet"" : true, ""private_prefix_length"" : 3, ""offnet_via_bcr_allowed"" : true, ""it_key"" : ""zzz4600"", ""customer_index_for_billing"" : ""4600"", ""hk_master"" : ""HOOKAH"", ""hk_redirect_percentage"" : 0, ""partition_right"" : ""BT"", ""state"" : ""OPENED""}"
10000605,10000605,"{""id"" : 10000605, ""vpn_code"" : ""10000605"", ""name"" : ""H3M"", ""vpn_id_sip"" : ""10000605"", ""customer_reference"" : ""CD03FRCBFA"", ""forced_onnet"" : false, ""private_prefix_length"" : 4, ""offnet_via_bcr_allowed"" : true, ""it_key"" : ""CD03FRCBFA"", ""customer_index_for_billing"" : null, ""hk_master"" : ""HOOKAH"", ""hk_redirect_percentage"" : 0, ""partition_right"" : ""BTIP"", ""state"" : ""OPENED""}"
10000607,10000607,"{""id"" : 10000607, ""vpn_code"" : ""10000607"", ""name"" : ""ERDE"", ""vpn_id_sip"" : ""10000607"", ""customer_reference"" : ""CD03KS7789"", ""forced_onnet"" : false, ""private_prefix_length"" : 2, ""offnet_via_bcr_allowed"" : true, ""it_key"" : ""CD03KS7789"", ""customer_index_for_billing"" : null, ""hk_master"" : ""HOOKAH"", ""hk_redirect_percentage"" : 0, ""partition_right"" : ""BTIP"", ""state"" : ""OPENED""}"
4136,4136,"{""id"" : 4136, ""vpn_code"" : ""4136"", ""name"" : ""QUINCAILLERIE PORTALET"", ""vpn_id_sip"" : ""4136"", ""customer_reference"" : ""675709"", ""forced_onnet"" : true, ""private_prefix_length"" : 2, ""offnet_via_bcr_allowed"" : true, ""it_key"" : ""CD00NMW3F5"", ""customer_index_for_billing"" : null, ""hk_master"" : ""HOOKAH"", ""hk_redirect_percentage"" : 0, ""partition_right"" : ""BT"", ""state"" : ""OPENED""}"
10000611,10000611,"{""id"" : 10000611, ""vpn_code"" : ""10000611"", ""name"" : ""LABB"", ""vpn_id_sip"" : ""10000611"", ""customer_reference"" : ""CD03LPSUE2"", ""forced_onnet"" : false, ""private_prefix_length"" : 2, ""offnet_via_bcr_allowed"" : true, ""it_key"" : ""CD03LPSUE2"", ""customer_index_for_billing"" : null, ""hk_master"" : ""HOOKAH"", ""hk_redirect_percentage"" : 0, ""partition_right"" : ""BTIP"", ""state"" : ""OPENED""}"
3823,3823,"{""id"" : 3823, ""vpn_code"" : ""3823"", ""name"" : ""DYNEA AUSTRIA"", ""vpn_id_sip"" : ""3823"", ""customer_reference"" : ""45023"", ""forced_onnet"" : true, ""private_prefix_length"" : 3, ""offnet_via_bcr_allowed"" : true, ""it_key"" : ""zzz3823"", ""customer_index_for_billing"" : ""3823"", ""hk_master"" : ""HOOKAH"", ""hk_redirect_percentage"" : 0, ""partition_right"" : ""BT"", ""state"" : ""OPENED""}"
3113,3113,"{""id"" : 3113, ""vpn_code"" : ""3113"", ""name"" : ""PPG Industries"", ""vpn_id_sip"" : ""3113"", ""customer_reference"" : ""10611"", ""forced_onnet"" : true, ""private_prefix_length"" : 3, ""offnet_via_bcr_allowed"" : true, ""it_key"" : ""zzz3113"", ""customer_index_for_billing"" : null, ""hk_master"" : ""HOOKAH"", ""hk_redirect_percentage"" : 0, ""partition_right"" : ""BT"", ""state"" : ""OPENED""}"
4609,4609,"{""id"" : 4609, ""vpn_code"" : ""4609"", ""name"" : ""COLEP CCL UK LT"", ""vpn_id_sip"" : ""4609"", ""customer_reference"" : ""661363"", ""forced_onnet"" : true, ""private_prefix_length"" : 3, ""offnet_via_bcr_allowed"" : true, ""it_key"" : ""zzz4609"", ""customer_index_for_billing"" : ""4609"", ""hk_master"" : ""HOOKAH"", ""hk_redirect_percentage"" : 0, ""partition_right"" : ""BT"", ""state"" : ""OPENED""}"
4608,4608,"{""id"" : 4608, ""vpn_code"" : ""4608"", ""name"" : ""PASPORTE UK LTD"", ""vpn_id_sip"" : ""4608"", ""customer_reference"" : ""18076"", ""forced_onnet"" : true, ""private_prefix_length"" : 3, ""offnet_via_bcr_allowed"" : true, ""it_key"" : ""zzz4608"", ""customer_index_for_billing"" : ""4608"", ""hk_master"" : ""HOOKAH"", ""hk_redirect_percentage"" : 0, ""partition_right"" : ""BT"", ""state"" : ""OPENED""}"
4613,4613,"{""id"" : 4613, ""vpn_code"" : ""4613"", ""name"" : ""ALITALIA"", ""vpn_id_sip"" : ""4613"", ""customer_reference"" : ""670383"", ""forced_onnet"" : true, ""private_prefix_length"" : 3, ""offnet_via_bcr_allowed"" : true, ""it_key"" : ""zzz4613"", ""customer_index_for_billing"" : ""4613"", ""hk_master"" : ""HOOKAH"", ""hk_redirect_percentage"" : 0, ""partition_right"" : ""BT"", ""state"" : ""OPENED""}"
3376,3376,"{""id"" : 3376, ""vpn_code"" : ""3376"", ""name"" : ""CHAUSSON TRIALIS (Transpac)"", ""vpn_id_sip"" : ""3376"", ""customer_reference"" : ""53685"", ""forced_onnet"" : true, ""private_prefix_length"" : 3, ""offnet_via_bcr_allowed"" : true, ""it_key"" : ""CD00KU0UC3"", ""customer_index_for_billing"" : null, ""hk_master"" : ""HOOKAH"", ""hk_redirect_percentage"" : 0, ""partition_right"" : ""BT"", ""state"" : ""OPENED""}"
10000628,10000628,"{""id"" : 10000628, ""vpn_code"" : ""10000628"", ""name"" : ""LOCAFRAIS"", ""vpn_id_sip"" : ""10000628"", ""customer_reference"" : ""CD03QDQ3FC"", ""forced_onnet"" : false, ""private_prefix_length"" : 2, ""offnet_via_bcr_allowed"" : true, ""it_key"" : ""CD03QDQ3FC"", ""customer_index_for_billing"" : null, ""hk_master"" : ""HOOKAH"", ""hk_redirect_percentage"" : 0, ""partition_right"" : ""BTIP"", ""state"" : ""OPENED""}"
4548,4548,"{""id"" : 4548, ""vpn_code"" : ""4548"", ""name"" : ""Zuji Travel Pty Ltd"", ""vpn_id_sip"" : ""4816"", ""customer_reference"" : ""660570"", ""forced_onnet"" : true, ""private_prefix_length"" : 3, ""offnet_via_bcr_allowed"" : true, ""it_key"" : ""zzz4548"", ""customer_index_for_billing"" : null, ""hk_master"" : ""HOOKAH"", ""hk_redirect_percentage"" : 0, ""partition_right"" : ""BT"", ""state"" : ""CLOSED""}"
10000610,10000610,"{""id"" : 10000610, ""vpn_code"" : ""10000610"", ""name"" : ""PRIMA"", ""vpn_id_sip"" : ""10000610"", ""customer_reference"" : ""CD03FWKLEA"", ""forced_onnet"" : true, ""private_prefix_length"" : 1, ""offnet_via_bcr_allowed"" : true, ""it_key"" : ""CD03FWKLEA"", ""customer_index_for_billing"" : null, ""hk_master"" : ""HOOKAH"", ""hk_redirect_percentage"" : 0, ""partition_right"" : ""BTIP"", ""state"" : ""OPENED""}"
10000646,10000646,"{""id"" : 10000646, ""vpn_code"" : ""10000646"", ""name"" : ""THCHAMPSELYSEES"", ""vpn_id_sip"" : ""10000646"", ""customer_reference"" : ""CD03S5V2D8"", ""forced_onnet"" : false, ""private_prefix_length"" : 2, ""offnet_via_bcr_allowed"" : true, ""it_key"" : ""CD03S5V2D8"", ""customer_index_for_billing"" : null, ""hk_master"" : ""HOOKAH"", ""hk_redirect_percentage"" : 0, ""partition_right"" : ""BTIP"", ""state"" : ""OPENED""}"
3778,3778,"{""id"" : 3778, ""vpn_code"" : ""3778"", ""name"" : ""EURODOUGH"", ""vpn_id_sip"" : ""3778"", ""customer_reference"" : ""52910"", ""forced_onnet"" : false, ""private_prefix_length"" : 2, ""offnet_via_bcr_allowed"" : true, ""it_key"" : ""CD00FKR2E3"", ""customer_index_for_billing"" : null, ""hk_master"" : ""HOOKAH"", ""hk_redirect_percentage"" : 0, ""partition_right"" : ""BT"", ""state"" : ""OPENED""}"
3870,3870,"{""id"" : 3870, ""vpn_code"" : ""3870"", ""name"" : ""Alabeurthe"", ""vpn_id_sip"" : ""3870"", ""customer_reference"" : ""674774"", ""forced_onnet"" : true, ""private_prefix_length"" : 2, ""offnet_via_bcr_allowed"" : true, ""it_key"" : ""CD00FGNAB8"", ""customer_index_for_billing"" : null, ""hk_master"" : ""HOOKAH"", ""hk_redirect_percentage"" : 0, ""partition_right"" : ""BT"", ""state"" : ""OPENED""}"
10000648,10000648,"{""id"" : 10000648, ""vpn_code"" : ""10000648"", ""name"" : ""CLAVIERE"", ""vpn_id_sip"" : ""10000648"", ""customer_reference"" : ""CD03T0AYAE"", ""forced_onnet"" : false, ""private_prefix_length"" : 2, ""offnet_via_bcr_allowed"" : true, ""it_key"" : ""CD03T0AYAE"", ""customer_index_for_billing"" : null, ""hk_master"" : ""HOOKAH"", ""hk_redirect_percentage"" : 0, ""partition_right"" : ""BTIP"", ""state"" : ""OPENED""}"
10000594,10000594,"{""id"" : 10000594, ""vpn_code"" : ""10000594"", ""name"" : ""SPINFORMATIQUE"", ""vpn_id_sip"" : ""10000594"", ""customer_reference"" : ""CD03LVDVF5"", ""forced_onnet"" : false, ""private_prefix_length"" : 2, ""offnet_via_bcr_allowed"" : true, ""it_key"" : ""CD03LVDVF5"", ""customer_index_for_billing"" : null, ""hk_master"" : ""HOOKAH"", ""hk_redirect_percentage"" : 0, ""partition_right"" : ""BTIP"", ""state"" : ""OPENED""}"
3601,3601,"{""id"" : 3601, ""vpn_code"" : ""3601"", ""name"" : ""PHT"", ""vpn_id_sip"" : ""3601"", ""customer_reference"" : ""30087"", ""forced_onnet"" : false, ""private_prefix_length"" : 3, ""offnet_via_bcr_allowed"" : true, ""it_key"" : ""zzz3601"", ""customer_index_for_billing"" : null, ""hk_master"" : ""HOOKAH"", ""hk_redirect_percentage"" : 0, ""partition_right"" : ""BT"", ""state"" : ""OPENED""}"
10000656,10000656,"{""id"" : 10000656, ""vpn_code"" : ""10000656"", ""name"" : ""PNEUMARIOTTE"", ""vpn_id_sip"" : ""10000656"", ""customer_reference"" : ""CD03TCT2EC"", ""forced_onnet"" : false, ""private_prefix_length"" : 2, ""offnet_via_bcr_allowed"" : true, ""it_key"" : ""CD03TCT2EC"", ""customer_index_for_billing"" : null, ""hk_master"" : ""HOOKAH"", ""hk_redirect_percentage"" : 0, ""partition_right"" : ""BTIP"", ""state"" : ""OPENED""}"
3902,3902,"{""id"" : 3902, ""vpn_code"" : ""3902"", ""name"" : ""Champagne Cereales (Transpac)"", ""vpn_id_sip"" : ""3902"", ""customer_reference"" : ""43604"", ""forced_onnet"" : true, ""private_prefix_length"" : 4, ""offnet_via_bcr_allowed"" : true, ""it_key"" : ""CD00FPUFCD"", ""customer_index_for_billing"" : null, ""hk_master"" : ""HOOKAH"", ""hk_redirect_percentage"" : 0, ""partition_right"" : ""BT"", ""state"" : ""OPENED""}"
10000622,10000622,"{""id"" : 10000622, ""vpn_code"" : ""10000622"", ""name"" : ""LEVACON"", ""vpn_id_sip"" : ""10000622"", ""customer_reference"" : ""CD03QJ5PB8"", ""forced_onnet"" : false, ""private_prefix_length"" : 3, ""offnet_via_bcr_allowed"" : true, ""it_key"" : ""CD03QJ5PB8"", ""customer_index_for_billing"" : null, ""hk_master"" : ""HOOKAH"", ""hk_redirect_percentage"" : 0, ""partition_right"" : ""BTIP"", ""state"" : ""OPENED""}"
5176,5176,"{""id"" : 5176, ""vpn_code"" : ""5176"", ""name"" : ""UDAF LOIRE (Transpac)"", ""vpn_id_sip"" : ""5176"", ""customer_reference"" : ""677070"", ""forced_onnet"" : true, ""private_prefix_length"" : 1, ""offnet_via_bcr_allowed"" : true, ""it_key"" : ""CD010U4LC8"", ""customer_index_for_billing"" : null, ""hk_master"" : ""HOOKAH"", ""hk_redirect_percentage"" : 0, ""partition_right"" : ""BT"", ""state"" : ""OPENED""}"
10000551,10000551,"{""id"" : 10000551, ""vpn_code"" : ""10000551"", ""name"" : ""FINANCIERE LENOIR"", ""vpn_id_sip"" : ""10000551"", ""customer_reference"" : ""CD03GVPMED"", ""forced_onnet"" : true, ""private_prefix_length"" : 2, ""offnet_via_bcr_allowed"" : true, ""it_key"" : ""CD03GVPMED"", ""customer_index_for_billing"" : null, ""hk_master"" : ""HOOKAH"", ""hk_redirect_percentage"" : 0, ""partition_right"" : ""BTIP"", ""state"" : ""OPENED""}"
4212,4212,"{""id"" : 4212, ""vpn_code"" : ""4212"", ""name"" : ""KENT DEVELOPPEMENT"", ""vpn_id_sip"" : ""4212"", ""customer_reference"" : ""670994"", ""forced_onnet"" : true, ""private_prefix_length"" : 3, ""offnet_via_bcr_allowed"" : true, ""it_key"" : ""CD00P0ST9C"", ""customer_index_for_billing"" : null, ""hk_master"" : ""HOOKAH"", ""hk_redirect_percentage"" : 0, ""partition_right"" : ""BT"", ""state"" : ""OPENED""}"
10000677,10000677,"{""id"" : 10000677, ""vpn_code"" : ""10000677"", ""name"" : ""MERIM SERVICES"", ""vpn_id_sip"" : ""10000677"", ""customer_reference"" : ""CD03PZQFCE"", ""forced_onnet"" : false, ""private_prefix_length"" : 2, ""offnet_via_bcr_allowed"" : true, ""it_key"" : ""CD03PZQFCE"", ""customer_index_for_billing"" : null, ""hk_master"" : ""HOOKAH"", ""hk_redirect_percentage"" : 0, ""partition_right"" : ""BTIP"", ""state"" : ""OPENED""}"
5219,5219,"{""id"" : 5219, ""vpn_code"" : ""5219"", ""name"" : ""LABORATOIRE DU CENTRE (Transpac)"", ""vpn_id_sip"" : ""5219"", ""customer_reference"" : ""677195"", ""forced_onnet"" : true, ""private_prefix_length"" : 2, ""offnet_via_bcr_allowed"" : true, ""it_key"" : ""CD011JRG81"", ""customer_index_for_billing"" : null, ""hk_master"" : ""HOOKAH"", ""hk_redirect_percentage"" : 0, ""partition_right"" : ""BT"", ""state"" : ""OPENED""}"
10000654,10000654,"{""id"" : 10000654, ""vpn_code"" : ""10000654"", ""name"" : ""MOBILTRON"", ""vpn_id_sip"" : ""10000654"", ""customer_reference"" : ""CD03SRRAFA"", ""forced_onnet"" : false, ""private_prefix_length"" : 1, ""offnet_via_bcr_allowed"" : true, ""it_key"" : ""CD03SRRAFA"", ""customer_index_for_billing"" : null, ""hk_master"" : ""HOOKAH"", ""hk_redirect_percentage"" : 0, ""partition_right"" : ""BTIP"", ""state"" : ""OPENED""}"
4822,4822,"{""id"" : 4822, ""vpn_code"" : ""4822"", ""name"" : ""NTT Europe LTD - NTTC"", ""vpn_id_sip"" : ""4822"", ""customer_reference"" : ""681544"", ""forced_onnet"" : true, ""private_prefix_length"" : 3, ""offnet_via_bcr_allowed"" : true, ""it_key"" : ""zzz4822"", ""customer_index_for_billing"" : null, ""hk_master"" : ""HOOKAH"", ""hk_redirect_percentage"" : 0, ""partition_right"" : ""BT"", ""state"" : ""OPENED""}"
5132,5132,"{""id"" : 5132, ""vpn_code"" : ""5132"", ""name"" : ""AXENS (Transpac)"", ""vpn_id_sip"" : ""5132"", ""customer_reference"" : ""676900"", ""forced_onnet"" : true, ""private_prefix_length"" : 2, ""offnet_via_bcr_allowed"" : true, ""it_key"" : ""CD00Z3QQ93"", ""customer_index_for_billing"" : null, ""hk_master"" : ""HOOKAH"", ""hk_redirect_percentage"" : 0, ""partition_right"" : ""BT"", ""state"" : ""OPENED""}"
4036,4036,"{""id"" : 4036, ""vpn_code"" : ""4036"", ""name"" : ""START"", ""vpn_id_sip"" : ""4036"", ""customer_reference"" : ""674428"", ""forced_onnet"" : true, ""private_prefix_length"" : 2, ""offnet_via_bcr_allowed"" : true, ""it_key"" : ""CD00KTK5A6"", ""customer_index_for_billing"" : null, ""hk_master"" : ""HOOKAH"", ""hk_redirect_percentage"" : 0, ""partition_right"" : ""BT"", ""state"" : ""OPENED""}"
10000707,10000707,"{""id"" : 10000707, ""vpn_code"" : ""10000707"", ""name"" : ""CCI_IDF"", ""vpn_id_sip"" : ""10000707"", ""customer_reference"" : ""CD03TRHGFF"", ""forced_onnet"" : true, ""private_prefix_length"" : 2, ""offnet_via_bcr_allowed"" : true, ""it_key"" : ""CD03TRHGFF"", ""customer_index_for_billing"" : null, ""hk_master"" : ""HOOKAH"", ""hk_redirect_percentage"" : 0, ""partition_right"" : ""BTIP"", ""state"" : ""CLOSED""}"
10000672,10000672,"{""id"" : 10000672, ""vpn_code"" : ""10000672"", ""name"" : ""CER35"", ""vpn_id_sip"" : ""10000672"", ""customer_reference"" : ""CD03UFVB81"", ""forced_onnet"" : false, ""private_prefix_length"" : 2, ""offnet_via_bcr_allowed"" : true, ""it_key"" : ""CD03UFVB81"", ""customer_index_for_billing"" : null, ""hk_master"" : ""HOOKAH"", ""hk_redirect_percentage"" : 0, ""partition_right"" : ""BTIP"", ""state"" : ""OPENED""}"
3190,3190,"{""id"" : 3190, ""vpn_code"" : ""3190"", ""name"" : ""Embraer SAO"", ""vpn_id_sip"" : ""3190"", ""customer_reference"" : ""7720"", ""forced_onnet"" : false, ""private_prefix_length"" : 3, ""offnet_via_bcr_allowed"" : false, ""it_key"" : ""zzz3190"", ""customer_index_for_billing"" : ""3190"", ""hk_master"" : ""HOOKAH"", ""hk_redirect_percentage"" : 0, ""partition_right"" : ""BT"", ""state"" : ""OPENED""}"
10000714,10000714,"{""id"" : 10000714, ""vpn_code"" : ""10000714"", ""name"" : ""CHEDDITE"", ""vpn_id_sip"" : ""10000714"", ""customer_reference"" : ""CD03VU9KE1"", ""forced_onnet"" : false, ""private_prefix_length"" : 2, ""offnet_via_bcr_allowed"" : true, ""it_key"" : ""CD03VU9KE1"", ""customer_index_for_billing"" : null, ""hk_master"" : ""HOOKAH"", ""hk_redirect_percentage"" : 0, ""partition_right"" : ""BTIP"", ""state"" : ""OPENED""}"
10000727,10000727,"{""id"" : 10000727, ""vpn_code"" : ""10000727"", ""name"" : ""MUT17"", ""vpn_id_sip"" : ""10000727"", ""customer_reference"" : ""CD03V3HKB5"", ""forced_onnet"" : true, ""private_prefix_length"" : 2, ""offnet_via_bcr_allowed"" : true, ""it_key"" : ""CD03V3HKB5"", ""customer_index_for_billing"" : null, ""hk_master"" : ""HOOKAH"", ""hk_redirect_percentage"" : 0, ""partition_right"" : ""BTIP"", ""state"" : ""OPENED""}"
10000746,10000746,"{""id"" : 10000746, ""vpn_code"" : ""10000746"", ""name"" : ""AISMTBEZ"", ""vpn_id_sip"" : ""10000746"", ""customer_reference"" : ""CD03UWATF1"", ""forced_onnet"" : true, ""private_prefix_length"" : 2, ""offnet_via_bcr_allowed"" : true, ""it_key"" : ""CD03UWATF1"", ""customer_index_for_billing"" : null, ""hk_master"" : ""HOOKAH"", ""hk_redirect_percentage"" : 0, ""partition_right"" : ""BTIP"", ""state"" : ""OPENED""}"
10000744,10000744,"{""id"" : 10000744, ""vpn_code"" : ""10000744"", ""name"" : ""CFAB"", ""vpn_id_sip"" : ""10000744"", ""customer_reference"" : ""CD03RPKHFF"", ""forced_onnet"" : false, ""private_prefix_length"" : 2, ""offnet_via_bcr_allowed"" : true, ""it_key"" : ""CD03RPKHFF"", ""customer_index_for_billing"" : null, ""hk_master"" : ""HOOKAH"", ""hk_redirect_percentage"" : 0, ""partition_right"" : ""BTIP"", ""state"" : ""OPENED""}"
10000740,10000740,"{""id"" : 10000740, ""vpn_code"" : ""10000740"", ""name"" : ""TREFLEVERT"", ""vpn_id_sip"" : ""10000740"", ""customer_reference"" : ""CD03YJEXB3"", ""forced_onnet"" : false, ""private_prefix_length"" : 2, ""offnet_via_bcr_allowed"" : true, ""it_key"" : ""CD03YJEXB3"", ""customer_index_for_billing"" : null, ""hk_master"" : ""HOOKAH"", ""hk_redirect_percentage"" : 0, ""partition_right"" : ""BTIP"", ""state"" : ""OPENED""}"
4560,4560,"{""id"" : 4560, ""vpn_code"" : ""4560"", ""name"" : ""ASHLAND INDUSTRIES FRANCE"", ""vpn_id_sip"" : ""4560"", ""customer_reference"" : ""680546"", ""forced_onnet"" : true, ""private_prefix_length"" : 3, ""offnet_via_bcr_allowed"" : true, ""it_key"" : ""zzz4560"", ""customer_index_for_billing"" : null, ""hk_master"" : ""HOOKAH"", ""hk_redirect_percentage"" : 0, ""partition_right"" : ""BT"", ""state"" : ""OPENED""}"
5211,5211,"{""id"" : 5211, ""vpn_code"" : ""5211"", ""name"" : ""SOGEMA (Transpac)"", ""vpn_id_sip"" : ""5211"", ""customer_reference"" : ""677170"", ""forced_onnet"" : true, ""private_prefix_length"" : 1, ""offnet_via_bcr_allowed"" : true, ""it_key"" : ""CD011ELAA5"", ""customer_index_for_billing"" : null, ""hk_master"" : ""HOOKAH"", ""hk_redirect_percentage"" : 0, ""partition_right"" : ""BT"", ""state"" : ""OPENED""}"
10000724,10000724,"{""id"" : 10000724, ""vpn_code"" : ""10000724"", ""name"" : ""IFB"", ""vpn_id_sip"" : ""10000724"", ""customer_reference"" : ""CD03UNDSA3"", ""forced_onnet"" : false, ""private_prefix_length"" : 2, ""offnet_via_bcr_allowed"" : true, ""it_key"" : ""CD03UNDSA3"", ""customer_index_for_billing"" : null, ""hk_master"" : ""HOOKAH"", ""hk_redirect_percentage"" : 0, ""partition_right"" : ""BTIP"", ""state"" : ""OPENED""}"
4145,4145,"{""id"" : 4145, ""vpn_code"" : ""4145"", ""name"" : ""Groupe Mazeau (Transpac)"", ""vpn_id_sip"" : ""4145"", ""customer_reference"" : ""675745"", ""forced_onnet"" : true, ""private_prefix_length"" : 2, ""offnet_via_bcr_allowed"" : true, ""it_key"" : ""CD00NF82CD"", ""customer_index_for_billing"" : null, ""hk_master"" : ""HOOKAH"", ""hk_redirect_percentage"" : 0, ""partition_right"" : ""BT"", ""state"" : ""OPENED""}"
5078,5078,"{""id"" : 5078, ""vpn_code"" : ""5078"", ""name"" : ""Les constructeurs reunis (Transpac)"", ""vpn_id_sip"" : ""5078"", ""customer_reference"" : ""676693"", ""forced_onnet"" : true, ""private_prefix_length"" : 2, ""offnet_via_bcr_allowed"" : true, ""it_key"" : ""CD00W832CA"", ""customer_index_for_billing"" : null, ""hk_master"" : ""HOOKAH"", ""hk_redirect_percentage"" : 0, ""partition_right"" : ""BT"", ""state"" : ""OPENED""}"
4619,4619,"{""id"" : 4619, ""vpn_code"" : ""4619"", ""name"" : ""GEMALTO"", ""vpn_id_sip"" : ""4619"", ""customer_reference"" : ""680881"", ""forced_onnet"" : true, ""private_prefix_length"" : 3, ""offnet_via_bcr_allowed"" : true, ""it_key"" : ""zzz4619"", ""customer_index_for_billing"" : null, ""hk_master"" : ""HOOKAH"", ""hk_redirect_percentage"" : 0, ""partition_right"" : ""BT"", ""state"" : ""OPENED""}"
4643,4643,"{""id"" : 4643, ""vpn_code"" : ""4643"", ""name"" : ""INFOSYS BPO ltd"", ""vpn_id_sip"" : ""4643"", ""customer_reference"" : ""681110"", ""forced_onnet"" : true, ""private_prefix_length"" : 3, ""offnet_via_bcr_allowed"" : true, ""it_key"" : ""zzz4643"", ""customer_index_for_billing"" : ""4643"", ""hk_master"" : ""HOOKAH"", ""hk_redirect_percentage"" : 0, ""partition_right"" : ""BT"", ""state"" : ""OPENED""}"
4556,4556,"{""id"" : 4556, ""vpn_code"" : ""4556"", ""name"" : ""Camaieu International"", ""vpn_id_sip"" : ""4556"", ""customer_reference"" : ""679910"", ""forced_onnet"" : true, ""private_prefix_length"" : 3, ""offnet_via_bcr_allowed"" : true, ""it_key"" : ""zzz4556"", ""customer_index_for_billing"" : ""4556"", ""hk_master"" : ""HOOKAH"", ""hk_redirect_percentage"" : 0, ""partition_right"" : ""BT"", ""state"" : ""OPENED""}"
4620,4620,"{""id"" : 4620, ""vpn_code"" : ""4620"", ""name"" : ""Google"", ""vpn_id_sip"" : ""4620"", ""customer_reference"" : ""672826"", ""forced_onnet"" : true, ""private_prefix_length"" : 3, ""offnet_via_bcr_allowed"" : true, ""it_key"" : ""zzz4620"", ""customer_index_for_billing"" : null, ""hk_master"" : ""HOOKAH"", ""hk_redirect_percentage"" : 0, ""partition_right"" : ""BT"", ""state"" : ""OPENED""}"
10000737,10000737,"{""id"" : 10000737, ""vpn_code"" : ""10000737"", ""name"" : ""CONNEXING90349111"", ""vpn_id_sip"" : ""10000737"", ""customer_reference"" : ""CD03YPYBF6"", ""forced_onnet"" : false, ""private_prefix_length"" : 1, ""offnet_via_bcr_allowed"" : true, ""it_key"" : ""CD03YPYBF6"", ""customer_index_for_billing"" : null, ""hk_master"" : ""HOOKAH"", ""hk_redirect_percentage"" : 0, ""partition_right"" : ""BTIP"", ""state"" : ""OPENED""}"
10000392,10000392,"{""id"" : 10000392, ""vpn_code"" : ""10000392"", ""name"" : ""SECIC"", ""vpn_id_sip"" : ""10000392"", ""customer_reference"" : ""CD032YBBC6"", ""forced_onnet"" : true, ""private_prefix_length"" : 2, ""offnet_via_bcr_allowed"" : true, ""it_key"" : ""CD032YBBC6"", ""customer_index_for_billing"" : null, ""hk_master"" : ""HOOKAH"", ""hk_redirect_percentage"" : 0, ""partition_right"" : ""BTIP"", ""state"" : ""OPENED""}"
10000639,10000639,"{""id"" : 10000639, ""vpn_code"" : ""10000639"", ""name"" : ""VPN ESCAT"", ""vpn_id_sip"" : ""10000639"", ""customer_reference"" : ""CD03XGPF83"", ""forced_onnet"" : false, ""private_prefix_length"" : 1, ""offnet_via_bcr_allowed"" : true, ""it_key"" : ""CD03XGPF83"", ""customer_index_for_billing"" : null, ""hk_master"" : ""HOOKAH"", ""hk_redirect_percentage"" : 0, ""partition_right"" : ""BTIP"", ""state"" : ""OPENED""}"
10000757,10000757,"{""id"" : 10000757, ""vpn_code"" : ""10000757"", ""name"" : ""IMP"", ""vpn_id_sip"" : ""10000757"", ""customer_reference"" : ""CD03YF61F2"", ""forced_onnet"" : false, ""private_prefix_length"" : 2, ""offnet_via_bcr_allowed"" : true, ""it_key"" : ""CD03YF61F2"", ""customer_index_for_billing"" : null, ""hk_master"" : ""HOOKAH"", ""hk_redirect_percentage"" : 0, ""partition_right"" : ""BTIP"", ""state"" : ""OPENED""}"
4134,4134,"{""id"" : 4134, ""vpn_code"" : ""4134"", ""name"" : ""VIAMEDIS (Transpac)"", ""vpn_id_sip"" : ""4134"", ""customer_reference"" : ""675707"", ""forced_onnet"" : true, ""private_prefix_length"" : 2, ""offnet_via_bcr_allowed"" : true, ""it_key"" : ""CD00MW14AD"", ""customer_index_for_billing"" : null, ""hk_master"" : ""HOOKAH"", ""hk_redirect_percentage"" : 0, ""partition_right"" : ""BT"", ""state"" : ""OPENED""}"
4617,4617,"{""id"" : 4617, ""vpn_code"" : ""4617"", ""name"" : ""NETWORK_WEBHELP"", ""vpn_id_sip"" : ""4617"", ""customer_reference"" : ""678799"", ""forced_onnet"" : false, ""private_prefix_length"" : 3, ""offnet_via_bcr_allowed"" : true, ""it_key"" : ""zzz4617"", ""customer_index_for_billing"" : ""4617"", ""hk_master"" : ""HOOKAH"", ""hk_redirect_percentage"" : 0, ""partition_right"" : ""BT"", ""state"" : ""OPENED""}"
10000754,10000754,"{""id"" : 10000754, ""vpn_code"" : ""10000754"", ""name"" : ""GEESINK_NORBA"", ""vpn_id_sip"" : ""10000754"", ""customer_reference"" : ""CD03YK6ZB4"", ""forced_onnet"" : false, ""private_prefix_length"" : 2, ""offnet_via_bcr_allowed"" : true, ""it_key"" : ""CD03YK6ZB4"", ""customer_index_for_billing"" : null, ""hk_master"" : ""HOOKAH"", ""hk_redirect_percentage"" : 0, ""partition_right"" : ""BTIP"", ""state"" : ""OPENED""}"
4621,4621,"{""id"" : 4621, ""vpn_code"" : ""4621"", ""name"" : ""Separate division of LLC NetKreker"", ""vpn_id_sip"" : ""4621"", ""customer_reference"" : ""680778"", ""forced_onnet"" : false, ""private_prefix_length"" : 3, ""offnet_via_bcr_allowed"" : true, ""it_key"" : ""zzz4621"", ""customer_index_for_billing"" : ""4621"", ""hk_master"" : ""HOOKAH"", ""hk_redirect_percentage"" : 0, ""partition_right"" : ""BT"", ""state"" : ""OPENED""}"
4824,4824,"{""id"" : 4824, ""vpn_code"" : ""4824"", ""name"" : ""MSC SHIPMANAGEMENT LIMITED"", ""vpn_id_sip"" : ""4824"", ""customer_reference"" : ""680585"", ""forced_onnet"" : false, ""private_prefix_length"" : 4, ""offnet_via_bcr_allowed"" : true, ""it_key"" : ""zzz4824"", ""customer_index_for_billing"" : null, ""hk_master"" : ""HOOKAH"", ""hk_redirect_percentage"" : 0, ""partition_right"" : ""BT"", ""state"" : ""OPENED""}"
10000742,10000742,"{""id"" : 10000742, ""vpn_code"" : ""10000742"", ""name"" : ""MANCELLE-BVPN"", ""vpn_id_sip"" : ""10000742"", ""customer_reference"" : ""CD03VU9DEE"", ""forced_onnet"" : false, ""private_prefix_length"" : 2, ""offnet_via_bcr_allowed"" : true, ""it_key"" : ""CD03VU9DEE"", ""customer_index_for_billing"" : null, ""hk_master"" : ""HOOKAH"", ""hk_redirect_percentage"" : 0, ""partition_right"" : ""BTIP"", ""state"" : ""OPENED""}"
4625,4625,"{""id"" : 4625, ""vpn_code"" : ""4625"", ""name"" : ""Korean Airlines"", ""vpn_id_sip"" : ""4625"", ""customer_reference"" : ""675779"", ""forced_onnet"" : false, ""private_prefix_length"" : 3, ""offnet_via_bcr_allowed"" : true, ""it_key"" : ""zzz4625"", ""customer_index_for_billing"" : null, ""hk_master"" : ""HOOKAH"", ""hk_redirect_percentage"" : 0, ""partition_right"" : ""BT"", ""state"" : ""OPENED""}"
10000760,10000760,"{""id"" : 10000760, ""vpn_code"" : ""10000760"", ""name"" : ""DUBOURG"", ""vpn_id_sip"" : ""10000760"", ""customer_reference"" : ""CD0404XWD2"", ""forced_onnet"" : false, ""private_prefix_length"" : 2, ""offnet_via_bcr_allowed"" : true, ""it_key"" : ""CD0404XWD2"", ""customer_index_for_billing"" : null, ""hk_master"" : ""HOOKAH"", ""hk_redirect_percentage"" : 0, ""partition_right"" : ""BTIP"", ""state"" : ""OPENED""}"
3285,3285,"{""id"" : 3285, ""vpn_code"" : ""3285"", ""name"" : ""Universal Music Group (UMG)"", ""vpn_id_sip"" : ""3285"", ""customer_reference"" : ""671274"", ""forced_onnet"" : false, ""private_prefix_length"" : 3, ""offnet_via_bcr_allowed"" : true, ""it_key"" : ""zzz3285"", ""customer_index_for_billing"" : null, ""hk_master"" : ""HOOKAH"", ""hk_redirect_percentage"" : 0, ""partition_right"" : ""BT"", ""state"" : ""OPENED""}"
4630,4630,"{""id"" : 4630, ""vpn_code"" : ""4630"", ""name"" : ""Towers Watson"", ""vpn_id_sip"" : ""4630"", ""customer_reference"" : ""680923"", ""forced_onnet"" : true, ""private_prefix_length"" : 3, ""offnet_via_bcr_allowed"" : true, ""it_key"" : ""zzz4630"", ""customer_index_for_billing"" : ""4630"", ""hk_master"" : ""HOOKAH"", ""hk_redirect_percentage"" : 0, ""partition_right"" : ""BT"", ""state"" : ""OPENED""}"
10000806,10000806,"{""id"" : 10000806, ""vpn_code"" : ""10000806"", ""name"" : ""AQUINTANE"", ""vpn_id_sip"" : ""10000806"", ""customer_reference"" : ""CD040JY2B3"", ""forced_onnet"" : false, ""private_prefix_length"" : 2, ""offnet_via_bcr_allowed"" : true, ""it_key"" : ""CD040JY2B3"", ""customer_index_for_billing"" : null, ""hk_master"" : ""HOOKAH"", ""hk_redirect_percentage"" : 0, ""partition_right"" : ""BTIP"", ""state"" : ""OPENED""}"
4629,4629,"{""id"" : 4629, ""vpn_code"" : ""4629"", ""name"" : ""Kohler France"", ""vpn_id_sip"" : ""4629"", ""customer_reference"" : ""42104"", ""forced_onnet"" : true, ""private_prefix_length"" : 3, ""offnet_via_bcr_allowed"" : true, ""it_key"" : ""zzz4629"", ""customer_index_for_billing"" : null, ""hk_master"" : ""HOOKAH"", ""hk_redirect_percentage"" : 0, ""partition_right"" : ""BT"", ""state"" : ""OPENED""}"
4631,4631,"{""id"" : 4631, ""vpn_code"" : ""4631"", ""name"" : ""Wharf T&T Limited"", ""vpn_id_sip"" : ""4631"", ""customer_reference"" : ""680845"", ""forced_onnet"" : false, ""private_prefix_length"" : 3, ""offnet_via_bcr_allowed"" : true, ""it_key"" : ""zzz4631"", ""customer_index_for_billing"" : null, ""hk_master"" : ""HOOKAH"", ""hk_redirect_percentage"" : 0, ""partition_right"" : ""BT"", ""state"" : ""OPENED""}"
10000822,10000822,"{""id"" : 10000822, ""vpn_code"" : ""10000822"", ""name"" : ""M3"", ""vpn_id_sip"" : ""10000822"", ""customer_reference"" : ""CD044FA79D"", ""forced_onnet"" : false, ""private_prefix_length"" : 2, ""offnet_via_bcr_allowed"" : true, ""it_key"" : ""CD044FA79D"", ""customer_index_for_billing"" : null, ""hk_master"" : ""HOOKAH"", ""hk_redirect_percentage"" : 0, ""partition_right"" : ""BTIP"", ""state"" : ""OPENED""}"
10000808,10000808,"{""id"" : 10000808, ""vpn_code"" : ""10000808"", ""name"" : ""MAPED"", ""vpn_id_sip"" : ""10000808"", ""customer_reference"" : ""CD0463U2A6"", ""forced_onnet"" : false, ""private_prefix_length"" : 5, ""offnet_via_bcr_allowed"" : true, ""it_key"" : ""CD0463U2A6"", ""customer_index_for_billing"" : null, ""hk_master"" : ""HOOKAH"", ""hk_redirect_percentage"" : 0, ""partition_right"" : ""BTIP"", ""state"" : ""OPENED""}"
10000238,10000238,"{""id"" : 10000238, ""vpn_code"" : ""10000238"", ""name"" : ""LHOTELLIER SA"", ""vpn_id_sip"" : ""10000238"", ""customer_reference"" : ""CD02SS6891"", ""forced_onnet"" : false, ""private_prefix_length"" : 2, ""offnet_via_bcr_allowed"" : true, ""it_key"" : ""CD02SS6891"", ""customer_index_for_billing"" : null, ""hk_master"" : ""HOOKAH"", ""hk_redirect_percentage"" : 0, ""partition_right"" : ""BTIP"", ""state"" : ""OPENED""}"
4635,4635,"{""id"" : 4635, ""vpn_code"" : ""4635"", ""name"" : ""Hotel Leelaventure"", ""vpn_id_sip"" : ""4635"", ""customer_reference"" : ""680991"", ""forced_onnet"" : false, ""private_prefix_length"" : 3, ""offnet_via_bcr_allowed"" : true, ""it_key"" : ""zzz4635"", ""customer_index_for_billing"" : null, ""hk_master"" : ""HOOKAH"", ""hk_redirect_percentage"" : 0, ""partition_right"" : ""BT"", ""state"" : ""OPENED""}"
10000861,10000861,"{""id"" : 10000861, ""vpn_code"" : ""10000861"", ""name"" : ""SPIELMANN"", ""vpn_id_sip"" : ""10000861"", ""customer_reference"" : ""CD04A79NC4"", ""forced_onnet"" : false, ""private_prefix_length"" : 2, ""offnet_via_bcr_allowed"" : true, ""it_key"" : ""CD04A79NC4"", ""customer_index_for_billing"" : null, ""hk_master"" : ""HOOKAH"", ""hk_redirect_percentage"" : 0, ""partition_right"" : ""BTIP"", ""state"" : ""OPENED""}"
10000851,10000851,"{""id"" : 10000851, ""vpn_code"" : ""10000851"", ""name"" : ""SCMMALATIRE"", ""vpn_id_sip"" : ""10000851"", ""customer_reference"" : ""CD048S4H9F"", ""forced_onnet"" : false, ""private_prefix_length"" : 2, ""offnet_via_bcr_allowed"" : true, ""it_key"" : ""CD048S4H9F"", ""customer_index_for_billing"" : null, ""hk_master"" : ""HOOKAH"", ""hk_redirect_percentage"" : 0, ""partition_right"" : ""BTIP"", ""state"" : ""OPENED""}"
10000860,10000860,"{""id"" : 10000860, ""vpn_code"" : ""10000860"", ""name"" : ""CREUZY"", ""vpn_id_sip"" : ""10000860"", ""customer_reference"" : ""CD04A6ULC3"", ""forced_onnet"" : false, ""private_prefix_length"" : 2, ""offnet_via_bcr_allowed"" : true, ""it_key"" : ""CD04A6ULC3"", ""customer_index_for_billing"" : null, ""hk_master"" : ""HOOKAH"", ""hk_redirect_percentage"" : 0, ""partition_right"" : ""BTIP"", ""state"" : ""OPENED""}"
4079,4079,"{""id"" : 4079, ""vpn_code"" : ""4079"", ""name"" : ""Garage Jacques Ravon (Transpac)"", ""vpn_id_sip"" : ""4079"", ""customer_reference"" : ""661189"", ""forced_onnet"" : false, ""private_prefix_length"" : 2, ""offnet_via_bcr_allowed"" : true, ""it_key"" : ""CD00LB9HAF"", ""customer_index_for_billing"" : null, ""hk_master"" : ""HOOKAH"", ""hk_redirect_percentage"" : 0, ""partition_right"" : ""BT"", ""state"" : ""OPENED""}"
10000875,10000875,"{""id"" : 10000875, ""vpn_code"" : ""10000875"", ""name"" : ""CACCIAS"", ""vpn_id_sip"" : ""10000875"", ""customer_reference"" : ""CD048N5WCE"", ""forced_onnet"" : false, ""private_prefix_length"" : 2, ""offnet_via_bcr_allowed"" : true, ""it_key"" : ""CD048N5WCE"", ""customer_index_for_billing"" : null, ""hk_master"" : ""HOOKAH"", ""hk_redirect_percentage"" : 0, ""partition_right"" : ""BTIP"", ""state"" : ""OPENED""}"
10000864,10000864,"{""id"" : 10000864, ""vpn_code"" : ""10000864"", ""name"" : ""STOCKLOR"", ""vpn_id_sip"" : ""10000864"", ""customer_reference"" : ""CD04ALL1A1"", ""forced_onnet"" : false, ""private_prefix_length"" : 2, ""offnet_via_bcr_allowed"" : true, ""it_key"" : ""CD04ALL1A1"", ""customer_index_for_billing"" : null, ""hk_master"" : ""HOOKAH"", ""hk_redirect_percentage"" : 0, ""partition_right"" : ""BTIP"", ""state"" : ""OPENED""}"
4161,4161,"{""id"" : 4161, ""vpn_code"" : ""4161"", ""name"" : ""FESTINS"", ""vpn_id_sip"" : ""4161"", ""customer_reference"" : ""675812"", ""forced_onnet"" : true, ""private_prefix_length"" : 1, ""offnet_via_bcr_allowed"" : true, ""it_key"" : ""CD00MMGW91"", ""customer_index_for_billing"" : null, ""hk_master"" : ""HOOKAH"", ""hk_redirect_percentage"" : 0, ""partition_right"" : ""BT"", ""state"" : ""OPENED""}"
4232,4232,"{""id"" : 4232, ""vpn_code"" : ""4232"", ""name"" : ""SOFAR (Transpac)"", ""vpn_id_sip"" : ""4232"", ""customer_reference"" : ""676094"", ""forced_onnet"" : true, ""private_prefix_length"" : 1, ""offnet_via_bcr_allowed"" : true, ""it_key"" : ""CD00PLCC80"", ""customer_index_for_billing"" : null, ""hk_master"" : ""HOOKAH"", ""hk_redirect_percentage"" : 0, ""partition_right"" : ""BT"", ""state"" : ""OPENED""}"
10000635,10000635,"{""id"" : 10000635, ""vpn_code"" : ""10000635"", ""name"" : ""MAIRIE DE DIGOIN"", ""vpn_id_sip"" : ""10000635"", ""customer_reference"" : ""CD03RL77CB"", ""forced_onnet"" : false, ""private_prefix_length"" : 2, ""offnet_via_bcr_allowed"" : true, ""it_key"" : ""CD03RL77CB"", ""customer_index_for_billing"" : null, ""hk_master"" : ""HOOKAH"", ""hk_redirect_percentage"" : 0, ""partition_right"" : ""BTIP"", ""state"" : ""OPENED""}"
3782,3782,"{""id"" : 3782, ""vpn_code"" : ""3782"", ""name"" : ""ALLIOS"", ""vpn_id_sip"" : ""3782"", ""customer_reference"" : ""671519"", ""forced_onnet"" : true, ""private_prefix_length"" : 2, ""offnet_via_bcr_allowed"" : true, ""it_key"" : ""CD00FTP8A8"", ""customer_index_for_billing"" : null, ""hk_master"" : ""HOOKAH"", ""hk_redirect_percentage"" : 0, ""partition_right"" : ""BT"", ""state"" : ""OPENED""}"
10000636,10000636,"{""id"" : 10000636, ""vpn_code"" : ""10000636"", ""name"" : ""EURALIS"", ""vpn_id_sip"" : ""10000636"", ""customer_reference"" : ""CD03QC7C9D"", ""forced_onnet"" : true, ""private_prefix_length"" : 3, ""offnet_via_bcr_allowed"" : true, ""it_key"" : ""CD03QC7C9D"", ""customer_index_for_billing"" : null, ""hk_master"" : ""HOOKAH"", ""hk_redirect_percentage"" : 0, ""partition_right"" : ""BTIP"", ""state"" : ""OPENED""}"
4155,4155,"{""id"" : 4155, ""vpn_code"" : ""4155"", ""name"" : ""EOVI (Transpac)"", ""vpn_id_sip"" : ""4155"", ""customer_reference"" : ""675786"", ""forced_onnet"" : true, ""private_prefix_length"" : 3, ""offnet_via_bcr_allowed"" : true, ""it_key"" : ""CD00NS3ZD8"", ""customer_index_for_billing"" : null, ""hk_master"" : ""HOOKAH"", ""hk_redirect_percentage"" : 0, ""partition_right"" : ""BT"", ""state"" : ""OPENED""}"
10000689,10000689,"{""id"" : 10000689, ""vpn_code"" : ""10000689"", ""name"" : ""SCPVLJ"", ""vpn_id_sip"" : ""10000689"", ""customer_reference"" : ""CD03LVVFE5"", ""forced_onnet"" : false, ""private_prefix_length"" : 1, ""offnet_via_bcr_allowed"" : true, ""it_key"" : ""CD03LVVFE5"", ""customer_index_for_billing"" : null, ""hk_master"" : ""HOOKAH"", ""hk_redirect_percentage"" : 0, ""partition_right"" : ""BTIP"", ""state"" : ""OPENED""}"
