vpn_code,id,data
10001129,51625,"{""bhl"" : {""id"" : 51625, ""name"" : ""MATMUT_LOU_vHl9"", ""vpn_id"" : 10001129}, ""dates"" : [{""id"" : 0, ""date"" : ""0814"", ""bank_holiday_id"" : 51625}, {""id"" : 0, ""date"" : ""1031"", ""bank_holiday_id"" : 51625}, {""id"" : 0, ""date"" : ""1110"", ""bank_holiday_id"" : 51625}, {""id"" : 0, ""date"" : ""1224"", ""bank_holiday_id"" : 51625}]}"
10001129,51627,"{""bhl"" : {""id"" : 51627, ""name"" : ""MATMUT_LA__uvFm"", ""vpn_id"" : 10001129}, ""dates"" : [{""id"" : 0, ""date"" : ""0814"", ""bank_holiday_id"" : 51627}, {""id"" : 0, ""date"" : ""1031"", ""bank_holiday_id"" : 51627}, {""id"" : 0, ""date"" : ""1110"", ""bank_holiday_id"" : 51627}, {""id"" : 0, ""date"" : ""1224"", ""bank_holiday_id"" : 51627}]}"
10001129,51639,"{""bhl"" : {""id"" : 51639, ""name"" : ""IP_MATMUT__Jfkp"", ""vpn_id"" : 10001129}, ""dates"" : [{""id"" : 0, ""date"" : ""0814"", ""bank_holiday_id"" : 51639}, {""id"" : 0, ""date"" : ""1031"", ""bank_holiday_id"" : 51639}, {""id"" : 0, ""date"" : ""1110"", ""bank_holiday_id"" : 51639}, {""id"" : 0, ""date"" : ""1224"", ""bank_holiday_id"" : 51639}]}"
10001129,51640,"{""bhl"" : {""id"" : 51640, ""name"" : ""MATMUT_MET_Ykpv"", ""vpn_id"" : 10001129}, ""dates"" : [{""id"" : 0, ""date"" : ""0814"", ""bank_holiday_id"" : 51640}, {""id"" : 0, ""date"" : ""1031"", ""bank_holiday_id"" : 51640}, {""id"" : 0, ""date"" : ""1110"", ""bank_holiday_id"" : 51640}, {""id"" : 0, ""date"" : ""1224"", ""bank_holiday_id"" : 51640}]}"
10001129,51641,"{""bhl"" : {""id"" : 51641, ""name"" : ""MATMUT_NEU_Mjb3"", ""vpn_id"" : 10001129}, ""dates"" : [{""id"" : 0, ""date"" : ""0814"", ""bank_holiday_id"" : 51641}, {""id"" : 0, ""date"" : ""1031"", ""bank_holiday_id"" : 51641}, {""id"" : 0, ""date"" : ""1110"", ""bank_holiday_id"" : 51641}, {""id"" : 0, ""date"" : ""1224"", ""bank_holiday_id"" : 51641}]}"
10001129,51643,"{""bhl"" : {""id"" : 51643, ""name"" : ""MATMUT_HAG_RWEj"", ""vpn_id"" : 10001129}, ""dates"" : [{""id"" : 0, ""date"" : ""0814"", ""bank_holiday_id"" : 51643}, {""id"" : 0, ""date"" : ""1031"", ""bank_holiday_id"" : 51643}, {""id"" : 0, ""date"" : ""1110"", ""bank_holiday_id"" : 51643}, {""id"" : 0, ""date"" : ""1224"", ""bank_holiday_id"" : 51643}]}"
10001129,51645,"{""bhl"" : {""id"" : 51645, ""name"" : ""MATMUT_TOU_X6wq"", ""vpn_id"" : 10001129}, ""dates"" : [{""id"" : 0, ""date"" : ""0814"", ""bank_holiday_id"" : 51645}, {""id"" : 0, ""date"" : ""1031"", ""bank_holiday_id"" : 51645}, {""id"" : 0, ""date"" : ""1110"", ""bank_holiday_id"" : 51645}, {""id"" : 0, ""date"" : ""1224"", ""bank_holiday_id"" : 51645}]}"
10001129,51649,"{""bhl"" : {""id"" : 51649, ""name"" : ""MATMUT_BOR_QV8E"", ""vpn_id"" : 10001129}, ""dates"" : [{""id"" : 0, ""date"" : ""0814"", ""bank_holiday_id"" : 51649}, {""id"" : 0, ""date"" : ""1031"", ""bank_holiday_id"" : 51649}, {""id"" : 0, ""date"" : ""1110"", ""bank_holiday_id"" : 51649}, {""id"" : 0, ""date"" : ""1224"", ""bank_holiday_id"" : 51649}]}"
10001129,51663,"{""bhl"" : {""id"" : 51663, ""name"" : ""MATMUT_LIL_hzOG"", ""vpn_id"" : 10001129}, ""dates"" : [{""id"" : 0, ""date"" : ""0814"", ""bank_holiday_id"" : 51663}, {""id"" : 0, ""date"" : ""1031"", ""bank_holiday_id"" : 51663}, {""id"" : 0, ""date"" : ""1110"", ""bank_holiday_id"" : 51663}, {""id"" : 0, ""date"" : ""1224"", ""bank_holiday_id"" : 51663}]}"
10001129,51668,"{""bhl"" : {""id"" : 51668, ""name"" : ""MATMUT_NIC_68HC"", ""vpn_id"" : 10001129}, ""dates"" : [{""id"" : 0, ""date"" : ""0814"", ""bank_holiday_id"" : 51668}, {""id"" : 0, ""date"" : ""1031"", ""bank_holiday_id"" : 51668}, {""id"" : 0, ""date"" : ""1110"", ""bank_holiday_id"" : 51668}, {""id"" : 0, ""date"" : ""1224"", ""bank_holiday_id"" : 51668}]}"
10001129,51670,"{""bhl"" : {""id"" : 51670, ""name"" : ""MATMUT_BEG_2TeG"", ""vpn_id"" : 10001129}, ""dates"" : [{""id"" : 0, ""date"" : ""0814"", ""bank_holiday_id"" : 51670}, {""id"" : 0, ""date"" : ""1031"", ""bank_holiday_id"" : 51670}, {""id"" : 0, ""date"" : ""1110"", ""bank_holiday_id"" : 51670}, {""id"" : 0, ""date"" : ""1224"", ""bank_holiday_id"" : 51670}]}"
10001129,51673,"{""bhl"" : {""id"" : 51673, ""name"" : ""MATMUT_BOR_YYHL"", ""vpn_id"" : 10001129}, ""dates"" : [{""id"" : 0, ""date"" : ""0814"", ""bank_holiday_id"" : 51673}, {""id"" : 0, ""date"" : ""1031"", ""bank_holiday_id"" : 51673}, {""id"" : 0, ""date"" : ""1110"", ""bank_holiday_id"" : 51673}, {""id"" : 0, ""date"" : ""1224"", ""bank_holiday_id"" : 51673}]}"
10001129,51675,"{""bhl"" : {""id"" : 51675, ""name"" : ""MATMUT_ARM_J9kG"", ""vpn_id"" : 10001129}, ""dates"" : [{""id"" : 0, ""date"" : ""0814"", ""bank_holiday_id"" : 51675}, {""id"" : 0, ""date"" : ""1031"", ""bank_holiday_id"" : 51675}, {""id"" : 0, ""date"" : ""1110"", ""bank_holiday_id"" : 51675}, {""id"" : 0, ""date"" : ""1224"", ""bank_holiday_id"" : 51675}]}"
10001129,51676,"{""bhl"" : {""id"" : 51676, ""name"" : ""MATMUT_BEZ_r2X8"", ""vpn_id"" : 10001129}, ""dates"" : [{""id"" : 0, ""date"" : ""0814"", ""bank_holiday_id"" : 51676}, {""id"" : 0, ""date"" : ""1031"", ""bank_holiday_id"" : 51676}, {""id"" : 0, ""date"" : ""1110"", ""bank_holiday_id"" : 51676}, {""id"" : 0, ""date"" : ""1224"", ""bank_holiday_id"" : 51676}]}"
10001129,51698,"{""bhl"" : {""id"" : 51698, ""name"" : ""MATMUT_LIL_wUGy"", ""vpn_id"" : 10001129}, ""dates"" : [{""id"" : 0, ""date"" : ""0814"", ""bank_holiday_id"" : 51698}, {""id"" : 0, ""date"" : ""1031"", ""bank_holiday_id"" : 51698}, {""id"" : 0, ""date"" : ""1110"", ""bank_holiday_id"" : 51698}, {""id"" : 0, ""date"" : ""1224"", ""bank_holiday_id"" : 51698}]}"
10001129,51704,"{""bhl"" : {""id"" : 51704, ""name"" : ""MATMUT_SAR_g51H"", ""vpn_id"" : 10001129}, ""dates"" : [{""id"" : 0, ""date"" : ""0814"", ""bank_holiday_id"" : 51704}, {""id"" : 0, ""date"" : ""1031"", ""bank_holiday_id"" : 51704}, {""id"" : 0, ""date"" : ""1110"", ""bank_holiday_id"" : 51704}, {""id"" : 0, ""date"" : ""1224"", ""bank_holiday_id"" : 51704}]}"
10001129,51706,"{""bhl"" : {""id"" : 51706, ""name"" : ""MATMUT_ARG_OsnB"", ""vpn_id"" : 10001129}, ""dates"" : [{""id"" : 0, ""date"" : ""0814"", ""bank_holiday_id"" : 51706}, {""id"" : 0, ""date"" : ""1031"", ""bank_holiday_id"" : 51706}, {""id"" : 0, ""date"" : ""1110"", ""bank_holiday_id"" : 51706}, {""id"" : 0, ""date"" : ""1224"", ""bank_holiday_id"" : 51706}]}"
10001129,51708,"{""bhl"" : {""id"" : 51708, ""name"" : ""MATMUT_LE__XOYy"", ""vpn_id"" : 10001129}, ""dates"" : [{""id"" : 0, ""date"" : ""0814"", ""bank_holiday_id"" : 51708}, {""id"" : 0, ""date"" : ""1031"", ""bank_holiday_id"" : 51708}, {""id"" : 0, ""date"" : ""1110"", ""bank_holiday_id"" : 51708}, {""id"" : 0, ""date"" : ""1224"", ""bank_holiday_id"" : 51708}]}"
10001129,51717,"{""bhl"" : {""id"" : 51717, ""name"" : ""MATMUT_SET_5DvS"", ""vpn_id"" : 10001129}, ""dates"" : [{""id"" : 0, ""date"" : ""0814"", ""bank_holiday_id"" : 51717}, {""id"" : 0, ""date"" : ""1031"", ""bank_holiday_id"" : 51717}, {""id"" : 0, ""date"" : ""1110"", ""bank_holiday_id"" : 51717}, {""id"" : 0, ""date"" : ""1224"", ""bank_holiday_id"" : 51717}]}"
10001129,51718,"{""bhl"" : {""id"" : 51718, ""name"" : ""MATMUT_ST__woV5"", ""vpn_id"" : 10001129}, ""dates"" : [{""id"" : 0, ""date"" : ""0814"", ""bank_holiday_id"" : 51718}, {""id"" : 0, ""date"" : ""1031"", ""bank_holiday_id"" : 51718}, {""id"" : 0, ""date"" : ""1110"", ""bank_holiday_id"" : 51718}, {""id"" : 0, ""date"" : ""1224"", ""bank_holiday_id"" : 51718}]}"
10001129,51720,"{""bhl"" : {""id"" : 51720, ""name"" : ""MATMUT_NAN_pfh4"", ""vpn_id"" : 10001129}, ""dates"" : [{""id"" : 0, ""date"" : ""0814"", ""bank_holiday_id"" : 51720}, {""id"" : 0, ""date"" : ""1031"", ""bank_holiday_id"" : 51720}, {""id"" : 0, ""date"" : ""1110"", ""bank_holiday_id"" : 51720}, {""id"" : 0, ""date"" : ""1224"", ""bank_holiday_id"" : 51720}]}"
10001129,51722,"{""bhl"" : {""id"" : 51722, ""name"" : ""MATMUT_ST__2gjd"", ""vpn_id"" : 10001129}, ""dates"" : [{""id"" : 0, ""date"" : ""0814"", ""bank_holiday_id"" : 51722}, {""id"" : 0, ""date"" : ""1031"", ""bank_holiday_id"" : 51722}, {""id"" : 0, ""date"" : ""1110"", ""bank_holiday_id"" : 51722}, {""id"" : 0, ""date"" : ""1224"", ""bank_holiday_id"" : 51722}]}"
10001129,51724,"{""bhl"" : {""id"" : 51724, ""name"" : ""MATMUT_NAN_E8xL"", ""vpn_id"" : 10001129}, ""dates"" : [{""id"" : 0, ""date"" : ""0814"", ""bank_holiday_id"" : 51724}, {""id"" : 0, ""date"" : ""1031"", ""bank_holiday_id"" : 51724}, {""id"" : 0, ""date"" : ""1110"", ""bank_holiday_id"" : 51724}, {""id"" : 0, ""date"" : ""1224"", ""bank_holiday_id"" : 51724}]}"
10001129,51726,"{""bhl"" : {""id"" : 51726, ""name"" : ""MATMUT_NOI_LEED"", ""vpn_id"" : 10001129}, ""dates"" : [{""id"" : 0, ""date"" : ""0814"", ""bank_holiday_id"" : 51726}, {""id"" : 0, ""date"" : ""1031"", ""bank_holiday_id"" : 51726}, {""id"" : 0, ""date"" : ""1110"", ""bank_holiday_id"" : 51726}, {""id"" : 0, ""date"" : ""1224"", ""bank_holiday_id"" : 51726}]}"
10001129,51751,"{""bhl"" : {""id"" : 51751, ""name"" : ""MATMUT_ELA_mvdj"", ""vpn_id"" : 10001129}, ""dates"" : [{""id"" : 0, ""date"" : ""0814"", ""bank_holiday_id"" : 51751}, {""id"" : 0, ""date"" : ""1031"", ""bank_holiday_id"" : 51751}, {""id"" : 0, ""date"" : ""1110"", ""bank_holiday_id"" : 51751}, {""id"" : 0, ""date"" : ""1224"", ""bank_holiday_id"" : 51751}]}"
10001129,51755,"{""bhl"" : {""id"" : 51755, ""name"" : ""MATMUT_MAI_ePNv"", ""vpn_id"" : 10001129}, ""dates"" : [{""id"" : 0, ""date"" : ""0814"", ""bank_holiday_id"" : 51755}, {""id"" : 0, ""date"" : ""1031"", ""bank_holiday_id"" : 51755}, {""id"" : 0, ""date"" : ""1110"", ""bank_holiday_id"" : 51755}, {""id"" : 0, ""date"" : ""1224"", ""bank_holiday_id"" : 51755}]}"
10001129,51756,"{""bhl"" : {""id"" : 51756, ""name"" : ""MATMUT_VER_XDnT"", ""vpn_id"" : 10001129}, ""dates"" : [{""id"" : 0, ""date"" : ""0814"", ""bank_holiday_id"" : 51756}, {""id"" : 0, ""date"" : ""1031"", ""bank_holiday_id"" : 51756}, {""id"" : 0, ""date"" : ""1110"", ""bank_holiday_id"" : 51756}, {""id"" : 0, ""date"" : ""1224"", ""bank_holiday_id"" : 51756}]}"
10001129,51758,"{""bhl"" : {""id"" : 51758, ""name"" : ""MATMUT_PUT_h6c1"", ""vpn_id"" : 10001129}, ""dates"" : [{""id"" : 0, ""date"" : ""0814"", ""bank_holiday_id"" : 51758}, {""id"" : 0, ""date"" : ""1031"", ""bank_holiday_id"" : 51758}, {""id"" : 0, ""date"" : ""1110"", ""bank_holiday_id"" : 51758}, {""id"" : 0, ""date"" : ""1224"", ""bank_holiday_id"" : 51758}]}"
10001129,51761,"{""bhl"" : {""id"" : 51761, ""name"" : ""MATMUT_CAS_Bkub"", ""vpn_id"" : 10001129}, ""dates"" : [{""id"" : 0, ""date"" : ""0814"", ""bank_holiday_id"" : 51761}, {""id"" : 0, ""date"" : ""1031"", ""bank_holiday_id"" : 51761}, {""id"" : 0, ""date"" : ""1110"", ""bank_holiday_id"" : 51761}, {""id"" : 0, ""date"" : ""1224"", ""bank_holiday_id"" : 51761}]}"
10001129,51763,"{""bhl"" : {""id"" : 51763, ""name"" : ""MATMUT_BRU_gfEn"", ""vpn_id"" : 10001129}, ""dates"" : [{""id"" : 0, ""date"" : ""0814"", ""bank_holiday_id"" : 51763}, {""id"" : 0, ""date"" : ""1031"", ""bank_holiday_id"" : 51763}, {""id"" : 0, ""date"" : ""1110"", ""bank_holiday_id"" : 51763}, {""id"" : 0, ""date"" : ""1224"", ""bank_holiday_id"" : 51763}]}"
10001129,51765,"{""bhl"" : {""id"" : 51765, ""name"" : ""MATMUT_LES_6QnG"", ""vpn_id"" : 10001129}, ""dates"" : [{""id"" : 0, ""date"" : ""0814"", ""bank_holiday_id"" : 51765}, {""id"" : 0, ""date"" : ""1031"", ""bank_holiday_id"" : 51765}, {""id"" : 0, ""date"" : ""1110"", ""bank_holiday_id"" : 51765}, {""id"" : 0, ""date"" : ""1224"", ""bank_holiday_id"" : 51765}]}"
10001129,51766,"{""bhl"" : {""id"" : 51766, ""name"" : ""MATMUT_ROU_80kZ"", ""vpn_id"" : 10001129}, ""dates"" : [{""id"" : 0, ""date"" : ""0814"", ""bank_holiday_id"" : 51766}, {""id"" : 0, ""date"" : ""1031"", ""bank_holiday_id"" : 51766}, {""id"" : 0, ""date"" : ""1110"", ""bank_holiday_id"" : 51766}, {""id"" : 0, ""date"" : ""1224"", ""bank_holiday_id"" : 51766}]}"
10001129,51767,"{""bhl"" : {""id"" : 51767, ""name"" : ""MATMUT_DOU_zSLA"", ""vpn_id"" : 10001129}, ""dates"" : [{""id"" : 0, ""date"" : ""0814"", ""bank_holiday_id"" : 51767}, {""id"" : 0, ""date"" : ""1031"", ""bank_holiday_id"" : 51767}, {""id"" : 0, ""date"" : ""1110"", ""bank_holiday_id"" : 51767}, {""id"" : 0, ""date"" : ""1224"", ""bank_holiday_id"" : 51767}]}"
10001129,51769,"{""bhl"" : {""id"" : 51769, ""name"" : ""IP_MATMUT__KzRN"", ""vpn_id"" : 10001129}, ""dates"" : [{""id"" : 0, ""date"" : ""0814"", ""bank_holiday_id"" : 51769}, {""id"" : 0, ""date"" : ""1031"", ""bank_holiday_id"" : 51769}, {""id"" : 0, ""date"" : ""1110"", ""bank_holiday_id"" : 51769}, {""id"" : 0, ""date"" : ""1224"", ""bank_holiday_id"" : 51769}]}"
10001129,51771,"{""bhl"" : {""id"" : 51771, ""name"" : ""MATMUT_SAV_IRQc"", ""vpn_id"" : 10001129}, ""dates"" : [{""id"" : 0, ""date"" : ""0814"", ""bank_holiday_id"" : 51771}, {""id"" : 0, ""date"" : ""1031"", ""bank_holiday_id"" : 51771}, {""id"" : 0, ""date"" : ""1110"", ""bank_holiday_id"" : 51771}, {""id"" : 0, ""date"" : ""1224"", ""bank_holiday_id"" : 51771}]}"
10001129,51773,"{""bhl"" : {""id"" : 51773, ""name"" : ""MATMUT_MUL_fzvA"", ""vpn_id"" : 10001129}, ""dates"" : [{""id"" : 0, ""date"" : ""0814"", ""bank_holiday_id"" : 51773}, {""id"" : 0, ""date"" : ""1031"", ""bank_holiday_id"" : 51773}, {""id"" : 0, ""date"" : ""1110"", ""bank_holiday_id"" : 51773}, {""id"" : 0, ""date"" : ""1224"", ""bank_holiday_id"" : 51773}]}"
10001129,51775,"{""bhl"" : {""id"" : 51775, ""name"" : ""MATMUT_EPI_YIxT"", ""vpn_id"" : 10001129}, ""dates"" : [{""id"" : 0, ""date"" : ""0814"", ""bank_holiday_id"" : 51775}, {""id"" : 0, ""date"" : ""1031"", ""bank_holiday_id"" : 51775}, {""id"" : 0, ""date"" : ""1110"", ""bank_holiday_id"" : 51775}, {""id"" : 0, ""date"" : ""1224"", ""bank_holiday_id"" : 51775}]}"
10001129,51785,"{""bhl"" : {""id"" : 51785, ""name"" : ""MATMUT_VIL_UM0M"", ""vpn_id"" : 10001129}, ""dates"" : [{""id"" : 0, ""date"" : ""0814"", ""bank_holiday_id"" : 51785}, {""id"" : 0, ""date"" : ""1031"", ""bank_holiday_id"" : 51785}, {""id"" : 0, ""date"" : ""1110"", ""bank_holiday_id"" : 51785}, {""id"" : 0, ""date"" : ""1224"", ""bank_holiday_id"" : 51785}]}"
10001129,51790,"{""bhl"" : {""id"" : 51790, ""name"" : ""MATMUT_MON_DjTf"", ""vpn_id"" : 10001129}, ""dates"" : [{""id"" : 0, ""date"" : ""0814"", ""bank_holiday_id"" : 51790}, {""id"" : 0, ""date"" : ""1031"", ""bank_holiday_id"" : 51790}, {""id"" : 0, ""date"" : ""1110"", ""bank_holiday_id"" : 51790}, {""id"" : 0, ""date"" : ""1224"", ""bank_holiday_id"" : 51790}]}"
10001129,51795,"{""bhl"" : {""id"" : 51795, ""name"" : ""MATMUT_CHE_XPf0"", ""vpn_id"" : 10001129}, ""dates"" : [{""id"" : 0, ""date"" : ""0814"", ""bank_holiday_id"" : 51795}, {""id"" : 0, ""date"" : ""1031"", ""bank_holiday_id"" : 51795}, {""id"" : 0, ""date"" : ""1110"", ""bank_holiday_id"" : 51795}, {""id"" : 0, ""date"" : ""1224"", ""bank_holiday_id"" : 51795}]}"
10001129,51798,"{""bhl"" : {""id"" : 51798, ""name"" : ""MATMUT_PAR_kJ2d"", ""vpn_id"" : 10001129}, ""dates"" : [{""id"" : 0, ""date"" : ""0814"", ""bank_holiday_id"" : 51798}, {""id"" : 0, ""date"" : ""1031"", ""bank_holiday_id"" : 51798}, {""id"" : 0, ""date"" : ""1110"", ""bank_holiday_id"" : 51798}, {""id"" : 0, ""date"" : ""1224"", ""bank_holiday_id"" : 51798}]}"
10001129,51800,"{""bhl"" : {""id"" : 51800, ""name"" : ""MATMUT_MAS_Oj04"", ""vpn_id"" : 10001129}, ""dates"" : [{""id"" : 0, ""date"" : ""0814"", ""bank_holiday_id"" : 51800}, {""id"" : 0, ""date"" : ""1031"", ""bank_holiday_id"" : 51800}, {""id"" : 0, ""date"" : ""1110"", ""bank_holiday_id"" : 51800}, {""id"" : 0, ""date"" : ""1224"", ""bank_holiday_id"" : 51800}]}"
10001129,51802,"{""bhl"" : {""id"" : 51802, ""name"" : ""MATMUT_AUB_yoon"", ""vpn_id"" : 10001129}, ""dates"" : [{""id"" : 0, ""date"" : ""0814"", ""bank_holiday_id"" : 51802}, {""id"" : 0, ""date"" : ""1031"", ""bank_holiday_id"" : 51802}, {""id"" : 0, ""date"" : ""1110"", ""bank_holiday_id"" : 51802}, {""id"" : 0, ""date"" : ""1224"", ""bank_holiday_id"" : 51802}]}"
10001129,51812,"{""bhl"" : {""id"" : 51812, ""name"" : ""MATMUT_NIM_dcdx"", ""vpn_id"" : 10001129}, ""dates"" : [{""id"" : 0, ""date"" : ""0814"", ""bank_holiday_id"" : 51812}, {""id"" : 0, ""date"" : ""1031"", ""bank_holiday_id"" : 51812}, {""id"" : 0, ""date"" : ""1110"", ""bank_holiday_id"" : 51812}, {""id"" : 0, ""date"" : ""1224"", ""bank_holiday_id"" : 51812}]}"
3990,51483,"{""bhl"" : {""id"" : 51483, ""name"" : ""VALDEZ_E39XM290"", ""vpn_id"" : 3990}, ""dates"" : [{""id"" : 0, ""date"" : ""0712"", ""bank_holiday_id"" : 51483}, {""id"" : 0, ""date"" : ""0713"", ""bank_holiday_id"" : 51483}, {""id"" : 0, ""date"" : ""0716"", ""bank_holiday_id"" : 51483}, {""id"" : 0, ""date"" : ""0717"", ""bank_holiday_id"" : 51483}, {""id"" : 0, ""date"" : ""0816"", ""bank_holiday_id"" : 51483}, {""id"" : 0, ""date"" : ""0817"", ""bank_holiday_id"" : 51483}, {""id"" : 0, ""date"" : ""0820"", ""bank_holiday_id"" : 51483}, {""id"" : 0, ""date"" : ""0821"", ""bank_holiday_id"" : 51483}, {""id"" : 0, ""date"" : ""0822"", ""bank_holiday_id"" : 51483}, {""id"" : 0, ""date"" : ""0823"", ""bank_holiday_id"" : 51483}, {""id"" : 0, ""date"" : ""0824"", ""bank_holiday_id"" : 51483}, {""id"" : 0, ""date"" : ""0827"", ""bank_holiday_id"" : 51483}, {""id"" : 0, ""date"" : ""0828"", ""bank_holiday_id"" : 51483}]}"
3917,51501,"{""bhl"" : {""id"" : 51501, ""name"" : ""CELENDRIER_1ACU"", ""vpn_id"" : 3917}, ""dates"" : [{""id"" : 0, ""date"" : ""0501"", ""bank_holiday_id"" : 51501}, {""id"" : 0, ""date"" : ""0508"", ""bank_holiday_id"" : 51501}, {""id"" : 0, ""date"" : ""0509"", ""bank_holiday_id"" : 51501}, {""id"" : 0, ""date"" : ""0520"", ""bank_holiday_id"" : 51501}, {""id"" : 0, ""date"" : ""0714"", ""bank_holiday_id"" : 51501}, {""id"" : 0, ""date"" : ""0815"", ""bank_holiday_id"" : 51501}, {""id"" : 0, ""date"" : ""1101"", ""bank_holiday_id"" : 51501}, {""id"" : 0, ""date"" : ""1111"", ""bank_holiday_id"" : 51501}, {""id"" : 0, ""date"" : ""1225"", ""bank_holiday_id"" : 51501}]}"
10005110,51491,"{""bhl"" : {""id"" : 51491, ""name"" : ""AVENTIS_PA_avW8"", ""vpn_id"" : 10005110}, ""dates"" : [{""id"" : 0, ""date"" : ""0101"", ""bank_holiday_id"" : 51491}, {""id"" : 0, ""date"" : ""0422"", ""bank_holiday_id"" : 51491}, {""id"" : 0, ""date"" : ""0501"", ""bank_holiday_id"" : 51491}, {""id"" : 0, ""date"" : ""0508"", ""bank_holiday_id"" : 51491}, {""id"" : 0, ""date"" : ""0530"", ""bank_holiday_id"" : 51491}, {""id"" : 0, ""date"" : ""0610"", ""bank_holiday_id"" : 51491}, {""id"" : 0, ""date"" : ""0714"", ""bank_holiday_id"" : 51491}, {""id"" : 0, ""date"" : ""0815"", ""bank_holiday_id"" : 51491}, {""id"" : 0, ""date"" : ""1101"", ""bank_holiday_id"" : 51491}, {""id"" : 0, ""date"" : ""1111"", ""bank_holiday_id"" : 51491}, {""id"" : 0, ""date"" : ""1224"", ""bank_holiday_id"" : 51491}]}"
10005110,51497,"{""bhl"" : {""id"" : 51497, ""name"" : ""AVENTIS_PR_qIMh"", ""vpn_id"" : 10005110}, ""dates"" : [{""id"" : 0, ""date"" : ""0101"", ""bank_holiday_id"" : 51497}, {""id"" : 0, ""date"" : ""0422"", ""bank_holiday_id"" : 51497}, {""id"" : 0, ""date"" : ""0501"", ""bank_holiday_id"" : 51497}, {""id"" : 0, ""date"" : ""0508"", ""bank_holiday_id"" : 51497}, {""id"" : 0, ""date"" : ""0530"", ""bank_holiday_id"" : 51497}, {""id"" : 0, ""date"" : ""0610"", ""bank_holiday_id"" : 51497}, {""id"" : 0, ""date"" : ""0714"", ""bank_holiday_id"" : 51497}, {""id"" : 0, ""date"" : ""0815"", ""bank_holiday_id"" : 51497}, {""id"" : 0, ""date"" : ""1101"", ""bank_holiday_id"" : 51497}, {""id"" : 0, ""date"" : ""1111"", ""bank_holiday_id"" : 51497}, {""id"" : 0, ""date"" : ""1224"", ""bank_holiday_id"" : 51497}]}"
10005110,51507,"{""bhl"" : {""id"" : 51507, ""name"" : ""S2G-SANOFI_d5Sc"", ""vpn_id"" : 10005110}, ""dates"" : [{""id"" : 0, ""date"" : ""0101"", ""bank_holiday_id"" : 51507}, {""id"" : 0, ""date"" : ""0422"", ""bank_holiday_id"" : 51507}, {""id"" : 0, ""date"" : ""0501"", ""bank_holiday_id"" : 51507}, {""id"" : 0, ""date"" : ""0508"", ""bank_holiday_id"" : 51507}, {""id"" : 0, ""date"" : ""0530"", ""bank_holiday_id"" : 51507}, {""id"" : 0, ""date"" : ""0610"", ""bank_holiday_id"" : 51507}, {""id"" : 0, ""date"" : ""0714"", ""bank_holiday_id"" : 51507}, {""id"" : 0, ""date"" : ""0815"", ""bank_holiday_id"" : 51507}, {""id"" : 0, ""date"" : ""1101"", ""bank_holiday_id"" : 51507}, {""id"" : 0, ""date"" : ""1111"", ""bank_holiday_id"" : 51507}, {""id"" : 0, ""date"" : ""1224"", ""bank_holiday_id"" : 51507}]}"
10001121,51513,"{""bhl"" : {""id"" : 51513, ""name"" : ""AGENCE_DE__UZVb"", ""vpn_id"" : 10001121}, ""dates"" : [{""id"" : 0, ""date"" : ""0101"", ""bank_holiday_id"" : 51513}, {""id"" : 0, ""date"" : ""0422"", ""bank_holiday_id"" : 51513}, {""id"" : 0, ""date"" : ""0501"", ""bank_holiday_id"" : 51513}, {""id"" : 0, ""date"" : ""0508"", ""bank_holiday_id"" : 51513}, {""id"" : 0, ""date"" : ""0530"", ""bank_holiday_id"" : 51513}, {""id"" : 0, ""date"" : ""0610"", ""bank_holiday_id"" : 51513}, {""id"" : 0, ""date"" : ""0714"", ""bank_holiday_id"" : 51513}, {""id"" : 0, ""date"" : ""0815"", ""bank_holiday_id"" : 51513}, {""id"" : 0, ""date"" : ""1101"", ""bank_holiday_id"" : 51513}, {""id"" : 0, ""date"" : ""1111"", ""bank_holiday_id"" : 51513}, {""id"" : 0, ""date"" : ""1225"", ""bank_holiday_id"" : 51513}]}"
10001121,51525,"{""bhl"" : {""id"" : 51525, ""name"" : ""GROUPAMA_F_vlPs"", ""vpn_id"" : 10001121}, ""dates"" : [{""id"" : 0, ""date"" : ""0101"", ""bank_holiday_id"" : 51525}, {""id"" : 0, ""date"" : ""0422"", ""bank_holiday_id"" : 51525}, {""id"" : 0, ""date"" : ""0501"", ""bank_holiday_id"" : 51525}, {""id"" : 0, ""date"" : ""0508"", ""bank_holiday_id"" : 51525}, {""id"" : 0, ""date"" : ""0530"", ""bank_holiday_id"" : 51525}, {""id"" : 0, ""date"" : ""0610"", ""bank_holiday_id"" : 51525}, {""id"" : 0, ""date"" : ""0714"", ""bank_holiday_id"" : 51525}, {""id"" : 0, ""date"" : ""0815"", ""bank_holiday_id"" : 51525}, {""id"" : 0, ""date"" : ""1101"", ""bank_holiday_id"" : 51525}, {""id"" : 0, ""date"" : ""1111"", ""bank_holiday_id"" : 51525}, {""id"" : 0, ""date"" : ""1225"", ""bank_holiday_id"" : 51525}]}"
10001129,51862,"{""bhl"" : {""id"" : 51862, ""name"" : ""MATMUT_VIT_PT55"", ""vpn_id"" : 10001129}, ""dates"" : [{""id"" : 0, ""date"" : ""0814"", ""bank_holiday_id"" : 51862}, {""id"" : 0, ""date"" : ""1031"", ""bank_holiday_id"" : 51862}, {""id"" : 0, ""date"" : ""1110"", ""bank_holiday_id"" : 51862}, {""id"" : 0, ""date"" : ""1224"", ""bank_holiday_id"" : 51862}]}"
10001129,51872,"{""bhl"" : {""id"" : 51872, ""name"" : ""MATMUT_PAU_9883"", ""vpn_id"" : 10001129}, ""dates"" : [{""id"" : 0, ""date"" : ""0814"", ""bank_holiday_id"" : 51872}, {""id"" : 0, ""date"" : ""1031"", ""bank_holiday_id"" : 51872}, {""id"" : 0, ""date"" : ""1110"", ""bank_holiday_id"" : 51872}, {""id"" : 0, ""date"" : ""1224"", ""bank_holiday_id"" : 51872}]}"
10001129,51874,"{""bhl"" : {""id"" : 51874, ""name"" : ""MATMUT_MAR_ApGA"", ""vpn_id"" : 10001129}, ""dates"" : [{""id"" : 0, ""date"" : ""0814"", ""bank_holiday_id"" : 51874}, {""id"" : 0, ""date"" : ""1031"", ""bank_holiday_id"" : 51874}, {""id"" : 0, ""date"" : ""1110"", ""bank_holiday_id"" : 51874}, {""id"" : 0, ""date"" : ""1224"", ""bank_holiday_id"" : 51874}]}"
10001129,51876,"{""bhl"" : {""id"" : 51876, ""name"" : ""MATMUT_MAR_hXNm"", ""vpn_id"" : 10001129}, ""dates"" : [{""id"" : 0, ""date"" : ""0814"", ""bank_holiday_id"" : 51876}, {""id"" : 0, ""date"" : ""1031"", ""bank_holiday_id"" : 51876}, {""id"" : 0, ""date"" : ""1110"", ""bank_holiday_id"" : 51876}, {""id"" : 0, ""date"" : ""1224"", ""bank_holiday_id"" : 51876}]}"
10001129,51878,"{""bhl"" : {""id"" : 51878, ""name"" : ""MATMUT_BAS_HMb4"", ""vpn_id"" : 10001129}, ""dates"" : [{""id"" : 0, ""date"" : ""0814"", ""bank_holiday_id"" : 51878}, {""id"" : 0, ""date"" : ""1031"", ""bank_holiday_id"" : 51878}, {""id"" : 0, ""date"" : ""1110"", ""bank_holiday_id"" : 51878}, {""id"" : 0, ""date"" : ""1224"", ""bank_holiday_id"" : 51878}]}"
10001129,51880,"{""bhl"" : {""id"" : 51880, ""name"" : ""MATMUT_AVI_Q64A"", ""vpn_id"" : 10001129}, ""dates"" : [{""id"" : 0, ""date"" : ""0814"", ""bank_holiday_id"" : 51880}, {""id"" : 0, ""date"" : ""1031"", ""bank_holiday_id"" : 51880}, {""id"" : 0, ""date"" : ""1110"", ""bank_holiday_id"" : 51880}, {""id"" : 0, ""date"" : ""1224"", ""bank_holiday_id"" : 51880}]}"
10001129,51882,"{""bhl"" : {""id"" : 51882, ""name"" : ""MATMUT_CAR_CkGN"", ""vpn_id"" : 10001129}, ""dates"" : [{""id"" : 0, ""date"" : ""0814"", ""bank_holiday_id"" : 51882}, {""id"" : 0, ""date"" : ""1031"", ""bank_holiday_id"" : 51882}, {""id"" : 0, ""date"" : ""1110"", ""bank_holiday_id"" : 51882}, {""id"" : 0, ""date"" : ""1224"", ""bank_holiday_id"" : 51882}]}"
10001129,51884,"{""bhl"" : {""id"" : 51884, ""name"" : ""MATMUT_ORA_fNVh"", ""vpn_id"" : 10001129}, ""dates"" : [{""id"" : 0, ""date"" : ""0814"", ""bank_holiday_id"" : 51884}, {""id"" : 0, ""date"" : ""1031"", ""bank_holiday_id"" : 51884}, {""id"" : 0, ""date"" : ""1110"", ""bank_holiday_id"" : 51884}, {""id"" : 0, ""date"" : ""1224"", ""bank_holiday_id"" : 51884}]}"
10001129,51891,"{""bhl"" : {""id"" : 51891, ""name"" : ""MATMUT_COL_XueY"", ""vpn_id"" : 10001129}, ""dates"" : [{""id"" : 0, ""date"" : ""0814"", ""bank_holiday_id"" : 51891}, {""id"" : 0, ""date"" : ""1031"", ""bank_holiday_id"" : 51891}, {""id"" : 0, ""date"" : ""1110"", ""bank_holiday_id"" : 51891}, {""id"" : 0, ""date"" : ""1224"", ""bank_holiday_id"" : 51891}]}"
10001129,51896,"{""bhl"" : {""id"" : 51896, ""name"" : ""MATMUT_AUC_4Hy5"", ""vpn_id"" : 10001129}, ""dates"" : [{""id"" : 0, ""date"" : ""0814"", ""bank_holiday_id"" : 51896}, {""id"" : 0, ""date"" : ""1031"", ""bank_holiday_id"" : 51896}, {""id"" : 0, ""date"" : ""1110"", ""bank_holiday_id"" : 51896}, {""id"" : 0, ""date"" : ""1224"", ""bank_holiday_id"" : 51896}]}"
10001129,51898,"{""bhl"" : {""id"" : 51898, ""name"" : ""MATMUT_LAV_qpU1"", ""vpn_id"" : 10001129}, ""dates"" : [{""id"" : 0, ""date"" : ""0814"", ""bank_holiday_id"" : 51898}, {""id"" : 0, ""date"" : ""1031"", ""bank_holiday_id"" : 51898}, {""id"" : 0, ""date"" : ""1110"", ""bank_holiday_id"" : 51898}, {""id"" : 0, ""date"" : ""1224"", ""bank_holiday_id"" : 51898}]}"
10001129,51903,"{""bhl"" : {""id"" : 51903, ""name"" : ""MATMUT_TOU_WJAw"", ""vpn_id"" : 10001129}, ""dates"" : [{""id"" : 0, ""date"" : ""0814"", ""bank_holiday_id"" : 51903}, {""id"" : 0, ""date"" : ""1031"", ""bank_holiday_id"" : 51903}, {""id"" : 0, ""date"" : ""1110"", ""bank_holiday_id"" : 51903}, {""id"" : 0, ""date"" : ""1224"", ""bank_holiday_id"" : 51903}]}"
10001129,51908,"{""bhl"" : {""id"" : 51908, ""name"" : ""MATMUT_AUB_jqcX"", ""vpn_id"" : 10001129}, ""dates"" : [{""id"" : 0, ""date"" : ""0814"", ""bank_holiday_id"" : 51908}, {""id"" : 0, ""date"" : ""1031"", ""bank_holiday_id"" : 51908}, {""id"" : 0, ""date"" : ""1110"", ""bank_holiday_id"" : 51908}, {""id"" : 0, ""date"" : ""1224"", ""bank_holiday_id"" : 51908}]}"
10001129,51909,"{""bhl"" : {""id"" : 51909, ""name"" : ""MATMUT_BEL_ZWcz"", ""vpn_id"" : 10001129}, ""dates"" : [{""id"" : 0, ""date"" : ""0814"", ""bank_holiday_id"" : 51909}, {""id"" : 0, ""date"" : ""1031"", ""bank_holiday_id"" : 51909}, {""id"" : 0, ""date"" : ""1110"", ""bank_holiday_id"" : 51909}, {""id"" : 0, ""date"" : ""1224"", ""bank_holiday_id"" : 51909}]}"
10001129,51915,"{""bhl"" : {""id"" : 51915, ""name"" : ""MATMUT_CLU_3j2s"", ""vpn_id"" : 10001129}, ""dates"" : [{""id"" : 0, ""date"" : ""0814"", ""bank_holiday_id"" : 51915}, {""id"" : 0, ""date"" : ""1031"", ""bank_holiday_id"" : 51915}, {""id"" : 0, ""date"" : ""1110"", ""bank_holiday_id"" : 51915}, {""id"" : 0, ""date"" : ""1224"", ""bank_holiday_id"" : 51915}]}"
10001129,51918,"{""bhl"" : {""id"" : 51918, ""name"" : ""MATMUT_GIV_MGKG"", ""vpn_id"" : 10001129}, ""dates"" : [{""id"" : 0, ""date"" : ""0814"", ""bank_holiday_id"" : 51918}, {""id"" : 0, ""date"" : ""1031"", ""bank_holiday_id"" : 51918}, {""id"" : 0, ""date"" : ""1110"", ""bank_holiday_id"" : 51918}, {""id"" : 0, ""date"" : ""1224"", ""bank_holiday_id"" : 51918}]}"
10001129,51920,"{""bhl"" : {""id"" : 51920, ""name"" : ""MATMUT_GRE_jzi8"", ""vpn_id"" : 10001129}, ""dates"" : [{""id"" : 0, ""date"" : ""0814"", ""bank_holiday_id"" : 51920}, {""id"" : 0, ""date"" : ""1031"", ""bank_holiday_id"" : 51920}, {""id"" : 0, ""date"" : ""1110"", ""bank_holiday_id"" : 51920}, {""id"" : 0, ""date"" : ""1224"", ""bank_holiday_id"" : 51920}]}"
10001129,51922,"{""bhl"" : {""id"" : 51922, ""name"" : ""MATMUT_LYO_rIQp"", ""vpn_id"" : 10001129}, ""dates"" : [{""id"" : 0, ""date"" : ""0814"", ""bank_holiday_id"" : 51922}, {""id"" : 0, ""date"" : ""1031"", ""bank_holiday_id"" : 51922}, {""id"" : 0, ""date"" : ""1110"", ""bank_holiday_id"" : 51922}, {""id"" : 0, ""date"" : ""1224"", ""bank_holiday_id"" : 51922}]}"
10001129,51923,"{""bhl"" : {""id"" : 51923, ""name"" : ""MATMUT_LYO_AsGM"", ""vpn_id"" : 10001129}, ""dates"" : [{""id"" : 0, ""date"" : ""0814"", ""bank_holiday_id"" : 51923}, {""id"" : 0, ""date"" : ""1031"", ""bank_holiday_id"" : 51923}, {""id"" : 0, ""date"" : ""1110"", ""bank_holiday_id"" : 51923}, {""id"" : 0, ""date"" : ""1224"", ""bank_holiday_id"" : 51923}]}"
10001129,51925,"{""bhl"" : {""id"" : 51925, ""name"" : ""MATMUT_MEY_mIXX"", ""vpn_id"" : 10001129}, ""dates"" : [{""id"" : 0, ""date"" : ""0814"", ""bank_holiday_id"" : 51925}, {""id"" : 0, ""date"" : ""1031"", ""bank_holiday_id"" : 51925}, {""id"" : 0, ""date"" : ""1110"", ""bank_holiday_id"" : 51925}, {""id"" : 0, ""date"" : ""1224"", ""bank_holiday_id"" : 51925}]}"
10001129,51926,"{""bhl"" : {""id"" : 51926, ""name"" : ""MATMUT_MEY_J7dx"", ""vpn_id"" : 10001129}, ""dates"" : [{""id"" : 0, ""date"" : ""0814"", ""bank_holiday_id"" : 51926}, {""id"" : 0, ""date"" : ""1031"", ""bank_holiday_id"" : 51926}, {""id"" : 0, ""date"" : ""1110"", ""bank_holiday_id"" : 51926}, {""id"" : 0, ""date"" : ""1224"", ""bank_holiday_id"" : 51926}]}"
10001129,51930,"{""bhl"" : {""id"" : 51930, ""name"" : ""MATMUT_PIE_pKKh"", ""vpn_id"" : 10001129}, ""dates"" : [{""id"" : 0, ""date"" : ""0814"", ""bank_holiday_id"" : 51930}, {""id"" : 0, ""date"" : ""1031"", ""bank_holiday_id"" : 51930}, {""id"" : 0, ""date"" : ""1110"", ""bank_holiday_id"" : 51930}, {""id"" : 0, ""date"" : ""1224"", ""bank_holiday_id"" : 51930}]}"
10001129,51931,"{""bhl"" : {""id"" : 51931, ""name"" : ""MATMUT_PRI_B5Gt"", ""vpn_id"" : 10001129}, ""dates"" : [{""id"" : 0, ""date"" : ""0814"", ""bank_holiday_id"" : 51931}, {""id"" : 0, ""date"" : ""1031"", ""bank_holiday_id"" : 51931}, {""id"" : 0, ""date"" : ""1110"", ""bank_holiday_id"" : 51931}, {""id"" : 0, ""date"" : ""1224"", ""bank_holiday_id"" : 51931}]}"
10001129,51935,"{""bhl"" : {""id"" : 51935, ""name"" : ""MATMUT_ST__m3Pq"", ""vpn_id"" : 10001129}, ""dates"" : [{""id"" : 0, ""date"" : ""0814"", ""bank_holiday_id"" : 51935}, {""id"" : 0, ""date"" : ""1031"", ""bank_holiday_id"" : 51935}, {""id"" : 0, ""date"" : ""1110"", ""bank_holiday_id"" : 51935}, {""id"" : 0, ""date"" : ""1224"", ""bank_holiday_id"" : 51935}]}"
10001129,51945,"{""bhl"" : {""id"" : 51945, ""name"" : ""IP_MATMUT__7usC"", ""vpn_id"" : 10001129}, ""dates"" : [{""id"" : 0, ""date"" : ""0814"", ""bank_holiday_id"" : 51945}, {""id"" : 0, ""date"" : ""1031"", ""bank_holiday_id"" : 51945}, {""id"" : 0, ""date"" : ""1110"", ""bank_holiday_id"" : 51945}, {""id"" : 0, ""date"" : ""1224"", ""bank_holiday_id"" : 51945}]}"
10001129,51949,"{""bhl"" : {""id"" : 51949, ""name"" : ""MATMUT_ANN_4mtB"", ""vpn_id"" : 10001129}, ""dates"" : [{""id"" : 0, ""date"" : ""0814"", ""bank_holiday_id"" : 51949}, {""id"" : 0, ""date"" : ""1031"", ""bank_holiday_id"" : 51949}, {""id"" : 0, ""date"" : ""1110"", ""bank_holiday_id"" : 51949}, {""id"" : 0, ""date"" : ""1224"", ""bank_holiday_id"" : 51949}]}"
10001129,51953,"{""bhl"" : {""id"" : 51953, ""name"" : ""MATMUT_ANG_AxQo"", ""vpn_id"" : 10001129}, ""dates"" : [{""id"" : 0, ""date"" : ""0814"", ""bank_holiday_id"" : 51953}, {""id"" : 0, ""date"" : ""1031"", ""bank_holiday_id"" : 51953}, {""id"" : 0, ""date"" : ""1110"", ""bank_holiday_id"" : 51953}, {""id"" : 0, ""date"" : ""1224"", ""bank_holiday_id"" : 51953}]}"
10001129,51966,"{""bhl"" : {""id"" : 51966, ""name"" : ""MATMUT_LA__fKp5"", ""vpn_id"" : 10001129}, ""dates"" : [{""id"" : 0, ""date"" : ""0814"", ""bank_holiday_id"" : 51966}, {""id"" : 0, ""date"" : ""1031"", ""bank_holiday_id"" : 51966}, {""id"" : 0, ""date"" : ""1110"", ""bank_holiday_id"" : 51966}, {""id"" : 0, ""date"" : ""1224"", ""bank_holiday_id"" : 51966}]}"
10001129,51967,"{""bhl"" : {""id"" : 51967, ""name"" : ""MATMUT_ANG_qAJ2"", ""vpn_id"" : 10001129}, ""dates"" : [{""id"" : 0, ""date"" : ""0814"", ""bank_holiday_id"" : 51967}, {""id"" : 0, ""date"" : ""1031"", ""bank_holiday_id"" : 51967}, {""id"" : 0, ""date"" : ""1110"", ""bank_holiday_id"" : 51967}, {""id"" : 0, ""date"" : ""1224"", ""bank_holiday_id"" : 51967}]}"
10001129,51968,"{""bhl"" : {""id"" : 51968, ""name"" : ""MATMUT_AUR_wC12"", ""vpn_id"" : 10001129}, ""dates"" : [{""id"" : 0, ""date"" : ""0814"", ""bank_holiday_id"" : 51968}, {""id"" : 0, ""date"" : ""1031"", ""bank_holiday_id"" : 51968}, {""id"" : 0, ""date"" : ""1110"", ""bank_holiday_id"" : 51968}, {""id"" : 0, ""date"" : ""1224"", ""bank_holiday_id"" : 51968}]}"
10001129,51973,"{""bhl"" : {""id"" : 51973, ""name"" : ""MATMUT_LOR_T9gL"", ""vpn_id"" : 10001129}, ""dates"" : [{""id"" : 0, ""date"" : ""0814"", ""bank_holiday_id"" : 51973}, {""id"" : 0, ""date"" : ""1031"", ""bank_holiday_id"" : 51973}, {""id"" : 0, ""date"" : ""1110"", ""bank_holiday_id"" : 51973}, {""id"" : 0, ""date"" : ""1224"", ""bank_holiday_id"" : 51973}]}"
10001129,51975,"{""bhl"" : {""id"" : 51975, ""name"" : ""MATMUT_CHA_RxlJ"", ""vpn_id"" : 10001129}, ""dates"" : [{""id"" : 0, ""date"" : ""0814"", ""bank_holiday_id"" : 51975}, {""id"" : 0, ""date"" : ""1031"", ""bank_holiday_id"" : 51975}, {""id"" : 0, ""date"" : ""1110"", ""bank_holiday_id"" : 51975}, {""id"" : 0, ""date"" : ""1224"", ""bank_holiday_id"" : 51975}]}"
10001129,51977,"{""bhl"" : {""id"" : 51977, ""name"" : ""MATMUT_COU_I8VI"", ""vpn_id"" : 10001129}, ""dates"" : [{""id"" : 0, ""date"" : ""0814"", ""bank_holiday_id"" : 51977}, {""id"" : 0, ""date"" : ""1031"", ""bank_holiday_id"" : 51977}, {""id"" : 0, ""date"" : ""1110"", ""bank_holiday_id"" : 51977}, {""id"" : 0, ""date"" : ""1224"", ""bank_holiday_id"" : 51977}]}"
10001129,51978,"{""bhl"" : {""id"" : 51978, ""name"" : ""MATMUT_GON_e15I"", ""vpn_id"" : 10001129}, ""dates"" : [{""id"" : 0, ""date"" : ""0814"", ""bank_holiday_id"" : 51978}, {""id"" : 0, ""date"" : ""1031"", ""bank_holiday_id"" : 51978}, {""id"" : 0, ""date"" : ""1110"", ""bank_holiday_id"" : 51978}, {""id"" : 0, ""date"" : ""1224"", ""bank_holiday_id"" : 51978}]}"
10001129,51979,"{""bhl"" : {""id"" : 51979, ""name"" : ""MATMUT_GUE_7gzX"", ""vpn_id"" : 10001129}, ""dates"" : [{""id"" : 0, ""date"" : ""0814"", ""bank_holiday_id"" : 51979}, {""id"" : 0, ""date"" : ""1031"", ""bank_holiday_id"" : 51979}, {""id"" : 0, ""date"" : ""1110"", ""bank_holiday_id"" : 51979}, {""id"" : 0, ""date"" : ""1224"", ""bank_holiday_id"" : 51979}]}"
10001129,51980,"{""bhl"" : {""id"" : 51980, ""name"" : ""MATMUT_LA__Wgkj"", ""vpn_id"" : 10001129}, ""dates"" : [{""id"" : 0, ""date"" : ""0814"", ""bank_holiday_id"" : 51980}, {""id"" : 0, ""date"" : ""1031"", ""bank_holiday_id"" : 51980}, {""id"" : 0, ""date"" : ""1110"", ""bank_holiday_id"" : 51980}, {""id"" : 0, ""date"" : ""1224"", ""bank_holiday_id"" : 51980}]}"
10001129,51981,"{""bhl"" : {""id"" : 51981, ""name"" : ""MATMUT_ISS_6WsB"", ""vpn_id"" : 10001129}, ""dates"" : [{""id"" : 0, ""date"" : ""0814"", ""bank_holiday_id"" : 51981}, {""id"" : 0, ""date"" : ""1031"", ""bank_holiday_id"" : 51981}, {""id"" : 0, ""date"" : ""1110"", ""bank_holiday_id"" : 51981}, {""id"" : 0, ""date"" : ""1224"", ""bank_holiday_id"" : 51981}]}"
10001129,51982,"{""bhl"" : {""id"" : 51982, ""name"" : ""MATMUT_LA__t0Zm"", ""vpn_id"" : 10001129}, ""dates"" : [{""id"" : 0, ""date"" : ""0814"", ""bank_holiday_id"" : 51982}, {""id"" : 0, ""date"" : ""1031"", ""bank_holiday_id"" : 51982}, {""id"" : 0, ""date"" : ""1110"", ""bank_holiday_id"" : 51982}, {""id"" : 0, ""date"" : ""1224"", ""bank_holiday_id"" : 51982}]}"
10001129,51983,"{""bhl"" : {""id"" : 51983, ""name"" : ""MATMUT_LA__ERtM"", ""vpn_id"" : 10001129}, ""dates"" : [{""id"" : 0, ""date"" : ""0814"", ""bank_holiday_id"" : 51983}, {""id"" : 0, ""date"" : ""1031"", ""bank_holiday_id"" : 51983}, {""id"" : 0, ""date"" : ""1110"", ""bank_holiday_id"" : 51983}, {""id"" : 0, ""date"" : ""1224"", ""bank_holiday_id"" : 51983}]}"
10001129,51984,"{""bhl"" : {""id"" : 51984, ""name"" : ""MATMUT_LA__rAvv"", ""vpn_id"" : 10001129}, ""dates"" : [{""id"" : 0, ""date"" : ""0814"", ""bank_holiday_id"" : 51984}, {""id"" : 0, ""date"" : ""1031"", ""bank_holiday_id"" : 51984}, {""id"" : 0, ""date"" : ""1110"", ""bank_holiday_id"" : 51984}, {""id"" : 0, ""date"" : ""1224"", ""bank_holiday_id"" : 51984}]}"
10001129,51985,"{""bhl"" : {""id"" : 51985, ""name"" : ""MATMUT_LES_GVZL"", ""vpn_id"" : 10001129}, ""dates"" : [{""id"" : 0, ""date"" : ""0814"", ""bank_holiday_id"" : 51985}, {""id"" : 0, ""date"" : ""1031"", ""bank_holiday_id"" : 51985}, {""id"" : 0, ""date"" : ""1110"", ""bank_holiday_id"" : 51985}, {""id"" : 0, ""date"" : ""1224"", ""bank_holiday_id"" : 51985}]}"
10001129,51986,"{""bhl"" : {""id"" : 51986, ""name"" : ""MATMUT_LIB_pUF9"", ""vpn_id"" : 10001129}, ""dates"" : [{""id"" : 0, ""date"" : ""0814"", ""bank_holiday_id"" : 51986}, {""id"" : 0, ""date"" : ""1031"", ""bank_holiday_id"" : 51986}, {""id"" : 0, ""date"" : ""1110"", ""bank_holiday_id"" : 51986}, {""id"" : 0, ""date"" : ""1224"", ""bank_holiday_id"" : 51986}]}"
10001129,51987,"{""bhl"" : {""id"" : 51987, ""name"" : ""MATMUT_MAY_ZJ6e"", ""vpn_id"" : 10001129}, ""dates"" : [{""id"" : 0, ""date"" : ""0814"", ""bank_holiday_id"" : 51987}, {""id"" : 0, ""date"" : ""1031"", ""bank_holiday_id"" : 51987}, {""id"" : 0, ""date"" : ""1110"", ""bank_holiday_id"" : 51987}, {""id"" : 0, ""date"" : ""1224"", ""bank_holiday_id"" : 51987}]}"
10001129,51988,"{""bhl"" : {""id"" : 51988, ""name"" : ""MATMUT_MOU_jtUy"", ""vpn_id"" : 10001129}, ""dates"" : [{""id"" : 0, ""date"" : ""0814"", ""bank_holiday_id"" : 51988}, {""id"" : 0, ""date"" : ""1031"", ""bank_holiday_id"" : 51988}, {""id"" : 0, ""date"" : ""1110"", ""bank_holiday_id"" : 51988}, {""id"" : 0, ""date"" : ""1224"", ""bank_holiday_id"" : 51988}]}"
10001129,51989,"{""bhl"" : {""id"" : 51989, ""name"" : ""MATMUT_MON_fW29"", ""vpn_id"" : 10001129}, ""dates"" : [{""id"" : 0, ""date"" : ""0814"", ""bank_holiday_id"" : 51989}, {""id"" : 0, ""date"" : ""1031"", ""bank_holiday_id"" : 51989}, {""id"" : 0, ""date"" : ""1110"", ""bank_holiday_id"" : 51989}, {""id"" : 0, ""date"" : ""1224"", ""bank_holiday_id"" : 51989}]}"
10001129,51990,"{""bhl"" : {""id"" : 51990, ""name"" : ""MATMUT_NIO_xEH3"", ""vpn_id"" : 10001129}, ""dates"" : [{""id"" : 0, ""date"" : ""0814"", ""bank_holiday_id"" : 51990}, {""id"" : 0, ""date"" : ""1031"", ""bank_holiday_id"" : 51990}, {""id"" : 0, ""date"" : ""1110"", ""bank_holiday_id"" : 51990}, {""id"" : 0, ""date"" : ""1224"", ""bank_holiday_id"" : 51990}]}"
10001129,51991,"{""bhl"" : {""id"" : 51991, ""name"" : ""MATMUT_RIO_5D48"", ""vpn_id"" : 10001129}, ""dates"" : [{""id"" : 0, ""date"" : ""0814"", ""bank_holiday_id"" : 51991}, {""id"" : 0, ""date"" : ""1031"", ""bank_holiday_id"" : 51991}, {""id"" : 0, ""date"" : ""1110"", ""bank_holiday_id"" : 51991}, {""id"" : 0, ""date"" : ""1224"", ""bank_holiday_id"" : 51991}]}"
3103,51144,"{""bhl"" : {""id"" : 51144, ""name"" : ""NEW_CALEND_5YYK"", ""vpn_id"" : 3103}, ""dates"" : []}"
10004685,51323,"{""bhl"" : {""id"" : 51323, ""name"" : ""CALENDAR_DA2FF3"", ""vpn_id"" : 10004685}, ""dates"" : [{""id"" : 0, ""date"" : ""0101"", ""bank_holiday_id"" : 51323}, {""id"" : 0, ""date"" : ""0406"", ""bank_holiday_id"" : 51323}, {""id"" : 0, ""date"" : ""0501"", ""bank_holiday_id"" : 51323}, {""id"" : 0, ""date"" : ""0508"", ""bank_holiday_id"" : 51323}, {""id"" : 0, ""date"" : ""0514"", ""bank_holiday_id"" : 51323}, {""id"" : 0, ""date"" : ""0525"", ""bank_holiday_id"" : 51323}, {""id"" : 0, ""date"" : ""0714"", ""bank_holiday_id"" : 51323}, {""id"" : 0, ""date"" : ""0815"", ""bank_holiday_id"" : 51323}, {""id"" : 0, ""date"" : ""1101"", ""bank_holiday_id"" : 51323}, {""id"" : 0, ""date"" : ""1111"", ""bank_holiday_id"" : 51323}, {""id"" : 0, ""date"" : ""1225"", ""bank_holiday_id"" : 51323}]}"
3149,51364,"{""bhl"" : {""id"" : 51364, ""name"" : ""MAINT_U0RN11U6D"", ""vpn_id"" : 3149}, ""dates"" : [{""id"" : 0, ""date"" : ""0601"", ""bank_holiday_id"" : 51364}, {""id"" : 0, ""date"" : ""0603"", ""bank_holiday_id"" : 51364}, {""id"" : 0, ""date"" : ""0604"", ""bank_holiday_id"" : 51364}, {""id"" : 0, ""date"" : ""0605"", ""bank_holiday_id"" : 51364}, {""id"" : 0, ""date"" : ""0606"", ""bank_holiday_id"" : 51364}, {""id"" : 0, ""date"" : ""0607"", ""bank_holiday_id"" : 51364}, {""id"" : 0, ""date"" : ""0608"", ""bank_holiday_id"" : 51364}, {""id"" : 0, ""date"" : ""0609"", ""bank_holiday_id"" : 51364}]}"
10009759,75663,"{""bhl"" : {""id"" : 75663, ""name"" : ""CALENDAR_357E26"", ""vpn_id"" : 10009759}, ""dates"" : [{""id"" : 0, ""date"" : ""0101"", ""bank_holiday_id"" : 75663}, {""id"" : 0, ""date"" : ""0406"", ""bank_holiday_id"" : 75663}, {""id"" : 0, ""date"" : ""0501"", ""bank_holiday_id"" : 75663}, {""id"" : 0, ""date"" : ""0508"", ""bank_holiday_id"" : 75663}, {""id"" : 0, ""date"" : ""0514"", ""bank_holiday_id"" : 75663}, {""id"" : 0, ""date"" : ""0525"", ""bank_holiday_id"" : 75663}, {""id"" : 0, ""date"" : ""0714"", ""bank_holiday_id"" : 75663}, {""id"" : 0, ""date"" : ""0815"", ""bank_holiday_id"" : 75663}, {""id"" : 0, ""date"" : ""1101"", ""bank_holiday_id"" : 75663}, {""id"" : 0, ""date"" : ""1111"", ""bank_holiday_id"" : 75663}, {""id"" : 0, ""date"" : ""1225"", ""bank_holiday_id"" : 75663}]}"
10000001,381,"{""bhl"" : {""id"" : 381, ""name"" : ""CAL_GORMON_WAVA"", ""vpn_id"" : 10000001}, ""dates"" : []}"
4580,861,"{""bhl"" : {""id"" : 861, ""name"" : ""KOSTAS1_W7KBX9V"", ""vpn_id"" : 4580}, ""dates"" : []}"
10009762,75665,"{""bhl"" : {""id"" : 75665, ""name"" : ""CALENDAR_E0F01F"", ""vpn_id"" : 10009762}, ""dates"" : [{""id"" : 0, ""date"" : ""0101"", ""bank_holiday_id"" : 75665}, {""id"" : 0, ""date"" : ""0406"", ""bank_holiday_id"" : 75665}, {""id"" : 0, ""date"" : ""0501"", ""bank_holiday_id"" : 75665}, {""id"" : 0, ""date"" : ""0508"", ""bank_holiday_id"" : 75665}, {""id"" : 0, ""date"" : ""0514"", ""bank_holiday_id"" : 75665}, {""id"" : 0, ""date"" : ""0525"", ""bank_holiday_id"" : 75665}, {""id"" : 0, ""date"" : ""0714"", ""bank_holiday_id"" : 75665}, {""id"" : 0, ""date"" : ""0815"", ""bank_holiday_id"" : 75665}, {""id"" : 0, ""date"" : ""1101"", ""bank_holiday_id"" : 75665}, {""id"" : 0, ""date"" : ""1111"", ""bank_holiday_id"" : 75665}, {""id"" : 0, ""date"" : ""1225"", ""bank_holiday_id"" : 75665}]}"
4760,2001,"{""bhl"" : {""id"" : 2001, ""name"" : ""IAIN_IMXLR04S9S"", ""vpn_id"" : 4760}, ""dates"" : []}"
10004206,2081,"{""bhl"" : {""id"" : 2081, ""name"" : ""SCOOP_MATI_ZN3M"", ""vpn_id"" : 10004206}, ""dates"" : []}"
3990,2121,"{""bhl"" : {""id"" : 2121, ""name"" : ""IAIN_K8GLEZHAHC"", ""vpn_id"" : 3990}, ""dates"" : []}"
10002035,75702,"{""bhl"" : {""id"" : 75702, ""name"" : ""CALENDRIER_ULQD"", ""vpn_id"" : 10002035}, ""dates"" : []}"
10004745,75803,"{""bhl"" : {""id"" : 75803, ""name"" : ""CALENDAR_21D4FC"", ""vpn_id"" : 10004745}, ""dates"" : [{""id"" : 0, ""date"" : ""0101"", ""bank_holiday_id"" : 75803}, {""id"" : 0, ""date"" : ""0406"", ""bank_holiday_id"" : 75803}, {""id"" : 0, ""date"" : ""0501"", ""bank_holiday_id"" : 75803}, {""id"" : 0, ""date"" : ""0508"", ""bank_holiday_id"" : 75803}, {""id"" : 0, ""date"" : ""0514"", ""bank_holiday_id"" : 75803}, {""id"" : 0, ""date"" : ""0525"", ""bank_holiday_id"" : 75803}, {""id"" : 0, ""date"" : ""0714"", ""bank_holiday_id"" : 75803}, {""id"" : 0, ""date"" : ""0815"", ""bank_holiday_id"" : 75803}, {""id"" : 0, ""date"" : ""1101"", ""bank_holiday_id"" : 75803}, {""id"" : 0, ""date"" : ""1111"", ""bank_holiday_id"" : 75803}, {""id"" : 0, ""date"" : ""1225"", ""bank_holiday_id"" : 75803}]}"
10010092,75844,"{""bhl"" : {""id"" : 75844, ""name"" : ""CALENDAR_006B33"", ""vpn_id"" : 10010092}, ""dates"" : [{""id"" : 0, ""date"" : ""0101"", ""bank_holiday_id"" : 75844}, {""id"" : 0, ""date"" : ""0406"", ""bank_holiday_id"" : 75844}, {""id"" : 0, ""date"" : ""0501"", ""bank_holiday_id"" : 75844}, {""id"" : 0, ""date"" : ""0508"", ""bank_holiday_id"" : 75844}, {""id"" : 0, ""date"" : ""0514"", ""bank_holiday_id"" : 75844}, {""id"" : 0, ""date"" : ""0525"", ""bank_holiday_id"" : 75844}, {""id"" : 0, ""date"" : ""0714"", ""bank_holiday_id"" : 75844}, {""id"" : 0, ""date"" : ""0815"", ""bank_holiday_id"" : 75844}, {""id"" : 0, ""date"" : ""1101"", ""bank_holiday_id"" : 75844}, {""id"" : 0, ""date"" : ""1111"", ""bank_holiday_id"" : 75844}, {""id"" : 0, ""date"" : ""1225"", ""bank_holiday_id"" : 75844}]}"
10005490,75862,"{""bhl"" : {""id"" : 75862, ""name"" : ""CALENDRIER_F9DU"", ""vpn_id"" : 10005490}, ""dates"" : []}"
10014088,75931,"{""bhl"" : {""id"" : 75931, ""name"" : ""FERIES_TES_5G6L"", ""vpn_id"" : 10014088}, ""dates"" : []}"
10005796,75966,"{""bhl"" : {""id"" : 75966, ""name"" : ""CALENDAR_36412F"", ""vpn_id"" : 10005796}, ""dates"" : [{""id"" : 0, ""date"" : ""0101"", ""bank_holiday_id"" : 75966}, {""id"" : 0, ""date"" : ""0406"", ""bank_holiday_id"" : 75966}, {""id"" : 0, ""date"" : ""0501"", ""bank_holiday_id"" : 75966}, {""id"" : 0, ""date"" : ""0508"", ""bank_holiday_id"" : 75966}, {""id"" : 0, ""date"" : ""0514"", ""bank_holiday_id"" : 75966}, {""id"" : 0, ""date"" : ""0525"", ""bank_holiday_id"" : 75966}, {""id"" : 0, ""date"" : ""0714"", ""bank_holiday_id"" : 75966}, {""id"" : 0, ""date"" : ""0815"", ""bank_holiday_id"" : 75966}, {""id"" : 0, ""date"" : ""1101"", ""bank_holiday_id"" : 75966}, {""id"" : 0, ""date"" : ""1111"", ""bank_holiday_id"" : 75966}, {""id"" : 0, ""date"" : ""1225"", ""bank_holiday_id"" : 75966}]}"
10003073,75703,"{""bhl"" : {""id"" : 75703, ""name"" : ""CALENDAR_FF3F9E"", ""vpn_id"" : 10003073}, ""dates"" : [{""id"" : 0, ""date"" : ""0101"", ""bank_holiday_id"" : 75703}, {""id"" : 0, ""date"" : ""0406"", ""bank_holiday_id"" : 75703}, {""id"" : 0, ""date"" : ""0501"", ""bank_holiday_id"" : 75703}, {""id"" : 0, ""date"" : ""0508"", ""bank_holiday_id"" : 75703}, {""id"" : 0, ""date"" : ""0514"", ""bank_holiday_id"" : 75703}, {""id"" : 0, ""date"" : ""0525"", ""bank_holiday_id"" : 75703}, {""id"" : 0, ""date"" : ""0714"", ""bank_holiday_id"" : 75703}, {""id"" : 0, ""date"" : ""0815"", ""bank_holiday_id"" : 75703}, {""id"" : 0, ""date"" : ""1101"", ""bank_holiday_id"" : 75703}, {""id"" : 0, ""date"" : ""1111"", ""bank_holiday_id"" : 75703}, {""id"" : 0, ""date"" : ""1225"", ""bank_holiday_id"" : 75703}]}"
10009821,75707,"{""bhl"" : {""id"" : 75707, ""name"" : ""CALENDAR_757324"", ""vpn_id"" : 10009821}, ""dates"" : [{""id"" : 0, ""date"" : ""0101"", ""bank_holiday_id"" : 75707}, {""id"" : 0, ""date"" : ""0406"", ""bank_holiday_id"" : 75707}, {""id"" : 0, ""date"" : ""0501"", ""bank_holiday_id"" : 75707}, {""id"" : 0, ""date"" : ""0508"", ""bank_holiday_id"" : 75707}, {""id"" : 0, ""date"" : ""0514"", ""bank_holiday_id"" : 75707}, {""id"" : 0, ""date"" : ""0525"", ""bank_holiday_id"" : 75707}, {""id"" : 0, ""date"" : ""0714"", ""bank_holiday_id"" : 75707}, {""id"" : 0, ""date"" : ""0815"", ""bank_holiday_id"" : 75707}, {""id"" : 0, ""date"" : ""1101"", ""bank_holiday_id"" : 75707}, {""id"" : 0, ""date"" : ""1111"", ""bank_holiday_id"" : 75707}, {""id"" : 0, ""date"" : ""1225"", ""bank_holiday_id"" : 75707}]}"
10009853,75709,"{""bhl"" : {""id"" : 75709, ""name"" : ""CALENDAR_AEA962"", ""vpn_id"" : 10009853}, ""dates"" : [{""id"" : 0, ""date"" : ""0101"", ""bank_holiday_id"" : 75709}, {""id"" : 0, ""date"" : ""0406"", ""bank_holiday_id"" : 75709}, {""id"" : 0, ""date"" : ""0501"", ""bank_holiday_id"" : 75709}, {""id"" : 0, ""date"" : ""0508"", ""bank_holiday_id"" : 75709}, {""id"" : 0, ""date"" : ""0514"", ""bank_holiday_id"" : 75709}, {""id"" : 0, ""date"" : ""0525"", ""bank_holiday_id"" : 75709}, {""id"" : 0, ""date"" : ""0714"", ""bank_holiday_id"" : 75709}, {""id"" : 0, ""date"" : ""0815"", ""bank_holiday_id"" : 75709}, {""id"" : 0, ""date"" : ""1101"", ""bank_holiday_id"" : 75709}, {""id"" : 0, ""date"" : ""1111"", ""bank_holiday_id"" : 75709}, {""id"" : 0, ""date"" : ""1225"", ""bank_holiday_id"" : 75709}]}"
10009871,75712,"{""bhl"" : {""id"" : 75712, ""name"" : ""CALENDAR_3526DC"", ""vpn_id"" : 10009871}, ""dates"" : [{""id"" : 0, ""date"" : ""0101"", ""bank_holiday_id"" : 75712}, {""id"" : 0, ""date"" : ""0406"", ""bank_holiday_id"" : 75712}, {""id"" : 0, ""date"" : ""0501"", ""bank_holiday_id"" : 75712}, {""id"" : 0, ""date"" : ""0508"", ""bank_holiday_id"" : 75712}, {""id"" : 0, ""date"" : ""0514"", ""bank_holiday_id"" : 75712}, {""id"" : 0, ""date"" : ""0525"", ""bank_holiday_id"" : 75712}, {""id"" : 0, ""date"" : ""0714"", ""bank_holiday_id"" : 75712}, {""id"" : 0, ""date"" : ""0815"", ""bank_holiday_id"" : 75712}, {""id"" : 0, ""date"" : ""1101"", ""bank_holiday_id"" : 75712}, {""id"" : 0, ""date"" : ""1111"", ""bank_holiday_id"" : 75712}, {""id"" : 0, ""date"" : ""1225"", ""bank_holiday_id"" : 75712}]}"
10009763,75724,"{""bhl"" : {""id"" : 75724, ""name"" : ""CALENDAR_0B9E2D"", ""vpn_id"" : 10009763}, ""dates"" : [{""id"" : 0, ""date"" : ""0101"", ""bank_holiday_id"" : 75724}, {""id"" : 0, ""date"" : ""0406"", ""bank_holiday_id"" : 75724}, {""id"" : 0, ""date"" : ""0501"", ""bank_holiday_id"" : 75724}, {""id"" : 0, ""date"" : ""0508"", ""bank_holiday_id"" : 75724}, {""id"" : 0, ""date"" : ""0514"", ""bank_holiday_id"" : 75724}, {""id"" : 0, ""date"" : ""0525"", ""bank_holiday_id"" : 75724}, {""id"" : 0, ""date"" : ""0714"", ""bank_holiday_id"" : 75724}, {""id"" : 0, ""date"" : ""0815"", ""bank_holiday_id"" : 75724}, {""id"" : 0, ""date"" : ""1101"", ""bank_holiday_id"" : 75724}, {""id"" : 0, ""date"" : ""1111"", ""bank_holiday_id"" : 75724}, {""id"" : 0, ""date"" : ""1225"", ""bank_holiday_id"" : 75724}]}"
10009897,75742,"{""bhl"" : {""id"" : 75742, ""name"" : ""CALENDAR_E10CF5"", ""vpn_id"" : 10009897}, ""dates"" : [{""id"" : 0, ""date"" : ""0101"", ""bank_holiday_id"" : 75742}, {""id"" : 0, ""date"" : ""0406"", ""bank_holiday_id"" : 75742}, {""id"" : 0, ""date"" : ""0501"", ""bank_holiday_id"" : 75742}, {""id"" : 0, ""date"" : ""0508"", ""bank_holiday_id"" : 75742}, {""id"" : 0, ""date"" : ""0514"", ""bank_holiday_id"" : 75742}, {""id"" : 0, ""date"" : ""0525"", ""bank_holiday_id"" : 75742}, {""id"" : 0, ""date"" : ""0714"", ""bank_holiday_id"" : 75742}, {""id"" : 0, ""date"" : ""0815"", ""bank_holiday_id"" : 75742}, {""id"" : 0, ""date"" : ""1101"", ""bank_holiday_id"" : 75742}, {""id"" : 0, ""date"" : ""1111"", ""bank_holiday_id"" : 75742}, {""id"" : 0, ""date"" : ""1225"", ""bank_holiday_id"" : 75742}]}"
3211,161,"{""bhl"" : {""id"" : 161, ""name"" : ""Liste GIPSE"", ""vpn_id"" : 3211}, ""dates"" : [{""id"" : 0, ""date"" : ""0101"", ""bank_holiday_id"" : 161}, {""id"" : 0, ""date"" : ""0501"", ""bank_holiday_id"" : 161}, {""id"" : 0, ""date"" : ""0508"", ""bank_holiday_id"" : 161}, {""id"" : 0, ""date"" : ""0714"", ""bank_holiday_id"" : 161}, {""id"" : 0, ""date"" : ""1231"", ""bank_holiday_id"" : 161}]}"
3211,141,"{""bhl"" : {""id"" : 141, ""name"" : ""Liste Marseille"", ""vpn_id"" : 3211}, ""dates"" : [{""id"" : 0, ""date"" : ""0531"", ""bank_holiday_id"" : 141}, {""id"" : 0, ""date"" : ""0714"", ""bank_holiday_id"" : 141}]}"
3211,162,"{""bhl"" : {""id"" : 162, ""name"" : ""Liste BCA"", ""vpn_id"" : 3211}, ""dates"" : [{""id"" : 0, ""date"" : ""0531"", ""bank_holiday_id"" : 162}, {""id"" : 0, ""date"" : ""0601"", ""bank_holiday_id"" : 162}]}"
5141,163,"{""bhl"" : {""id"" : 163, ""name"" : ""JOUR_FERIE"", ""vpn_id"" : 5141}, ""dates"" : [{""id"" : 0, ""date"" : ""0401"", ""bank_holiday_id"" : 163}, {""id"" : 0, ""date"" : ""0501"", ""bank_holiday_id"" : 163}, {""id"" : 0, ""date"" : ""0508"", ""bank_holiday_id"" : 163}, {""id"" : 0, ""date"" : ""0509"", ""bank_holiday_id"" : 163}, {""id"" : 0, ""date"" : ""0510"", ""bank_holiday_id"" : 163}, {""id"" : 0, ""date"" : ""0520"", ""bank_holiday_id"" : 163}]}"
10000001,181,"{""bhl"" : {""id"" : 181, ""name"" : ""aaa"", ""vpn_id"" : 10000001}, ""dates"" : []}"
5141,201,"{""bhl"" : {""id"" : 201, ""name"" : ""RENVOI"", ""vpn_id"" : 5141}, ""dates"" : []}"
3255,221,"{""bhl"" : {""id"" : 221, ""name"" : ""Germany"", ""vpn_id"" : 3255}, ""dates"" : [{""id"" : 0, ""date"" : ""0101"", ""bank_holiday_id"" : 221}, {""id"" : 0, ""date"" : ""0106"", ""bank_holiday_id"" : 221}, {""id"" : 0, ""date"" : ""0406"", ""bank_holiday_id"" : 221}, {""id"" : 0, ""date"" : ""0408"", ""bank_holiday_id"" : 221}, {""id"" : 0, ""date"" : ""0409"", ""bank_holiday_id"" : 221}, {""id"" : 0, ""date"" : ""0501"", ""bank_holiday_id"" : 221}, {""id"" : 0, ""date"" : ""0517"", ""bank_holiday_id"" : 221}, {""id"" : 0, ""date"" : ""0527"", ""bank_holiday_id"" : 221}, {""id"" : 0, ""date"" : ""0528"", ""bank_holiday_id"" : 221}, {""id"" : 0, ""date"" : ""0607"", ""bank_holiday_id"" : 221}, {""id"" : 0, ""date"" : ""0815"", ""bank_holiday_id"" : 221}, {""id"" : 0, ""date"" : ""1003"", ""bank_holiday_id"" : 221}, {""id"" : 0, ""date"" : ""1031"", ""bank_holiday_id"" : 221}, {""id"" : 0, ""date"" : ""1101"", ""bank_holiday_id"" : 221}, {""id"" : 0, ""date"" : ""1225"", ""bank_holiday_id"" : 221}]}"
3255,222,"{""bhl"" : {""id"" : 222, ""name"" : ""Switzerland"", ""vpn_id"" : 3255}, ""dates"" : [{""id"" : 0, ""date"" : ""0101"", ""bank_holiday_id"" : 222}, {""id"" : 0, ""date"" : ""0406"", ""bank_holiday_id"" : 222}, {""id"" : 0, ""date"" : ""0409"", ""bank_holiday_id"" : 222}, {""id"" : 0, ""date"" : ""0517"", ""bank_holiday_id"" : 222}, {""id"" : 0, ""date"" : ""0528"", ""bank_holiday_id"" : 222}, {""id"" : 0, ""date"" : ""0801"", ""bank_holiday_id"" : 222}, {""id"" : 0, ""date"" : ""0906"", ""bank_holiday_id"" : 222}, {""id"" : 0, ""date"" : ""1225"", ""bank_holiday_id"" : 222}, {""id"" : 0, ""date"" : ""1231"", ""bank_holiday_id"" : 222}]}"
3520,164,"{""bhl"" : {""id"" : 164, ""name"" : ""3520_ACC_NLD"", ""vpn_id"" : 3520}, ""dates"" : []}"
3998,142,"{""bhl"" : {""id"" : 142, ""name"" : ""Haitham"", ""vpn_id"" : 3998}, ""dates"" : [{""id"" : 0, ""date"" : ""0211"", ""bank_holiday_id"" : 142}]}"
3103,182,"{""bhl"" : {""id"" : 182, ""name"" : ""Helpline Eramet"", ""vpn_id"" : 3103}, ""dates"" : []}"
3649,1381,"{""bhl"" : {""id"" : 1381, ""name"" : ""IAIN_CAL_MQRJQT"", ""vpn_id"" : 3649}, ""dates"" : [{""id"" : 0, ""date"" : ""0330"", ""bank_holiday_id"" : 1381}, {""id"" : 0, ""date"" : ""0331"", ""bank_holiday_id"" : 1381}]}"
10003777,2022,"{""bhl"" : {""id"" : 2022, ""name"" : ""FABRIQUE_I_qiw5"", ""vpn_id"" : 10003777}, ""dates"" : [{""id"" : 0, ""date"" : ""0101"", ""bank_holiday_id"" : 2022}, {""id"" : 0, ""date"" : ""0401"", ""bank_holiday_id"" : 2022}, {""id"" : 0, ""date"" : ""0430"", ""bank_holiday_id"" : 2022}, {""id"" : 0, ""date"" : ""0507"", ""bank_holiday_id"" : 2022}, {""id"" : 0, ""date"" : ""0509"", ""bank_holiday_id"" : 2022}, {""id"" : 0, ""date"" : ""0520"", ""bank_holiday_id"" : 2022}, {""id"" : 0, ""date"" : ""0713"", ""bank_holiday_id"" : 2022}, {""id"" : 0, ""date"" : ""0814"", ""bank_holiday_id"" : 2022}, {""id"" : 0, ""date"" : ""1101"", ""bank_holiday_id"" : 2022}, {""id"" : 0, ""date"" : ""1111"", ""bank_holiday_id"" : 2022}, {""id"" : 0, ""date"" : ""1225"", ""bank_holiday_id"" : 2022}]}"
10002094,76247,"{""bhl"" : {""id"" : 76247, ""name"" : ""NOUVEAU_CA_J3VR"", ""vpn_id"" : 10002094}, ""dates"" : []}"
10002044,76063,"{""bhl"" : {""id"" : 76063, ""name"" : ""CALENDAR_F9B6F2"", ""vpn_id"" : 10002044}, ""dates"" : [{""id"" : 0, ""date"" : ""0101"", ""bank_holiday_id"" : 76063}, {""id"" : 0, ""date"" : ""0406"", ""bank_holiday_id"" : 76063}, {""id"" : 0, ""date"" : ""0501"", ""bank_holiday_id"" : 76063}, {""id"" : 0, ""date"" : ""0508"", ""bank_holiday_id"" : 76063}, {""id"" : 0, ""date"" : ""0514"", ""bank_holiday_id"" : 76063}, {""id"" : 0, ""date"" : ""0525"", ""bank_holiday_id"" : 76063}, {""id"" : 0, ""date"" : ""0714"", ""bank_holiday_id"" : 76063}, {""id"" : 0, ""date"" : ""0815"", ""bank_holiday_id"" : 76063}, {""id"" : 0, ""date"" : ""1101"", ""bank_holiday_id"" : 76063}, {""id"" : 0, ""date"" : ""1111"", ""bank_holiday_id"" : 76063}, {""id"" : 0, ""date"" : ""1225"", ""bank_holiday_id"" : 76063}]}"
10004661,76064,"{""bhl"" : {""id"" : 76064, ""name"" : ""CALENDAR_F74150"", ""vpn_id"" : 10004661}, ""dates"" : [{""id"" : 0, ""date"" : ""0101"", ""bank_holiday_id"" : 76064}, {""id"" : 0, ""date"" : ""0406"", ""bank_holiday_id"" : 76064}, {""id"" : 0, ""date"" : ""0501"", ""bank_holiday_id"" : 76064}, {""id"" : 0, ""date"" : ""0508"", ""bank_holiday_id"" : 76064}, {""id"" : 0, ""date"" : ""0514"", ""bank_holiday_id"" : 76064}, {""id"" : 0, ""date"" : ""0525"", ""bank_holiday_id"" : 76064}, {""id"" : 0, ""date"" : ""0714"", ""bank_holiday_id"" : 76064}, {""id"" : 0, ""date"" : ""0815"", ""bank_holiday_id"" : 76064}, {""id"" : 0, ""date"" : ""1101"", ""bank_holiday_id"" : 76064}, {""id"" : 0, ""date"" : ""1111"", ""bank_holiday_id"" : 76064}, {""id"" : 0, ""date"" : ""1225"", ""bank_holiday_id"" : 76064}]}"
10010188,76066,"{""bhl"" : {""id"" : 76066, ""name"" : ""PLANIFICAT_EFTR"", ""vpn_id"" : 10010188}, ""dates"" : []}"
7268,75762,"{""bhl"" : {""id"" : 75762, ""name"" : ""z7268_000000286"", ""vpn_id"" : 7268}, ""dates"" : [{""id"" : 0, ""date"" : ""0211"", ""bank_holiday_id"" : 75762}, {""id"" : 0, ""date"" : ""0212"", ""bank_holiday_id"" : 75762}, {""id"" : 0, ""date"" : ""0213"", ""bank_holiday_id"" : 75762}, {""id"" : 0, ""date"" : ""0214"", ""bank_holiday_id"" : 75762}, {""id"" : 0, ""date"" : ""0215"", ""bank_holiday_id"" : 75762}, {""id"" : 0, ""date"" : ""0216"", ""bank_holiday_id"" : 75762}, {""id"" : 0, ""date"" : ""0408"", ""bank_holiday_id"" : 75762}, {""id"" : 0, ""date"" : ""0409"", ""bank_holiday_id"" : 75762}, {""id"" : 0, ""date"" : ""0410"", ""bank_holiday_id"" : 75762}, {""id"" : 0, ""date"" : ""0411"", ""bank_holiday_id"" : 75762}, {""id"" : 0, ""date"" : ""0412"", ""bank_holiday_id"" : 75762}, {""id"" : 0, ""date"" : ""0413"", ""bank_holiday_id"" : 75762}, {""id"" : 0, ""date"" : ""0708"", ""bank_holiday_id"" : 75762}, {""id"" : 0, ""date"" : ""0709"", ""bank_holiday_id"" : 75762}, {""id"" : 0, ""date"" : ""0710"", ""bank_holiday_id"" : 75762}, {""id"" : 0, ""date"" : ""0711"", ""bank_holiday_id"" : 75762}, {""id"" : 0, ""date"" : ""0712"", ""bank_holiday_id"" : 75762}, {""id"" : 0, ""date"" : ""0713"", ""bank_holiday_id"" : 75762}, {""id"" : 0, ""date"" : ""0826"", ""bank_holiday_id"" : 75762}, {""id"" : 0, ""date"" : ""0827"", ""bank_holiday_id"" : 75762}, {""id"" : 0, ""date"" : ""0828"", ""bank_holiday_id"" : 75762}, {""id"" : 0, ""date"" : ""0829"", ""bank_holiday_id"" : 75762}, {""id"" : 0, ""date"" : ""0830"", ""bank_holiday_id"" : 75762}, {""id"" : 0, ""date"" : ""0831"", ""bank_holiday_id"" : 75762}, {""id"" : 0, ""date"" : ""0930"", ""bank_holiday_id"" : 75762}, {""id"" : 0, ""date"" : ""1001"", ""bank_holiday_id"" : 75762}, {""id"" : 0, ""date"" : ""1002"", ""bank_holiday_id"" : 75762}, {""id"" : 0, ""date"" : ""1003"", ""bank_holiday_id"" : 75762}, {""id"" : 0, ""date"" : ""1004"", ""bank_holiday_id"" : 75762}, {""id"" : 0, ""date"" : ""1005"", ""bank_holiday_id"" : 75762}, {""id"" : 0, ""date"" : ""1020"", ""bank_holiday_id"" : 75762}, {""id"" : 0, ""date"" : ""1105"", ""bank_holiday_id"" : 75762}, {""id"" : 0, ""date"" : ""1106"", ""bank_holiday_id"" : 75762}, {""id"" : 0, ""date"" : ""1107"", ""bank_holiday_id"" : 75762}, {""id"" : 0, ""date"" : ""1108"", ""bank_holiday_id"" : 75762}, {""id"" : 0, ""date"" : ""1109"", ""bank_holiday_id"" : 75762}, {""id"" : 0, ""date"" : ""1110"", ""bank_holiday_id"" : 75762}, {""id"" : 0, ""date"" : ""1126"", ""bank_holiday_id"" : 75762}, {""id"" : 0, ""date"" : ""1127"", ""bank_holiday_id"" : 75762}, {""id"" : 0, ""date"" : ""1128"", ""bank_holiday_id"" : 75762}, {""id"" : 0, ""date"" : ""1129"", ""bank_holiday_id"" : 75762}, {""id"" : 0, ""date"" : ""1130"", ""bank_holiday_id"" : 75762}, {""id"" : 0, ""date"" : ""1201"", ""bank_holiday_id"" : 75762}]}"
10003289,76068,"{""bhl"" : {""id"" : 76068, ""name"" : ""CALENDAR_F59B6D"", ""vpn_id"" : 10003289}, ""dates"" : [{""id"" : 0, ""date"" : ""0101"", ""bank_holiday_id"" : 76068}, {""id"" : 0, ""date"" : ""0406"", ""bank_holiday_id"" : 76068}, {""id"" : 0, ""date"" : ""0501"", ""bank_holiday_id"" : 76068}, {""id"" : 0, ""date"" : ""0508"", ""bank_holiday_id"" : 76068}, {""id"" : 0, ""date"" : ""0514"", ""bank_holiday_id"" : 76068}, {""id"" : 0, ""date"" : ""0525"", ""bank_holiday_id"" : 76068}, {""id"" : 0, ""date"" : ""0714"", ""bank_holiday_id"" : 76068}, {""id"" : 0, ""date"" : ""0815"", ""bank_holiday_id"" : 76068}, {""id"" : 0, ""date"" : ""1101"", ""bank_holiday_id"" : 76068}, {""id"" : 0, ""date"" : ""1111"", ""bank_holiday_id"" : 76068}, {""id"" : 0, ""date"" : ""1225"", ""bank_holiday_id"" : 76068}]}"
10010354,76075,"{""bhl"" : {""id"" : 76075, ""name"" : ""CALENDAR_F9D477"", ""vpn_id"" : 10010354}, ""dates"" : [{""id"" : 0, ""date"" : ""0101"", ""bank_holiday_id"" : 76075}, {""id"" : 0, ""date"" : ""0406"", ""bank_holiday_id"" : 76075}, {""id"" : 0, ""date"" : ""0501"", ""bank_holiday_id"" : 76075}, {""id"" : 0, ""date"" : ""0508"", ""bank_holiday_id"" : 76075}, {""id"" : 0, ""date"" : ""0514"", ""bank_holiday_id"" : 76075}, {""id"" : 0, ""date"" : ""0525"", ""bank_holiday_id"" : 76075}, {""id"" : 0, ""date"" : ""0714"", ""bank_holiday_id"" : 76075}, {""id"" : 0, ""date"" : ""0815"", ""bank_holiday_id"" : 76075}, {""id"" : 0, ""date"" : ""1101"", ""bank_holiday_id"" : 76075}, {""id"" : 0, ""date"" : ""1111"", ""bank_holiday_id"" : 76075}, {""id"" : 0, ""date"" : ""1225"", ""bank_holiday_id"" : 76075}]}"
10010366,76077,"{""bhl"" : {""id"" : 76077, ""name"" : ""CALENDAR_CD8FDA"", ""vpn_id"" : 10010366}, ""dates"" : [{""id"" : 0, ""date"" : ""0101"", ""bank_holiday_id"" : 76077}, {""id"" : 0, ""date"" : ""0406"", ""bank_holiday_id"" : 76077}, {""id"" : 0, ""date"" : ""0501"", ""bank_holiday_id"" : 76077}, {""id"" : 0, ""date"" : ""0508"", ""bank_holiday_id"" : 76077}, {""id"" : 0, ""date"" : ""0514"", ""bank_holiday_id"" : 76077}, {""id"" : 0, ""date"" : ""0525"", ""bank_holiday_id"" : 76077}, {""id"" : 0, ""date"" : ""0714"", ""bank_holiday_id"" : 76077}, {""id"" : 0, ""date"" : ""0815"", ""bank_holiday_id"" : 76077}, {""id"" : 0, ""date"" : ""1101"", ""bank_holiday_id"" : 76077}, {""id"" : 0, ""date"" : ""1111"", ""bank_holiday_id"" : 76077}, {""id"" : 0, ""date"" : ""1225"", ""bank_holiday_id"" : 76077}]}"
10010422,76183,"{""bhl"" : {""id"" : 76183, ""name"" : ""CALENDAR_C2F4D8"", ""vpn_id"" : 10010422}, ""dates"" : [{""id"" : 0, ""date"" : ""0101"", ""bank_holiday_id"" : 76183}, {""id"" : 0, ""date"" : ""0406"", ""bank_holiday_id"" : 76183}, {""id"" : 0, ""date"" : ""0501"", ""bank_holiday_id"" : 76183}, {""id"" : 0, ""date"" : ""0508"", ""bank_holiday_id"" : 76183}, {""id"" : 0, ""date"" : ""0514"", ""bank_holiday_id"" : 76183}, {""id"" : 0, ""date"" : ""0525"", ""bank_holiday_id"" : 76183}, {""id"" : 0, ""date"" : ""0714"", ""bank_holiday_id"" : 76183}, {""id"" : 0, ""date"" : ""0815"", ""bank_holiday_id"" : 76183}, {""id"" : 0, ""date"" : ""1101"", ""bank_holiday_id"" : 76183}, {""id"" : 0, ""date"" : ""1111"", ""bank_holiday_id"" : 76183}, {""id"" : 0, ""date"" : ""1225"", ""bank_holiday_id"" : 76183}]}"
10010445,76186,"{""bhl"" : {""id"" : 76186, ""name"" : ""CALENDAR_3ED21E"", ""vpn_id"" : 10010445}, ""dates"" : [{""id"" : 0, ""date"" : ""0101"", ""bank_holiday_id"" : 76186}, {""id"" : 0, ""date"" : ""0406"", ""bank_holiday_id"" : 76186}, {""id"" : 0, ""date"" : ""0501"", ""bank_holiday_id"" : 76186}, {""id"" : 0, ""date"" : ""0508"", ""bank_holiday_id"" : 76186}, {""id"" : 0, ""date"" : ""0514"", ""bank_holiday_id"" : 76186}, {""id"" : 0, ""date"" : ""0525"", ""bank_holiday_id"" : 76186}, {""id"" : 0, ""date"" : ""0714"", ""bank_holiday_id"" : 76186}, {""id"" : 0, ""date"" : ""0815"", ""bank_holiday_id"" : 76186}, {""id"" : 0, ""date"" : ""1101"", ""bank_holiday_id"" : 76186}, {""id"" : 0, ""date"" : ""1111"", ""bank_holiday_id"" : 76186}, {""id"" : 0, ""date"" : ""1225"", ""bank_holiday_id"" : 76186}]}"
10006884,76224,"{""bhl"" : {""id"" : 76224, ""name"" : ""JOURS_FÉRI_FVT1"", ""vpn_id"" : 10006884}, ""dates"" : [{""id"" : 0, ""date"" : ""0815"", ""bank_holiday_id"" : 76224}, {""id"" : 0, ""date"" : ""1101"", ""bank_holiday_id"" : 76224}, {""id"" : 0, ""date"" : ""1111"", ""bank_holiday_id"" : 76224}, {""id"" : 0, ""date"" : ""1225"", ""bank_holiday_id"" : 76224}]}"
10002778,76268,"{""bhl"" : {""id"" : 76268, ""name"" : ""CALENDAR_B02C86"", ""vpn_id"" : 10002778}, ""dates"" : [{""id"" : 0, ""date"" : ""0101"", ""bank_holiday_id"" : 76268}, {""id"" : 0, ""date"" : ""0406"", ""bank_holiday_id"" : 76268}, {""id"" : 0, ""date"" : ""0501"", ""bank_holiday_id"" : 76268}, {""id"" : 0, ""date"" : ""0508"", ""bank_holiday_id"" : 76268}, {""id"" : 0, ""date"" : ""0514"", ""bank_holiday_id"" : 76268}, {""id"" : 0, ""date"" : ""0525"", ""bank_holiday_id"" : 76268}, {""id"" : 0, ""date"" : ""0714"", ""bank_holiday_id"" : 76268}, {""id"" : 0, ""date"" : ""0815"", ""bank_holiday_id"" : 76268}, {""id"" : 0, ""date"" : ""1101"", ""bank_holiday_id"" : 76268}, {""id"" : 0, ""date"" : ""1111"", ""bank_holiday_id"" : 76268}, {""id"" : 0, ""date"" : ""1225"", ""bank_holiday_id"" : 76268}]}"
10005474,76228,"{""bhl"" : {""id"" : 76228, ""name"" : ""CALENDAR_6A18FD"", ""vpn_id"" : 10005474}, ""dates"" : [{""id"" : 0, ""date"" : ""0101"", ""bank_holiday_id"" : 76228}, {""id"" : 0, ""date"" : ""0406"", ""bank_holiday_id"" : 76228}, {""id"" : 0, ""date"" : ""0501"", ""bank_holiday_id"" : 76228}, {""id"" : 0, ""date"" : ""0508"", ""bank_holiday_id"" : 76228}, {""id"" : 0, ""date"" : ""0514"", ""bank_holiday_id"" : 76228}, {""id"" : 0, ""date"" : ""0525"", ""bank_holiday_id"" : 76228}, {""id"" : 0, ""date"" : ""0714"", ""bank_holiday_id"" : 76228}, {""id"" : 0, ""date"" : ""0815"", ""bank_holiday_id"" : 76228}, {""id"" : 0, ""date"" : ""1101"", ""bank_holiday_id"" : 76228}, {""id"" : 0, ""date"" : ""1111"", ""bank_holiday_id"" : 76228}, {""id"" : 0, ""date"" : ""1225"", ""bank_holiday_id"" : 76228}]}"
10010188,76369,"{""bhl"" : {""id"" : 76369, ""name"" : ""TEST_JO_EJZDTGG"", ""vpn_id"" : 10010188}, ""dates"" : []}"
10002942,76324,"{""bhl"" : {""id"" : 76324, ""name"" : ""CALENDAR_FA6FFF"", ""vpn_id"" : 10002942}, ""dates"" : [{""id"" : 0, ""date"" : ""0101"", ""bank_holiday_id"" : 76324}, {""id"" : 0, ""date"" : ""0406"", ""bank_holiday_id"" : 76324}, {""id"" : 0, ""date"" : ""0501"", ""bank_holiday_id"" : 76324}, {""id"" : 0, ""date"" : ""0508"", ""bank_holiday_id"" : 76324}, {""id"" : 0, ""date"" : ""0514"", ""bank_holiday_id"" : 76324}, {""id"" : 0, ""date"" : ""0525"", ""bank_holiday_id"" : 76324}, {""id"" : 0, ""date"" : ""0714"", ""bank_holiday_id"" : 76324}, {""id"" : 0, ""date"" : ""0815"", ""bank_holiday_id"" : 76324}, {""id"" : 0, ""date"" : ""1101"", ""bank_holiday_id"" : 76324}, {""id"" : 0, ""date"" : ""1111"", ""bank_holiday_id"" : 76324}, {""id"" : 0, ""date"" : ""1225"", ""bank_holiday_id"" : 76324}]}"
4752,223,"{""bhl"" : {""id"" : 223, ""name"" : ""Sweden Helpline"", ""vpn_id"" : 4752}, ""dates"" : []}"
10003942,901,"{""bhl"" : {""id"" : 901, ""name"" : ""CALENDAR_343251"", ""vpn_id"" : 10003942}, ""dates"" : []}"
4580,1621,"{""bhl"" : {""id"" : 1621, ""name"" : ""TEST_QOHL2LN8HS"", ""vpn_id"" : 4580}, ""dates"" : [{""id"" : 0, ""date"" : ""0101"", ""bank_holiday_id"" : 1621}, {""id"" : 0, ""date"" : ""0422"", ""bank_holiday_id"" : 1621}, {""id"" : 0, ""date"" : ""0501"", ""bank_holiday_id"" : 1621}, {""id"" : 0, ""date"" : ""0508"", ""bank_holiday_id"" : 1621}, {""id"" : 0, ""date"" : ""0530"", ""bank_holiday_id"" : 1621}, {""id"" : 0, ""date"" : ""0610"", ""bank_holiday_id"" : 1621}, {""id"" : 0, ""date"" : ""0714"", ""bank_holiday_id"" : 1621}, {""id"" : 0, ""date"" : ""0815"", ""bank_holiday_id"" : 1621}, {""id"" : 0, ""date"" : ""0903"", ""bank_holiday_id"" : 1621}, {""id"" : 0, ""date"" : ""1008"", ""bank_holiday_id"" : 1621}, {""id"" : 0, ""date"" : ""1101"", ""bank_holiday_id"" : 1621}, {""id"" : 0, ""date"" : ""1111"", ""bank_holiday_id"" : 1621}, {""id"" : 0, ""date"" : ""1122"", ""bank_holiday_id"" : 1621}, {""id"" : 0, ""date"" : ""1225"", ""bank_holiday_id"" : 1621}, {""id"" : 0, ""date"" : ""1226"", ""bank_holiday_id"" : 1621}]}"
10003963,1001,"{""bhl"" : {""id"" : 1001, ""name"" : ""CALENDAR_AEC670"", ""vpn_id"" : 10003963}, ""dates"" : []}"
3694,1141,"{""bhl"" : {""id"" : 1141, ""name"" : ""IAIN_T6KW8G8G2O"", ""vpn_id"" : 3694}, ""dates"" : [{""id"" : 0, ""date"" : ""0227"", ""bank_holiday_id"" : 1141}, {""id"" : 0, ""date"" : ""0228"", ""bank_holiday_id"" : 1141}]}"
3649,1361,"{""bhl"" : {""id"" : 1361, ""name"" : ""NEW_CALEND_KKHJ"", ""vpn_id"" : 3649}, ""dates"" : []}"
3250,1941,"{""bhl"" : {""id"" : 1941, ""name"" : ""IAIN_NPXRNLFQKW"", ""vpn_id"" : 3250}, ""dates"" : []}"
10004282,1981,"{""bhl"" : {""id"" : 1981, ""name"" : ""CALENDAR_A1867D"", ""vpn_id"" : 10004282}, ""dates"" : []}"
10003777,2021,"{""bhl"" : {""id"" : 2021, ""name"" : ""RTC_LA_FAB_W61z"", ""vpn_id"" : 10003777}, ""dates"" : [{""id"" : 0, ""date"" : ""0101"", ""bank_holiday_id"" : 2021}, {""id"" : 0, ""date"" : ""0401"", ""bank_holiday_id"" : 2021}, {""id"" : 0, ""date"" : ""0430"", ""bank_holiday_id"" : 2021}, {""id"" : 0, ""date"" : ""0507"", ""bank_holiday_id"" : 2021}, {""id"" : 0, ""date"" : ""0509"", ""bank_holiday_id"" : 2021}, {""id"" : 0, ""date"" : ""0520"", ""bank_holiday_id"" : 2021}, {""id"" : 0, ""date"" : ""0713"", ""bank_holiday_id"" : 2021}, {""id"" : 0, ""date"" : ""0814"", ""bank_holiday_id"" : 2021}, {""id"" : 0, ""date"" : ""1101"", ""bank_holiday_id"" : 2021}, {""id"" : 0, ""date"" : ""1111"", ""bank_holiday_id"" : 2021}, {""id"" : 0, ""date"" : ""1225"", ""bank_holiday_id"" : 2021}]}"
10000001,501,"{""bhl"" : {""id"" : 501, ""name"" : ""SITE_DE_LI_ARI5"", ""vpn_id"" : 10000001}, ""dates"" : []}"
10003777,701,"{""bhl"" : {""id"" : 701, ""name"" : ""NOMADE_FER_o235"", ""vpn_id"" : 10003777}, ""dates"" : [{""id"" : 0, ""date"" : ""0101"", ""bank_holiday_id"" : 701}, {""id"" : 0, ""date"" : ""0401"", ""bank_holiday_id"" : 701}, {""id"" : 0, ""date"" : ""0430"", ""bank_holiday_id"" : 701}, {""id"" : 0, ""date"" : ""0507"", ""bank_holiday_id"" : 701}, {""id"" : 0, ""date"" : ""0509"", ""bank_holiday_id"" : 701}, {""id"" : 0, ""date"" : ""0520"", ""bank_holiday_id"" : 701}, {""id"" : 0, ""date"" : ""0713"", ""bank_holiday_id"" : 701}, {""id"" : 0, ""date"" : ""0814"", ""bank_holiday_id"" : 701}, {""id"" : 0, ""date"" : ""1101"", ""bank_holiday_id"" : 701}, {""id"" : 0, ""date"" : ""1111"", ""bank_holiday_id"" : 701}, {""id"" : 0, ""date"" : ""1225"", ""bank_holiday_id"" : 701}]}"
4390,521,"{""bhl"" : {""id"" : 521, ""name"" : ""LALA_4DWYSUJFGW"", ""vpn_id"" : 4390}, ""dates"" : [{""id"" : 0, ""date"" : ""0101"", ""bank_holiday_id"" : 521}, {""id"" : 0, ""date"" : ""0417"", ""bank_holiday_id"" : 521}, {""id"" : 0, ""date"" : ""0501"", ""bank_holiday_id"" : 521}, {""id"" : 0, ""date"" : ""0508"", ""bank_holiday_id"" : 521}, {""id"" : 0, ""date"" : ""0525"", ""bank_holiday_id"" : 521}, {""id"" : 0, ""date"" : ""0714"", ""bank_holiday_id"" : 521}, {""id"" : 0, ""date"" : ""0815"", ""bank_holiday_id"" : 521}, {""id"" : 0, ""date"" : ""1101"", ""bank_holiday_id"" : 521}, {""id"" : 0, ""date"" : ""1111"", ""bank_holiday_id"" : 521}, {""id"" : 0, ""date"" : ""1225"", ""bank_holiday_id"" : 521}]}"
3895,2042,"{""bhl"" : {""id"" : 2042, ""name"" : ""NEW_CALEND_26ZF"", ""vpn_id"" : 3895}, ""dates"" : []}"
4369,2281,"{""bhl"" : {""id"" : 2281, ""name"" : ""NEW_CALEND_V00X"", ""vpn_id"" : 4369}, ""dates"" : []}"
5493,1741,"{""bhl"" : {""id"" : 1741, ""name"" : ""L_ORBRIE_F_W5Wz"", ""vpn_id"" : 5493}, ""dates"" : [{""id"" : 0, ""date"" : ""0101"", ""bank_holiday_id"" : 1741}, {""id"" : 0, ""date"" : ""0401"", ""bank_holiday_id"" : 1741}, {""id"" : 0, ""date"" : ""0430"", ""bank_holiday_id"" : 1741}, {""id"" : 0, ""date"" : ""0507"", ""bank_holiday_id"" : 1741}, {""id"" : 0, ""date"" : ""0509"", ""bank_holiday_id"" : 1741}, {""id"" : 0, ""date"" : ""0520"", ""bank_holiday_id"" : 1741}, {""id"" : 0, ""date"" : ""0714"", ""bank_holiday_id"" : 1741}, {""id"" : 0, ""date"" : ""0815"", ""bank_holiday_id"" : 1741}, {""id"" : 0, ""date"" : ""1101"", ""bank_holiday_id"" : 1741}, {""id"" : 0, ""date"" : ""1111"", ""bank_holiday_id"" : 1741}, {""id"" : 0, ""date"" : ""1225"", ""bank_holiday_id"" : 1741}]}"
4550,1441,"{""bhl"" : {""id"" : 1441, ""name"" : ""IAIN_ZD7R0WKUZK"", ""vpn_id"" : 4550}, ""dates"" : [{""id"" : 0, ""date"" : ""0524"", ""bank_holiday_id"" : 1441}, {""id"" : 0, ""date"" : ""0525"", ""bank_holiday_id"" : 1441}, {""id"" : 0, ""date"" : ""0526"", ""bank_holiday_id"" : 1441}]}"
4390,241,"{""bhl"" : {""id"" : 241, ""name"" : ""Thanksgiving"", ""vpn_id"" : 4390}, ""dates"" : [{""id"" : 0, ""date"" : ""1126"", ""bank_holiday_id"" : 241}]}"
4390,561,"{""bhl"" : {""id"" : 561, ""name"" : ""CALENDAR_B_C1ZV"", ""vpn_id"" : 4390}, ""dates"" : []}"
10000001,641,"{""bhl"" : {""id"" : 641, ""name"" : ""CALENDAR_37AC5B"", ""vpn_id"" : 10000001}, ""dates"" : []}"
3248,1542,"{""bhl"" : {""id"" : 1542, ""name"" : ""TEST_18_UPJ6NLX"", ""vpn_id"" : 3248}, ""dates"" : []}"
10003728,661,"{""bhl"" : {""id"" : 661, ""name"" : ""CALENDAR_E41CE8"", ""vpn_id"" : 10003728}, ""dates"" : []}"
10003728,681,"{""bhl"" : {""id"" : 681, ""name"" : ""TTYY_CNUK5YSHI8"", ""vpn_id"" : 10003728}, ""dates"" : []}"
10003876,761,"{""bhl"" : {""id"" : 761, ""name"" : ""CALENDAR_D80CEB"", ""vpn_id"" : 10003876}, ""dates"" : []}"
4580,862,"{""bhl"" : {""id"" : 862, ""name"" : ""NEW_CALEND_N2UE"", ""vpn_id"" : 4580}, ""dates"" : [{""id"" : 0, ""date"" : ""0101"", ""bank_holiday_id"" : 862}, {""id"" : 0, ""date"" : ""0414"", ""bank_holiday_id"" : 862}, {""id"" : 0, ""date"" : ""0417"", ""bank_holiday_id"" : 862}, {""id"" : 0, ""date"" : ""0501"", ""bank_holiday_id"" : 862}, {""id"" : 0, ""date"" : ""0529"", ""bank_holiday_id"" : 862}, {""id"" : 0, ""date"" : ""0828"", ""bank_holiday_id"" : 862}, {""id"" : 0, ""date"" : ""1225"", ""bank_holiday_id"" : 862}, {""id"" : 0, ""date"" : ""1226"", ""bank_holiday_id"" : 862}]}"
10003728,1061,"{""bhl"" : {""id"" : 1061, ""name"" : ""CAL3_P438A13EG0"", ""vpn_id"" : 10003728}, ""dates"" : []}"
10003860,741,"{""bhl"" : {""id"" : 741, ""name"" : ""CALENDAR_5D224A"", ""vpn_id"" : 10003860}, ""dates"" : []}"
3990,601,"{""bhl"" : {""id"" : 601, ""name"" : ""CALENDARUS_M6X4"", ""vpn_id"" : 3990}, ""dates"" : [{""id"" : 0, ""date"" : ""0101"", ""bank_holiday_id"" : 601}, {""id"" : 0, ""date"" : ""0115"", ""bank_holiday_id"" : 601}, {""id"" : 0, ""date"" : ""0219"", ""bank_holiday_id"" : 601}, {""id"" : 0, ""date"" : ""0528"", ""bank_holiday_id"" : 601}, {""id"" : 0, ""date"" : ""0704"", ""bank_holiday_id"" : 601}, {""id"" : 0, ""date"" : ""0904"", ""bank_holiday_id"" : 601}, {""id"" : 0, ""date"" : ""1009"", ""bank_holiday_id"" : 601}, {""id"" : 0, ""date"" : ""1111"", ""bank_holiday_id"" : 601}, {""id"" : 0, ""date"" : ""1123"", ""bank_holiday_id"" : 601}, {""id"" : 0, ""date"" : ""1225"", ""bank_holiday_id"" : 601}]}"
4752,202,"{""bhl"" : {""id"" : 202, ""name"" : ""Norway Helpline"", ""vpn_id"" : 4752}, ""dates"" : []}"
3974,1041,"{""bhl"" : {""id"" : 1041, ""name"" : ""IAIN_CALEN_0IWA"", ""vpn_id"" : 3974}, ""dates"" : [{""id"" : 0, ""date"" : ""0222"", ""bank_holiday_id"" : 1041}, {""id"" : 0, ""date"" : ""0223"", ""bank_holiday_id"" : 1041}, {""id"" : 0, ""date"" : ""0224"", ""bank_holiday_id"" : 1041}]}"
10004010,1281,"{""bhl"" : {""id"" : 1281, ""name"" : ""CALENDAR_E47B01"", ""vpn_id"" : 10004010}, ""dates"" : []}"
10004077,1481,"{""bhl"" : {""id"" : 1481, ""name"" : ""CALENDAR_E53E99"", ""vpn_id"" : 10004077}, ""dates"" : []}"
4660,1521,"{""bhl"" : {""id"" : 1521, ""name"" : ""IAIN_FE80XTEAOG"", ""vpn_id"" : 4660}, ""dates"" : []}"
3248,1543,"{""bhl"" : {""id"" : 1543, ""name"" : ""TEST_19_WE5XRYV"", ""vpn_id"" : 3248}, ""dates"" : []}"
3895,2041,"{""bhl"" : {""id"" : 2041, ""name"" : ""2017_SU213HH8XC"", ""vpn_id"" : 3895}, ""dates"" : []}"
4946,51121,"{""bhl"" : {""id"" : 51121, ""name"" : ""IAIN_W2XJI5DV34"", ""vpn_id"" : 4946}, ""dates"" : [{""id"" : 0, ""date"" : ""1225"", ""bank_holiday_id"" : 51121}, {""id"" : 0, ""date"" : ""1226"", ""bank_holiday_id"" : 51121}]}"
7268,76424,"{""bhl"" : {""id"" : 76424, ""name"" : ""z7268_000000336"", ""vpn_id"" : 7268}, ""dates"" : []}"
10004318,51142,"{""bhl"" : {""id"" : 51142, ""name"" : ""VFT_5BK9Z2U15HC"", ""vpn_id"" : 10004318}, ""dates"" : []}"
4986,51161,"{""bhl"" : {""id"" : 51161, ""name"" : ""IAIN_TWJEJCR040"", ""vpn_id"" : 4986}, ""dates"" : [{""id"" : 0, ""date"" : ""1225"", ""bank_holiday_id"" : 51161}, {""id"" : 0, ""date"" : ""1226"", ""bank_holiday_id"" : 51161}, {""id"" : 0, ""date"" : ""1227"", ""bank_holiday_id"" : 51161}, {""id"" : 0, ""date"" : ""1228"", ""bank_holiday_id"" : 51161}]}"
10004539,51182,"{""bhl"" : {""id"" : 51182, ""name"" : ""CALENDAR_E29735"", ""vpn_id"" : 10004539}, ""dates"" : [{""id"" : 0, ""date"" : ""0101"", ""bank_holiday_id"" : 51182}, {""id"" : 0, ""date"" : ""0406"", ""bank_holiday_id"" : 51182}, {""id"" : 0, ""date"" : ""0501"", ""bank_holiday_id"" : 51182}, {""id"" : 0, ""date"" : ""0508"", ""bank_holiday_id"" : 51182}, {""id"" : 0, ""date"" : ""0514"", ""bank_holiday_id"" : 51182}, {""id"" : 0, ""date"" : ""0525"", ""bank_holiday_id"" : 51182}, {""id"" : 0, ""date"" : ""0714"", ""bank_holiday_id"" : 51182}, {""id"" : 0, ""date"" : ""0815"", ""bank_holiday_id"" : 51182}, {""id"" : 0, ""date"" : ""1101"", ""bank_holiday_id"" : 51182}, {""id"" : 0, ""date"" : ""1111"", ""bank_holiday_id"" : 51182}, {""id"" : 0, ""date"" : ""1225"", ""bank_holiday_id"" : 51182}]}"
4946,51122,"{""bhl"" : {""id"" : 51122, ""name"" : ""NEW_CALEND_IE0E"", ""vpn_id"" : 4946}, ""dates"" : []}"
3855,1641,"{""bhl"" : {""id"" : 1641, ""name"" : ""UNTILL_14M_VDPH"", ""vpn_id"" : 3855}, ""dates"" : []}"
3723,1781,"{""bhl"" : {""id"" : 1781, ""name"" : ""IAIN_KTEYQQ76G0"", ""vpn_id"" : 3723}, ""dates"" : []}"
4946,1821,"{""bhl"" : {""id"" : 1821, ""name"" : ""IAIN_QW53WPRBZ4"", ""vpn_id"" : 4946}, ""dates"" : [{""id"" : 0, ""date"" : ""0620"", ""bank_holiday_id"" : 1821}, {""id"" : 0, ""date"" : ""0621"", ""bank_holiday_id"" : 1821}, {""id"" : 0, ""date"" : ""0816"", ""bank_holiday_id"" : 1821}, {""id"" : 0, ""date"" : ""0817"", ""bank_holiday_id"" : 1821}]}"
3250,1942,"{""bhl"" : {""id"" : 1942, ""name"" : ""NEW_CALEND_B13J"", ""vpn_id"" : 3250}, ""dates"" : []}"
3998,801,"{""bhl"" : {""id"" : 801, ""name"" : ""NEW_CALEND_E4XC"", ""vpn_id"" : 3998}, ""dates"" : [{""id"" : 0, ""date"" : ""0119"", ""bank_holiday_id"" : 801}]}"
4545,921,"{""bhl"" : {""id"" : 921, ""name"" : ""IAIN_8N0HU9Z53K"", ""vpn_id"" : 4545}, ""dates"" : [{""id"" : 0, ""date"" : ""0316"", ""bank_holiday_id"" : 921}, {""id"" : 0, ""date"" : ""0317"", ""bank_holiday_id"" : 921}]}"
10003876,1721,"{""bhl"" : {""id"" : 1721, ""name"" : ""YYYY_VLC6I28JCW"", ""vpn_id"" : 10003876}, ""dates"" : []}"
10010801,76951,"{""bhl"" : {""id"" : 76951, ""name"" : ""CALENDAR_37F140"", ""vpn_id"" : 10010801}, ""dates"" : [{""id"" : 0, ""date"" : ""0101"", ""bank_holiday_id"" : 76951}, {""id"" : 0, ""date"" : ""0406"", ""bank_holiday_id"" : 76951}, {""id"" : 0, ""date"" : ""0501"", ""bank_holiday_id"" : 76951}, {""id"" : 0, ""date"" : ""0508"", ""bank_holiday_id"" : 76951}, {""id"" : 0, ""date"" : ""0514"", ""bank_holiday_id"" : 76951}, {""id"" : 0, ""date"" : ""0525"", ""bank_holiday_id"" : 76951}, {""id"" : 0, ""date"" : ""0714"", ""bank_holiday_id"" : 76951}, {""id"" : 0, ""date"" : ""0815"", ""bank_holiday_id"" : 76951}, {""id"" : 0, ""date"" : ""1101"", ""bank_holiday_id"" : 76951}, {""id"" : 0, ""date"" : ""1111"", ""bank_holiday_id"" : 76951}, {""id"" : 0, ""date"" : ""1225"", ""bank_holiday_id"" : 76951}]}"
10003674,76492,"{""bhl"" : {""id"" : 76492, ""name"" : ""CALENDAR_AC9691"", ""vpn_id"" : 10003674}, ""dates"" : [{""id"" : 0, ""date"" : ""0101"", ""bank_holiday_id"" : 76492}, {""id"" : 0, ""date"" : ""0406"", ""bank_holiday_id"" : 76492}, {""id"" : 0, ""date"" : ""0501"", ""bank_holiday_id"" : 76492}, {""id"" : 0, ""date"" : ""0508"", ""bank_holiday_id"" : 76492}, {""id"" : 0, ""date"" : ""0514"", ""bank_holiday_id"" : 76492}, {""id"" : 0, ""date"" : ""0525"", ""bank_holiday_id"" : 76492}, {""id"" : 0, ""date"" : ""0714"", ""bank_holiday_id"" : 76492}, {""id"" : 0, ""date"" : ""0815"", ""bank_holiday_id"" : 76492}, {""id"" : 0, ""date"" : ""1101"", ""bank_holiday_id"" : 76492}, {""id"" : 0, ""date"" : ""1111"", ""bank_holiday_id"" : 76492}, {""id"" : 0, ""date"" : ""1225"", ""bank_holiday_id"" : 76492}]}"
10008657,76528,"{""bhl"" : {""id"" : 76528, ""name"" : ""CALENDAR_D4E871"", ""vpn_id"" : 10008657}, ""dates"" : [{""id"" : 0, ""date"" : ""0101"", ""bank_holiday_id"" : 76528}, {""id"" : 0, ""date"" : ""0406"", ""bank_holiday_id"" : 76528}, {""id"" : 0, ""date"" : ""0501"", ""bank_holiday_id"" : 76528}, {""id"" : 0, ""date"" : ""0508"", ""bank_holiday_id"" : 76528}, {""id"" : 0, ""date"" : ""0514"", ""bank_holiday_id"" : 76528}, {""id"" : 0, ""date"" : ""0525"", ""bank_holiday_id"" : 76528}, {""id"" : 0, ""date"" : ""0714"", ""bank_holiday_id"" : 76528}, {""id"" : 0, ""date"" : ""0815"", ""bank_holiday_id"" : 76528}, {""id"" : 0, ""date"" : ""1101"", ""bank_holiday_id"" : 76528}, {""id"" : 0, ""date"" : ""1111"", ""bank_holiday_id"" : 76528}, {""id"" : 0, ""date"" : ""1225"", ""bank_holiday_id"" : 76528}]}"
10004553,76648,"{""bhl"" : {""id"" : 76648, ""name"" : ""TEST_UAQ2FXWA0H"", ""vpn_id"" : 10004553}, ""dates"" : []}"
10009179,76544,"{""bhl"" : {""id"" : 76544, ""name"" : ""CALENDAR_E9AEBE"", ""vpn_id"" : 10009179}, ""dates"" : [{""id"" : 0, ""date"" : ""0101"", ""bank_holiday_id"" : 76544}, {""id"" : 0, ""date"" : ""0406"", ""bank_holiday_id"" : 76544}, {""id"" : 0, ""date"" : ""0501"", ""bank_holiday_id"" : 76544}, {""id"" : 0, ""date"" : ""0508"", ""bank_holiday_id"" : 76544}, {""id"" : 0, ""date"" : ""0514"", ""bank_holiday_id"" : 76544}, {""id"" : 0, ""date"" : ""0525"", ""bank_holiday_id"" : 76544}, {""id"" : 0, ""date"" : ""0714"", ""bank_holiday_id"" : 76544}, {""id"" : 0, ""date"" : ""0815"", ""bank_holiday_id"" : 76544}, {""id"" : 0, ""date"" : ""1101"", ""bank_holiday_id"" : 76544}, {""id"" : 0, ""date"" : ""1111"", ""bank_holiday_id"" : 76544}, {""id"" : 0, ""date"" : ""1225"", ""bank_holiday_id"" : 76544}]}"
7268,76549,"{""bhl"" : {""id"" : 76549, ""name"" : ""z7268_000000350"", ""vpn_id"" : 7268}, ""dates"" : [{""id"" : 0, ""date"" : ""0709"", ""bank_holiday_id"" : 76549}, {""id"" : 0, ""date"" : ""0710"", ""bank_holiday_id"" : 76549}, {""id"" : 0, ""date"" : ""0711"", ""bank_holiday_id"" : 76549}, {""id"" : 0, ""date"" : ""0712"", ""bank_holiday_id"" : 76549}, {""id"" : 0, ""date"" : ""0713"", ""bank_holiday_id"" : 76549}, {""id"" : 0, ""date"" : ""0714"", ""bank_holiday_id"" : 76549}]}"
10007852,76582,"{""bhl"" : {""id"" : 76582, ""name"" : ""CS31_-_AST_2XTR"", ""vpn_id"" : 10007852}, ""dates"" : []}"
10003866,76584,"{""bhl"" : {""id"" : 76584, ""name"" : ""CALENDAR_37E4B5"", ""vpn_id"" : 10003866}, ""dates"" : [{""id"" : 0, ""date"" : ""0101"", ""bank_holiday_id"" : 76584}, {""id"" : 0, ""date"" : ""0406"", ""bank_holiday_id"" : 76584}, {""id"" : 0, ""date"" : ""0501"", ""bank_holiday_id"" : 76584}, {""id"" : 0, ""date"" : ""0508"", ""bank_holiday_id"" : 76584}, {""id"" : 0, ""date"" : ""0514"", ""bank_holiday_id"" : 76584}, {""id"" : 0, ""date"" : ""0525"", ""bank_holiday_id"" : 76584}, {""id"" : 0, ""date"" : ""0714"", ""bank_holiday_id"" : 76584}, {""id"" : 0, ""date"" : ""0815"", ""bank_holiday_id"" : 76584}, {""id"" : 0, ""date"" : ""1101"", ""bank_holiday_id"" : 76584}, {""id"" : 0, ""date"" : ""1111"", ""bank_holiday_id"" : 76584}, {""id"" : 0, ""date"" : ""1225"", ""bank_holiday_id"" : 76584}]}"
10004540,76602,"{""bhl"" : {""id"" : 76602, ""name"" : ""CALENDAR_42A48B"", ""vpn_id"" : 10004540}, ""dates"" : [{""id"" : 0, ""date"" : ""0101"", ""bank_holiday_id"" : 76602}, {""id"" : 0, ""date"" : ""0406"", ""bank_holiday_id"" : 76602}, {""id"" : 0, ""date"" : ""0501"", ""bank_holiday_id"" : 76602}, {""id"" : 0, ""date"" : ""0508"", ""bank_holiday_id"" : 76602}, {""id"" : 0, ""date"" : ""0514"", ""bank_holiday_id"" : 76602}, {""id"" : 0, ""date"" : ""0525"", ""bank_holiday_id"" : 76602}, {""id"" : 0, ""date"" : ""0714"", ""bank_holiday_id"" : 76602}, {""id"" : 0, ""date"" : ""0815"", ""bank_holiday_id"" : 76602}, {""id"" : 0, ""date"" : ""1101"", ""bank_holiday_id"" : 76602}, {""id"" : 0, ""date"" : ""1111"", ""bank_holiday_id"" : 76602}, {""id"" : 0, ""date"" : ""1225"", ""bank_holiday_id"" : 76602}]}"
4580,863,"{""bhl"" : {""id"" : 863, ""name"" : ""NEW_CALEND_R3ZR"", ""vpn_id"" : 4580}, ""dates"" : []}"
3604,864,"{""bhl"" : {""id"" : 864, ""name"" : ""ALL_DAYS_JA77W2"", ""vpn_id"" : 3604}, ""dates"" : []}"
10003938,881,"{""bhl"" : {""id"" : 881, ""name"" : ""CALENDAR_F2C7CB"", ""vpn_id"" : 10003938}, ""dates"" : []}"
10010681,76923,"{""bhl"" : {""id"" : 76923, ""name"" : ""CALENDAR_E3A357"", ""vpn_id"" : 10010681}, ""dates"" : [{""id"" : 0, ""date"" : ""0101"", ""bank_holiday_id"" : 76923}, {""id"" : 0, ""date"" : ""0406"", ""bank_holiday_id"" : 76923}, {""id"" : 0, ""date"" : ""0501"", ""bank_holiday_id"" : 76923}, {""id"" : 0, ""date"" : ""0508"", ""bank_holiday_id"" : 76923}, {""id"" : 0, ""date"" : ""0514"", ""bank_holiday_id"" : 76923}, {""id"" : 0, ""date"" : ""0525"", ""bank_holiday_id"" : 76923}, {""id"" : 0, ""date"" : ""0714"", ""bank_holiday_id"" : 76923}, {""id"" : 0, ""date"" : ""0815"", ""bank_holiday_id"" : 76923}, {""id"" : 0, ""date"" : ""1101"", ""bank_holiday_id"" : 76923}, {""id"" : 0, ""date"" : ""1111"", ""bank_holiday_id"" : 76923}, {""id"" : 0, ""date"" : ""1225"", ""bank_holiday_id"" : 76923}]}"
3694,1161,"{""bhl"" : {""id"" : 1161, ""name"" : ""NEW_CALEND_O8CI"", ""vpn_id"" : 3694}, ""dates"" : []}"
3285,1181,"{""bhl"" : {""id"" : 1181, ""name"" : ""IAIN_0RXOMUOFZK"", ""vpn_id"" : 3285}, ""dates"" : []}"
3649,1341,"{""bhl"" : {""id"" : 1341, ""name"" : ""IAIN_SJ7I4CJP1S"", ""vpn_id"" : 3649}, ""dates"" : [{""id"" : 0, ""date"" : ""0330"", ""bank_holiday_id"" : 1341}, {""id"" : 0, ""date"" : ""0331"", ""bank_holiday_id"" : 1341}]}"
4550,1461,"{""bhl"" : {""id"" : 1461, ""name"" : ""NEW_CALEND_J2BT"", ""vpn_id"" : 4550}, ""dates"" : []}"
3248,1541,"{""bhl"" : {""id"" : 1541, ""name"" : ""NEW_CALEND_4NMI"", ""vpn_id"" : 3248}, ""dates"" : []}"
4567,1601,"{""bhl"" : {""id"" : 1601, ""name"" : ""NEW_CALEND_V240"", ""vpn_id"" : 4567}, ""dates"" : []}"
10000001,1681,"{""bhl"" : {""id"" : 1681, ""name"" : ""SITE_SAMSI_20FY"", ""vpn_id"" : 10000001}, ""dates"" : []}"
3103,1801,"{""bhl"" : {""id"" : 1801, ""name"" : ""IAIN_M60BQJ8M74"", ""vpn_id"" : 3103}, ""dates"" : [{""id"" : 0, ""date"" : ""0919"", ""bank_holiday_id"" : 1801}, {""id"" : 0, ""date"" : ""0920"", ""bank_holiday_id"" : 1801}]}"
3103,1802,"{""bhl"" : {""id"" : 1802, ""name"" : ""NEW_CALEND_K7BA"", ""vpn_id"" : 3103}, ""dates"" : []}"
10004221,1901,"{""bhl"" : {""id"" : 1901, ""name"" : ""CALENDAR_224558"", ""vpn_id"" : 10004221}, ""dates"" : []}"
10017285,76669,"{""bhl"" : {""id"" : 76669, ""name"" : ""JO_240720_FDKJK"", ""vpn_id"" : 10017285}, ""dates"" : []}"
10017285,76671,"{""bhl"" : {""id"" : 76671, ""name"" : ""JO_240803_VMOUO"", ""vpn_id"" : 10017285}, ""dates"" : []}"
10008436,76685,"{""bhl"" : {""id"" : 76685, ""name"" : ""CALENDAR_BBC9FE"", ""vpn_id"" : 10008436}, ""dates"" : [{""id"" : 0, ""date"" : ""0101"", ""bank_holiday_id"" : 76685}, {""id"" : 0, ""date"" : ""0406"", ""bank_holiday_id"" : 76685}, {""id"" : 0, ""date"" : ""0501"", ""bank_holiday_id"" : 76685}, {""id"" : 0, ""date"" : ""0508"", ""bank_holiday_id"" : 76685}, {""id"" : 0, ""date"" : ""0514"", ""bank_holiday_id"" : 76685}, {""id"" : 0, ""date"" : ""0525"", ""bank_holiday_id"" : 76685}, {""id"" : 0, ""date"" : ""0714"", ""bank_holiday_id"" : 76685}, {""id"" : 0, ""date"" : ""0815"", ""bank_holiday_id"" : 76685}, {""id"" : 0, ""date"" : ""1101"", ""bank_holiday_id"" : 76685}, {""id"" : 0, ""date"" : ""1111"", ""bank_holiday_id"" : 76685}, {""id"" : 0, ""date"" : ""1225"", ""bank_holiday_id"" : 76685}]}"
10007852,76687,"{""bhl"" : {""id"" : 76687, ""name"" : ""CS23_-_WIN_TDPR"", ""vpn_id"" : 10007852}, ""dates"" : []}"
10017285,76691,"{""bhl"" : {""id"" : 76691, ""name"" : ""JO_240831_KURTN"", ""vpn_id"" : 10017285}, ""dates"" : []}"
10008324,76724,"{""bhl"" : {""id"" : 76724, ""name"" : ""CALENDAR_37FE53"", ""vpn_id"" : 10008324}, ""dates"" : [{""id"" : 0, ""date"" : ""0101"", ""bank_holiday_id"" : 76724}, {""id"" : 0, ""date"" : ""0406"", ""bank_holiday_id"" : 76724}, {""id"" : 0, ""date"" : ""0501"", ""bank_holiday_id"" : 76724}, {""id"" : 0, ""date"" : ""0508"", ""bank_holiday_id"" : 76724}, {""id"" : 0, ""date"" : ""0514"", ""bank_holiday_id"" : 76724}, {""id"" : 0, ""date"" : ""0525"", ""bank_holiday_id"" : 76724}, {""id"" : 0, ""date"" : ""0714"", ""bank_holiday_id"" : 76724}, {""id"" : 0, ""date"" : ""0815"", ""bank_holiday_id"" : 76724}, {""id"" : 0, ""date"" : ""1101"", ""bank_holiday_id"" : 76724}, {""id"" : 0, ""date"" : ""1111"", ""bank_holiday_id"" : 76724}, {""id"" : 0, ""date"" : ""1225"", ""bank_holiday_id"" : 76724}]}"
7155,76748,"{""bhl"" : {""id"" : 76748, ""name"" : ""z7155_000000369"", ""vpn_id"" : 7155}, ""dates"" : [{""id"" : 0, ""date"" : ""0709"", ""bank_holiday_id"" : 76748}, {""id"" : 0, ""date"" : ""0710"", ""bank_holiday_id"" : 76748}, {""id"" : 0, ""date"" : ""0711"", ""bank_holiday_id"" : 76748}]}"
10004425,2441,"{""bhl"" : {""id"" : 2441, ""name"" : ""CALENDAR_8DC3B6"", ""vpn_id"" : 10004425}, ""dates"" : [{""id"" : 0, ""date"" : ""0101"", ""bank_holiday_id"" : 2441}, {""id"" : 0, ""date"" : ""0406"", ""bank_holiday_id"" : 2441}, {""id"" : 0, ""date"" : ""0501"", ""bank_holiday_id"" : 2441}, {""id"" : 0, ""date"" : ""0508"", ""bank_holiday_id"" : 2441}, {""id"" : 0, ""date"" : ""0514"", ""bank_holiday_id"" : 2441}, {""id"" : 0, ""date"" : ""0525"", ""bank_holiday_id"" : 2441}, {""id"" : 0, ""date"" : ""0714"", ""bank_holiday_id"" : 2441}, {""id"" : 0, ""date"" : ""0815"", ""bank_holiday_id"" : 2441}, {""id"" : 0, ""date"" : ""1101"", ""bank_holiday_id"" : 2441}, {""id"" : 0, ""date"" : ""1111"", ""bank_holiday_id"" : 2441}, {""id"" : 0, ""date"" : ""1225"", ""bank_holiday_id"" : 2441}]}"
4390,242,"{""bhl"" : {""id"" : 242, ""name"" : ""Christmas"", ""vpn_id"" : 4390}, ""dates"" : [{""id"" : 0, ""date"" : ""1225"", ""bank_holiday_id"" : 242}]}"
3248,821,"{""bhl"" : {""id"" : 821, ""name"" : ""EI-TARGO-M_NHEM"", ""vpn_id"" : 3248}, ""dates"" : []}"
10010558,76806,"{""bhl"" : {""id"" : 76806, ""name"" : ""CALENDAR_9EAE6E"", ""vpn_id"" : 10010558}, ""dates"" : [{""id"" : 0, ""date"" : ""0101"", ""bank_holiday_id"" : 76806}, {""id"" : 0, ""date"" : ""0406"", ""bank_holiday_id"" : 76806}, {""id"" : 0, ""date"" : ""0501"", ""bank_holiday_id"" : 76806}, {""id"" : 0, ""date"" : ""0508"", ""bank_holiday_id"" : 76806}, {""id"" : 0, ""date"" : ""0514"", ""bank_holiday_id"" : 76806}, {""id"" : 0, ""date"" : ""0525"", ""bank_holiday_id"" : 76806}, {""id"" : 0, ""date"" : ""0714"", ""bank_holiday_id"" : 76806}, {""id"" : 0, ""date"" : ""0815"", ""bank_holiday_id"" : 76806}, {""id"" : 0, ""date"" : ""1101"", ""bank_holiday_id"" : 76806}, {""id"" : 0, ""date"" : ""1111"", ""bank_holiday_id"" : 76806}, {""id"" : 0, ""date"" : ""1225"", ""bank_holiday_id"" : 76806}]}"
3649,1401,"{""bhl"" : {""id"" : 1401, ""name"" : ""NEW_CALEND_U9XB"", ""vpn_id"" : 3649}, ""dates"" : []}"
10000001,1761,"{""bhl"" : {""id"" : 1761, ""name"" : ""CP_STANDAR_E1SH"", ""vpn_id"" : 10000001}, ""dates"" : []}"
10010703,76924,"{""bhl"" : {""id"" : 76924, ""name"" : ""CALENDAR_F03E3C"", ""vpn_id"" : 10010703}, ""dates"" : [{""id"" : 0, ""date"" : ""0101"", ""bank_holiday_id"" : 76924}, {""id"" : 0, ""date"" : ""0406"", ""bank_holiday_id"" : 76924}, {""id"" : 0, ""date"" : ""0501"", ""bank_holiday_id"" : 76924}, {""id"" : 0, ""date"" : ""0508"", ""bank_holiday_id"" : 76924}, {""id"" : 0, ""date"" : ""0514"", ""bank_holiday_id"" : 76924}, {""id"" : 0, ""date"" : ""0525"", ""bank_holiday_id"" : 76924}, {""id"" : 0, ""date"" : ""0714"", ""bank_holiday_id"" : 76924}, {""id"" : 0, ""date"" : ""0815"", ""bank_holiday_id"" : 76924}, {""id"" : 0, ""date"" : ""1101"", ""bank_holiday_id"" : 76924}, {""id"" : 0, ""date"" : ""1111"", ""bank_holiday_id"" : 76924}, {""id"" : 0, ""date"" : ""1225"", ""bank_holiday_id"" : 76924}]}"
10010732,76926,"{""bhl"" : {""id"" : 76926, ""name"" : ""CALENDAR_4A350E"", ""vpn_id"" : 10010732}, ""dates"" : [{""id"" : 0, ""date"" : ""0101"", ""bank_holiday_id"" : 76926}, {""id"" : 0, ""date"" : ""0406"", ""bank_holiday_id"" : 76926}, {""id"" : 0, ""date"" : ""0501"", ""bank_holiday_id"" : 76926}, {""id"" : 0, ""date"" : ""0508"", ""bank_holiday_id"" : 76926}, {""id"" : 0, ""date"" : ""0514"", ""bank_holiday_id"" : 76926}, {""id"" : 0, ""date"" : ""0525"", ""bank_holiday_id"" : 76926}, {""id"" : 0, ""date"" : ""0714"", ""bank_holiday_id"" : 76926}, {""id"" : 0, ""date"" : ""0815"", ""bank_holiday_id"" : 76926}, {""id"" : 0, ""date"" : ""1101"", ""bank_holiday_id"" : 76926}, {""id"" : 0, ""date"" : ""1111"", ""bank_holiday_id"" : 76926}, {""id"" : 0, ""date"" : ""1225"", ""bank_holiday_id"" : 76926}]}"
7268,76965,"{""bhl"" : {""id"" : 76965, ""name"" : ""z7268_000000378"", ""vpn_id"" : 7268}, ""dates"" : [{""id"" : 0, ""date"" : ""0812"", ""bank_holiday_id"" : 76965}, {""id"" : 0, ""date"" : ""0813"", ""bank_holiday_id"" : 76965}, {""id"" : 0, ""date"" : ""0814"", ""bank_holiday_id"" : 76965}, {""id"" : 0, ""date"" : ""0815"", ""bank_holiday_id"" : 76965}, {""id"" : 0, ""date"" : ""0816"", ""bank_holiday_id"" : 76965}, {""id"" : 0, ""date"" : ""0817"", ""bank_holiday_id"" : 76965}, {""id"" : 0, ""date"" : ""0818"", ""bank_holiday_id"" : 76965}]}"
10004553,51281,"{""bhl"" : {""id"" : 51281, ""name"" : ""CALENDAR_E9FD9B"", ""vpn_id"" : 10004553}, ""dates"" : [{""id"" : 0, ""date"" : ""0101"", ""bank_holiday_id"" : 51281}, {""id"" : 0, ""date"" : ""0406"", ""bank_holiday_id"" : 51281}, {""id"" : 0, ""date"" : ""0501"", ""bank_holiday_id"" : 51281}, {""id"" : 0, ""date"" : ""0508"", ""bank_holiday_id"" : 51281}, {""id"" : 0, ""date"" : ""0514"", ""bank_holiday_id"" : 51281}, {""id"" : 0, ""date"" : ""0525"", ""bank_holiday_id"" : 51281}, {""id"" : 0, ""date"" : ""0714"", ""bank_holiday_id"" : 51281}, {""id"" : 0, ""date"" : ""0815"", ""bank_holiday_id"" : 51281}, {""id"" : 0, ""date"" : ""1101"", ""bank_holiday_id"" : 51281}, {""id"" : 0, ""date"" : ""1111"", ""bank_holiday_id"" : 51281}, {""id"" : 0, ""date"" : ""1225"", ""bank_holiday_id"" : 51281}]}"
4986,51301,"{""bhl"" : {""id"" : 51301, ""name"" : ""NEW_CALEND_VC4H"", ""vpn_id"" : 4986}, ""dates"" : []}"
10004565,51321,"{""bhl"" : {""id"" : 51321, ""name"" : ""CALENDAR_A4DD96"", ""vpn_id"" : 10004565}, ""dates"" : [{""id"" : 0, ""date"" : ""0101"", ""bank_holiday_id"" : 51321}, {""id"" : 0, ""date"" : ""0406"", ""bank_holiday_id"" : 51321}, {""id"" : 0, ""date"" : ""0501"", ""bank_holiday_id"" : 51321}, {""id"" : 0, ""date"" : ""0508"", ""bank_holiday_id"" : 51321}, {""id"" : 0, ""date"" : ""0514"", ""bank_holiday_id"" : 51321}, {""id"" : 0, ""date"" : ""0525"", ""bank_holiday_id"" : 51321}, {""id"" : 0, ""date"" : ""0714"", ""bank_holiday_id"" : 51321}, {""id"" : 0, ""date"" : ""0815"", ""bank_holiday_id"" : 51321}, {""id"" : 0, ""date"" : ""1101"", ""bank_holiday_id"" : 51321}, {""id"" : 0, ""date"" : ""1111"", ""bank_holiday_id"" : 51321}, {""id"" : 0, ""date"" : ""1225"", ""bank_holiday_id"" : 51321}]}"
3248,51123,"{""bhl"" : {""id"" : 51123, ""name"" : ""28.3.2018_B8CHS"", ""vpn_id"" : 3248}, ""dates"" : []}"
10004576,51143,"{""bhl"" : {""id"" : 51143, ""name"" : ""CALENDAR_35D92C"", ""vpn_id"" : 10004576}, ""dates"" : [{""id"" : 0, ""date"" : ""0101"", ""bank_holiday_id"" : 51143}, {""id"" : 0, ""date"" : ""0406"", ""bank_holiday_id"" : 51143}, {""id"" : 0, ""date"" : ""0501"", ""bank_holiday_id"" : 51143}, {""id"" : 0, ""date"" : ""0508"", ""bank_holiday_id"" : 51143}, {""id"" : 0, ""date"" : ""0514"", ""bank_holiday_id"" : 51143}, {""id"" : 0, ""date"" : ""0525"", ""bank_holiday_id"" : 51143}, {""id"" : 0, ""date"" : ""0714"", ""bank_holiday_id"" : 51143}, {""id"" : 0, ""date"" : ""0815"", ""bank_holiday_id"" : 51143}, {""id"" : 0, ""date"" : ""1101"", ""bank_holiday_id"" : 51143}, {""id"" : 0, ""date"" : ""1111"", ""bank_holiday_id"" : 51143}, {""id"" : 0, ""date"" : ""1225"", ""bank_holiday_id"" : 51143}]}"
3103,51185,"{""bhl"" : {""id"" : 51185, ""name"" : ""AUSSIE_VIC_74O7"", ""vpn_id"" : 3103}, ""dates"" : [{""id"" : 0, ""date"" : ""0331"", ""bank_holiday_id"" : 51185}, {""id"" : 0, ""date"" : ""0430"", ""bank_holiday_id"" : 51185}, {""id"" : 0, ""date"" : ""0507"", ""bank_holiday_id"" : 51185}, {""id"" : 0, ""date"" : ""0508"", ""bank_holiday_id"" : 51185}, {""id"" : 0, ""date"" : ""0519"", ""bank_holiday_id"" : 51185}, {""id"" : 0, ""date"" : ""0713"", ""bank_holiday_id"" : 51185}, {""id"" : 0, ""date"" : ""0814"", ""bank_holiday_id"" : 51185}, {""id"" : 0, ""date"" : ""1031"", ""bank_holiday_id"" : 51185}, {""id"" : 0, ""date"" : ""1110"", ""bank_holiday_id"" : 51185}, {""id"" : 0, ""date"" : ""1224"", ""bank_holiday_id"" : 51185}, {""id"" : 0, ""date"" : ""1231"", ""bank_holiday_id"" : 51185}]}"
3658,51224,"{""bhl"" : {""id"" : 51224, ""name"" : ""NEW_CALEND_GMCG"", ""vpn_id"" : 3658}, ""dates"" : []}"
3633,51243,"{""bhl"" : {""id"" : 51243, ""name"" : ""UPTO19APR2_JDR4"", ""vpn_id"" : 3633}, ""dates"" : []}"
10004637,51263,"{""bhl"" : {""id"" : 51263, ""name"" : ""CALENDAR_386AC8"", ""vpn_id"" : 10004637}, ""dates"" : [{""id"" : 0, ""date"" : ""0101"", ""bank_holiday_id"" : 51263}, {""id"" : 0, ""date"" : ""0406"", ""bank_holiday_id"" : 51263}, {""id"" : 0, ""date"" : ""0501"", ""bank_holiday_id"" : 51263}, {""id"" : 0, ""date"" : ""0508"", ""bank_holiday_id"" : 51263}, {""id"" : 0, ""date"" : ""0514"", ""bank_holiday_id"" : 51263}, {""id"" : 0, ""date"" : ""0525"", ""bank_holiday_id"" : 51263}, {""id"" : 0, ""date"" : ""0714"", ""bank_holiday_id"" : 51263}, {""id"" : 0, ""date"" : ""0815"", ""bank_holiday_id"" : 51263}, {""id"" : 0, ""date"" : ""1101"", ""bank_holiday_id"" : 51263}, {""id"" : 0, ""date"" : ""1111"", ""bank_holiday_id"" : 51263}, {""id"" : 0, ""date"" : ""1225"", ""bank_holiday_id"" : 51263}]}"
3010,51264,"{""bhl"" : {""id"" : 51264, ""name"" : ""IAIN_4QOLCMMKFK"", ""vpn_id"" : 3010}, ""dates"" : []}"
3512,51265,"{""bhl"" : {""id"" : 51265, ""name"" : ""IAIN_4GX1ONUD74"", ""vpn_id"" : 3512}, ""dates"" : [{""id"" : 0, ""date"" : ""1225"", ""bank_holiday_id"" : 51265}, {""id"" : 0, ""date"" : ""1226"", ""bank_holiday_id"" : 51265}, {""id"" : 0, ""date"" : ""1227"", ""bank_holiday_id"" : 51265}]}"
10004640,51266,"{""bhl"" : {""id"" : 51266, ""name"" : ""CALENDAR_8C80B7"", ""vpn_id"" : 10004640}, ""dates"" : [{""id"" : 0, ""date"" : ""0101"", ""bank_holiday_id"" : 51266}, {""id"" : 0, ""date"" : ""0406"", ""bank_holiday_id"" : 51266}, {""id"" : 0, ""date"" : ""0501"", ""bank_holiday_id"" : 51266}, {""id"" : 0, ""date"" : ""0508"", ""bank_holiday_id"" : 51266}, {""id"" : 0, ""date"" : ""0514"", ""bank_holiday_id"" : 51266}, {""id"" : 0, ""date"" : ""0525"", ""bank_holiday_id"" : 51266}, {""id"" : 0, ""date"" : ""0714"", ""bank_holiday_id"" : 51266}, {""id"" : 0, ""date"" : ""0815"", ""bank_holiday_id"" : 51266}, {""id"" : 0, ""date"" : ""1101"", ""bank_holiday_id"" : 51266}, {""id"" : 0, ""date"" : ""1111"", ""bank_holiday_id"" : 51266}, {""id"" : 0, ""date"" : ""1225"", ""bank_holiday_id"" : 51266}]}"
10000001,51267,"{""bhl"" : {""id"" : 51267, ""name"" : ""SECOURS-PC_P9MX"", ""vpn_id"" : 10000001}, ""dates"" : []}"
10004646,51283,"{""bhl"" : {""id"" : 51283, ""name"" : ""CALENDAR_A4C7B5"", ""vpn_id"" : 10004646}, ""dates"" : [{""id"" : 0, ""date"" : ""0101"", ""bank_holiday_id"" : 51283}, {""id"" : 0, ""date"" : ""0406"", ""bank_holiday_id"" : 51283}, {""id"" : 0, ""date"" : ""0501"", ""bank_holiday_id"" : 51283}, {""id"" : 0, ""date"" : ""0508"", ""bank_holiday_id"" : 51283}, {""id"" : 0, ""date"" : ""0514"", ""bank_holiday_id"" : 51283}, {""id"" : 0, ""date"" : ""0525"", ""bank_holiday_id"" : 51283}, {""id"" : 0, ""date"" : ""0714"", ""bank_holiday_id"" : 51283}, {""id"" : 0, ""date"" : ""0815"", ""bank_holiday_id"" : 51283}, {""id"" : 0, ""date"" : ""1101"", ""bank_holiday_id"" : 51283}, {""id"" : 0, ""date"" : ""1111"", ""bank_holiday_id"" : 51283}, {""id"" : 0, ""date"" : ""1225"", ""bank_holiday_id"" : 51283}]}"
4580,51324,"{""bhl"" : {""id"" : 51324, ""name"" : ""PAUL_TEST_C8E7F"", ""vpn_id"" : 4580}, ""dates"" : []}"
10004688,51414,"{""bhl"" : {""id"" : 51414, ""name"" : ""JOUR_EXCEP_H4CN"", ""vpn_id"" : 10004688}, ""dates"" : [{""id"" : 0, ""date"" : ""1224"", ""bank_holiday_id"" : 51414}, {""id"" : 0, ""date"" : ""1231"", ""bank_holiday_id"" : 51414}]}"
10004700,51363,"{""bhl"" : {""id"" : 51363, ""name"" : ""CALENDAR_54F4DF"", ""vpn_id"" : 10004700}, ""dates"" : [{""id"" : 0, ""date"" : ""0101"", ""bank_holiday_id"" : 51363}, {""id"" : 0, ""date"" : ""0406"", ""bank_holiday_id"" : 51363}, {""id"" : 0, ""date"" : ""0501"", ""bank_holiday_id"" : 51363}, {""id"" : 0, ""date"" : ""0508"", ""bank_holiday_id"" : 51363}, {""id"" : 0, ""date"" : ""0514"", ""bank_holiday_id"" : 51363}, {""id"" : 0, ""date"" : ""0525"", ""bank_holiday_id"" : 51363}, {""id"" : 0, ""date"" : ""0714"", ""bank_holiday_id"" : 51363}, {""id"" : 0, ""date"" : ""0815"", ""bank_holiday_id"" : 51363}, {""id"" : 0, ""date"" : ""1101"", ""bank_holiday_id"" : 51363}, {""id"" : 0, ""date"" : ""1111"", ""bank_holiday_id"" : 51363}, {""id"" : 0, ""date"" : ""1225"", ""bank_holiday_id"" : 51363}]}"
3149,51365,"{""bhl"" : {""id"" : 51365, ""name"" : ""MAINT_DIL2DN709"", ""vpn_id"" : 3149}, ""dates"" : [{""id"" : 0, ""date"" : ""0102"", ""bank_holiday_id"" : 51365}, {""id"" : 0, ""date"" : ""0103"", ""bank_holiday_id"" : 51365}]}"
10000001,51384,"{""bhl"" : {""id"" : 51384, ""name"" : ""jerome_o2XaWK4K"", ""vpn_id"" : 10000001}, ""dates"" : [{""id"" : 0, ""date"" : ""0815"", ""bank_holiday_id"" : 51384}, {""id"" : 0, ""date"" : ""0906"", ""bank_holiday_id"" : 51384}, {""id"" : 0, ""date"" : ""0913"", ""bank_holiday_id"" : 51384}, {""id"" : 0, ""date"" : ""0920"", ""bank_holiday_id"" : 51384}, {""id"" : 0, ""date"" : ""0927"", ""bank_holiday_id"" : 51384}]}"
10004593,51162,"{""bhl"" : {""id"" : 51162, ""name"" : ""CALENDAR_6F0D0D"", ""vpn_id"" : 10004593}, ""dates"" : [{""id"" : 0, ""date"" : ""0101"", ""bank_holiday_id"" : 51162}, {""id"" : 0, ""date"" : ""0406"", ""bank_holiday_id"" : 51162}, {""id"" : 0, ""date"" : ""0501"", ""bank_holiday_id"" : 51162}, {""id"" : 0, ""date"" : ""0508"", ""bank_holiday_id"" : 51162}, {""id"" : 0, ""date"" : ""0514"", ""bank_holiday_id"" : 51162}, {""id"" : 0, ""date"" : ""0525"", ""bank_holiday_id"" : 51162}, {""id"" : 0, ""date"" : ""0714"", ""bank_holiday_id"" : 51162}, {""id"" : 0, ""date"" : ""0815"", ""bank_holiday_id"" : 51162}, {""id"" : 0, ""date"" : ""1101"", ""bank_holiday_id"" : 51162}, {""id"" : 0, ""date"" : ""1111"", ""bank_holiday_id"" : 51162}, {""id"" : 0, ""date"" : ""1225"", ""bank_holiday_id"" : 51162}]}"
10003860,51163,"{""bhl"" : {""id"" : 51163, ""name"" : ""ASTREINTE_0P2ZU"", ""vpn_id"" : 10003860}, ""dates"" : []}"
3639,51184,"{""bhl"" : {""id"" : 51184, ""name"" : ""UP_TO_1APR_N5TG"", ""vpn_id"" : 3639}, ""dates"" : []}"
10004631,51244,"{""bhl"" : {""id"" : 51244, ""name"" : ""CALENDAR_58F5DA"", ""vpn_id"" : 10004631}, ""dates"" : [{""id"" : 0, ""date"" : ""0101"", ""bank_holiday_id"" : 51244}, {""id"" : 0, ""date"" : ""0406"", ""bank_holiday_id"" : 51244}, {""id"" : 0, ""date"" : ""0501"", ""bank_holiday_id"" : 51244}, {""id"" : 0, ""date"" : ""0508"", ""bank_holiday_id"" : 51244}, {""id"" : 0, ""date"" : ""0514"", ""bank_holiday_id"" : 51244}, {""id"" : 0, ""date"" : ""0525"", ""bank_holiday_id"" : 51244}, {""id"" : 0, ""date"" : ""0714"", ""bank_holiday_id"" : 51244}, {""id"" : 0, ""date"" : ""0815"", ""bank_holiday_id"" : 51244}, {""id"" : 0, ""date"" : ""1101"", ""bank_holiday_id"" : 51244}, {""id"" : 0, ""date"" : ""1111"", ""bank_holiday_id"" : 51244}, {""id"" : 0, ""date"" : ""1225"", ""bank_holiday_id"" : 51244}]}"
3103,51203,"{""bhl"" : {""id"" : 51203, ""name"" : ""TEST_CALEN_HERH"", ""vpn_id"" : 3103}, ""dates"" : []}"
3658,51223,"{""bhl"" : {""id"" : 51223, ""name"" : ""IAIN_2LBEULDT80"", ""vpn_id"" : 3658}, ""dates"" : [{""id"" : 0, ""date"" : ""1225"", ""bank_holiday_id"" : 51223}, {""id"" : 0, ""date"" : ""1226"", ""bank_holiday_id"" : 51223}]}"
3552,51303,"{""bhl"" : {""id"" : 51303, ""name"" : ""IAIN_85VKGYZ2U8"", ""vpn_id"" : 3552}, ""dates"" : []}"
10004692,51345,"{""bhl"" : {""id"" : 51345, ""name"" : ""CALENDAR_18DD81"", ""vpn_id"" : 10004692}, ""dates"" : [{""id"" : 0, ""date"" : ""0101"", ""bank_holiday_id"" : 51345}, {""id"" : 0, ""date"" : ""0406"", ""bank_holiday_id"" : 51345}, {""id"" : 0, ""date"" : ""0501"", ""bank_holiday_id"" : 51345}, {""id"" : 0, ""date"" : ""0508"", ""bank_holiday_id"" : 51345}, {""id"" : 0, ""date"" : ""0514"", ""bank_holiday_id"" : 51345}, {""id"" : 0, ""date"" : ""0525"", ""bank_holiday_id"" : 51345}, {""id"" : 0, ""date"" : ""0714"", ""bank_holiday_id"" : 51345}, {""id"" : 0, ""date"" : ""0815"", ""bank_holiday_id"" : 51345}, {""id"" : 0, ""date"" : ""1101"", ""bank_holiday_id"" : 51345}, {""id"" : 0, ""date"" : ""1111"", ""bank_holiday_id"" : 51345}, {""id"" : 0, ""date"" : ""1225"", ""bank_holiday_id"" : 51345}]}"
3149,51423,"{""bhl"" : {""id"" : 51423, ""name"" : ""MAINT2_OZ4E7WQT"", ""vpn_id"" : 3149}, ""dates"" : []}"
3639,51183,"{""bhl"" : {""id"" : 51183, ""name"" : ""UP_TO_30MA_TCBU"", ""vpn_id"" : 3639}, ""dates"" : []}"
10000001,51383,"{""bhl"" : {""id"" : 51383, ""name"" : ""NOUVEAU_CA_82OE"", ""vpn_id"" : 10000001}, ""dates"" : []}"
10004716,51403,"{""bhl"" : {""id"" : 51403, ""name"" : ""CALENDAR_10A27D"", ""vpn_id"" : 10004716}, ""dates"" : [{""id"" : 0, ""date"" : ""0101"", ""bank_holiday_id"" : 51403}, {""id"" : 0, ""date"" : ""0406"", ""bank_holiday_id"" : 51403}, {""id"" : 0, ""date"" : ""0501"", ""bank_holiday_id"" : 51403}, {""id"" : 0, ""date"" : ""0508"", ""bank_holiday_id"" : 51403}, {""id"" : 0, ""date"" : ""0514"", ""bank_holiday_id"" : 51403}, {""id"" : 0, ""date"" : ""0525"", ""bank_holiday_id"" : 51403}, {""id"" : 0, ""date"" : ""0714"", ""bank_holiday_id"" : 51403}, {""id"" : 0, ""date"" : ""0815"", ""bank_holiday_id"" : 51403}, {""id"" : 0, ""date"" : ""1101"", ""bank_holiday_id"" : 51403}, {""id"" : 0, ""date"" : ""1111"", ""bank_holiday_id"" : 51403}, {""id"" : 0, ""date"" : ""1225"", ""bank_holiday_id"" : 51403}]}"
10004688,51410,"{""bhl"" : {""id"" : 51410, ""name"" : ""DOMANYS_FE_K1wV"", ""vpn_id"" : 10004688}, ""dates"" : [{""id"" : 0, ""date"" : ""0101"", ""bank_holiday_id"" : 51410}, {""id"" : 0, ""date"" : ""1225"", ""bank_holiday_id"" : 51410}, {""id"" : 0, ""date"" : ""1226"", ""bank_holiday_id"" : 51410}]}"
4832,51401,"{""bhl"" : {""id"" : 51401, ""name"" : ""NEW_CALEND_I5MP"", ""vpn_id"" : 4832}, ""dates"" : []}"
10004688,51402,"{""bhl"" : {""id"" : 51402, ""name"" : ""RENVOI_VER_4Z58"", ""vpn_id"" : 10004688}, ""dates"" : []}"
10001129,51654,"{""bhl"" : {""id"" : 51654, ""name"" : ""MATMUT_MIL_UBCE"", ""vpn_id"" : 10001129}, ""dates"" : [{""id"" : 0, ""date"" : ""0814"", ""bank_holiday_id"" : 51654}, {""id"" : 0, ""date"" : ""1031"", ""bank_holiday_id"" : 51654}, {""id"" : 0, ""date"" : ""1110"", ""bank_holiday_id"" : 51654}, {""id"" : 0, ""date"" : ""1224"", ""bank_holiday_id"" : 51654}]}"
3990,51482,"{""bhl"" : {""id"" : 51482, ""name"" : ""JEHL_JJCPEM851S"", ""vpn_id"" : 3990}, ""dates"" : [{""id"" : 0, ""date"" : ""0719"", ""bank_holiday_id"" : 51482}, {""id"" : 0, ""date"" : ""0720"", ""bank_holiday_id"" : 51482}, {""id"" : 0, ""date"" : ""0723"", ""bank_holiday_id"" : 51482}, {""id"" : 0, ""date"" : ""0724"", ""bank_holiday_id"" : 51482}, {""id"" : 0, ""date"" : ""0725"", ""bank_holiday_id"" : 51482}, {""id"" : 0, ""date"" : ""0726"", ""bank_holiday_id"" : 51482}, {""id"" : 0, ""date"" : ""0727"", ""bank_holiday_id"" : 51482}, {""id"" : 0, ""date"" : ""0730"", ""bank_holiday_id"" : 51482}, {""id"" : 0, ""date"" : ""0731"", ""bank_holiday_id"" : 51482}, {""id"" : 0, ""date"" : ""0801"", ""bank_holiday_id"" : 51482}, {""id"" : 0, ""date"" : ""0802"", ""bank_holiday_id"" : 51482}, {""id"" : 0, ""date"" : ""0803"", ""bank_holiday_id"" : 51482}, {""id"" : 0, ""date"" : ""0806"", ""bank_holiday_id"" : 51482}, {""id"" : 0, ""date"" : ""0807"", ""bank_holiday_id"" : 51482}, {""id"" : 0, ""date"" : ""0808"", ""bank_holiday_id"" : 51482}, {""id"" : 0, ""date"" : ""0809"", ""bank_holiday_id"" : 51482}, {""id"" : 0, ""date"" : ""0810"", ""bank_holiday_id"" : 51482}, {""id"" : 0, ""date"" : ""0813"", ""bank_holiday_id"" : 51482}, {""id"" : 0, ""date"" : ""0814"", ""bank_holiday_id"" : 51482}]}"
3990,51484,"{""bhl"" : {""id"" : 51484, ""name"" : ""DUTY_SAT_IBQ83Z"", ""vpn_id"" : 3990}, ""dates"" : [{""id"" : 0, ""date"" : ""0707"", ""bank_holiday_id"" : 51484}, {""id"" : 0, ""date"" : ""0901"", ""bank_holiday_id"" : 51484}]}"
3990,51485,"{""bhl"" : {""id"" : 51485, ""name"" : ""DUTY_SUN_512QSP"", ""vpn_id"" : 3990}, ""dates"" : [{""id"" : 0, ""date"" : ""0708"", ""bank_holiday_id"" : 51485}, {""id"" : 0, ""date"" : ""0902"", ""bank_holiday_id"" : 51485}]}"
3990,51489,"{""bhl"" : {""id"" : 51489, ""name"" : ""VALDEZ_SUN_Y7RT"", ""vpn_id"" : 3990}, ""dates"" : [{""id"" : 0, ""date"" : ""0715"", ""bank_holiday_id"" : 51489}, {""id"" : 0, ""date"" : ""0819"", ""bank_holiday_id"" : 51489}, {""id"" : 0, ""date"" : ""0826"", ""bank_holiday_id"" : 51489}]}"
3917,51502,"{""bhl"" : {""id"" : 51502, ""name"" : ""CALENDRIER_7M2N"", ""vpn_id"" : 3917}, ""dates"" : [{""id"" : 0, ""date"" : ""0329"", ""bank_holiday_id"" : 51502}, {""id"" : 0, ""date"" : ""0407"", ""bank_holiday_id"" : 51502}, {""id"" : 0, ""date"" : ""1226"", ""bank_holiday_id"" : 51502}]}"
3248,51504,"{""bhl"" : {""id"" : 51504, ""name"" : ""NEW_CALEND_CT84"", ""vpn_id"" : 3248}, ""dates"" : []}"
10004797,51522,"{""bhl"" : {""id"" : 51522, ""name"" : ""CALENDAR_568A78"", ""vpn_id"" : 10004797}, ""dates"" : [{""id"" : 0, ""date"" : ""0101"", ""bank_holiday_id"" : 51522}, {""id"" : 0, ""date"" : ""0406"", ""bank_holiday_id"" : 51522}, {""id"" : 0, ""date"" : ""0501"", ""bank_holiday_id"" : 51522}, {""id"" : 0, ""date"" : ""0508"", ""bank_holiday_id"" : 51522}, {""id"" : 0, ""date"" : ""0514"", ""bank_holiday_id"" : 51522}, {""id"" : 0, ""date"" : ""0525"", ""bank_holiday_id"" : 51522}, {""id"" : 0, ""date"" : ""0714"", ""bank_holiday_id"" : 51522}, {""id"" : 0, ""date"" : ""0815"", ""bank_holiday_id"" : 51522}, {""id"" : 0, ""date"" : ""1101"", ""bank_holiday_id"" : 51522}, {""id"" : 0, ""date"" : ""1111"", ""bank_holiday_id"" : 51522}, {""id"" : 0, ""date"" : ""1225"", ""bank_holiday_id"" : 51522}]}"
10004801,51543,"{""bhl"" : {""id"" : 51543, ""name"" : ""NOMADE_FER_g95Q"", ""vpn_id"" : 10004801}, ""dates"" : [{""id"" : 0, ""date"" : ""0814"", ""bank_holiday_id"" : 51543}, {""id"" : 0, ""date"" : ""1031"", ""bank_holiday_id"" : 51543}, {""id"" : 0, ""date"" : ""1110"", ""bank_holiday_id"" : 51543}, {""id"" : 0, ""date"" : ""1224"", ""bank_holiday_id"" : 51543}]}"
10004828,51548,"{""bhl"" : {""id"" : 51548, ""name"" : ""CALENDAR_5B572B"", ""vpn_id"" : 10004828}, ""dates"" : [{""id"" : 0, ""date"" : ""0101"", ""bank_holiday_id"" : 51548}, {""id"" : 0, ""date"" : ""0406"", ""bank_holiday_id"" : 51548}, {""id"" : 0, ""date"" : ""0501"", ""bank_holiday_id"" : 51548}, {""id"" : 0, ""date"" : ""0508"", ""bank_holiday_id"" : 51548}, {""id"" : 0, ""date"" : ""0514"", ""bank_holiday_id"" : 51548}, {""id"" : 0, ""date"" : ""0525"", ""bank_holiday_id"" : 51548}, {""id"" : 0, ""date"" : ""0714"", ""bank_holiday_id"" : 51548}, {""id"" : 0, ""date"" : ""0815"", ""bank_holiday_id"" : 51548}, {""id"" : 0, ""date"" : ""1101"", ""bank_holiday_id"" : 51548}, {""id"" : 0, ""date"" : ""1111"", ""bank_holiday_id"" : 51548}, {""id"" : 0, ""date"" : ""1225"", ""bank_holiday_id"" : 51548}]}"
10004847,51582,"{""bhl"" : {""id"" : 51582, ""name"" : ""CALENDAR_641584"", ""vpn_id"" : 10004847}, ""dates"" : [{""id"" : 0, ""date"" : ""0101"", ""bank_holiday_id"" : 51582}, {""id"" : 0, ""date"" : ""0406"", ""bank_holiday_id"" : 51582}, {""id"" : 0, ""date"" : ""0501"", ""bank_holiday_id"" : 51582}, {""id"" : 0, ""date"" : ""0508"", ""bank_holiday_id"" : 51582}, {""id"" : 0, ""date"" : ""0514"", ""bank_holiday_id"" : 51582}, {""id"" : 0, ""date"" : ""0525"", ""bank_holiday_id"" : 51582}, {""id"" : 0, ""date"" : ""0714"", ""bank_holiday_id"" : 51582}, {""id"" : 0, ""date"" : ""0815"", ""bank_holiday_id"" : 51582}, {""id"" : 0, ""date"" : ""1101"", ""bank_holiday_id"" : 51582}, {""id"" : 0, ""date"" : ""1111"", ""bank_holiday_id"" : 51582}, {""id"" : 0, ""date"" : ""1225"", ""bank_holiday_id"" : 51582}]}"
10001129,51624,"{""bhl"" : {""id"" : 51624, ""name"" : ""MATMUT_LIB_ZcMa"", ""vpn_id"" : 10001129}, ""dates"" : [{""id"" : 0, ""date"" : ""0814"", ""bank_holiday_id"" : 51624}, {""id"" : 0, ""date"" : ""1031"", ""bank_holiday_id"" : 51624}, {""id"" : 0, ""date"" : ""1110"", ""bank_holiday_id"" : 51624}, {""id"" : 0, ""date"" : ""1224"", ""bank_holiday_id"" : 51624}]}"
10001129,51626,"{""bhl"" : {""id"" : 51626, ""name"" : ""MATMUT_MET_Ji7k"", ""vpn_id"" : 10001129}, ""dates"" : [{""id"" : 0, ""date"" : ""0814"", ""bank_holiday_id"" : 51626}, {""id"" : 0, ""date"" : ""1031"", ""bank_holiday_id"" : 51626}, {""id"" : 0, ""date"" : ""1110"", ""bank_holiday_id"" : 51626}, {""id"" : 0, ""date"" : ""1224"", ""bank_holiday_id"" : 51626}]}"
10001129,51636,"{""bhl"" : {""id"" : 51636, ""name"" : ""MATMUT_LE__VbJs"", ""vpn_id"" : 10001129}, ""dates"" : [{""id"" : 0, ""date"" : ""0814"", ""bank_holiday_id"" : 51636}, {""id"" : 0, ""date"" : ""1031"", ""bank_holiday_id"" : 51636}, {""id"" : 0, ""date"" : ""1110"", ""bank_holiday_id"" : 51636}, {""id"" : 0, ""date"" : ""1224"", ""bank_holiday_id"" : 51636}]}"
10001129,51644,"{""bhl"" : {""id"" : 51644, ""name"" : ""MATMUT_FER_3Yfx"", ""vpn_id"" : 10001129}, ""dates"" : [{""id"" : 0, ""date"" : ""0814"", ""bank_holiday_id"" : 51644}, {""id"" : 0, ""date"" : ""1031"", ""bank_holiday_id"" : 51644}, {""id"" : 0, ""date"" : ""1110"", ""bank_holiday_id"" : 51644}, {""id"" : 0, ""date"" : ""1224"", ""bank_holiday_id"" : 51644}]}"
10001129,51648,"{""bhl"" : {""id"" : 51648, ""name"" : ""MATMUT_BIL_nSfK"", ""vpn_id"" : 10001129}, ""dates"" : [{""id"" : 0, ""date"" : ""0814"", ""bank_holiday_id"" : 51648}, {""id"" : 0, ""date"" : ""1031"", ""bank_holiday_id"" : 51648}, {""id"" : 0, ""date"" : ""1110"", ""bank_holiday_id"" : 51648}, {""id"" : 0, ""date"" : ""1224"", ""bank_holiday_id"" : 51648}]}"
10001129,51650,"{""bhl"" : {""id"" : 51650, ""name"" : ""MATMUT_TOU_UDcX"", ""vpn_id"" : 10001129}, ""dates"" : [{""id"" : 0, ""date"" : ""0814"", ""bank_holiday_id"" : 51650}, {""id"" : 0, ""date"" : ""1031"", ""bank_holiday_id"" : 51650}, {""id"" : 0, ""date"" : ""1110"", ""bank_holiday_id"" : 51650}, {""id"" : 0, ""date"" : ""1224"", ""bank_holiday_id"" : 51650}]}"
3990,51341,"{""bhl"" : {""id"" : 51341, ""name"" : ""MAINT2_XC9AKY6Z"", ""vpn_id"" : 3990}, ""dates"" : []}"
10001129,51779,"{""bhl"" : {""id"" : 51779, ""name"" : ""MATMUT_ST__sUGn"", ""vpn_id"" : 10001129}, ""dates"" : [{""id"" : 0, ""date"" : ""0814"", ""bank_holiday_id"" : 51779}, {""id"" : 0, ""date"" : ""1031"", ""bank_holiday_id"" : 51779}, {""id"" : 0, ""date"" : ""1110"", ""bank_holiday_id"" : 51779}, {""id"" : 0, ""date"" : ""1224"", ""bank_holiday_id"" : 51779}]}"
3990,51486,"{""bhl"" : {""id"" : 51486, ""name"" : ""JEHL_SAT_VXCRUC"", ""vpn_id"" : 3990}, ""dates"" : [{""id"" : 0, ""date"" : ""0721"", ""bank_holiday_id"" : 51486}, {""id"" : 0, ""date"" : ""0728"", ""bank_holiday_id"" : 51486}, {""id"" : 0, ""date"" : ""0804"", ""bank_holiday_id"" : 51486}, {""id"" : 0, ""date"" : ""0811"", ""bank_holiday_id"" : 51486}]}"
10001129,51656,"{""bhl"" : {""id"" : 51656, ""name"" : ""MATMUT_MON_7A0b"", ""vpn_id"" : 10001129}, ""dates"" : [{""id"" : 0, ""date"" : ""0814"", ""bank_holiday_id"" : 51656}, {""id"" : 0, ""date"" : ""1031"", ""bank_holiday_id"" : 51656}, {""id"" : 0, ""date"" : ""1110"", ""bank_holiday_id"" : 51656}, {""id"" : 0, ""date"" : ""1224"", ""bank_holiday_id"" : 51656}]}"
10001129,51657,"{""bhl"" : {""id"" : 51657, ""name"" : ""MATMUT_PAR_jgfg"", ""vpn_id"" : 10001129}, ""dates"" : [{""id"" : 0, ""date"" : ""0814"", ""bank_holiday_id"" : 51657}, {""id"" : 0, ""date"" : ""1031"", ""bank_holiday_id"" : 51657}, {""id"" : 0, ""date"" : ""1110"", ""bank_holiday_id"" : 51657}, {""id"" : 0, ""date"" : ""1224"", ""bank_holiday_id"" : 51657}]}"
10001129,51659,"{""bhl"" : {""id"" : 51659, ""name"" : ""MATMUT_SAI_3tFB"", ""vpn_id"" : 10001129}, ""dates"" : [{""id"" : 0, ""date"" : ""0814"", ""bank_holiday_id"" : 51659}, {""id"" : 0, ""date"" : ""1031"", ""bank_holiday_id"" : 51659}, {""id"" : 0, ""date"" : ""1110"", ""bank_holiday_id"" : 51659}, {""id"" : 0, ""date"" : ""1224"", ""bank_holiday_id"" : 51659}]}"
10001129,51664,"{""bhl"" : {""id"" : 51664, ""name"" : ""MATMUT_LIL_NACS"", ""vpn_id"" : 10001129}, ""dates"" : [{""id"" : 0, ""date"" : ""0814"", ""bank_holiday_id"" : 51664}, {""id"" : 0, ""date"" : ""1031"", ""bank_holiday_id"" : 51664}, {""id"" : 0, ""date"" : ""1110"", ""bank_holiday_id"" : 51664}, {""id"" : 0, ""date"" : ""1224"", ""bank_holiday_id"" : 51664}]}"
10001129,51665,"{""bhl"" : {""id"" : 51665, ""name"" : ""MATMUT_PAM_b5vn"", ""vpn_id"" : 10001129}, ""dates"" : [{""id"" : 0, ""date"" : ""0814"", ""bank_holiday_id"" : 51665}, {""id"" : 0, ""date"" : ""1031"", ""bank_holiday_id"" : 51665}, {""id"" : 0, ""date"" : ""1110"", ""bank_holiday_id"" : 51665}, {""id"" : 0, ""date"" : ""1224"", ""bank_holiday_id"" : 51665}]}"
10001129,51669,"{""bhl"" : {""id"" : 51669, ""name"" : ""MATMUT_ST__0gPU"", ""vpn_id"" : 10001129}, ""dates"" : [{""id"" : 0, ""date"" : ""0814"", ""bank_holiday_id"" : 51669}, {""id"" : 0, ""date"" : ""1031"", ""bank_holiday_id"" : 51669}, {""id"" : 0, ""date"" : ""1110"", ""bank_holiday_id"" : 51669}, {""id"" : 0, ""date"" : ""1224"", ""bank_holiday_id"" : 51669}]}"
10001129,51672,"{""bhl"" : {""id"" : 51672, ""name"" : ""MATMUT_BOR_lAgA"", ""vpn_id"" : 10001129}, ""dates"" : [{""id"" : 0, ""date"" : ""0814"", ""bank_holiday_id"" : 51672}, {""id"" : 0, ""date"" : ""1031"", ""bank_holiday_id"" : 51672}, {""id"" : 0, ""date"" : ""1110"", ""bank_holiday_id"" : 51672}, {""id"" : 0, ""date"" : ""1224"", ""bank_holiday_id"" : 51672}]}"
10001129,51674,"{""bhl"" : {""id"" : 51674, ""name"" : ""MATMUT_MON_QZp0"", ""vpn_id"" : 10001129}, ""dates"" : [{""id"" : 0, ""date"" : ""0814"", ""bank_holiday_id"" : 51674}, {""id"" : 0, ""date"" : ""1031"", ""bank_holiday_id"" : 51674}, {""id"" : 0, ""date"" : ""1110"", ""bank_holiday_id"" : 51674}, {""id"" : 0, ""date"" : ""1224"", ""bank_holiday_id"" : 51674}]}"
10001129,51679,"{""bhl"" : {""id"" : 51679, ""name"" : ""IP_ROUEN_D_7jNJ"", ""vpn_id"" : 10001129}, ""dates"" : [{""id"" : 0, ""date"" : ""0814"", ""bank_holiday_id"" : 51679}, {""id"" : 0, ""date"" : ""1031"", ""bank_holiday_id"" : 51679}, {""id"" : 0, ""date"" : ""1110"", ""bank_holiday_id"" : 51679}, {""id"" : 0, ""date"" : ""1224"", ""bank_holiday_id"" : 51679}]}"
10001129,51687,"{""bhl"" : {""id"" : 51687, ""name"" : ""MATMUT_PER_0igi"", ""vpn_id"" : 10001129}, ""dates"" : [{""id"" : 0, ""date"" : ""0814"", ""bank_holiday_id"" : 51687}, {""id"" : 0, ""date"" : ""1031"", ""bank_holiday_id"" : 51687}, {""id"" : 0, ""date"" : ""1110"", ""bank_holiday_id"" : 51687}, {""id"" : 0, ""date"" : ""1224"", ""bank_holiday_id"" : 51687}]}"
10001129,51695,"{""bhl"" : {""id"" : 51695, ""name"" : ""MATMUT_VIL_9DrC"", ""vpn_id"" : 10001129}, ""dates"" : [{""id"" : 0, ""date"" : ""0814"", ""bank_holiday_id"" : 51695}, {""id"" : 0, ""date"" : ""1031"", ""bank_holiday_id"" : 51695}, {""id"" : 0, ""date"" : ""1110"", ""bank_holiday_id"" : 51695}, {""id"" : 0, ""date"" : ""1224"", ""bank_holiday_id"" : 51695}]}"
10001129,51697,"{""bhl"" : {""id"" : 51697, ""name"" : ""MATMUT_MAN_ZzDW"", ""vpn_id"" : 10001129}, ""dates"" : [{""id"" : 0, ""date"" : ""0814"", ""bank_holiday_id"" : 51697}, {""id"" : 0, ""date"" : ""1031"", ""bank_holiday_id"" : 51697}, {""id"" : 0, ""date"" : ""1110"", ""bank_holiday_id"" : 51697}, {""id"" : 0, ""date"" : ""1224"", ""bank_holiday_id"" : 51697}]}"
10001129,51699,"{""bhl"" : {""id"" : 51699, ""name"" : ""MATMUT_14__PZ6f"", ""vpn_id"" : 10001129}, ""dates"" : [{""id"" : 0, ""date"" : ""0814"", ""bank_holiday_id"" : 51699}, {""id"" : 0, ""date"" : ""1031"", ""bank_holiday_id"" : 51699}, {""id"" : 0, ""date"" : ""1110"", ""bank_holiday_id"" : 51699}, {""id"" : 0, ""date"" : ""1224"", ""bank_holiday_id"" : 51699}]}"
10001129,51703,"{""bhl"" : {""id"" : 51703, ""name"" : ""MATMUT_ANT_uoSk"", ""vpn_id"" : 10001129}, ""dates"" : [{""id"" : 0, ""date"" : ""0814"", ""bank_holiday_id"" : 51703}, {""id"" : 0, ""date"" : ""1031"", ""bank_holiday_id"" : 51703}, {""id"" : 0, ""date"" : ""1110"", ""bank_holiday_id"" : 51703}, {""id"" : 0, ""date"" : ""1224"", ""bank_holiday_id"" : 51703}]}"
10001129,51712,"{""bhl"" : {""id"" : 51712, ""name"" : ""MATMUT_CHA_LDG6"", ""vpn_id"" : 10001129}, ""dates"" : [{""id"" : 0, ""date"" : ""0814"", ""bank_holiday_id"" : 51712}, {""id"" : 0, ""date"" : ""1031"", ""bank_holiday_id"" : 51712}, {""id"" : 0, ""date"" : ""1110"", ""bank_holiday_id"" : 51712}, {""id"" : 0, ""date"" : ""1224"", ""bank_holiday_id"" : 51712}]}"
10001129,51714,"{""bhl"" : {""id"" : 51714, ""name"" : ""MATMUT_ST__Vbf9"", ""vpn_id"" : 10001129}, ""dates"" : [{""id"" : 0, ""date"" : ""0814"", ""bank_holiday_id"" : 51714}, {""id"" : 0, ""date"" : ""1031"", ""bank_holiday_id"" : 51714}, {""id"" : 0, ""date"" : ""1110"", ""bank_holiday_id"" : 51714}, {""id"" : 0, ""date"" : ""1224"", ""bank_holiday_id"" : 51714}]}"
10001129,51715,"{""bhl"" : {""id"" : 51715, ""name"" : ""MATMUT_JUV_uBpk"", ""vpn_id"" : 10001129}, ""dates"" : [{""id"" : 0, ""date"" : ""0814"", ""bank_holiday_id"" : 51715}, {""id"" : 0, ""date"" : ""1031"", ""bank_holiday_id"" : 51715}, {""id"" : 0, ""date"" : ""1110"", ""bank_holiday_id"" : 51715}, {""id"" : 0, ""date"" : ""1224"", ""bank_holiday_id"" : 51715}]}"
10001129,51719,"{""bhl"" : {""id"" : 51719, ""name"" : ""MATMUT_COU_cGoZ"", ""vpn_id"" : 10001129}, ""dates"" : [{""id"" : 0, ""date"" : ""0814"", ""bank_holiday_id"" : 51719}, {""id"" : 0, ""date"" : ""1031"", ""bank_holiday_id"" : 51719}, {""id"" : 0, ""date"" : ""1110"", ""bank_holiday_id"" : 51719}, {""id"" : 0, ""date"" : ""1224"", ""bank_holiday_id"" : 51719}]}"
10001129,51721,"{""bhl"" : {""id"" : 51721, ""name"" : ""MATMUT_DRA_wGlx"", ""vpn_id"" : 10001129}, ""dates"" : [{""id"" : 0, ""date"" : ""0814"", ""bank_holiday_id"" : 51721}, {""id"" : 0, ""date"" : ""1031"", ""bank_holiday_id"" : 51721}, {""id"" : 0, ""date"" : ""1110"", ""bank_holiday_id"" : 51721}, {""id"" : 0, ""date"" : ""1224"", ""bank_holiday_id"" : 51721}]}"
10001129,51723,"{""bhl"" : {""id"" : 51723, ""name"" : ""MATMUT_LE__tB2h"", ""vpn_id"" : 10001129}, ""dates"" : [{""id"" : 0, ""date"" : ""0814"", ""bank_holiday_id"" : 51723}, {""id"" : 0, ""date"" : ""1031"", ""bank_holiday_id"" : 51723}, {""id"" : 0, ""date"" : ""1110"", ""bank_holiday_id"" : 51723}, {""id"" : 0, ""date"" : ""1224"", ""bank_holiday_id"" : 51723}]}"
10001129,51725,"{""bhl"" : {""id"" : 51725, ""name"" : ""MATMUT_SEV_h0vW"", ""vpn_id"" : 10001129}, ""dates"" : [{""id"" : 0, ""date"" : ""0814"", ""bank_holiday_id"" : 51725}, {""id"" : 0, ""date"" : ""1031"", ""bank_holiday_id"" : 51725}, {""id"" : 0, ""date"" : ""1110"", ""bank_holiday_id"" : 51725}, {""id"" : 0, ""date"" : ""1224"", ""bank_holiday_id"" : 51725}]}"
10001129,51727,"{""bhl"" : {""id"" : 51727, ""name"" : ""MATMUT_BEZ_dYAN"", ""vpn_id"" : 10001129}, ""dates"" : [{""id"" : 0, ""date"" : ""0814"", ""bank_holiday_id"" : 51727}, {""id"" : 0, ""date"" : ""1031"", ""bank_holiday_id"" : 51727}, {""id"" : 0, ""date"" : ""1110"", ""bank_holiday_id"" : 51727}, {""id"" : 0, ""date"" : ""1224"", ""bank_holiday_id"" : 51727}]}"
10001129,51728,"{""bhl"" : {""id"" : 51728, ""name"" : ""MATMUT_CHE_IRm7"", ""vpn_id"" : 10001129}, ""dates"" : [{""id"" : 0, ""date"" : ""0814"", ""bank_holiday_id"" : 51728}, {""id"" : 0, ""date"" : ""1031"", ""bank_holiday_id"" : 51728}, {""id"" : 0, ""date"" : ""1110"", ""bank_holiday_id"" : 51728}, {""id"" : 0, ""date"" : ""1224"", ""bank_holiday_id"" : 51728}]}"
10001129,51729,"{""bhl"" : {""id"" : 51729, ""name"" : ""MATMUT_BAR_K42g"", ""vpn_id"" : 10001129}, ""dates"" : [{""id"" : 0, ""date"" : ""0814"", ""bank_holiday_id"" : 51729}, {""id"" : 0, ""date"" : ""1031"", ""bank_holiday_id"" : 51729}, {""id"" : 0, ""date"" : ""1110"", ""bank_holiday_id"" : 51729}, {""id"" : 0, ""date"" : ""1224"", ""bank_holiday_id"" : 51729}]}"
10001129,51731,"{""bhl"" : {""id"" : 51731, ""name"" : ""MATMUT_ISS_OEYR"", ""vpn_id"" : 10001129}, ""dates"" : [{""id"" : 0, ""date"" : ""0814"", ""bank_holiday_id"" : 51731}, {""id"" : 0, ""date"" : ""1031"", ""bank_holiday_id"" : 51731}, {""id"" : 0, ""date"" : ""1110"", ""bank_holiday_id"" : 51731}, {""id"" : 0, ""date"" : ""1224"", ""bank_holiday_id"" : 51731}]}"
10001129,51733,"{""bhl"" : {""id"" : 51733, ""name"" : ""MATMUT_VIT_4nmL"", ""vpn_id"" : 10001129}, ""dates"" : [{""id"" : 0, ""date"" : ""0814"", ""bank_holiday_id"" : 51733}, {""id"" : 0, ""date"" : ""1031"", ""bank_holiday_id"" : 51733}, {""id"" : 0, ""date"" : ""1110"", ""bank_holiday_id"" : 51733}, {""id"" : 0, ""date"" : ""1224"", ""bank_holiday_id"" : 51733}]}"
10001129,51735,"{""bhl"" : {""id"" : 51735, ""name"" : ""MATMUT_PAR_P14i"", ""vpn_id"" : 10001129}, ""dates"" : [{""id"" : 0, ""date"" : ""0814"", ""bank_holiday_id"" : 51735}, {""id"" : 0, ""date"" : ""1031"", ""bank_holiday_id"" : 51735}, {""id"" : 0, ""date"" : ""1110"", ""bank_holiday_id"" : 51735}, {""id"" : 0, ""date"" : ""1224"", ""bank_holiday_id"" : 51735}]}"
10001129,51738,"{""bhl"" : {""id"" : 51738, ""name"" : ""IP_MATMUT__zo2C"", ""vpn_id"" : 10001129}, ""dates"" : [{""id"" : 0, ""date"" : ""0814"", ""bank_holiday_id"" : 51738}, {""id"" : 0, ""date"" : ""1031"", ""bank_holiday_id"" : 51738}, {""id"" : 0, ""date"" : ""1110"", ""bank_holiday_id"" : 51738}, {""id"" : 0, ""date"" : ""1224"", ""bank_holiday_id"" : 51738}]}"
10001129,51740,"{""bhl"" : {""id"" : 51740, ""name"" : ""MATMUT_LES_khfU"", ""vpn_id"" : 10001129}, ""dates"" : [{""id"" : 0, ""date"" : ""0814"", ""bank_holiday_id"" : 51740}, {""id"" : 0, ""date"" : ""1031"", ""bank_holiday_id"" : 51740}, {""id"" : 0, ""date"" : ""1110"", ""bank_holiday_id"" : 51740}, {""id"" : 0, ""date"" : ""1224"", ""bank_holiday_id"" : 51740}]}"
10001129,51742,"{""bhl"" : {""id"" : 51742, ""name"" : ""MATMUT_MON_HsUF"", ""vpn_id"" : 10001129}, ""dates"" : [{""id"" : 0, ""date"" : ""0814"", ""bank_holiday_id"" : 51742}, {""id"" : 0, ""date"" : ""1031"", ""bank_holiday_id"" : 51742}, {""id"" : 0, ""date"" : ""1110"", ""bank_holiday_id"" : 51742}, {""id"" : 0, ""date"" : ""1224"", ""bank_holiday_id"" : 51742}]}"
10001129,51743,"{""bhl"" : {""id"" : 51743, ""name"" : ""MATMUT_PAR_GB6Z"", ""vpn_id"" : 10001129}, ""dates"" : [{""id"" : 0, ""date"" : ""0814"", ""bank_holiday_id"" : 51743}, {""id"" : 0, ""date"" : ""1031"", ""bank_holiday_id"" : 51743}, {""id"" : 0, ""date"" : ""1110"", ""bank_holiday_id"" : 51743}, {""id"" : 0, ""date"" : ""1224"", ""bank_holiday_id"" : 51743}]}"
10001129,51744,"{""bhl"" : {""id"" : 51744, ""name"" : ""MATMUT_MON_gDV5"", ""vpn_id"" : 10001129}, ""dates"" : [{""id"" : 0, ""date"" : ""0814"", ""bank_holiday_id"" : 51744}, {""id"" : 0, ""date"" : ""1031"", ""bank_holiday_id"" : 51744}, {""id"" : 0, ""date"" : ""1110"", ""bank_holiday_id"" : 51744}, {""id"" : 0, ""date"" : ""1224"", ""bank_holiday_id"" : 51744}]}"
10001129,51745,"{""bhl"" : {""id"" : 51745, ""name"" : ""MATMUT_HEN_W0rb"", ""vpn_id"" : 10001129}, ""dates"" : [{""id"" : 0, ""date"" : ""0814"", ""bank_holiday_id"" : 51745}, {""id"" : 0, ""date"" : ""1031"", ""bank_holiday_id"" : 51745}, {""id"" : 0, ""date"" : ""1110"", ""bank_holiday_id"" : 51745}, {""id"" : 0, ""date"" : ""1224"", ""bank_holiday_id"" : 51745}]}"
10001129,51746,"{""bhl"" : {""id"" : 51746, ""name"" : ""MATMUT_CAL_F9dh"", ""vpn_id"" : 10001129}, ""dates"" : [{""id"" : 0, ""date"" : ""0814"", ""bank_holiday_id"" : 51746}, {""id"" : 0, ""date"" : ""1031"", ""bank_holiday_id"" : 51746}, {""id"" : 0, ""date"" : ""1110"", ""bank_holiday_id"" : 51746}, {""id"" : 0, ""date"" : ""1224"", ""bank_holiday_id"" : 51746}]}"
10001129,51748,"{""bhl"" : {""id"" : 51748, ""name"" : ""MATMUT_LIB_GI3Y"", ""vpn_id"" : 10001129}, ""dates"" : [{""id"" : 0, ""date"" : ""0814"", ""bank_holiday_id"" : 51748}, {""id"" : 0, ""date"" : ""1031"", ""bank_holiday_id"" : 51748}, {""id"" : 0, ""date"" : ""1110"", ""bank_holiday_id"" : 51748}, {""id"" : 0, ""date"" : ""1224"", ""bank_holiday_id"" : 51748}]}"
10001129,51750,"{""bhl"" : {""id"" : 51750, ""name"" : ""MATMUT_STR_X3Yi"", ""vpn_id"" : 10001129}, ""dates"" : [{""id"" : 0, ""date"" : ""0814"", ""bank_holiday_id"" : 51750}, {""id"" : 0, ""date"" : ""1031"", ""bank_holiday_id"" : 51750}, {""id"" : 0, ""date"" : ""1110"", ""bank_holiday_id"" : 51750}, {""id"" : 0, ""date"" : ""1224"", ""bank_holiday_id"" : 51750}]}"
10001129,51752,"{""bhl"" : {""id"" : 51752, ""name"" : ""MATMUT_CAC_xriv"", ""vpn_id"" : 10001129}, ""dates"" : [{""id"" : 0, ""date"" : ""0814"", ""bank_holiday_id"" : 51752}, {""id"" : 0, ""date"" : ""1031"", ""bank_holiday_id"" : 51752}, {""id"" : 0, ""date"" : ""1110"", ""bank_holiday_id"" : 51752}, {""id"" : 0, ""date"" : ""1224"", ""bank_holiday_id"" : 51752}]}"
10001129,51754,"{""bhl"" : {""id"" : 51754, ""name"" : ""MATMUT_LES_TuEk"", ""vpn_id"" : 10001129}, ""dates"" : [{""id"" : 0, ""date"" : ""0814"", ""bank_holiday_id"" : 51754}, {""id"" : 0, ""date"" : ""1031"", ""bank_holiday_id"" : 51754}, {""id"" : 0, ""date"" : ""1110"", ""bank_holiday_id"" : 51754}, {""id"" : 0, ""date"" : ""1224"", ""bank_holiday_id"" : 51754}]}"
10001129,51762,"{""bhl"" : {""id"" : 51762, ""name"" : ""MATMUT_REM_GvFI"", ""vpn_id"" : 10001129}, ""dates"" : [{""id"" : 0, ""date"" : ""0814"", ""bank_holiday_id"" : 51762}, {""id"" : 0, ""date"" : ""1031"", ""bank_holiday_id"" : 51762}, {""id"" : 0, ""date"" : ""1110"", ""bank_holiday_id"" : 51762}, {""id"" : 0, ""date"" : ""1224"", ""bank_holiday_id"" : 51762}]}"
10001129,51764,"{""bhl"" : {""id"" : 51764, ""name"" : ""MATMUT_ST__hQ2q"", ""vpn_id"" : 10001129}, ""dates"" : [{""id"" : 0, ""date"" : ""0814"", ""bank_holiday_id"" : 51764}, {""id"" : 0, ""date"" : ""1031"", ""bank_holiday_id"" : 51764}, {""id"" : 0, ""date"" : ""1110"", ""bank_holiday_id"" : 51764}, {""id"" : 0, ""date"" : ""1224"", ""bank_holiday_id"" : 51764}]}"
10001129,51768,"{""bhl"" : {""id"" : 51768, ""name"" : ""MATMUT_LIL_GvLf"", ""vpn_id"" : 10001129}, ""dates"" : [{""id"" : 0, ""date"" : ""0814"", ""bank_holiday_id"" : 51768}, {""id"" : 0, ""date"" : ""1031"", ""bank_holiday_id"" : 51768}, {""id"" : 0, ""date"" : ""1110"", ""bank_holiday_id"" : 51768}, {""id"" : 0, ""date"" : ""1224"", ""bank_holiday_id"" : 51768}]}"
10001129,51770,"{""bhl"" : {""id"" : 51770, ""name"" : ""MATMUT_STR_rTFm"", ""vpn_id"" : 10001129}, ""dates"" : [{""id"" : 0, ""date"" : ""0814"", ""bank_holiday_id"" : 51770}, {""id"" : 0, ""date"" : ""1031"", ""bank_holiday_id"" : 51770}, {""id"" : 0, ""date"" : ""1110"", ""bank_holiday_id"" : 51770}, {""id"" : 0, ""date"" : ""1224"", ""bank_holiday_id"" : 51770}]}"
10001129,51774,"{""bhl"" : {""id"" : 51774, ""name"" : ""IP_MATMUT__tf0I"", ""vpn_id"" : 10001129}, ""dates"" : [{""id"" : 0, ""date"" : ""0814"", ""bank_holiday_id"" : 51774}, {""id"" : 0, ""date"" : ""1031"", ""bank_holiday_id"" : 51774}, {""id"" : 0, ""date"" : ""1110"", ""bank_holiday_id"" : 51774}, {""id"" : 0, ""date"" : ""1224"", ""bank_holiday_id"" : 51774}]}"
10001129,51776,"{""bhl"" : {""id"" : 51776, ""name"" : ""MATMUT_PAR_2KCt"", ""vpn_id"" : 10001129}, ""dates"" : [{""id"" : 0, ""date"" : ""0814"", ""bank_holiday_id"" : 51776}, {""id"" : 0, ""date"" : ""1031"", ""bank_holiday_id"" : 51776}, {""id"" : 0, ""date"" : ""1110"", ""bank_holiday_id"" : 51776}, {""id"" : 0, ""date"" : ""1224"", ""bank_holiday_id"" : 51776}]}"
10001129,51778,"{""bhl"" : {""id"" : 51778, ""name"" : ""MATMUT_34__IwGQ"", ""vpn_id"" : 10001129}, ""dates"" : [{""id"" : 0, ""date"" : ""0814"", ""bank_holiday_id"" : 51778}, {""id"" : 0, ""date"" : ""1031"", ""bank_holiday_id"" : 51778}, {""id"" : 0, ""date"" : ""1110"", ""bank_holiday_id"" : 51778}, {""id"" : 0, ""date"" : ""1224"", ""bank_holiday_id"" : 51778}]}"
10004756,51362,"{""bhl"" : {""id"" : 51362, ""name"" : ""CALENDAR_252E02"", ""vpn_id"" : 10004756}, ""dates"" : [{""id"" : 0, ""date"" : ""0101"", ""bank_holiday_id"" : 51362}, {""id"" : 0, ""date"" : ""0406"", ""bank_holiday_id"" : 51362}, {""id"" : 0, ""date"" : ""0501"", ""bank_holiday_id"" : 51362}, {""id"" : 0, ""date"" : ""0508"", ""bank_holiday_id"" : 51362}, {""id"" : 0, ""date"" : ""0514"", ""bank_holiday_id"" : 51362}, {""id"" : 0, ""date"" : ""0525"", ""bank_holiday_id"" : 51362}, {""id"" : 0, ""date"" : ""0714"", ""bank_holiday_id"" : 51362}, {""id"" : 0, ""date"" : ""0815"", ""bank_holiday_id"" : 51362}, {""id"" : 0, ""date"" : ""1101"", ""bank_holiday_id"" : 51362}, {""id"" : 0, ""date"" : ""1111"", ""bank_holiday_id"" : 51362}, {""id"" : 0, ""date"" : ""1225"", ""bank_holiday_id"" : 51362}]}"
4523,51461,"{""bhl"" : {""id"" : 51461, ""name"" : ""PREDEPLOY_9PFE4"", ""vpn_id"" : 4523}, ""dates"" : []}"
3990,51487,"{""bhl"" : {""id"" : 51487, ""name"" : ""JEHL_SUN_MC0PEL"", ""vpn_id"" : 3990}, ""dates"" : [{""id"" : 0, ""date"" : ""0722"", ""bank_holiday_id"" : 51487}, {""id"" : 0, ""date"" : ""0729"", ""bank_holiday_id"" : 51487}, {""id"" : 0, ""date"" : ""0805"", ""bank_holiday_id"" : 51487}, {""id"" : 0, ""date"" : ""0812"", ""bank_holiday_id"" : 51487}]}"
3990,51488,"{""bhl"" : {""id"" : 51488, ""name"" : ""VALDEZ_SAT_KSSI"", ""vpn_id"" : 3990}, ""dates"" : [{""id"" : 0, ""date"" : ""0714"", ""bank_holiday_id"" : 51488}, {""id"" : 0, ""date"" : ""0818"", ""bank_holiday_id"" : 51488}, {""id"" : 0, ""date"" : ""0825"", ""bank_holiday_id"" : 51488}]}"
10001129,51780,"{""bhl"" : {""id"" : 51780, ""name"" : ""MATMUT_VAN_qlSJ"", ""vpn_id"" : 10001129}, ""dates"" : [{""id"" : 0, ""date"" : ""0814"", ""bank_holiday_id"" : 51780}, {""id"" : 0, ""date"" : ""1031"", ""bank_holiday_id"" : 51780}, {""id"" : 0, ""date"" : ""1110"", ""bank_holiday_id"" : 51780}, {""id"" : 0, ""date"" : ""1224"", ""bank_holiday_id"" : 51780}]}"
10001129,51782,"{""bhl"" : {""id"" : 51782, ""name"" : ""MATMUT_STR_Ecly"", ""vpn_id"" : 10001129}, ""dates"" : [{""id"" : 0, ""date"" : ""0814"", ""bank_holiday_id"" : 51782}, {""id"" : 0, ""date"" : ""1031"", ""bank_holiday_id"" : 51782}, {""id"" : 0, ""date"" : ""1110"", ""bank_holiday_id"" : 51782}, {""id"" : 0, ""date"" : ""1224"", ""bank_holiday_id"" : 51782}]}"
10001129,51784,"{""bhl"" : {""id"" : 51784, ""name"" : ""MATMUT_NIM_7wFK"", ""vpn_id"" : 10001129}, ""dates"" : [{""id"" : 0, ""date"" : ""0814"", ""bank_holiday_id"" : 51784}, {""id"" : 0, ""date"" : ""1031"", ""bank_holiday_id"" : 51784}, {""id"" : 0, ""date"" : ""1110"", ""bank_holiday_id"" : 51784}, {""id"" : 0, ""date"" : ""1224"", ""bank_holiday_id"" : 51784}]}"
10001129,51789,"{""bhl"" : {""id"" : 51789, ""name"" : ""MATMUT__TH_nrYC"", ""vpn_id"" : 10001129}, ""dates"" : [{""id"" : 0, ""date"" : ""0814"", ""bank_holiday_id"" : 51789}, {""id"" : 0, ""date"" : ""1031"", ""bank_holiday_id"" : 51789}, {""id"" : 0, ""date"" : ""1110"", ""bank_holiday_id"" : 51789}, {""id"" : 0, ""date"" : ""1224"", ""bank_holiday_id"" : 51789}]}"
10001129,51792,"{""bhl"" : {""id"" : 51792, ""name"" : ""MATMUT_PAR_YU0p"", ""vpn_id"" : 10001129}, ""dates"" : [{""id"" : 0, ""date"" : ""0814"", ""bank_holiday_id"" : 51792}, {""id"" : 0, ""date"" : ""1031"", ""bank_holiday_id"" : 51792}, {""id"" : 0, ""date"" : ""1110"", ""bank_holiday_id"" : 51792}, {""id"" : 0, ""date"" : ""1224"", ""bank_holiday_id"" : 51792}]}"
10001129,51794,"{""bhl"" : {""id"" : 51794, ""name"" : ""MATMUT_RAM_dIb1"", ""vpn_id"" : 10001129}, ""dates"" : [{""id"" : 0, ""date"" : ""0814"", ""bank_holiday_id"" : 51794}, {""id"" : 0, ""date"" : ""1031"", ""bank_holiday_id"" : 51794}, {""id"" : 0, ""date"" : ""1110"", ""bank_holiday_id"" : 51794}, {""id"" : 0, ""date"" : ""1224"", ""bank_holiday_id"" : 51794}]}"
10001129,51796,"{""bhl"" : {""id"" : 51796, ""name"" : ""MATMUT_PAR_GZ17"", ""vpn_id"" : 10001129}, ""dates"" : [{""id"" : 0, ""date"" : ""0814"", ""bank_holiday_id"" : 51796}, {""id"" : 0, ""date"" : ""1031"", ""bank_holiday_id"" : 51796}, {""id"" : 0, ""date"" : ""1110"", ""bank_holiday_id"" : 51796}, {""id"" : 0, ""date"" : ""1224"", ""bank_holiday_id"" : 51796}]}"
10001129,51804,"{""bhl"" : {""id"" : 51804, ""name"" : ""MATMUT_LES_XdRW"", ""vpn_id"" : 10001129}, ""dates"" : [{""id"" : 0, ""date"" : ""0814"", ""bank_holiday_id"" : 51804}, {""id"" : 0, ""date"" : ""1031"", ""bank_holiday_id"" : 51804}, {""id"" : 0, ""date"" : ""1110"", ""bank_holiday_id"" : 51804}, {""id"" : 0, ""date"" : ""1224"", ""bank_holiday_id"" : 51804}]}"
10001129,51805,"{""bhl"" : {""id"" : 51805, ""name"" : ""MATMUT_ETA_WcmM"", ""vpn_id"" : 10001129}, ""dates"" : [{""id"" : 0, ""date"" : ""0814"", ""bank_holiday_id"" : 51805}, {""id"" : 0, ""date"" : ""1031"", ""bank_holiday_id"" : 51805}, {""id"" : 0, ""date"" : ""1110"", ""bank_holiday_id"" : 51805}, {""id"" : 0, ""date"" : ""1224"", ""bank_holiday_id"" : 51805}]}"
10001129,51806,"{""bhl"" : {""id"" : 51806, ""name"" : ""MATMUT_PON_upsc"", ""vpn_id"" : 10001129}, ""dates"" : [{""id"" : 0, ""date"" : ""0814"", ""bank_holiday_id"" : 51806}, {""id"" : 0, ""date"" : ""1031"", ""bank_holiday_id"" : 51806}, {""id"" : 0, ""date"" : ""1110"", ""bank_holiday_id"" : 51806}, {""id"" : 0, ""date"" : ""1224"", ""bank_holiday_id"" : 51806}]}"
10001129,51808,"{""bhl"" : {""id"" : 51808, ""name"" : ""MATMUT_VIN_rzvj"", ""vpn_id"" : 10001129}, ""dates"" : [{""id"" : 0, ""date"" : ""0814"", ""bank_holiday_id"" : 51808}, {""id"" : 0, ""date"" : ""1031"", ""bank_holiday_id"" : 51808}, {""id"" : 0, ""date"" : ""1110"", ""bank_holiday_id"" : 51808}, {""id"" : 0, ""date"" : ""1224"", ""bank_holiday_id"" : 51808}]}"
10001129,51810,"{""bhl"" : {""id"" : 51810, ""name"" : ""MATMUT_PAR_ro8F"", ""vpn_id"" : 10001129}, ""dates"" : [{""id"" : 0, ""date"" : ""0814"", ""bank_holiday_id"" : 51810}, {""id"" : 0, ""date"" : ""1031"", ""bank_holiday_id"" : 51810}, {""id"" : 0, ""date"" : ""1110"", ""bank_holiday_id"" : 51810}, {""id"" : 0, ""date"" : ""1224"", ""bank_holiday_id"" : 51810}]}"
10001129,51811,"{""bhl"" : {""id"" : 51811, ""name"" : ""MATMUT_PAR_LkLQ"", ""vpn_id"" : 10001129}, ""dates"" : [{""id"" : 0, ""date"" : ""0814"", ""bank_holiday_id"" : 51811}, {""id"" : 0, ""date"" : ""1031"", ""bank_holiday_id"" : 51811}, {""id"" : 0, ""date"" : ""1110"", ""bank_holiday_id"" : 51811}, {""id"" : 0, ""date"" : ""1224"", ""bank_holiday_id"" : 51811}]}"
10001129,51816,"{""bhl"" : {""id"" : 51816, ""name"" : ""MATMUT_TOU_yaie"", ""vpn_id"" : 10001129}, ""dates"" : [{""id"" : 0, ""date"" : ""0814"", ""bank_holiday_id"" : 51816}, {""id"" : 0, ""date"" : ""1031"", ""bank_holiday_id"" : 51816}, {""id"" : 0, ""date"" : ""1110"", ""bank_holiday_id"" : 51816}, {""id"" : 0, ""date"" : ""1224"", ""bank_holiday_id"" : 51816}]}"
10001129,51817,"{""bhl"" : {""id"" : 51817, ""name"" : ""MATMUT_DUN_3Nin"", ""vpn_id"" : 10001129}, ""dates"" : [{""id"" : 0, ""date"" : ""0814"", ""bank_holiday_id"" : 51817}, {""id"" : 0, ""date"" : ""1031"", ""bank_holiday_id"" : 51817}, {""id"" : 0, ""date"" : ""1110"", ""bank_holiday_id"" : 51817}, {""id"" : 0, ""date"" : ""1224"", ""bank_holiday_id"" : 51817}]}"
10001129,51819,"{""bhl"" : {""id"" : 51819, ""name"" : ""MATMUT_MAU_ByNc"", ""vpn_id"" : 10001129}, ""dates"" : [{""id"" : 0, ""date"" : ""0814"", ""bank_holiday_id"" : 51819}, {""id"" : 0, ""date"" : ""1031"", ""bank_holiday_id"" : 51819}, {""id"" : 0, ""date"" : ""1110"", ""bank_holiday_id"" : 51819}, {""id"" : 0, ""date"" : ""1224"", ""bank_holiday_id"" : 51819}]}"
10001129,51821,"{""bhl"" : {""id"" : 51821, ""name"" : ""MATMUT_MEA_jGPe"", ""vpn_id"" : 10001129}, ""dates"" : [{""id"" : 0, ""date"" : ""0814"", ""bank_holiday_id"" : 51821}, {""id"" : 0, ""date"" : ""1031"", ""bank_holiday_id"" : 51821}, {""id"" : 0, ""date"" : ""1110"", ""bank_holiday_id"" : 51821}, {""id"" : 0, ""date"" : ""1224"", ""bank_holiday_id"" : 51821}]}"
10001129,51823,"{""bhl"" : {""id"" : 51823, ""name"" : ""MATMUT_PAR_RyGh"", ""vpn_id"" : 10001129}, ""dates"" : [{""id"" : 0, ""date"" : ""0814"", ""bank_holiday_id"" : 51823}, {""id"" : 0, ""date"" : ""1031"", ""bank_holiday_id"" : 51823}, {""id"" : 0, ""date"" : ""1110"", ""bank_holiday_id"" : 51823}, {""id"" : 0, ""date"" : ""1224"", ""bank_holiday_id"" : 51823}]}"
10001129,51825,"{""bhl"" : {""id"" : 51825, ""name"" : ""MATMUT_POI_S2bM"", ""vpn_id"" : 10001129}, ""dates"" : [{""id"" : 0, ""date"" : ""0814"", ""bank_holiday_id"" : 51825}, {""id"" : 0, ""date"" : ""1031"", ""bank_holiday_id"" : 51825}, {""id"" : 0, ""date"" : ""1110"", ""bank_holiday_id"" : 51825}, {""id"" : 0, ""date"" : ""1224"", ""bank_holiday_id"" : 51825}]}"
10001129,51827,"{""bhl"" : {""id"" : 51827, ""name"" : ""MATMUT_DIG_CeyG"", ""vpn_id"" : 10001129}, ""dates"" : [{""id"" : 0, ""date"" : ""0814"", ""bank_holiday_id"" : 51827}, {""id"" : 0, ""date"" : ""1031"", ""bank_holiday_id"" : 51827}, {""id"" : 0, ""date"" : ""1110"", ""bank_holiday_id"" : 51827}, {""id"" : 0, ""date"" : ""1224"", ""bank_holiday_id"" : 51827}]}"
10001129,51829,"{""bhl"" : {""id"" : 51829, ""name"" : ""MATMUT_GAP_OY9V"", ""vpn_id"" : 10001129}, ""dates"" : [{""id"" : 0, ""date"" : ""0814"", ""bank_holiday_id"" : 51829}, {""id"" : 0, ""date"" : ""1031"", ""bank_holiday_id"" : 51829}, {""id"" : 0, ""date"" : ""1110"", ""bank_holiday_id"" : 51829}, {""id"" : 0, ""date"" : ""1224"", ""bank_holiday_id"" : 51829}]}"
10001129,51831,"{""bhl"" : {""id"" : 51831, ""name"" : ""MATMUT_MEN_7EDP"", ""vpn_id"" : 10001129}, ""dates"" : [{""id"" : 0, ""date"" : ""0814"", ""bank_holiday_id"" : 51831}, {""id"" : 0, ""date"" : ""1031"", ""bank_holiday_id"" : 51831}, {""id"" : 0, ""date"" : ""1110"", ""bank_holiday_id"" : 51831}, {""id"" : 0, ""date"" : ""1224"", ""bank_holiday_id"" : 51831}]}"
10001129,51833,"{""bhl"" : {""id"" : 51833, ""name"" : ""MATMUT_NIC_4Skg"", ""vpn_id"" : 10001129}, ""dates"" : [{""id"" : 0, ""date"" : ""0814"", ""bank_holiday_id"" : 51833}, {""id"" : 0, ""date"" : ""1031"", ""bank_holiday_id"" : 51833}, {""id"" : 0, ""date"" : ""1110"", ""bank_holiday_id"" : 51833}, {""id"" : 0, ""date"" : ""1224"", ""bank_holiday_id"" : 51833}]}"
10001129,51835,"{""bhl"" : {""id"" : 51835, ""name"" : ""MATMUT_IST_SV1J"", ""vpn_id"" : 10001129}, ""dates"" : [{""id"" : 0, ""date"" : ""0814"", ""bank_holiday_id"" : 51835}, {""id"" : 0, ""date"" : ""1031"", ""bank_holiday_id"" : 51835}, {""id"" : 0, ""date"" : ""1110"", ""bank_holiday_id"" : 51835}, {""id"" : 0, ""date"" : ""1224"", ""bank_holiday_id"" : 51835}]}"
10001129,51836,"{""bhl"" : {""id"" : 51836, ""name"" : ""MATMUT_LA__2aDa"", ""vpn_id"" : 10001129}, ""dates"" : [{""id"" : 0, ""date"" : ""0814"", ""bank_holiday_id"" : 51836}, {""id"" : 0, ""date"" : ""1031"", ""bank_holiday_id"" : 51836}, {""id"" : 0, ""date"" : ""1110"", ""bank_holiday_id"" : 51836}, {""id"" : 0, ""date"" : ""1224"", ""bank_holiday_id"" : 51836}]}"
10001129,51837,"{""bhl"" : {""id"" : 51837, ""name"" : ""MATMUT_MAR_dX4B"", ""vpn_id"" : 10001129}, ""dates"" : [{""id"" : 0, ""date"" : ""0814"", ""bank_holiday_id"" : 51837}, {""id"" : 0, ""date"" : ""1031"", ""bank_holiday_id"" : 51837}, {""id"" : 0, ""date"" : ""1110"", ""bank_holiday_id"" : 51837}, {""id"" : 0, ""date"" : ""1224"", ""bank_holiday_id"" : 51837}]}"
10001129,51838,"{""bhl"" : {""id"" : 51838, ""name"" : ""MATMUT_NIC_nLpJ"", ""vpn_id"" : 10001129}, ""dates"" : [{""id"" : 0, ""date"" : ""0814"", ""bank_holiday_id"" : 51838}, {""id"" : 0, ""date"" : ""1031"", ""bank_holiday_id"" : 51838}, {""id"" : 0, ""date"" : ""1110"", ""bank_holiday_id"" : 51838}, {""id"" : 0, ""date"" : ""1224"", ""bank_holiday_id"" : 51838}]}"
10001129,51839,"{""bhl"" : {""id"" : 51839, ""name"" : ""MATMUT_MIR_45aI"", ""vpn_id"" : 10001129}, ""dates"" : [{""id"" : 0, ""date"" : ""0814"", ""bank_holiday_id"" : 51839}, {""id"" : 0, ""date"" : ""1031"", ""bank_holiday_id"" : 51839}, {""id"" : 0, ""date"" : ""1110"", ""bank_holiday_id"" : 51839}, {""id"" : 0, ""date"" : ""1224"", ""bank_holiday_id"" : 51839}]}"
10001129,51840,"{""bhl"" : {""id"" : 51840, ""name"" : ""MATMUT_POR_nMvc"", ""vpn_id"" : 10001129}, ""dates"" : [{""id"" : 0, ""date"" : ""0814"", ""bank_holiday_id"" : 51840}, {""id"" : 0, ""date"" : ""1031"", ""bank_holiday_id"" : 51840}, {""id"" : 0, ""date"" : ""1110"", ""bank_holiday_id"" : 51840}, {""id"" : 0, ""date"" : ""1224"", ""bank_holiday_id"" : 51840}]}"
10001129,51841,"{""bhl"" : {""id"" : 51841, ""name"" : ""MATMUT_SAL_TLpL"", ""vpn_id"" : 10001129}, ""dates"" : [{""id"" : 0, ""date"" : ""0814"", ""bank_holiday_id"" : 51841}, {""id"" : 0, ""date"" : ""1031"", ""bank_holiday_id"" : 51841}, {""id"" : 0, ""date"" : ""1110"", ""bank_holiday_id"" : 51841}, {""id"" : 0, ""date"" : ""1224"", ""bank_holiday_id"" : 51841}]}"
10001129,51842,"{""bhl"" : {""id"" : 51842, ""name"" : ""MATMUT_TAR_rHSX"", ""vpn_id"" : 10001129}, ""dates"" : [{""id"" : 0, ""date"" : ""0814"", ""bank_holiday_id"" : 51842}, {""id"" : 0, ""date"" : ""1031"", ""bank_holiday_id"" : 51842}, {""id"" : 0, ""date"" : ""1110"", ""bank_holiday_id"" : 51842}, {""id"" : 0, ""date"" : ""1224"", ""bank_holiday_id"" : 51842}]}"
10001129,51843,"{""bhl"" : {""id"" : 51843, ""name"" : ""MATMUT_BRI_u9XO"", ""vpn_id"" : 10001129}, ""dates"" : [{""id"" : 0, ""date"" : ""0814"", ""bank_holiday_id"" : 51843}, {""id"" : 0, ""date"" : ""1031"", ""bank_holiday_id"" : 51843}, {""id"" : 0, ""date"" : ""1110"", ""bank_holiday_id"" : 51843}, {""id"" : 0, ""date"" : ""1224"", ""bank_holiday_id"" : 51843}]}"
10001129,51844,"{""bhl"" : {""id"" : 51844, ""name"" : ""MATMUT_DRA_Erhf"", ""vpn_id"" : 10001129}, ""dates"" : [{""id"" : 0, ""date"" : ""0814"", ""bank_holiday_id"" : 51844}, {""id"" : 0, ""date"" : ""1031"", ""bank_holiday_id"" : 51844}, {""id"" : 0, ""date"" : ""1110"", ""bank_holiday_id"" : 51844}, {""id"" : 0, ""date"" : ""1224"", ""bank_holiday_id"" : 51844}]}"
10001129,51845,"{""bhl"" : {""id"" : 51845, ""name"" : ""MATMUT_HYE_OBCN"", ""vpn_id"" : 10001129}, ""dates"" : [{""id"" : 0, ""date"" : ""0814"", ""bank_holiday_id"" : 51845}, {""id"" : 0, ""date"" : ""1031"", ""bank_holiday_id"" : 51845}, {""id"" : 0, ""date"" : ""1110"", ""bank_holiday_id"" : 51845}, {""id"" : 0, ""date"" : ""1224"", ""bank_holiday_id"" : 51845}]}"
10001129,51846,"{""bhl"" : {""id"" : 51846, ""name"" : ""MATMUT_MAN_6GAA"", ""vpn_id"" : 10001129}, ""dates"" : [{""id"" : 0, ""date"" : ""0814"", ""bank_holiday_id"" : 51846}, {""id"" : 0, ""date"" : ""1031"", ""bank_holiday_id"" : 51846}, {""id"" : 0, ""date"" : ""1110"", ""bank_holiday_id"" : 51846}, {""id"" : 0, ""date"" : ""1224"", ""bank_holiday_id"" : 51846}]}"
10001129,51847,"{""bhl"" : {""id"" : 51847, ""name"" : ""MATMUT_ANT_GOXb"", ""vpn_id"" : 10001129}, ""dates"" : [{""id"" : 0, ""date"" : ""0814"", ""bank_holiday_id"" : 51847}, {""id"" : 0, ""date"" : ""1031"", ""bank_holiday_id"" : 51847}, {""id"" : 0, ""date"" : ""1110"", ""bank_holiday_id"" : 51847}, {""id"" : 0, ""date"" : ""1224"", ""bank_holiday_id"" : 51847}]}"
10001129,51848,"{""bhl"" : {""id"" : 51848, ""name"" : ""MATMUT_CRO_yIfV"", ""vpn_id"" : 10001129}, ""dates"" : [{""id"" : 0, ""date"" : ""0814"", ""bank_holiday_id"" : 51848}, {""id"" : 0, ""date"" : ""1031"", ""bank_holiday_id"" : 51848}, {""id"" : 0, ""date"" : ""1110"", ""bank_holiday_id"" : 51848}, {""id"" : 0, ""date"" : ""1224"", ""bank_holiday_id"" : 51848}]}"
10001129,51849,"{""bhl"" : {""id"" : 51849, ""name"" : ""MATMUT_CAN_uc45"", ""vpn_id"" : 10001129}, ""dates"" : [{""id"" : 0, ""date"" : ""0814"", ""bank_holiday_id"" : 51849}, {""id"" : 0, ""date"" : ""1031"", ""bank_holiday_id"" : 51849}, {""id"" : 0, ""date"" : ""1110"", ""bank_holiday_id"" : 51849}, {""id"" : 0, ""date"" : ""1224"", ""bank_holiday_id"" : 51849}]}"
10001129,51850,"{""bhl"" : {""id"" : 51850, ""name"" : ""MATMUT_NIC_ZeFH"", ""vpn_id"" : 10001129}, ""dates"" : [{""id"" : 0, ""date"" : ""0814"", ""bank_holiday_id"" : 51850}, {""id"" : 0, ""date"" : ""1031"", ""bank_holiday_id"" : 51850}, {""id"" : 0, ""date"" : ""1110"", ""bank_holiday_id"" : 51850}, {""id"" : 0, ""date"" : ""1224"", ""bank_holiday_id"" : 51850}]}"
10001129,51851,"{""bhl"" : {""id"" : 51851, ""name"" : ""MATMUT_LA__1Bo8"", ""vpn_id"" : 10001129}, ""dates"" : [{""id"" : 0, ""date"" : ""0814"", ""bank_holiday_id"" : 51851}, {""id"" : 0, ""date"" : ""1031"", ""bank_holiday_id"" : 51851}, {""id"" : 0, ""date"" : ""1110"", ""bank_holiday_id"" : 51851}, {""id"" : 0, ""date"" : ""1224"", ""bank_holiday_id"" : 51851}]}"
10001129,51853,"{""bhl"" : {""id"" : 51853, ""name"" : ""MATMUT_TOU_7LrP"", ""vpn_id"" : 10001129}, ""dates"" : [{""id"" : 0, ""date"" : ""0814"", ""bank_holiday_id"" : 51853}, {""id"" : 0, ""date"" : ""1031"", ""bank_holiday_id"" : 51853}, {""id"" : 0, ""date"" : ""1110"", ""bank_holiday_id"" : 51853}, {""id"" : 0, ""date"" : ""1224"", ""bank_holiday_id"" : 51853}]}"
10001129,51855,"{""bhl"" : {""id"" : 51855, ""name"" : ""MATMUT_AIX_IJgn"", ""vpn_id"" : 10001129}, ""dates"" : [{""id"" : 0, ""date"" : ""0814"", ""bank_holiday_id"" : 51855}, {""id"" : 0, ""date"" : ""1031"", ""bank_holiday_id"" : 51855}, {""id"" : 0, ""date"" : ""1110"", ""bank_holiday_id"" : 51855}, {""id"" : 0, ""date"" : ""1224"", ""bank_holiday_id"" : 51855}]}"
10001129,51856,"{""bhl"" : {""id"" : 51856, ""name"" : ""MATMUT_ARL_by1g"", ""vpn_id"" : 10001129}, ""dates"" : [{""id"" : 0, ""date"" : ""0814"", ""bank_holiday_id"" : 51856}, {""id"" : 0, ""date"" : ""1031"", ""bank_holiday_id"" : 51856}, {""id"" : 0, ""date"" : ""1110"", ""bank_holiday_id"" : 51856}, {""id"" : 0, ""date"" : ""1224"", ""bank_holiday_id"" : 51856}]}"
10001129,51857,"{""bhl"" : {""id"" : 51857, ""name"" : ""MATMUT_AUB_CG40"", ""vpn_id"" : 10001129}, ""dates"" : [{""id"" : 0, ""date"" : ""0814"", ""bank_holiday_id"" : 51857}, {""id"" : 0, ""date"" : ""1031"", ""bank_holiday_id"" : 51857}, {""id"" : 0, ""date"" : ""1110"", ""bank_holiday_id"" : 51857}, {""id"" : 0, ""date"" : ""1224"", ""bank_holiday_id"" : 51857}]}"
10001129,51858,"{""bhl"" : {""id"" : 51858, ""name"" : ""MATMUT_MAR_cMwC"", ""vpn_id"" : 10001129}, ""dates"" : [{""id"" : 0, ""date"" : ""0814"", ""bank_holiday_id"" : 51858}, {""id"" : 0, ""date"" : ""1031"", ""bank_holiday_id"" : 51858}, {""id"" : 0, ""date"" : ""1110"", ""bank_holiday_id"" : 51858}, {""id"" : 0, ""date"" : ""1224"", ""bank_holiday_id"" : 51858}]}"
4967,51381,"{""bhl"" : {""id"" : 51381, ""name"" : ""IAIN_ASAZYNR1GG"", ""vpn_id"" : 4967}, ""dates"" : []}"
10001129,51686,"{""bhl"" : {""id"" : 51686, ""name"" : ""MATMUT_ST__myYT"", ""vpn_id"" : 10001129}, ""dates"" : [{""id"" : 0, ""date"" : ""0814"", ""bank_holiday_id"" : 51686}, {""id"" : 0, ""date"" : ""1031"", ""bank_holiday_id"" : 51686}, {""id"" : 0, ""date"" : ""1110"", ""bank_holiday_id"" : 51686}, {""id"" : 0, ""date"" : ""1224"", ""bank_holiday_id"" : 51686}]}"
10004823,51546,"{""bhl"" : {""id"" : 51546, ""name"" : ""CALENDAR_8C7D9D"", ""vpn_id"" : 10004823}, ""dates"" : [{""id"" : 0, ""date"" : ""0101"", ""bank_holiday_id"" : 51546}, {""id"" : 0, ""date"" : ""0406"", ""bank_holiday_id"" : 51546}, {""id"" : 0, ""date"" : ""0501"", ""bank_holiday_id"" : 51546}, {""id"" : 0, ""date"" : ""0508"", ""bank_holiday_id"" : 51546}, {""id"" : 0, ""date"" : ""0514"", ""bank_holiday_id"" : 51546}, {""id"" : 0, ""date"" : ""0525"", ""bank_holiday_id"" : 51546}, {""id"" : 0, ""date"" : ""0714"", ""bank_holiday_id"" : 51546}, {""id"" : 0, ""date"" : ""0815"", ""bank_holiday_id"" : 51546}, {""id"" : 0, ""date"" : ""1101"", ""bank_holiday_id"" : 51546}, {""id"" : 0, ""date"" : ""1111"", ""bank_holiday_id"" : 51546}, {""id"" : 0, ""date"" : ""1225"", ""bank_holiday_id"" : 51546}]}"
3990,51561,"{""bhl"" : {""id"" : 51561, ""name"" : ""IAIN_TEST_CGWIJ"", ""vpn_id"" : 3990}, ""dates"" : []}"
10004845,51581,"{""bhl"" : {""id"" : 51581, ""name"" : ""CALENDAR_371ADD"", ""vpn_id"" : 10004845}, ""dates"" : [{""id"" : 0, ""date"" : ""0101"", ""bank_holiday_id"" : 51581}, {""id"" : 0, ""date"" : ""0406"", ""bank_holiday_id"" : 51581}, {""id"" : 0, ""date"" : ""0501"", ""bank_holiday_id"" : 51581}, {""id"" : 0, ""date"" : ""0508"", ""bank_holiday_id"" : 51581}, {""id"" : 0, ""date"" : ""0514"", ""bank_holiday_id"" : 51581}, {""id"" : 0, ""date"" : ""0525"", ""bank_holiday_id"" : 51581}, {""id"" : 0, ""date"" : ""0714"", ""bank_holiday_id"" : 51581}, {""id"" : 0, ""date"" : ""0815"", ""bank_holiday_id"" : 51581}, {""id"" : 0, ""date"" : ""1101"", ""bank_holiday_id"" : 51581}, {""id"" : 0, ""date"" : ""1111"", ""bank_holiday_id"" : 51581}, {""id"" : 0, ""date"" : ""1225"", ""bank_holiday_id"" : 51581}]}"
3895,51583,"{""bhl"" : {""id"" : 51583, ""name"" : ""TEST_SAROL_RT7Z"", ""vpn_id"" : 3895}, ""dates"" : []}"
10004861,51621,"{""bhl"" : {""id"" : 51621, ""name"" : ""CALENDAR_4649A0"", ""vpn_id"" : 10004861}, ""dates"" : [{""id"" : 0, ""date"" : ""0101"", ""bank_holiday_id"" : 51621}, {""id"" : 0, ""date"" : ""0406"", ""bank_holiday_id"" : 51621}, {""id"" : 0, ""date"" : ""0501"", ""bank_holiday_id"" : 51621}, {""id"" : 0, ""date"" : ""0508"", ""bank_holiday_id"" : 51621}, {""id"" : 0, ""date"" : ""0514"", ""bank_holiday_id"" : 51621}, {""id"" : 0, ""date"" : ""0525"", ""bank_holiday_id"" : 51621}, {""id"" : 0, ""date"" : ""0714"", ""bank_holiday_id"" : 51621}, {""id"" : 0, ""date"" : ""0815"", ""bank_holiday_id"" : 51621}, {""id"" : 0, ""date"" : ""1101"", ""bank_holiday_id"" : 51621}, {""id"" : 0, ""date"" : ""1111"", ""bank_holiday_id"" : 51621}, {""id"" : 0, ""date"" : ""1225"", ""bank_holiday_id"" : 51621}]}"
10001129,51622,"{""bhl"" : {""id"" : 51622, ""name"" : ""MATMUT_ESP_nK1u"", ""vpn_id"" : 10001129}, ""dates"" : [{""id"" : 0, ""date"" : ""0814"", ""bank_holiday_id"" : 51622}, {""id"" : 0, ""date"" : ""1031"", ""bank_holiday_id"" : 51622}, {""id"" : 0, ""date"" : ""1110"", ""bank_holiday_id"" : 51622}, {""id"" : 0, ""date"" : ""1224"", ""bank_holiday_id"" : 51622}]}"
10001129,51623,"{""bhl"" : {""id"" : 51623, ""name"" : ""MATMUT_COL_kgX3"", ""vpn_id"" : 10001129}, ""dates"" : [{""id"" : 0, ""date"" : ""0814"", ""bank_holiday_id"" : 51623}, {""id"" : 0, ""date"" : ""1031"", ""bank_holiday_id"" : 51623}, {""id"" : 0, ""date"" : ""1110"", ""bank_holiday_id"" : 51623}, {""id"" : 0, ""date"" : ""1224"", ""bank_holiday_id"" : 51623}]}"
10001129,51628,"{""bhl"" : {""id"" : 51628, ""name"" : ""MATMUT_CEN_EtWU"", ""vpn_id"" : 10001129}, ""dates"" : [{""id"" : 0, ""date"" : ""0814"", ""bank_holiday_id"" : 51628}, {""id"" : 0, ""date"" : ""1031"", ""bank_holiday_id"" : 51628}, {""id"" : 0, ""date"" : ""1110"", ""bank_holiday_id"" : 51628}, {""id"" : 0, ""date"" : ""1224"", ""bank_holiday_id"" : 51628}]}"
10001129,51629,"{""bhl"" : {""id"" : 51629, ""name"" : ""MATMUT_COG_mgkB"", ""vpn_id"" : 10001129}, ""dates"" : [{""id"" : 0, ""date"" : ""0814"", ""bank_holiday_id"" : 51629}, {""id"" : 0, ""date"" : ""1031"", ""bank_holiday_id"" : 51629}, {""id"" : 0, ""date"" : ""1110"", ""bank_holiday_id"" : 51629}, {""id"" : 0, ""date"" : ""1224"", ""bank_holiday_id"" : 51629}]}"
10001129,51630,"{""bhl"" : {""id"" : 51630, ""name"" : ""MATMUT_GRA_ud4z"", ""vpn_id"" : 10001129}, ""dates"" : [{""id"" : 0, ""date"" : ""0814"", ""bank_holiday_id"" : 51630}, {""id"" : 0, ""date"" : ""1031"", ""bank_holiday_id"" : 51630}, {""id"" : 0, ""date"" : ""1110"", ""bank_holiday_id"" : 51630}, {""id"" : 0, ""date"" : ""1224"", ""bank_holiday_id"" : 51630}]}"
10001129,51631,"{""bhl"" : {""id"" : 51631, ""name"" : ""MATMUT_MAR_FlVu"", ""vpn_id"" : 10001129}, ""dates"" : [{""id"" : 0, ""date"" : ""0814"", ""bank_holiday_id"" : 51631}, {""id"" : 0, ""date"" : ""1031"", ""bank_holiday_id"" : 51631}, {""id"" : 0, ""date"" : ""1110"", ""bank_holiday_id"" : 51631}, {""id"" : 0, ""date"" : ""1224"", ""bank_holiday_id"" : 51631}]}"
10001129,51632,"{""bhl"" : {""id"" : 51632, ""name"" : ""MATMUT_RED_e3FD"", ""vpn_id"" : 10001129}, ""dates"" : [{""id"" : 0, ""date"" : ""0814"", ""bank_holiday_id"" : 51632}, {""id"" : 0, ""date"" : ""1031"", ""bank_holiday_id"" : 51632}, {""id"" : 0, ""date"" : ""1110"", ""bank_holiday_id"" : 51632}, {""id"" : 0, ""date"" : ""1224"", ""bank_holiday_id"" : 51632}]}"
10001129,51633,"{""bhl"" : {""id"" : 51633, ""name"" : ""MATMUT_DIN_Xc9I"", ""vpn_id"" : 10001129}, ""dates"" : [{""id"" : 0, ""date"" : ""0814"", ""bank_holiday_id"" : 51633}, {""id"" : 0, ""date"" : ""1031"", ""bank_holiday_id"" : 51633}, {""id"" : 0, ""date"" : ""1110"", ""bank_holiday_id"" : 51633}, {""id"" : 0, ""date"" : ""1224"", ""bank_holiday_id"" : 51633}]}"
10001129,51634,"{""bhl"" : {""id"" : 51634, ""name"" : ""MATMUT_CHA_r3wX"", ""vpn_id"" : 10001129}, ""dates"" : [{""id"" : 0, ""date"" : ""0814"", ""bank_holiday_id"" : 51634}, {""id"" : 0, ""date"" : ""1031"", ""bank_holiday_id"" : 51634}, {""id"" : 0, ""date"" : ""1110"", ""bank_holiday_id"" : 51634}, {""id"" : 0, ""date"" : ""1224"", ""bank_holiday_id"" : 51634}]}"
10001129,51635,"{""bhl"" : {""id"" : 51635, ""name"" : ""MATMUT_PAR_mFA9"", ""vpn_id"" : 10001129}, ""dates"" : [{""id"" : 0, ""date"" : ""0814"", ""bank_holiday_id"" : 51635}, {""id"" : 0, ""date"" : ""1031"", ""bank_holiday_id"" : 51635}, {""id"" : 0, ""date"" : ""1110"", ""bank_holiday_id"" : 51635}, {""id"" : 0, ""date"" : ""1224"", ""bank_holiday_id"" : 51635}]}"
10001129,51637,"{""bhl"" : {""id"" : 51637, ""name"" : ""MATMUT_AGE_B9M8"", ""vpn_id"" : 10001129}, ""dates"" : [{""id"" : 0, ""date"" : ""0814"", ""bank_holiday_id"" : 51637}, {""id"" : 0, ""date"" : ""1031"", ""bank_holiday_id"" : 51637}, {""id"" : 0, ""date"" : ""1110"", ""bank_holiday_id"" : 51637}, {""id"" : 0, ""date"" : ""1224"", ""bank_holiday_id"" : 51637}]}"
10001129,51638,"{""bhl"" : {""id"" : 51638, ""name"" : ""MATMUT_AND_IX60"", ""vpn_id"" : 10001129}, ""dates"" : [{""id"" : 0, ""date"" : ""0814"", ""bank_holiday_id"" : 51638}, {""id"" : 0, ""date"" : ""1031"", ""bank_holiday_id"" : 51638}, {""id"" : 0, ""date"" : ""1110"", ""bank_holiday_id"" : 51638}, {""id"" : 0, ""date"" : ""1224"", ""bank_holiday_id"" : 51638}]}"
10001129,51642,"{""bhl"" : {""id"" : 51642, ""name"" : ""MATMUT_FOR_CO5h"", ""vpn_id"" : 10001129}, ""dates"" : [{""id"" : 0, ""date"" : ""0814"", ""bank_holiday_id"" : 51642}, {""id"" : 0, ""date"" : ""1031"", ""bank_holiday_id"" : 51642}, {""id"" : 0, ""date"" : ""1110"", ""bank_holiday_id"" : 51642}, {""id"" : 0, ""date"" : ""1224"", ""bank_holiday_id"" : 51642}]}"
10001129,51646,"{""bhl"" : {""id"" : 51646, ""name"" : ""MATMUT_ILL_Myla"", ""vpn_id"" : 10001129}, ""dates"" : [{""id"" : 0, ""date"" : ""0814"", ""bank_holiday_id"" : 51646}, {""id"" : 0, ""date"" : ""1031"", ""bank_holiday_id"" : 51646}, {""id"" : 0, ""date"" : ""1110"", ""bank_holiday_id"" : 51646}, {""id"" : 0, ""date"" : ""1224"", ""bank_holiday_id"" : 51646}]}"
10001129,51647,"{""bhl"" : {""id"" : 51647, ""name"" : ""MATMUT_BIA_sNcg"", ""vpn_id"" : 10001129}, ""dates"" : [{""id"" : 0, ""date"" : ""0814"", ""bank_holiday_id"" : 51647}, {""id"" : 0, ""date"" : ""1031"", ""bank_holiday_id"" : 51647}, {""id"" : 0, ""date"" : ""1110"", ""bank_holiday_id"" : 51647}, {""id"" : 0, ""date"" : ""1224"", ""bank_holiday_id"" : 51647}]}"
10001129,51651,"{""bhl"" : {""id"" : 51651, ""name"" : ""MAMUT_AIX__64e1"", ""vpn_id"" : 10001129}, ""dates"" : [{""id"" : 0, ""date"" : ""0814"", ""bank_holiday_id"" : 51651}, {""id"" : 0, ""date"" : ""1031"", ""bank_holiday_id"" : 51651}, {""id"" : 0, ""date"" : ""1110"", ""bank_holiday_id"" : 51651}, {""id"" : 0, ""date"" : ""1224"", ""bank_holiday_id"" : 51651}]}"
10001129,51652,"{""bhl"" : {""id"" : 51652, ""name"" : ""MATMUT_MET_zkpT"", ""vpn_id"" : 10001129}, ""dates"" : [{""id"" : 0, ""date"" : ""0814"", ""bank_holiday_id"" : 51652}, {""id"" : 0, ""date"" : ""1031"", ""bank_holiday_id"" : 51652}, {""id"" : 0, ""date"" : ""1110"", ""bank_holiday_id"" : 51652}, {""id"" : 0, ""date"" : ""1224"", ""bank_holiday_id"" : 51652}]}"
10001129,51653,"{""bhl"" : {""id"" : 51653, ""name"" : ""MATMUT_MEY_5s3O"", ""vpn_id"" : 10001129}, ""dates"" : [{""id"" : 0, ""date"" : ""0814"", ""bank_holiday_id"" : 51653}, {""id"" : 0, ""date"" : ""1031"", ""bank_holiday_id"" : 51653}, {""id"" : 0, ""date"" : ""1110"", ""bank_holiday_id"" : 51653}, {""id"" : 0, ""date"" : ""1224"", ""bank_holiday_id"" : 51653}]}"
10001129,51655,"{""bhl"" : {""id"" : 51655, ""name"" : ""MATMUT_GRE_REiH"", ""vpn_id"" : 10001129}, ""dates"" : [{""id"" : 0, ""date"" : ""0814"", ""bank_holiday_id"" : 51655}, {""id"" : 0, ""date"" : ""1031"", ""bank_holiday_id"" : 51655}, {""id"" : 0, ""date"" : ""1110"", ""bank_holiday_id"" : 51655}, {""id"" : 0, ""date"" : ""1224"", ""bank_holiday_id"" : 51655}]}"
10001129,51658,"{""bhl"" : {""id"" : 51658, ""name"" : ""MATMUT_MON_vUTu"", ""vpn_id"" : 10001129}, ""dates"" : [{""id"" : 0, ""date"" : ""0814"", ""bank_holiday_id"" : 51658}, {""id"" : 0, ""date"" : ""1031"", ""bank_holiday_id"" : 51658}, {""id"" : 0, ""date"" : ""1110"", ""bank_holiday_id"" : 51658}, {""id"" : 0, ""date"" : ""1224"", ""bank_holiday_id"" : 51658}]}"
10001129,51660,"{""bhl"" : {""id"" : 51660, ""name"" : ""MATMUT_ALB_HfHH"", ""vpn_id"" : 10001129}, ""dates"" : [{""id"" : 0, ""date"" : ""0814"", ""bank_holiday_id"" : 51660}, {""id"" : 0, ""date"" : ""1031"", ""bank_holiday_id"" : 51660}, {""id"" : 0, ""date"" : ""1110"", ""bank_holiday_id"" : 51660}, {""id"" : 0, ""date"" : ""1224"", ""bank_holiday_id"" : 51660}]}"
10001129,51661,"{""bhl"" : {""id"" : 51661, ""name"" : ""MATMUT_BOR_6HuT"", ""vpn_id"" : 10001129}, ""dates"" : [{""id"" : 0, ""date"" : ""0814"", ""bank_holiday_id"" : 51661}, {""id"" : 0, ""date"" : ""1031"", ""bank_holiday_id"" : 51661}, {""id"" : 0, ""date"" : ""1110"", ""bank_holiday_id"" : 51661}, {""id"" : 0, ""date"" : ""1224"", ""bank_holiday_id"" : 51661}]}"
10001129,51662,"{""bhl"" : {""id"" : 51662, ""name"" : ""MATMUT_BOR_K3rr"", ""vpn_id"" : 10001129}, ""dates"" : [{""id"" : 0, ""date"" : ""0814"", ""bank_holiday_id"" : 51662}, {""id"" : 0, ""date"" : ""1031"", ""bank_holiday_id"" : 51662}, {""id"" : 0, ""date"" : ""1110"", ""bank_holiday_id"" : 51662}, {""id"" : 0, ""date"" : ""1224"", ""bank_holiday_id"" : 51662}]}"
10001129,51666,"{""bhl"" : {""id"" : 51666, ""name"" : ""IP_ROUEN_D_KjjC"", ""vpn_id"" : 10001129}, ""dates"" : [{""id"" : 0, ""date"" : ""0814"", ""bank_holiday_id"" : 51666}, {""id"" : 0, ""date"" : ""1031"", ""bank_holiday_id"" : 51666}, {""id"" : 0, ""date"" : ""1110"", ""bank_holiday_id"" : 51666}, {""id"" : 0, ""date"" : ""1224"", ""bank_holiday_id"" : 51666}]}"
10001129,51667,"{""bhl"" : {""id"" : 51667, ""name"" : ""MATMUT_NAN_QdXQ"", ""vpn_id"" : 10001129}, ""dates"" : [{""id"" : 0, ""date"" : ""0814"", ""bank_holiday_id"" : 51667}, {""id"" : 0, ""date"" : ""1031"", ""bank_holiday_id"" : 51667}, {""id"" : 0, ""date"" : ""1110"", ""bank_holiday_id"" : 51667}, {""id"" : 0, ""date"" : ""1224"", ""bank_holiday_id"" : 51667}]}"
10001129,51671,"{""bhl"" : {""id"" : 51671, ""name"" : ""MATMUT_MON_38EV"", ""vpn_id"" : 10001129}, ""dates"" : [{""id"" : 0, ""date"" : ""0814"", ""bank_holiday_id"" : 51671}, {""id"" : 0, ""date"" : ""1031"", ""bank_holiday_id"" : 51671}, {""id"" : 0, ""date"" : ""1110"", ""bank_holiday_id"" : 51671}, {""id"" : 0, ""date"" : ""1224"", ""bank_holiday_id"" : 51671}]}"
10001129,51677,"{""bhl"" : {""id"" : 51677, ""name"" : ""IP_ROUEN_T_Zt7P"", ""vpn_id"" : 10001129}, ""dates"" : [{""id"" : 0, ""date"" : ""0814"", ""bank_holiday_id"" : 51677}, {""id"" : 0, ""date"" : ""1031"", ""bank_holiday_id"" : 51677}, {""id"" : 0, ""date"" : ""1110"", ""bank_holiday_id"" : 51677}, {""id"" : 0, ""date"" : ""1224"", ""bank_holiday_id"" : 51677}]}"
10001129,51678,"{""bhl"" : {""id"" : 51678, ""name"" : ""IP_ROUEN_C_uiZg"", ""vpn_id"" : 10001129}, ""dates"" : [{""id"" : 0, ""date"" : ""0814"", ""bank_holiday_id"" : 51678}, {""id"" : 0, ""date"" : ""1031"", ""bank_holiday_id"" : 51678}, {""id"" : 0, ""date"" : ""1110"", ""bank_holiday_id"" : 51678}, {""id"" : 0, ""date"" : ""1224"", ""bank_holiday_id"" : 51678}]}"
10001129,51680,"{""bhl"" : {""id"" : 51680, ""name"" : ""IP_ROUEN_D_8HdU"", ""vpn_id"" : 10001129}, ""dates"" : [{""id"" : 0, ""date"" : ""0814"", ""bank_holiday_id"" : 51680}, {""id"" : 0, ""date"" : ""1031"", ""bank_holiday_id"" : 51680}, {""id"" : 0, ""date"" : ""1110"", ""bank_holiday_id"" : 51680}, {""id"" : 0, ""date"" : ""1224"", ""bank_holiday_id"" : 51680}]}"
10001129,51681,"{""bhl"" : {""id"" : 51681, ""name"" : ""MATMUT_BOE_4R73"", ""vpn_id"" : 10001129}, ""dates"" : [{""id"" : 0, ""date"" : ""0814"", ""bank_holiday_id"" : 51681}, {""id"" : 0, ""date"" : ""1031"", ""bank_holiday_id"" : 51681}, {""id"" : 0, ""date"" : ""1110"", ""bank_holiday_id"" : 51681}, {""id"" : 0, ""date"" : ""1224"", ""bank_holiday_id"" : 51681}]}"
10001129,51682,"{""bhl"" : {""id"" : 51682, ""name"" : ""MATMUT_MON_7eQu"", ""vpn_id"" : 10001129}, ""dates"" : [{""id"" : 0, ""date"" : ""0814"", ""bank_holiday_id"" : 51682}, {""id"" : 0, ""date"" : ""1031"", ""bank_holiday_id"" : 51682}, {""id"" : 0, ""date"" : ""1110"", ""bank_holiday_id"" : 51682}, {""id"" : 0, ""date"" : ""1224"", ""bank_holiday_id"" : 51682}]}"
10001129,51683,"{""bhl"" : {""id"" : 51683, ""name"" : ""MATMUT_SUR_3Uqe"", ""vpn_id"" : 10001129}, ""dates"" : [{""id"" : 0, ""date"" : ""0814"", ""bank_holiday_id"" : 51683}, {""id"" : 0, ""date"" : ""1031"", ""bank_holiday_id"" : 51683}, {""id"" : 0, ""date"" : ""1110"", ""bank_holiday_id"" : 51683}, {""id"" : 0, ""date"" : ""1224"", ""bank_holiday_id"" : 51683}]}"
10001129,51684,"{""bhl"" : {""id"" : 51684, ""name"" : ""MATMUT_MAR_FlYV"", ""vpn_id"" : 10001129}, ""dates"" : [{""id"" : 0, ""date"" : ""0814"", ""bank_holiday_id"" : 51684}, {""id"" : 0, ""date"" : ""1031"", ""bank_holiday_id"" : 51684}, {""id"" : 0, ""date"" : ""1110"", ""bank_holiday_id"" : 51684}, {""id"" : 0, ""date"" : ""1224"", ""bank_holiday_id"" : 51684}]}"
10001129,51685,"{""bhl"" : {""id"" : 51685, ""name"" : ""MATMUT_PES_wrm6"", ""vpn_id"" : 10001129}, ""dates"" : [{""id"" : 0, ""date"" : ""0814"", ""bank_holiday_id"" : 51685}, {""id"" : 0, ""date"" : ""1031"", ""bank_holiday_id"" : 51685}, {""id"" : 0, ""date"" : ""1110"", ""bank_holiday_id"" : 51685}, {""id"" : 0, ""date"" : ""1224"", ""bank_holiday_id"" : 51685}]}"
3990,51481,"{""bhl"" : {""id"" : 51481, ""name"" : ""NEW_CALEND_D60F"", ""vpn_id"" : 3990}, ""dates"" : [{""id"" : 0, ""date"" : ""0705"", ""bank_holiday_id"" : 51481}, {""id"" : 0, ""date"" : ""0706"", ""bank_holiday_id"" : 51481}, {""id"" : 0, ""date"" : ""0709"", ""bank_holiday_id"" : 51481}, {""id"" : 0, ""date"" : ""0710"", ""bank_holiday_id"" : 51481}, {""id"" : 0, ""date"" : ""0830"", ""bank_holiday_id"" : 51481}, {""id"" : 0, ""date"" : ""0831"", ""bank_holiday_id"" : 51481}, {""id"" : 0, ""date"" : ""0903"", ""bank_holiday_id"" : 51481}, {""id"" : 0, ""date"" : ""0904"", ""bank_holiday_id"" : 51481}]}"
10001129,51688,"{""bhl"" : {""id"" : 51688, ""name"" : ""MATMUT_TAB_EICw"", ""vpn_id"" : 10001129}, ""dates"" : [{""id"" : 0, ""date"" : ""0814"", ""bank_holiday_id"" : 51688}, {""id"" : 0, ""date"" : ""1031"", ""bank_holiday_id"" : 51688}, {""id"" : 0, ""date"" : ""1110"", ""bank_holiday_id"" : 51688}, {""id"" : 0, ""date"" : ""1224"", ""bank_holiday_id"" : 51688}]}"
10001129,51689,"{""bhl"" : {""id"" : 51689, ""name"" : ""MATMUT_NEM_iHFi"", ""vpn_id"" : 10001129}, ""dates"" : [{""id"" : 0, ""date"" : ""0814"", ""bank_holiday_id"" : 51689}, {""id"" : 0, ""date"" : ""1031"", ""bank_holiday_id"" : 51689}, {""id"" : 0, ""date"" : ""1110"", ""bank_holiday_id"" : 51689}, {""id"" : 0, ""date"" : ""1224"", ""bank_holiday_id"" : 51689}]}"
10001129,51690,"{""bhl"" : {""id"" : 51690, ""name"" : ""MATMUT_PAR_RKbW"", ""vpn_id"" : 10001129}, ""dates"" : [{""id"" : 0, ""date"" : ""0814"", ""bank_holiday_id"" : 51690}, {""id"" : 0, ""date"" : ""1031"", ""bank_holiday_id"" : 51690}, {""id"" : 0, ""date"" : ""1110"", ""bank_holiday_id"" : 51690}, {""id"" : 0, ""date"" : ""1224"", ""bank_holiday_id"" : 51690}]}"
10001129,51691,"{""bhl"" : {""id"" : 51691, ""name"" : ""MATMUT_PAR_Az9i"", ""vpn_id"" : 10001129}, ""dates"" : [{""id"" : 0, ""date"" : ""0814"", ""bank_holiday_id"" : 51691}, {""id"" : 0, ""date"" : ""1031"", ""bank_holiday_id"" : 51691}, {""id"" : 0, ""date"" : ""1110"", ""bank_holiday_id"" : 51691}, {""id"" : 0, ""date"" : ""1224"", ""bank_holiday_id"" : 51691}]}"
10001129,51692,"{""bhl"" : {""id"" : 51692, ""name"" : ""MATMUT_ROU_IatG"", ""vpn_id"" : 10001129}, ""dates"" : [{""id"" : 0, ""date"" : ""0814"", ""bank_holiday_id"" : 51692}, {""id"" : 0, ""date"" : ""1031"", ""bank_holiday_id"" : 51692}, {""id"" : 0, ""date"" : ""1110"", ""bank_holiday_id"" : 51692}, {""id"" : 0, ""date"" : ""1224"", ""bank_holiday_id"" : 51692}]}"
10001129,51693,"{""bhl"" : {""id"" : 51693, ""name"" : ""MATMUT_ROD_QYRn"", ""vpn_id"" : 10001129}, ""dates"" : [{""id"" : 0, ""date"" : ""0814"", ""bank_holiday_id"" : 51693}, {""id"" : 0, ""date"" : ""1031"", ""bank_holiday_id"" : 51693}, {""id"" : 0, ""date"" : ""1110"", ""bank_holiday_id"" : 51693}, {""id"" : 0, ""date"" : ""1224"", ""bank_holiday_id"" : 51693}]}"
10001129,51694,"{""bhl"" : {""id"" : 51694, ""name"" : ""HAUTS_DE_S_AXIk"", ""vpn_id"" : 10001129}, ""dates"" : [{""id"" : 0, ""date"" : ""0814"", ""bank_holiday_id"" : 51694}, {""id"" : 0, ""date"" : ""1031"", ""bank_holiday_id"" : 51694}, {""id"" : 0, ""date"" : ""1110"", ""bank_holiday_id"" : 51694}, {""id"" : 0, ""date"" : ""1224"", ""bank_holiday_id"" : 51694}]}"
10001129,51696,"{""bhl"" : {""id"" : 51696, ""name"" : ""MATMUT_VIL_9K7Q"", ""vpn_id"" : 10001129}, ""dates"" : [{""id"" : 0, ""date"" : ""0814"", ""bank_holiday_id"" : 51696}, {""id"" : 0, ""date"" : ""1031"", ""bank_holiday_id"" : 51696}, {""id"" : 0, ""date"" : ""1110"", ""bank_holiday_id"" : 51696}, {""id"" : 0, ""date"" : ""1224"", ""bank_holiday_id"" : 51696}]}"
10001129,51700,"{""bhl"" : {""id"" : 51700, ""name"" : ""MATMUT_DEN_GYUd"", ""vpn_id"" : 10001129}, ""dates"" : [{""id"" : 0, ""date"" : ""0814"", ""bank_holiday_id"" : 51700}, {""id"" : 0, ""date"" : ""1031"", ""bank_holiday_id"" : 51700}, {""id"" : 0, ""date"" : ""1110"", ""bank_holiday_id"" : 51700}, {""id"" : 0, ""date"" : ""1224"", ""bank_holiday_id"" : 51700}]}"
10001129,51701,"{""bhl"" : {""id"" : 51701, ""name"" : ""MATMUT_TOU_fFBX"", ""vpn_id"" : 10001129}, ""dates"" : [{""id"" : 0, ""date"" : ""0814"", ""bank_holiday_id"" : 51701}, {""id"" : 0, ""date"" : ""1031"", ""bank_holiday_id"" : 51701}, {""id"" : 0, ""date"" : ""1110"", ""bank_holiday_id"" : 51701}, {""id"" : 0, ""date"" : ""1224"", ""bank_holiday_id"" : 51701}]}"
10001129,51702,"{""bhl"" : {""id"" : 51702, ""name"" : ""MATMUT_MET_1X5v"", ""vpn_id"" : 10001129}, ""dates"" : [{""id"" : 0, ""date"" : ""0814"", ""bank_holiday_id"" : 51702}, {""id"" : 0, ""date"" : ""1031"", ""bank_holiday_id"" : 51702}, {""id"" : 0, ""date"" : ""1110"", ""bank_holiday_id"" : 51702}, {""id"" : 0, ""date"" : ""1224"", ""bank_holiday_id"" : 51702}]}"
10001129,51705,"{""bhl"" : {""id"" : 51705, ""name"" : ""MATMUT_LON_In6S"", ""vpn_id"" : 10001129}, ""dates"" : [{""id"" : 0, ""date"" : ""0814"", ""bank_holiday_id"" : 51705}, {""id"" : 0, ""date"" : ""1031"", ""bank_holiday_id"" : 51705}, {""id"" : 0, ""date"" : ""1110"", ""bank_holiday_id"" : 51705}, {""id"" : 0, ""date"" : ""1224"", ""bank_holiday_id"" : 51705}]}"
10001129,51707,"{""bhl"" : {""id"" : 51707, ""name"" : ""MATMUT_SAR_MkjC"", ""vpn_id"" : 10001129}, ""dates"" : [{""id"" : 0, ""date"" : ""0814"", ""bank_holiday_id"" : 51707}, {""id"" : 0, ""date"" : ""1031"", ""bank_holiday_id"" : 51707}, {""id"" : 0, ""date"" : ""1110"", ""bank_holiday_id"" : 51707}, {""id"" : 0, ""date"" : ""1224"", ""bank_holiday_id"" : 51707}]}"
10001129,51709,"{""bhl"" : {""id"" : 51709, ""name"" : ""MATMUT_CHO_0lfP"", ""vpn_id"" : 10001129}, ""dates"" : [{""id"" : 0, ""date"" : ""0814"", ""bank_holiday_id"" : 51709}, {""id"" : 0, ""date"" : ""1031"", ""bank_holiday_id"" : 51709}, {""id"" : 0, ""date"" : ""1110"", ""bank_holiday_id"" : 51709}, {""id"" : 0, ""date"" : ""1224"", ""bank_holiday_id"" : 51709}]}"
10001129,51710,"{""bhl"" : {""id"" : 51710, ""name"" : ""MATMUT_CHA_Tabt"", ""vpn_id"" : 10001129}, ""dates"" : [{""id"" : 0, ""date"" : ""0814"", ""bank_holiday_id"" : 51710}, {""id"" : 0, ""date"" : ""1031"", ""bank_holiday_id"" : 51710}, {""id"" : 0, ""date"" : ""1110"", ""bank_holiday_id"" : 51710}, {""id"" : 0, ""date"" : ""1224"", ""bank_holiday_id"" : 51710}]}"
10001129,51711,"{""bhl"" : {""id"" : 51711, ""name"" : ""MATMUT_COL_epcZ"", ""vpn_id"" : 10001129}, ""dates"" : [{""id"" : 0, ""date"" : ""0814"", ""bank_holiday_id"" : 51711}, {""id"" : 0, ""date"" : ""1031"", ""bank_holiday_id"" : 51711}, {""id"" : 0, ""date"" : ""1110"", ""bank_holiday_id"" : 51711}, {""id"" : 0, ""date"" : ""1224"", ""bank_holiday_id"" : 51711}]}"
10001129,51713,"{""bhl"" : {""id"" : 51713, ""name"" : ""MATMUT_ASN_hUN9"", ""vpn_id"" : 10001129}, ""dates"" : [{""id"" : 0, ""date"" : ""0814"", ""bank_holiday_id"" : 51713}, {""id"" : 0, ""date"" : ""1031"", ""bank_holiday_id"" : 51713}, {""id"" : 0, ""date"" : ""1110"", ""bank_holiday_id"" : 51713}, {""id"" : 0, ""date"" : ""1224"", ""bank_holiday_id"" : 51713}]}"
10001129,51716,"{""bhl"" : {""id"" : 51716, ""name"" : ""MATMUT_PAR_OXkc"", ""vpn_id"" : 10001129}, ""dates"" : [{""id"" : 0, ""date"" : ""0814"", ""bank_holiday_id"" : 51716}, {""id"" : 0, ""date"" : ""1031"", ""bank_holiday_id"" : 51716}, {""id"" : 0, ""date"" : ""1110"", ""bank_holiday_id"" : 51716}, {""id"" : 0, ""date"" : ""1224"", ""bank_holiday_id"" : 51716}]}"
10001129,51730,"{""bhl"" : {""id"" : 51730, ""name"" : ""IP_MATMUT__gGpZ"", ""vpn_id"" : 10001129}, ""dates"" : [{""id"" : 0, ""date"" : ""0814"", ""bank_holiday_id"" : 51730}, {""id"" : 0, ""date"" : ""1031"", ""bank_holiday_id"" : 51730}, {""id"" : 0, ""date"" : ""1110"", ""bank_holiday_id"" : 51730}, {""id"" : 0, ""date"" : ""1224"", ""bank_holiday_id"" : 51730}]}"
10001129,51732,"{""bhl"" : {""id"" : 51732, ""name"" : ""MATMUT_CRE_Hz3m"", ""vpn_id"" : 10001129}, ""dates"" : [{""id"" : 0, ""date"" : ""0814"", ""bank_holiday_id"" : 51732}, {""id"" : 0, ""date"" : ""1031"", ""bank_holiday_id"" : 51732}, {""id"" : 0, ""date"" : ""1110"", ""bank_holiday_id"" : 51732}, {""id"" : 0, ""date"" : ""1224"", ""bank_holiday_id"" : 51732}]}"
10001129,51734,"{""bhl"" : {""id"" : 51734, ""name"" : ""MATMUT_PAR_2myD"", ""vpn_id"" : 10001129}, ""dates"" : [{""id"" : 0, ""date"" : ""0814"", ""bank_holiday_id"" : 51734}, {""id"" : 0, ""date"" : ""1031"", ""bank_holiday_id"" : 51734}, {""id"" : 0, ""date"" : ""1110"", ""bank_holiday_id"" : 51734}, {""id"" : 0, ""date"" : ""1224"", ""bank_holiday_id"" : 51734}]}"
10001129,51736,"{""bhl"" : {""id"" : 51736, ""name"" : ""MATMUT_ORS_L5uA"", ""vpn_id"" : 10001129}, ""dates"" : [{""id"" : 0, ""date"" : ""0814"", ""bank_holiday_id"" : 51736}, {""id"" : 0, ""date"" : ""1031"", ""bank_holiday_id"" : 51736}, {""id"" : 0, ""date"" : ""1110"", ""bank_holiday_id"" : 51736}, {""id"" : 0, ""date"" : ""1224"", ""bank_holiday_id"" : 51736}]}"
10001129,51737,"{""bhl"" : {""id"" : 51737, ""name"" : ""MATMUT_LEN_O4oj"", ""vpn_id"" : 10001129}, ""dates"" : [{""id"" : 0, ""date"" : ""0814"", ""bank_holiday_id"" : 51737}, {""id"" : 0, ""date"" : ""1031"", ""bank_holiday_id"" : 51737}, {""id"" : 0, ""date"" : ""1110"", ""bank_holiday_id"" : 51737}, {""id"" : 0, ""date"" : ""1224"", ""bank_holiday_id"" : 51737}]}"
10001129,51739,"{""bhl"" : {""id"" : 51739, ""name"" : ""MATMUT_FRA_wj0x"", ""vpn_id"" : 10001129}, ""dates"" : [{""id"" : 0, ""date"" : ""0814"", ""bank_holiday_id"" : 51739}, {""id"" : 0, ""date"" : ""1031"", ""bank_holiday_id"" : 51739}, {""id"" : 0, ""date"" : ""1110"", ""bank_holiday_id"" : 51739}, {""id"" : 0, ""date"" : ""1224"", ""bank_holiday_id"" : 51739}]}"
10001129,51741,"{""bhl"" : {""id"" : 51741, ""name"" : ""MATMUT_ACC_RQ1x"", ""vpn_id"" : 10001129}, ""dates"" : [{""id"" : 0, ""date"" : ""0814"", ""bank_holiday_id"" : 51741}, {""id"" : 0, ""date"" : ""1031"", ""bank_holiday_id"" : 51741}, {""id"" : 0, ""date"" : ""1110"", ""bank_holiday_id"" : 51741}, {""id"" : 0, ""date"" : ""1224"", ""bank_holiday_id"" : 51741}]}"
10001129,51747,"{""bhl"" : {""id"" : 51747, ""name"" : ""MATMUT_ALE_XICL"", ""vpn_id"" : 10001129}, ""dates"" : [{""id"" : 0, ""date"" : ""0814"", ""bank_holiday_id"" : 51747}, {""id"" : 0, ""date"" : ""1031"", ""bank_holiday_id"" : 51747}, {""id"" : 0, ""date"" : ""1110"", ""bank_holiday_id"" : 51747}, {""id"" : 0, ""date"" : ""1224"", ""bank_holiday_id"" : 51747}]}"
10001129,51749,"{""bhl"" : {""id"" : 51749, ""name"" : ""MATMUT_LAN_IF2H"", ""vpn_id"" : 10001129}, ""dates"" : [{""id"" : 0, ""date"" : ""0814"", ""bank_holiday_id"" : 51749}, {""id"" : 0, ""date"" : ""1031"", ""bank_holiday_id"" : 51749}, {""id"" : 0, ""date"" : ""1110"", ""bank_holiday_id"" : 51749}, {""id"" : 0, ""date"" : ""1224"", ""bank_holiday_id"" : 51749}]}"
10001129,51753,"{""bhl"" : {""id"" : 51753, ""name"" : ""MATMUT_AUL_1lBG"", ""vpn_id"" : 10001129}, ""dates"" : [{""id"" : 0, ""date"" : ""0814"", ""bank_holiday_id"" : 51753}, {""id"" : 0, ""date"" : ""1031"", ""bank_holiday_id"" : 51753}, {""id"" : 0, ""date"" : ""1110"", ""bank_holiday_id"" : 51753}, {""id"" : 0, ""date"" : ""1224"", ""bank_holiday_id"" : 51753}]}"
10001129,51757,"{""bhl"" : {""id"" : 51757, ""name"" : ""IP_MATMUT__5Fh0"", ""vpn_id"" : 10001129}, ""dates"" : [{""id"" : 0, ""date"" : ""0814"", ""bank_holiday_id"" : 51757}, {""id"" : 0, ""date"" : ""1031"", ""bank_holiday_id"" : 51757}, {""id"" : 0, ""date"" : ""1110"", ""bank_holiday_id"" : 51757}, {""id"" : 0, ""date"" : ""1224"", ""bank_holiday_id"" : 51757}]}"
10001129,51759,"{""bhl"" : {""id"" : 51759, ""name"" : ""MATMUT_DUN_7qmn"", ""vpn_id"" : 10001129}, ""dates"" : [{""id"" : 0, ""date"" : ""0814"", ""bank_holiday_id"" : 51759}, {""id"" : 0, ""date"" : ""1031"", ""bank_holiday_id"" : 51759}, {""id"" : 0, ""date"" : ""1110"", ""bank_holiday_id"" : 51759}, {""id"" : 0, ""date"" : ""1224"", ""bank_holiday_id"" : 51759}]}"
10001129,51760,"{""bhl"" : {""id"" : 51760, ""name"" : ""MATMUT_BAG_EdkK"", ""vpn_id"" : 10001129}, ""dates"" : [{""id"" : 0, ""date"" : ""0814"", ""bank_holiday_id"" : 51760}, {""id"" : 0, ""date"" : ""1031"", ""bank_holiday_id"" : 51760}, {""id"" : 0, ""date"" : ""1110"", ""bank_holiday_id"" : 51760}, {""id"" : 0, ""date"" : ""1224"", ""bank_holiday_id"" : 51760}]}"
10001129,51772,"{""bhl"" : {""id"" : 51772, ""name"" : ""MATMUT_CHA_TdIE"", ""vpn_id"" : 10001129}, ""dates"" : [{""id"" : 0, ""date"" : ""0814"", ""bank_holiday_id"" : 51772}, {""id"" : 0, ""date"" : ""1031"", ""bank_holiday_id"" : 51772}, {""id"" : 0, ""date"" : ""1110"", ""bank_holiday_id"" : 51772}, {""id"" : 0, ""date"" : ""1224"", ""bank_holiday_id"" : 51772}]}"
10001129,51777,"{""bhl"" : {""id"" : 51777, ""name"" : ""MATMUT_SAR_zkOK"", ""vpn_id"" : 10001129}, ""dates"" : [{""id"" : 0, ""date"" : ""0814"", ""bank_holiday_id"" : 51777}, {""id"" : 0, ""date"" : ""1031"", ""bank_holiday_id"" : 51777}, {""id"" : 0, ""date"" : ""1110"", ""bank_holiday_id"" : 51777}, {""id"" : 0, ""date"" : ""1224"", ""bank_holiday_id"" : 51777}]}"
10001129,51781,"{""bhl"" : {""id"" : 51781, ""name"" : ""MATMUT_ST__7q6O"", ""vpn_id"" : 10001129}, ""dates"" : [{""id"" : 0, ""date"" : ""0814"", ""bank_holiday_id"" : 51781}, {""id"" : 0, ""date"" : ""1031"", ""bank_holiday_id"" : 51781}, {""id"" : 0, ""date"" : ""1110"", ""bank_holiday_id"" : 51781}, {""id"" : 0, ""date"" : ""1224"", ""bank_holiday_id"" : 51781}]}"
10001129,51783,"{""bhl"" : {""id"" : 51783, ""name"" : ""MATMUT_ST__fCF8"", ""vpn_id"" : 10001129}, ""dates"" : [{""id"" : 0, ""date"" : ""0814"", ""bank_holiday_id"" : 51783}, {""id"" : 0, ""date"" : ""1031"", ""bank_holiday_id"" : 51783}, {""id"" : 0, ""date"" : ""1110"", ""bank_holiday_id"" : 51783}, {""id"" : 0, ""date"" : ""1224"", ""bank_holiday_id"" : 51783}]}"
10001129,51786,"{""bhl"" : {""id"" : 51786, ""name"" : ""MATMUT_MON_VtUJ"", ""vpn_id"" : 10001129}, ""dates"" : [{""id"" : 0, ""date"" : ""0814"", ""bank_holiday_id"" : 51786}, {""id"" : 0, ""date"" : ""1031"", ""bank_holiday_id"" : 51786}, {""id"" : 0, ""date"" : ""1110"", ""bank_holiday_id"" : 51786}, {""id"" : 0, ""date"" : ""1224"", ""bank_holiday_id"" : 51786}]}"
10001129,51787,"{""bhl"" : {""id"" : 51787, ""name"" : ""MATMUT_PAR_Ibzi"", ""vpn_id"" : 10001129}, ""dates"" : [{""id"" : 0, ""date"" : ""0814"", ""bank_holiday_id"" : 51787}, {""id"" : 0, ""date"" : ""1031"", ""bank_holiday_id"" : 51787}, {""id"" : 0, ""date"" : ""1110"", ""bank_holiday_id"" : 51787}, {""id"" : 0, ""date"" : ""1224"", ""bank_holiday_id"" : 51787}]}"
10001129,51788,"{""bhl"" : {""id"" : 51788, ""name"" : ""MATMUT_ST__PAUu"", ""vpn_id"" : 10001129}, ""dates"" : [{""id"" : 0, ""date"" : ""0814"", ""bank_holiday_id"" : 51788}, {""id"" : 0, ""date"" : ""1031"", ""bank_holiday_id"" : 51788}, {""id"" : 0, ""date"" : ""1110"", ""bank_holiday_id"" : 51788}, {""id"" : 0, ""date"" : ""1224"", ""bank_holiday_id"" : 51788}]}"
10001129,51791,"{""bhl"" : {""id"" : 51791, ""name"" : ""MATMUT_GRO_E913"", ""vpn_id"" : 10001129}, ""dates"" : [{""id"" : 0, ""date"" : ""0814"", ""bank_holiday_id"" : 51791}, {""id"" : 0, ""date"" : ""1031"", ""bank_holiday_id"" : 51791}, {""id"" : 0, ""date"" : ""1110"", ""bank_holiday_id"" : 51791}, {""id"" : 0, ""date"" : ""1224"", ""bank_holiday_id"" : 51791}]}"
10001129,51793,"{""bhl"" : {""id"" : 51793, ""name"" : ""MATMUT_RUE_GS5x"", ""vpn_id"" : 10001129}, ""dates"" : [{""id"" : 0, ""date"" : ""0814"", ""bank_holiday_id"" : 51793}, {""id"" : 0, ""date"" : ""1031"", ""bank_holiday_id"" : 51793}, {""id"" : 0, ""date"" : ""1110"", ""bank_holiday_id"" : 51793}, {""id"" : 0, ""date"" : ""1224"", ""bank_holiday_id"" : 51793}]}"
10001129,51797,"{""bhl"" : {""id"" : 51797, ""name"" : ""MATMUT_EPI_GmqV"", ""vpn_id"" : 10001129}, ""dates"" : [{""id"" : 0, ""date"" : ""0814"", ""bank_holiday_id"" : 51797}, {""id"" : 0, ""date"" : ""1031"", ""bank_holiday_id"" : 51797}, {""id"" : 0, ""date"" : ""1110"", ""bank_holiday_id"" : 51797}, {""id"" : 0, ""date"" : ""1224"", ""bank_holiday_id"" : 51797}]}"
10001129,51799,"{""bhl"" : {""id"" : 51799, ""name"" : ""MATMUT_DAM_ujuZ"", ""vpn_id"" : 10001129}, ""dates"" : [{""id"" : 0, ""date"" : ""0814"", ""bank_holiday_id"" : 51799}, {""id"" : 0, ""date"" : ""1031"", ""bank_holiday_id"" : 51799}, {""id"" : 0, ""date"" : ""1110"", ""bank_holiday_id"" : 51799}, {""id"" : 0, ""date"" : ""1224"", ""bank_holiday_id"" : 51799}]}"
10001129,51801,"{""bhl"" : {""id"" : 51801, ""name"" : ""MATMUT_COU_y1JD"", ""vpn_id"" : 10001129}, ""dates"" : [{""id"" : 0, ""date"" : ""0814"", ""bank_holiday_id"" : 51801}, {""id"" : 0, ""date"" : ""1031"", ""bank_holiday_id"" : 51801}, {""id"" : 0, ""date"" : ""1110"", ""bank_holiday_id"" : 51801}, {""id"" : 0, ""date"" : ""1224"", ""bank_holiday_id"" : 51801}]}"
10001129,51803,"{""bhl"" : {""id"" : 51803, ""name"" : ""MATMUT_MON_cVeJ"", ""vpn_id"" : 10001129}, ""dates"" : [{""id"" : 0, ""date"" : ""0814"", ""bank_holiday_id"" : 51803}, {""id"" : 0, ""date"" : ""1031"", ""bank_holiday_id"" : 51803}, {""id"" : 0, ""date"" : ""1110"", ""bank_holiday_id"" : 51803}, {""id"" : 0, ""date"" : ""1224"", ""bank_holiday_id"" : 51803}]}"
10001129,51807,"{""bhl"" : {""id"" : 51807, ""name"" : ""MATMUT_ARP_Io9b"", ""vpn_id"" : 10001129}, ""dates"" : [{""id"" : 0, ""date"" : ""0814"", ""bank_holiday_id"" : 51807}, {""id"" : 0, ""date"" : ""1031"", ""bank_holiday_id"" : 51807}, {""id"" : 0, ""date"" : ""1110"", ""bank_holiday_id"" : 51807}, {""id"" : 0, ""date"" : ""1224"", ""bank_holiday_id"" : 51807}]}"
10001129,51809,"{""bhl"" : {""id"" : 51809, ""name"" : ""MATMUT_CON_tREa"", ""vpn_id"" : 10001129}, ""dates"" : [{""id"" : 0, ""date"" : ""0814"", ""bank_holiday_id"" : 51809}, {""id"" : 0, ""date"" : ""1031"", ""bank_holiday_id"" : 51809}, {""id"" : 0, ""date"" : ""1110"", ""bank_holiday_id"" : 51809}, {""id"" : 0, ""date"" : ""1224"", ""bank_holiday_id"" : 51809}]}"
10001129,51813,"{""bhl"" : {""id"" : 51813, ""name"" : ""MATMUT_IVR_QGBe"", ""vpn_id"" : 10001129}, ""dates"" : [{""id"" : 0, ""date"" : ""0814"", ""bank_holiday_id"" : 51813}, {""id"" : 0, ""date"" : ""1031"", ""bank_holiday_id"" : 51813}, {""id"" : 0, ""date"" : ""1110"", ""bank_holiday_id"" : 51813}, {""id"" : 0, ""date"" : ""1224"", ""bank_holiday_id"" : 51813}]}"
10001129,51814,"{""bhl"" : {""id"" : 51814, ""name"" : ""MATMUT_NOI_yetX"", ""vpn_id"" : 10001129}, ""dates"" : [{""id"" : 0, ""date"" : ""0814"", ""bank_holiday_id"" : 51814}, {""id"" : 0, ""date"" : ""1031"", ""bank_holiday_id"" : 51814}, {""id"" : 0, ""date"" : ""1110"", ""bank_holiday_id"" : 51814}, {""id"" : 0, ""date"" : ""1224"", ""bank_holiday_id"" : 51814}]}"
10001129,51815,"{""bhl"" : {""id"" : 51815, ""name"" : ""MATMUT_PAN_1C14"", ""vpn_id"" : 10001129}, ""dates"" : [{""id"" : 0, ""date"" : ""0814"", ""bank_holiday_id"" : 51815}, {""id"" : 0, ""date"" : ""1031"", ""bank_holiday_id"" : 51815}, {""id"" : 0, ""date"" : ""1110"", ""bank_holiday_id"" : 51815}, {""id"" : 0, ""date"" : ""1224"", ""bank_holiday_id"" : 51815}]}"
3248,51503,"{""bhl"" : {""id"" : 51503, ""name"" : ""NEW_CALEND_9ZGB"", ""vpn_id"" : 3248}, ""dates"" : []}"
10001129,51818,"{""bhl"" : {""id"" : 51818, ""name"" : ""IP_MATMUT__fyx1"", ""vpn_id"" : 10001129}, ""dates"" : [{""id"" : 0, ""date"" : ""0814"", ""bank_holiday_id"" : 51818}, {""id"" : 0, ""date"" : ""1031"", ""bank_holiday_id"" : 51818}, {""id"" : 0, ""date"" : ""1110"", ""bank_holiday_id"" : 51818}, {""id"" : 0, ""date"" : ""1224"", ""bank_holiday_id"" : 51818}]}"
10001129,51820,"{""bhl"" : {""id"" : 51820, ""name"" : ""MATMUT_CER_6mT1"", ""vpn_id"" : 10001129}, ""dates"" : [{""id"" : 0, ""date"" : ""0814"", ""bank_holiday_id"" : 51820}, {""id"" : 0, ""date"" : ""1031"", ""bank_holiday_id"" : 51820}, {""id"" : 0, ""date"" : ""1110"", ""bank_holiday_id"" : 51820}, {""id"" : 0, ""date"" : ""1224"", ""bank_holiday_id"" : 51820}]}"
10001129,51822,"{""bhl"" : {""id"" : 51822, ""name"" : ""MATMUT_MEL_2I6I"", ""vpn_id"" : 10001129}, ""dates"" : [{""id"" : 0, ""date"" : ""0814"", ""bank_holiday_id"" : 51822}, {""id"" : 0, ""date"" : ""1031"", ""bank_holiday_id"" : 51822}, {""id"" : 0, ""date"" : ""1110"", ""bank_holiday_id"" : 51822}, {""id"" : 0, ""date"" : ""1224"", ""bank_holiday_id"" : 51822}]}"
10001129,51824,"{""bhl"" : {""id"" : 51824, ""name"" : ""MATMUT_PAR_AoDO"", ""vpn_id"" : 10001129}, ""dates"" : [{""id"" : 0, ""date"" : ""0814"", ""bank_holiday_id"" : 51824}, {""id"" : 0, ""date"" : ""1031"", ""bank_holiday_id"" : 51824}, {""id"" : 0, ""date"" : ""1110"", ""bank_holiday_id"" : 51824}, {""id"" : 0, ""date"" : ""1224"", ""bank_holiday_id"" : 51824}]}"
10001129,51826,"{""bhl"" : {""id"" : 51826, ""name"" : ""MATMUT_VER_Tkg1"", ""vpn_id"" : 10001129}, ""dates"" : [{""id"" : 0, ""date"" : ""0814"", ""bank_holiday_id"" : 51826}, {""id"" : 0, ""date"" : ""1031"", ""bank_holiday_id"" : 51826}, {""id"" : 0, ""date"" : ""1110"", ""bank_holiday_id"" : 51826}, {""id"" : 0, ""date"" : ""1224"", ""bank_holiday_id"" : 51826}]}"
10001129,51828,"{""bhl"" : {""id"" : 51828, ""name"" : ""MATMUT_SIS_K0ih"", ""vpn_id"" : 10001129}, ""dates"" : [{""id"" : 0, ""date"" : ""0814"", ""bank_holiday_id"" : 51828}, {""id"" : 0, ""date"" : ""1031"", ""bank_holiday_id"" : 51828}, {""id"" : 0, ""date"" : ""1110"", ""bank_holiday_id"" : 51828}, {""id"" : 0, ""date"" : ""1224"", ""bank_holiday_id"" : 51828}]}"
10001129,51830,"{""bhl"" : {""id"" : 51830, ""name"" : ""MATMUT_GRA_7p6c"", ""vpn_id"" : 10001129}, ""dates"" : [{""id"" : 0, ""date"" : ""0814"", ""bank_holiday_id"" : 51830}, {""id"" : 0, ""date"" : ""1031"", ""bank_holiday_id"" : 51830}, {""id"" : 0, ""date"" : ""1110"", ""bank_holiday_id"" : 51830}, {""id"" : 0, ""date"" : ""1224"", ""bank_holiday_id"" : 51830}]}"
10001129,51832,"{""bhl"" : {""id"" : 51832, ""name"" : ""MATMUT_NIC_PFDx"", ""vpn_id"" : 10001129}, ""dates"" : [{""id"" : 0, ""date"" : ""0814"", ""bank_holiday_id"" : 51832}, {""id"" : 0, ""date"" : ""1031"", ""bank_holiday_id"" : 51832}, {""id"" : 0, ""date"" : ""1110"", ""bank_holiday_id"" : 51832}, {""id"" : 0, ""date"" : ""1224"", ""bank_holiday_id"" : 51832}]}"
10001129,51834,"{""bhl"" : {""id"" : 51834, ""name"" : ""MATMUT_BER_X2bX"", ""vpn_id"" : 10001129}, ""dates"" : [{""id"" : 0, ""date"" : ""0814"", ""bank_holiday_id"" : 51834}, {""id"" : 0, ""date"" : ""1031"", ""bank_holiday_id"" : 51834}, {""id"" : 0, ""date"" : ""1110"", ""bank_holiday_id"" : 51834}, {""id"" : 0, ""date"" : ""1224"", ""bank_holiday_id"" : 51834}]}"
10001129,51852,"{""bhl"" : {""id"" : 51852, ""name"" : ""MATMUT_LA__R0er"", ""vpn_id"" : 10001129}, ""dates"" : [{""id"" : 0, ""date"" : ""0814"", ""bank_holiday_id"" : 51852}, {""id"" : 0, ""date"" : ""1031"", ""bank_holiday_id"" : 51852}, {""id"" : 0, ""date"" : ""1110"", ""bank_holiday_id"" : 51852}, {""id"" : 0, ""date"" : ""1224"", ""bank_holiday_id"" : 51852}]}"
10001129,51854,"{""bhl"" : {""id"" : 51854, ""name"" : ""MATMUT_TOU_AJTW"", ""vpn_id"" : 10001129}, ""dates"" : [{""id"" : 0, ""date"" : ""0814"", ""bank_holiday_id"" : 51854}, {""id"" : 0, ""date"" : ""1031"", ""bank_holiday_id"" : 51854}, {""id"" : 0, ""date"" : ""1110"", ""bank_holiday_id"" : 51854}, {""id"" : 0, ""date"" : ""1224"", ""bank_holiday_id"" : 51854}]}"
10001129,51859,"{""bhl"" : {""id"" : 51859, ""name"" : ""MATMUT_MAR_m1v7"", ""vpn_id"" : 10001129}, ""dates"" : [{""id"" : 0, ""date"" : ""0814"", ""bank_holiday_id"" : 51859}, {""id"" : 0, ""date"" : ""1031"", ""bank_holiday_id"" : 51859}, {""id"" : 0, ""date"" : ""1110"", ""bank_holiday_id"" : 51859}, {""id"" : 0, ""date"" : ""1224"", ""bank_holiday_id"" : 51859}]}"
10001129,51860,"{""bhl"" : {""id"" : 51860, ""name"" : ""MATMUT_MAR_eC8h"", ""vpn_id"" : 10001129}, ""dates"" : [{""id"" : 0, ""date"" : ""0814"", ""bank_holiday_id"" : 51860}, {""id"" : 0, ""date"" : ""1031"", ""bank_holiday_id"" : 51860}, {""id"" : 0, ""date"" : ""1110"", ""bank_holiday_id"" : 51860}, {""id"" : 0, ""date"" : ""1224"", ""bank_holiday_id"" : 51860}]}"
10001129,51861,"{""bhl"" : {""id"" : 51861, ""name"" : ""MATMUT_MAR_7rLQ"", ""vpn_id"" : 10001129}, ""dates"" : [{""id"" : 0, ""date"" : ""0814"", ""bank_holiday_id"" : 51861}, {""id"" : 0, ""date"" : ""1031"", ""bank_holiday_id"" : 51861}, {""id"" : 0, ""date"" : ""1110"", ""bank_holiday_id"" : 51861}, {""id"" : 0, ""date"" : ""1224"", ""bank_holiday_id"" : 51861}]}"
10001129,51863,"{""bhl"" : {""id"" : 51863, ""name"" : ""MATMUT_GAR_b5g2"", ""vpn_id"" : 10001129}, ""dates"" : [{""id"" : 0, ""date"" : ""0814"", ""bank_holiday_id"" : 51863}, {""id"" : 0, ""date"" : ""1031"", ""bank_holiday_id"" : 51863}, {""id"" : 0, ""date"" : ""1110"", ""bank_holiday_id"" : 51863}, {""id"" : 0, ""date"" : ""1224"", ""bank_holiday_id"" : 51863}]}"
10001129,51864,"{""bhl"" : {""id"" : 51864, ""name"" : ""MATMUT_CAR_5CN6"", ""vpn_id"" : 10001129}, ""dates"" : [{""id"" : 0, ""date"" : ""0814"", ""bank_holiday_id"" : 51864}, {""id"" : 0, ""date"" : ""1031"", ""bank_holiday_id"" : 51864}, {""id"" : 0, ""date"" : ""1110"", ""bank_holiday_id"" : 51864}, {""id"" : 0, ""date"" : ""1224"", ""bank_holiday_id"" : 51864}]}"
10001129,51865,"{""bhl"" : {""id"" : 51865, ""name"" : ""MATMUT_NAR_Fapv"", ""vpn_id"" : 10001129}, ""dates"" : [{""id"" : 0, ""date"" : ""0814"", ""bank_holiday_id"" : 51865}, {""id"" : 0, ""date"" : ""1031"", ""bank_holiday_id"" : 51865}, {""id"" : 0, ""date"" : ""1110"", ""bank_holiday_id"" : 51865}, {""id"" : 0, ""date"" : ""1224"", ""bank_holiday_id"" : 51865}]}"
10001129,51866,"{""bhl"" : {""id"" : 51866, ""name"" : ""MATMUT_PER_s42d"", ""vpn_id"" : 10001129}, ""dates"" : [{""id"" : 0, ""date"" : ""0814"", ""bank_holiday_id"" : 51866}, {""id"" : 0, ""date"" : ""1031"", ""bank_holiday_id"" : 51866}, {""id"" : 0, ""date"" : ""1110"", ""bank_holiday_id"" : 51866}, {""id"" : 0, ""date"" : ""1224"", ""bank_holiday_id"" : 51866}]}"
10001129,51867,"{""bhl"" : {""id"" : 51867, ""name"" : ""MATMUT_DAX_XnwR"", ""vpn_id"" : 10001129}, ""dates"" : [{""id"" : 0, ""date"" : ""0814"", ""bank_holiday_id"" : 51867}, {""id"" : 0, ""date"" : ""1031"", ""bank_holiday_id"" : 51867}, {""id"" : 0, ""date"" : ""1110"", ""bank_holiday_id"" : 51867}, {""id"" : 0, ""date"" : ""1224"", ""bank_holiday_id"" : 51867}]}"
10001129,51868,"{""bhl"" : {""id"" : 51868, ""name"" : ""MATMUT_CAR_0kQ7"", ""vpn_id"" : 10001129}, ""dates"" : [{""id"" : 0, ""date"" : ""0814"", ""bank_holiday_id"" : 51868}, {""id"" : 0, ""date"" : ""1031"", ""bank_holiday_id"" : 51868}, {""id"" : 0, ""date"" : ""1110"", ""bank_holiday_id"" : 51868}, {""id"" : 0, ""date"" : ""1224"", ""bank_holiday_id"" : 51868}]}"
10001129,51869,"{""bhl"" : {""id"" : 51869, ""name"" : ""MATMUT_NAR_8biV"", ""vpn_id"" : 10001129}, ""dates"" : [{""id"" : 0, ""date"" : ""0814"", ""bank_holiday_id"" : 51869}, {""id"" : 0, ""date"" : ""1031"", ""bank_holiday_id"" : 51869}, {""id"" : 0, ""date"" : ""1110"", ""bank_holiday_id"" : 51869}, {""id"" : 0, ""date"" : ""1224"", ""bank_holiday_id"" : 51869}]}"
10001129,51870,"{""bhl"" : {""id"" : 51870, ""name"" : ""MATMUT_PER_8USc"", ""vpn_id"" : 10001129}, ""dates"" : [{""id"" : 0, ""date"" : ""0814"", ""bank_holiday_id"" : 51870}, {""id"" : 0, ""date"" : ""1031"", ""bank_holiday_id"" : 51870}, {""id"" : 0, ""date"" : ""1110"", ""bank_holiday_id"" : 51870}, {""id"" : 0, ""date"" : ""1224"", ""bank_holiday_id"" : 51870}]}"
10001129,51871,"{""bhl"" : {""id"" : 51871, ""name"" : ""MATMUT_MON_xoR9"", ""vpn_id"" : 10001129}, ""dates"" : [{""id"" : 0, ""date"" : ""0814"", ""bank_holiday_id"" : 51871}, {""id"" : 0, ""date"" : ""1031"", ""bank_holiday_id"" : 51871}, {""id"" : 0, ""date"" : ""1110"", ""bank_holiday_id"" : 51871}, {""id"" : 0, ""date"" : ""1224"", ""bank_holiday_id"" : 51871}]}"
10001129,51873,"{""bhl"" : {""id"" : 51873, ""name"" : ""MATMUT_MAR_nt6m"", ""vpn_id"" : 10001129}, ""dates"" : [{""id"" : 0, ""date"" : ""0814"", ""bank_holiday_id"" : 51873}, {""id"" : 0, ""date"" : ""1031"", ""bank_holiday_id"" : 51873}, {""id"" : 0, ""date"" : ""1110"", ""bank_holiday_id"" : 51873}, {""id"" : 0, ""date"" : ""1224"", ""bank_holiday_id"" : 51873}]}"
10001129,51875,"{""bhl"" : {""id"" : 51875, ""name"" : ""MATMUT_MAR_qxOk"", ""vpn_id"" : 10001129}, ""dates"" : [{""id"" : 0, ""date"" : ""0814"", ""bank_holiday_id"" : 51875}, {""id"" : 0, ""date"" : ""1031"", ""bank_holiday_id"" : 51875}, {""id"" : 0, ""date"" : ""1110"", ""bank_holiday_id"" : 51875}, {""id"" : 0, ""date"" : ""1224"", ""bank_holiday_id"" : 51875}]}"
10001129,51877,"{""bhl"" : {""id"" : 51877, ""name"" : ""MATMUT_AJA_SZmT"", ""vpn_id"" : 10001129}, ""dates"" : [{""id"" : 0, ""date"" : ""0814"", ""bank_holiday_id"" : 51877}, {""id"" : 0, ""date"" : ""1031"", ""bank_holiday_id"" : 51877}, {""id"" : 0, ""date"" : ""1110"", ""bank_holiday_id"" : 51877}, {""id"" : 0, ""date"" : ""1224"", ""bank_holiday_id"" : 51877}]}"
10001129,51879,"{""bhl"" : {""id"" : 51879, ""name"" : ""MATMUT_FRE_bYoq"", ""vpn_id"" : 10001129}, ""dates"" : [{""id"" : 0, ""date"" : ""0814"", ""bank_holiday_id"" : 51879}, {""id"" : 0, ""date"" : ""1031"", ""bank_holiday_id"" : 51879}, {""id"" : 0, ""date"" : ""1110"", ""bank_holiday_id"" : 51879}, {""id"" : 0, ""date"" : ""1224"", ""bank_holiday_id"" : 51879}]}"
10001129,51881,"{""bhl"" : {""id"" : 51881, ""name"" : ""MATMUT_AVI_Ym54"", ""vpn_id"" : 10001129}, ""dates"" : [{""id"" : 0, ""date"" : ""0814"", ""bank_holiday_id"" : 51881}, {""id"" : 0, ""date"" : ""1031"", ""bank_holiday_id"" : 51881}, {""id"" : 0, ""date"" : ""1110"", ""bank_holiday_id"" : 51881}, {""id"" : 0, ""date"" : ""1224"", ""bank_holiday_id"" : 51881}]}"
10001129,51883,"{""bhl"" : {""id"" : 51883, ""name"" : ""MATMUT_CAV_NU7Z"", ""vpn_id"" : 10001129}, ""dates"" : [{""id"" : 0, ""date"" : ""0814"", ""bank_holiday_id"" : 51883}, {""id"" : 0, ""date"" : ""1031"", ""bank_holiday_id"" : 51883}, {""id"" : 0, ""date"" : ""1110"", ""bank_holiday_id"" : 51883}, {""id"" : 0, ""date"" : ""1224"", ""bank_holiday_id"" : 51883}]}"
10001129,51885,"{""bhl"" : {""id"" : 51885, ""name"" : ""MATMUT_PER_sGIg"", ""vpn_id"" : 10001129}, ""dates"" : [{""id"" : 0, ""date"" : ""0814"", ""bank_holiday_id"" : 51885}, {""id"" : 0, ""date"" : ""1031"", ""bank_holiday_id"" : 51885}, {""id"" : 0, ""date"" : ""1110"", ""bank_holiday_id"" : 51885}, {""id"" : 0, ""date"" : ""1224"", ""bank_holiday_id"" : 51885}]}"
10001129,51886,"{""bhl"" : {""id"" : 51886, ""name"" : ""MATMUT_SOR_kqOD"", ""vpn_id"" : 10001129}, ""dates"" : [{""id"" : 0, ""date"" : ""0814"", ""bank_holiday_id"" : 51886}, {""id"" : 0, ""date"" : ""1031"", ""bank_holiday_id"" : 51886}, {""id"" : 0, ""date"" : ""1110"", ""bank_holiday_id"" : 51886}, {""id"" : 0, ""date"" : ""1224"", ""bank_holiday_id"" : 51886}]}"
10001129,51887,"{""bhl"" : {""id"" : 51887, ""name"" : ""MATMUT_COU_7Sr0"", ""vpn_id"" : 10001129}, ""dates"" : [{""id"" : 0, ""date"" : ""0814"", ""bank_holiday_id"" : 51887}, {""id"" : 0, ""date"" : ""1031"", ""bank_holiday_id"" : 51887}, {""id"" : 0, ""date"" : ""1110"", ""bank_holiday_id"" : 51887}, {""id"" : 0, ""date"" : ""1224"", ""bank_holiday_id"" : 51887}]}"
10001129,51888,"{""bhl"" : {""id"" : 51888, ""name"" : ""MATMUT_TOU_RwKP"", ""vpn_id"" : 10001129}, ""dates"" : [{""id"" : 0, ""date"" : ""0814"", ""bank_holiday_id"" : 51888}, {""id"" : 0, ""date"" : ""1031"", ""bank_holiday_id"" : 51888}, {""id"" : 0, ""date"" : ""1110"", ""bank_holiday_id"" : 51888}, {""id"" : 0, ""date"" : ""1224"", ""bank_holiday_id"" : 51888}]}"
10001129,51889,"{""bhl"" : {""id"" : 51889, ""name"" : ""MATMUT_L_U_rTj9"", ""vpn_id"" : 10001129}, ""dates"" : [{""id"" : 0, ""date"" : ""0814"", ""bank_holiday_id"" : 51889}, {""id"" : 0, ""date"" : ""1031"", ""bank_holiday_id"" : 51889}, {""id"" : 0, ""date"" : ""1110"", ""bank_holiday_id"" : 51889}, {""id"" : 0, ""date"" : ""1224"", ""bank_holiday_id"" : 51889}]}"
10001129,51890,"{""bhl"" : {""id"" : 51890, ""name"" : ""MATMUT_ST__rYtj"", ""vpn_id"" : 10001129}, ""dates"" : [{""id"" : 0, ""date"" : ""0814"", ""bank_holiday_id"" : 51890}, {""id"" : 0, ""date"" : ""1031"", ""bank_holiday_id"" : 51890}, {""id"" : 0, ""date"" : ""1110"", ""bank_holiday_id"" : 51890}, {""id"" : 0, ""date"" : ""1224"", ""bank_holiday_id"" : 51890}]}"
10001129,51892,"{""bhl"" : {""id"" : 51892, ""name"" : ""MATMUT_CAS_7Cov"", ""vpn_id"" : 10001129}, ""dates"" : [{""id"" : 0, ""date"" : ""0814"", ""bank_holiday_id"" : 51892}, {""id"" : 0, ""date"" : ""1031"", ""bank_holiday_id"" : 51892}, {""id"" : 0, ""date"" : ""1110"", ""bank_holiday_id"" : 51892}, {""id"" : 0, ""date"" : ""1224"", ""bank_holiday_id"" : 51892}]}"
10001129,51893,"{""bhl"" : {""id"" : 51893, ""name"" : ""MATMUT_ST__HpiD"", ""vpn_id"" : 10001129}, ""dates"" : [{""id"" : 0, ""date"" : ""0814"", ""bank_holiday_id"" : 51893}, {""id"" : 0, ""date"" : ""1031"", ""bank_holiday_id"" : 51893}, {""id"" : 0, ""date"" : ""1110"", ""bank_holiday_id"" : 51893}, {""id"" : 0, ""date"" : ""1224"", ""bank_holiday_id"" : 51893}]}"
10001129,51894,"{""bhl"" : {""id"" : 51894, ""name"" : ""MATMUT_REV_vE55"", ""vpn_id"" : 10001129}, ""dates"" : [{""id"" : 0, ""date"" : ""0814"", ""bank_holiday_id"" : 51894}, {""id"" : 0, ""date"" : ""1031"", ""bank_holiday_id"" : 51894}, {""id"" : 0, ""date"" : ""1110"", ""bank_holiday_id"" : 51894}, {""id"" : 0, ""date"" : ""1224"", ""bank_holiday_id"" : 51894}]}"
10001129,51895,"{""bhl"" : {""id"" : 51895, ""name"" : ""MATMUT_MUR_8eKZ"", ""vpn_id"" : 10001129}, ""dates"" : [{""id"" : 0, ""date"" : ""0814"", ""bank_holiday_id"" : 51895}, {""id"" : 0, ""date"" : ""1031"", ""bank_holiday_id"" : 51895}, {""id"" : 0, ""date"" : ""1110"", ""bank_holiday_id"" : 51895}, {""id"" : 0, ""date"" : ""1224"", ""bank_holiday_id"" : 51895}]}"
10001129,51897,"{""bhl"" : {""id"" : 51897, ""name"" : ""MATMUT_CAR_MBnb"", ""vpn_id"" : 10001129}, ""dates"" : [{""id"" : 0, ""date"" : ""0814"", ""bank_holiday_id"" : 51897}, {""id"" : 0, ""date"" : ""1031"", ""bank_holiday_id"" : 51897}, {""id"" : 0, ""date"" : ""1110"", ""bank_holiday_id"" : 51897}, {""id"" : 0, ""date"" : ""1224"", ""bank_holiday_id"" : 51897}]}"
10001129,51899,"{""bhl"" : {""id"" : 51899, ""name"" : ""MATMUT_MAZ_M4GR"", ""vpn_id"" : 10001129}, ""dates"" : [{""id"" : 0, ""date"" : ""0814"", ""bank_holiday_id"" : 51899}, {""id"" : 0, ""date"" : ""1031"", ""bank_holiday_id"" : 51899}, {""id"" : 0, ""date"" : ""1110"", ""bank_holiday_id"" : 51899}, {""id"" : 0, ""date"" : ""1224"", ""bank_holiday_id"" : 51899}]}"
10001129,51900,"{""bhl"" : {""id"" : 51900, ""name"" : ""MATMUT_MON_XMj5"", ""vpn_id"" : 10001129}, ""dates"" : [{""id"" : 0, ""date"" : ""0814"", ""bank_holiday_id"" : 51900}, {""id"" : 0, ""date"" : ""1031"", ""bank_holiday_id"" : 51900}, {""id"" : 0, ""date"" : ""1110"", ""bank_holiday_id"" : 51900}, {""id"" : 0, ""date"" : ""1224"", ""bank_holiday_id"" : 51900}]}"
10001129,51901,"{""bhl"" : {""id"" : 51901, ""name"" : ""MATMUT_MON_Z93R"", ""vpn_id"" : 10001129}, ""dates"" : [{""id"" : 0, ""date"" : ""0814"", ""bank_holiday_id"" : 51901}, {""id"" : 0, ""date"" : ""1031"", ""bank_holiday_id"" : 51901}, {""id"" : 0, ""date"" : ""1110"", ""bank_holiday_id"" : 51901}, {""id"" : 0, ""date"" : ""1224"", ""bank_holiday_id"" : 51901}]}"
10001129,51902,"{""bhl"" : {""id"" : 51902, ""name"" : ""MATMUT_MOI_Rqgr"", ""vpn_id"" : 10001129}, ""dates"" : [{""id"" : 0, ""date"" : ""0814"", ""bank_holiday_id"" : 51902}, {""id"" : 0, ""date"" : ""1031"", ""bank_holiday_id"" : 51902}, {""id"" : 0, ""date"" : ""1110"", ""bank_holiday_id"" : 51902}, {""id"" : 0, ""date"" : ""1224"", ""bank_holiday_id"" : 51902}]}"
10001129,51904,"{""bhl"" : {""id"" : 51904, ""name"" : ""MATMUT_TOU_VcYx"", ""vpn_id"" : 10001129}, ""dates"" : [{""id"" : 0, ""date"" : ""0814"", ""bank_holiday_id"" : 51904}, {""id"" : 0, ""date"" : ""1031"", ""bank_holiday_id"" : 51904}, {""id"" : 0, ""date"" : ""1110"", ""bank_holiday_id"" : 51904}, {""id"" : 0, ""date"" : ""1224"", ""bank_holiday_id"" : 51904}]}"
10001129,51905,"{""bhl"" : {""id"" : 51905, ""name"" : ""MATMUT_ALB_oerp"", ""vpn_id"" : 10001129}, ""dates"" : [{""id"" : 0, ""date"" : ""0814"", ""bank_holiday_id"" : 51905}, {""id"" : 0, ""date"" : ""1031"", ""bank_holiday_id"" : 51905}, {""id"" : 0, ""date"" : ""1110"", ""bank_holiday_id"" : 51905}, {""id"" : 0, ""date"" : ""1224"", ""bank_holiday_id"" : 51905}]}"
10001129,51906,"{""bhl"" : {""id"" : 51906, ""name"" : ""MATMUT_CAS_ZiD8"", ""vpn_id"" : 10001129}, ""dates"" : [{""id"" : 0, ""date"" : ""0814"", ""bank_holiday_id"" : 51906}, {""id"" : 0, ""date"" : ""1031"", ""bank_holiday_id"" : 51906}, {""id"" : 0, ""date"" : ""1110"", ""bank_holiday_id"" : 51906}, {""id"" : 0, ""date"" : ""1224"", ""bank_holiday_id"" : 51906}]}"
10001129,51907,"{""bhl"" : {""id"" : 51907, ""name"" : ""MATMUT_ANN_qJpW"", ""vpn_id"" : 10001129}, ""dates"" : [{""id"" : 0, ""date"" : ""0814"", ""bank_holiday_id"" : 51907}, {""id"" : 0, ""date"" : ""1031"", ""bank_holiday_id"" : 51907}, {""id"" : 0, ""date"" : ""1110"", ""bank_holiday_id"" : 51907}, {""id"" : 0, ""date"" : ""1224"", ""bank_holiday_id"" : 51907}]}"
10001129,51910,"{""bhl"" : {""id"" : 51910, ""name"" : ""MATMUT_BOU_f0vw"", ""vpn_id"" : 10001129}, ""dates"" : [{""id"" : 0, ""date"" : ""0814"", ""bank_holiday_id"" : 51910}, {""id"" : 0, ""date"" : ""1031"", ""bank_holiday_id"" : 51910}, {""id"" : 0, ""date"" : ""1110"", ""bank_holiday_id"" : 51910}, {""id"" : 0, ""date"" : ""1224"", ""bank_holiday_id"" : 51910}]}"
10003860,51361,"{""bhl"" : {""id"" : 51361, ""name"" : ""FÉRIÉS_ET__IFZG"", ""vpn_id"" : 10003860}, ""dates"" : []}"
10004796,51521,"{""bhl"" : {""id"" : 51521, ""name"" : ""CALENDAR_98CE6C"", ""vpn_id"" : 10004796}, ""dates"" : [{""id"" : 0, ""date"" : ""0101"", ""bank_holiday_id"" : 51521}, {""id"" : 0, ""date"" : ""0406"", ""bank_holiday_id"" : 51521}, {""id"" : 0, ""date"" : ""0501"", ""bank_holiday_id"" : 51521}, {""id"" : 0, ""date"" : ""0508"", ""bank_holiday_id"" : 51521}, {""id"" : 0, ""date"" : ""0514"", ""bank_holiday_id"" : 51521}, {""id"" : 0, ""date"" : ""0525"", ""bank_holiday_id"" : 51521}, {""id"" : 0, ""date"" : ""0714"", ""bank_holiday_id"" : 51521}, {""id"" : 0, ""date"" : ""0815"", ""bank_holiday_id"" : 51521}, {""id"" : 0, ""date"" : ""1101"", ""bank_holiday_id"" : 51521}, {""id"" : 0, ""date"" : ""1111"", ""bank_holiday_id"" : 51521}, {""id"" : 0, ""date"" : ""1225"", ""bank_holiday_id"" : 51521}]}"
10001129,51911,"{""bhl"" : {""id"" : 51911, ""name"" : ""MATMUT_BOU_1X0m"", ""vpn_id"" : 10001129}, ""dates"" : [{""id"" : 0, ""date"" : ""0814"", ""bank_holiday_id"" : 51911}, {""id"" : 0, ""date"" : ""1031"", ""bank_holiday_id"" : 51911}, {""id"" : 0, ""date"" : ""1110"", ""bank_holiday_id"" : 51911}, {""id"" : 0, ""date"" : ""1224"", ""bank_holiday_id"" : 51911}]}"
10001129,51912,"{""bhl"" : {""id"" : 51912, ""name"" : ""MATMUT_BRO_59Wm"", ""vpn_id"" : 10001129}, ""dates"" : [{""id"" : 0, ""date"" : ""0814"", ""bank_holiday_id"" : 51912}, {""id"" : 0, ""date"" : ""1031"", ""bank_holiday_id"" : 51912}, {""id"" : 0, ""date"" : ""1110"", ""bank_holiday_id"" : 51912}, {""id"" : 0, ""date"" : ""1224"", ""bank_holiday_id"" : 51912}]}"
10001129,51913,"{""bhl"" : {""id"" : 51913, ""name"" : ""MATMUT_CAL_nNB3"", ""vpn_id"" : 10001129}, ""dates"" : [{""id"" : 0, ""date"" : ""0814"", ""bank_holiday_id"" : 51913}, {""id"" : 0, ""date"" : ""1031"", ""bank_holiday_id"" : 51913}, {""id"" : 0, ""date"" : ""1110"", ""bank_holiday_id"" : 51913}, {""id"" : 0, ""date"" : ""1224"", ""bank_holiday_id"" : 51913}]}"
10001129,51914,"{""bhl"" : {""id"" : 51914, ""name"" : ""MATMUT_CHA_kHEA"", ""vpn_id"" : 10001129}, ""dates"" : [{""id"" : 0, ""date"" : ""0814"", ""bank_holiday_id"" : 51914}, {""id"" : 0, ""date"" : ""1031"", ""bank_holiday_id"" : 51914}, {""id"" : 0, ""date"" : ""1110"", ""bank_holiday_id"" : 51914}, {""id"" : 0, ""date"" : ""1224"", ""bank_holiday_id"" : 51914}]}"
10001129,51916,"{""bhl"" : {""id"" : 51916, ""name"" : ""MATMUT_DEC_N5Or"", ""vpn_id"" : 10001129}, ""dates"" : [{""id"" : 0, ""date"" : ""0814"", ""bank_holiday_id"" : 51916}, {""id"" : 0, ""date"" : ""1031"", ""bank_holiday_id"" : 51916}, {""id"" : 0, ""date"" : ""1110"", ""bank_holiday_id"" : 51916}, {""id"" : 0, ""date"" : ""1224"", ""bank_holiday_id"" : 51916}]}"
10001129,51917,"{""bhl"" : {""id"" : 51917, ""name"" : ""MATMUT_FIR_SXEa"", ""vpn_id"" : 10001129}, ""dates"" : [{""id"" : 0, ""date"" : ""0814"", ""bank_holiday_id"" : 51917}, {""id"" : 0, ""date"" : ""1031"", ""bank_holiday_id"" : 51917}, {""id"" : 0, ""date"" : ""1110"", ""bank_holiday_id"" : 51917}, {""id"" : 0, ""date"" : ""1224"", ""bank_holiday_id"" : 51917}]}"
10001129,51919,"{""bhl"" : {""id"" : 51919, ""name"" : ""MATMUT_GRE_m79i"", ""vpn_id"" : 10001129}, ""dates"" : [{""id"" : 0, ""date"" : ""0814"", ""bank_holiday_id"" : 51919}, {""id"" : 0, ""date"" : ""1031"", ""bank_holiday_id"" : 51919}, {""id"" : 0, ""date"" : ""1110"", ""bank_holiday_id"" : 51919}, {""id"" : 0, ""date"" : ""1224"", ""bank_holiday_id"" : 51919}]}"
10001129,51921,"{""bhl"" : {""id"" : 51921, ""name"" : ""MATMUT_LE__PlPq"", ""vpn_id"" : 10001129}, ""dates"" : [{""id"" : 0, ""date"" : ""0814"", ""bank_holiday_id"" : 51921}, {""id"" : 0, ""date"" : ""1031"", ""bank_holiday_id"" : 51921}, {""id"" : 0, ""date"" : ""1110"", ""bank_holiday_id"" : 51921}, {""id"" : 0, ""date"" : ""1224"", ""bank_holiday_id"" : 51921}]}"
10001129,51924,"{""bhl"" : {""id"" : 51924, ""name"" : ""MATMUT_LYO_fDHx"", ""vpn_id"" : 10001129}, ""dates"" : [{""id"" : 0, ""date"" : ""0814"", ""bank_holiday_id"" : 51924}, {""id"" : 0, ""date"" : ""1031"", ""bank_holiday_id"" : 51924}, {""id"" : 0, ""date"" : ""1110"", ""bank_holiday_id"" : 51924}, {""id"" : 0, ""date"" : ""1224"", ""bank_holiday_id"" : 51924}]}"
10001129,51927,"{""bhl"" : {""id"" : 51927, ""name"" : ""MATMUT_MON_WCu7"", ""vpn_id"" : 10001129}, ""dates"" : [{""id"" : 0, ""date"" : ""0814"", ""bank_holiday_id"" : 51927}, {""id"" : 0, ""date"" : ""1031"", ""bank_holiday_id"" : 51927}, {""id"" : 0, ""date"" : ""1110"", ""bank_holiday_id"" : 51927}, {""id"" : 0, ""date"" : ""1224"", ""bank_holiday_id"" : 51927}]}"
10001129,51928,"{""bhl"" : {""id"" : 51928, ""name"" : ""MATMUT_MON_atuH"", ""vpn_id"" : 10001129}, ""dates"" : [{""id"" : 0, ""date"" : ""0814"", ""bank_holiday_id"" : 51928}, {""id"" : 0, ""date"" : ""1031"", ""bank_holiday_id"" : 51928}, {""id"" : 0, ""date"" : ""1110"", ""bank_holiday_id"" : 51928}, {""id"" : 0, ""date"" : ""1224"", ""bank_holiday_id"" : 51928}]}"
10001129,51929,"{""bhl"" : {""id"" : 51929, ""name"" : ""MATMUT_MON_DxDR"", ""vpn_id"" : 10001129}, ""dates"" : [{""id"" : 0, ""date"" : ""0814"", ""bank_holiday_id"" : 51929}, {""id"" : 0, ""date"" : ""1031"", ""bank_holiday_id"" : 51929}, {""id"" : 0, ""date"" : ""1110"", ""bank_holiday_id"" : 51929}, {""id"" : 0, ""date"" : ""1224"", ""bank_holiday_id"" : 51929}]}"
10001129,51932,"{""bhl"" : {""id"" : 51932, ""name"" : ""MATMUT_ROA_LSkx"", ""vpn_id"" : 10001129}, ""dates"" : [{""id"" : 0, ""date"" : ""0814"", ""bank_holiday_id"" : 51932}, {""id"" : 0, ""date"" : ""1031"", ""bank_holiday_id"" : 51932}, {""id"" : 0, ""date"" : ""1110"", ""bank_holiday_id"" : 51932}, {""id"" : 0, ""date"" : ""1224"", ""bank_holiday_id"" : 51932}]}"
10001129,51933,"{""bhl"" : {""id"" : 51933, ""name"" : ""MATMUT_ST__ShoC"", ""vpn_id"" : 10001129}, ""dates"" : [{""id"" : 0, ""date"" : ""0814"", ""bank_holiday_id"" : 51933}, {""id"" : 0, ""date"" : ""1031"", ""bank_holiday_id"" : 51933}, {""id"" : 0, ""date"" : ""1110"", ""bank_holiday_id"" : 51933}, {""id"" : 0, ""date"" : ""1224"", ""bank_holiday_id"" : 51933}]}"
10001129,51934,"{""bhl"" : {""id"" : 51934, ""name"" : ""MATMUT_ST__ifrk"", ""vpn_id"" : 10001129}, ""dates"" : [{""id"" : 0, ""date"" : ""0814"", ""bank_holiday_id"" : 51934}, {""id"" : 0, ""date"" : ""1031"", ""bank_holiday_id"" : 51934}, {""id"" : 0, ""date"" : ""1110"", ""bank_holiday_id"" : 51934}, {""id"" : 0, ""date"" : ""1224"", ""bank_holiday_id"" : 51934}]}"
10001129,51936,"{""bhl"" : {""id"" : 51936, ""name"" : ""MATMUT_ST__bJ1U"", ""vpn_id"" : 10001129}, ""dates"" : [{""id"" : 0, ""date"" : ""0814"", ""bank_holiday_id"" : 51936}, {""id"" : 0, ""date"" : ""1031"", ""bank_holiday_id"" : 51936}, {""id"" : 0, ""date"" : ""1110"", ""bank_holiday_id"" : 51936}, {""id"" : 0, ""date"" : ""1224"", ""bank_holiday_id"" : 51936}]}"
10001129,51937,"{""bhl"" : {""id"" : 51937, ""name"" : ""MATMUT_ST__PMwE"", ""vpn_id"" : 10001129}, ""dates"" : [{""id"" : 0, ""date"" : ""0814"", ""bank_holiday_id"" : 51937}, {""id"" : 0, ""date"" : ""1031"", ""bank_holiday_id"" : 51937}, {""id"" : 0, ""date"" : ""1110"", ""bank_holiday_id"" : 51937}, {""id"" : 0, ""date"" : ""1224"", ""bank_holiday_id"" : 51937}]}"
10001129,51938,"{""bhl"" : {""id"" : 51938, ""name"" : ""MATMUT_ST__vSt8"", ""vpn_id"" : 10001129}, ""dates"" : [{""id"" : 0, ""date"" : ""0814"", ""bank_holiday_id"" : 51938}, {""id"" : 0, ""date"" : ""1031"", ""bank_holiday_id"" : 51938}, {""id"" : 0, ""date"" : ""1110"", ""bank_holiday_id"" : 51938}, {""id"" : 0, ""date"" : ""1224"", ""bank_holiday_id"" : 51938}]}"
10001129,51939,"{""bhl"" : {""id"" : 51939, ""name"" : ""MATMUT_TAS_AF9f"", ""vpn_id"" : 10001129}, ""dates"" : [{""id"" : 0, ""date"" : ""0814"", ""bank_holiday_id"" : 51939}, {""id"" : 0, ""date"" : ""1031"", ""bank_holiday_id"" : 51939}, {""id"" : 0, ""date"" : ""1110"", ""bank_holiday_id"" : 51939}, {""id"" : 0, ""date"" : ""1224"", ""bank_holiday_id"" : 51939}]}"
10001129,51940,"{""bhl"" : {""id"" : 51940, ""name"" : ""MATMUT_THO_c7B0"", ""vpn_id"" : 10001129}, ""dates"" : [{""id"" : 0, ""date"" : ""0814"", ""bank_holiday_id"" : 51940}, {""id"" : 0, ""date"" : ""1031"", ""bank_holiday_id"" : 51940}, {""id"" : 0, ""date"" : ""1110"", ""bank_holiday_id"" : 51940}, {""id"" : 0, ""date"" : ""1224"", ""bank_holiday_id"" : 51940}]}"
10001129,51941,"{""bhl"" : {""id"" : 51941, ""name"" : ""MATMUT_TOU_we7C"", ""vpn_id"" : 10001129}, ""dates"" : [{""id"" : 0, ""date"" : ""0814"", ""bank_holiday_id"" : 51941}, {""id"" : 0, ""date"" : ""1031"", ""bank_holiday_id"" : 51941}, {""id"" : 0, ""date"" : ""1110"", ""bank_holiday_id"" : 51941}, {""id"" : 0, ""date"" : ""1224"", ""bank_holiday_id"" : 51941}]}"
10001129,51942,"{""bhl"" : {""id"" : 51942, ""name"" : ""MATMUT_VAL_WDEL"", ""vpn_id"" : 10001129}, ""dates"" : [{""id"" : 0, ""date"" : ""0814"", ""bank_holiday_id"" : 51942}, {""id"" : 0, ""date"" : ""1031"", ""bank_holiday_id"" : 51942}, {""id"" : 0, ""date"" : ""1110"", ""bank_holiday_id"" : 51942}, {""id"" : 0, ""date"" : ""1224"", ""bank_holiday_id"" : 51942}]}"
10001129,51943,"{""bhl"" : {""id"" : 51943, ""name"" : ""MATMUT_VAL_KBLb"", ""vpn_id"" : 10001129}, ""dates"" : [{""id"" : 0, ""date"" : ""0814"", ""bank_holiday_id"" : 51943}, {""id"" : 0, ""date"" : ""1031"", ""bank_holiday_id"" : 51943}, {""id"" : 0, ""date"" : ""1110"", ""bank_holiday_id"" : 51943}, {""id"" : 0, ""date"" : ""1224"", ""bank_holiday_id"" : 51943}]}"
10001129,51944,"{""bhl"" : {""id"" : 51944, ""name"" : ""MATMUT_VEN_yBgd"", ""vpn_id"" : 10001129}, ""dates"" : [{""id"" : 0, ""date"" : ""0814"", ""bank_holiday_id"" : 51944}, {""id"" : 0, ""date"" : ""1031"", ""bank_holiday_id"" : 51944}, {""id"" : 0, ""date"" : ""1110"", ""bank_holiday_id"" : 51944}, {""id"" : 0, ""date"" : ""1224"", ""bank_holiday_id"" : 51944}]}"
10001129,51946,"{""bhl"" : {""id"" : 51946, ""name"" : ""MATMUT_VIL_fIW5"", ""vpn_id"" : 10001129}, ""dates"" : [{""id"" : 0, ""date"" : ""0814"", ""bank_holiday_id"" : 51946}, {""id"" : 0, ""date"" : ""1031"", ""bank_holiday_id"" : 51946}, {""id"" : 0, ""date"" : ""1110"", ""bank_holiday_id"" : 51946}, {""id"" : 0, ""date"" : ""1224"", ""bank_holiday_id"" : 51946}]}"
10001129,51947,"{""bhl"" : {""id"" : 51947, ""name"" : ""MATMUT_LIM_34BU"", ""vpn_id"" : 10001129}, ""dates"" : [{""id"" : 0, ""date"" : ""0814"", ""bank_holiday_id"" : 51947}, {""id"" : 0, ""date"" : ""1031"", ""bank_holiday_id"" : 51947}, {""id"" : 0, ""date"" : ""1110"", ""bank_holiday_id"" : 51947}, {""id"" : 0, ""date"" : ""1224"", ""bank_holiday_id"" : 51947}]}"
10001129,51948,"{""bhl"" : {""id"" : 51948, ""name"" : ""MATMUT_ANN_xelk"", ""vpn_id"" : 10001129}, ""dates"" : [{""id"" : 0, ""date"" : ""0814"", ""bank_holiday_id"" : 51948}, {""id"" : 0, ""date"" : ""1031"", ""bank_holiday_id"" : 51948}, {""id"" : 0, ""date"" : ""1110"", ""bank_holiday_id"" : 51948}, {""id"" : 0, ""date"" : ""1224"", ""bank_holiday_id"" : 51948}]}"
10001129,51950,"{""bhl"" : {""id"" : 51950, ""name"" : ""MATMUT_AGE_2Jbv"", ""vpn_id"" : 10001129}, ""dates"" : [{""id"" : 0, ""date"" : ""0814"", ""bank_holiday_id"" : 51950}, {""id"" : 0, ""date"" : ""1031"", ""bank_holiday_id"" : 51950}, {""id"" : 0, ""date"" : ""1110"", ""bank_holiday_id"" : 51950}, {""id"" : 0, ""date"" : ""1224"", ""bank_holiday_id"" : 51950}]}"
10001129,51951,"{""bhl"" : {""id"" : 51951, ""name"" : ""MATMUT_ANG_9BNv"", ""vpn_id"" : 10001129}, ""dates"" : [{""id"" : 0, ""date"" : ""0814"", ""bank_holiday_id"" : 51951}, {""id"" : 0, ""date"" : ""1031"", ""bank_holiday_id"" : 51951}, {""id"" : 0, ""date"" : ""1110"", ""bank_holiday_id"" : 51951}, {""id"" : 0, ""date"" : ""1224"", ""bank_holiday_id"" : 51951}]}"
10001129,51952,"{""bhl"" : {""id"" : 51952, ""name"" : ""MATMUT_ANG_6aIf"", ""vpn_id"" : 10001129}, ""dates"" : [{""id"" : 0, ""date"" : ""0814"", ""bank_holiday_id"" : 51952}, {""id"" : 0, ""date"" : ""1031"", ""bank_holiday_id"" : 51952}, {""id"" : 0, ""date"" : ""1110"", ""bank_holiday_id"" : 51952}, {""id"" : 0, ""date"" : ""1224"", ""bank_holiday_id"" : 51952}]}"
10001129,51954,"{""bhl"" : {""id"" : 51954, ""name"" : ""MATMUT_BOR_ioQs"", ""vpn_id"" : 10001129}, ""dates"" : [{""id"" : 0, ""date"" : ""0814"", ""bank_holiday_id"" : 51954}, {""id"" : 0, ""date"" : ""1031"", ""bank_holiday_id"" : 51954}, {""id"" : 0, ""date"" : ""1110"", ""bank_holiday_id"" : 51954}, {""id"" : 0, ""date"" : ""1224"", ""bank_holiday_id"" : 51954}]}"
10001129,51955,"{""bhl"" : {""id"" : 51955, ""name"" : ""MATMUT_BOR_viZU"", ""vpn_id"" : 10001129}, ""dates"" : [{""id"" : 0, ""date"" : ""0814"", ""bank_holiday_id"" : 51955}, {""id"" : 0, ""date"" : ""1031"", ""bank_holiday_id"" : 51955}, {""id"" : 0, ""date"" : ""1110"", ""bank_holiday_id"" : 51955}, {""id"" : 0, ""date"" : ""1224"", ""bank_holiday_id"" : 51955}]}"
10001129,51956,"{""bhl"" : {""id"" : 51956, ""name"" : ""MATMUT_BOR_hANm"", ""vpn_id"" : 10001129}, ""dates"" : [{""id"" : 0, ""date"" : ""0814"", ""bank_holiday_id"" : 51956}, {""id"" : 0, ""date"" : ""1031"", ""bank_holiday_id"" : 51956}, {""id"" : 0, ""date"" : ""1110"", ""bank_holiday_id"" : 51956}, {""id"" : 0, ""date"" : ""1224"", ""bank_holiday_id"" : 51956}]}"
10001129,51957,"{""bhl"" : {""id"" : 51957, ""name"" : ""MATMUT_CEN_ZhsJ"", ""vpn_id"" : 10001129}, ""dates"" : [{""id"" : 0, ""date"" : ""0814"", ""bank_holiday_id"" : 51957}, {""id"" : 0, ""date"" : ""1031"", ""bank_holiday_id"" : 51957}, {""id"" : 0, ""date"" : ""1110"", ""bank_holiday_id"" : 51957}, {""id"" : 0, ""date"" : ""1224"", ""bank_holiday_id"" : 51957}]}"
10001129,51958,"{""bhl"" : {""id"" : 51958, ""name"" : ""MATMUT_CHO_AVdP"", ""vpn_id"" : 10001129}, ""dates"" : [{""id"" : 0, ""date"" : ""0814"", ""bank_holiday_id"" : 51958}, {""id"" : 0, ""date"" : ""1031"", ""bank_holiday_id"" : 51958}, {""id"" : 0, ""date"" : ""1110"", ""bank_holiday_id"" : 51958}, {""id"" : 0, ""date"" : ""1224"", ""bank_holiday_id"" : 51958}]}"
10001129,51959,"{""bhl"" : {""id"" : 51959, ""name"" : ""MATMUT_LA__UuYE"", ""vpn_id"" : 10001129}, ""dates"" : [{""id"" : 0, ""date"" : ""0814"", ""bank_holiday_id"" : 51959}, {""id"" : 0, ""date"" : ""1031"", ""bank_holiday_id"" : 51959}, {""id"" : 0, ""date"" : ""1110"", ""bank_holiday_id"" : 51959}, {""id"" : 0, ""date"" : ""1224"", ""bank_holiday_id"" : 51959}]}"
10001129,51960,"{""bhl"" : {""id"" : 51960, ""name"" : ""MATMUT_CLE_wIi1"", ""vpn_id"" : 10001129}, ""dates"" : [{""id"" : 0, ""date"" : ""0814"", ""bank_holiday_id"" : 51960}, {""id"" : 0, ""date"" : ""1031"", ""bank_holiday_id"" : 51960}, {""id"" : 0, ""date"" : ""1110"", ""bank_holiday_id"" : 51960}, {""id"" : 0, ""date"" : ""1224"", ""bank_holiday_id"" : 51960}]}"
10001129,51961,"{""bhl"" : {""id"" : 51961, ""name"" : ""MATMUT_LAV_Mud8"", ""vpn_id"" : 10001129}, ""dates"" : [{""id"" : 0, ""date"" : ""0814"", ""bank_holiday_id"" : 51961}, {""id"" : 0, ""date"" : ""1031"", ""bank_holiday_id"" : 51961}, {""id"" : 0, ""date"" : ""1110"", ""bank_holiday_id"" : 51961}, {""id"" : 0, ""date"" : ""1224"", ""bank_holiday_id"" : 51961}]}"
10001129,51962,"{""bhl"" : {""id"" : 51962, ""name"" : ""MATMUT_LE__smPa"", ""vpn_id"" : 10001129}, ""dates"" : [{""id"" : 0, ""date"" : ""0814"", ""bank_holiday_id"" : 51962}, {""id"" : 0, ""date"" : ""1031"", ""bank_holiday_id"" : 51962}, {""id"" : 0, ""date"" : ""1110"", ""bank_holiday_id"" : 51962}, {""id"" : 0, ""date"" : ""1224"", ""bank_holiday_id"" : 51962}]}"
10001129,51963,"{""bhl"" : {""id"" : 51963, ""name"" : ""MATMUT_LIM_WpAL"", ""vpn_id"" : 10001129}, ""dates"" : [{""id"" : 0, ""date"" : ""0814"", ""bank_holiday_id"" : 51963}, {""id"" : 0, ""date"" : ""1031"", ""bank_holiday_id"" : 51963}, {""id"" : 0, ""date"" : ""1110"", ""bank_holiday_id"" : 51963}, {""id"" : 0, ""date"" : ""1224"", ""bank_holiday_id"" : 51963}]}"
10001129,51964,"{""bhl"" : {""id"" : 51964, ""name"" : ""MATMUT_MER_w6cA"", ""vpn_id"" : 10001129}, ""dates"" : [{""id"" : 0, ""date"" : ""0814"", ""bank_holiday_id"" : 51964}, {""id"" : 0, ""date"" : ""1031"", ""bank_holiday_id"" : 51964}, {""id"" : 0, ""date"" : ""1110"", ""bank_holiday_id"" : 51964}, {""id"" : 0, ""date"" : ""1224"", ""bank_holiday_id"" : 51964}]}"
10001129,51965,"{""bhl"" : {""id"" : 51965, ""name"" : ""MATMUT_ST__Pnwr"", ""vpn_id"" : 10001129}, ""dates"" : [{""id"" : 0, ""date"" : ""0814"", ""bank_holiday_id"" : 51965}, {""id"" : 0, ""date"" : ""1031"", ""bank_holiday_id"" : 51965}, {""id"" : 0, ""date"" : ""1110"", ""bank_holiday_id"" : 51965}, {""id"" : 0, ""date"" : ""1224"", ""bank_holiday_id"" : 51965}]}"
10001129,51969,"{""bhl"" : {""id"" : 51969, ""name"" : ""MATMUT_BER_n8RH"", ""vpn_id"" : 10001129}, ""dates"" : [{""id"" : 0, ""date"" : ""0814"", ""bank_holiday_id"" : 51969}, {""id"" : 0, ""date"" : ""1031"", ""bank_holiday_id"" : 51969}, {""id"" : 0, ""date"" : ""1110"", ""bank_holiday_id"" : 51969}, {""id"" : 0, ""date"" : ""1224"", ""bank_holiday_id"" : 51969}]}"
10001129,51970,"{""bhl"" : {""id"" : 51970, ""name"" : ""MATMUT_VIL_X7uX"", ""vpn_id"" : 10001129}, ""dates"" : [{""id"" : 0, ""date"" : ""0814"", ""bank_holiday_id"" : 51970}, {""id"" : 0, ""date"" : ""1031"", ""bank_holiday_id"" : 51970}, {""id"" : 0, ""date"" : ""1110"", ""bank_holiday_id"" : 51970}, {""id"" : 0, ""date"" : ""1224"", ""bank_holiday_id"" : 51970}]}"
10001129,51971,"{""bhl"" : {""id"" : 51971, ""name"" : ""MATMUT_CAH_C2pk"", ""vpn_id"" : 10001129}, ""dates"" : [{""id"" : 0, ""date"" : ""0814"", ""bank_holiday_id"" : 51971}, {""id"" : 0, ""date"" : ""1031"", ""bank_holiday_id"" : 51971}, {""id"" : 0, ""date"" : ""1110"", ""bank_holiday_id"" : 51971}, {""id"" : 0, ""date"" : ""1224"", ""bank_holiday_id"" : 51971}]}"
10001129,51972,"{""bhl"" : {""id"" : 51972, ""name"" : ""MATMUT_BRI_Cu30"", ""vpn_id"" : 10001129}, ""dates"" : [{""id"" : 0, ""date"" : ""0814"", ""bank_holiday_id"" : 51972}, {""id"" : 0, ""date"" : ""1031"", ""bank_holiday_id"" : 51972}, {""id"" : 0, ""date"" : ""1110"", ""bank_holiday_id"" : 51972}, {""id"" : 0, ""date"" : ""1224"", ""bank_holiday_id"" : 51972}]}"
10001129,51974,"{""bhl"" : {""id"" : 51974, ""name"" : ""MATMUT_CHA_k24P"", ""vpn_id"" : 10001129}, ""dates"" : [{""id"" : 0, ""date"" : ""0814"", ""bank_holiday_id"" : 51974}, {""id"" : 0, ""date"" : ""1031"", ""bank_holiday_id"" : 51974}, {""id"" : 0, ""date"" : ""1110"", ""bank_holiday_id"" : 51974}, {""id"" : 0, ""date"" : ""1224"", ""bank_holiday_id"" : 51974}]}"
10001129,51976,"{""bhl"" : {""id"" : 51976, ""name"" : ""MATMUT_CLE_c7ar"", ""vpn_id"" : 10001129}, ""dates"" : [{""id"" : 0, ""date"" : ""0814"", ""bank_holiday_id"" : 51976}, {""id"" : 0, ""date"" : ""1031"", ""bank_holiday_id"" : 51976}, {""id"" : 0, ""date"" : ""1110"", ""bank_holiday_id"" : 51976}, {""id"" : 0, ""date"" : ""1224"", ""bank_holiday_id"" : 51976}]}"
10018428,71467,"{""bhl"" : {""id"" : 71467, ""name"" : ""CALENDAR_AF2029"", ""vpn_id"" : 10018428}, ""dates"" : [{""id"" : 0, ""date"" : ""0101"", ""bank_holiday_id"" : 71467}, {""id"" : 0, ""date"" : ""0406"", ""bank_holiday_id"" : 71467}, {""id"" : 0, ""date"" : ""0501"", ""bank_holiday_id"" : 71467}, {""id"" : 0, ""date"" : ""0508"", ""bank_holiday_id"" : 71467}, {""id"" : 0, ""date"" : ""0514"", ""bank_holiday_id"" : 71467}, {""id"" : 0, ""date"" : ""0525"", ""bank_holiday_id"" : 71467}, {""id"" : 0, ""date"" : ""0714"", ""bank_holiday_id"" : 71467}, {""id"" : 0, ""date"" : ""0815"", ""bank_holiday_id"" : 71467}, {""id"" : 0, ""date"" : ""1101"", ""bank_holiday_id"" : 71467}, {""id"" : 0, ""date"" : ""1111"", ""bank_holiday_id"" : 71467}, {""id"" : 0, ""date"" : ""1225"", ""bank_holiday_id"" : 71467}]}"
10018431,71469,"{""bhl"" : {""id"" : 71469, ""name"" : ""CALENDAR_A8D8FC"", ""vpn_id"" : 10018431}, ""dates"" : [{""id"" : 0, ""date"" : ""0101"", ""bank_holiday_id"" : 71469}, {""id"" : 0, ""date"" : ""0406"", ""bank_holiday_id"" : 71469}, {""id"" : 0, ""date"" : ""0501"", ""bank_holiday_id"" : 71469}, {""id"" : 0, ""date"" : ""0508"", ""bank_holiday_id"" : 71469}, {""id"" : 0, ""date"" : ""0514"", ""bank_holiday_id"" : 71469}, {""id"" : 0, ""date"" : ""0525"", ""bank_holiday_id"" : 71469}, {""id"" : 0, ""date"" : ""0714"", ""bank_holiday_id"" : 71469}, {""id"" : 0, ""date"" : ""0815"", ""bank_holiday_id"" : 71469}, {""id"" : 0, ""date"" : ""1101"", ""bank_holiday_id"" : 71469}, {""id"" : 0, ""date"" : ""1111"", ""bank_holiday_id"" : 71469}, {""id"" : 0, ""date"" : ""1225"", ""bank_holiday_id"" : 71469}]}"
10018441,71502,"{""bhl"" : {""id"" : 71502, ""name"" : ""CALENDAR_D121CF"", ""vpn_id"" : 10018441}, ""dates"" : [{""id"" : 0, ""date"" : ""0101"", ""bank_holiday_id"" : 71502}, {""id"" : 0, ""date"" : ""0406"", ""bank_holiday_id"" : 71502}, {""id"" : 0, ""date"" : ""0501"", ""bank_holiday_id"" : 71502}, {""id"" : 0, ""date"" : ""0508"", ""bank_holiday_id"" : 71502}, {""id"" : 0, ""date"" : ""0514"", ""bank_holiday_id"" : 71502}, {""id"" : 0, ""date"" : ""0525"", ""bank_holiday_id"" : 71502}, {""id"" : 0, ""date"" : ""0714"", ""bank_holiday_id"" : 71502}, {""id"" : 0, ""date"" : ""0815"", ""bank_holiday_id"" : 71502}, {""id"" : 0, ""date"" : ""1101"", ""bank_holiday_id"" : 71502}, {""id"" : 0, ""date"" : ""1111"", ""bank_holiday_id"" : 71502}, {""id"" : 0, ""date"" : ""1225"", ""bank_holiday_id"" : 71502}]}"
10018448,71509,"{""bhl"" : {""id"" : 71509, ""name"" : ""CALENDAR_D72296"", ""vpn_id"" : 10018448}, ""dates"" : [{""id"" : 0, ""date"" : ""0101"", ""bank_holiday_id"" : 71509}, {""id"" : 0, ""date"" : ""0406"", ""bank_holiday_id"" : 71509}, {""id"" : 0, ""date"" : ""0501"", ""bank_holiday_id"" : 71509}, {""id"" : 0, ""date"" : ""0508"", ""bank_holiday_id"" : 71509}, {""id"" : 0, ""date"" : ""0514"", ""bank_holiday_id"" : 71509}, {""id"" : 0, ""date"" : ""0525"", ""bank_holiday_id"" : 71509}, {""id"" : 0, ""date"" : ""0714"", ""bank_holiday_id"" : 71509}, {""id"" : 0, ""date"" : ""0815"", ""bank_holiday_id"" : 71509}, {""id"" : 0, ""date"" : ""1101"", ""bank_holiday_id"" : 71509}, {""id"" : 0, ""date"" : ""1111"", ""bank_holiday_id"" : 71509}, {""id"" : 0, ""date"" : ""1225"", ""bank_holiday_id"" : 71509}]}"
10018454,71527,"{""bhl"" : {""id"" : 71527, ""name"" : ""CALENDAR_346D03"", ""vpn_id"" : 10018454}, ""dates"" : [{""id"" : 0, ""date"" : ""0101"", ""bank_holiday_id"" : 71527}, {""id"" : 0, ""date"" : ""0406"", ""bank_holiday_id"" : 71527}, {""id"" : 0, ""date"" : ""0501"", ""bank_holiday_id"" : 71527}, {""id"" : 0, ""date"" : ""0508"", ""bank_holiday_id"" : 71527}, {""id"" : 0, ""date"" : ""0514"", ""bank_holiday_id"" : 71527}, {""id"" : 0, ""date"" : ""0525"", ""bank_holiday_id"" : 71527}, {""id"" : 0, ""date"" : ""0714"", ""bank_holiday_id"" : 71527}, {""id"" : 0, ""date"" : ""0815"", ""bank_holiday_id"" : 71527}, {""id"" : 0, ""date"" : ""1101"", ""bank_holiday_id"" : 71527}, {""id"" : 0, ""date"" : ""1111"", ""bank_holiday_id"" : 71527}, {""id"" : 0, ""date"" : ""1225"", ""bank_holiday_id"" : 71527}]}"
4334,71539,"{""bhl"" : {""id"" : 71539, ""name"" : ""DIGITAL_-__L630"", ""vpn_id"" : 4334}, ""dates"" : []}"
10018462,71545,"{""bhl"" : {""id"" : 71545, ""name"" : ""CALENDAR_BEF1DE"", ""vpn_id"" : 10018462}, ""dates"" : [{""id"" : 0, ""date"" : ""0101"", ""bank_holiday_id"" : 71545}, {""id"" : 0, ""date"" : ""0406"", ""bank_holiday_id"" : 71545}, {""id"" : 0, ""date"" : ""0501"", ""bank_holiday_id"" : 71545}, {""id"" : 0, ""date"" : ""0508"", ""bank_holiday_id"" : 71545}, {""id"" : 0, ""date"" : ""0514"", ""bank_holiday_id"" : 71545}, {""id"" : 0, ""date"" : ""0525"", ""bank_holiday_id"" : 71545}, {""id"" : 0, ""date"" : ""0714"", ""bank_holiday_id"" : 71545}, {""id"" : 0, ""date"" : ""0815"", ""bank_holiday_id"" : 71545}, {""id"" : 0, ""date"" : ""1101"", ""bank_holiday_id"" : 71545}, {""id"" : 0, ""date"" : ""1111"", ""bank_holiday_id"" : 71545}, {""id"" : 0, ""date"" : ""1225"", ""bank_holiday_id"" : 71545}]}"
10018465,71562,"{""bhl"" : {""id"" : 71562, ""name"" : ""CALENDAR_1706D8"", ""vpn_id"" : 10018465}, ""dates"" : [{""id"" : 0, ""date"" : ""0101"", ""bank_holiday_id"" : 71562}, {""id"" : 0, ""date"" : ""0406"", ""bank_holiday_id"" : 71562}, {""id"" : 0, ""date"" : ""0501"", ""bank_holiday_id"" : 71562}, {""id"" : 0, ""date"" : ""0508"", ""bank_holiday_id"" : 71562}, {""id"" : 0, ""date"" : ""0514"", ""bank_holiday_id"" : 71562}, {""id"" : 0, ""date"" : ""0525"", ""bank_holiday_id"" : 71562}, {""id"" : 0, ""date"" : ""0714"", ""bank_holiday_id"" : 71562}, {""id"" : 0, ""date"" : ""0815"", ""bank_holiday_id"" : 71562}, {""id"" : 0, ""date"" : ""1101"", ""bank_holiday_id"" : 71562}, {""id"" : 0, ""date"" : ""1111"", ""bank_holiday_id"" : 71562}, {""id"" : 0, ""date"" : ""1225"", ""bank_holiday_id"" : 71562}]}"
4681,71582,"{""bhl"" : {""id"" : 71582, ""name"" : ""IAIN_FKKI9IAE4W"", ""vpn_id"" : 4681}, ""dates"" : [{""id"" : 0, ""date"" : ""0622"", ""bank_holiday_id"" : 71582}, {""id"" : 0, ""date"" : ""0623"", ""bank_holiday_id"" : 71582}, {""id"" : 0, ""date"" : ""0624"", ""bank_holiday_id"" : 71582}, {""id"" : 0, ""date"" : ""0823"", ""bank_holiday_id"" : 71582}, {""id"" : 0, ""date"" : ""0824"", ""bank_holiday_id"" : 71582}, {""id"" : 0, ""date"" : ""0825"", ""bank_holiday_id"" : 71582}, {""id"" : 0, ""date"" : ""1124"", ""bank_holiday_id"" : 71582}, {""id"" : 0, ""date"" : ""1226"", ""bank_holiday_id"" : 71582}]}"
10018475,71588,"{""bhl"" : {""id"" : 71588, ""name"" : ""CALENDAR_9D9833"", ""vpn_id"" : 10018475}, ""dates"" : [{""id"" : 0, ""date"" : ""0101"", ""bank_holiday_id"" : 71588}, {""id"" : 0, ""date"" : ""0406"", ""bank_holiday_id"" : 71588}, {""id"" : 0, ""date"" : ""0501"", ""bank_holiday_id"" : 71588}, {""id"" : 0, ""date"" : ""0508"", ""bank_holiday_id"" : 71588}, {""id"" : 0, ""date"" : ""0514"", ""bank_holiday_id"" : 71588}, {""id"" : 0, ""date"" : ""0525"", ""bank_holiday_id"" : 71588}, {""id"" : 0, ""date"" : ""0714"", ""bank_holiday_id"" : 71588}, {""id"" : 0, ""date"" : ""0815"", ""bank_holiday_id"" : 71588}, {""id"" : 0, ""date"" : ""1101"", ""bank_holiday_id"" : 71588}, {""id"" : 0, ""date"" : ""1111"", ""bank_holiday_id"" : 71588}, {""id"" : 0, ""date"" : ""1225"", ""bank_holiday_id"" : 71588}]}"
10018479,71605,"{""bhl"" : {""id"" : 71605, ""name"" : ""CALENDAR_C98941"", ""vpn_id"" : 10018479}, ""dates"" : [{""id"" : 0, ""date"" : ""0101"", ""bank_holiday_id"" : 71605}, {""id"" : 0, ""date"" : ""0406"", ""bank_holiday_id"" : 71605}, {""id"" : 0, ""date"" : ""0501"", ""bank_holiday_id"" : 71605}, {""id"" : 0, ""date"" : ""0508"", ""bank_holiday_id"" : 71605}, {""id"" : 0, ""date"" : ""0514"", ""bank_holiday_id"" : 71605}, {""id"" : 0, ""date"" : ""0525"", ""bank_holiday_id"" : 71605}, {""id"" : 0, ""date"" : ""0714"", ""bank_holiday_id"" : 71605}, {""id"" : 0, ""date"" : ""0815"", ""bank_holiday_id"" : 71605}, {""id"" : 0, ""date"" : ""1101"", ""bank_holiday_id"" : 71605}, {""id"" : 0, ""date"" : ""1111"", ""bank_holiday_id"" : 71605}, {""id"" : 0, ""date"" : ""1225"", ""bank_holiday_id"" : 71605}]}"
10018472,71622,"{""bhl"" : {""id"" : 71622, ""name"" : ""CALENDAR_67A5E1"", ""vpn_id"" : 10018472}, ""dates"" : [{""id"" : 0, ""date"" : ""0101"", ""bank_holiday_id"" : 71622}, {""id"" : 0, ""date"" : ""0406"", ""bank_holiday_id"" : 71622}, {""id"" : 0, ""date"" : ""0501"", ""bank_holiday_id"" : 71622}, {""id"" : 0, ""date"" : ""0508"", ""bank_holiday_id"" : 71622}, {""id"" : 0, ""date"" : ""0514"", ""bank_holiday_id"" : 71622}, {""id"" : 0, ""date"" : ""0525"", ""bank_holiday_id"" : 71622}, {""id"" : 0, ""date"" : ""0714"", ""bank_holiday_id"" : 71622}, {""id"" : 0, ""date"" : ""0815"", ""bank_holiday_id"" : 71622}, {""id"" : 0, ""date"" : ""1101"", ""bank_holiday_id"" : 71622}, {""id"" : 0, ""date"" : ""1111"", ""bank_holiday_id"" : 71622}, {""id"" : 0, ""date"" : ""1225"", ""bank_holiday_id"" : 71622}]}"
10003357,71878,"{""bhl"" : {""id"" : 71878, ""name"" : ""CALENDAR_02CB1A"", ""vpn_id"" : 10003357}, ""dates"" : [{""id"" : 0, ""date"" : ""0101"", ""bank_holiday_id"" : 71878}, {""id"" : 0, ""date"" : ""0406"", ""bank_holiday_id"" : 71878}, {""id"" : 0, ""date"" : ""0501"", ""bank_holiday_id"" : 71878}, {""id"" : 0, ""date"" : ""0508"", ""bank_holiday_id"" : 71878}, {""id"" : 0, ""date"" : ""0514"", ""bank_holiday_id"" : 71878}, {""id"" : 0, ""date"" : ""0525"", ""bank_holiday_id"" : 71878}, {""id"" : 0, ""date"" : ""0714"", ""bank_holiday_id"" : 71878}, {""id"" : 0, ""date"" : ""0815"", ""bank_holiday_id"" : 71878}, {""id"" : 0, ""date"" : ""1101"", ""bank_holiday_id"" : 71878}, {""id"" : 0, ""date"" : ""1111"", ""bank_holiday_id"" : 71878}, {""id"" : 0, ""date"" : ""1225"", ""bank_holiday_id"" : 71878}]}"
10018517,71703,"{""bhl"" : {""id"" : 71703, ""name"" : ""CALENDAR_C48517"", ""vpn_id"" : 10018517}, ""dates"" : [{""id"" : 0, ""date"" : ""0101"", ""bank_holiday_id"" : 71703}, {""id"" : 0, ""date"" : ""0406"", ""bank_holiday_id"" : 71703}, {""id"" : 0, ""date"" : ""0501"", ""bank_holiday_id"" : 71703}, {""id"" : 0, ""date"" : ""0508"", ""bank_holiday_id"" : 71703}, {""id"" : 0, ""date"" : ""0514"", ""bank_holiday_id"" : 71703}, {""id"" : 0, ""date"" : ""0525"", ""bank_holiday_id"" : 71703}, {""id"" : 0, ""date"" : ""0714"", ""bank_holiday_id"" : 71703}, {""id"" : 0, ""date"" : ""0815"", ""bank_holiday_id"" : 71703}, {""id"" : 0, ""date"" : ""1101"", ""bank_holiday_id"" : 71703}, {""id"" : 0, ""date"" : ""1111"", ""bank_holiday_id"" : 71703}, {""id"" : 0, ""date"" : ""1225"", ""bank_holiday_id"" : 71703}]}"
10011376,72264,"{""bhl"" : {""id"" : 72264, ""name"" : ""21_SEPTEMB_ZWIH"", ""vpn_id"" : 10011376}, ""dates"" : []}"
10018549,71805,"{""bhl"" : {""id"" : 71805, ""name"" : ""CALENDAR_CC88A8"", ""vpn_id"" : 10018549}, ""dates"" : [{""id"" : 0, ""date"" : ""0101"", ""bank_holiday_id"" : 71805}, {""id"" : 0, ""date"" : ""0406"", ""bank_holiday_id"" : 71805}, {""id"" : 0, ""date"" : ""0501"", ""bank_holiday_id"" : 71805}, {""id"" : 0, ""date"" : ""0508"", ""bank_holiday_id"" : 71805}, {""id"" : 0, ""date"" : ""0514"", ""bank_holiday_id"" : 71805}, {""id"" : 0, ""date"" : ""0525"", ""bank_holiday_id"" : 71805}, {""id"" : 0, ""date"" : ""0714"", ""bank_holiday_id"" : 71805}, {""id"" : 0, ""date"" : ""0815"", ""bank_holiday_id"" : 71805}, {""id"" : 0, ""date"" : ""1101"", ""bank_holiday_id"" : 71805}, {""id"" : 0, ""date"" : ""1111"", ""bank_holiday_id"" : 71805}, {""id"" : 0, ""date"" : ""1225"", ""bank_holiday_id"" : 71805}]}"
10018566,71836,"{""bhl"" : {""id"" : 71836, ""name"" : ""CALENDAR_327E50"", ""vpn_id"" : 10018566}, ""dates"" : [{""id"" : 0, ""date"" : ""0101"", ""bank_holiday_id"" : 71836}, {""id"" : 0, ""date"" : ""0406"", ""bank_holiday_id"" : 71836}, {""id"" : 0, ""date"" : ""0501"", ""bank_holiday_id"" : 71836}, {""id"" : 0, ""date"" : ""0508"", ""bank_holiday_id"" : 71836}, {""id"" : 0, ""date"" : ""0514"", ""bank_holiday_id"" : 71836}, {""id"" : 0, ""date"" : ""0525"", ""bank_holiday_id"" : 71836}, {""id"" : 0, ""date"" : ""0714"", ""bank_holiday_id"" : 71836}, {""id"" : 0, ""date"" : ""0815"", ""bank_holiday_id"" : 71836}, {""id"" : 0, ""date"" : ""1101"", ""bank_holiday_id"" : 71836}, {""id"" : 0, ""date"" : ""1111"", ""bank_holiday_id"" : 71836}, {""id"" : 0, ""date"" : ""1225"", ""bank_holiday_id"" : 71836}]}"
10018632,72163,"{""bhl"" : {""id"" : 72163, ""name"" : ""CALENDAR_593E0C"", ""vpn_id"" : 10018632}, ""dates"" : [{""id"" : 0, ""date"" : ""0101"", ""bank_holiday_id"" : 72163}, {""id"" : 0, ""date"" : ""0406"", ""bank_holiday_id"" : 72163}, {""id"" : 0, ""date"" : ""0501"", ""bank_holiday_id"" : 72163}, {""id"" : 0, ""date"" : ""0508"", ""bank_holiday_id"" : 72163}, {""id"" : 0, ""date"" : ""0514"", ""bank_holiday_id"" : 72163}, {""id"" : 0, ""date"" : ""0525"", ""bank_holiday_id"" : 72163}, {""id"" : 0, ""date"" : ""0714"", ""bank_holiday_id"" : 72163}, {""id"" : 0, ""date"" : ""0815"", ""bank_holiday_id"" : 72163}, {""id"" : 0, ""date"" : ""1101"", ""bank_holiday_id"" : 72163}, {""id"" : 0, ""date"" : ""1111"", ""bank_holiday_id"" : 72163}, {""id"" : 0, ""date"" : ""1225"", ""bank_holiday_id"" : 72163}]}"
7102,71845,"{""bhl"" : {""id"" : 71845, ""name"" : ""IAIN_0QBRKMRS7K"", ""vpn_id"" : 7102}, ""dates"" : [{""id"" : 0, ""date"" : ""0713"", ""bank_holiday_id"" : 71845}, {""id"" : 0, ""date"" : ""0714"", ""bank_holiday_id"" : 71845}, {""id"" : 0, ""date"" : ""0715"", ""bank_holiday_id"" : 71845}, {""id"" : 0, ""date"" : ""0914"", ""bank_holiday_id"" : 71845}, {""id"" : 0, ""date"" : ""0915"", ""bank_holiday_id"" : 71845}, {""id"" : 0, ""date"" : ""0916"", ""bank_holiday_id"" : 71845}]}"
10015380,72204,"{""bhl"" : {""id"" : 72204, ""name"" : ""CALENDAR_21518C"", ""vpn_id"" : 10015380}, ""dates"" : [{""id"" : 0, ""date"" : ""0101"", ""bank_holiday_id"" : 72204}, {""id"" : 0, ""date"" : ""0406"", ""bank_holiday_id"" : 72204}, {""id"" : 0, ""date"" : ""0501"", ""bank_holiday_id"" : 72204}, {""id"" : 0, ""date"" : ""0508"", ""bank_holiday_id"" : 72204}, {""id"" : 0, ""date"" : ""0514"", ""bank_holiday_id"" : 72204}, {""id"" : 0, ""date"" : ""0525"", ""bank_holiday_id"" : 72204}, {""id"" : 0, ""date"" : ""0714"", ""bank_holiday_id"" : 72204}, {""id"" : 0, ""date"" : ""0815"", ""bank_holiday_id"" : 72204}, {""id"" : 0, ""date"" : ""1101"", ""bank_holiday_id"" : 72204}, {""id"" : 0, ""date"" : ""1111"", ""bank_holiday_id"" : 72204}, {""id"" : 0, ""date"" : ""1225"", ""bank_holiday_id"" : 72204}]}"
10018597,71952,"{""bhl"" : {""id"" : 71952, ""name"" : ""CALENDAR_0DB2DB"", ""vpn_id"" : 10018597}, ""dates"" : [{""id"" : 0, ""date"" : ""0101"", ""bank_holiday_id"" : 71952}, {""id"" : 0, ""date"" : ""0406"", ""bank_holiday_id"" : 71952}, {""id"" : 0, ""date"" : ""0501"", ""bank_holiday_id"" : 71952}, {""id"" : 0, ""date"" : ""0508"", ""bank_holiday_id"" : 71952}, {""id"" : 0, ""date"" : ""0514"", ""bank_holiday_id"" : 71952}, {""id"" : 0, ""date"" : ""0525"", ""bank_holiday_id"" : 71952}, {""id"" : 0, ""date"" : ""0714"", ""bank_holiday_id"" : 71952}, {""id"" : 0, ""date"" : ""0815"", ""bank_holiday_id"" : 71952}, {""id"" : 0, ""date"" : ""1101"", ""bank_holiday_id"" : 71952}, {""id"" : 0, ""date"" : ""1111"", ""bank_holiday_id"" : 71952}, {""id"" : 0, ""date"" : ""1225"", ""bank_holiday_id"" : 71952}]}"
10014208,72013,"{""bhl"" : {""id"" : 72013, ""name"" : ""CALENDRIER_7E36"", ""vpn_id"" : 10014208}, ""dates"" : [{""id"" : 0, ""date"" : ""0101"", ""bank_holiday_id"" : 72013}, {""id"" : 0, ""date"" : ""0406"", ""bank_holiday_id"" : 72013}, {""id"" : 0, ""date"" : ""0501"", ""bank_holiday_id"" : 72013}, {""id"" : 0, ""date"" : ""0508"", ""bank_holiday_id"" : 72013}, {""id"" : 0, ""date"" : ""0514"", ""bank_holiday_id"" : 72013}, {""id"" : 0, ""date"" : ""0525"", ""bank_holiday_id"" : 72013}, {""id"" : 0, ""date"" : ""0714"", ""bank_holiday_id"" : 72013}, {""id"" : 0, ""date"" : ""0815"", ""bank_holiday_id"" : 72013}, {""id"" : 0, ""date"" : ""1101"", ""bank_holiday_id"" : 72013}, {""id"" : 0, ""date"" : ""1111"", ""bank_holiday_id"" : 72013}, {""id"" : 0, ""date"" : ""1225"", ""bank_holiday_id"" : 72013}]}"
10018614,72024,"{""bhl"" : {""id"" : 72024, ""name"" : ""CALENDAR_5AED3C"", ""vpn_id"" : 10018614}, ""dates"" : [{""id"" : 0, ""date"" : ""0101"", ""bank_holiday_id"" : 72024}, {""id"" : 0, ""date"" : ""0406"", ""bank_holiday_id"" : 72024}, {""id"" : 0, ""date"" : ""0501"", ""bank_holiday_id"" : 72024}, {""id"" : 0, ""date"" : ""0508"", ""bank_holiday_id"" : 72024}, {""id"" : 0, ""date"" : ""0514"", ""bank_holiday_id"" : 72024}, {""id"" : 0, ""date"" : ""0525"", ""bank_holiday_id"" : 72024}, {""id"" : 0, ""date"" : ""0714"", ""bank_holiday_id"" : 72024}, {""id"" : 0, ""date"" : ""0815"", ""bank_holiday_id"" : 72024}, {""id"" : 0, ""date"" : ""1101"", ""bank_holiday_id"" : 72024}, {""id"" : 0, ""date"" : ""1111"", ""bank_holiday_id"" : 72024}, {""id"" : 0, ""date"" : ""1225"", ""bank_holiday_id"" : 72024}]}"
10018620,72063,"{""bhl"" : {""id"" : 72063, ""name"" : ""CALENDAR_7A5CC4"", ""vpn_id"" : 10018620}, ""dates"" : [{""id"" : 0, ""date"" : ""0101"", ""bank_holiday_id"" : 72063}, {""id"" : 0, ""date"" : ""0406"", ""bank_holiday_id"" : 72063}, {""id"" : 0, ""date"" : ""0501"", ""bank_holiday_id"" : 72063}, {""id"" : 0, ""date"" : ""0508"", ""bank_holiday_id"" : 72063}, {""id"" : 0, ""date"" : ""0514"", ""bank_holiday_id"" : 72063}, {""id"" : 0, ""date"" : ""0525"", ""bank_holiday_id"" : 72063}, {""id"" : 0, ""date"" : ""0714"", ""bank_holiday_id"" : 72063}, {""id"" : 0, ""date"" : ""0815"", ""bank_holiday_id"" : 72063}, {""id"" : 0, ""date"" : ""1101"", ""bank_holiday_id"" : 72063}, {""id"" : 0, ""date"" : ""1111"", ""bank_holiday_id"" : 72063}, {""id"" : 0, ""date"" : ""1225"", ""bank_holiday_id"" : 72063}]}"
10004177,72065,"{""bhl"" : {""id"" : 72065, ""name"" : ""CALENDAR_5AF42F"", ""vpn_id"" : 10004177}, ""dates"" : [{""id"" : 0, ""date"" : ""0101"", ""bank_holiday_id"" : 72065}, {""id"" : 0, ""date"" : ""0406"", ""bank_holiday_id"" : 72065}, {""id"" : 0, ""date"" : ""0501"", ""bank_holiday_id"" : 72065}, {""id"" : 0, ""date"" : ""0508"", ""bank_holiday_id"" : 72065}, {""id"" : 0, ""date"" : ""0514"", ""bank_holiday_id"" : 72065}, {""id"" : 0, ""date"" : ""0525"", ""bank_holiday_id"" : 72065}, {""id"" : 0, ""date"" : ""0714"", ""bank_holiday_id"" : 72065}, {""id"" : 0, ""date"" : ""0815"", ""bank_holiday_id"" : 72065}, {""id"" : 0, ""date"" : ""1101"", ""bank_holiday_id"" : 72065}, {""id"" : 0, ""date"" : ""1111"", ""bank_holiday_id"" : 72065}, {""id"" : 0, ""date"" : ""1225"", ""bank_holiday_id"" : 72065}]}"
10011568,72082,"{""bhl"" : {""id"" : 72082, ""name"" : ""CALENDAR_091B5A"", ""vpn_id"" : 10011568}, ""dates"" : [{""id"" : 0, ""date"" : ""0101"", ""bank_holiday_id"" : 72082}, {""id"" : 0, ""date"" : ""0406"", ""bank_holiday_id"" : 72082}, {""id"" : 0, ""date"" : ""0501"", ""bank_holiday_id"" : 72082}, {""id"" : 0, ""date"" : ""0508"", ""bank_holiday_id"" : 72082}, {""id"" : 0, ""date"" : ""0514"", ""bank_holiday_id"" : 72082}, {""id"" : 0, ""date"" : ""0525"", ""bank_holiday_id"" : 72082}, {""id"" : 0, ""date"" : ""0714"", ""bank_holiday_id"" : 72082}, {""id"" : 0, ""date"" : ""0815"", ""bank_holiday_id"" : 72082}, {""id"" : 0, ""date"" : ""1101"", ""bank_holiday_id"" : 72082}, {""id"" : 0, ""date"" : ""1111"", ""bank_holiday_id"" : 72082}, {""id"" : 0, ""date"" : ""1225"", ""bank_holiday_id"" : 72082}]}"
10004118,72112,"{""bhl"" : {""id"" : 72112, ""name"" : ""CALENDAR_D36947"", ""vpn_id"" : 10004118}, ""dates"" : [{""id"" : 0, ""date"" : ""0101"", ""bank_holiday_id"" : 72112}, {""id"" : 0, ""date"" : ""0406"", ""bank_holiday_id"" : 72112}, {""id"" : 0, ""date"" : ""0501"", ""bank_holiday_id"" : 72112}, {""id"" : 0, ""date"" : ""0508"", ""bank_holiday_id"" : 72112}, {""id"" : 0, ""date"" : ""0514"", ""bank_holiday_id"" : 72112}, {""id"" : 0, ""date"" : ""0525"", ""bank_holiday_id"" : 72112}, {""id"" : 0, ""date"" : ""0714"", ""bank_holiday_id"" : 72112}, {""id"" : 0, ""date"" : ""0815"", ""bank_holiday_id"" : 72112}, {""id"" : 0, ""date"" : ""1101"", ""bank_holiday_id"" : 72112}, {""id"" : 0, ""date"" : ""1111"", ""bank_holiday_id"" : 72112}, {""id"" : 0, ""date"" : ""1225"", ""bank_holiday_id"" : 72112}]}"
3990,52388,"{""bhl"" : {""id"" : 52388, ""name"" : ""NEW_CALEND_IED8"", ""vpn_id"" : 3990}, ""dates"" : []}"
3990,52391,"{""bhl"" : {""id"" : 52391, ""name"" : ""CONFIG4_SA_H73L"", ""vpn_id"" : 3990}, ""dates"" : []}"
10004902,52401,"{""bhl"" : {""id"" : 52401, ""name"" : ""CALENDAR_52C922"", ""vpn_id"" : 10004902}, ""dates"" : [{""id"" : 0, ""date"" : ""0101"", ""bank_holiday_id"" : 52401}, {""id"" : 0, ""date"" : ""0406"", ""bank_holiday_id"" : 52401}, {""id"" : 0, ""date"" : ""0501"", ""bank_holiday_id"" : 52401}, {""id"" : 0, ""date"" : ""0508"", ""bank_holiday_id"" : 52401}, {""id"" : 0, ""date"" : ""0514"", ""bank_holiday_id"" : 52401}, {""id"" : 0, ""date"" : ""0525"", ""bank_holiday_id"" : 52401}, {""id"" : 0, ""date"" : ""0714"", ""bank_holiday_id"" : 52401}, {""id"" : 0, ""date"" : ""0815"", ""bank_holiday_id"" : 52401}, {""id"" : 0, ""date"" : ""1101"", ""bank_holiday_id"" : 52401}, {""id"" : 0, ""date"" : ""1111"", ""bank_holiday_id"" : 52401}, {""id"" : 0, ""date"" : ""1225"", ""bank_holiday_id"" : 52401}]}"
10004928,52441,"{""bhl"" : {""id"" : 52441, ""name"" : ""CALENDAR_D20E0B"", ""vpn_id"" : 10004928}, ""dates"" : [{""id"" : 0, ""date"" : ""0101"", ""bank_holiday_id"" : 52441}, {""id"" : 0, ""date"" : ""0406"", ""bank_holiday_id"" : 52441}, {""id"" : 0, ""date"" : ""0501"", ""bank_holiday_id"" : 52441}, {""id"" : 0, ""date"" : ""0508"", ""bank_holiday_id"" : 52441}, {""id"" : 0, ""date"" : ""0514"", ""bank_holiday_id"" : 52441}, {""id"" : 0, ""date"" : ""0525"", ""bank_holiday_id"" : 52441}, {""id"" : 0, ""date"" : ""0714"", ""bank_holiday_id"" : 52441}, {""id"" : 0, ""date"" : ""0815"", ""bank_holiday_id"" : 52441}, {""id"" : 0, ""date"" : ""1101"", ""bank_holiday_id"" : 52441}, {""id"" : 0, ""date"" : ""1111"", ""bank_holiday_id"" : 52441}, {""id"" : 0, ""date"" : ""1225"", ""bank_holiday_id"" : 52441}]}"
4580,52445,"{""bhl"" : {""id"" : 52445, ""name"" : ""TEST_SGS_7BBDEP"", ""vpn_id"" : 4580}, ""dates"" : []}"
10004961,52505,"{""bhl"" : {""id"" : 52505, ""name"" : ""CALENDAR_5562F1"", ""vpn_id"" : 10004961}, ""dates"" : [{""id"" : 0, ""date"" : ""0101"", ""bank_holiday_id"" : 52505}, {""id"" : 0, ""date"" : ""0406"", ""bank_holiday_id"" : 52505}, {""id"" : 0, ""date"" : ""0501"", ""bank_holiday_id"" : 52505}, {""id"" : 0, ""date"" : ""0508"", ""bank_holiday_id"" : 52505}, {""id"" : 0, ""date"" : ""0514"", ""bank_holiday_id"" : 52505}, {""id"" : 0, ""date"" : ""0525"", ""bank_holiday_id"" : 52505}, {""id"" : 0, ""date"" : ""0714"", ""bank_holiday_id"" : 52505}, {""id"" : 0, ""date"" : ""0815"", ""bank_holiday_id"" : 52505}, {""id"" : 0, ""date"" : ""1101"", ""bank_holiday_id"" : 52505}, {""id"" : 0, ""date"" : ""1111"", ""bank_holiday_id"" : 52505}, {""id"" : 0, ""date"" : ""1225"", ""bank_holiday_id"" : 52505}]}"
10004962,52506,"{""bhl"" : {""id"" : 52506, ""name"" : ""CALENDAR_E52B79"", ""vpn_id"" : 10004962}, ""dates"" : [{""id"" : 0, ""date"" : ""0101"", ""bank_holiday_id"" : 52506}, {""id"" : 0, ""date"" : ""0406"", ""bank_holiday_id"" : 52506}, {""id"" : 0, ""date"" : ""0501"", ""bank_holiday_id"" : 52506}, {""id"" : 0, ""date"" : ""0508"", ""bank_holiday_id"" : 52506}, {""id"" : 0, ""date"" : ""0514"", ""bank_holiday_id"" : 52506}, {""id"" : 0, ""date"" : ""0525"", ""bank_holiday_id"" : 52506}, {""id"" : 0, ""date"" : ""0714"", ""bank_holiday_id"" : 52506}, {""id"" : 0, ""date"" : ""0815"", ""bank_holiday_id"" : 52506}, {""id"" : 0, ""date"" : ""1101"", ""bank_holiday_id"" : 52506}, {""id"" : 0, ""date"" : ""1111"", ""bank_holiday_id"" : 52506}, {""id"" : 0, ""date"" : ""1225"", ""bank_holiday_id"" : 52506}]}"
10004965,52509,"{""bhl"" : {""id"" : 52509, ""name"" : ""CALENDAR_83F0EF"", ""vpn_id"" : 10004965}, ""dates"" : [{""id"" : 0, ""date"" : ""0101"", ""bank_holiday_id"" : 52509}, {""id"" : 0, ""date"" : ""0406"", ""bank_holiday_id"" : 52509}, {""id"" : 0, ""date"" : ""0501"", ""bank_holiday_id"" : 52509}, {""id"" : 0, ""date"" : ""0508"", ""bank_holiday_id"" : 52509}, {""id"" : 0, ""date"" : ""0514"", ""bank_holiday_id"" : 52509}, {""id"" : 0, ""date"" : ""0525"", ""bank_holiday_id"" : 52509}, {""id"" : 0, ""date"" : ""0714"", ""bank_holiday_id"" : 52509}, {""id"" : 0, ""date"" : ""0815"", ""bank_holiday_id"" : 52509}, {""id"" : 0, ""date"" : ""1101"", ""bank_holiday_id"" : 52509}, {""id"" : 0, ""date"" : ""1111"", ""bank_holiday_id"" : 52509}, {""id"" : 0, ""date"" : ""1225"", ""bank_holiday_id"" : 52509}]}"
10004797,52562,"{""bhl"" : {""id"" : 52562, ""name"" : ""ASLSACE_D7VDBAQ"", ""vpn_id"" : 10004797}, ""dates"" : []}"
10005013,52645,"{""bhl"" : {""id"" : 52645, ""name"" : ""MMA_IARDLY_qfqT"", ""vpn_id"" : 10005013}, ""dates"" : [{""id"" : 0, ""date"" : ""0101"", ""bank_holiday_id"" : 52645}, {""id"" : 0, ""date"" : ""0422"", ""bank_holiday_id"" : 52645}, {""id"" : 0, ""date"" : ""0501"", ""bank_holiday_id"" : 52645}, {""id"" : 0, ""date"" : ""0508"", ""bank_holiday_id"" : 52645}, {""id"" : 0, ""date"" : ""0530"", ""bank_holiday_id"" : 52645}, {""id"" : 0, ""date"" : ""0610"", ""bank_holiday_id"" : 52645}, {""id"" : 0, ""date"" : ""0714"", ""bank_holiday_id"" : 52645}, {""id"" : 0, ""date"" : ""0815"", ""bank_holiday_id"" : 52645}, {""id"" : 0, ""date"" : ""1031"", ""bank_holiday_id"" : 52645}, {""id"" : 0, ""date"" : ""1110"", ""bank_holiday_id"" : 52645}, {""id"" : 0, ""date"" : ""1224"", ""bank_holiday_id"" : 52645}]}"
10005016,52650,"{""bhl"" : {""id"" : 52650, ""name"" : ""CALENDAR_576C03"", ""vpn_id"" : 10005016}, ""dates"" : [{""id"" : 0, ""date"" : ""0101"", ""bank_holiday_id"" : 52650}, {""id"" : 0, ""date"" : ""0406"", ""bank_holiday_id"" : 52650}, {""id"" : 0, ""date"" : ""0501"", ""bank_holiday_id"" : 52650}, {""id"" : 0, ""date"" : ""0508"", ""bank_holiday_id"" : 52650}, {""id"" : 0, ""date"" : ""0514"", ""bank_holiday_id"" : 52650}, {""id"" : 0, ""date"" : ""0525"", ""bank_holiday_id"" : 52650}, {""id"" : 0, ""date"" : ""0714"", ""bank_holiday_id"" : 52650}, {""id"" : 0, ""date"" : ""0815"", ""bank_holiday_id"" : 52650}, {""id"" : 0, ""date"" : ""1101"", ""bank_holiday_id"" : 52650}, {""id"" : 0, ""date"" : ""1111"", ""bank_holiday_id"" : 52650}, {""id"" : 0, ""date"" : ""1225"", ""bank_holiday_id"" : 52650}]}"
10005039,52681,"{""bhl"" : {""id"" : 52681, ""name"" : ""AGENCE_NAN_RHzx"", ""vpn_id"" : 10005039}, ""dates"" : [{""id"" : 0, ""date"" : ""0101"", ""bank_holiday_id"" : 52681}, {""id"" : 0, ""date"" : ""0422"", ""bank_holiday_id"" : 52681}, {""id"" : 0, ""date"" : ""0501"", ""bank_holiday_id"" : 52681}, {""id"" : 0, ""date"" : ""0508"", ""bank_holiday_id"" : 52681}, {""id"" : 0, ""date"" : ""0530"", ""bank_holiday_id"" : 52681}, {""id"" : 0, ""date"" : ""0610"", ""bank_holiday_id"" : 52681}, {""id"" : 0, ""date"" : ""0714"", ""bank_holiday_id"" : 52681}, {""id"" : 0, ""date"" : ""0815"", ""bank_holiday_id"" : 52681}, {""id"" : 0, ""date"" : ""1031"", ""bank_holiday_id"" : 52681}, {""id"" : 0, ""date"" : ""1110"", ""bank_holiday_id"" : 52681}, {""id"" : 0, ""date"" : ""1224"", ""bank_holiday_id"" : 52681}]}"
10005039,52686,"{""bhl"" : {""id"" : 52686, ""name"" : ""AGENCE_SAI_PTEV"", ""vpn_id"" : 10005039}, ""dates"" : [{""id"" : 0, ""date"" : ""0101"", ""bank_holiday_id"" : 52686}, {""id"" : 0, ""date"" : ""0422"", ""bank_holiday_id"" : 52686}, {""id"" : 0, ""date"" : ""0501"", ""bank_holiday_id"" : 52686}, {""id"" : 0, ""date"" : ""0508"", ""bank_holiday_id"" : 52686}, {""id"" : 0, ""date"" : ""0530"", ""bank_holiday_id"" : 52686}, {""id"" : 0, ""date"" : ""0610"", ""bank_holiday_id"" : 52686}, {""id"" : 0, ""date"" : ""0714"", ""bank_holiday_id"" : 52686}, {""id"" : 0, ""date"" : ""0815"", ""bank_holiday_id"" : 52686}, {""id"" : 0, ""date"" : ""1031"", ""bank_holiday_id"" : 52686}, {""id"" : 0, ""date"" : ""1110"", ""bank_holiday_id"" : 52686}, {""id"" : 0, ""date"" : ""1224"", ""bank_holiday_id"" : 52686}]}"
10018640,72222,"{""bhl"" : {""id"" : 72222, ""name"" : ""CALENDAR_AE3B74"", ""vpn_id"" : 10018640}, ""dates"" : [{""id"" : 0, ""date"" : ""0101"", ""bank_holiday_id"" : 72222}, {""id"" : 0, ""date"" : ""0406"", ""bank_holiday_id"" : 72222}, {""id"" : 0, ""date"" : ""0501"", ""bank_holiday_id"" : 72222}, {""id"" : 0, ""date"" : ""0508"", ""bank_holiday_id"" : 72222}, {""id"" : 0, ""date"" : ""0514"", ""bank_holiday_id"" : 72222}, {""id"" : 0, ""date"" : ""0525"", ""bank_holiday_id"" : 72222}, {""id"" : 0, ""date"" : ""0714"", ""bank_holiday_id"" : 72222}, {""id"" : 0, ""date"" : ""0815"", ""bank_holiday_id"" : 72222}, {""id"" : 0, ""date"" : ""1101"", ""bank_holiday_id"" : 72222}, {""id"" : 0, ""date"" : ""1111"", ""bank_holiday_id"" : 72222}, {""id"" : 0, ""date"" : ""1225"", ""bank_holiday_id"" : 72222}]}"
10018318,71456,"{""bhl"" : {""id"" : 71456, ""name"" : ""CALENDAR_BF43C2"", ""vpn_id"" : 10018318}, ""dates"" : [{""id"" : 0, ""date"" : ""0101"", ""bank_holiday_id"" : 71456}, {""id"" : 0, ""date"" : ""0406"", ""bank_holiday_id"" : 71456}, {""id"" : 0, ""date"" : ""0501"", ""bank_holiday_id"" : 71456}, {""id"" : 0, ""date"" : ""0508"", ""bank_holiday_id"" : 71456}, {""id"" : 0, ""date"" : ""0514"", ""bank_holiday_id"" : 71456}, {""id"" : 0, ""date"" : ""0525"", ""bank_holiday_id"" : 71456}, {""id"" : 0, ""date"" : ""0714"", ""bank_holiday_id"" : 71456}, {""id"" : 0, ""date"" : ""0815"", ""bank_holiday_id"" : 71456}, {""id"" : 0, ""date"" : ""1101"", ""bank_holiday_id"" : 71456}, {""id"" : 0, ""date"" : ""1111"", ""bank_holiday_id"" : 71456}, {""id"" : 0, ""date"" : ""1225"", ""bank_holiday_id"" : 71456}]}"
10018646,72244,"{""bhl"" : {""id"" : 72244, ""name"" : ""CALENDAR_A1E9FC"", ""vpn_id"" : 10018646}, ""dates"" : [{""id"" : 0, ""date"" : ""0101"", ""bank_holiday_id"" : 72244}, {""id"" : 0, ""date"" : ""0406"", ""bank_holiday_id"" : 72244}, {""id"" : 0, ""date"" : ""0501"", ""bank_holiday_id"" : 72244}, {""id"" : 0, ""date"" : ""0508"", ""bank_holiday_id"" : 72244}, {""id"" : 0, ""date"" : ""0514"", ""bank_holiday_id"" : 72244}, {""id"" : 0, ""date"" : ""0525"", ""bank_holiday_id"" : 72244}, {""id"" : 0, ""date"" : ""0714"", ""bank_holiday_id"" : 72244}, {""id"" : 0, ""date"" : ""0815"", ""bank_holiday_id"" : 72244}, {""id"" : 0, ""date"" : ""1101"", ""bank_holiday_id"" : 72244}, {""id"" : 0, ""date"" : ""1111"", ""bank_holiday_id"" : 72244}, {""id"" : 0, ""date"" : ""1225"", ""bank_holiday_id"" : 72244}]}"
10018649,72246,"{""bhl"" : {""id"" : 72246, ""name"" : ""CALENDAR_4D0556"", ""vpn_id"" : 10018649}, ""dates"" : [{""id"" : 0, ""date"" : ""0101"", ""bank_holiday_id"" : 72246}, {""id"" : 0, ""date"" : ""0406"", ""bank_holiday_id"" : 72246}, {""id"" : 0, ""date"" : ""0501"", ""bank_holiday_id"" : 72246}, {""id"" : 0, ""date"" : ""0508"", ""bank_holiday_id"" : 72246}, {""id"" : 0, ""date"" : ""0514"", ""bank_holiday_id"" : 72246}, {""id"" : 0, ""date"" : ""0525"", ""bank_holiday_id"" : 72246}, {""id"" : 0, ""date"" : ""0714"", ""bank_holiday_id"" : 72246}, {""id"" : 0, ""date"" : ""0815"", ""bank_holiday_id"" : 72246}, {""id"" : 0, ""date"" : ""1101"", ""bank_holiday_id"" : 72246}, {""id"" : 0, ""date"" : ""1111"", ""bank_holiday_id"" : 72246}, {""id"" : 0, ""date"" : ""1225"", ""bank_holiday_id"" : 72246}]}"
10003827,72262,"{""bhl"" : {""id"" : 72262, ""name"" : ""CALENDAR_8A6C08"", ""vpn_id"" : 10003827}, ""dates"" : [{""id"" : 0, ""date"" : ""0101"", ""bank_holiday_id"" : 72262}, {""id"" : 0, ""date"" : ""0406"", ""bank_holiday_id"" : 72262}, {""id"" : 0, ""date"" : ""0501"", ""bank_holiday_id"" : 72262}, {""id"" : 0, ""date"" : ""0508"", ""bank_holiday_id"" : 72262}, {""id"" : 0, ""date"" : ""0514"", ""bank_holiday_id"" : 72262}, {""id"" : 0, ""date"" : ""0525"", ""bank_holiday_id"" : 72262}, {""id"" : 0, ""date"" : ""0714"", ""bank_holiday_id"" : 72262}, {""id"" : 0, ""date"" : ""0815"", ""bank_holiday_id"" : 72262}, {""id"" : 0, ""date"" : ""1101"", ""bank_holiday_id"" : 72262}, {""id"" : 0, ""date"" : ""1111"", ""bank_holiday_id"" : 72262}, {""id"" : 0, ""date"" : ""1225"", ""bank_holiday_id"" : 72262}]}"
10004827,51547,"{""bhl"" : {""id"" : 51547, ""name"" : ""CALENDAR_90A576"", ""vpn_id"" : 10004827}, ""dates"" : [{""id"" : 0, ""date"" : ""0101"", ""bank_holiday_id"" : 51547}, {""id"" : 0, ""date"" : ""0406"", ""bank_holiday_id"" : 51547}, {""id"" : 0, ""date"" : ""0501"", ""bank_holiday_id"" : 51547}, {""id"" : 0, ""date"" : ""0508"", ""bank_holiday_id"" : 51547}, {""id"" : 0, ""date"" : ""0514"", ""bank_holiday_id"" : 51547}, {""id"" : 0, ""date"" : ""0525"", ""bank_holiday_id"" : 51547}, {""id"" : 0, ""date"" : ""0714"", ""bank_holiday_id"" : 51547}, {""id"" : 0, ""date"" : ""0815"", ""bank_holiday_id"" : 51547}, {""id"" : 0, ""date"" : ""1101"", ""bank_holiday_id"" : 51547}, {""id"" : 0, ""date"" : ""1111"", ""bank_holiday_id"" : 51547}, {""id"" : 0, ""date"" : ""1225"", ""bank_holiday_id"" : 51547}]}"
10001129,52180,"{""bhl"" : {""id"" : 52180, ""name"" : ""MATMUT_PAU_OnaH"", ""vpn_id"" : 10001129}, ""dates"" : [{""id"" : 0, ""date"" : ""0814"", ""bank_holiday_id"" : 52180}, {""id"" : 0, ""date"" : ""1031"", ""bank_holiday_id"" : 52180}, {""id"" : 0, ""date"" : ""1110"", ""bank_holiday_id"" : 52180}, {""id"" : 0, ""date"" : ""1224"", ""bank_holiday_id"" : 52180}]}"
10001129,52183,"{""bhl"" : {""id"" : 52183, ""name"" : ""MATMUT_BAY_2bMv"", ""vpn_id"" : 10001129}, ""dates"" : [{""id"" : 0, ""date"" : ""0814"", ""bank_holiday_id"" : 52183}, {""id"" : 0, ""date"" : ""1031"", ""bank_holiday_id"" : 52183}, {""id"" : 0, ""date"" : ""1110"", ""bank_holiday_id"" : 52183}, {""id"" : 0, ""date"" : ""1224"", ""bank_holiday_id"" : 52183}]}"
10001129,52190,"{""bhl"" : {""id"" : 52190, ""name"" : ""MATMUT_BAY_gT9B"", ""vpn_id"" : 10001129}, ""dates"" : [{""id"" : 0, ""date"" : ""0814"", ""bank_holiday_id"" : 52190}, {""id"" : 0, ""date"" : ""1031"", ""bank_holiday_id"" : 52190}, {""id"" : 0, ""date"" : ""1110"", ""bank_holiday_id"" : 52190}, {""id"" : 0, ""date"" : ""1224"", ""bank_holiday_id"" : 52190}]}"
10001129,52192,"{""bhl"" : {""id"" : 52192, ""name"" : ""MATMUT_PER_xIvV"", ""vpn_id"" : 10001129}, ""dates"" : [{""id"" : 0, ""date"" : ""0814"", ""bank_holiday_id"" : 52192}, {""id"" : 0, ""date"" : ""1031"", ""bank_holiday_id"" : 52192}, {""id"" : 0, ""date"" : ""1110"", ""bank_holiday_id"" : 52192}, {""id"" : 0, ""date"" : ""1224"", ""bank_holiday_id"" : 52192}]}"
10018662,72307,"{""bhl"" : {""id"" : 72307, ""name"" : ""CALENDAR_FA4150"", ""vpn_id"" : 10018662}, ""dates"" : [{""id"" : 0, ""date"" : ""0101"", ""bank_holiday_id"" : 72307}, {""id"" : 0, ""date"" : ""0406"", ""bank_holiday_id"" : 72307}, {""id"" : 0, ""date"" : ""0501"", ""bank_holiday_id"" : 72307}, {""id"" : 0, ""date"" : ""0508"", ""bank_holiday_id"" : 72307}, {""id"" : 0, ""date"" : ""0514"", ""bank_holiday_id"" : 72307}, {""id"" : 0, ""date"" : ""0525"", ""bank_holiday_id"" : 72307}, {""id"" : 0, ""date"" : ""0714"", ""bank_holiday_id"" : 72307}, {""id"" : 0, ""date"" : ""0815"", ""bank_holiday_id"" : 72307}, {""id"" : 0, ""date"" : ""1101"", ""bank_holiday_id"" : 72307}, {""id"" : 0, ""date"" : ""1111"", ""bank_holiday_id"" : 72307}, {""id"" : 0, ""date"" : ""1225"", ""bank_holiday_id"" : 72307}]}"
10011376,72324,"{""bhl"" : {""id"" : 72324, ""name"" : ""05_OCTOBRE_KYQJ"", ""vpn_id"" : 10011376}, ""dates"" : []}"
10018682,72347,"{""bhl"" : {""id"" : 72347, ""name"" : ""CALENDAR_FE4F20"", ""vpn_id"" : 10018682}, ""dates"" : [{""id"" : 0, ""date"" : ""0101"", ""bank_holiday_id"" : 72347}, {""id"" : 0, ""date"" : ""0406"", ""bank_holiday_id"" : 72347}, {""id"" : 0, ""date"" : ""0501"", ""bank_holiday_id"" : 72347}, {""id"" : 0, ""date"" : ""0508"", ""bank_holiday_id"" : 72347}, {""id"" : 0, ""date"" : ""0514"", ""bank_holiday_id"" : 72347}, {""id"" : 0, ""date"" : ""0525"", ""bank_holiday_id"" : 72347}, {""id"" : 0, ""date"" : ""0714"", ""bank_holiday_id"" : 72347}, {""id"" : 0, ""date"" : ""0815"", ""bank_holiday_id"" : 72347}, {""id"" : 0, ""date"" : ""1101"", ""bank_holiday_id"" : 72347}, {""id"" : 0, ""date"" : ""1111"", ""bank_holiday_id"" : 72347}, {""id"" : 0, ""date"" : ""1225"", ""bank_holiday_id"" : 72347}]}"
10002986,72369,"{""bhl"" : {""id"" : 72369, ""name"" : ""CALENDAR_E8ABCC"", ""vpn_id"" : 10002986}, ""dates"" : [{""id"" : 0, ""date"" : ""0101"", ""bank_holiday_id"" : 72369}, {""id"" : 0, ""date"" : ""0406"", ""bank_holiday_id"" : 72369}, {""id"" : 0, ""date"" : ""0501"", ""bank_holiday_id"" : 72369}, {""id"" : 0, ""date"" : ""0508"", ""bank_holiday_id"" : 72369}, {""id"" : 0, ""date"" : ""0514"", ""bank_holiday_id"" : 72369}, {""id"" : 0, ""date"" : ""0525"", ""bank_holiday_id"" : 72369}, {""id"" : 0, ""date"" : ""0714"", ""bank_holiday_id"" : 72369}, {""id"" : 0, ""date"" : ""0815"", ""bank_holiday_id"" : 72369}, {""id"" : 0, ""date"" : ""1101"", ""bank_holiday_id"" : 72369}, {""id"" : 0, ""date"" : ""1111"", ""bank_holiday_id"" : 72369}, {""id"" : 0, ""date"" : ""1225"", ""bank_holiday_id"" : 72369}]}"
10018708,72388,"{""bhl"" : {""id"" : 72388, ""name"" : ""CALENDAR_C2076F"", ""vpn_id"" : 10018708}, ""dates"" : [{""id"" : 0, ""date"" : ""0101"", ""bank_holiday_id"" : 72388}, {""id"" : 0, ""date"" : ""0406"", ""bank_holiday_id"" : 72388}, {""id"" : 0, ""date"" : ""0501"", ""bank_holiday_id"" : 72388}, {""id"" : 0, ""date"" : ""0508"", ""bank_holiday_id"" : 72388}, {""id"" : 0, ""date"" : ""0514"", ""bank_holiday_id"" : 72388}, {""id"" : 0, ""date"" : ""0525"", ""bank_holiday_id"" : 72388}, {""id"" : 0, ""date"" : ""0714"", ""bank_holiday_id"" : 72388}, {""id"" : 0, ""date"" : ""0815"", ""bank_holiday_id"" : 72388}, {""id"" : 0, ""date"" : ""1101"", ""bank_holiday_id"" : 72388}, {""id"" : 0, ""date"" : ""1111"", ""bank_holiday_id"" : 72388}, {""id"" : 0, ""date"" : ""1225"", ""bank_holiday_id"" : 72388}]}"
10004098,72395,"{""bhl"" : {""id"" : 72395, ""name"" : ""CALENDAR_302ADB"", ""vpn_id"" : 10004098}, ""dates"" : [{""id"" : 0, ""date"" : ""0101"", ""bank_holiday_id"" : 72395}, {""id"" : 0, ""date"" : ""0406"", ""bank_holiday_id"" : 72395}, {""id"" : 0, ""date"" : ""0501"", ""bank_holiday_id"" : 72395}, {""id"" : 0, ""date"" : ""0508"", ""bank_holiday_id"" : 72395}, {""id"" : 0, ""date"" : ""0514"", ""bank_holiday_id"" : 72395}, {""id"" : 0, ""date"" : ""0525"", ""bank_holiday_id"" : 72395}, {""id"" : 0, ""date"" : ""0714"", ""bank_holiday_id"" : 72395}, {""id"" : 0, ""date"" : ""0815"", ""bank_holiday_id"" : 72395}, {""id"" : 0, ""date"" : ""1101"", ""bank_holiday_id"" : 72395}, {""id"" : 0, ""date"" : ""1111"", ""bank_holiday_id"" : 72395}, {""id"" : 0, ""date"" : ""1225"", ""bank_holiday_id"" : 72395}]}"
10010016,72770,"{""bhl"" : {""id"" : 72770, ""name"" : ""CALENDAR_0831B7"", ""vpn_id"" : 10010016}, ""dates"" : [{""id"" : 0, ""date"" : ""0101"", ""bank_holiday_id"" : 72770}, {""id"" : 0, ""date"" : ""0406"", ""bank_holiday_id"" : 72770}, {""id"" : 0, ""date"" : ""0501"", ""bank_holiday_id"" : 72770}, {""id"" : 0, ""date"" : ""0508"", ""bank_holiday_id"" : 72770}, {""id"" : 0, ""date"" : ""0514"", ""bank_holiday_id"" : 72770}, {""id"" : 0, ""date"" : ""0525"", ""bank_holiday_id"" : 72770}, {""id"" : 0, ""date"" : ""0714"", ""bank_holiday_id"" : 72770}, {""id"" : 0, ""date"" : ""0815"", ""bank_holiday_id"" : 72770}, {""id"" : 0, ""date"" : ""1101"", ""bank_holiday_id"" : 72770}, {""id"" : 0, ""date"" : ""1111"", ""bank_holiday_id"" : 72770}, {""id"" : 0, ""date"" : ""1225"", ""bank_holiday_id"" : 72770}]}"
10018752,72514,"{""bhl"" : {""id"" : 72514, ""name"" : ""CALENDAR_2921AD"", ""vpn_id"" : 10018752}, ""dates"" : [{""id"" : 0, ""date"" : ""0101"", ""bank_holiday_id"" : 72514}, {""id"" : 0, ""date"" : ""0406"", ""bank_holiday_id"" : 72514}, {""id"" : 0, ""date"" : ""0501"", ""bank_holiday_id"" : 72514}, {""id"" : 0, ""date"" : ""0508"", ""bank_holiday_id"" : 72514}, {""id"" : 0, ""date"" : ""0514"", ""bank_holiday_id"" : 72514}, {""id"" : 0, ""date"" : ""0525"", ""bank_holiday_id"" : 72514}, {""id"" : 0, ""date"" : ""0714"", ""bank_holiday_id"" : 72514}, {""id"" : 0, ""date"" : ""0815"", ""bank_holiday_id"" : 72514}, {""id"" : 0, ""date"" : ""1101"", ""bank_holiday_id"" : 72514}, {""id"" : 0, ""date"" : ""1111"", ""bank_holiday_id"" : 72514}, {""id"" : 0, ""date"" : ""1225"", ""bank_holiday_id"" : 72514}]}"
10018755,72522,"{""bhl"" : {""id"" : 72522, ""name"" : ""CALENDAR_9E2D8F"", ""vpn_id"" : 10018755}, ""dates"" : [{""id"" : 0, ""date"" : ""0101"", ""bank_holiday_id"" : 72522}, {""id"" : 0, ""date"" : ""0406"", ""bank_holiday_id"" : 72522}, {""id"" : 0, ""date"" : ""0501"", ""bank_holiday_id"" : 72522}, {""id"" : 0, ""date"" : ""0508"", ""bank_holiday_id"" : 72522}, {""id"" : 0, ""date"" : ""0514"", ""bank_holiday_id"" : 72522}, {""id"" : 0, ""date"" : ""0525"", ""bank_holiday_id"" : 72522}, {""id"" : 0, ""date"" : ""0714"", ""bank_holiday_id"" : 72522}, {""id"" : 0, ""date"" : ""0815"", ""bank_holiday_id"" : 72522}, {""id"" : 0, ""date"" : ""1101"", ""bank_holiday_id"" : 72522}, {""id"" : 0, ""date"" : ""1111"", ""bank_holiday_id"" : 72522}, {""id"" : 0, ""date"" : ""1225"", ""bank_holiday_id"" : 72522}]}"
10018763,72563,"{""bhl"" : {""id"" : 72563, ""name"" : ""CALENDAR_FE46A6"", ""vpn_id"" : 10018763}, ""dates"" : [{""id"" : 0, ""date"" : ""0101"", ""bank_holiday_id"" : 72563}, {""id"" : 0, ""date"" : ""0406"", ""bank_holiday_id"" : 72563}, {""id"" : 0, ""date"" : ""0501"", ""bank_holiday_id"" : 72563}, {""id"" : 0, ""date"" : ""0508"", ""bank_holiday_id"" : 72563}, {""id"" : 0, ""date"" : ""0514"", ""bank_holiday_id"" : 72563}, {""id"" : 0, ""date"" : ""0525"", ""bank_holiday_id"" : 72563}, {""id"" : 0, ""date"" : ""0714"", ""bank_holiday_id"" : 72563}, {""id"" : 0, ""date"" : ""0815"", ""bank_holiday_id"" : 72563}, {""id"" : 0, ""date"" : ""1101"", ""bank_holiday_id"" : 72563}, {""id"" : 0, ""date"" : ""1111"", ""bank_holiday_id"" : 72563}, {""id"" : 0, ""date"" : ""1225"", ""bank_holiday_id"" : 72563}]}"
10017347,72582,"{""bhl"" : {""id"" : 72582, ""name"" : ""ASTREINTE__5XTE"", ""vpn_id"" : 10017347}, ""dates"" : []}"
10018773,72623,"{""bhl"" : {""id"" : 72623, ""name"" : ""CALENDAR_73C347"", ""vpn_id"" : 10018773}, ""dates"" : [{""id"" : 0, ""date"" : ""0101"", ""bank_holiday_id"" : 72623}, {""id"" : 0, ""date"" : ""0406"", ""bank_holiday_id"" : 72623}, {""id"" : 0, ""date"" : ""0501"", ""bank_holiday_id"" : 72623}, {""id"" : 0, ""date"" : ""0508"", ""bank_holiday_id"" : 72623}, {""id"" : 0, ""date"" : ""0514"", ""bank_holiday_id"" : 72623}, {""id"" : 0, ""date"" : ""0525"", ""bank_holiday_id"" : 72623}, {""id"" : 0, ""date"" : ""0714"", ""bank_holiday_id"" : 72623}, {""id"" : 0, ""date"" : ""0815"", ""bank_holiday_id"" : 72623}, {""id"" : 0, ""date"" : ""1101"", ""bank_holiday_id"" : 72623}, {""id"" : 0, ""date"" : ""1111"", ""bank_holiday_id"" : 72623}, {""id"" : 0, ""date"" : ""1225"", ""bank_holiday_id"" : 72623}]}"
10018781,72642,"{""bhl"" : {""id"" : 72642, ""name"" : ""CALENDAR_13BC6E"", ""vpn_id"" : 10018781}, ""dates"" : [{""id"" : 0, ""date"" : ""0101"", ""bank_holiday_id"" : 72642}, {""id"" : 0, ""date"" : ""0406"", ""bank_holiday_id"" : 72642}, {""id"" : 0, ""date"" : ""0501"", ""bank_holiday_id"" : 72642}, {""id"" : 0, ""date"" : ""0508"", ""bank_holiday_id"" : 72642}, {""id"" : 0, ""date"" : ""0514"", ""bank_holiday_id"" : 72642}, {""id"" : 0, ""date"" : ""0525"", ""bank_holiday_id"" : 72642}, {""id"" : 0, ""date"" : ""0714"", ""bank_holiday_id"" : 72642}, {""id"" : 0, ""date"" : ""0815"", ""bank_holiday_id"" : 72642}, {""id"" : 0, ""date"" : ""1101"", ""bank_holiday_id"" : 72642}, {""id"" : 0, ""date"" : ""1111"", ""bank_holiday_id"" : 72642}, {""id"" : 0, ""date"" : ""1225"", ""bank_holiday_id"" : 72642}]}"
10018786,72647,"{""bhl"" : {""id"" : 72647, ""name"" : ""CALENDAR_E94DF3"", ""vpn_id"" : 10018786}, ""dates"" : [{""id"" : 0, ""date"" : ""0101"", ""bank_holiday_id"" : 72647}, {""id"" : 0, ""date"" : ""0406"", ""bank_holiday_id"" : 72647}, {""id"" : 0, ""date"" : ""0501"", ""bank_holiday_id"" : 72647}, {""id"" : 0, ""date"" : ""0508"", ""bank_holiday_id"" : 72647}, {""id"" : 0, ""date"" : ""0514"", ""bank_holiday_id"" : 72647}, {""id"" : 0, ""date"" : ""0525"", ""bank_holiday_id"" : 72647}, {""id"" : 0, ""date"" : ""0714"", ""bank_holiday_id"" : 72647}, {""id"" : 0, ""date"" : ""0815"", ""bank_holiday_id"" : 72647}, {""id"" : 0, ""date"" : ""1101"", ""bank_holiday_id"" : 72647}, {""id"" : 0, ""date"" : ""1111"", ""bank_holiday_id"" : 72647}, {""id"" : 0, ""date"" : ""1225"", ""bank_holiday_id"" : 72647}]}"
10018797,72665,"{""bhl"" : {""id"" : 72665, ""name"" : ""CALENDAR_10BFB2"", ""vpn_id"" : 10018797}, ""dates"" : [{""id"" : 0, ""date"" : ""0101"", ""bank_holiday_id"" : 72665}, {""id"" : 0, ""date"" : ""0406"", ""bank_holiday_id"" : 72665}, {""id"" : 0, ""date"" : ""0501"", ""bank_holiday_id"" : 72665}, {""id"" : 0, ""date"" : ""0508"", ""bank_holiday_id"" : 72665}, {""id"" : 0, ""date"" : ""0514"", ""bank_holiday_id"" : 72665}, {""id"" : 0, ""date"" : ""0525"", ""bank_holiday_id"" : 72665}, {""id"" : 0, ""date"" : ""0714"", ""bank_holiday_id"" : 72665}, {""id"" : 0, ""date"" : ""0815"", ""bank_holiday_id"" : 72665}, {""id"" : 0, ""date"" : ""1101"", ""bank_holiday_id"" : 72665}, {""id"" : 0, ""date"" : ""1111"", ""bank_holiday_id"" : 72665}, {""id"" : 0, ""date"" : ""1225"", ""bank_holiday_id"" : 72665}]}"
10011376,72684,"{""bhl"" : {""id"" : 72684, ""name"" : ""2_DÉCEMBRE_2S14"", ""vpn_id"" : 10011376}, ""dates"" : []}"
10018802,72688,"{""bhl"" : {""id"" : 72688, ""name"" : ""CALENDAR_1920B8"", ""vpn_id"" : 10018802}, ""dates"" : [{""id"" : 0, ""date"" : ""0101"", ""bank_holiday_id"" : 72688}, {""id"" : 0, ""date"" : ""0406"", ""bank_holiday_id"" : 72688}, {""id"" : 0, ""date"" : ""0501"", ""bank_holiday_id"" : 72688}, {""id"" : 0, ""date"" : ""0508"", ""bank_holiday_id"" : 72688}, {""id"" : 0, ""date"" : ""0514"", ""bank_holiday_id"" : 72688}, {""id"" : 0, ""date"" : ""0525"", ""bank_holiday_id"" : 72688}, {""id"" : 0, ""date"" : ""0714"", ""bank_holiday_id"" : 72688}, {""id"" : 0, ""date"" : ""0815"", ""bank_holiday_id"" : 72688}, {""id"" : 0, ""date"" : ""1101"", ""bank_holiday_id"" : 72688}, {""id"" : 0, ""date"" : ""1111"", ""bank_holiday_id"" : 72688}, {""id"" : 0, ""date"" : ""1225"", ""bank_holiday_id"" : 72688}]}"
10018804,72689,"{""bhl"" : {""id"" : 72689, ""name"" : ""CALENDAR_492873"", ""vpn_id"" : 10018804}, ""dates"" : [{""id"" : 0, ""date"" : ""0101"", ""bank_holiday_id"" : 72689}, {""id"" : 0, ""date"" : ""0406"", ""bank_holiday_id"" : 72689}, {""id"" : 0, ""date"" : ""0501"", ""bank_holiday_id"" : 72689}, {""id"" : 0, ""date"" : ""0508"", ""bank_holiday_id"" : 72689}, {""id"" : 0, ""date"" : ""0514"", ""bank_holiday_id"" : 72689}, {""id"" : 0, ""date"" : ""0525"", ""bank_holiday_id"" : 72689}, {""id"" : 0, ""date"" : ""0714"", ""bank_holiday_id"" : 72689}, {""id"" : 0, ""date"" : ""0815"", ""bank_holiday_id"" : 72689}, {""id"" : 0, ""date"" : ""1101"", ""bank_holiday_id"" : 72689}, {""id"" : 0, ""date"" : ""1111"", ""bank_holiday_id"" : 72689}, {""id"" : 0, ""date"" : ""1225"", ""bank_holiday_id"" : 72689}]}"
10014020,72702,"{""bhl"" : {""id"" : 72702, ""name"" : ""CALENDAR_A0C07A"", ""vpn_id"" : 10014020}, ""dates"" : [{""id"" : 0, ""date"" : ""0101"", ""bank_holiday_id"" : 72702}, {""id"" : 0, ""date"" : ""0406"", ""bank_holiday_id"" : 72702}, {""id"" : 0, ""date"" : ""0501"", ""bank_holiday_id"" : 72702}, {""id"" : 0, ""date"" : ""0508"", ""bank_holiday_id"" : 72702}, {""id"" : 0, ""date"" : ""0514"", ""bank_holiday_id"" : 72702}, {""id"" : 0, ""date"" : ""0525"", ""bank_holiday_id"" : 72702}, {""id"" : 0, ""date"" : ""0714"", ""bank_holiday_id"" : 72702}, {""id"" : 0, ""date"" : ""0815"", ""bank_holiday_id"" : 72702}, {""id"" : 0, ""date"" : ""1101"", ""bank_holiday_id"" : 72702}, {""id"" : 0, ""date"" : ""1111"", ""bank_holiday_id"" : 72702}, {""id"" : 0, ""date"" : ""1225"", ""bank_holiday_id"" : 72702}]}"
10018817,72723,"{""bhl"" : {""id"" : 72723, ""name"" : ""CALENDAR_102A15"", ""vpn_id"" : 10018817}, ""dates"" : [{""id"" : 0, ""date"" : ""0101"", ""bank_holiday_id"" : 72723}, {""id"" : 0, ""date"" : ""0406"", ""bank_holiday_id"" : 72723}, {""id"" : 0, ""date"" : ""0501"", ""bank_holiday_id"" : 72723}, {""id"" : 0, ""date"" : ""0508"", ""bank_holiday_id"" : 72723}, {""id"" : 0, ""date"" : ""0514"", ""bank_holiday_id"" : 72723}, {""id"" : 0, ""date"" : ""0525"", ""bank_holiday_id"" : 72723}, {""id"" : 0, ""date"" : ""0714"", ""bank_holiday_id"" : 72723}, {""id"" : 0, ""date"" : ""0815"", ""bank_holiday_id"" : 72723}, {""id"" : 0, ""date"" : ""1101"", ""bank_holiday_id"" : 72723}, {""id"" : 0, ""date"" : ""1111"", ""bank_holiday_id"" : 72723}, {""id"" : 0, ""date"" : ""1225"", ""bank_holiday_id"" : 72723}]}"
10007090,72724,"{""bhl"" : {""id"" : 72724, ""name"" : ""CALENDAR_BC06BB"", ""vpn_id"" : 10007090}, ""dates"" : [{""id"" : 0, ""date"" : ""0101"", ""bank_holiday_id"" : 72724}, {""id"" : 0, ""date"" : ""0406"", ""bank_holiday_id"" : 72724}, {""id"" : 0, ""date"" : ""0501"", ""bank_holiday_id"" : 72724}, {""id"" : 0, ""date"" : ""0508"", ""bank_holiday_id"" : 72724}, {""id"" : 0, ""date"" : ""0514"", ""bank_holiday_id"" : 72724}, {""id"" : 0, ""date"" : ""0525"", ""bank_holiday_id"" : 72724}, {""id"" : 0, ""date"" : ""0714"", ""bank_holiday_id"" : 72724}, {""id"" : 0, ""date"" : ""0815"", ""bank_holiday_id"" : 72724}, {""id"" : 0, ""date"" : ""1101"", ""bank_holiday_id"" : 72724}, {""id"" : 0, ""date"" : ""1111"", ""bank_holiday_id"" : 72724}, {""id"" : 0, ""date"" : ""1225"", ""bank_holiday_id"" : 72724}]}"
10018819,72725,"{""bhl"" : {""id"" : 72725, ""name"" : ""CALENDAR_5F1CB5"", ""vpn_id"" : 10018819}, ""dates"" : [{""id"" : 0, ""date"" : ""0101"", ""bank_holiday_id"" : 72725}, {""id"" : 0, ""date"" : ""0406"", ""bank_holiday_id"" : 72725}, {""id"" : 0, ""date"" : ""0501"", ""bank_holiday_id"" : 72725}, {""id"" : 0, ""date"" : ""0508"", ""bank_holiday_id"" : 72725}, {""id"" : 0, ""date"" : ""0514"", ""bank_holiday_id"" : 72725}, {""id"" : 0, ""date"" : ""0525"", ""bank_holiday_id"" : 72725}, {""id"" : 0, ""date"" : ""0714"", ""bank_holiday_id"" : 72725}, {""id"" : 0, ""date"" : ""0815"", ""bank_holiday_id"" : 72725}, {""id"" : 0, ""date"" : ""1101"", ""bank_holiday_id"" : 72725}, {""id"" : 0, ""date"" : ""1111"", ""bank_holiday_id"" : 72725}, {""id"" : 0, ""date"" : ""1225"", ""bank_holiday_id"" : 72725}]}"
10007097,72745,"{""bhl"" : {""id"" : 72745, ""name"" : ""CALENDAR_613425"", ""vpn_id"" : 10007097}, ""dates"" : [{""id"" : 0, ""date"" : ""0101"", ""bank_holiday_id"" : 72745}, {""id"" : 0, ""date"" : ""0406"", ""bank_holiday_id"" : 72745}, {""id"" : 0, ""date"" : ""0501"", ""bank_holiday_id"" : 72745}, {""id"" : 0, ""date"" : ""0508"", ""bank_holiday_id"" : 72745}, {""id"" : 0, ""date"" : ""0514"", ""bank_holiday_id"" : 72745}, {""id"" : 0, ""date"" : ""0525"", ""bank_holiday_id"" : 72745}, {""id"" : 0, ""date"" : ""0714"", ""bank_holiday_id"" : 72745}, {""id"" : 0, ""date"" : ""0815"", ""bank_holiday_id"" : 72745}, {""id"" : 0, ""date"" : ""1101"", ""bank_holiday_id"" : 72745}, {""id"" : 0, ""date"" : ""1111"", ""bank_holiday_id"" : 72745}, {""id"" : 0, ""date"" : ""1225"", ""bank_holiday_id"" : 72745}]}"
10011376,72762,"{""bhl"" : {""id"" : 72762, ""name"" : ""16DEC2022_ZOJU6"", ""vpn_id"" : 10011376}, ""dates"" : []}"
10004011,72924,"{""bhl"" : {""id"" : 72924, ""name"" : ""TEST_TK_3Y5JTU0"", ""vpn_id"" : 10004011}, ""dates"" : []}"
10011322,72778,"{""bhl"" : {""id"" : 72778, ""name"" : ""CALENDAR_456E6F"", ""vpn_id"" : 10011322}, ""dates"" : [{""id"" : 0, ""date"" : ""0101"", ""bank_holiday_id"" : 72778}, {""id"" : 0, ""date"" : ""0406"", ""bank_holiday_id"" : 72778}, {""id"" : 0, ""date"" : ""0501"", ""bank_holiday_id"" : 72778}, {""id"" : 0, ""date"" : ""0508"", ""bank_holiday_id"" : 72778}, {""id"" : 0, ""date"" : ""0514"", ""bank_holiday_id"" : 72778}, {""id"" : 0, ""date"" : ""0525"", ""bank_holiday_id"" : 72778}, {""id"" : 0, ""date"" : ""0714"", ""bank_holiday_id"" : 72778}, {""id"" : 0, ""date"" : ""0815"", ""bank_holiday_id"" : 72778}, {""id"" : 0, ""date"" : ""1101"", ""bank_holiday_id"" : 72778}, {""id"" : 0, ""date"" : ""1111"", ""bank_holiday_id"" : 72778}, {""id"" : 0, ""date"" : ""1225"", ""bank_holiday_id"" : 72778}]}"
10011376,72907,"{""bhl"" : {""id"" : 72907, ""name"" : ""24JAN2023_N2RI3"", ""vpn_id"" : 10011376}, ""dates"" : []}"
10008511,72966,"{""bhl"" : {""id"" : 72966, ""name"" : ""CALENDAR_FAA698"", ""vpn_id"" : 10008511}, ""dates"" : [{""id"" : 0, ""date"" : ""0101"", ""bank_holiday_id"" : 72966}, {""id"" : 0, ""date"" : ""0406"", ""bank_holiday_id"" : 72966}, {""id"" : 0, ""date"" : ""0501"", ""bank_holiday_id"" : 72966}, {""id"" : 0, ""date"" : ""0508"", ""bank_holiday_id"" : 72966}, {""id"" : 0, ""date"" : ""0514"", ""bank_holiday_id"" : 72966}, {""id"" : 0, ""date"" : ""0525"", ""bank_holiday_id"" : 72966}, {""id"" : 0, ""date"" : ""0714"", ""bank_holiday_id"" : 72966}, {""id"" : 0, ""date"" : ""0815"", ""bank_holiday_id"" : 72966}, {""id"" : 0, ""date"" : ""1101"", ""bank_holiday_id"" : 72966}, {""id"" : 0, ""date"" : ""1111"", ""bank_holiday_id"" : 72966}, {""id"" : 0, ""date"" : ""1225"", ""bank_holiday_id"" : 72966}]}"
10013653,73023,"{""bhl"" : {""id"" : 73023, ""name"" : ""CALENDAR_36DF3C"", ""vpn_id"" : 10013653}, ""dates"" : [{""id"" : 0, ""date"" : ""0101"", ""bank_holiday_id"" : 73023}, {""id"" : 0, ""date"" : ""0406"", ""bank_holiday_id"" : 73023}, {""id"" : 0, ""date"" : ""0501"", ""bank_holiday_id"" : 73023}, {""id"" : 0, ""date"" : ""0508"", ""bank_holiday_id"" : 73023}, {""id"" : 0, ""date"" : ""0514"", ""bank_holiday_id"" : 73023}, {""id"" : 0, ""date"" : ""0525"", ""bank_holiday_id"" : 73023}, {""id"" : 0, ""date"" : ""0714"", ""bank_holiday_id"" : 73023}, {""id"" : 0, ""date"" : ""0815"", ""bank_holiday_id"" : 73023}, {""id"" : 0, ""date"" : ""1101"", ""bank_holiday_id"" : 73023}, {""id"" : 0, ""date"" : ""1111"", ""bank_holiday_id"" : 73023}, {""id"" : 0, ""date"" : ""1225"", ""bank_holiday_id"" : 73023}]}"
4883,73007,"{""bhl"" : {""id"" : 73007, ""name"" : ""z4883_000000010"", ""vpn_id"" : 4883}, ""dates"" : []}"
3990,52384,"{""bhl"" : {""id"" : 52384, ""name"" : ""NEW_CALEND_K5VZ"", ""vpn_id"" : 3990}, ""dates"" : []}"
3990,52387,"{""bhl"" : {""id"" : 52387, ""name"" : ""CONFIG4_JR5977C"", ""vpn_id"" : 3990}, ""dates"" : [{""id"" : 0, ""date"" : ""1104"", ""bank_holiday_id"" : 52387}, {""id"" : 0, ""date"" : ""1105"", ""bank_holiday_id"" : 52387}, {""id"" : 0, ""date"" : ""1106"", ""bank_holiday_id"" : 52387}, {""id"" : 0, ""date"" : ""1107"", ""bank_holiday_id"" : 52387}, {""id"" : 0, ""date"" : ""1108"", ""bank_holiday_id"" : 52387}, {""id"" : 0, ""date"" : ""1109"", ""bank_holiday_id"" : 52387}, {""id"" : 0, ""date"" : ""1110"", ""bank_holiday_id"" : 52387}, {""id"" : 0, ""date"" : ""1111"", ""bank_holiday_id"" : 52387}, {""id"" : 0, ""date"" : ""1112"", ""bank_holiday_id"" : 52387}, {""id"" : 0, ""date"" : ""1113"", ""bank_holiday_id"" : 52387}, {""id"" : 0, ""date"" : ""1114"", ""bank_holiday_id"" : 52387}, {""id"" : 0, ""date"" : ""1115"", ""bank_holiday_id"" : 52387}, {""id"" : 0, ""date"" : ""1116"", ""bank_holiday_id"" : 52387}, {""id"" : 0, ""date"" : ""1117"", ""bank_holiday_id"" : 52387}, {""id"" : 0, ""date"" : ""1118"", ""bank_holiday_id"" : 52387}, {""id"" : 0, ""date"" : ""1119"", ""bank_holiday_id"" : 52387}, {""id"" : 0, ""date"" : ""1120"", ""bank_holiday_id"" : 52387}, {""id"" : 0, ""date"" : ""1121"", ""bank_holiday_id"" : 52387}, {""id"" : 0, ""date"" : ""1122"", ""bank_holiday_id"" : 52387}, {""id"" : 0, ""date"" : ""1123"", ""bank_holiday_id"" : 52387}, {""id"" : 0, ""date"" : ""1124"", ""bank_holiday_id"" : 52387}, {""id"" : 0, ""date"" : ""1125"", ""bank_holiday_id"" : 52387}, {""id"" : 0, ""date"" : ""1126"", ""bank_holiday_id"" : 52387}, {""id"" : 0, ""date"" : ""1127"", ""bank_holiday_id"" : 52387}, {""id"" : 0, ""date"" : ""1128"", ""bank_holiday_id"" : 52387}, {""id"" : 0, ""date"" : ""1129"", ""bank_holiday_id"" : 52387}, {""id"" : 0, ""date"" : ""1130"", ""bank_holiday_id"" : 52387}, {""id"" : 0, ""date"" : ""1201"", ""bank_holiday_id"" : 52387}, {""id"" : 0, ""date"" : ""1202"", ""bank_holiday_id"" : 52387}, {""id"" : 0, ""date"" : ""1203"", ""bank_holiday_id"" : 52387}, {""id"" : 0, ""date"" : ""1204"", ""bank_holiday_id"" : 52387}, {""id"" : 0, ""date"" : ""1205"", ""bank_holiday_id"" : 52387}, {""id"" : 0, ""date"" : ""1206"", ""bank_holiday_id"" : 52387}, {""id"" : 0, ""date"" : ""1207"", ""bank_holiday_id"" : 52387}, {""id"" : 0, ""date"" : ""1208"", ""bank_holiday_id"" : 52387}, {""id"" : 0, ""date"" : ""1209"", ""bank_holiday_id"" : 52387}, {""id"" : 0, ""date"" : ""1210"", ""bank_holiday_id"" : 52387}, {""id"" : 0, ""date"" : ""1211"", ""bank_holiday_id"" : 52387}, {""id"" : 0, ""date"" : ""1212"", ""bank_holiday_id"" : 52387}, {""id"" : 0, ""date"" : ""1213"", ""bank_holiday_id"" : 52387}, {""id"" : 0, ""date"" : ""1214"", ""bank_holiday_id"" : 52387}, {""id"" : 0, ""date"" : ""1215"", ""bank_holiday_id"" : 52387}, {""id"" : 0, ""date"" : ""1216"", ""bank_holiday_id"" : 52387}, {""id"" : 0, ""date"" : ""1217"", ""bank_holiday_id"" : 52387}, {""id"" : 0, ""date"" : ""1218"", ""bank_holiday_id"" : 52387}, {""id"" : 0, ""date"" : ""1219"", ""bank_holiday_id"" : 52387}, {""id"" : 0, ""date"" : ""1220"", ""bank_holiday_id"" : 52387}, {""id"" : 0, ""date"" : ""1221"", ""bank_holiday_id"" : 52387}, {""id"" : 0, ""date"" : ""1222"", ""bank_holiday_id"" : 52387}, {""id"" : 0, ""date"" : ""1223"", ""bank_holiday_id"" : 52387}, {""id"" : 0, ""date"" : ""1224"", ""bank_holiday_id"" : 52387}, {""id"" : 0, ""date"" : ""1225"", ""bank_holiday_id"" : 52387}, {""id"" : 0, ""date"" : ""1226"", ""bank_holiday_id"" : 52387}, {""id"" : 0, ""date"" : ""1227"", ""bank_holiday_id"" : 52387}, {""id"" : 0, ""date"" : ""1228"", ""bank_holiday_id"" : 52387}, {""id"" : 0, ""date"" : ""1229"", ""bank_holiday_id"" : 52387}, {""id"" : 0, ""date"" : ""1230"", ""bank_holiday_id"" : 52387}, {""id"" : 0, ""date"" : ""1231"", ""bank_holiday_id"" : 52387}]}"
3990,52390,"{""bhl"" : {""id"" : 52390, ""name"" : ""CONFIG4_IXTJ41L"", ""vpn_id"" : 3990}, ""dates"" : []}"
4842,52461,"{""bhl"" : {""id"" : 52461, ""name"" : ""CHRISTMAS_S7VBO"", ""vpn_id"" : 4842}, ""dates"" : [{""id"" : 0, ""date"" : ""1225"", ""bank_holiday_id"" : 52461}, {""id"" : 0, ""date"" : ""1226"", ""bank_holiday_id"" : 52461}]}"
4842,52463,"{""bhl"" : {""id"" : 52463, ""name"" : ""NEW_CALEND_TVPX"", ""vpn_id"" : 4842}, ""dates"" : []}"
10004919,52482,"{""bhl"" : {""id"" : 52482, ""name"" : ""AIRBUS_TES_nQae"", ""vpn_id"" : 10004919}, ""dates"" : [{""id"" : 0, ""date"" : ""0101"", ""bank_holiday_id"" : 52482}, {""id"" : 0, ""date"" : ""0422"", ""bank_holiday_id"" : 52482}, {""id"" : 0, ""date"" : ""0501"", ""bank_holiday_id"" : 52482}, {""id"" : 0, ""date"" : ""0508"", ""bank_holiday_id"" : 52482}, {""id"" : 0, ""date"" : ""0530"", ""bank_holiday_id"" : 52482}, {""id"" : 0, ""date"" : ""0610"", ""bank_holiday_id"" : 52482}, {""id"" : 0, ""date"" : ""0714"", ""bank_holiday_id"" : 52482}, {""id"" : 0, ""date"" : ""0815"", ""bank_holiday_id"" : 52482}, {""id"" : 0, ""date"" : ""1031"", ""bank_holiday_id"" : 52482}, {""id"" : 0, ""date"" : ""1110"", ""bank_holiday_id"" : 52482}, {""id"" : 0, ""date"" : ""1224"", ""bank_holiday_id"" : 52482}]}"
10004960,52504,"{""bhl"" : {""id"" : 52504, ""name"" : ""CALENDAR_61BA1A"", ""vpn_id"" : 10004960}, ""dates"" : [{""id"" : 0, ""date"" : ""0101"", ""bank_holiday_id"" : 52504}, {""id"" : 0, ""date"" : ""0406"", ""bank_holiday_id"" : 52504}, {""id"" : 0, ""date"" : ""0501"", ""bank_holiday_id"" : 52504}, {""id"" : 0, ""date"" : ""0508"", ""bank_holiday_id"" : 52504}, {""id"" : 0, ""date"" : ""0514"", ""bank_holiday_id"" : 52504}, {""id"" : 0, ""date"" : ""0525"", ""bank_holiday_id"" : 52504}, {""id"" : 0, ""date"" : ""0714"", ""bank_holiday_id"" : 52504}, {""id"" : 0, ""date"" : ""0815"", ""bank_holiday_id"" : 52504}, {""id"" : 0, ""date"" : ""1101"", ""bank_holiday_id"" : 52504}, {""id"" : 0, ""date"" : ""1111"", ""bank_holiday_id"" : 52504}, {""id"" : 0, ""date"" : ""1225"", ""bank_holiday_id"" : 52504}]}"
10004972,52515,"{""bhl"" : {""id"" : 52515, ""name"" : ""CALENDAR_B3CAB9"", ""vpn_id"" : 10004972}, ""dates"" : [{""id"" : 0, ""date"" : ""0101"", ""bank_holiday_id"" : 52515}, {""id"" : 0, ""date"" : ""0406"", ""bank_holiday_id"" : 52515}, {""id"" : 0, ""date"" : ""0501"", ""bank_holiday_id"" : 52515}, {""id"" : 0, ""date"" : ""0508"", ""bank_holiday_id"" : 52515}, {""id"" : 0, ""date"" : ""0514"", ""bank_holiday_id"" : 52515}, {""id"" : 0, ""date"" : ""0525"", ""bank_holiday_id"" : 52515}, {""id"" : 0, ""date"" : ""0714"", ""bank_holiday_id"" : 52515}, {""id"" : 0, ""date"" : ""0815"", ""bank_holiday_id"" : 52515}, {""id"" : 0, ""date"" : ""1101"", ""bank_holiday_id"" : 52515}, {""id"" : 0, ""date"" : ""1111"", ""bank_holiday_id"" : 52515}, {""id"" : 0, ""date"" : ""1225"", ""bank_holiday_id"" : 52515}]}"
10004984,52525,"{""bhl"" : {""id"" : 52525, ""name"" : ""CALENDAR_81F37A"", ""vpn_id"" : 10004984}, ""dates"" : [{""id"" : 0, ""date"" : ""0101"", ""bank_holiday_id"" : 52525}, {""id"" : 0, ""date"" : ""0406"", ""bank_holiday_id"" : 52525}, {""id"" : 0, ""date"" : ""0501"", ""bank_holiday_id"" : 52525}, {""id"" : 0, ""date"" : ""0508"", ""bank_holiday_id"" : 52525}, {""id"" : 0, ""date"" : ""0514"", ""bank_holiday_id"" : 52525}, {""id"" : 0, ""date"" : ""0525"", ""bank_holiday_id"" : 52525}, {""id"" : 0, ""date"" : ""0714"", ""bank_holiday_id"" : 52525}, {""id"" : 0, ""date"" : ""0815"", ""bank_holiday_id"" : 52525}, {""id"" : 0, ""date"" : ""1101"", ""bank_holiday_id"" : 52525}, {""id"" : 0, ""date"" : ""1111"", ""bank_holiday_id"" : 52525}, {""id"" : 0, ""date"" : ""1225"", ""bank_holiday_id"" : 52525}]}"
10003561,52602,"{""bhl"" : {""id"" : 52602, ""name"" : ""NOUVEAU_CA_00F9"", ""vpn_id"" : 10003561}, ""dates"" : []}"
10004924,52607,"{""bhl"" : {""id"" : 52607, ""name"" : ""COS_NANTER_h5gH"", ""vpn_id"" : 10004924}, ""dates"" : [{""id"" : 0, ""date"" : ""0101"", ""bank_holiday_id"" : 52607}, {""id"" : 0, ""date"" : ""0422"", ""bank_holiday_id"" : 52607}, {""id"" : 0, ""date"" : ""0501"", ""bank_holiday_id"" : 52607}, {""id"" : 0, ""date"" : ""0508"", ""bank_holiday_id"" : 52607}, {""id"" : 0, ""date"" : ""0530"", ""bank_holiday_id"" : 52607}, {""id"" : 0, ""date"" : ""0610"", ""bank_holiday_id"" : 52607}, {""id"" : 0, ""date"" : ""0714"", ""bank_holiday_id"" : 52607}, {""id"" : 0, ""date"" : ""0815"", ""bank_holiday_id"" : 52607}, {""id"" : 0, ""date"" : ""1031"", ""bank_holiday_id"" : 52607}, {""id"" : 0, ""date"" : ""1110"", ""bank_holiday_id"" : 52607}, {""id"" : 0, ""date"" : ""1224"", ""bank_holiday_id"" : 52607}]}"
10005010,52621,"{""bhl"" : {""id"" : 52621, ""name"" : ""CALENDAR_D32B7B"", ""vpn_id"" : 10005010}, ""dates"" : [{""id"" : 0, ""date"" : ""0101"", ""bank_holiday_id"" : 52621}, {""id"" : 0, ""date"" : ""0406"", ""bank_holiday_id"" : 52621}, {""id"" : 0, ""date"" : ""0501"", ""bank_holiday_id"" : 52621}, {""id"" : 0, ""date"" : ""0508"", ""bank_holiday_id"" : 52621}, {""id"" : 0, ""date"" : ""0514"", ""bank_holiday_id"" : 52621}, {""id"" : 0, ""date"" : ""0525"", ""bank_holiday_id"" : 52621}, {""id"" : 0, ""date"" : ""0714"", ""bank_holiday_id"" : 52621}, {""id"" : 0, ""date"" : ""0815"", ""bank_holiday_id"" : 52621}, {""id"" : 0, ""date"" : ""1101"", ""bank_holiday_id"" : 52621}, {""id"" : 0, ""date"" : ""1111"", ""bank_holiday_id"" : 52621}, {""id"" : 0, ""date"" : ""1225"", ""bank_holiday_id"" : 52621}]}"
10005013,52641,"{""bhl"" : {""id"" : 52641, ""name"" : ""CHARTRES_P_uiIH"", ""vpn_id"" : 10005013}, ""dates"" : [{""id"" : 0, ""date"" : ""0101"", ""bank_holiday_id"" : 52641}, {""id"" : 0, ""date"" : ""0422"", ""bank_holiday_id"" : 52641}, {""id"" : 0, ""date"" : ""0501"", ""bank_holiday_id"" : 52641}, {""id"" : 0, ""date"" : ""0508"", ""bank_holiday_id"" : 52641}, {""id"" : 0, ""date"" : ""0530"", ""bank_holiday_id"" : 52641}, {""id"" : 0, ""date"" : ""0610"", ""bank_holiday_id"" : 52641}, {""id"" : 0, ""date"" : ""0714"", ""bank_holiday_id"" : 52641}, {""id"" : 0, ""date"" : ""0815"", ""bank_holiday_id"" : 52641}, {""id"" : 0, ""date"" : ""1031"", ""bank_holiday_id"" : 52641}, {""id"" : 0, ""date"" : ""1110"", ""bank_holiday_id"" : 52641}, {""id"" : 0, ""date"" : ""1224"", ""bank_holiday_id"" : 52641}]}"
10005013,52644,"{""bhl"" : {""id"" : 52644, ""name"" : ""DR_TOULOUS_sKUr"", ""vpn_id"" : 10005013}, ""dates"" : [{""id"" : 0, ""date"" : ""0101"", ""bank_holiday_id"" : 52644}, {""id"" : 0, ""date"" : ""0422"", ""bank_holiday_id"" : 52644}, {""id"" : 0, ""date"" : ""0501"", ""bank_holiday_id"" : 52644}, {""id"" : 0, ""date"" : ""0508"", ""bank_holiday_id"" : 52644}, {""id"" : 0, ""date"" : ""0530"", ""bank_holiday_id"" : 52644}, {""id"" : 0, ""date"" : ""0610"", ""bank_holiday_id"" : 52644}, {""id"" : 0, ""date"" : ""0714"", ""bank_holiday_id"" : 52644}, {""id"" : 0, ""date"" : ""0815"", ""bank_holiday_id"" : 52644}, {""id"" : 0, ""date"" : ""1031"", ""bank_holiday_id"" : 52644}, {""id"" : 0, ""date"" : ""1110"", ""bank_holiday_id"" : 52644}, {""id"" : 0, ""date"" : ""1224"", ""bank_holiday_id"" : 52644}]}"
10005013,52646,"{""bhl"" : {""id"" : 52646, ""name"" : ""DR_LILLE_F_27Sz"", ""vpn_id"" : 10005013}, ""dates"" : [{""id"" : 0, ""date"" : ""0101"", ""bank_holiday_id"" : 52646}, {""id"" : 0, ""date"" : ""0422"", ""bank_holiday_id"" : 52646}, {""id"" : 0, ""date"" : ""0501"", ""bank_holiday_id"" : 52646}, {""id"" : 0, ""date"" : ""0508"", ""bank_holiday_id"" : 52646}, {""id"" : 0, ""date"" : ""0530"", ""bank_holiday_id"" : 52646}, {""id"" : 0, ""date"" : ""0610"", ""bank_holiday_id"" : 52646}, {""id"" : 0, ""date"" : ""0714"", ""bank_holiday_id"" : 52646}, {""id"" : 0, ""date"" : ""0815"", ""bank_holiday_id"" : 52646}, {""id"" : 0, ""date"" : ""1031"", ""bank_holiday_id"" : 52646}, {""id"" : 0, ""date"" : ""1110"", ""bank_holiday_id"" : 52646}, {""id"" : 0, ""date"" : ""1224"", ""bank_holiday_id"" : 52646}]}"
10005013,52648,"{""bhl"" : {""id"" : 52648, ""name"" : ""DR_BORDEAU_SSF5"", ""vpn_id"" : 10005013}, ""dates"" : [{""id"" : 0, ""date"" : ""0101"", ""bank_holiday_id"" : 52648}, {""id"" : 0, ""date"" : ""0422"", ""bank_holiday_id"" : 52648}, {""id"" : 0, ""date"" : ""0501"", ""bank_holiday_id"" : 52648}, {""id"" : 0, ""date"" : ""0508"", ""bank_holiday_id"" : 52648}, {""id"" : 0, ""date"" : ""0530"", ""bank_holiday_id"" : 52648}, {""id"" : 0, ""date"" : ""0610"", ""bank_holiday_id"" : 52648}, {""id"" : 0, ""date"" : ""0714"", ""bank_holiday_id"" : 52648}, {""id"" : 0, ""date"" : ""0815"", ""bank_holiday_id"" : 52648}, {""id"" : 0, ""date"" : ""1031"", ""bank_holiday_id"" : 52648}, {""id"" : 0, ""date"" : ""1110"", ""bank_holiday_id"" : 52648}, {""id"" : 0, ""date"" : ""1224"", ""bank_holiday_id"" : 52648}]}"
10001129,52002,"{""bhl"" : {""id"" : 52002, ""name"" : ""IP_MATMUT__76Ei"", ""vpn_id"" : 10001129}, ""dates"" : [{""id"" : 0, ""date"" : ""0814"", ""bank_holiday_id"" : 52002}, {""id"" : 0, ""date"" : ""1031"", ""bank_holiday_id"" : 52002}, {""id"" : 0, ""date"" : ""1110"", ""bank_holiday_id"" : 52002}, {""id"" : 0, ""date"" : ""1224"", ""bank_holiday_id"" : 52002}]}"
10001129,52004,"{""bhl"" : {""id"" : 52004, ""name"" : ""MATMUT_LON_87YX"", ""vpn_id"" : 10001129}, ""dates"" : [{""id"" : 0, ""date"" : ""0814"", ""bank_holiday_id"" : 52004}, {""id"" : 0, ""date"" : ""1031"", ""bank_holiday_id"" : 52004}, {""id"" : 0, ""date"" : ""1110"", ""bank_holiday_id"" : 52004}, {""id"" : 0, ""date"" : ""1224"", ""bank_holiday_id"" : 52004}]}"
10001129,52010,"{""bhl"" : {""id"" : 52010, ""name"" : ""MATMUT_BAU_P8Yj"", ""vpn_id"" : 10001129}, ""dates"" : [{""id"" : 0, ""date"" : ""0814"", ""bank_holiday_id"" : 52010}, {""id"" : 0, ""date"" : ""1031"", ""bank_holiday_id"" : 52010}, {""id"" : 0, ""date"" : ""1110"", ""bank_holiday_id"" : 52010}, {""id"" : 0, ""date"" : ""1224"", ""bank_holiday_id"" : 52010}]}"
10001129,52012,"{""bhl"" : {""id"" : 52012, ""name"" : ""IP_MATMUT__pKaS"", ""vpn_id"" : 10001129}, ""dates"" : [{""id"" : 0, ""date"" : ""0814"", ""bank_holiday_id"" : 52012}, {""id"" : 0, ""date"" : ""1031"", ""bank_holiday_id"" : 52012}, {""id"" : 0, ""date"" : ""1110"", ""bank_holiday_id"" : 52012}, {""id"" : 0, ""date"" : ""1224"", ""bank_holiday_id"" : 52012}]}"
10001129,52014,"{""bhl"" : {""id"" : 52014, ""name"" : ""IP_MATMUT__Ivkd"", ""vpn_id"" : 10001129}, ""dates"" : [{""id"" : 0, ""date"" : ""0814"", ""bank_holiday_id"" : 52014}, {""id"" : 0, ""date"" : ""1031"", ""bank_holiday_id"" : 52014}, {""id"" : 0, ""date"" : ""1110"", ""bank_holiday_id"" : 52014}, {""id"" : 0, ""date"" : ""1224"", ""bank_holiday_id"" : 52014}]}"
10001129,52029,"{""bhl"" : {""id"" : 52029, ""name"" : ""MATMUT_TRO_RWAP"", ""vpn_id"" : 10001129}, ""dates"" : [{""id"" : 0, ""date"" : ""0814"", ""bank_holiday_id"" : 52029}, {""id"" : 0, ""date"" : ""1031"", ""bank_holiday_id"" : 52029}, {""id"" : 0, ""date"" : ""1110"", ""bank_holiday_id"" : 52029}, {""id"" : 0, ""date"" : ""1224"", ""bank_holiday_id"" : 52029}]}"
10001129,52031,"{""bhl"" : {""id"" : 52031, ""name"" : ""MATMUT_RET_zQzH"", ""vpn_id"" : 10001129}, ""dates"" : [{""id"" : 0, ""date"" : ""0814"", ""bank_holiday_id"" : 52031}, {""id"" : 0, ""date"" : ""1031"", ""bank_holiday_id"" : 52031}, {""id"" : 0, ""date"" : ""1110"", ""bank_holiday_id"" : 52031}, {""id"" : 0, ""date"" : ""1224"", ""bank_holiday_id"" : 52031}]}"
10001129,52048,"{""bhl"" : {""id"" : 52048, ""name"" : ""MATMUT_ST__nazQ"", ""vpn_id"" : 10001129}, ""dates"" : [{""id"" : 0, ""date"" : ""0814"", ""bank_holiday_id"" : 52048}, {""id"" : 0, ""date"" : ""1031"", ""bank_holiday_id"" : 52048}, {""id"" : 0, ""date"" : ""1110"", ""bank_holiday_id"" : 52048}, {""id"" : 0, ""date"" : ""1224"", ""bank_holiday_id"" : 52048}]}"
10001129,52053,"{""bhl"" : {""id"" : 52053, ""name"" : ""MATMUT_BOU_2KG7"", ""vpn_id"" : 10001129}, ""dates"" : [{""id"" : 0, ""date"" : ""0814"", ""bank_holiday_id"" : 52053}, {""id"" : 0, ""date"" : ""1031"", ""bank_holiday_id"" : 52053}, {""id"" : 0, ""date"" : ""1110"", ""bank_holiday_id"" : 52053}, {""id"" : 0, ""date"" : ""1224"", ""bank_holiday_id"" : 52053}]}"
10001129,52066,"{""bhl"" : {""id"" : 52066, ""name"" : ""IP_MATMUT__hsJR"", ""vpn_id"" : 10001129}, ""dates"" : [{""id"" : 0, ""date"" : ""0814"", ""bank_holiday_id"" : 52066}, {""id"" : 0, ""date"" : ""1031"", ""bank_holiday_id"" : 52066}, {""id"" : 0, ""date"" : ""1110"", ""bank_holiday_id"" : 52066}, {""id"" : 0, ""date"" : ""1224"", ""bank_holiday_id"" : 52066}]}"
10001129,52069,"{""bhl"" : {""id"" : 52069, ""name"" : ""MATMUT_VEN_uahF"", ""vpn_id"" : 10001129}, ""dates"" : [{""id"" : 0, ""date"" : ""0814"", ""bank_holiday_id"" : 52069}, {""id"" : 0, ""date"" : ""1031"", ""bank_holiday_id"" : 52069}, {""id"" : 0, ""date"" : ""1110"", ""bank_holiday_id"" : 52069}, {""id"" : 0, ""date"" : ""1224"", ""bank_holiday_id"" : 52069}]}"
10001129,52071,"{""bhl"" : {""id"" : 52071, ""name"" : ""MATMUT_GIE_8CZI"", ""vpn_id"" : 10001129}, ""dates"" : [{""id"" : 0, ""date"" : ""0814"", ""bank_holiday_id"" : 52071}, {""id"" : 0, ""date"" : ""1031"", ""bank_holiday_id"" : 52071}, {""id"" : 0, ""date"" : ""1110"", ""bank_holiday_id"" : 52071}, {""id"" : 0, ""date"" : ""1224"", ""bank_holiday_id"" : 52071}]}"
10001129,52073,"{""bhl"" : {""id"" : 52073, ""name"" : ""MATMUT_OLI_0592"", ""vpn_id"" : 10001129}, ""dates"" : [{""id"" : 0, ""date"" : ""0814"", ""bank_holiday_id"" : 52073}, {""id"" : 0, ""date"" : ""1031"", ""bank_holiday_id"" : 52073}, {""id"" : 0, ""date"" : ""1110"", ""bank_holiday_id"" : 52073}, {""id"" : 0, ""date"" : ""1224"", ""bank_holiday_id"" : 52073}]}"
10001129,52080,"{""bhl"" : {""id"" : 52080, ""name"" : ""MATMUT_VIR_YpAA"", ""vpn_id"" : 10001129}, ""dates"" : [{""id"" : 0, ""date"" : ""0814"", ""bank_holiday_id"" : 52080}, {""id"" : 0, ""date"" : ""1031"", ""bank_holiday_id"" : 52080}, {""id"" : 0, ""date"" : ""1110"", ""bank_holiday_id"" : 52080}, {""id"" : 0, ""date"" : ""1224"", ""bank_holiday_id"" : 52080}]}"
10001129,52084,"{""bhl"" : {""id"" : 52084, ""name"" : ""MATMUT_GIS_EDNw"", ""vpn_id"" : 10001129}, ""dates"" : [{""id"" : 0, ""date"" : ""0814"", ""bank_holiday_id"" : 52084}, {""id"" : 0, ""date"" : ""1031"", ""bank_holiday_id"" : 52084}, {""id"" : 0, ""date"" : ""1110"", ""bank_holiday_id"" : 52084}, {""id"" : 0, ""date"" : ""1224"", ""bank_holiday_id"" : 52084}]}"
10001129,52092,"{""bhl"" : {""id"" : 52092, ""name"" : ""MATMUT_CHE_8raf"", ""vpn_id"" : 10001129}, ""dates"" : [{""id"" : 0, ""date"" : ""0814"", ""bank_holiday_id"" : 52092}, {""id"" : 0, ""date"" : ""1031"", ""bank_holiday_id"" : 52092}, {""id"" : 0, ""date"" : ""1110"", ""bank_holiday_id"" : 52092}, {""id"" : 0, ""date"" : ""1224"", ""bank_holiday_id"" : 52092}]}"
10001129,52094,"{""bhl"" : {""id"" : 52094, ""name"" : ""MATMUT_ALE_dgiy"", ""vpn_id"" : 10001129}, ""dates"" : [{""id"" : 0, ""date"" : ""0814"", ""bank_holiday_id"" : 52094}, {""id"" : 0, ""date"" : ""1031"", ""bank_holiday_id"" : 52094}, {""id"" : 0, ""date"" : ""1110"", ""bank_holiday_id"" : 52094}, {""id"" : 0, ""date"" : ""1224"", ""bank_holiday_id"" : 52094}]}"
10001129,52100,"{""bhl"" : {""id"" : 52100, ""name"" : ""MATMUT_BOL_jqY8"", ""vpn_id"" : 10001129}, ""dates"" : [{""id"" : 0, ""date"" : ""0814"", ""bank_holiday_id"" : 52100}, {""id"" : 0, ""date"" : ""1031"", ""bank_holiday_id"" : 52100}, {""id"" : 0, ""date"" : ""1110"", ""bank_holiday_id"" : 52100}, {""id"" : 0, ""date"" : ""1224"", ""bank_holiday_id"" : 52100}]}"
10001129,52101,"{""bhl"" : {""id"" : 52101, ""name"" : ""MATMUT_BON_P0MX"", ""vpn_id"" : 10001129}, ""dates"" : [{""id"" : 0, ""date"" : ""0814"", ""bank_holiday_id"" : 52101}, {""id"" : 0, ""date"" : ""1031"", ""bank_holiday_id"" : 52101}, {""id"" : 0, ""date"" : ""1110"", ""bank_holiday_id"" : 52101}, {""id"" : 0, ""date"" : ""1224"", ""bank_holiday_id"" : 52101}]}"
10001129,52102,"{""bhl"" : {""id"" : 52102, ""name"" : ""IP_MATMUT__ch2n"", ""vpn_id"" : 10001129}, ""dates"" : [{""id"" : 0, ""date"" : ""0814"", ""bank_holiday_id"" : 52102}, {""id"" : 0, ""date"" : ""1031"", ""bank_holiday_id"" : 52102}, {""id"" : 0, ""date"" : ""1110"", ""bank_holiday_id"" : 52102}, {""id"" : 0, ""date"" : ""1224"", ""bank_holiday_id"" : 52102}]}"
10001129,52106,"{""bhl"" : {""id"" : 52106, ""name"" : ""MATMUT_LE__kdq4"", ""vpn_id"" : 10001129}, ""dates"" : [{""id"" : 0, ""date"" : ""0814"", ""bank_holiday_id"" : 52106}, {""id"" : 0, ""date"" : ""1031"", ""bank_holiday_id"" : 52106}, {""id"" : 0, ""date"" : ""1110"", ""bank_holiday_id"" : 52106}, {""id"" : 0, ""date"" : ""1224"", ""bank_holiday_id"" : 52106}]}"
10001129,52109,"{""bhl"" : {""id"" : 52109, ""name"" : ""MATMUT_LE__NBDO"", ""vpn_id"" : 10001129}, ""dates"" : [{""id"" : 0, ""date"" : ""0814"", ""bank_holiday_id"" : 52109}, {""id"" : 0, ""date"" : ""1031"", ""bank_holiday_id"" : 52109}, {""id"" : 0, ""date"" : ""1110"", ""bank_holiday_id"" : 52109}, {""id"" : 0, ""date"" : ""1224"", ""bank_holiday_id"" : 52109}]}"
10001129,52110,"{""bhl"" : {""id"" : 52110, ""name"" : ""MATMUT_LIL_cZxE"", ""vpn_id"" : 10001129}, ""dates"" : [{""id"" : 0, ""date"" : ""0814"", ""bank_holiday_id"" : 52110}, {""id"" : 0, ""date"" : ""1031"", ""bank_holiday_id"" : 52110}, {""id"" : 0, ""date"" : ""1110"", ""bank_holiday_id"" : 52110}, {""id"" : 0, ""date"" : ""1224"", ""bank_holiday_id"" : 52110}]}"
10001129,52112,"{""bhl"" : {""id"" : 52112, ""name"" : ""MATMUT_MON_SQvA"", ""vpn_id"" : 10001129}, ""dates"" : [{""id"" : 0, ""date"" : ""0814"", ""bank_holiday_id"" : 52112}, {""id"" : 0, ""date"" : ""1031"", ""bank_holiday_id"" : 52112}, {""id"" : 0, ""date"" : ""1110"", ""bank_holiday_id"" : 52112}, {""id"" : 0, ""date"" : ""1224"", ""bank_holiday_id"" : 52112}]}"
10001129,52115,"{""bhl"" : {""id"" : 52115, ""name"" : ""MATMUT_ROU_cXvK"", ""vpn_id"" : 10001129}, ""dates"" : [{""id"" : 0, ""date"" : ""0814"", ""bank_holiday_id"" : 52115}, {""id"" : 0, ""date"" : ""1031"", ""bank_holiday_id"" : 52115}, {""id"" : 0, ""date"" : ""1110"", ""bank_holiday_id"" : 52115}, {""id"" : 0, ""date"" : ""1224"", ""bank_holiday_id"" : 52115}]}"
10001129,52116,"{""bhl"" : {""id"" : 52116, ""name"" : ""MATMUT_ST__KTVE"", ""vpn_id"" : 10001129}, ""dates"" : [{""id"" : 0, ""date"" : ""0814"", ""bank_holiday_id"" : 52116}, {""id"" : 0, ""date"" : ""1031"", ""bank_holiday_id"" : 52116}, {""id"" : 0, ""date"" : ""1110"", ""bank_holiday_id"" : 52116}, {""id"" : 0, ""date"" : ""1224"", ""bank_holiday_id"" : 52116}]}"
10001129,52117,"{""bhl"" : {""id"" : 52117, ""name"" : ""MATMUT_SOT_Mf95"", ""vpn_id"" : 10001129}, ""dates"" : [{""id"" : 0, ""date"" : ""0814"", ""bank_holiday_id"" : 52117}, {""id"" : 0, ""date"" : ""1031"", ""bank_holiday_id"" : 52117}, {""id"" : 0, ""date"" : ""1110"", ""bank_holiday_id"" : 52117}, {""id"" : 0, ""date"" : ""1224"", ""bank_holiday_id"" : 52117}]}"
10001129,52121,"{""bhl"" : {""id"" : 52121, ""name"" : ""MATMUT_ALB_rQAa"", ""vpn_id"" : 10001129}, ""dates"" : [{""id"" : 0, ""date"" : ""0814"", ""bank_holiday_id"" : 52121}, {""id"" : 0, ""date"" : ""1031"", ""bank_holiday_id"" : 52121}, {""id"" : 0, ""date"" : ""1110"", ""bank_holiday_id"" : 52121}, {""id"" : 0, ""date"" : ""1224"", ""bank_holiday_id"" : 52121}]}"
10001129,52123,"{""bhl"" : {""id"" : 52123, ""name"" : ""MATMUT_BEL_g6hN"", ""vpn_id"" : 10001129}, ""dates"" : [{""id"" : 0, ""date"" : ""0814"", ""bank_holiday_id"" : 52123}, {""id"" : 0, ""date"" : ""1031"", ""bank_holiday_id"" : 52123}, {""id"" : 0, ""date"" : ""1110"", ""bank_holiday_id"" : 52123}, {""id"" : 0, ""date"" : ""1224"", ""bank_holiday_id"" : 52123}]}"
10001129,52124,"{""bhl"" : {""id"" : 52124, ""name"" : ""MATMUT_BRI_8AyZ"", ""vpn_id"" : 10001129}, ""dates"" : [{""id"" : 0, ""date"" : ""0814"", ""bank_holiday_id"" : 52124}, {""id"" : 0, ""date"" : ""1031"", ""bank_holiday_id"" : 52124}, {""id"" : 0, ""date"" : ""1110"", ""bank_holiday_id"" : 52124}, {""id"" : 0, ""date"" : ""1224"", ""bank_holiday_id"" : 52124}]}"
10001129,52126,"{""bhl"" : {""id"" : 52126, ""name"" : ""MATMUT_CHA_l6IO"", ""vpn_id"" : 10001129}, ""dates"" : [{""id"" : 0, ""date"" : ""0814"", ""bank_holiday_id"" : 52126}, {""id"" : 0, ""date"" : ""1031"", ""bank_holiday_id"" : 52126}, {""id"" : 0, ""date"" : ""1110"", ""bank_holiday_id"" : 52126}, {""id"" : 0, ""date"" : ""1224"", ""bank_holiday_id"" : 52126}]}"
10001129,52133,"{""bhl"" : {""id"" : 52133, ""name"" : ""MATMUT_LYO_oplA"", ""vpn_id"" : 10001129}, ""dates"" : [{""id"" : 0, ""date"" : ""0814"", ""bank_holiday_id"" : 52133}, {""id"" : 0, ""date"" : ""1031"", ""bank_holiday_id"" : 52133}, {""id"" : 0, ""date"" : ""1110"", ""bank_holiday_id"" : 52133}, {""id"" : 0, ""date"" : ""1224"", ""bank_holiday_id"" : 52133}]}"
10001129,52135,"{""bhl"" : {""id"" : 52135, ""name"" : ""MATMUT_LE__dwvg"", ""vpn_id"" : 10001129}, ""dates"" : [{""id"" : 0, ""date"" : ""0814"", ""bank_holiday_id"" : 52135}, {""id"" : 0, ""date"" : ""1031"", ""bank_holiday_id"" : 52135}, {""id"" : 0, ""date"" : ""1110"", ""bank_holiday_id"" : 52135}, {""id"" : 0, ""date"" : ""1224"", ""bank_holiday_id"" : 52135}]}"
10001129,52137,"{""bhl"" : {""id"" : 52137, ""name"" : ""MATMUT_BAS_Skdr"", ""vpn_id"" : 10001129}, ""dates"" : [{""id"" : 0, ""date"" : ""0814"", ""bank_holiday_id"" : 52137}, {""id"" : 0, ""date"" : ""1031"", ""bank_holiday_id"" : 52137}, {""id"" : 0, ""date"" : ""1110"", ""bank_holiday_id"" : 52137}, {""id"" : 0, ""date"" : ""1224"", ""bank_holiday_id"" : 52137}]}"
10001129,52144,"{""bhl"" : {""id"" : 52144, ""name"" : ""MATMUT_ST__wbK3"", ""vpn_id"" : 10001129}, ""dates"" : [{""id"" : 0, ""date"" : ""0814"", ""bank_holiday_id"" : 52144}, {""id"" : 0, ""date"" : ""1031"", ""bank_holiday_id"" : 52144}, {""id"" : 0, ""date"" : ""1110"", ""bank_holiday_id"" : 52144}, {""id"" : 0, ""date"" : ""1224"", ""bank_holiday_id"" : 52144}]}"
10001129,52147,"{""bhl"" : {""id"" : 52147, ""name"" : ""MATMUT_MEN_czlW"", ""vpn_id"" : 10001129}, ""dates"" : [{""id"" : 0, ""date"" : ""0814"", ""bank_holiday_id"" : 52147}, {""id"" : 0, ""date"" : ""1031"", ""bank_holiday_id"" : 52147}, {""id"" : 0, ""date"" : ""1110"", ""bank_holiday_id"" : 52147}, {""id"" : 0, ""date"" : ""1224"", ""bank_holiday_id"" : 52147}]}"
10001129,52156,"{""bhl"" : {""id"" : 52156, ""name"" : ""MATMUT_TOU_eVgz"", ""vpn_id"" : 10001129}, ""dates"" : [{""id"" : 0, ""date"" : ""0814"", ""bank_holiday_id"" : 52156}, {""id"" : 0, ""date"" : ""1031"", ""bank_holiday_id"" : 52156}, {""id"" : 0, ""date"" : ""1110"", ""bank_holiday_id"" : 52156}, {""id"" : 0, ""date"" : ""1224"", ""bank_holiday_id"" : 52156}]}"
10001129,52159,"{""bhl"" : {""id"" : 52159, ""name"" : ""MATMUT_ST__TBGD"", ""vpn_id"" : 10001129}, ""dates"" : [{""id"" : 0, ""date"" : ""0814"", ""bank_holiday_id"" : 52159}, {""id"" : 0, ""date"" : ""1031"", ""bank_holiday_id"" : 52159}, {""id"" : 0, ""date"" : ""1110"", ""bank_holiday_id"" : 52159}, {""id"" : 0, ""date"" : ""1224"", ""bank_holiday_id"" : 52159}]}"
10001129,52166,"{""bhl"" : {""id"" : 52166, ""name"" : ""MATMUT_CLE_QWW9"", ""vpn_id"" : 10001129}, ""dates"" : [{""id"" : 0, ""date"" : ""0814"", ""bank_holiday_id"" : 52166}, {""id"" : 0, ""date"" : ""1031"", ""bank_holiday_id"" : 52166}, {""id"" : 0, ""date"" : ""1110"", ""bank_holiday_id"" : 52166}, {""id"" : 0, ""date"" : ""1224"", ""bank_holiday_id"" : 52166}]}"
10001129,52167,"{""bhl"" : {""id"" : 52167, ""name"" : ""MATMUT_DIJ_GtUY"", ""vpn_id"" : 10001129}, ""dates"" : [{""id"" : 0, ""date"" : ""0814"", ""bank_holiday_id"" : 52167}, {""id"" : 0, ""date"" : ""1031"", ""bank_holiday_id"" : 52167}, {""id"" : 0, ""date"" : ""1110"", ""bank_holiday_id"" : 52167}, {""id"" : 0, ""date"" : ""1224"", ""bank_holiday_id"" : 52167}]}"
10001129,52168,"{""bhl"" : {""id"" : 52168, ""name"" : ""MATMUT_VOL_HHUr"", ""vpn_id"" : 10001129}, ""dates"" : [{""id"" : 0, ""date"" : ""0814"", ""bank_holiday_id"" : 52168}, {""id"" : 0, ""date"" : ""1031"", ""bank_holiday_id"" : 52168}, {""id"" : 0, ""date"" : ""1110"", ""bank_holiday_id"" : 52168}, {""id"" : 0, ""date"" : ""1224"", ""bank_holiday_id"" : 52168}]}"
10001129,52170,"{""bhl"" : {""id"" : 52170, ""name"" : ""MATMUT_PAR_K1Rm"", ""vpn_id"" : 10001129}, ""dates"" : [{""id"" : 0, ""date"" : ""0814"", ""bank_holiday_id"" : 52170}, {""id"" : 0, ""date"" : ""1031"", ""bank_holiday_id"" : 52170}, {""id"" : 0, ""date"" : ""1110"", ""bank_holiday_id"" : 52170}, {""id"" : 0, ""date"" : ""1224"", ""bank_holiday_id"" : 52170}]}"
10001129,52172,"{""bhl"" : {""id"" : 52172, ""name"" : ""MATMUT_BOR_VPD8"", ""vpn_id"" : 10001129}, ""dates"" : [{""id"" : 0, ""date"" : ""0814"", ""bank_holiday_id"" : 52172}, {""id"" : 0, ""date"" : ""1031"", ""bank_holiday_id"" : 52172}, {""id"" : 0, ""date"" : ""1110"", ""bank_holiday_id"" : 52172}, {""id"" : 0, ""date"" : ""1224"", ""bank_holiday_id"" : 52172}]}"
10001129,52173,"{""bhl"" : {""id"" : 52173, ""name"" : ""MATMUT_PET_f2PO"", ""vpn_id"" : 10001129}, ""dates"" : [{""id"" : 0, ""date"" : ""0814"", ""bank_holiday_id"" : 52173}, {""id"" : 0, ""date"" : ""1031"", ""bank_holiday_id"" : 52173}, {""id"" : 0, ""date"" : ""1110"", ""bank_holiday_id"" : 52173}, {""id"" : 0, ""date"" : ""1224"", ""bank_holiday_id"" : 52173}]}"
10001129,52175,"{""bhl"" : {""id"" : 52175, ""name"" : ""MATMUT_ROQ_ZXOE"", ""vpn_id"" : 10001129}, ""dates"" : [{""id"" : 0, ""date"" : ""0814"", ""bank_holiday_id"" : 52175}, {""id"" : 0, ""date"" : ""1031"", ""bank_holiday_id"" : 52175}, {""id"" : 0, ""date"" : ""1110"", ""bank_holiday_id"" : 52175}, {""id"" : 0, ""date"" : ""1224"", ""bank_holiday_id"" : 52175}]}"
10001129,52182,"{""bhl"" : {""id"" : 52182, ""name"" : ""SITES_MIGR_OFE4"", ""vpn_id"" : 10001129}, ""dates"" : [{""id"" : 0, ""date"" : ""0814"", ""bank_holiday_id"" : 52182}, {""id"" : 0, ""date"" : ""1031"", ""bank_holiday_id"" : 52182}, {""id"" : 0, ""date"" : ""1110"", ""bank_holiday_id"" : 52182}, {""id"" : 0, ""date"" : ""1224"", ""bank_holiday_id"" : 52182}]}"
10005129,51443,"{""bhl"" : {""id"" : 51443, ""name"" : ""CALENDAR_55ADCB"", ""vpn_id"" : 10005129}, ""dates"" : [{""id"" : 0, ""date"" : ""0101"", ""bank_holiday_id"" : 51443}, {""id"" : 0, ""date"" : ""0406"", ""bank_holiday_id"" : 51443}, {""id"" : 0, ""date"" : ""0501"", ""bank_holiday_id"" : 51443}, {""id"" : 0, ""date"" : ""0508"", ""bank_holiday_id"" : 51443}, {""id"" : 0, ""date"" : ""0514"", ""bank_holiday_id"" : 51443}, {""id"" : 0, ""date"" : ""0525"", ""bank_holiday_id"" : 51443}, {""id"" : 0, ""date"" : ""0714"", ""bank_holiday_id"" : 51443}, {""id"" : 0, ""date"" : ""0815"", ""bank_holiday_id"" : 51443}, {""id"" : 0, ""date"" : ""1101"", ""bank_holiday_id"" : 51443}, {""id"" : 0, ""date"" : ""1111"", ""bank_holiday_id"" : 51443}, {""id"" : 0, ""date"" : ""1225"", ""bank_holiday_id"" : 51443}]}"
10005110,51463,"{""bhl"" : {""id"" : 51463, ""name"" : ""S2G-SANOFI_iY2S"", ""vpn_id"" : 10005110}, ""dates"" : [{""id"" : 0, ""date"" : ""0101"", ""bank_holiday_id"" : 51463}, {""id"" : 0, ""date"" : ""0422"", ""bank_holiday_id"" : 51463}, {""id"" : 0, ""date"" : ""0501"", ""bank_holiday_id"" : 51463}, {""id"" : 0, ""date"" : ""0508"", ""bank_holiday_id"" : 51463}, {""id"" : 0, ""date"" : ""0530"", ""bank_holiday_id"" : 51463}, {""id"" : 0, ""date"" : ""0610"", ""bank_holiday_id"" : 51463}, {""id"" : 0, ""date"" : ""0714"", ""bank_holiday_id"" : 51463}, {""id"" : 0, ""date"" : ""0815"", ""bank_holiday_id"" : 51463}, {""id"" : 0, ""date"" : ""1101"", ""bank_holiday_id"" : 51463}, {""id"" : 0, ""date"" : ""1111"", ""bank_holiday_id"" : 51463}, {""id"" : 0, ""date"" : ""1224"", ""bank_holiday_id"" : 51463}]}"
10005110,51464,"{""bhl"" : {""id"" : 51464, ""name"" : ""S2G-SANOFI_CsqA"", ""vpn_id"" : 10005110}, ""dates"" : [{""id"" : 0, ""date"" : ""0101"", ""bank_holiday_id"" : 51464}, {""id"" : 0, ""date"" : ""0422"", ""bank_holiday_id"" : 51464}, {""id"" : 0, ""date"" : ""0501"", ""bank_holiday_id"" : 51464}, {""id"" : 0, ""date"" : ""0508"", ""bank_holiday_id"" : 51464}, {""id"" : 0, ""date"" : ""0530"", ""bank_holiday_id"" : 51464}, {""id"" : 0, ""date"" : ""0610"", ""bank_holiday_id"" : 51464}, {""id"" : 0, ""date"" : ""0714"", ""bank_holiday_id"" : 51464}, {""id"" : 0, ""date"" : ""0815"", ""bank_holiday_id"" : 51464}, {""id"" : 0, ""date"" : ""1101"", ""bank_holiday_id"" : 51464}, {""id"" : 0, ""date"" : ""1111"", ""bank_holiday_id"" : 51464}, {""id"" : 0, ""date"" : ""1224"", ""bank_holiday_id"" : 51464}]}"
10005110,51465,"{""bhl"" : {""id"" : 51465, ""name"" : ""S2G-SANOFI_Oi7p"", ""vpn_id"" : 10005110}, ""dates"" : [{""id"" : 0, ""date"" : ""0101"", ""bank_holiday_id"" : 51465}, {""id"" : 0, ""date"" : ""0422"", ""bank_holiday_id"" : 51465}, {""id"" : 0, ""date"" : ""0501"", ""bank_holiday_id"" : 51465}, {""id"" : 0, ""date"" : ""0508"", ""bank_holiday_id"" : 51465}, {""id"" : 0, ""date"" : ""0530"", ""bank_holiday_id"" : 51465}, {""id"" : 0, ""date"" : ""0610"", ""bank_holiday_id"" : 51465}, {""id"" : 0, ""date"" : ""0714"", ""bank_holiday_id"" : 51465}, {""id"" : 0, ""date"" : ""0815"", ""bank_holiday_id"" : 51465}, {""id"" : 0, ""date"" : ""1101"", ""bank_holiday_id"" : 51465}, {""id"" : 0, ""date"" : ""1111"", ""bank_holiday_id"" : 51465}, {""id"" : 0, ""date"" : ""1224"", ""bank_holiday_id"" : 51465}]}"
10005110,51466,"{""bhl"" : {""id"" : 51466, ""name"" : ""S2G-SANOFI_jGuv"", ""vpn_id"" : 10005110}, ""dates"" : [{""id"" : 0, ""date"" : ""0101"", ""bank_holiday_id"" : 51466}, {""id"" : 0, ""date"" : ""0422"", ""bank_holiday_id"" : 51466}, {""id"" : 0, ""date"" : ""0501"", ""bank_holiday_id"" : 51466}, {""id"" : 0, ""date"" : ""0508"", ""bank_holiday_id"" : 51466}, {""id"" : 0, ""date"" : ""0530"", ""bank_holiday_id"" : 51466}, {""id"" : 0, ""date"" : ""0610"", ""bank_holiday_id"" : 51466}, {""id"" : 0, ""date"" : ""0714"", ""bank_holiday_id"" : 51466}, {""id"" : 0, ""date"" : ""0815"", ""bank_holiday_id"" : 51466}, {""id"" : 0, ""date"" : ""1101"", ""bank_holiday_id"" : 51466}, {""id"" : 0, ""date"" : ""1111"", ""bank_holiday_id"" : 51466}, {""id"" : 0, ""date"" : ""1224"", ""bank_holiday_id"" : 51466}]}"
10005110,51467,"{""bhl"" : {""id"" : 51467, ""name"" : ""S2G-SANOFI_gR4A"", ""vpn_id"" : 10005110}, ""dates"" : [{""id"" : 0, ""date"" : ""0101"", ""bank_holiday_id"" : 51467}, {""id"" : 0, ""date"" : ""0422"", ""bank_holiday_id"" : 51467}, {""id"" : 0, ""date"" : ""0501"", ""bank_holiday_id"" : 51467}, {""id"" : 0, ""date"" : ""0508"", ""bank_holiday_id"" : 51467}, {""id"" : 0, ""date"" : ""0530"", ""bank_holiday_id"" : 51467}, {""id"" : 0, ""date"" : ""0610"", ""bank_holiday_id"" : 51467}, {""id"" : 0, ""date"" : ""0714"", ""bank_holiday_id"" : 51467}, {""id"" : 0, ""date"" : ""0815"", ""bank_holiday_id"" : 51467}, {""id"" : 0, ""date"" : ""1101"", ""bank_holiday_id"" : 51467}, {""id"" : 0, ""date"" : ""1111"", ""bank_holiday_id"" : 51467}, {""id"" : 0, ""date"" : ""1224"", ""bank_holiday_id"" : 51467}]}"
10005110,51469,"{""bhl"" : {""id"" : 51469, ""name"" : ""SANOFI_AVE_fArk"", ""vpn_id"" : 10005110}, ""dates"" : [{""id"" : 0, ""date"" : ""0101"", ""bank_holiday_id"" : 51469}, {""id"" : 0, ""date"" : ""0422"", ""bank_holiday_id"" : 51469}, {""id"" : 0, ""date"" : ""0501"", ""bank_holiday_id"" : 51469}, {""id"" : 0, ""date"" : ""0508"", ""bank_holiday_id"" : 51469}, {""id"" : 0, ""date"" : ""0530"", ""bank_holiday_id"" : 51469}, {""id"" : 0, ""date"" : ""0610"", ""bank_holiday_id"" : 51469}, {""id"" : 0, ""date"" : ""0714"", ""bank_holiday_id"" : 51469}, {""id"" : 0, ""date"" : ""0815"", ""bank_holiday_id"" : 51469}, {""id"" : 0, ""date"" : ""1101"", ""bank_holiday_id"" : 51469}, {""id"" : 0, ""date"" : ""1111"", ""bank_holiday_id"" : 51469}, {""id"" : 0, ""date"" : ""1224"", ""bank_holiday_id"" : 51469}]}"
10005110,51471,"{""bhl"" : {""id"" : 51471, ""name"" : ""SA_AVENTIS_3seB"", ""vpn_id"" : 10005110}, ""dates"" : [{""id"" : 0, ""date"" : ""0101"", ""bank_holiday_id"" : 51471}, {""id"" : 0, ""date"" : ""0422"", ""bank_holiday_id"" : 51471}, {""id"" : 0, ""date"" : ""0501"", ""bank_holiday_id"" : 51471}, {""id"" : 0, ""date"" : ""0508"", ""bank_holiday_id"" : 51471}, {""id"" : 0, ""date"" : ""0530"", ""bank_holiday_id"" : 51471}, {""id"" : 0, ""date"" : ""0610"", ""bank_holiday_id"" : 51471}, {""id"" : 0, ""date"" : ""0714"", ""bank_holiday_id"" : 51471}, {""id"" : 0, ""date"" : ""0815"", ""bank_holiday_id"" : 51471}, {""id"" : 0, ""date"" : ""1101"", ""bank_holiday_id"" : 51471}, {""id"" : 0, ""date"" : ""1111"", ""bank_holiday_id"" : 51471}, {""id"" : 0, ""date"" : ""1224"", ""bank_holiday_id"" : 51471}]}"
10005110,51472,"{""bhl"" : {""id"" : 51472, ""name"" : ""SANOFI_WIN_cnSi"", ""vpn_id"" : 10005110}, ""dates"" : [{""id"" : 0, ""date"" : ""0101"", ""bank_holiday_id"" : 51472}, {""id"" : 0, ""date"" : ""0422"", ""bank_holiday_id"" : 51472}, {""id"" : 0, ""date"" : ""0501"", ""bank_holiday_id"" : 51472}, {""id"" : 0, ""date"" : ""0508"", ""bank_holiday_id"" : 51472}, {""id"" : 0, ""date"" : ""0530"", ""bank_holiday_id"" : 51472}, {""id"" : 0, ""date"" : ""0610"", ""bank_holiday_id"" : 51472}, {""id"" : 0, ""date"" : ""0714"", ""bank_holiday_id"" : 51472}, {""id"" : 0, ""date"" : ""0815"", ""bank_holiday_id"" : 51472}, {""id"" : 0, ""date"" : ""1101"", ""bank_holiday_id"" : 51472}, {""id"" : 0, ""date"" : ""1111"", ""bank_holiday_id"" : 51472}, {""id"" : 0, ""date"" : ""1224"", ""bank_holiday_id"" : 51472}]}"
10005110,51473,"{""bhl"" : {""id"" : 51473, ""name"" : ""SA_SANOFI__5nnv"", ""vpn_id"" : 10005110}, ""dates"" : [{""id"" : 0, ""date"" : ""0101"", ""bank_holiday_id"" : 51473}, {""id"" : 0, ""date"" : ""0422"", ""bank_holiday_id"" : 51473}, {""id"" : 0, ""date"" : ""0501"", ""bank_holiday_id"" : 51473}, {""id"" : 0, ""date"" : ""0508"", ""bank_holiday_id"" : 51473}, {""id"" : 0, ""date"" : ""0530"", ""bank_holiday_id"" : 51473}, {""id"" : 0, ""date"" : ""0610"", ""bank_holiday_id"" : 51473}, {""id"" : 0, ""date"" : ""0714"", ""bank_holiday_id"" : 51473}, {""id"" : 0, ""date"" : ""0815"", ""bank_holiday_id"" : 51473}, {""id"" : 0, ""date"" : ""1101"", ""bank_holiday_id"" : 51473}, {""id"" : 0, ""date"" : ""1111"", ""bank_holiday_id"" : 51473}, {""id"" : 0, ""date"" : ""1224"", ""bank_holiday_id"" : 51473}]}"
10005110,51474,"{""bhl"" : {""id"" : 51474, ""name"" : ""AVENTIS_PH_0ZiR"", ""vpn_id"" : 10005110}, ""dates"" : [{""id"" : 0, ""date"" : ""0101"", ""bank_holiday_id"" : 51474}, {""id"" : 0, ""date"" : ""0422"", ""bank_holiday_id"" : 51474}, {""id"" : 0, ""date"" : ""0501"", ""bank_holiday_id"" : 51474}, {""id"" : 0, ""date"" : ""0508"", ""bank_holiday_id"" : 51474}, {""id"" : 0, ""date"" : ""0530"", ""bank_holiday_id"" : 51474}, {""id"" : 0, ""date"" : ""0610"", ""bank_holiday_id"" : 51474}, {""id"" : 0, ""date"" : ""0714"", ""bank_holiday_id"" : 51474}, {""id"" : 0, ""date"" : ""0815"", ""bank_holiday_id"" : 51474}, {""id"" : 0, ""date"" : ""1101"", ""bank_holiday_id"" : 51474}, {""id"" : 0, ""date"" : ""1111"", ""bank_holiday_id"" : 51474}, {""id"" : 0, ""date"" : ""1224"", ""bank_holiday_id"" : 51474}]}"
10005110,51475,"{""bhl"" : {""id"" : 51475, ""name"" : ""AVENTIS_PH_PBP9"", ""vpn_id"" : 10005110}, ""dates"" : [{""id"" : 0, ""date"" : ""0101"", ""bank_holiday_id"" : 51475}, {""id"" : 0, ""date"" : ""0422"", ""bank_holiday_id"" : 51475}, {""id"" : 0, ""date"" : ""0501"", ""bank_holiday_id"" : 51475}, {""id"" : 0, ""date"" : ""0508"", ""bank_holiday_id"" : 51475}, {""id"" : 0, ""date"" : ""0530"", ""bank_holiday_id"" : 51475}, {""id"" : 0, ""date"" : ""0610"", ""bank_holiday_id"" : 51475}, {""id"" : 0, ""date"" : ""0714"", ""bank_holiday_id"" : 51475}, {""id"" : 0, ""date"" : ""0815"", ""bank_holiday_id"" : 51475}, {""id"" : 0, ""date"" : ""1101"", ""bank_holiday_id"" : 51475}, {""id"" : 0, ""date"" : ""1111"", ""bank_holiday_id"" : 51475}, {""id"" : 0, ""date"" : ""1224"", ""bank_holiday_id"" : 51475}]}"
10005110,51477,"{""bhl"" : {""id"" : 51477, ""name"" : ""USIPHAR_FE_TPC4"", ""vpn_id"" : 10005110}, ""dates"" : [{""id"" : 0, ""date"" : ""0101"", ""bank_holiday_id"" : 51477}, {""id"" : 0, ""date"" : ""0422"", ""bank_holiday_id"" : 51477}, {""id"" : 0, ""date"" : ""0501"", ""bank_holiday_id"" : 51477}, {""id"" : 0, ""date"" : ""0508"", ""bank_holiday_id"" : 51477}, {""id"" : 0, ""date"" : ""0530"", ""bank_holiday_id"" : 51477}, {""id"" : 0, ""date"" : ""0610"", ""bank_holiday_id"" : 51477}, {""id"" : 0, ""date"" : ""0714"", ""bank_holiday_id"" : 51477}, {""id"" : 0, ""date"" : ""0815"", ""bank_holiday_id"" : 51477}, {""id"" : 0, ""date"" : ""1101"", ""bank_holiday_id"" : 51477}, {""id"" : 0, ""date"" : ""1111"", ""bank_holiday_id"" : 51477}, {""id"" : 0, ""date"" : ""1224"", ""bank_holiday_id"" : 51477}]}"
10005110,51478,"{""bhl"" : {""id"" : 51478, ""name"" : ""SERIPHARM__8UfZ"", ""vpn_id"" : 10005110}, ""dates"" : [{""id"" : 0, ""date"" : ""0101"", ""bank_holiday_id"" : 51478}, {""id"" : 0, ""date"" : ""0422"", ""bank_holiday_id"" : 51478}, {""id"" : 0, ""date"" : ""0501"", ""bank_holiday_id"" : 51478}, {""id"" : 0, ""date"" : ""0508"", ""bank_holiday_id"" : 51478}, {""id"" : 0, ""date"" : ""0530"", ""bank_holiday_id"" : 51478}, {""id"" : 0, ""date"" : ""0610"", ""bank_holiday_id"" : 51478}, {""id"" : 0, ""date"" : ""0714"", ""bank_holiday_id"" : 51478}, {""id"" : 0, ""date"" : ""0815"", ""bank_holiday_id"" : 51478}, {""id"" : 0, ""date"" : ""1101"", ""bank_holiday_id"" : 51478}, {""id"" : 0, ""date"" : ""1111"", ""bank_holiday_id"" : 51478}, {""id"" : 0, ""date"" : ""1224"", ""bank_holiday_id"" : 51478}]}"
10005110,51479,"{""bhl"" : {""id"" : 51479, ""name"" : ""LABORATOIR_SnCa"", ""vpn_id"" : 10005110}, ""dates"" : [{""id"" : 0, ""date"" : ""0101"", ""bank_holiday_id"" : 51479}, {""id"" : 0, ""date"" : ""0422"", ""bank_holiday_id"" : 51479}, {""id"" : 0, ""date"" : ""0501"", ""bank_holiday_id"" : 51479}, {""id"" : 0, ""date"" : ""0508"", ""bank_holiday_id"" : 51479}, {""id"" : 0, ""date"" : ""0530"", ""bank_holiday_id"" : 51479}, {""id"" : 0, ""date"" : ""0610"", ""bank_holiday_id"" : 51479}, {""id"" : 0, ""date"" : ""0714"", ""bank_holiday_id"" : 51479}, {""id"" : 0, ""date"" : ""0815"", ""bank_holiday_id"" : 51479}, {""id"" : 0, ""date"" : ""1101"", ""bank_holiday_id"" : 51479}, {""id"" : 0, ""date"" : ""1111"", ""bank_holiday_id"" : 51479}, {""id"" : 0, ""date"" : ""1224"", ""bank_holiday_id"" : 51479}]}"
10005110,51480,"{""bhl"" : {""id"" : 51480, ""name"" : ""AVENTIS_PA_nUe9"", ""vpn_id"" : 10005110}, ""dates"" : [{""id"" : 0, ""date"" : ""0101"", ""bank_holiday_id"" : 51480}, {""id"" : 0, ""date"" : ""0422"", ""bank_holiday_id"" : 51480}, {""id"" : 0, ""date"" : ""0501"", ""bank_holiday_id"" : 51480}, {""id"" : 0, ""date"" : ""0508"", ""bank_holiday_id"" : 51480}, {""id"" : 0, ""date"" : ""0530"", ""bank_holiday_id"" : 51480}, {""id"" : 0, ""date"" : ""0610"", ""bank_holiday_id"" : 51480}, {""id"" : 0, ""date"" : ""0714"", ""bank_holiday_id"" : 51480}, {""id"" : 0, ""date"" : ""0815"", ""bank_holiday_id"" : 51480}, {""id"" : 0, ""date"" : ""1101"", ""bank_holiday_id"" : 51480}, {""id"" : 0, ""date"" : ""1111"", ""bank_holiday_id"" : 51480}, {""id"" : 0, ""date"" : ""1224"", ""bank_holiday_id"" : 51480}]}"
10005110,51490,"{""bhl"" : {""id"" : 51490, ""name"" : ""AVENTIS_PA_pJIe"", ""vpn_id"" : 10005110}, ""dates"" : [{""id"" : 0, ""date"" : ""0101"", ""bank_holiday_id"" : 51490}, {""id"" : 0, ""date"" : ""0422"", ""bank_holiday_id"" : 51490}, {""id"" : 0, ""date"" : ""0501"", ""bank_holiday_id"" : 51490}, {""id"" : 0, ""date"" : ""0508"", ""bank_holiday_id"" : 51490}, {""id"" : 0, ""date"" : ""0530"", ""bank_holiday_id"" : 51490}, {""id"" : 0, ""date"" : ""0610"", ""bank_holiday_id"" : 51490}, {""id"" : 0, ""date"" : ""0714"", ""bank_holiday_id"" : 51490}, {""id"" : 0, ""date"" : ""0815"", ""bank_holiday_id"" : 51490}, {""id"" : 0, ""date"" : ""1101"", ""bank_holiday_id"" : 51490}, {""id"" : 0, ""date"" : ""1111"", ""bank_holiday_id"" : 51490}, {""id"" : 0, ""date"" : ""1224"", ""bank_holiday_id"" : 51490}]}"
10005110,51492,"{""bhl"" : {""id"" : 51492, ""name"" : ""AVENTIS_PA_hL0I"", ""vpn_id"" : 10005110}, ""dates"" : [{""id"" : 0, ""date"" : ""0101"", ""bank_holiday_id"" : 51492}, {""id"" : 0, ""date"" : ""0422"", ""bank_holiday_id"" : 51492}, {""id"" : 0, ""date"" : ""0501"", ""bank_holiday_id"" : 51492}, {""id"" : 0, ""date"" : ""0508"", ""bank_holiday_id"" : 51492}, {""id"" : 0, ""date"" : ""0530"", ""bank_holiday_id"" : 51492}, {""id"" : 0, ""date"" : ""0610"", ""bank_holiday_id"" : 51492}, {""id"" : 0, ""date"" : ""0714"", ""bank_holiday_id"" : 51492}, {""id"" : 0, ""date"" : ""0815"", ""bank_holiday_id"" : 51492}, {""id"" : 0, ""date"" : ""1101"", ""bank_holiday_id"" : 51492}, {""id"" : 0, ""date"" : ""1111"", ""bank_holiday_id"" : 51492}, {""id"" : 0, ""date"" : ""1224"", ""bank_holiday_id"" : 51492}]}"
10005110,51493,"{""bhl"" : {""id"" : 51493, ""name"" : ""LABORATOIR_OpKF"", ""vpn_id"" : 10005110}, ""dates"" : [{""id"" : 0, ""date"" : ""0101"", ""bank_holiday_id"" : 51493}, {""id"" : 0, ""date"" : ""0422"", ""bank_holiday_id"" : 51493}, {""id"" : 0, ""date"" : ""0501"", ""bank_holiday_id"" : 51493}, {""id"" : 0, ""date"" : ""0508"", ""bank_holiday_id"" : 51493}, {""id"" : 0, ""date"" : ""0530"", ""bank_holiday_id"" : 51493}, {""id"" : 0, ""date"" : ""0610"", ""bank_holiday_id"" : 51493}, {""id"" : 0, ""date"" : ""0714"", ""bank_holiday_id"" : 51493}, {""id"" : 0, ""date"" : ""0815"", ""bank_holiday_id"" : 51493}, {""id"" : 0, ""date"" : ""1101"", ""bank_holiday_id"" : 51493}, {""id"" : 0, ""date"" : ""1111"", ""bank_holiday_id"" : 51493}, {""id"" : 0, ""date"" : ""1224"", ""bank_holiday_id"" : 51493}]}"
10005110,51494,"{""bhl"" : {""id"" : 51494, ""name"" : ""RHONE_POUL_RVSH"", ""vpn_id"" : 10005110}, ""dates"" : [{""id"" : 0, ""date"" : ""0101"", ""bank_holiday_id"" : 51494}, {""id"" : 0, ""date"" : ""0422"", ""bank_holiday_id"" : 51494}, {""id"" : 0, ""date"" : ""0501"", ""bank_holiday_id"" : 51494}, {""id"" : 0, ""date"" : ""0508"", ""bank_holiday_id"" : 51494}, {""id"" : 0, ""date"" : ""0530"", ""bank_holiday_id"" : 51494}, {""id"" : 0, ""date"" : ""0610"", ""bank_holiday_id"" : 51494}, {""id"" : 0, ""date"" : ""0714"", ""bank_holiday_id"" : 51494}, {""id"" : 0, ""date"" : ""0815"", ""bank_holiday_id"" : 51494}, {""id"" : 0, ""date"" : ""1101"", ""bank_holiday_id"" : 51494}, {""id"" : 0, ""date"" : ""1111"", ""bank_holiday_id"" : 51494}, {""id"" : 0, ""date"" : ""1224"", ""bank_holiday_id"" : 51494}]}"
10005110,51496,"{""bhl"" : {""id"" : 51496, ""name"" : ""RHONE_POUL_PP8D"", ""vpn_id"" : 10005110}, ""dates"" : [{""id"" : 0, ""date"" : ""0101"", ""bank_holiday_id"" : 51496}, {""id"" : 0, ""date"" : ""0422"", ""bank_holiday_id"" : 51496}, {""id"" : 0, ""date"" : ""0501"", ""bank_holiday_id"" : 51496}, {""id"" : 0, ""date"" : ""0508"", ""bank_holiday_id"" : 51496}, {""id"" : 0, ""date"" : ""0530"", ""bank_holiday_id"" : 51496}, {""id"" : 0, ""date"" : ""0610"", ""bank_holiday_id"" : 51496}, {""id"" : 0, ""date"" : ""0714"", ""bank_holiday_id"" : 51496}, {""id"" : 0, ""date"" : ""0815"", ""bank_holiday_id"" : 51496}, {""id"" : 0, ""date"" : ""1101"", ""bank_holiday_id"" : 51496}, {""id"" : 0, ""date"" : ""1111"", ""bank_holiday_id"" : 51496}, {""id"" : 0, ""date"" : ""1224"", ""bank_holiday_id"" : 51496}]}"
10005110,51499,"{""bhl"" : {""id"" : 51499, ""name"" : ""AVENTIS_PR_dsHe"", ""vpn_id"" : 10005110}, ""dates"" : [{""id"" : 0, ""date"" : ""0101"", ""bank_holiday_id"" : 51499}, {""id"" : 0, ""date"" : ""0422"", ""bank_holiday_id"" : 51499}, {""id"" : 0, ""date"" : ""0501"", ""bank_holiday_id"" : 51499}, {""id"" : 0, ""date"" : ""0508"", ""bank_holiday_id"" : 51499}, {""id"" : 0, ""date"" : ""0530"", ""bank_holiday_id"" : 51499}, {""id"" : 0, ""date"" : ""0610"", ""bank_holiday_id"" : 51499}, {""id"" : 0, ""date"" : ""0714"", ""bank_holiday_id"" : 51499}, {""id"" : 0, ""date"" : ""0815"", ""bank_holiday_id"" : 51499}, {""id"" : 0, ""date"" : ""1101"", ""bank_holiday_id"" : 51499}, {""id"" : 0, ""date"" : ""1111"", ""bank_holiday_id"" : 51499}, {""id"" : 0, ""date"" : ""1224"", ""bank_holiday_id"" : 51499}]}"
10005110,51500,"{""bhl"" : {""id"" : 51500, ""name"" : ""S2G-SANOFI_9B8U"", ""vpn_id"" : 10005110}, ""dates"" : [{""id"" : 0, ""date"" : ""0101"", ""bank_holiday_id"" : 51500}, {""id"" : 0, ""date"" : ""0422"", ""bank_holiday_id"" : 51500}, {""id"" : 0, ""date"" : ""0501"", ""bank_holiday_id"" : 51500}, {""id"" : 0, ""date"" : ""0508"", ""bank_holiday_id"" : 51500}, {""id"" : 0, ""date"" : ""0530"", ""bank_holiday_id"" : 51500}, {""id"" : 0, ""date"" : ""0610"", ""bank_holiday_id"" : 51500}, {""id"" : 0, ""date"" : ""0714"", ""bank_holiday_id"" : 51500}, {""id"" : 0, ""date"" : ""0815"", ""bank_holiday_id"" : 51500}, {""id"" : 0, ""date"" : ""1101"", ""bank_holiday_id"" : 51500}, {""id"" : 0, ""date"" : ""1111"", ""bank_holiday_id"" : 51500}, {""id"" : 0, ""date"" : ""1224"", ""bank_holiday_id"" : 51500}]}"
10005110,51505,"{""bhl"" : {""id"" : 51505, ""name"" : ""S2G-SANOFI_j5AG"", ""vpn_id"" : 10005110}, ""dates"" : [{""id"" : 0, ""date"" : ""0101"", ""bank_holiday_id"" : 51505}, {""id"" : 0, ""date"" : ""0422"", ""bank_holiday_id"" : 51505}, {""id"" : 0, ""date"" : ""0501"", ""bank_holiday_id"" : 51505}, {""id"" : 0, ""date"" : ""0508"", ""bank_holiday_id"" : 51505}, {""id"" : 0, ""date"" : ""0530"", ""bank_holiday_id"" : 51505}, {""id"" : 0, ""date"" : ""0610"", ""bank_holiday_id"" : 51505}, {""id"" : 0, ""date"" : ""0714"", ""bank_holiday_id"" : 51505}, {""id"" : 0, ""date"" : ""0815"", ""bank_holiday_id"" : 51505}, {""id"" : 0, ""date"" : ""1101"", ""bank_holiday_id"" : 51505}, {""id"" : 0, ""date"" : ""1111"", ""bank_holiday_id"" : 51505}, {""id"" : 0, ""date"" : ""1224"", ""bank_holiday_id"" : 51505}]}"
10005110,51508,"{""bhl"" : {""id"" : 51508, ""name"" : ""S2G-SANOFI_2CJS"", ""vpn_id"" : 10005110}, ""dates"" : [{""id"" : 0, ""date"" : ""0101"", ""bank_holiday_id"" : 51508}, {""id"" : 0, ""date"" : ""0422"", ""bank_holiday_id"" : 51508}, {""id"" : 0, ""date"" : ""0501"", ""bank_holiday_id"" : 51508}, {""id"" : 0, ""date"" : ""0508"", ""bank_holiday_id"" : 51508}, {""id"" : 0, ""date"" : ""0530"", ""bank_holiday_id"" : 51508}, {""id"" : 0, ""date"" : ""0610"", ""bank_holiday_id"" : 51508}, {""id"" : 0, ""date"" : ""0714"", ""bank_holiday_id"" : 51508}, {""id"" : 0, ""date"" : ""0815"", ""bank_holiday_id"" : 51508}, {""id"" : 0, ""date"" : ""1101"", ""bank_holiday_id"" : 51508}, {""id"" : 0, ""date"" : ""1111"", ""bank_holiday_id"" : 51508}, {""id"" : 0, ""date"" : ""1224"", ""bank_holiday_id"" : 51508}]}"
10005110,51509,"{""bhl"" : {""id"" : 51509, ""name"" : ""S2G-SANOFI_Tawu"", ""vpn_id"" : 10005110}, ""dates"" : [{""id"" : 0, ""date"" : ""0101"", ""bank_holiday_id"" : 51509}, {""id"" : 0, ""date"" : ""0422"", ""bank_holiday_id"" : 51509}, {""id"" : 0, ""date"" : ""0501"", ""bank_holiday_id"" : 51509}, {""id"" : 0, ""date"" : ""0508"", ""bank_holiday_id"" : 51509}, {""id"" : 0, ""date"" : ""0530"", ""bank_holiday_id"" : 51509}, {""id"" : 0, ""date"" : ""0610"", ""bank_holiday_id"" : 51509}, {""id"" : 0, ""date"" : ""0714"", ""bank_holiday_id"" : 51509}, {""id"" : 0, ""date"" : ""0815"", ""bank_holiday_id"" : 51509}, {""id"" : 0, ""date"" : ""1101"", ""bank_holiday_id"" : 51509}, {""id"" : 0, ""date"" : ""1111"", ""bank_holiday_id"" : 51509}, {""id"" : 0, ""date"" : ""1224"", ""bank_holiday_id"" : 51509}]}"
10005110,51510,"{""bhl"" : {""id"" : 51510, ""name"" : ""SANOFI_WIN_IR3F"", ""vpn_id"" : 10005110}, ""dates"" : [{""id"" : 0, ""date"" : ""0101"", ""bank_holiday_id"" : 51510}, {""id"" : 0, ""date"" : ""0422"", ""bank_holiday_id"" : 51510}, {""id"" : 0, ""date"" : ""0501"", ""bank_holiday_id"" : 51510}, {""id"" : 0, ""date"" : ""0508"", ""bank_holiday_id"" : 51510}, {""id"" : 0, ""date"" : ""0530"", ""bank_holiday_id"" : 51510}, {""id"" : 0, ""date"" : ""0610"", ""bank_holiday_id"" : 51510}, {""id"" : 0, ""date"" : ""0714"", ""bank_holiday_id"" : 51510}, {""id"" : 0, ""date"" : ""0815"", ""bank_holiday_id"" : 51510}, {""id"" : 0, ""date"" : ""1101"", ""bank_holiday_id"" : 51510}, {""id"" : 0, ""date"" : ""1111"", ""bank_holiday_id"" : 51510}, {""id"" : 0, ""date"" : ""1224"", ""bank_holiday_id"" : 51510}]}"
10005139,51511,"{""bhl"" : {""id"" : 51511, ""name"" : ""CALENDAR_D0BC5B"", ""vpn_id"" : 10005139}, ""dates"" : [{""id"" : 0, ""date"" : ""0101"", ""bank_holiday_id"" : 51511}, {""id"" : 0, ""date"" : ""0406"", ""bank_holiday_id"" : 51511}, {""id"" : 0, ""date"" : ""0501"", ""bank_holiday_id"" : 51511}, {""id"" : 0, ""date"" : ""0508"", ""bank_holiday_id"" : 51511}, {""id"" : 0, ""date"" : ""0514"", ""bank_holiday_id"" : 51511}, {""id"" : 0, ""date"" : ""0525"", ""bank_holiday_id"" : 51511}, {""id"" : 0, ""date"" : ""0714"", ""bank_holiday_id"" : 51511}, {""id"" : 0, ""date"" : ""0815"", ""bank_holiday_id"" : 51511}, {""id"" : 0, ""date"" : ""1101"", ""bank_holiday_id"" : 51511}, {""id"" : 0, ""date"" : ""1111"", ""bank_holiday_id"" : 51511}, {""id"" : 0, ""date"" : ""1225"", ""bank_holiday_id"" : 51511}]}"
10005140,51512,"{""bhl"" : {""id"" : 51512, ""name"" : ""CALENDAR_C200A1"", ""vpn_id"" : 10005140}, ""dates"" : [{""id"" : 0, ""date"" : ""0101"", ""bank_holiday_id"" : 51512}, {""id"" : 0, ""date"" : ""0406"", ""bank_holiday_id"" : 51512}, {""id"" : 0, ""date"" : ""0501"", ""bank_holiday_id"" : 51512}, {""id"" : 0, ""date"" : ""0508"", ""bank_holiday_id"" : 51512}, {""id"" : 0, ""date"" : ""0514"", ""bank_holiday_id"" : 51512}, {""id"" : 0, ""date"" : ""0525"", ""bank_holiday_id"" : 51512}, {""id"" : 0, ""date"" : ""0714"", ""bank_holiday_id"" : 51512}, {""id"" : 0, ""date"" : ""0815"", ""bank_holiday_id"" : 51512}, {""id"" : 0, ""date"" : ""1101"", ""bank_holiday_id"" : 51512}, {""id"" : 0, ""date"" : ""1111"", ""bank_holiday_id"" : 51512}, {""id"" : 0, ""date"" : ""1225"", ""bank_holiday_id"" : 51512}]}"
10001121,51514,"{""bhl"" : {""id"" : 51514, ""name"" : ""DPT_EURE_E_gVPA"", ""vpn_id"" : 10001121}, ""dates"" : [{""id"" : 0, ""date"" : ""0101"", ""bank_holiday_id"" : 51514}, {""id"" : 0, ""date"" : ""0422"", ""bank_holiday_id"" : 51514}, {""id"" : 0, ""date"" : ""0501"", ""bank_holiday_id"" : 51514}, {""id"" : 0, ""date"" : ""0508"", ""bank_holiday_id"" : 51514}, {""id"" : 0, ""date"" : ""0530"", ""bank_holiday_id"" : 51514}, {""id"" : 0, ""date"" : ""0610"", ""bank_holiday_id"" : 51514}, {""id"" : 0, ""date"" : ""0714"", ""bank_holiday_id"" : 51514}, {""id"" : 0, ""date"" : ""0815"", ""bank_holiday_id"" : 51514}, {""id"" : 0, ""date"" : ""1101"", ""bank_holiday_id"" : 51514}, {""id"" : 0, ""date"" : ""1111"", ""bank_holiday_id"" : 51514}, {""id"" : 0, ""date"" : ""1225"", ""bank_holiday_id"" : 51514}]}"
10005110,51470,"{""bhl"" : {""id"" : 51470, ""name"" : ""AVENTIS_IN_OBCs"", ""vpn_id"" : 10005110}, ""dates"" : [{""id"" : 0, ""date"" : ""0101"", ""bank_holiday_id"" : 51470}, {""id"" : 0, ""date"" : ""0422"", ""bank_holiday_id"" : 51470}, {""id"" : 0, ""date"" : ""0501"", ""bank_holiday_id"" : 51470}, {""id"" : 0, ""date"" : ""0508"", ""bank_holiday_id"" : 51470}, {""id"" : 0, ""date"" : ""0530"", ""bank_holiday_id"" : 51470}, {""id"" : 0, ""date"" : ""0610"", ""bank_holiday_id"" : 51470}, {""id"" : 0, ""date"" : ""0714"", ""bank_holiday_id"" : 51470}, {""id"" : 0, ""date"" : ""0815"", ""bank_holiday_id"" : 51470}, {""id"" : 0, ""date"" : ""1101"", ""bank_holiday_id"" : 51470}, {""id"" : 0, ""date"" : ""1111"", ""bank_holiday_id"" : 51470}, {""id"" : 0, ""date"" : ""1224"", ""bank_holiday_id"" : 51470}]}"
10005110,51495,"{""bhl"" : {""id"" : 51495, ""name"" : ""ARCHEMIS_D_GrHl"", ""vpn_id"" : 10005110}, ""dates"" : [{""id"" : 0, ""date"" : ""0101"", ""bank_holiday_id"" : 51495}, {""id"" : 0, ""date"" : ""0422"", ""bank_holiday_id"" : 51495}, {""id"" : 0, ""date"" : ""0501"", ""bank_holiday_id"" : 51495}, {""id"" : 0, ""date"" : ""0508"", ""bank_holiday_id"" : 51495}, {""id"" : 0, ""date"" : ""0530"", ""bank_holiday_id"" : 51495}, {""id"" : 0, ""date"" : ""0610"", ""bank_holiday_id"" : 51495}, {""id"" : 0, ""date"" : ""0714"", ""bank_holiday_id"" : 51495}, {""id"" : 0, ""date"" : ""0815"", ""bank_holiday_id"" : 51495}, {""id"" : 0, ""date"" : ""1101"", ""bank_holiday_id"" : 51495}, {""id"" : 0, ""date"" : ""1111"", ""bank_holiday_id"" : 51495}, {""id"" : 0, ""date"" : ""1225"", ""bank_holiday_id"" : 51495}]}"
10001121,51517,"{""bhl"" : {""id"" : 51517, ""name"" : ""AGENCE_DE__bAKi"", ""vpn_id"" : 10001121}, ""dates"" : [{""id"" : 0, ""date"" : ""0101"", ""bank_holiday_id"" : 51517}, {""id"" : 0, ""date"" : ""0422"", ""bank_holiday_id"" : 51517}, {""id"" : 0, ""date"" : ""0501"", ""bank_holiday_id"" : 51517}, {""id"" : 0, ""date"" : ""0508"", ""bank_holiday_id"" : 51517}, {""id"" : 0, ""date"" : ""0530"", ""bank_holiday_id"" : 51517}, {""id"" : 0, ""date"" : ""0610"", ""bank_holiday_id"" : 51517}, {""id"" : 0, ""date"" : ""0714"", ""bank_holiday_id"" : 51517}, {""id"" : 0, ""date"" : ""0815"", ""bank_holiday_id"" : 51517}, {""id"" : 0, ""date"" : ""1101"", ""bank_holiday_id"" : 51517}, {""id"" : 0, ""date"" : ""1111"", ""bank_holiday_id"" : 51517}, {""id"" : 0, ""date"" : ""1225"", ""bank_holiday_id"" : 51517}]}"
10001121,51518,"{""bhl"" : {""id"" : 51518, ""name"" : ""AGENCE_DE__ewYv"", ""vpn_id"" : 10001121}, ""dates"" : [{""id"" : 0, ""date"" : ""0101"", ""bank_holiday_id"" : 51518}, {""id"" : 0, ""date"" : ""0422"", ""bank_holiday_id"" : 51518}, {""id"" : 0, ""date"" : ""0501"", ""bank_holiday_id"" : 51518}, {""id"" : 0, ""date"" : ""0508"", ""bank_holiday_id"" : 51518}, {""id"" : 0, ""date"" : ""0530"", ""bank_holiday_id"" : 51518}, {""id"" : 0, ""date"" : ""0610"", ""bank_holiday_id"" : 51518}, {""id"" : 0, ""date"" : ""0714"", ""bank_holiday_id"" : 51518}, {""id"" : 0, ""date"" : ""0815"", ""bank_holiday_id"" : 51518}, {""id"" : 0, ""date"" : ""1101"", ""bank_holiday_id"" : 51518}, {""id"" : 0, ""date"" : ""1111"", ""bank_holiday_id"" : 51518}, {""id"" : 0, ""date"" : ""1225"", ""bank_holiday_id"" : 51518}]}"
10001121,51519,"{""bhl"" : {""id"" : 51519, ""name"" : ""GROUPAMA_C_CKAO"", ""vpn_id"" : 10001121}, ""dates"" : [{""id"" : 0, ""date"" : ""0101"", ""bank_holiday_id"" : 51519}, {""id"" : 0, ""date"" : ""0422"", ""bank_holiday_id"" : 51519}, {""id"" : 0, ""date"" : ""0501"", ""bank_holiday_id"" : 51519}, {""id"" : 0, ""date"" : ""0508"", ""bank_holiday_id"" : 51519}, {""id"" : 0, ""date"" : ""0530"", ""bank_holiday_id"" : 51519}, {""id"" : 0, ""date"" : ""0610"", ""bank_holiday_id"" : 51519}, {""id"" : 0, ""date"" : ""0714"", ""bank_holiday_id"" : 51519}, {""id"" : 0, ""date"" : ""0815"", ""bank_holiday_id"" : 51519}, {""id"" : 0, ""date"" : ""1101"", ""bank_holiday_id"" : 51519}, {""id"" : 0, ""date"" : ""1111"", ""bank_holiday_id"" : 51519}, {""id"" : 0, ""date"" : ""1225"", ""bank_holiday_id"" : 51519}]}"
10001121,51524,"{""bhl"" : {""id"" : 51524, ""name"" : ""DPT_SARTHE_WPa8"", ""vpn_id"" : 10001121}, ""dates"" : [{""id"" : 0, ""date"" : ""0101"", ""bank_holiday_id"" : 51524}, {""id"" : 0, ""date"" : ""0422"", ""bank_holiday_id"" : 51524}, {""id"" : 0, ""date"" : ""0501"", ""bank_holiday_id"" : 51524}, {""id"" : 0, ""date"" : ""0508"", ""bank_holiday_id"" : 51524}, {""id"" : 0, ""date"" : ""0530"", ""bank_holiday_id"" : 51524}, {""id"" : 0, ""date"" : ""0610"", ""bank_holiday_id"" : 51524}, {""id"" : 0, ""date"" : ""0714"", ""bank_holiday_id"" : 51524}, {""id"" : 0, ""date"" : ""0815"", ""bank_holiday_id"" : 51524}, {""id"" : 0, ""date"" : ""1101"", ""bank_holiday_id"" : 51524}, {""id"" : 0, ""date"" : ""1111"", ""bank_holiday_id"" : 51524}, {""id"" : 0, ""date"" : ""1225"", ""bank_holiday_id"" : 51524}]}"
10001121,51526,"{""bhl"" : {""id"" : 51526, ""name"" : ""CRAMA_DE_N_01zV"", ""vpn_id"" : 10001121}, ""dates"" : [{""id"" : 0, ""date"" : ""0101"", ""bank_holiday_id"" : 51526}, {""id"" : 0, ""date"" : ""0422"", ""bank_holiday_id"" : 51526}, {""id"" : 0, ""date"" : ""0501"", ""bank_holiday_id"" : 51526}, {""id"" : 0, ""date"" : ""0508"", ""bank_holiday_id"" : 51526}, {""id"" : 0, ""date"" : ""0530"", ""bank_holiday_id"" : 51526}, {""id"" : 0, ""date"" : ""0610"", ""bank_holiday_id"" : 51526}, {""id"" : 0, ""date"" : ""0714"", ""bank_holiday_id"" : 51526}, {""id"" : 0, ""date"" : ""0815"", ""bank_holiday_id"" : 51526}, {""id"" : 0, ""date"" : ""1101"", ""bank_holiday_id"" : 51526}, {""id"" : 0, ""date"" : ""1111"", ""bank_holiday_id"" : 51526}, {""id"" : 0, ""date"" : ""1225"", ""bank_holiday_id"" : 51526}]}"
10001121,51527,"{""bhl"" : {""id"" : 51527, ""name"" : ""CRAMA_DE_N_ONRw"", ""vpn_id"" : 10001121}, ""dates"" : [{""id"" : 0, ""date"" : ""0101"", ""bank_holiday_id"" : 51527}, {""id"" : 0, ""date"" : ""0422"", ""bank_holiday_id"" : 51527}, {""id"" : 0, ""date"" : ""0501"", ""bank_holiday_id"" : 51527}, {""id"" : 0, ""date"" : ""0508"", ""bank_holiday_id"" : 51527}, {""id"" : 0, ""date"" : ""0530"", ""bank_holiday_id"" : 51527}, {""id"" : 0, ""date"" : ""0610"", ""bank_holiday_id"" : 51527}, {""id"" : 0, ""date"" : ""0714"", ""bank_holiday_id"" : 51527}, {""id"" : 0, ""date"" : ""0815"", ""bank_holiday_id"" : 51527}, {""id"" : 0, ""date"" : ""1101"", ""bank_holiday_id"" : 51527}, {""id"" : 0, ""date"" : ""1111"", ""bank_holiday_id"" : 51527}, {""id"" : 0, ""date"" : ""1225"", ""bank_holiday_id"" : 51527}]}"
10001121,51528,"{""bhl"" : {""id"" : 51528, ""name"" : ""CRAMA_AVRA_sdjG"", ""vpn_id"" : 10001121}, ""dates"" : [{""id"" : 0, ""date"" : ""0101"", ""bank_holiday_id"" : 51528}, {""id"" : 0, ""date"" : ""0422"", ""bank_holiday_id"" : 51528}, {""id"" : 0, ""date"" : ""0501"", ""bank_holiday_id"" : 51528}, {""id"" : 0, ""date"" : ""0508"", ""bank_holiday_id"" : 51528}, {""id"" : 0, ""date"" : ""0530"", ""bank_holiday_id"" : 51528}, {""id"" : 0, ""date"" : ""0610"", ""bank_holiday_id"" : 51528}, {""id"" : 0, ""date"" : ""0714"", ""bank_holiday_id"" : 51528}, {""id"" : 0, ""date"" : ""0815"", ""bank_holiday_id"" : 51528}, {""id"" : 0, ""date"" : ""1101"", ""bank_holiday_id"" : 51528}, {""id"" : 0, ""date"" : ""1111"", ""bank_holiday_id"" : 51528}, {""id"" : 0, ""date"" : ""1225"", ""bank_holiday_id"" : 51528}]}"
10001121,51529,"{""bhl"" : {""id"" : 51529, ""name"" : ""AGENCE_DE__8d26"", ""vpn_id"" : 10001121}, ""dates"" : [{""id"" : 0, ""date"" : ""0101"", ""bank_holiday_id"" : 51529}, {""id"" : 0, ""date"" : ""0422"", ""bank_holiday_id"" : 51529}, {""id"" : 0, ""date"" : ""0501"", ""bank_holiday_id"" : 51529}, {""id"" : 0, ""date"" : ""0508"", ""bank_holiday_id"" : 51529}, {""id"" : 0, ""date"" : ""0530"", ""bank_holiday_id"" : 51529}, {""id"" : 0, ""date"" : ""0610"", ""bank_holiday_id"" : 51529}, {""id"" : 0, ""date"" : ""0714"", ""bank_holiday_id"" : 51529}, {""id"" : 0, ""date"" : ""0815"", ""bank_holiday_id"" : 51529}, {""id"" : 0, ""date"" : ""1101"", ""bank_holiday_id"" : 51529}, {""id"" : 0, ""date"" : ""1111"", ""bank_holiday_id"" : 51529}, {""id"" : 0, ""date"" : ""1225"", ""bank_holiday_id"" : 51529}]}"
10001121,51530,"{""bhl"" : {""id"" : 51530, ""name"" : ""AGENCE_DE__Izwd"", ""vpn_id"" : 10001121}, ""dates"" : [{""id"" : 0, ""date"" : ""0101"", ""bank_holiday_id"" : 51530}, {""id"" : 0, ""date"" : ""0422"", ""bank_holiday_id"" : 51530}, {""id"" : 0, ""date"" : ""0501"", ""bank_holiday_id"" : 51530}, {""id"" : 0, ""date"" : ""0508"", ""bank_holiday_id"" : 51530}, {""id"" : 0, ""date"" : ""0530"", ""bank_holiday_id"" : 51530}, {""id"" : 0, ""date"" : ""0610"", ""bank_holiday_id"" : 51530}, {""id"" : 0, ""date"" : ""0714"", ""bank_holiday_id"" : 51530}, {""id"" : 0, ""date"" : ""0815"", ""bank_holiday_id"" : 51530}, {""id"" : 0, ""date"" : ""1101"", ""bank_holiday_id"" : 51530}, {""id"" : 0, ""date"" : ""1111"", ""bank_holiday_id"" : 51530}, {""id"" : 0, ""date"" : ""1225"", ""bank_holiday_id"" : 51530}]}"
10001121,51532,"{""bhl"" : {""id"" : 51532, ""name"" : ""AGENCE_DE__kyU4"", ""vpn_id"" : 10001121}, ""dates"" : [{""id"" : 0, ""date"" : ""0101"", ""bank_holiday_id"" : 51532}, {""id"" : 0, ""date"" : ""0422"", ""bank_holiday_id"" : 51532}, {""id"" : 0, ""date"" : ""0501"", ""bank_holiday_id"" : 51532}, {""id"" : 0, ""date"" : ""0508"", ""bank_holiday_id"" : 51532}, {""id"" : 0, ""date"" : ""0530"", ""bank_holiday_id"" : 51532}, {""id"" : 0, ""date"" : ""0610"", ""bank_holiday_id"" : 51532}, {""id"" : 0, ""date"" : ""0714"", ""bank_holiday_id"" : 51532}, {""id"" : 0, ""date"" : ""0815"", ""bank_holiday_id"" : 51532}, {""id"" : 0, ""date"" : ""1101"", ""bank_holiday_id"" : 51532}, {""id"" : 0, ""date"" : ""1111"", ""bank_holiday_id"" : 51532}, {""id"" : 0, ""date"" : ""1225"", ""bank_holiday_id"" : 51532}]}"
10001121,51534,"{""bhl"" : {""id"" : 51534, ""name"" : ""AGENCE_DE__esT2"", ""vpn_id"" : 10001121}, ""dates"" : [{""id"" : 0, ""date"" : ""0101"", ""bank_holiday_id"" : 51534}, {""id"" : 0, ""date"" : ""0422"", ""bank_holiday_id"" : 51534}, {""id"" : 0, ""date"" : ""0501"", ""bank_holiday_id"" : 51534}, {""id"" : 0, ""date"" : ""0508"", ""bank_holiday_id"" : 51534}, {""id"" : 0, ""date"" : ""0530"", ""bank_holiday_id"" : 51534}, {""id"" : 0, ""date"" : ""0610"", ""bank_holiday_id"" : 51534}, {""id"" : 0, ""date"" : ""0714"", ""bank_holiday_id"" : 51534}, {""id"" : 0, ""date"" : ""0815"", ""bank_holiday_id"" : 51534}, {""id"" : 0, ""date"" : ""1101"", ""bank_holiday_id"" : 51534}, {""id"" : 0, ""date"" : ""1111"", ""bank_holiday_id"" : 51534}, {""id"" : 0, ""date"" : ""1225"", ""bank_holiday_id"" : 51534}]}"
10001121,51535,"{""bhl"" : {""id"" : 51535, ""name"" : ""AGENCE_DE__N4yv"", ""vpn_id"" : 10001121}, ""dates"" : [{""id"" : 0, ""date"" : ""0101"", ""bank_holiday_id"" : 51535}, {""id"" : 0, ""date"" : ""0422"", ""bank_holiday_id"" : 51535}, {""id"" : 0, ""date"" : ""0501"", ""bank_holiday_id"" : 51535}, {""id"" : 0, ""date"" : ""0508"", ""bank_holiday_id"" : 51535}, {""id"" : 0, ""date"" : ""0530"", ""bank_holiday_id"" : 51535}, {""id"" : 0, ""date"" : ""0610"", ""bank_holiday_id"" : 51535}, {""id"" : 0, ""date"" : ""0714"", ""bank_holiday_id"" : 51535}, {""id"" : 0, ""date"" : ""0815"", ""bank_holiday_id"" : 51535}, {""id"" : 0, ""date"" : ""1101"", ""bank_holiday_id"" : 51535}, {""id"" : 0, ""date"" : ""1111"", ""bank_holiday_id"" : 51535}, {""id"" : 0, ""date"" : ""1225"", ""bank_holiday_id"" : 51535}]}"
10001121,51536,"{""bhl"" : {""id"" : 51536, ""name"" : ""AGENCE_DE__pQYs"", ""vpn_id"" : 10001121}, ""dates"" : [{""id"" : 0, ""date"" : ""0101"", ""bank_holiday_id"" : 51536}, {""id"" : 0, ""date"" : ""0422"", ""bank_holiday_id"" : 51536}, {""id"" : 0, ""date"" : ""0501"", ""bank_holiday_id"" : 51536}, {""id"" : 0, ""date"" : ""0508"", ""bank_holiday_id"" : 51536}, {""id"" : 0, ""date"" : ""0530"", ""bank_holiday_id"" : 51536}, {""id"" : 0, ""date"" : ""0610"", ""bank_holiday_id"" : 51536}, {""id"" : 0, ""date"" : ""0714"", ""bank_holiday_id"" : 51536}, {""id"" : 0, ""date"" : ""0815"", ""bank_holiday_id"" : 51536}, {""id"" : 0, ""date"" : ""1101"", ""bank_holiday_id"" : 51536}, {""id"" : 0, ""date"" : ""1111"", ""bank_holiday_id"" : 51536}, {""id"" : 0, ""date"" : ""1225"", ""bank_holiday_id"" : 51536}]}"
10001121,51537,"{""bhl"" : {""id"" : 51537, ""name"" : ""AGENCE_DE__HSiG"", ""vpn_id"" : 10001121}, ""dates"" : [{""id"" : 0, ""date"" : ""0101"", ""bank_holiday_id"" : 51537}, {""id"" : 0, ""date"" : ""0422"", ""bank_holiday_id"" : 51537}, {""id"" : 0, ""date"" : ""0501"", ""bank_holiday_id"" : 51537}, {""id"" : 0, ""date"" : ""0508"", ""bank_holiday_id"" : 51537}, {""id"" : 0, ""date"" : ""0530"", ""bank_holiday_id"" : 51537}, {""id"" : 0, ""date"" : ""0610"", ""bank_holiday_id"" : 51537}, {""id"" : 0, ""date"" : ""0714"", ""bank_holiday_id"" : 51537}, {""id"" : 0, ""date"" : ""0815"", ""bank_holiday_id"" : 51537}, {""id"" : 0, ""date"" : ""1101"", ""bank_holiday_id"" : 51537}, {""id"" : 0, ""date"" : ""1111"", ""bank_holiday_id"" : 51537}, {""id"" : 0, ""date"" : ""1225"", ""bank_holiday_id"" : 51537}]}"
10001121,51538,"{""bhl"" : {""id"" : 51538, ""name"" : ""AGENCE_DE__3ILK"", ""vpn_id"" : 10001121}, ""dates"" : [{""id"" : 0, ""date"" : ""0101"", ""bank_holiday_id"" : 51538}, {""id"" : 0, ""date"" : ""0422"", ""bank_holiday_id"" : 51538}, {""id"" : 0, ""date"" : ""0501"", ""bank_holiday_id"" : 51538}, {""id"" : 0, ""date"" : ""0508"", ""bank_holiday_id"" : 51538}, {""id"" : 0, ""date"" : ""0530"", ""bank_holiday_id"" : 51538}, {""id"" : 0, ""date"" : ""0610"", ""bank_holiday_id"" : 51538}, {""id"" : 0, ""date"" : ""0714"", ""bank_holiday_id"" : 51538}, {""id"" : 0, ""date"" : ""0815"", ""bank_holiday_id"" : 51538}, {""id"" : 0, ""date"" : ""1101"", ""bank_holiday_id"" : 51538}, {""id"" : 0, ""date"" : ""1111"", ""bank_holiday_id"" : 51538}, {""id"" : 0, ""date"" : ""1225"", ""bank_holiday_id"" : 51538}]}"
10001121,51539,"{""bhl"" : {""id"" : 51539, ""name"" : ""AGENCE_DE__CSIx"", ""vpn_id"" : 10001121}, ""dates"" : [{""id"" : 0, ""date"" : ""0101"", ""bank_holiday_id"" : 51539}, {""id"" : 0, ""date"" : ""0422"", ""bank_holiday_id"" : 51539}, {""id"" : 0, ""date"" : ""0501"", ""bank_holiday_id"" : 51539}, {""id"" : 0, ""date"" : ""0508"", ""bank_holiday_id"" : 51539}, {""id"" : 0, ""date"" : ""0530"", ""bank_holiday_id"" : 51539}, {""id"" : 0, ""date"" : ""0610"", ""bank_holiday_id"" : 51539}, {""id"" : 0, ""date"" : ""0714"", ""bank_holiday_id"" : 51539}, {""id"" : 0, ""date"" : ""0815"", ""bank_holiday_id"" : 51539}, {""id"" : 0, ""date"" : ""1101"", ""bank_holiday_id"" : 51539}, {""id"" : 0, ""date"" : ""1111"", ""bank_holiday_id"" : 51539}, {""id"" : 0, ""date"" : ""1225"", ""bank_holiday_id"" : 51539}]}"
10001121,51540,"{""bhl"" : {""id"" : 51540, ""name"" : ""AGENCE_DE__UgbH"", ""vpn_id"" : 10001121}, ""dates"" : [{""id"" : 0, ""date"" : ""0101"", ""bank_holiday_id"" : 51540}, {""id"" : 0, ""date"" : ""0422"", ""bank_holiday_id"" : 51540}, {""id"" : 0, ""date"" : ""0501"", ""bank_holiday_id"" : 51540}, {""id"" : 0, ""date"" : ""0508"", ""bank_holiday_id"" : 51540}, {""id"" : 0, ""date"" : ""0530"", ""bank_holiday_id"" : 51540}, {""id"" : 0, ""date"" : ""0610"", ""bank_holiday_id"" : 51540}, {""id"" : 0, ""date"" : ""0714"", ""bank_holiday_id"" : 51540}, {""id"" : 0, ""date"" : ""0815"", ""bank_holiday_id"" : 51540}, {""id"" : 0, ""date"" : ""1101"", ""bank_holiday_id"" : 51540}, {""id"" : 0, ""date"" : ""1111"", ""bank_holiday_id"" : 51540}, {""id"" : 0, ""date"" : ""1225"", ""bank_holiday_id"" : 51540}]}"
10001121,51545,"{""bhl"" : {""id"" : 51545, ""name"" : ""AGENCE_DE__Yy9C"", ""vpn_id"" : 10001121}, ""dates"" : [{""id"" : 0, ""date"" : ""0101"", ""bank_holiday_id"" : 51545}, {""id"" : 0, ""date"" : ""0422"", ""bank_holiday_id"" : 51545}, {""id"" : 0, ""date"" : ""0501"", ""bank_holiday_id"" : 51545}, {""id"" : 0, ""date"" : ""0508"", ""bank_holiday_id"" : 51545}, {""id"" : 0, ""date"" : ""0530"", ""bank_holiday_id"" : 51545}, {""id"" : 0, ""date"" : ""0610"", ""bank_holiday_id"" : 51545}, {""id"" : 0, ""date"" : ""0714"", ""bank_holiday_id"" : 51545}, {""id"" : 0, ""date"" : ""0815"", ""bank_holiday_id"" : 51545}, {""id"" : 0, ""date"" : ""1101"", ""bank_holiday_id"" : 51545}, {""id"" : 0, ""date"" : ""1111"", ""bank_holiday_id"" : 51545}, {""id"" : 0, ""date"" : ""1225"", ""bank_holiday_id"" : 51545}]}"
10001121,51550,"{""bhl"" : {""id"" : 51550, ""name"" : ""AGENCE_DE__KJvn"", ""vpn_id"" : 10001121}, ""dates"" : [{""id"" : 0, ""date"" : ""0101"", ""bank_holiday_id"" : 51550}, {""id"" : 0, ""date"" : ""0422"", ""bank_holiday_id"" : 51550}, {""id"" : 0, ""date"" : ""0501"", ""bank_holiday_id"" : 51550}, {""id"" : 0, ""date"" : ""0508"", ""bank_holiday_id"" : 51550}, {""id"" : 0, ""date"" : ""0530"", ""bank_holiday_id"" : 51550}, {""id"" : 0, ""date"" : ""0610"", ""bank_holiday_id"" : 51550}, {""id"" : 0, ""date"" : ""0714"", ""bank_holiday_id"" : 51550}, {""id"" : 0, ""date"" : ""0815"", ""bank_holiday_id"" : 51550}, {""id"" : 0, ""date"" : ""1101"", ""bank_holiday_id"" : 51550}, {""id"" : 0, ""date"" : ""1111"", ""bank_holiday_id"" : 51550}, {""id"" : 0, ""date"" : ""1225"", ""bank_holiday_id"" : 51550}]}"
10001121,51553,"{""bhl"" : {""id"" : 51553, ""name"" : ""AGENCE_DE__wDiZ"", ""vpn_id"" : 10001121}, ""dates"" : [{""id"" : 0, ""date"" : ""0101"", ""bank_holiday_id"" : 51553}, {""id"" : 0, ""date"" : ""0422"", ""bank_holiday_id"" : 51553}, {""id"" : 0, ""date"" : ""0501"", ""bank_holiday_id"" : 51553}, {""id"" : 0, ""date"" : ""0508"", ""bank_holiday_id"" : 51553}, {""id"" : 0, ""date"" : ""0530"", ""bank_holiday_id"" : 51553}, {""id"" : 0, ""date"" : ""0610"", ""bank_holiday_id"" : 51553}, {""id"" : 0, ""date"" : ""0714"", ""bank_holiday_id"" : 51553}, {""id"" : 0, ""date"" : ""0815"", ""bank_holiday_id"" : 51553}, {""id"" : 0, ""date"" : ""1101"", ""bank_holiday_id"" : 51553}, {""id"" : 0, ""date"" : ""1111"", ""bank_holiday_id"" : 51553}, {""id"" : 0, ""date"" : ""1225"", ""bank_holiday_id"" : 51553}]}"
10001121,51555,"{""bhl"" : {""id"" : 51555, ""name"" : ""AGENCE_DE__KyoW"", ""vpn_id"" : 10001121}, ""dates"" : [{""id"" : 0, ""date"" : ""0101"", ""bank_holiday_id"" : 51555}, {""id"" : 0, ""date"" : ""0422"", ""bank_holiday_id"" : 51555}, {""id"" : 0, ""date"" : ""0501"", ""bank_holiday_id"" : 51555}, {""id"" : 0, ""date"" : ""0508"", ""bank_holiday_id"" : 51555}, {""id"" : 0, ""date"" : ""0530"", ""bank_holiday_id"" : 51555}, {""id"" : 0, ""date"" : ""0610"", ""bank_holiday_id"" : 51555}, {""id"" : 0, ""date"" : ""0714"", ""bank_holiday_id"" : 51555}, {""id"" : 0, ""date"" : ""0815"", ""bank_holiday_id"" : 51555}, {""id"" : 0, ""date"" : ""1101"", ""bank_holiday_id"" : 51555}, {""id"" : 0, ""date"" : ""1111"", ""bank_holiday_id"" : 51555}, {""id"" : 0, ""date"" : ""1225"", ""bank_holiday_id"" : 51555}]}"
10001121,51556,"{""bhl"" : {""id"" : 51556, ""name"" : ""AGENCE_DE__qN16"", ""vpn_id"" : 10001121}, ""dates"" : [{""id"" : 0, ""date"" : ""0101"", ""bank_holiday_id"" : 51556}, {""id"" : 0, ""date"" : ""0422"", ""bank_holiday_id"" : 51556}, {""id"" : 0, ""date"" : ""0501"", ""bank_holiday_id"" : 51556}, {""id"" : 0, ""date"" : ""0508"", ""bank_holiday_id"" : 51556}, {""id"" : 0, ""date"" : ""0530"", ""bank_holiday_id"" : 51556}, {""id"" : 0, ""date"" : ""0610"", ""bank_holiday_id"" : 51556}, {""id"" : 0, ""date"" : ""0714"", ""bank_holiday_id"" : 51556}, {""id"" : 0, ""date"" : ""0815"", ""bank_holiday_id"" : 51556}, {""id"" : 0, ""date"" : ""1101"", ""bank_holiday_id"" : 51556}, {""id"" : 0, ""date"" : ""1111"", ""bank_holiday_id"" : 51556}, {""id"" : 0, ""date"" : ""1225"", ""bank_holiday_id"" : 51556}]}"
10001121,51557,"{""bhl"" : {""id"" : 51557, ""name"" : ""AGENCE_DE__79BI"", ""vpn_id"" : 10001121}, ""dates"" : [{""id"" : 0, ""date"" : ""0101"", ""bank_holiday_id"" : 51557}, {""id"" : 0, ""date"" : ""0422"", ""bank_holiday_id"" : 51557}, {""id"" : 0, ""date"" : ""0501"", ""bank_holiday_id"" : 51557}, {""id"" : 0, ""date"" : ""0508"", ""bank_holiday_id"" : 51557}, {""id"" : 0, ""date"" : ""0530"", ""bank_holiday_id"" : 51557}, {""id"" : 0, ""date"" : ""0610"", ""bank_holiday_id"" : 51557}, {""id"" : 0, ""date"" : ""0714"", ""bank_holiday_id"" : 51557}, {""id"" : 0, ""date"" : ""0815"", ""bank_holiday_id"" : 51557}, {""id"" : 0, ""date"" : ""1101"", ""bank_holiday_id"" : 51557}, {""id"" : 0, ""date"" : ""1111"", ""bank_holiday_id"" : 51557}, {""id"" : 0, ""date"" : ""1225"", ""bank_holiday_id"" : 51557}]}"
10001121,51558,"{""bhl"" : {""id"" : 51558, ""name"" : ""AGENCE_DE__lMJi"", ""vpn_id"" : 10001121}, ""dates"" : [{""id"" : 0, ""date"" : ""0101"", ""bank_holiday_id"" : 51558}, {""id"" : 0, ""date"" : ""0422"", ""bank_holiday_id"" : 51558}, {""id"" : 0, ""date"" : ""0501"", ""bank_holiday_id"" : 51558}, {""id"" : 0, ""date"" : ""0508"", ""bank_holiday_id"" : 51558}, {""id"" : 0, ""date"" : ""0530"", ""bank_holiday_id"" : 51558}, {""id"" : 0, ""date"" : ""0610"", ""bank_holiday_id"" : 51558}, {""id"" : 0, ""date"" : ""0714"", ""bank_holiday_id"" : 51558}, {""id"" : 0, ""date"" : ""0815"", ""bank_holiday_id"" : 51558}, {""id"" : 0, ""date"" : ""1101"", ""bank_holiday_id"" : 51558}, {""id"" : 0, ""date"" : ""1111"", ""bank_holiday_id"" : 51558}, {""id"" : 0, ""date"" : ""1225"", ""bank_holiday_id"" : 51558}]}"
10001121,51559,"{""bhl"" : {""id"" : 51559, ""name"" : ""AGENCE_DE__5QGq"", ""vpn_id"" : 10001121}, ""dates"" : [{""id"" : 0, ""date"" : ""0101"", ""bank_holiday_id"" : 51559}, {""id"" : 0, ""date"" : ""0422"", ""bank_holiday_id"" : 51559}, {""id"" : 0, ""date"" : ""0501"", ""bank_holiday_id"" : 51559}, {""id"" : 0, ""date"" : ""0508"", ""bank_holiday_id"" : 51559}, {""id"" : 0, ""date"" : ""0530"", ""bank_holiday_id"" : 51559}, {""id"" : 0, ""date"" : ""0610"", ""bank_holiday_id"" : 51559}, {""id"" : 0, ""date"" : ""0714"", ""bank_holiday_id"" : 51559}, {""id"" : 0, ""date"" : ""0815"", ""bank_holiday_id"" : 51559}, {""id"" : 0, ""date"" : ""1101"", ""bank_holiday_id"" : 51559}, {""id"" : 0, ""date"" : ""1111"", ""bank_holiday_id"" : 51559}, {""id"" : 0, ""date"" : ""1225"", ""bank_holiday_id"" : 51559}]}"
10001121,51560,"{""bhl"" : {""id"" : 51560, ""name"" : ""AGENCE_DE__tfpc"", ""vpn_id"" : 10001121}, ""dates"" : [{""id"" : 0, ""date"" : ""0101"", ""bank_holiday_id"" : 51560}, {""id"" : 0, ""date"" : ""0422"", ""bank_holiday_id"" : 51560}, {""id"" : 0, ""date"" : ""0501"", ""bank_holiday_id"" : 51560}, {""id"" : 0, ""date"" : ""0508"", ""bank_holiday_id"" : 51560}, {""id"" : 0, ""date"" : ""0530"", ""bank_holiday_id"" : 51560}, {""id"" : 0, ""date"" : ""0610"", ""bank_holiday_id"" : 51560}, {""id"" : 0, ""date"" : ""0714"", ""bank_holiday_id"" : 51560}, {""id"" : 0, ""date"" : ""0815"", ""bank_holiday_id"" : 51560}, {""id"" : 0, ""date"" : ""1101"", ""bank_holiday_id"" : 51560}, {""id"" : 0, ""date"" : ""1111"", ""bank_holiday_id"" : 51560}, {""id"" : 0, ""date"" : ""1225"", ""bank_holiday_id"" : 51560}]}"
10001121,51562,"{""bhl"" : {""id"" : 51562, ""name"" : ""AGENCE_DE__VtKp"", ""vpn_id"" : 10001121}, ""dates"" : [{""id"" : 0, ""date"" : ""0101"", ""bank_holiday_id"" : 51562}, {""id"" : 0, ""date"" : ""0422"", ""bank_holiday_id"" : 51562}, {""id"" : 0, ""date"" : ""0501"", ""bank_holiday_id"" : 51562}, {""id"" : 0, ""date"" : ""0508"", ""bank_holiday_id"" : 51562}, {""id"" : 0, ""date"" : ""0530"", ""bank_holiday_id"" : 51562}, {""id"" : 0, ""date"" : ""0610"", ""bank_holiday_id"" : 51562}, {""id"" : 0, ""date"" : ""0714"", ""bank_holiday_id"" : 51562}, {""id"" : 0, ""date"" : ""0815"", ""bank_holiday_id"" : 51562}, {""id"" : 0, ""date"" : ""1101"", ""bank_holiday_id"" : 51562}, {""id"" : 0, ""date"" : ""1111"", ""bank_holiday_id"" : 51562}, {""id"" : 0, ""date"" : ""1225"", ""bank_holiday_id"" : 51562}]}"
10001121,51563,"{""bhl"" : {""id"" : 51563, ""name"" : ""AGENCE_DE__Mx4P"", ""vpn_id"" : 10001121}, ""dates"" : [{""id"" : 0, ""date"" : ""0101"", ""bank_holiday_id"" : 51563}, {""id"" : 0, ""date"" : ""0422"", ""bank_holiday_id"" : 51563}, {""id"" : 0, ""date"" : ""0501"", ""bank_holiday_id"" : 51563}, {""id"" : 0, ""date"" : ""0508"", ""bank_holiday_id"" : 51563}, {""id"" : 0, ""date"" : ""0530"", ""bank_holiday_id"" : 51563}, {""id"" : 0, ""date"" : ""0610"", ""bank_holiday_id"" : 51563}, {""id"" : 0, ""date"" : ""0714"", ""bank_holiday_id"" : 51563}, {""id"" : 0, ""date"" : ""0815"", ""bank_holiday_id"" : 51563}, {""id"" : 0, ""date"" : ""1101"", ""bank_holiday_id"" : 51563}, {""id"" : 0, ""date"" : ""1111"", ""bank_holiday_id"" : 51563}, {""id"" : 0, ""date"" : ""1225"", ""bank_holiday_id"" : 51563}]}"
10001121,51564,"{""bhl"" : {""id"" : 51564, ""name"" : ""AGENCE_DE__ARI9"", ""vpn_id"" : 10001121}, ""dates"" : [{""id"" : 0, ""date"" : ""0101"", ""bank_holiday_id"" : 51564}, {""id"" : 0, ""date"" : ""0422"", ""bank_holiday_id"" : 51564}, {""id"" : 0, ""date"" : ""0501"", ""bank_holiday_id"" : 51564}, {""id"" : 0, ""date"" : ""0508"", ""bank_holiday_id"" : 51564}, {""id"" : 0, ""date"" : ""0530"", ""bank_holiday_id"" : 51564}, {""id"" : 0, ""date"" : ""0610"", ""bank_holiday_id"" : 51564}, {""id"" : 0, ""date"" : ""0714"", ""bank_holiday_id"" : 51564}, {""id"" : 0, ""date"" : ""0815"", ""bank_holiday_id"" : 51564}, {""id"" : 0, ""date"" : ""1101"", ""bank_holiday_id"" : 51564}, {""id"" : 0, ""date"" : ""1111"", ""bank_holiday_id"" : 51564}, {""id"" : 0, ""date"" : ""1225"", ""bank_holiday_id"" : 51564}]}"
10001121,51565,"{""bhl"" : {""id"" : 51565, ""name"" : ""AGENCE_DE__vnwF"", ""vpn_id"" : 10001121}, ""dates"" : [{""id"" : 0, ""date"" : ""0101"", ""bank_holiday_id"" : 51565}, {""id"" : 0, ""date"" : ""0422"", ""bank_holiday_id"" : 51565}, {""id"" : 0, ""date"" : ""0501"", ""bank_holiday_id"" : 51565}, {""id"" : 0, ""date"" : ""0508"", ""bank_holiday_id"" : 51565}, {""id"" : 0, ""date"" : ""0530"", ""bank_holiday_id"" : 51565}, {""id"" : 0, ""date"" : ""0610"", ""bank_holiday_id"" : 51565}, {""id"" : 0, ""date"" : ""0714"", ""bank_holiday_id"" : 51565}, {""id"" : 0, ""date"" : ""0815"", ""bank_holiday_id"" : 51565}, {""id"" : 0, ""date"" : ""1101"", ""bank_holiday_id"" : 51565}, {""id"" : 0, ""date"" : ""1111"", ""bank_holiday_id"" : 51565}, {""id"" : 0, ""date"" : ""1225"", ""bank_holiday_id"" : 51565}]}"
10001121,51567,"{""bhl"" : {""id"" : 51567, ""name"" : ""AGENCE_DE__Vb1k"", ""vpn_id"" : 10001121}, ""dates"" : [{""id"" : 0, ""date"" : ""0101"", ""bank_holiday_id"" : 51567}, {""id"" : 0, ""date"" : ""0422"", ""bank_holiday_id"" : 51567}, {""id"" : 0, ""date"" : ""0501"", ""bank_holiday_id"" : 51567}, {""id"" : 0, ""date"" : ""0508"", ""bank_holiday_id"" : 51567}, {""id"" : 0, ""date"" : ""0530"", ""bank_holiday_id"" : 51567}, {""id"" : 0, ""date"" : ""0610"", ""bank_holiday_id"" : 51567}, {""id"" : 0, ""date"" : ""0714"", ""bank_holiday_id"" : 51567}, {""id"" : 0, ""date"" : ""0815"", ""bank_holiday_id"" : 51567}, {""id"" : 0, ""date"" : ""1101"", ""bank_holiday_id"" : 51567}, {""id"" : 0, ""date"" : ""1111"", ""bank_holiday_id"" : 51567}, {""id"" : 0, ""date"" : ""1225"", ""bank_holiday_id"" : 51567}]}"
10001121,51570,"{""bhl"" : {""id"" : 51570, ""name"" : ""AGENCE_DE__VELn"", ""vpn_id"" : 10001121}, ""dates"" : [{""id"" : 0, ""date"" : ""0101"", ""bank_holiday_id"" : 51570}, {""id"" : 0, ""date"" : ""0422"", ""bank_holiday_id"" : 51570}, {""id"" : 0, ""date"" : ""0501"", ""bank_holiday_id"" : 51570}, {""id"" : 0, ""date"" : ""0508"", ""bank_holiday_id"" : 51570}, {""id"" : 0, ""date"" : ""0530"", ""bank_holiday_id"" : 51570}, {""id"" : 0, ""date"" : ""0610"", ""bank_holiday_id"" : 51570}, {""id"" : 0, ""date"" : ""0714"", ""bank_holiday_id"" : 51570}, {""id"" : 0, ""date"" : ""0815"", ""bank_holiday_id"" : 51570}, {""id"" : 0, ""date"" : ""1101"", ""bank_holiday_id"" : 51570}, {""id"" : 0, ""date"" : ""1111"", ""bank_holiday_id"" : 51570}, {""id"" : 0, ""date"" : ""1225"", ""bank_holiday_id"" : 51570}]}"
10001121,51571,"{""bhl"" : {""id"" : 51571, ""name"" : ""AGENCE_DE__RDWq"", ""vpn_id"" : 10001121}, ""dates"" : [{""id"" : 0, ""date"" : ""0101"", ""bank_holiday_id"" : 51571}, {""id"" : 0, ""date"" : ""0422"", ""bank_holiday_id"" : 51571}, {""id"" : 0, ""date"" : ""0501"", ""bank_holiday_id"" : 51571}, {""id"" : 0, ""date"" : ""0508"", ""bank_holiday_id"" : 51571}, {""id"" : 0, ""date"" : ""0530"", ""bank_holiday_id"" : 51571}, {""id"" : 0, ""date"" : ""0610"", ""bank_holiday_id"" : 51571}, {""id"" : 0, ""date"" : ""0714"", ""bank_holiday_id"" : 51571}, {""id"" : 0, ""date"" : ""0815"", ""bank_holiday_id"" : 51571}, {""id"" : 0, ""date"" : ""1101"", ""bank_holiday_id"" : 51571}, {""id"" : 0, ""date"" : ""1111"", ""bank_holiday_id"" : 51571}, {""id"" : 0, ""date"" : ""1225"", ""bank_holiday_id"" : 51571}]}"
10001121,51572,"{""bhl"" : {""id"" : 51572, ""name"" : ""AGENCE_DE__Nz3b"", ""vpn_id"" : 10001121}, ""dates"" : [{""id"" : 0, ""date"" : ""0101"", ""bank_holiday_id"" : 51572}, {""id"" : 0, ""date"" : ""0422"", ""bank_holiday_id"" : 51572}, {""id"" : 0, ""date"" : ""0501"", ""bank_holiday_id"" : 51572}, {""id"" : 0, ""date"" : ""0508"", ""bank_holiday_id"" : 51572}, {""id"" : 0, ""date"" : ""0530"", ""bank_holiday_id"" : 51572}, {""id"" : 0, ""date"" : ""0610"", ""bank_holiday_id"" : 51572}, {""id"" : 0, ""date"" : ""0714"", ""bank_holiday_id"" : 51572}, {""id"" : 0, ""date"" : ""0815"", ""bank_holiday_id"" : 51572}, {""id"" : 0, ""date"" : ""1101"", ""bank_holiday_id"" : 51572}, {""id"" : 0, ""date"" : ""1111"", ""bank_holiday_id"" : 51572}, {""id"" : 0, ""date"" : ""1225"", ""bank_holiday_id"" : 51572}]}"
10001121,51573,"{""bhl"" : {""id"" : 51573, ""name"" : ""AGENCE_DE__fcoW"", ""vpn_id"" : 10001121}, ""dates"" : [{""id"" : 0, ""date"" : ""0101"", ""bank_holiday_id"" : 51573}, {""id"" : 0, ""date"" : ""0422"", ""bank_holiday_id"" : 51573}, {""id"" : 0, ""date"" : ""0501"", ""bank_holiday_id"" : 51573}, {""id"" : 0, ""date"" : ""0508"", ""bank_holiday_id"" : 51573}, {""id"" : 0, ""date"" : ""0530"", ""bank_holiday_id"" : 51573}, {""id"" : 0, ""date"" : ""0610"", ""bank_holiday_id"" : 51573}, {""id"" : 0, ""date"" : ""0714"", ""bank_holiday_id"" : 51573}, {""id"" : 0, ""date"" : ""0815"", ""bank_holiday_id"" : 51573}, {""id"" : 0, ""date"" : ""1101"", ""bank_holiday_id"" : 51573}, {""id"" : 0, ""date"" : ""1111"", ""bank_holiday_id"" : 51573}, {""id"" : 0, ""date"" : ""1225"", ""bank_holiday_id"" : 51573}]}"
10001121,51574,"{""bhl"" : {""id"" : 51574, ""name"" : ""AGENCE_DE__HT40"", ""vpn_id"" : 10001121}, ""dates"" : [{""id"" : 0, ""date"" : ""0101"", ""bank_holiday_id"" : 51574}, {""id"" : 0, ""date"" : ""0422"", ""bank_holiday_id"" : 51574}, {""id"" : 0, ""date"" : ""0501"", ""bank_holiday_id"" : 51574}, {""id"" : 0, ""date"" : ""0508"", ""bank_holiday_id"" : 51574}, {""id"" : 0, ""date"" : ""0530"", ""bank_holiday_id"" : 51574}, {""id"" : 0, ""date"" : ""0610"", ""bank_holiday_id"" : 51574}, {""id"" : 0, ""date"" : ""0714"", ""bank_holiday_id"" : 51574}, {""id"" : 0, ""date"" : ""0815"", ""bank_holiday_id"" : 51574}, {""id"" : 0, ""date"" : ""1101"", ""bank_holiday_id"" : 51574}, {""id"" : 0, ""date"" : ""1111"", ""bank_holiday_id"" : 51574}, {""id"" : 0, ""date"" : ""1225"", ""bank_holiday_id"" : 51574}]}"
10001121,51575,"{""bhl"" : {""id"" : 51575, ""name"" : ""AGENCE_DE__6kYD"", ""vpn_id"" : 10001121}, ""dates"" : [{""id"" : 0, ""date"" : ""0101"", ""bank_holiday_id"" : 51575}, {""id"" : 0, ""date"" : ""0422"", ""bank_holiday_id"" : 51575}, {""id"" : 0, ""date"" : ""0501"", ""bank_holiday_id"" : 51575}, {""id"" : 0, ""date"" : ""0508"", ""bank_holiday_id"" : 51575}, {""id"" : 0, ""date"" : ""0530"", ""bank_holiday_id"" : 51575}, {""id"" : 0, ""date"" : ""0610"", ""bank_holiday_id"" : 51575}, {""id"" : 0, ""date"" : ""0714"", ""bank_holiday_id"" : 51575}, {""id"" : 0, ""date"" : ""0815"", ""bank_holiday_id"" : 51575}, {""id"" : 0, ""date"" : ""1101"", ""bank_holiday_id"" : 51575}, {""id"" : 0, ""date"" : ""1111"", ""bank_holiday_id"" : 51575}, {""id"" : 0, ""date"" : ""1225"", ""bank_holiday_id"" : 51575}]}"
10001121,51576,"{""bhl"" : {""id"" : 51576, ""name"" : ""AGENCE_DE__ZA0F"", ""vpn_id"" : 10001121}, ""dates"" : [{""id"" : 0, ""date"" : ""0101"", ""bank_holiday_id"" : 51576}, {""id"" : 0, ""date"" : ""0422"", ""bank_holiday_id"" : 51576}, {""id"" : 0, ""date"" : ""0501"", ""bank_holiday_id"" : 51576}, {""id"" : 0, ""date"" : ""0508"", ""bank_holiday_id"" : 51576}, {""id"" : 0, ""date"" : ""0530"", ""bank_holiday_id"" : 51576}, {""id"" : 0, ""date"" : ""0610"", ""bank_holiday_id"" : 51576}, {""id"" : 0, ""date"" : ""0714"", ""bank_holiday_id"" : 51576}, {""id"" : 0, ""date"" : ""0815"", ""bank_holiday_id"" : 51576}, {""id"" : 0, ""date"" : ""1101"", ""bank_holiday_id"" : 51576}, {""id"" : 0, ""date"" : ""1111"", ""bank_holiday_id"" : 51576}, {""id"" : 0, ""date"" : ""1225"", ""bank_holiday_id"" : 51576}]}"
10001121,51602,"{""bhl"" : {""id"" : 51602, ""name"" : ""AGENCE_DE__K66C"", ""vpn_id"" : 10001121}, ""dates"" : [{""id"" : 0, ""date"" : ""0101"", ""bank_holiday_id"" : 51602}, {""id"" : 0, ""date"" : ""0422"", ""bank_holiday_id"" : 51602}, {""id"" : 0, ""date"" : ""0501"", ""bank_holiday_id"" : 51602}, {""id"" : 0, ""date"" : ""0508"", ""bank_holiday_id"" : 51602}, {""id"" : 0, ""date"" : ""0530"", ""bank_holiday_id"" : 51602}, {""id"" : 0, ""date"" : ""0610"", ""bank_holiday_id"" : 51602}, {""id"" : 0, ""date"" : ""0714"", ""bank_holiday_id"" : 51602}, {""id"" : 0, ""date"" : ""0815"", ""bank_holiday_id"" : 51602}, {""id"" : 0, ""date"" : ""1101"", ""bank_holiday_id"" : 51602}, {""id"" : 0, ""date"" : ""1111"", ""bank_holiday_id"" : 51602}, {""id"" : 0, ""date"" : ""1225"", ""bank_holiday_id"" : 51602}]}"
10001121,51603,"{""bhl"" : {""id"" : 51603, ""name"" : ""AGENCE_DE__20yC"", ""vpn_id"" : 10001121}, ""dates"" : [{""id"" : 0, ""date"" : ""0101"", ""bank_holiday_id"" : 51603}, {""id"" : 0, ""date"" : ""0422"", ""bank_holiday_id"" : 51603}, {""id"" : 0, ""date"" : ""0501"", ""bank_holiday_id"" : 51603}, {""id"" : 0, ""date"" : ""0508"", ""bank_holiday_id"" : 51603}, {""id"" : 0, ""date"" : ""0530"", ""bank_holiday_id"" : 51603}, {""id"" : 0, ""date"" : ""0610"", ""bank_holiday_id"" : 51603}, {""id"" : 0, ""date"" : ""0714"", ""bank_holiday_id"" : 51603}, {""id"" : 0, ""date"" : ""0815"", ""bank_holiday_id"" : 51603}, {""id"" : 0, ""date"" : ""1101"", ""bank_holiday_id"" : 51603}, {""id"" : 0, ""date"" : ""1111"", ""bank_holiday_id"" : 51603}, {""id"" : 0, ""date"" : ""1225"", ""bank_holiday_id"" : 51603}]}"
10001121,51604,"{""bhl"" : {""id"" : 51604, ""name"" : ""AGENCE_DE__bOpQ"", ""vpn_id"" : 10001121}, ""dates"" : [{""id"" : 0, ""date"" : ""0101"", ""bank_holiday_id"" : 51604}, {""id"" : 0, ""date"" : ""0422"", ""bank_holiday_id"" : 51604}, {""id"" : 0, ""date"" : ""0501"", ""bank_holiday_id"" : 51604}, {""id"" : 0, ""date"" : ""0508"", ""bank_holiday_id"" : 51604}, {""id"" : 0, ""date"" : ""0530"", ""bank_holiday_id"" : 51604}, {""id"" : 0, ""date"" : ""0610"", ""bank_holiday_id"" : 51604}, {""id"" : 0, ""date"" : ""0714"", ""bank_holiday_id"" : 51604}, {""id"" : 0, ""date"" : ""0815"", ""bank_holiday_id"" : 51604}, {""id"" : 0, ""date"" : ""1101"", ""bank_holiday_id"" : 51604}, {""id"" : 0, ""date"" : ""1111"", ""bank_holiday_id"" : 51604}, {""id"" : 0, ""date"" : ""1225"", ""bank_holiday_id"" : 51604}]}"
10001121,51605,"{""bhl"" : {""id"" : 51605, ""name"" : ""AGENCE_DE__QqDE"", ""vpn_id"" : 10001121}, ""dates"" : [{""id"" : 0, ""date"" : ""0101"", ""bank_holiday_id"" : 51605}, {""id"" : 0, ""date"" : ""0422"", ""bank_holiday_id"" : 51605}, {""id"" : 0, ""date"" : ""0501"", ""bank_holiday_id"" : 51605}, {""id"" : 0, ""date"" : ""0508"", ""bank_holiday_id"" : 51605}, {""id"" : 0, ""date"" : ""0530"", ""bank_holiday_id"" : 51605}, {""id"" : 0, ""date"" : ""0610"", ""bank_holiday_id"" : 51605}, {""id"" : 0, ""date"" : ""0714"", ""bank_holiday_id"" : 51605}, {""id"" : 0, ""date"" : ""0815"", ""bank_holiday_id"" : 51605}, {""id"" : 0, ""date"" : ""1101"", ""bank_holiday_id"" : 51605}, {""id"" : 0, ""date"" : ""1111"", ""bank_holiday_id"" : 51605}, {""id"" : 0, ""date"" : ""1225"", ""bank_holiday_id"" : 51605}]}"
10001121,51606,"{""bhl"" : {""id"" : 51606, ""name"" : ""GROUPAMA_C_d0EI"", ""vpn_id"" : 10001121}, ""dates"" : [{""id"" : 0, ""date"" : ""0101"", ""bank_holiday_id"" : 51606}, {""id"" : 0, ""date"" : ""0422"", ""bank_holiday_id"" : 51606}, {""id"" : 0, ""date"" : ""0501"", ""bank_holiday_id"" : 51606}, {""id"" : 0, ""date"" : ""0508"", ""bank_holiday_id"" : 51606}, {""id"" : 0, ""date"" : ""0530"", ""bank_holiday_id"" : 51606}, {""id"" : 0, ""date"" : ""0610"", ""bank_holiday_id"" : 51606}, {""id"" : 0, ""date"" : ""0714"", ""bank_holiday_id"" : 51606}, {""id"" : 0, ""date"" : ""0815"", ""bank_holiday_id"" : 51606}, {""id"" : 0, ""date"" : ""1101"", ""bank_holiday_id"" : 51606}, {""id"" : 0, ""date"" : ""1111"", ""bank_holiday_id"" : 51606}, {""id"" : 0, ""date"" : ""1225"", ""bank_holiday_id"" : 51606}]}"
10001121,51607,"{""bhl"" : {""id"" : 51607, ""name"" : ""AGENCE_DE__ZatI"", ""vpn_id"" : 10001121}, ""dates"" : [{""id"" : 0, ""date"" : ""0101"", ""bank_holiday_id"" : 51607}, {""id"" : 0, ""date"" : ""0422"", ""bank_holiday_id"" : 51607}, {""id"" : 0, ""date"" : ""0501"", ""bank_holiday_id"" : 51607}, {""id"" : 0, ""date"" : ""0508"", ""bank_holiday_id"" : 51607}, {""id"" : 0, ""date"" : ""0530"", ""bank_holiday_id"" : 51607}, {""id"" : 0, ""date"" : ""0610"", ""bank_holiday_id"" : 51607}, {""id"" : 0, ""date"" : ""0714"", ""bank_holiday_id"" : 51607}, {""id"" : 0, ""date"" : ""0815"", ""bank_holiday_id"" : 51607}, {""id"" : 0, ""date"" : ""1101"", ""bank_holiday_id"" : 51607}, {""id"" : 0, ""date"" : ""1111"", ""bank_holiday_id"" : 51607}, {""id"" : 0, ""date"" : ""1225"", ""bank_holiday_id"" : 51607}]}"
10001121,51609,"{""bhl"" : {""id"" : 51609, ""name"" : ""AGENCE_DE__wMpu"", ""vpn_id"" : 10001121}, ""dates"" : [{""id"" : 0, ""date"" : ""0101"", ""bank_holiday_id"" : 51609}, {""id"" : 0, ""date"" : ""0422"", ""bank_holiday_id"" : 51609}, {""id"" : 0, ""date"" : ""0501"", ""bank_holiday_id"" : 51609}, {""id"" : 0, ""date"" : ""0508"", ""bank_holiday_id"" : 51609}, {""id"" : 0, ""date"" : ""0530"", ""bank_holiday_id"" : 51609}, {""id"" : 0, ""date"" : ""0610"", ""bank_holiday_id"" : 51609}, {""id"" : 0, ""date"" : ""0714"", ""bank_holiday_id"" : 51609}, {""id"" : 0, ""date"" : ""0815"", ""bank_holiday_id"" : 51609}, {""id"" : 0, ""date"" : ""1101"", ""bank_holiday_id"" : 51609}, {""id"" : 0, ""date"" : ""1111"", ""bank_holiday_id"" : 51609}, {""id"" : 0, ""date"" : ""1225"", ""bank_holiday_id"" : 51609}]}"
10001121,51610,"{""bhl"" : {""id"" : 51610, ""name"" : ""GROUPAMA_D_PUla"", ""vpn_id"" : 10001121}, ""dates"" : [{""id"" : 0, ""date"" : ""0101"", ""bank_holiday_id"" : 51610}, {""id"" : 0, ""date"" : ""0422"", ""bank_holiday_id"" : 51610}, {""id"" : 0, ""date"" : ""0501"", ""bank_holiday_id"" : 51610}, {""id"" : 0, ""date"" : ""0508"", ""bank_holiday_id"" : 51610}, {""id"" : 0, ""date"" : ""0530"", ""bank_holiday_id"" : 51610}, {""id"" : 0, ""date"" : ""0610"", ""bank_holiday_id"" : 51610}, {""id"" : 0, ""date"" : ""0714"", ""bank_holiday_id"" : 51610}, {""id"" : 0, ""date"" : ""0815"", ""bank_holiday_id"" : 51610}, {""id"" : 0, ""date"" : ""1101"", ""bank_holiday_id"" : 51610}, {""id"" : 0, ""date"" : ""1111"", ""bank_holiday_id"" : 51610}, {""id"" : 0, ""date"" : ""1225"", ""bank_holiday_id"" : 51610}]}"
10001121,51611,"{""bhl"" : {""id"" : 51611, ""name"" : ""AGENCE_DE__wM16"", ""vpn_id"" : 10001121}, ""dates"" : [{""id"" : 0, ""date"" : ""0101"", ""bank_holiday_id"" : 51611}, {""id"" : 0, ""date"" : ""0422"", ""bank_holiday_id"" : 51611}, {""id"" : 0, ""date"" : ""0501"", ""bank_holiday_id"" : 51611}, {""id"" : 0, ""date"" : ""0508"", ""bank_holiday_id"" : 51611}, {""id"" : 0, ""date"" : ""0530"", ""bank_holiday_id"" : 51611}, {""id"" : 0, ""date"" : ""0610"", ""bank_holiday_id"" : 51611}, {""id"" : 0, ""date"" : ""0714"", ""bank_holiday_id"" : 51611}, {""id"" : 0, ""date"" : ""0815"", ""bank_holiday_id"" : 51611}, {""id"" : 0, ""date"" : ""1101"", ""bank_holiday_id"" : 51611}, {""id"" : 0, ""date"" : ""1111"", ""bank_holiday_id"" : 51611}, {""id"" : 0, ""date"" : ""1225"", ""bank_holiday_id"" : 51611}]}"
10001121,51613,"{""bhl"" : {""id"" : 51613, ""name"" : ""AGENCE_DE__1JiA"", ""vpn_id"" : 10001121}, ""dates"" : [{""id"" : 0, ""date"" : ""0101"", ""bank_holiday_id"" : 51613}, {""id"" : 0, ""date"" : ""0422"", ""bank_holiday_id"" : 51613}, {""id"" : 0, ""date"" : ""0501"", ""bank_holiday_id"" : 51613}, {""id"" : 0, ""date"" : ""0508"", ""bank_holiday_id"" : 51613}, {""id"" : 0, ""date"" : ""0530"", ""bank_holiday_id"" : 51613}, {""id"" : 0, ""date"" : ""0610"", ""bank_holiday_id"" : 51613}, {""id"" : 0, ""date"" : ""0714"", ""bank_holiday_id"" : 51613}, {""id"" : 0, ""date"" : ""0815"", ""bank_holiday_id"" : 51613}, {""id"" : 0, ""date"" : ""1101"", ""bank_holiday_id"" : 51613}, {""id"" : 0, ""date"" : ""1111"", ""bank_holiday_id"" : 51613}, {""id"" : 0, ""date"" : ""1225"", ""bank_holiday_id"" : 51613}]}"
10001121,51615,"{""bhl"" : {""id"" : 51615, ""name"" : ""AGENCE_DE__ixwZ"", ""vpn_id"" : 10001121}, ""dates"" : [{""id"" : 0, ""date"" : ""0101"", ""bank_holiday_id"" : 51615}, {""id"" : 0, ""date"" : ""0422"", ""bank_holiday_id"" : 51615}, {""id"" : 0, ""date"" : ""0501"", ""bank_holiday_id"" : 51615}, {""id"" : 0, ""date"" : ""0508"", ""bank_holiday_id"" : 51615}, {""id"" : 0, ""date"" : ""0530"", ""bank_holiday_id"" : 51615}, {""id"" : 0, ""date"" : ""0610"", ""bank_holiday_id"" : 51615}, {""id"" : 0, ""date"" : ""0714"", ""bank_holiday_id"" : 51615}, {""id"" : 0, ""date"" : ""0815"", ""bank_holiday_id"" : 51615}, {""id"" : 0, ""date"" : ""1101"", ""bank_holiday_id"" : 51615}, {""id"" : 0, ""date"" : ""1111"", ""bank_holiday_id"" : 51615}, {""id"" : 0, ""date"" : ""1225"", ""bank_holiday_id"" : 51615}]}"
10001121,51616,"{""bhl"" : {""id"" : 51616, ""name"" : ""AGENCE_DE__K9Dk"", ""vpn_id"" : 10001121}, ""dates"" : [{""id"" : 0, ""date"" : ""0101"", ""bank_holiday_id"" : 51616}, {""id"" : 0, ""date"" : ""0422"", ""bank_holiday_id"" : 51616}, {""id"" : 0, ""date"" : ""0501"", ""bank_holiday_id"" : 51616}, {""id"" : 0, ""date"" : ""0508"", ""bank_holiday_id"" : 51616}, {""id"" : 0, ""date"" : ""0530"", ""bank_holiday_id"" : 51616}, {""id"" : 0, ""date"" : ""0610"", ""bank_holiday_id"" : 51616}, {""id"" : 0, ""date"" : ""0714"", ""bank_holiday_id"" : 51616}, {""id"" : 0, ""date"" : ""0815"", ""bank_holiday_id"" : 51616}, {""id"" : 0, ""date"" : ""1101"", ""bank_holiday_id"" : 51616}, {""id"" : 0, ""date"" : ""1111"", ""bank_holiday_id"" : 51616}, {""id"" : 0, ""date"" : ""1225"", ""bank_holiday_id"" : 51616}]}"
10003561,52746,"{""bhl"" : {""id"" : 52746, ""name"" : ""PHARMA_DOM_0Exb"", ""vpn_id"" : 10003561}, ""dates"" : [{""id"" : 0, ""date"" : ""0422"", ""bank_holiday_id"" : 52746}, {""id"" : 0, ""date"" : ""0501"", ""bank_holiday_id"" : 52746}, {""id"" : 0, ""date"" : ""0508"", ""bank_holiday_id"" : 52746}, {""id"" : 0, ""date"" : ""0530"", ""bank_holiday_id"" : 52746}, {""id"" : 0, ""date"" : ""0610"", ""bank_holiday_id"" : 52746}, {""id"" : 0, ""date"" : ""0714"", ""bank_holiday_id"" : 52746}, {""id"" : 0, ""date"" : ""0815"", ""bank_holiday_id"" : 52746}, {""id"" : 0, ""date"" : ""1101"", ""bank_holiday_id"" : 52746}, {""id"" : 0, ""date"" : ""1111"", ""bank_holiday_id"" : 52746}, {""id"" : 0, ""date"" : ""1225"", ""bank_holiday_id"" : 52746}]}"
10003561,52755,"{""bhl"" : {""id"" : 52755, ""name"" : ""MONTLUCON__VfE3"", ""vpn_id"" : 10003561}, ""dates"" : [{""id"" : 0, ""date"" : ""0422"", ""bank_holiday_id"" : 52755}, {""id"" : 0, ""date"" : ""0501"", ""bank_holiday_id"" : 52755}, {""id"" : 0, ""date"" : ""0508"", ""bank_holiday_id"" : 52755}, {""id"" : 0, ""date"" : ""0530"", ""bank_holiday_id"" : 52755}, {""id"" : 0, ""date"" : ""0610"", ""bank_holiday_id"" : 52755}, {""id"" : 0, ""date"" : ""0714"", ""bank_holiday_id"" : 52755}, {""id"" : 0, ""date"" : ""0815"", ""bank_holiday_id"" : 52755}, {""id"" : 0, ""date"" : ""1101"", ""bank_holiday_id"" : 52755}, {""id"" : 0, ""date"" : ""1111"", ""bank_holiday_id"" : 52755}, {""id"" : 0, ""date"" : ""1225"", ""bank_holiday_id"" : 52755}]}"
10003561,52756,"{""bhl"" : {""id"" : 52756, ""name"" : ""CLERMONT_F_VDdB"", ""vpn_id"" : 10003561}, ""dates"" : [{""id"" : 0, ""date"" : ""0422"", ""bank_holiday_id"" : 52756}, {""id"" : 0, ""date"" : ""0501"", ""bank_holiday_id"" : 52756}, {""id"" : 0, ""date"" : ""0508"", ""bank_holiday_id"" : 52756}, {""id"" : 0, ""date"" : ""0530"", ""bank_holiday_id"" : 52756}, {""id"" : 0, ""date"" : ""0610"", ""bank_holiday_id"" : 52756}, {""id"" : 0, ""date"" : ""0714"", ""bank_holiday_id"" : 52756}, {""id"" : 0, ""date"" : ""0815"", ""bank_holiday_id"" : 52756}, {""id"" : 0, ""date"" : ""1101"", ""bank_holiday_id"" : 52756}, {""id"" : 0, ""date"" : ""1111"", ""bank_holiday_id"" : 52756}, {""id"" : 0, ""date"" : ""1225"", ""bank_holiday_id"" : 52756}]}"
10003561,52773,"{""bhl"" : {""id"" : 52773, ""name"" : ""472_VA_BRE_EZAm"", ""vpn_id"" : 10003561}, ""dates"" : [{""id"" : 0, ""date"" : ""0422"", ""bank_holiday_id"" : 52773}, {""id"" : 0, ""date"" : ""0501"", ""bank_holiday_id"" : 52773}, {""id"" : 0, ""date"" : ""0508"", ""bank_holiday_id"" : 52773}, {""id"" : 0, ""date"" : ""0530"", ""bank_holiday_id"" : 52773}, {""id"" : 0, ""date"" : ""0610"", ""bank_holiday_id"" : 52773}, {""id"" : 0, ""date"" : ""0714"", ""bank_holiday_id"" : 52773}, {""id"" : 0, ""date"" : ""0815"", ""bank_holiday_id"" : 52773}, {""id"" : 0, ""date"" : ""1101"", ""bank_holiday_id"" : 52773}, {""id"" : 0, ""date"" : ""1111"", ""bank_holiday_id"" : 52773}, {""id"" : 0, ""date"" : ""1225"", ""bank_holiday_id"" : 52773}]}"
10003561,52784,"{""bhl"" : {""id"" : 52784, ""name"" : ""433_VA_DIJ_lCtk"", ""vpn_id"" : 10003561}, ""dates"" : [{""id"" : 0, ""date"" : ""0422"", ""bank_holiday_id"" : 52784}, {""id"" : 0, ""date"" : ""0501"", ""bank_holiday_id"" : 52784}, {""id"" : 0, ""date"" : ""0508"", ""bank_holiday_id"" : 52784}, {""id"" : 0, ""date"" : ""0530"", ""bank_holiday_id"" : 52784}, {""id"" : 0, ""date"" : ""0610"", ""bank_holiday_id"" : 52784}, {""id"" : 0, ""date"" : ""0714"", ""bank_holiday_id"" : 52784}, {""id"" : 0, ""date"" : ""0815"", ""bank_holiday_id"" : 52784}, {""id"" : 0, ""date"" : ""1101"", ""bank_holiday_id"" : 52784}, {""id"" : 0, ""date"" : ""1111"", ""bank_holiday_id"" : 52784}, {""id"" : 0, ""date"" : ""1225"", ""bank_holiday_id"" : 52784}]}"
10003561,52795,"{""bhl"" : {""id"" : 52795, ""name"" : ""473_VA_ORL_Njla"", ""vpn_id"" : 10003561}, ""dates"" : [{""id"" : 0, ""date"" : ""0422"", ""bank_holiday_id"" : 52795}, {""id"" : 0, ""date"" : ""0501"", ""bank_holiday_id"" : 52795}, {""id"" : 0, ""date"" : ""0508"", ""bank_holiday_id"" : 52795}, {""id"" : 0, ""date"" : ""0530"", ""bank_holiday_id"" : 52795}, {""id"" : 0, ""date"" : ""0610"", ""bank_holiday_id"" : 52795}, {""id"" : 0, ""date"" : ""0714"", ""bank_holiday_id"" : 52795}, {""id"" : 0, ""date"" : ""0815"", ""bank_holiday_id"" : 52795}, {""id"" : 0, ""date"" : ""1101"", ""bank_holiday_id"" : 52795}, {""id"" : 0, ""date"" : ""1111"", ""bank_holiday_id"" : 52795}, {""id"" : 0, ""date"" : ""1225"", ""bank_holiday_id"" : 52795}]}"
10003561,52804,"{""bhl"" : {""id"" : 52804, ""name"" : ""ADEP_ASSIS_gOFN"", ""vpn_id"" : 10003561}, ""dates"" : [{""id"" : 0, ""date"" : ""0422"", ""bank_holiday_id"" : 52804}, {""id"" : 0, ""date"" : ""0501"", ""bank_holiday_id"" : 52804}, {""id"" : 0, ""date"" : ""0508"", ""bank_holiday_id"" : 52804}, {""id"" : 0, ""date"" : ""0530"", ""bank_holiday_id"" : 52804}, {""id"" : 0, ""date"" : ""0610"", ""bank_holiday_id"" : 52804}, {""id"" : 0, ""date"" : ""0714"", ""bank_holiday_id"" : 52804}, {""id"" : 0, ""date"" : ""0815"", ""bank_holiday_id"" : 52804}, {""id"" : 0, ""date"" : ""1101"", ""bank_holiday_id"" : 52804}, {""id"" : 0, ""date"" : ""1111"", ""bank_holiday_id"" : 52804}, {""id"" : 0, ""date"" : ""1225"", ""bank_holiday_id"" : 52804}]}"
10003561,52806,"{""bhl"" : {""id"" : 52806, ""name"" : ""SA_AIR_LIQ_zAKi"", ""vpn_id"" : 10003561}, ""dates"" : [{""id"" : 0, ""date"" : ""0422"", ""bank_holiday_id"" : 52806}, {""id"" : 0, ""date"" : ""0501"", ""bank_holiday_id"" : 52806}, {""id"" : 0, ""date"" : ""0508"", ""bank_holiday_id"" : 52806}, {""id"" : 0, ""date"" : ""0530"", ""bank_holiday_id"" : 52806}, {""id"" : 0, ""date"" : ""0610"", ""bank_holiday_id"" : 52806}, {""id"" : 0, ""date"" : ""0714"", ""bank_holiday_id"" : 52806}, {""id"" : 0, ""date"" : ""0815"", ""bank_holiday_id"" : 52806}, {""id"" : 0, ""date"" : ""1101"", ""bank_holiday_id"" : 52806}, {""id"" : 0, ""date"" : ""1111"", ""bank_holiday_id"" : 52806}, {""id"" : 0, ""date"" : ""1225"", ""bank_holiday_id"" : 52806}]}"
10003561,52822,"{""bhl"" : {""id"" : 52822, ""name"" : ""BOBIGNY_PH_SaOO"", ""vpn_id"" : 10003561}, ""dates"" : []}"
10003561,52830,"{""bhl"" : {""id"" : 52830, ""name"" : ""ARRAS_PHAR_jAB5"", ""vpn_id"" : 10003561}, ""dates"" : []}"
10003561,52833,"{""bhl"" : {""id"" : 52833, ""name"" : ""ROUEN_PHAR_u5AT"", ""vpn_id"" : 10003561}, ""dates"" : []}"
10003561,52842,"{""bhl"" : {""id"" : 52842, ""name"" : ""CLERMONT_F_VqM5"", ""vpn_id"" : 10003561}, ""dates"" : []}"
10003561,52850,"{""bhl"" : {""id"" : 52850, ""name"" : ""ARRAS_PHAR_nYeG"", ""vpn_id"" : 10003561}, ""dates"" : []}"
10003561,52860,"{""bhl"" : {""id"" : 52860, ""name"" : ""BOULOGNE_M_JrFL"", ""vpn_id"" : 10003561}, ""dates"" : []}"
10001121,51531,"{""bhl"" : {""id"" : 51531, ""name"" : ""AGENCE_DE__vN0x"", ""vpn_id"" : 10001121}, ""dates"" : [{""id"" : 0, ""date"" : ""0101"", ""bank_holiday_id"" : 51531}, {""id"" : 0, ""date"" : ""0422"", ""bank_holiday_id"" : 51531}, {""id"" : 0, ""date"" : ""0501"", ""bank_holiday_id"" : 51531}, {""id"" : 0, ""date"" : ""0508"", ""bank_holiday_id"" : 51531}, {""id"" : 0, ""date"" : ""0530"", ""bank_holiday_id"" : 51531}, {""id"" : 0, ""date"" : ""0610"", ""bank_holiday_id"" : 51531}, {""id"" : 0, ""date"" : ""0714"", ""bank_holiday_id"" : 51531}, {""id"" : 0, ""date"" : ""0815"", ""bank_holiday_id"" : 51531}, {""id"" : 0, ""date"" : ""1101"", ""bank_holiday_id"" : 51531}, {""id"" : 0, ""date"" : ""1111"", ""bank_holiday_id"" : 51531}, {""id"" : 0, ""date"" : ""1225"", ""bank_holiday_id"" : 51531}]}"
10001121,51549,"{""bhl"" : {""id"" : 51549, ""name"" : ""AGENCE_DE__1eU8"", ""vpn_id"" : 10001121}, ""dates"" : [{""id"" : 0, ""date"" : ""0101"", ""bank_holiday_id"" : 51549}, {""id"" : 0, ""date"" : ""0422"", ""bank_holiday_id"" : 51549}, {""id"" : 0, ""date"" : ""0501"", ""bank_holiday_id"" : 51549}, {""id"" : 0, ""date"" : ""0508"", ""bank_holiday_id"" : 51549}, {""id"" : 0, ""date"" : ""0530"", ""bank_holiday_id"" : 51549}, {""id"" : 0, ""date"" : ""0610"", ""bank_holiday_id"" : 51549}, {""id"" : 0, ""date"" : ""0714"", ""bank_holiday_id"" : 51549}, {""id"" : 0, ""date"" : ""0815"", ""bank_holiday_id"" : 51549}, {""id"" : 0, ""date"" : ""1101"", ""bank_holiday_id"" : 51549}, {""id"" : 0, ""date"" : ""1111"", ""bank_holiday_id"" : 51549}, {""id"" : 0, ""date"" : ""1225"", ""bank_holiday_id"" : 51549}]}"
10001121,51554,"{""bhl"" : {""id"" : 51554, ""name"" : ""AGENCE_DE__0HK5"", ""vpn_id"" : 10001121}, ""dates"" : [{""id"" : 0, ""date"" : ""0101"", ""bank_holiday_id"" : 51554}, {""id"" : 0, ""date"" : ""0422"", ""bank_holiday_id"" : 51554}, {""id"" : 0, ""date"" : ""0501"", ""bank_holiday_id"" : 51554}, {""id"" : 0, ""date"" : ""0508"", ""bank_holiday_id"" : 51554}, {""id"" : 0, ""date"" : ""0530"", ""bank_holiday_id"" : 51554}, {""id"" : 0, ""date"" : ""0610"", ""bank_holiday_id"" : 51554}, {""id"" : 0, ""date"" : ""0714"", ""bank_holiday_id"" : 51554}, {""id"" : 0, ""date"" : ""0815"", ""bank_holiday_id"" : 51554}, {""id"" : 0, ""date"" : ""1101"", ""bank_holiday_id"" : 51554}, {""id"" : 0, ""date"" : ""1111"", ""bank_holiday_id"" : 51554}, {""id"" : 0, ""date"" : ""1225"", ""bank_holiday_id"" : 51554}]}"
10001121,51566,"{""bhl"" : {""id"" : 51566, ""name"" : ""AGENCE_DE__jxwL"", ""vpn_id"" : 10001121}, ""dates"" : [{""id"" : 0, ""date"" : ""0101"", ""bank_holiday_id"" : 51566}, {""id"" : 0, ""date"" : ""0422"", ""bank_holiday_id"" : 51566}, {""id"" : 0, ""date"" : ""0501"", ""bank_holiday_id"" : 51566}, {""id"" : 0, ""date"" : ""0508"", ""bank_holiday_id"" : 51566}, {""id"" : 0, ""date"" : ""0530"", ""bank_holiday_id"" : 51566}, {""id"" : 0, ""date"" : ""0610"", ""bank_holiday_id"" : 51566}, {""id"" : 0, ""date"" : ""0714"", ""bank_holiday_id"" : 51566}, {""id"" : 0, ""date"" : ""0815"", ""bank_holiday_id"" : 51566}, {""id"" : 0, ""date"" : ""1101"", ""bank_holiday_id"" : 51566}, {""id"" : 0, ""date"" : ""1111"", ""bank_holiday_id"" : 51566}, {""id"" : 0, ""date"" : ""1225"", ""bank_holiday_id"" : 51566}]}"
10001121,51577,"{""bhl"" : {""id"" : 51577, ""name"" : ""AGENCE_DE__zuFj"", ""vpn_id"" : 10001121}, ""dates"" : [{""id"" : 0, ""date"" : ""0101"", ""bank_holiday_id"" : 51577}, {""id"" : 0, ""date"" : ""0422"", ""bank_holiday_id"" : 51577}, {""id"" : 0, ""date"" : ""0501"", ""bank_holiday_id"" : 51577}, {""id"" : 0, ""date"" : ""0508"", ""bank_holiday_id"" : 51577}, {""id"" : 0, ""date"" : ""0530"", ""bank_holiday_id"" : 51577}, {""id"" : 0, ""date"" : ""0610"", ""bank_holiday_id"" : 51577}, {""id"" : 0, ""date"" : ""0714"", ""bank_holiday_id"" : 51577}, {""id"" : 0, ""date"" : ""0815"", ""bank_holiday_id"" : 51577}, {""id"" : 0, ""date"" : ""1101"", ""bank_holiday_id"" : 51577}, {""id"" : 0, ""date"" : ""1111"", ""bank_holiday_id"" : 51577}, {""id"" : 0, ""date"" : ""1225"", ""bank_holiday_id"" : 51577}]}"
10001121,51578,"{""bhl"" : {""id"" : 51578, ""name"" : ""AGENCE_DE__JXbr"", ""vpn_id"" : 10001121}, ""dates"" : [{""id"" : 0, ""date"" : ""0101"", ""bank_holiday_id"" : 51578}, {""id"" : 0, ""date"" : ""0422"", ""bank_holiday_id"" : 51578}, {""id"" : 0, ""date"" : ""0501"", ""bank_holiday_id"" : 51578}, {""id"" : 0, ""date"" : ""0508"", ""bank_holiday_id"" : 51578}, {""id"" : 0, ""date"" : ""0530"", ""bank_holiday_id"" : 51578}, {""id"" : 0, ""date"" : ""0610"", ""bank_holiday_id"" : 51578}, {""id"" : 0, ""date"" : ""0714"", ""bank_holiday_id"" : 51578}, {""id"" : 0, ""date"" : ""0815"", ""bank_holiday_id"" : 51578}, {""id"" : 0, ""date"" : ""1101"", ""bank_holiday_id"" : 51578}, {""id"" : 0, ""date"" : ""1111"", ""bank_holiday_id"" : 51578}, {""id"" : 0, ""date"" : ""1225"", ""bank_holiday_id"" : 51578}]}"
10001121,51617,"{""bhl"" : {""id"" : 51617, ""name"" : ""AGENCE_DE__1R3T"", ""vpn_id"" : 10001121}, ""dates"" : [{""id"" : 0, ""date"" : ""0101"", ""bank_holiday_id"" : 51617}, {""id"" : 0, ""date"" : ""0422"", ""bank_holiday_id"" : 51617}, {""id"" : 0, ""date"" : ""0501"", ""bank_holiday_id"" : 51617}, {""id"" : 0, ""date"" : ""0508"", ""bank_holiday_id"" : 51617}, {""id"" : 0, ""date"" : ""0530"", ""bank_holiday_id"" : 51617}, {""id"" : 0, ""date"" : ""0610"", ""bank_holiday_id"" : 51617}, {""id"" : 0, ""date"" : ""0714"", ""bank_holiday_id"" : 51617}, {""id"" : 0, ""date"" : ""0815"", ""bank_holiday_id"" : 51617}, {""id"" : 0, ""date"" : ""1101"", ""bank_holiday_id"" : 51617}, {""id"" : 0, ""date"" : ""1111"", ""bank_holiday_id"" : 51617}, {""id"" : 0, ""date"" : ""1225"", ""bank_holiday_id"" : 51617}]}"
10001121,51618,"{""bhl"" : {""id"" : 51618, ""name"" : ""AGENCE_DE__EMiP"", ""vpn_id"" : 10001121}, ""dates"" : [{""id"" : 0, ""date"" : ""0101"", ""bank_holiday_id"" : 51618}, {""id"" : 0, ""date"" : ""0422"", ""bank_holiday_id"" : 51618}, {""id"" : 0, ""date"" : ""0501"", ""bank_holiday_id"" : 51618}, {""id"" : 0, ""date"" : ""0508"", ""bank_holiday_id"" : 51618}, {""id"" : 0, ""date"" : ""0530"", ""bank_holiday_id"" : 51618}, {""id"" : 0, ""date"" : ""0610"", ""bank_holiday_id"" : 51618}, {""id"" : 0, ""date"" : ""0714"", ""bank_holiday_id"" : 51618}, {""id"" : 0, ""date"" : ""0815"", ""bank_holiday_id"" : 51618}, {""id"" : 0, ""date"" : ""1101"", ""bank_holiday_id"" : 51618}, {""id"" : 0, ""date"" : ""1111"", ""bank_holiday_id"" : 51618}, {""id"" : 0, ""date"" : ""1225"", ""bank_holiday_id"" : 51618}]}"
10001121,51619,"{""bhl"" : {""id"" : 51619, ""name"" : ""AGENCE_DE__z3bd"", ""vpn_id"" : 10001121}, ""dates"" : [{""id"" : 0, ""date"" : ""0101"", ""bank_holiday_id"" : 51619}, {""id"" : 0, ""date"" : ""0422"", ""bank_holiday_id"" : 51619}, {""id"" : 0, ""date"" : ""0501"", ""bank_holiday_id"" : 51619}, {""id"" : 0, ""date"" : ""0508"", ""bank_holiday_id"" : 51619}, {""id"" : 0, ""date"" : ""0530"", ""bank_holiday_id"" : 51619}, {""id"" : 0, ""date"" : ""0610"", ""bank_holiday_id"" : 51619}, {""id"" : 0, ""date"" : ""0714"", ""bank_holiday_id"" : 51619}, {""id"" : 0, ""date"" : ""0815"", ""bank_holiday_id"" : 51619}, {""id"" : 0, ""date"" : ""1101"", ""bank_holiday_id"" : 51619}, {""id"" : 0, ""date"" : ""1111"", ""bank_holiday_id"" : 51619}, {""id"" : 0, ""date"" : ""1225"", ""bank_holiday_id"" : 51619}]}"
10001121,51620,"{""bhl"" : {""id"" : 51620, ""name"" : ""AGENCE_DE__JHVy"", ""vpn_id"" : 10001121}, ""dates"" : [{""id"" : 0, ""date"" : ""0101"", ""bank_holiday_id"" : 51620}, {""id"" : 0, ""date"" : ""0422"", ""bank_holiday_id"" : 51620}, {""id"" : 0, ""date"" : ""0501"", ""bank_holiday_id"" : 51620}, {""id"" : 0, ""date"" : ""0508"", ""bank_holiday_id"" : 51620}, {""id"" : 0, ""date"" : ""0530"", ""bank_holiday_id"" : 51620}, {""id"" : 0, ""date"" : ""0610"", ""bank_holiday_id"" : 51620}, {""id"" : 0, ""date"" : ""0714"", ""bank_holiday_id"" : 51620}, {""id"" : 0, ""date"" : ""0815"", ""bank_holiday_id"" : 51620}, {""id"" : 0, ""date"" : ""1101"", ""bank_holiday_id"" : 51620}, {""id"" : 0, ""date"" : ""1111"", ""bank_holiday_id"" : 51620}, {""id"" : 0, ""date"" : ""1225"", ""bank_holiday_id"" : 51620}]}"
10001121,52371,"{""bhl"" : {""id"" : 52371, ""name"" : ""AGENCE_DE__OUbu"", ""vpn_id"" : 10001121}, ""dates"" : [{""id"" : 0, ""date"" : ""0101"", ""bank_holiday_id"" : 52371}, {""id"" : 0, ""date"" : ""0422"", ""bank_holiday_id"" : 52371}, {""id"" : 0, ""date"" : ""0501"", ""bank_holiday_id"" : 52371}, {""id"" : 0, ""date"" : ""0508"", ""bank_holiday_id"" : 52371}, {""id"" : 0, ""date"" : ""0530"", ""bank_holiday_id"" : 52371}, {""id"" : 0, ""date"" : ""0610"", ""bank_holiday_id"" : 52371}, {""id"" : 0, ""date"" : ""0714"", ""bank_holiday_id"" : 52371}, {""id"" : 0, ""date"" : ""0815"", ""bank_holiday_id"" : 52371}, {""id"" : 0, ""date"" : ""1101"", ""bank_holiday_id"" : 52371}, {""id"" : 0, ""date"" : ""1111"", ""bank_holiday_id"" : 52371}, {""id"" : 0, ""date"" : ""1225"", ""bank_holiday_id"" : 52371}]}"
10001121,52372,"{""bhl"" : {""id"" : 52372, ""name"" : ""AGENCE_DE__rYkj"", ""vpn_id"" : 10001121}, ""dates"" : [{""id"" : 0, ""date"" : ""0101"", ""bank_holiday_id"" : 52372}, {""id"" : 0, ""date"" : ""0422"", ""bank_holiday_id"" : 52372}, {""id"" : 0, ""date"" : ""0501"", ""bank_holiday_id"" : 52372}, {""id"" : 0, ""date"" : ""0508"", ""bank_holiday_id"" : 52372}, {""id"" : 0, ""date"" : ""0530"", ""bank_holiday_id"" : 52372}, {""id"" : 0, ""date"" : ""0610"", ""bank_holiday_id"" : 52372}, {""id"" : 0, ""date"" : ""0714"", ""bank_holiday_id"" : 52372}, {""id"" : 0, ""date"" : ""0815"", ""bank_holiday_id"" : 52372}, {""id"" : 0, ""date"" : ""1101"", ""bank_holiday_id"" : 52372}, {""id"" : 0, ""date"" : ""1111"", ""bank_holiday_id"" : 52372}, {""id"" : 0, ""date"" : ""1225"", ""bank_holiday_id"" : 52372}]}"
10001121,52373,"{""bhl"" : {""id"" : 52373, ""name"" : ""AGENCE_DE__ph2I"", ""vpn_id"" : 10001121}, ""dates"" : [{""id"" : 0, ""date"" : ""0101"", ""bank_holiday_id"" : 52373}, {""id"" : 0, ""date"" : ""0422"", ""bank_holiday_id"" : 52373}, {""id"" : 0, ""date"" : ""0501"", ""bank_holiday_id"" : 52373}, {""id"" : 0, ""date"" : ""0508"", ""bank_holiday_id"" : 52373}, {""id"" : 0, ""date"" : ""0530"", ""bank_holiday_id"" : 52373}, {""id"" : 0, ""date"" : ""0610"", ""bank_holiday_id"" : 52373}, {""id"" : 0, ""date"" : ""0714"", ""bank_holiday_id"" : 52373}, {""id"" : 0, ""date"" : ""0815"", ""bank_holiday_id"" : 52373}, {""id"" : 0, ""date"" : ""1101"", ""bank_holiday_id"" : 52373}, {""id"" : 0, ""date"" : ""1111"", ""bank_holiday_id"" : 52373}, {""id"" : 0, ""date"" : ""1225"", ""bank_holiday_id"" : 52373}]}"
10001121,52374,"{""bhl"" : {""id"" : 52374, ""name"" : ""AGENCE_DE__Zofl"", ""vpn_id"" : 10001121}, ""dates"" : [{""id"" : 0, ""date"" : ""0101"", ""bank_holiday_id"" : 52374}, {""id"" : 0, ""date"" : ""0422"", ""bank_holiday_id"" : 52374}, {""id"" : 0, ""date"" : ""0501"", ""bank_holiday_id"" : 52374}, {""id"" : 0, ""date"" : ""0508"", ""bank_holiday_id"" : 52374}, {""id"" : 0, ""date"" : ""0530"", ""bank_holiday_id"" : 52374}, {""id"" : 0, ""date"" : ""0610"", ""bank_holiday_id"" : 52374}, {""id"" : 0, ""date"" : ""0714"", ""bank_holiday_id"" : 52374}, {""id"" : 0, ""date"" : ""0815"", ""bank_holiday_id"" : 52374}, {""id"" : 0, ""date"" : ""1101"", ""bank_holiday_id"" : 52374}, {""id"" : 0, ""date"" : ""1111"", ""bank_holiday_id"" : 52374}, {""id"" : 0, ""date"" : ""1225"", ""bank_holiday_id"" : 52374}]}"
10001121,52375,"{""bhl"" : {""id"" : 52375, ""name"" : ""AGENCE_DE__Z1u5"", ""vpn_id"" : 10001121}, ""dates"" : [{""id"" : 0, ""date"" : ""0101"", ""bank_holiday_id"" : 52375}, {""id"" : 0, ""date"" : ""0422"", ""bank_holiday_id"" : 52375}, {""id"" : 0, ""date"" : ""0501"", ""bank_holiday_id"" : 52375}, {""id"" : 0, ""date"" : ""0508"", ""bank_holiday_id"" : 52375}, {""id"" : 0, ""date"" : ""0530"", ""bank_holiday_id"" : 52375}, {""id"" : 0, ""date"" : ""0610"", ""bank_holiday_id"" : 52375}, {""id"" : 0, ""date"" : ""0714"", ""bank_holiday_id"" : 52375}, {""id"" : 0, ""date"" : ""0815"", ""bank_holiday_id"" : 52375}, {""id"" : 0, ""date"" : ""1101"", ""bank_holiday_id"" : 52375}, {""id"" : 0, ""date"" : ""1111"", ""bank_holiday_id"" : 52375}, {""id"" : 0, ""date"" : ""1225"", ""bank_holiday_id"" : 52375}]}"
10001121,52377,"{""bhl"" : {""id"" : 52377, ""name"" : ""AGENCE_DE__WwGd"", ""vpn_id"" : 10001121}, ""dates"" : [{""id"" : 0, ""date"" : ""0101"", ""bank_holiday_id"" : 52377}, {""id"" : 0, ""date"" : ""0422"", ""bank_holiday_id"" : 52377}, {""id"" : 0, ""date"" : ""0501"", ""bank_holiday_id"" : 52377}, {""id"" : 0, ""date"" : ""0508"", ""bank_holiday_id"" : 52377}, {""id"" : 0, ""date"" : ""0530"", ""bank_holiday_id"" : 52377}, {""id"" : 0, ""date"" : ""0610"", ""bank_holiday_id"" : 52377}, {""id"" : 0, ""date"" : ""0714"", ""bank_holiday_id"" : 52377}, {""id"" : 0, ""date"" : ""0815"", ""bank_holiday_id"" : 52377}, {""id"" : 0, ""date"" : ""1101"", ""bank_holiday_id"" : 52377}, {""id"" : 0, ""date"" : ""1111"", ""bank_holiday_id"" : 52377}, {""id"" : 0, ""date"" : ""1225"", ""bank_holiday_id"" : 52377}]}"
10001121,52378,"{""bhl"" : {""id"" : 52378, ""name"" : ""AGENCE_DU__s5F6"", ""vpn_id"" : 10001121}, ""dates"" : [{""id"" : 0, ""date"" : ""0101"", ""bank_holiday_id"" : 52378}, {""id"" : 0, ""date"" : ""0422"", ""bank_holiday_id"" : 52378}, {""id"" : 0, ""date"" : ""0501"", ""bank_holiday_id"" : 52378}, {""id"" : 0, ""date"" : ""0508"", ""bank_holiday_id"" : 52378}, {""id"" : 0, ""date"" : ""0530"", ""bank_holiday_id"" : 52378}, {""id"" : 0, ""date"" : ""0610"", ""bank_holiday_id"" : 52378}, {""id"" : 0, ""date"" : ""0714"", ""bank_holiday_id"" : 52378}, {""id"" : 0, ""date"" : ""0815"", ""bank_holiday_id"" : 52378}, {""id"" : 0, ""date"" : ""1101"", ""bank_holiday_id"" : 52378}, {""id"" : 0, ""date"" : ""1111"", ""bank_holiday_id"" : 52378}, {""id"" : 0, ""date"" : ""1225"", ""bank_holiday_id"" : 52378}]}"
10001121,52379,"{""bhl"" : {""id"" : 52379, ""name"" : ""AGENCE_DE__MPbD"", ""vpn_id"" : 10001121}, ""dates"" : [{""id"" : 0, ""date"" : ""0101"", ""bank_holiday_id"" : 52379}, {""id"" : 0, ""date"" : ""0422"", ""bank_holiday_id"" : 52379}, {""id"" : 0, ""date"" : ""0501"", ""bank_holiday_id"" : 52379}, {""id"" : 0, ""date"" : ""0508"", ""bank_holiday_id"" : 52379}, {""id"" : 0, ""date"" : ""0530"", ""bank_holiday_id"" : 52379}, {""id"" : 0, ""date"" : ""0610"", ""bank_holiday_id"" : 52379}, {""id"" : 0, ""date"" : ""0714"", ""bank_holiday_id"" : 52379}, {""id"" : 0, ""date"" : ""0815"", ""bank_holiday_id"" : 52379}, {""id"" : 0, ""date"" : ""1101"", ""bank_holiday_id"" : 52379}, {""id"" : 0, ""date"" : ""1111"", ""bank_holiday_id"" : 52379}, {""id"" : 0, ""date"" : ""1225"", ""bank_holiday_id"" : 52379}]}"
10001121,52380,"{""bhl"" : {""id"" : 52380, ""name"" : ""AGENCE_DE__ncPJ"", ""vpn_id"" : 10001121}, ""dates"" : [{""id"" : 0, ""date"" : ""0101"", ""bank_holiday_id"" : 52380}, {""id"" : 0, ""date"" : ""0422"", ""bank_holiday_id"" : 52380}, {""id"" : 0, ""date"" : ""0501"", ""bank_holiday_id"" : 52380}, {""id"" : 0, ""date"" : ""0508"", ""bank_holiday_id"" : 52380}, {""id"" : 0, ""date"" : ""0530"", ""bank_holiday_id"" : 52380}, {""id"" : 0, ""date"" : ""0610"", ""bank_holiday_id"" : 52380}, {""id"" : 0, ""date"" : ""0714"", ""bank_holiday_id"" : 52380}, {""id"" : 0, ""date"" : ""0815"", ""bank_holiday_id"" : 52380}, {""id"" : 0, ""date"" : ""1101"", ""bank_holiday_id"" : 52380}, {""id"" : 0, ""date"" : ""1111"", ""bank_holiday_id"" : 52380}, {""id"" : 0, ""date"" : ""1225"", ""bank_holiday_id"" : 52380}]}"
10001121,52381,"{""bhl"" : {""id"" : 52381, ""name"" : ""AGENCE_CAE_iucG"", ""vpn_id"" : 10001121}, ""dates"" : [{""id"" : 0, ""date"" : ""0101"", ""bank_holiday_id"" : 52381}, {""id"" : 0, ""date"" : ""0422"", ""bank_holiday_id"" : 52381}, {""id"" : 0, ""date"" : ""0501"", ""bank_holiday_id"" : 52381}, {""id"" : 0, ""date"" : ""0508"", ""bank_holiday_id"" : 52381}, {""id"" : 0, ""date"" : ""0530"", ""bank_holiday_id"" : 52381}, {""id"" : 0, ""date"" : ""0610"", ""bank_holiday_id"" : 52381}, {""id"" : 0, ""date"" : ""0714"", ""bank_holiday_id"" : 52381}, {""id"" : 0, ""date"" : ""0815"", ""bank_holiday_id"" : 52381}, {""id"" : 0, ""date"" : ""1101"", ""bank_holiday_id"" : 52381}, {""id"" : 0, ""date"" : ""1111"", ""bank_holiday_id"" : 52381}, {""id"" : 0, ""date"" : ""1225"", ""bank_holiday_id"" : 52381}]}"
10001121,52392,"{""bhl"" : {""id"" : 52392, ""name"" : ""GROUPAMA_N_ERJg"", ""vpn_id"" : 10001121}, ""dates"" : [{""id"" : 0, ""date"" : ""0101"", ""bank_holiday_id"" : 52392}, {""id"" : 0, ""date"" : ""0422"", ""bank_holiday_id"" : 52392}, {""id"" : 0, ""date"" : ""0501"", ""bank_holiday_id"" : 52392}, {""id"" : 0, ""date"" : ""0508"", ""bank_holiday_id"" : 52392}, {""id"" : 0, ""date"" : ""0530"", ""bank_holiday_id"" : 52392}, {""id"" : 0, ""date"" : ""0610"", ""bank_holiday_id"" : 52392}, {""id"" : 0, ""date"" : ""0714"", ""bank_holiday_id"" : 52392}, {""id"" : 0, ""date"" : ""0815"", ""bank_holiday_id"" : 52392}, {""id"" : 0, ""date"" : ""1101"", ""bank_holiday_id"" : 52392}, {""id"" : 0, ""date"" : ""1111"", ""bank_holiday_id"" : 52392}, {""id"" : 0, ""date"" : ""1225"", ""bank_holiday_id"" : 52392}]}"
10001121,52393,"{""bhl"" : {""id"" : 52393, ""name"" : ""SITE_PARTE_Ytp6"", ""vpn_id"" : 10001121}, ""dates"" : [{""id"" : 0, ""date"" : ""0101"", ""bank_holiday_id"" : 52393}, {""id"" : 0, ""date"" : ""0422"", ""bank_holiday_id"" : 52393}, {""id"" : 0, ""date"" : ""0501"", ""bank_holiday_id"" : 52393}, {""id"" : 0, ""date"" : ""0508"", ""bank_holiday_id"" : 52393}, {""id"" : 0, ""date"" : ""0530"", ""bank_holiday_id"" : 52393}, {""id"" : 0, ""date"" : ""0610"", ""bank_holiday_id"" : 52393}, {""id"" : 0, ""date"" : ""0714"", ""bank_holiday_id"" : 52393}, {""id"" : 0, ""date"" : ""0815"", ""bank_holiday_id"" : 52393}, {""id"" : 0, ""date"" : ""1101"", ""bank_holiday_id"" : 52393}, {""id"" : 0, ""date"" : ""1111"", ""bank_holiday_id"" : 52393}, {""id"" : 0, ""date"" : ""1225"", ""bank_holiday_id"" : 52393}]}"
10001121,52395,"{""bhl"" : {""id"" : 52395, ""name"" : ""AGENCE_DE__vbJU"", ""vpn_id"" : 10001121}, ""dates"" : [{""id"" : 0, ""date"" : ""0101"", ""bank_holiday_id"" : 52395}, {""id"" : 0, ""date"" : ""0422"", ""bank_holiday_id"" : 52395}, {""id"" : 0, ""date"" : ""0501"", ""bank_holiday_id"" : 52395}, {""id"" : 0, ""date"" : ""0508"", ""bank_holiday_id"" : 52395}, {""id"" : 0, ""date"" : ""0530"", ""bank_holiday_id"" : 52395}, {""id"" : 0, ""date"" : ""0610"", ""bank_holiday_id"" : 52395}, {""id"" : 0, ""date"" : ""0714"", ""bank_holiday_id"" : 52395}, {""id"" : 0, ""date"" : ""0815"", ""bank_holiday_id"" : 52395}, {""id"" : 0, ""date"" : ""1101"", ""bank_holiday_id"" : 52395}, {""id"" : 0, ""date"" : ""1111"", ""bank_holiday_id"" : 52395}, {""id"" : 0, ""date"" : ""1225"", ""bank_holiday_id"" : 52395}]}"
10001121,52396,"{""bhl"" : {""id"" : 52396, ""name"" : ""SIEGE_CHAR_Ud9g"", ""vpn_id"" : 10001121}, ""dates"" : [{""id"" : 0, ""date"" : ""0101"", ""bank_holiday_id"" : 52396}, {""id"" : 0, ""date"" : ""0422"", ""bank_holiday_id"" : 52396}, {""id"" : 0, ""date"" : ""0501"", ""bank_holiday_id"" : 52396}, {""id"" : 0, ""date"" : ""0508"", ""bank_holiday_id"" : 52396}, {""id"" : 0, ""date"" : ""0530"", ""bank_holiday_id"" : 52396}, {""id"" : 0, ""date"" : ""0610"", ""bank_holiday_id"" : 52396}, {""id"" : 0, ""date"" : ""0714"", ""bank_holiday_id"" : 52396}, {""id"" : 0, ""date"" : ""0815"", ""bank_holiday_id"" : 52396}, {""id"" : 0, ""date"" : ""1101"", ""bank_holiday_id"" : 52396}, {""id"" : 0, ""date"" : ""1111"", ""bank_holiday_id"" : 52396}, {""id"" : 0, ""date"" : ""1225"", ""bank_holiday_id"" : 52396}]}"
10001121,52397,"{""bhl"" : {""id"" : 52397, ""name"" : ""AGENCE_DE__PblC"", ""vpn_id"" : 10001121}, ""dates"" : [{""id"" : 0, ""date"" : ""0101"", ""bank_holiday_id"" : 52397}, {""id"" : 0, ""date"" : ""0422"", ""bank_holiday_id"" : 52397}, {""id"" : 0, ""date"" : ""0501"", ""bank_holiday_id"" : 52397}, {""id"" : 0, ""date"" : ""0508"", ""bank_holiday_id"" : 52397}, {""id"" : 0, ""date"" : ""0530"", ""bank_holiday_id"" : 52397}, {""id"" : 0, ""date"" : ""0610"", ""bank_holiday_id"" : 52397}, {""id"" : 0, ""date"" : ""0714"", ""bank_holiday_id"" : 52397}, {""id"" : 0, ""date"" : ""0815"", ""bank_holiday_id"" : 52397}, {""id"" : 0, ""date"" : ""1101"", ""bank_holiday_id"" : 52397}, {""id"" : 0, ""date"" : ""1111"", ""bank_holiday_id"" : 52397}, {""id"" : 0, ""date"" : ""1225"", ""bank_holiday_id"" : 52397}]}"
10001121,52398,"{""bhl"" : {""id"" : 52398, ""name"" : ""AGENCE_DE__yzPJ"", ""vpn_id"" : 10001121}, ""dates"" : [{""id"" : 0, ""date"" : ""0101"", ""bank_holiday_id"" : 52398}, {""id"" : 0, ""date"" : ""0422"", ""bank_holiday_id"" : 52398}, {""id"" : 0, ""date"" : ""0501"", ""bank_holiday_id"" : 52398}, {""id"" : 0, ""date"" : ""0508"", ""bank_holiday_id"" : 52398}, {""id"" : 0, ""date"" : ""0530"", ""bank_holiday_id"" : 52398}, {""id"" : 0, ""date"" : ""0610"", ""bank_holiday_id"" : 52398}, {""id"" : 0, ""date"" : ""0714"", ""bank_holiday_id"" : 52398}, {""id"" : 0, ""date"" : ""0815"", ""bank_holiday_id"" : 52398}, {""id"" : 0, ""date"" : ""1101"", ""bank_holiday_id"" : 52398}, {""id"" : 0, ""date"" : ""1111"", ""bank_holiday_id"" : 52398}, {""id"" : 0, ""date"" : ""1225"", ""bank_holiday_id"" : 52398}]}"
10001121,52399,"{""bhl"" : {""id"" : 52399, ""name"" : ""DPT_CALVAD_Lahs"", ""vpn_id"" : 10001121}, ""dates"" : [{""id"" : 0, ""date"" : ""0101"", ""bank_holiday_id"" : 52399}, {""id"" : 0, ""date"" : ""0422"", ""bank_holiday_id"" : 52399}, {""id"" : 0, ""date"" : ""0501"", ""bank_holiday_id"" : 52399}, {""id"" : 0, ""date"" : ""0508"", ""bank_holiday_id"" : 52399}, {""id"" : 0, ""date"" : ""0530"", ""bank_holiday_id"" : 52399}, {""id"" : 0, ""date"" : ""0610"", ""bank_holiday_id"" : 52399}, {""id"" : 0, ""date"" : ""0714"", ""bank_holiday_id"" : 52399}, {""id"" : 0, ""date"" : ""0815"", ""bank_holiday_id"" : 52399}, {""id"" : 0, ""date"" : ""1101"", ""bank_holiday_id"" : 52399}, {""id"" : 0, ""date"" : ""1111"", ""bank_holiday_id"" : 52399}, {""id"" : 0, ""date"" : ""1225"", ""bank_holiday_id"" : 52399}]}"
10001121,52400,"{""bhl"" : {""id"" : 52400, ""name"" : ""DPT_EURE_F_PvOl"", ""vpn_id"" : 10001121}, ""dates"" : [{""id"" : 0, ""date"" : ""0101"", ""bank_holiday_id"" : 52400}, {""id"" : 0, ""date"" : ""0422"", ""bank_holiday_id"" : 52400}, {""id"" : 0, ""date"" : ""0501"", ""bank_holiday_id"" : 52400}, {""id"" : 0, ""date"" : ""0508"", ""bank_holiday_id"" : 52400}, {""id"" : 0, ""date"" : ""0530"", ""bank_holiday_id"" : 52400}, {""id"" : 0, ""date"" : ""0610"", ""bank_holiday_id"" : 52400}, {""id"" : 0, ""date"" : ""0714"", ""bank_holiday_id"" : 52400}, {""id"" : 0, ""date"" : ""0815"", ""bank_holiday_id"" : 52400}, {""id"" : 0, ""date"" : ""1101"", ""bank_holiday_id"" : 52400}, {""id"" : 0, ""date"" : ""1111"", ""bank_holiday_id"" : 52400}, {""id"" : 0, ""date"" : ""1225"", ""bank_holiday_id"" : 52400}]}"
10001121,52403,"{""bhl"" : {""id"" : 52403, ""name"" : ""AGENCE_DE__zes9"", ""vpn_id"" : 10001121}, ""dates"" : [{""id"" : 0, ""date"" : ""0101"", ""bank_holiday_id"" : 52403}, {""id"" : 0, ""date"" : ""0422"", ""bank_holiday_id"" : 52403}, {""id"" : 0, ""date"" : ""0501"", ""bank_holiday_id"" : 52403}, {""id"" : 0, ""date"" : ""0508"", ""bank_holiday_id"" : 52403}, {""id"" : 0, ""date"" : ""0530"", ""bank_holiday_id"" : 52403}, {""id"" : 0, ""date"" : ""0610"", ""bank_holiday_id"" : 52403}, {""id"" : 0, ""date"" : ""0714"", ""bank_holiday_id"" : 52403}, {""id"" : 0, ""date"" : ""0815"", ""bank_holiday_id"" : 52403}, {""id"" : 0, ""date"" : ""1101"", ""bank_holiday_id"" : 52403}, {""id"" : 0, ""date"" : ""1111"", ""bank_holiday_id"" : 52403}, {""id"" : 0, ""date"" : ""1225"", ""bank_holiday_id"" : 52403}]}"
10001121,52404,"{""bhl"" : {""id"" : 52404, ""name"" : ""CRAMA_DE_N_aPJM"", ""vpn_id"" : 10001121}, ""dates"" : []}"
10005087,52428,"{""bhl"" : {""id"" : 52428, ""name"" : ""NOMADE_FER_6Ffs"", ""vpn_id"" : 10005087}, ""dates"" : [{""id"" : 0, ""date"" : ""0101"", ""bank_holiday_id"" : 52428}, {""id"" : 0, ""date"" : ""0422"", ""bank_holiday_id"" : 52428}, {""id"" : 0, ""date"" : ""0501"", ""bank_holiday_id"" : 52428}, {""id"" : 0, ""date"" : ""0508"", ""bank_holiday_id"" : 52428}, {""id"" : 0, ""date"" : ""0530"", ""bank_holiday_id"" : 52428}, {""id"" : 0, ""date"" : ""0610"", ""bank_holiday_id"" : 52428}, {""id"" : 0, ""date"" : ""0714"", ""bank_holiday_id"" : 52428}, {""id"" : 0, ""date"" : ""0815"", ""bank_holiday_id"" : 52428}, {""id"" : 0, ""date"" : ""1101"", ""bank_holiday_id"" : 52428}, {""id"" : 0, ""date"" : ""1111"", ""bank_holiday_id"" : 52428}, {""id"" : 0, ""date"" : ""1224"", ""bank_holiday_id"" : 52428}]}"
10005123,52429,"{""bhl"" : {""id"" : 52429, ""name"" : ""NOMADE_FER_Vaqn"", ""vpn_id"" : 10005123}, ""dates"" : [{""id"" : 0, ""date"" : ""0101"", ""bank_holiday_id"" : 52429}, {""id"" : 0, ""date"" : ""0422"", ""bank_holiday_id"" : 52429}, {""id"" : 0, ""date"" : ""0501"", ""bank_holiday_id"" : 52429}, {""id"" : 0, ""date"" : ""0508"", ""bank_holiday_id"" : 52429}, {""id"" : 0, ""date"" : ""0530"", ""bank_holiday_id"" : 52429}, {""id"" : 0, ""date"" : ""0610"", ""bank_holiday_id"" : 52429}, {""id"" : 0, ""date"" : ""0714"", ""bank_holiday_id"" : 52429}, {""id"" : 0, ""date"" : ""0815"", ""bank_holiday_id"" : 52429}, {""id"" : 0, ""date"" : ""1101"", ""bank_holiday_id"" : 52429}, {""id"" : 0, ""date"" : ""1111"", ""bank_holiday_id"" : 52429}, {""id"" : 0, ""date"" : ""1224"", ""bank_holiday_id"" : 52429}]}"
10005145,52430,"{""bhl"" : {""id"" : 52430, ""name"" : ""CALENDAR_E962C9"", ""vpn_id"" : 10005145}, ""dates"" : [{""id"" : 0, ""date"" : ""0101"", ""bank_holiday_id"" : 52430}, {""id"" : 0, ""date"" : ""0406"", ""bank_holiday_id"" : 52430}, {""id"" : 0, ""date"" : ""0501"", ""bank_holiday_id"" : 52430}, {""id"" : 0, ""date"" : ""0508"", ""bank_holiday_id"" : 52430}, {""id"" : 0, ""date"" : ""0514"", ""bank_holiday_id"" : 52430}, {""id"" : 0, ""date"" : ""0525"", ""bank_holiday_id"" : 52430}, {""id"" : 0, ""date"" : ""0714"", ""bank_holiday_id"" : 52430}, {""id"" : 0, ""date"" : ""0815"", ""bank_holiday_id"" : 52430}, {""id"" : 0, ""date"" : ""1101"", ""bank_holiday_id"" : 52430}, {""id"" : 0, ""date"" : ""1111"", ""bank_holiday_id"" : 52430}, {""id"" : 0, ""date"" : ""1225"", ""bank_holiday_id"" : 52430}]}"
10005150,52446,"{""bhl"" : {""id"" : 52446, ""name"" : ""CALENDAR_037414"", ""vpn_id"" : 10005150}, ""dates"" : [{""id"" : 0, ""date"" : ""0101"", ""bank_holiday_id"" : 52446}, {""id"" : 0, ""date"" : ""0406"", ""bank_holiday_id"" : 52446}, {""id"" : 0, ""date"" : ""0501"", ""bank_holiday_id"" : 52446}, {""id"" : 0, ""date"" : ""0508"", ""bank_holiday_id"" : 52446}, {""id"" : 0, ""date"" : ""0514"", ""bank_holiday_id"" : 52446}, {""id"" : 0, ""date"" : ""0525"", ""bank_holiday_id"" : 52446}, {""id"" : 0, ""date"" : ""0714"", ""bank_holiday_id"" : 52446}, {""id"" : 0, ""date"" : ""0815"", ""bank_holiday_id"" : 52446}, {""id"" : 0, ""date"" : ""1101"", ""bank_holiday_id"" : 52446}, {""id"" : 0, ""date"" : ""1111"", ""bank_holiday_id"" : 52446}, {""id"" : 0, ""date"" : ""1225"", ""bank_holiday_id"" : 52446}]}"
10004474,52450,"{""bhl"" : {""id"" : 52450, ""name"" : ""ALGECO_ST__P9Mf"", ""vpn_id"" : 10004474}, ""dates"" : [{""id"" : 0, ""date"" : ""0102"", ""bank_holiday_id"" : 52450}]}"
10004474,52451,"{""bhl"" : {""id"" : 52451, ""name"" : ""ALGECO_ST__zGWj"", ""vpn_id"" : 10004474}, ""dates"" : [{""id"" : 0, ""date"" : ""0101"", ""bank_holiday_id"" : 52451}, {""id"" : 0, ""date"" : ""0422"", ""bank_holiday_id"" : 52451}, {""id"" : 0, ""date"" : ""0501"", ""bank_holiday_id"" : 52451}, {""id"" : 0, ""date"" : ""0508"", ""bank_holiday_id"" : 52451}, {""id"" : 0, ""date"" : ""0530"", ""bank_holiday_id"" : 52451}, {""id"" : 0, ""date"" : ""0610"", ""bank_holiday_id"" : 52451}, {""id"" : 0, ""date"" : ""0714"", ""bank_holiday_id"" : 52451}, {""id"" : 0, ""date"" : ""0815"", ""bank_holiday_id"" : 52451}, {""id"" : 0, ""date"" : ""1101"", ""bank_holiday_id"" : 52451}, {""id"" : 0, ""date"" : ""1111"", ""bank_holiday_id"" : 52451}, {""id"" : 0, ""date"" : ""1224"", ""bank_holiday_id"" : 52451}]}"
10004474,52452,"{""bhl"" : {""id"" : 52452, ""name"" : ""ALGECO_HAN_mqTi"", ""vpn_id"" : 10004474}, ""dates"" : [{""id"" : 0, ""date"" : ""1224"", ""bank_holiday_id"" : 52452}]}"
10004474,52453,"{""bhl"" : {""id"" : 52453, ""name"" : ""ALGECO_PON_XNL7"", ""vpn_id"" : 10004474}, ""dates"" : [{""id"" : 0, ""date"" : ""1224"", ""bank_holiday_id"" : 52453}]}"
10004474,52455,"{""bhl"" : {""id"" : 52455, ""name"" : ""ALGECO_MAR_AQBm"", ""vpn_id"" : 10004474}, ""dates"" : [{""id"" : 0, ""date"" : ""0101"", ""bank_holiday_id"" : 52455}, {""id"" : 0, ""date"" : ""0422"", ""bank_holiday_id"" : 52455}, {""id"" : 0, ""date"" : ""0501"", ""bank_holiday_id"" : 52455}, {""id"" : 0, ""date"" : ""0508"", ""bank_holiday_id"" : 52455}, {""id"" : 0, ""date"" : ""0530"", ""bank_holiday_id"" : 52455}, {""id"" : 0, ""date"" : ""0610"", ""bank_holiday_id"" : 52455}, {""id"" : 0, ""date"" : ""0714"", ""bank_holiday_id"" : 52455}, {""id"" : 0, ""date"" : ""0815"", ""bank_holiday_id"" : 52455}, {""id"" : 0, ""date"" : ""1101"", ""bank_holiday_id"" : 52455}, {""id"" : 0, ""date"" : ""1111"", ""bank_holiday_id"" : 52455}, {""id"" : 0, ""date"" : ""1224"", ""bank_holiday_id"" : 52455}]}"
10004474,52456,"{""bhl"" : {""id"" : 52456, ""name"" : ""ALGECO_VIT_WRyi"", ""vpn_id"" : 10004474}, ""dates"" : [{""id"" : 0, ""date"" : ""1224"", ""bank_holiday_id"" : 52456}]}"
10004474,52457,"{""bhl"" : {""id"" : 52457, ""name"" : ""ALGECO_DUR_eIzc"", ""vpn_id"" : 10004474}, ""dates"" : [{""id"" : 0, ""date"" : ""1224"", ""bank_holiday_id"" : 52457}]}"
10004474,52458,"{""bhl"" : {""id"" : 52458, ""name"" : ""ALGECO_ST__BCw6"", ""vpn_id"" : 10004474}, ""dates"" : [{""id"" : 0, ""date"" : ""1224"", ""bank_holiday_id"" : 52458}]}"
10004474,52459,"{""bhl"" : {""id"" : 52459, ""name"" : ""ALGECO_ST__ouru"", ""vpn_id"" : 10004474}, ""dates"" : []}"
10004474,52460,"{""bhl"" : {""id"" : 52460, ""name"" : ""ALGECO_ST__duVT"", ""vpn_id"" : 10004474}, ""dates"" : [{""id"" : 0, ""date"" : ""0101"", ""bank_holiday_id"" : 52460}, {""id"" : 0, ""date"" : ""0422"", ""bank_holiday_id"" : 52460}, {""id"" : 0, ""date"" : ""0501"", ""bank_holiday_id"" : 52460}, {""id"" : 0, ""date"" : ""0508"", ""bank_holiday_id"" : 52460}, {""id"" : 0, ""date"" : ""0530"", ""bank_holiday_id"" : 52460}, {""id"" : 0, ""date"" : ""0610"", ""bank_holiday_id"" : 52460}, {""id"" : 0, ""date"" : ""0714"", ""bank_holiday_id"" : 52460}, {""id"" : 0, ""date"" : ""0815"", ""bank_holiday_id"" : 52460}, {""id"" : 0, ""date"" : ""1101"", ""bank_holiday_id"" : 52460}, {""id"" : 0, ""date"" : ""1111"", ""bank_holiday_id"" : 52460}, {""id"" : 0, ""date"" : ""1224"", ""bank_holiday_id"" : 52460}]}"
10005110,51498,"{""bhl"" : {""id"" : 51498, ""name"" : ""AVENTIS_PH_KSGl"", ""vpn_id"" : 10005110}, ""dates"" : [{""id"" : 0, ""date"" : ""0101"", ""bank_holiday_id"" : 51498}, {""id"" : 0, ""date"" : ""0422"", ""bank_holiday_id"" : 51498}, {""id"" : 0, ""date"" : ""0501"", ""bank_holiday_id"" : 51498}, {""id"" : 0, ""date"" : ""0508"", ""bank_holiday_id"" : 51498}, {""id"" : 0, ""date"" : ""0530"", ""bank_holiday_id"" : 51498}, {""id"" : 0, ""date"" : ""0610"", ""bank_holiday_id"" : 51498}, {""id"" : 0, ""date"" : ""0714"", ""bank_holiday_id"" : 51498}, {""id"" : 0, ""date"" : ""0815"", ""bank_holiday_id"" : 51498}, {""id"" : 0, ""date"" : ""1101"", ""bank_holiday_id"" : 51498}, {""id"" : 0, ""date"" : ""1111"", ""bank_holiday_id"" : 51498}, {""id"" : 0, ""date"" : ""1224"", ""bank_holiday_id"" : 51498}]}"
10001121,51516,"{""bhl"" : {""id"" : 51516, ""name"" : ""AGENCE_DE__3CSk"", ""vpn_id"" : 10001121}, ""dates"" : [{""id"" : 0, ""date"" : ""0101"", ""bank_holiday_id"" : 51516}, {""id"" : 0, ""date"" : ""0422"", ""bank_holiday_id"" : 51516}, {""id"" : 0, ""date"" : ""0501"", ""bank_holiday_id"" : 51516}, {""id"" : 0, ""date"" : ""0508"", ""bank_holiday_id"" : 51516}, {""id"" : 0, ""date"" : ""0530"", ""bank_holiday_id"" : 51516}, {""id"" : 0, ""date"" : ""0610"", ""bank_holiday_id"" : 51516}, {""id"" : 0, ""date"" : ""0714"", ""bank_holiday_id"" : 51516}, {""id"" : 0, ""date"" : ""0815"", ""bank_holiday_id"" : 51516}, {""id"" : 0, ""date"" : ""1101"", ""bank_holiday_id"" : 51516}, {""id"" : 0, ""date"" : ""1111"", ""bank_holiday_id"" : 51516}, {""id"" : 0, ""date"" : ""1225"", ""bank_holiday_id"" : 51516}]}"
10001121,51520,"{""bhl"" : {""id"" : 51520, ""name"" : ""DPT_MAYENN_K5Cm"", ""vpn_id"" : 10001121}, ""dates"" : [{""id"" : 0, ""date"" : ""0101"", ""bank_holiday_id"" : 51520}, {""id"" : 0, ""date"" : ""0422"", ""bank_holiday_id"" : 51520}, {""id"" : 0, ""date"" : ""0501"", ""bank_holiday_id"" : 51520}, {""id"" : 0, ""date"" : ""0508"", ""bank_holiday_id"" : 51520}, {""id"" : 0, ""date"" : ""0530"", ""bank_holiday_id"" : 51520}, {""id"" : 0, ""date"" : ""0610"", ""bank_holiday_id"" : 51520}, {""id"" : 0, ""date"" : ""0714"", ""bank_holiday_id"" : 51520}, {""id"" : 0, ""date"" : ""0815"", ""bank_holiday_id"" : 51520}, {""id"" : 0, ""date"" : ""1101"", ""bank_holiday_id"" : 51520}, {""id"" : 0, ""date"" : ""1111"", ""bank_holiday_id"" : 51520}, {""id"" : 0, ""date"" : ""1225"", ""bank_holiday_id"" : 51520}]}"
10001121,51523,"{""bhl"" : {""id"" : 51523, ""name"" : ""DPT_ORNE_F_kM41"", ""vpn_id"" : 10001121}, ""dates"" : [{""id"" : 0, ""date"" : ""0101"", ""bank_holiday_id"" : 51523}, {""id"" : 0, ""date"" : ""0422"", ""bank_holiday_id"" : 51523}, {""id"" : 0, ""date"" : ""0501"", ""bank_holiday_id"" : 51523}, {""id"" : 0, ""date"" : ""0508"", ""bank_holiday_id"" : 51523}, {""id"" : 0, ""date"" : ""0530"", ""bank_holiday_id"" : 51523}, {""id"" : 0, ""date"" : ""0610"", ""bank_holiday_id"" : 51523}, {""id"" : 0, ""date"" : ""0714"", ""bank_holiday_id"" : 51523}, {""id"" : 0, ""date"" : ""0815"", ""bank_holiday_id"" : 51523}, {""id"" : 0, ""date"" : ""1101"", ""bank_holiday_id"" : 51523}, {""id"" : 0, ""date"" : ""1111"", ""bank_holiday_id"" : 51523}, {""id"" : 0, ""date"" : ""1225"", ""bank_holiday_id"" : 51523}]}"
10001121,51551,"{""bhl"" : {""id"" : 51551, ""name"" : ""AGENCE_DE__mBRM"", ""vpn_id"" : 10001121}, ""dates"" : [{""id"" : 0, ""date"" : ""0101"", ""bank_holiday_id"" : 51551}, {""id"" : 0, ""date"" : ""0422"", ""bank_holiday_id"" : 51551}, {""id"" : 0, ""date"" : ""0501"", ""bank_holiday_id"" : 51551}, {""id"" : 0, ""date"" : ""0508"", ""bank_holiday_id"" : 51551}, {""id"" : 0, ""date"" : ""0530"", ""bank_holiday_id"" : 51551}, {""id"" : 0, ""date"" : ""0610"", ""bank_holiday_id"" : 51551}, {""id"" : 0, ""date"" : ""0714"", ""bank_holiday_id"" : 51551}, {""id"" : 0, ""date"" : ""0815"", ""bank_holiday_id"" : 51551}, {""id"" : 0, ""date"" : ""1101"", ""bank_holiday_id"" : 51551}, {""id"" : 0, ""date"" : ""1111"", ""bank_holiday_id"" : 51551}, {""id"" : 0, ""date"" : ""1225"", ""bank_holiday_id"" : 51551}]}"
10001121,51552,"{""bhl"" : {""id"" : 51552, ""name"" : ""AGENCE_DE__TryX"", ""vpn_id"" : 10001121}, ""dates"" : [{""id"" : 0, ""date"" : ""0101"", ""bank_holiday_id"" : 51552}, {""id"" : 0, ""date"" : ""0422"", ""bank_holiday_id"" : 51552}, {""id"" : 0, ""date"" : ""0501"", ""bank_holiday_id"" : 51552}, {""id"" : 0, ""date"" : ""0508"", ""bank_holiday_id"" : 51552}, {""id"" : 0, ""date"" : ""0530"", ""bank_holiday_id"" : 51552}, {""id"" : 0, ""date"" : ""0610"", ""bank_holiday_id"" : 51552}, {""id"" : 0, ""date"" : ""0714"", ""bank_holiday_id"" : 51552}, {""id"" : 0, ""date"" : ""0815"", ""bank_holiday_id"" : 51552}, {""id"" : 0, ""date"" : ""1101"", ""bank_holiday_id"" : 51552}, {""id"" : 0, ""date"" : ""1111"", ""bank_holiday_id"" : 51552}, {""id"" : 0, ""date"" : ""1225"", ""bank_holiday_id"" : 51552}]}"
10001121,51568,"{""bhl"" : {""id"" : 51568, ""name"" : ""AGENCE_DE__wczs"", ""vpn_id"" : 10001121}, ""dates"" : [{""id"" : 0, ""date"" : ""0101"", ""bank_holiday_id"" : 51568}, {""id"" : 0, ""date"" : ""0422"", ""bank_holiday_id"" : 51568}, {""id"" : 0, ""date"" : ""0501"", ""bank_holiday_id"" : 51568}, {""id"" : 0, ""date"" : ""0508"", ""bank_holiday_id"" : 51568}, {""id"" : 0, ""date"" : ""0530"", ""bank_holiday_id"" : 51568}, {""id"" : 0, ""date"" : ""0610"", ""bank_holiday_id"" : 51568}, {""id"" : 0, ""date"" : ""0714"", ""bank_holiday_id"" : 51568}, {""id"" : 0, ""date"" : ""0815"", ""bank_holiday_id"" : 51568}, {""id"" : 0, ""date"" : ""1101"", ""bank_holiday_id"" : 51568}, {""id"" : 0, ""date"" : ""1111"", ""bank_holiday_id"" : 51568}, {""id"" : 0, ""date"" : ""1225"", ""bank_holiday_id"" : 51568}]}"
10001121,51569,"{""bhl"" : {""id"" : 51569, ""name"" : ""AGENCE_DE__LOu1"", ""vpn_id"" : 10001121}, ""dates"" : [{""id"" : 0, ""date"" : ""0101"", ""bank_holiday_id"" : 51569}, {""id"" : 0, ""date"" : ""0422"", ""bank_holiday_id"" : 51569}, {""id"" : 0, ""date"" : ""0501"", ""bank_holiday_id"" : 51569}, {""id"" : 0, ""date"" : ""0508"", ""bank_holiday_id"" : 51569}, {""id"" : 0, ""date"" : ""0530"", ""bank_holiday_id"" : 51569}, {""id"" : 0, ""date"" : ""0610"", ""bank_holiday_id"" : 51569}, {""id"" : 0, ""date"" : ""0714"", ""bank_holiday_id"" : 51569}, {""id"" : 0, ""date"" : ""0815"", ""bank_holiday_id"" : 51569}, {""id"" : 0, ""date"" : ""1101"", ""bank_holiday_id"" : 51569}, {""id"" : 0, ""date"" : ""1111"", ""bank_holiday_id"" : 51569}, {""id"" : 0, ""date"" : ""1225"", ""bank_holiday_id"" : 51569}]}"
10001121,51580,"{""bhl"" : {""id"" : 51580, ""name"" : ""AGENCE_DE__6igO"", ""vpn_id"" : 10001121}, ""dates"" : [{""id"" : 0, ""date"" : ""0101"", ""bank_holiday_id"" : 51580}, {""id"" : 0, ""date"" : ""0422"", ""bank_holiday_id"" : 51580}, {""id"" : 0, ""date"" : ""0501"", ""bank_holiday_id"" : 51580}, {""id"" : 0, ""date"" : ""0508"", ""bank_holiday_id"" : 51580}, {""id"" : 0, ""date"" : ""0530"", ""bank_holiday_id"" : 51580}, {""id"" : 0, ""date"" : ""0610"", ""bank_holiday_id"" : 51580}, {""id"" : 0, ""date"" : ""0714"", ""bank_holiday_id"" : 51580}, {""id"" : 0, ""date"" : ""0815"", ""bank_holiday_id"" : 51580}, {""id"" : 0, ""date"" : ""1101"", ""bank_holiday_id"" : 51580}, {""id"" : 0, ""date"" : ""1111"", ""bank_holiday_id"" : 51580}, {""id"" : 0, ""date"" : ""1225"", ""bank_holiday_id"" : 51580}]}"
10001121,52394,"{""bhl"" : {""id"" : 52394, ""name"" : ""DPT_SEINE__1HQs"", ""vpn_id"" : 10001121}, ""dates"" : [{""id"" : 0, ""date"" : ""0101"", ""bank_holiday_id"" : 52394}, {""id"" : 0, ""date"" : ""0422"", ""bank_holiday_id"" : 52394}, {""id"" : 0, ""date"" : ""0501"", ""bank_holiday_id"" : 52394}, {""id"" : 0, ""date"" : ""0508"", ""bank_holiday_id"" : 52394}, {""id"" : 0, ""date"" : ""0530"", ""bank_holiday_id"" : 52394}, {""id"" : 0, ""date"" : ""0610"", ""bank_holiday_id"" : 52394}, {""id"" : 0, ""date"" : ""0714"", ""bank_holiday_id"" : 52394}, {""id"" : 0, ""date"" : ""0815"", ""bank_holiday_id"" : 52394}, {""id"" : 0, ""date"" : ""1101"", ""bank_holiday_id"" : 52394}, {""id"" : 0, ""date"" : ""1111"", ""bank_holiday_id"" : 52394}, {""id"" : 0, ""date"" : ""1225"", ""bank_holiday_id"" : 52394}]}"
10004474,52448,"{""bhl"" : {""id"" : 52448, ""name"" : ""ALGECO_FRO_m1a8"", ""vpn_id"" : 10004474}, ""dates"" : [{""id"" : 0, ""date"" : ""1224"", ""bank_holiday_id"" : 52448}]}"
10004474,52464,"{""bhl"" : {""id"" : 52464, ""name"" : ""ALGECO_DEV_mwQH"", ""vpn_id"" : 10004474}, ""dates"" : [{""id"" : 0, ""date"" : ""1224"", ""bank_holiday_id"" : 52464}]}"
10004474,52465,"{""bhl"" : {""id"" : 52465, ""name"" : ""ALGECO_MOI_WKQ7"", ""vpn_id"" : 10004474}, ""dates"" : [{""id"" : 0, ""date"" : ""1224"", ""bank_holiday_id"" : 52465}]}"
10004474,52466,"{""bhl"" : {""id"" : 52466, ""name"" : ""ALGECO_SER_WHQf"", ""vpn_id"" : 10004474}, ""dates"" : [{""id"" : 0, ""date"" : ""1228"", ""bank_holiday_id"" : 52466}, {""id"" : 0, ""date"" : ""1229"", ""bank_holiday_id"" : 52466}, {""id"" : 0, ""date"" : ""1230"", ""bank_holiday_id"" : 52466}, {""id"" : 0, ""date"" : ""1231"", ""bank_holiday_id"" : 52466}]}"
10004474,52467,"{""bhl"" : {""id"" : 52467, ""name"" : ""ALGECO_LIB_2Mbq"", ""vpn_id"" : 10004474}, ""dates"" : [{""id"" : 0, ""date"" : ""1224"", ""bank_holiday_id"" : 52467}]}"
10004474,52468,"{""bhl"" : {""id"" : 52468, ""name"" : ""ALGECO_MEY_ulTc"", ""vpn_id"" : 10004474}, ""dates"" : [{""id"" : 0, ""date"" : ""0101"", ""bank_holiday_id"" : 52468}, {""id"" : 0, ""date"" : ""0422"", ""bank_holiday_id"" : 52468}, {""id"" : 0, ""date"" : ""0501"", ""bank_holiday_id"" : 52468}, {""id"" : 0, ""date"" : ""0508"", ""bank_holiday_id"" : 52468}, {""id"" : 0, ""date"" : ""0530"", ""bank_holiday_id"" : 52468}, {""id"" : 0, ""date"" : ""0610"", ""bank_holiday_id"" : 52468}, {""id"" : 0, ""date"" : ""0714"", ""bank_holiday_id"" : 52468}, {""id"" : 0, ""date"" : ""0815"", ""bank_holiday_id"" : 52468}, {""id"" : 0, ""date"" : ""1101"", ""bank_holiday_id"" : 52468}, {""id"" : 0, ""date"" : ""1111"", ""bank_holiday_id"" : 52468}, {""id"" : 0, ""date"" : ""1224"", ""bank_holiday_id"" : 52468}]}"
10004474,52470,"{""bhl"" : {""id"" : 52470, ""name"" : ""ALGECO_STR_Dp5I"", ""vpn_id"" : 10004474}, ""dates"" : []}"
10004474,52471,"{""bhl"" : {""id"" : 52471, ""name"" : ""ALGECO_CHE_mTro"", ""vpn_id"" : 10004474}, ""dates"" : [{""id"" : 0, ""date"" : ""1224"", ""bank_holiday_id"" : 52471}]}"
10004474,52472,"{""bhl"" : {""id"" : 52472, ""name"" : ""ALGECO_VIL_aJz5"", ""vpn_id"" : 10004474}, ""dates"" : [{""id"" : 0, ""date"" : ""0101"", ""bank_holiday_id"" : 52472}, {""id"" : 0, ""date"" : ""0422"", ""bank_holiday_id"" : 52472}, {""id"" : 0, ""date"" : ""0501"", ""bank_holiday_id"" : 52472}, {""id"" : 0, ""date"" : ""0508"", ""bank_holiday_id"" : 52472}, {""id"" : 0, ""date"" : ""0530"", ""bank_holiday_id"" : 52472}, {""id"" : 0, ""date"" : ""0610"", ""bank_holiday_id"" : 52472}, {""id"" : 0, ""date"" : ""0714"", ""bank_holiday_id"" : 52472}, {""id"" : 0, ""date"" : ""0815"", ""bank_holiday_id"" : 52472}, {""id"" : 0, ""date"" : ""1101"", ""bank_holiday_id"" : 52472}, {""id"" : 0, ""date"" : ""1111"", ""bank_holiday_id"" : 52472}, {""id"" : 0, ""date"" : ""1224"", ""bank_holiday_id"" : 52472}]}"
10004474,52473,"{""bhl"" : {""id"" : 52473, ""name"" : ""ALGECO_DUR_7xVB"", ""vpn_id"" : 10004474}, ""dates"" : []}"
10004474,52474,"{""bhl"" : {""id"" : 52474, ""name"" : ""ALGECO_MOI_ltPL"", ""vpn_id"" : 10004474}, ""dates"" : []}"
10004474,52475,"{""bhl"" : {""id"" : 52475, ""name"" : ""ALGECO_CHE_hrln"", ""vpn_id"" : 10004474}, ""dates"" : []}"
10004474,52476,"{""bhl"" : {""id"" : 52476, ""name"" : ""ALGECO_DEV_Uzpv"", ""vpn_id"" : 10004474}, ""dates"" : []}"
10004474,52477,"{""bhl"" : {""id"" : 52477, ""name"" : ""ALGECO_LIB_9pdU"", ""vpn_id"" : 10004474}, ""dates"" : []}"
10004474,52478,"{""bhl"" : {""id"" : 52478, ""name"" : ""ALGECO_PON_PcDy"", ""vpn_id"" : 10004474}, ""dates"" : []}"
10005156,52479,"{""bhl"" : {""id"" : 52479, ""name"" : ""CALENDAR_AF2A7F"", ""vpn_id"" : 10005156}, ""dates"" : [{""id"" : 0, ""date"" : ""0101"", ""bank_holiday_id"" : 52479}, {""id"" : 0, ""date"" : ""0406"", ""bank_holiday_id"" : 52479}, {""id"" : 0, ""date"" : ""0501"", ""bank_holiday_id"" : 52479}, {""id"" : 0, ""date"" : ""0508"", ""bank_holiday_id"" : 52479}, {""id"" : 0, ""date"" : ""0514"", ""bank_holiday_id"" : 52479}, {""id"" : 0, ""date"" : ""0525"", ""bank_holiday_id"" : 52479}, {""id"" : 0, ""date"" : ""0714"", ""bank_holiday_id"" : 52479}, {""id"" : 0, ""date"" : ""0815"", ""bank_holiday_id"" : 52479}, {""id"" : 0, ""date"" : ""1101"", ""bank_holiday_id"" : 52479}, {""id"" : 0, ""date"" : ""1111"", ""bank_holiday_id"" : 52479}, {""id"" : 0, ""date"" : ""1225"", ""bank_holiday_id"" : 52479}]}"
10005159,52483,"{""bhl"" : {""id"" : 52483, ""name"" : ""CALENDAR_AD85FE"", ""vpn_id"" : 10005159}, ""dates"" : [{""id"" : 0, ""date"" : ""0101"", ""bank_holiday_id"" : 52483}, {""id"" : 0, ""date"" : ""0406"", ""bank_holiday_id"" : 52483}, {""id"" : 0, ""date"" : ""0501"", ""bank_holiday_id"" : 52483}, {""id"" : 0, ""date"" : ""0508"", ""bank_holiday_id"" : 52483}, {""id"" : 0, ""date"" : ""0514"", ""bank_holiday_id"" : 52483}, {""id"" : 0, ""date"" : ""0525"", ""bank_holiday_id"" : 52483}, {""id"" : 0, ""date"" : ""0714"", ""bank_holiday_id"" : 52483}, {""id"" : 0, ""date"" : ""0815"", ""bank_holiday_id"" : 52483}, {""id"" : 0, ""date"" : ""1101"", ""bank_holiday_id"" : 52483}, {""id"" : 0, ""date"" : ""1111"", ""bank_holiday_id"" : 52483}, {""id"" : 0, ""date"" : ""1225"", ""bank_holiday_id"" : 52483}]}"
10005161,52485,"{""bhl"" : {""id"" : 52485, ""name"" : ""CALENDAR_CA5C48"", ""vpn_id"" : 10005161}, ""dates"" : [{""id"" : 0, ""date"" : ""0101"", ""bank_holiday_id"" : 52485}, {""id"" : 0, ""date"" : ""0406"", ""bank_holiday_id"" : 52485}, {""id"" : 0, ""date"" : ""0501"", ""bank_holiday_id"" : 52485}, {""id"" : 0, ""date"" : ""0508"", ""bank_holiday_id"" : 52485}, {""id"" : 0, ""date"" : ""0514"", ""bank_holiday_id"" : 52485}, {""id"" : 0, ""date"" : ""0525"", ""bank_holiday_id"" : 52485}, {""id"" : 0, ""date"" : ""0714"", ""bank_holiday_id"" : 52485}, {""id"" : 0, ""date"" : ""0815"", ""bank_holiday_id"" : 52485}, {""id"" : 0, ""date"" : ""1101"", ""bank_holiday_id"" : 52485}, {""id"" : 0, ""date"" : ""1111"", ""bank_holiday_id"" : 52485}, {""id"" : 0, ""date"" : ""1225"", ""bank_holiday_id"" : 52485}]}"
10005165,52489,"{""bhl"" : {""id"" : 52489, ""name"" : ""CALENDAR_96815E"", ""vpn_id"" : 10005165}, ""dates"" : [{""id"" : 0, ""date"" : ""0101"", ""bank_holiday_id"" : 52489}, {""id"" : 0, ""date"" : ""0406"", ""bank_holiday_id"" : 52489}, {""id"" : 0, ""date"" : ""0501"", ""bank_holiday_id"" : 52489}, {""id"" : 0, ""date"" : ""0508"", ""bank_holiday_id"" : 52489}, {""id"" : 0, ""date"" : ""0514"", ""bank_holiday_id"" : 52489}, {""id"" : 0, ""date"" : ""0525"", ""bank_holiday_id"" : 52489}, {""id"" : 0, ""date"" : ""0714"", ""bank_holiday_id"" : 52489}, {""id"" : 0, ""date"" : ""0815"", ""bank_holiday_id"" : 52489}, {""id"" : 0, ""date"" : ""1101"", ""bank_holiday_id"" : 52489}, {""id"" : 0, ""date"" : ""1111"", ""bank_holiday_id"" : 52489}, {""id"" : 0, ""date"" : ""1225"", ""bank_holiday_id"" : 52489}]}"
10005166,52490,"{""bhl"" : {""id"" : 52490, ""name"" : ""CALENDAR_B325F3"", ""vpn_id"" : 10005166}, ""dates"" : [{""id"" : 0, ""date"" : ""0101"", ""bank_holiday_id"" : 52490}, {""id"" : 0, ""date"" : ""0406"", ""bank_holiday_id"" : 52490}, {""id"" : 0, ""date"" : ""0501"", ""bank_holiday_id"" : 52490}, {""id"" : 0, ""date"" : ""0508"", ""bank_holiday_id"" : 52490}, {""id"" : 0, ""date"" : ""0514"", ""bank_holiday_id"" : 52490}, {""id"" : 0, ""date"" : ""0525"", ""bank_holiday_id"" : 52490}, {""id"" : 0, ""date"" : ""0714"", ""bank_holiday_id"" : 52490}, {""id"" : 0, ""date"" : ""0815"", ""bank_holiday_id"" : 52490}, {""id"" : 0, ""date"" : ""1101"", ""bank_holiday_id"" : 52490}, {""id"" : 0, ""date"" : ""1111"", ""bank_holiday_id"" : 52490}, {""id"" : 0, ""date"" : ""1225"", ""bank_holiday_id"" : 52490}]}"
10005167,52491,"{""bhl"" : {""id"" : 52491, ""name"" : ""CALENDAR_20A87E"", ""vpn_id"" : 10005167}, ""dates"" : [{""id"" : 0, ""date"" : ""0101"", ""bank_holiday_id"" : 52491}, {""id"" : 0, ""date"" : ""0406"", ""bank_holiday_id"" : 52491}, {""id"" : 0, ""date"" : ""0501"", ""bank_holiday_id"" : 52491}, {""id"" : 0, ""date"" : ""0508"", ""bank_holiday_id"" : 52491}, {""id"" : 0, ""date"" : ""0514"", ""bank_holiday_id"" : 52491}, {""id"" : 0, ""date"" : ""0525"", ""bank_holiday_id"" : 52491}, {""id"" : 0, ""date"" : ""0714"", ""bank_holiday_id"" : 52491}, {""id"" : 0, ""date"" : ""0815"", ""bank_holiday_id"" : 52491}, {""id"" : 0, ""date"" : ""1101"", ""bank_holiday_id"" : 52491}, {""id"" : 0, ""date"" : ""1111"", ""bank_holiday_id"" : 52491}, {""id"" : 0, ""date"" : ""1225"", ""bank_holiday_id"" : 52491}]}"
10005168,52492,"{""bhl"" : {""id"" : 52492, ""name"" : ""CALENDAR_022C87"", ""vpn_id"" : 10005168}, ""dates"" : [{""id"" : 0, ""date"" : ""0101"", ""bank_holiday_id"" : 52492}, {""id"" : 0, ""date"" : ""0406"", ""bank_holiday_id"" : 52492}, {""id"" : 0, ""date"" : ""0501"", ""bank_holiday_id"" : 52492}, {""id"" : 0, ""date"" : ""0508"", ""bank_holiday_id"" : 52492}, {""id"" : 0, ""date"" : ""0514"", ""bank_holiday_id"" : 52492}, {""id"" : 0, ""date"" : ""0525"", ""bank_holiday_id"" : 52492}, {""id"" : 0, ""date"" : ""0714"", ""bank_holiday_id"" : 52492}, {""id"" : 0, ""date"" : ""0815"", ""bank_holiday_id"" : 52492}, {""id"" : 0, ""date"" : ""1101"", ""bank_holiday_id"" : 52492}, {""id"" : 0, ""date"" : ""1111"", ""bank_holiday_id"" : 52492}, {""id"" : 0, ""date"" : ""1225"", ""bank_holiday_id"" : 52492}]}"
10005146,52494,"{""bhl"" : {""id"" : 52494, ""name"" : ""CALENDAR_F80571"", ""vpn_id"" : 10005146}, ""dates"" : [{""id"" : 0, ""date"" : ""0101"", ""bank_holiday_id"" : 52494}, {""id"" : 0, ""date"" : ""0406"", ""bank_holiday_id"" : 52494}, {""id"" : 0, ""date"" : ""0501"", ""bank_holiday_id"" : 52494}, {""id"" : 0, ""date"" : ""0508"", ""bank_holiday_id"" : 52494}, {""id"" : 0, ""date"" : ""0514"", ""bank_holiday_id"" : 52494}, {""id"" : 0, ""date"" : ""0525"", ""bank_holiday_id"" : 52494}, {""id"" : 0, ""date"" : ""0714"", ""bank_holiday_id"" : 52494}, {""id"" : 0, ""date"" : ""0815"", ""bank_holiday_id"" : 52494}, {""id"" : 0, ""date"" : ""1101"", ""bank_holiday_id"" : 52494}, {""id"" : 0, ""date"" : ""1111"", ""bank_holiday_id"" : 52494}, {""id"" : 0, ""date"" : ""1225"", ""bank_holiday_id"" : 52494}]}"
10005170,52495,"{""bhl"" : {""id"" : 52495, ""name"" : ""CALENDAR_36A4F8"", ""vpn_id"" : 10005170}, ""dates"" : [{""id"" : 0, ""date"" : ""0101"", ""bank_holiday_id"" : 52495}, {""id"" : 0, ""date"" : ""0406"", ""bank_holiday_id"" : 52495}, {""id"" : 0, ""date"" : ""0501"", ""bank_holiday_id"" : 52495}, {""id"" : 0, ""date"" : ""0508"", ""bank_holiday_id"" : 52495}, {""id"" : 0, ""date"" : ""0514"", ""bank_holiday_id"" : 52495}, {""id"" : 0, ""date"" : ""0525"", ""bank_holiday_id"" : 52495}, {""id"" : 0, ""date"" : ""0714"", ""bank_holiday_id"" : 52495}, {""id"" : 0, ""date"" : ""0815"", ""bank_holiday_id"" : 52495}, {""id"" : 0, ""date"" : ""1101"", ""bank_holiday_id"" : 52495}, {""id"" : 0, ""date"" : ""1111"", ""bank_holiday_id"" : 52495}, {""id"" : 0, ""date"" : ""1225"", ""bank_holiday_id"" : 52495}]}"
10005171,52496,"{""bhl"" : {""id"" : 52496, ""name"" : ""CALENDAR_DC7C11"", ""vpn_id"" : 10005171}, ""dates"" : [{""id"" : 0, ""date"" : ""0101"", ""bank_holiday_id"" : 52496}, {""id"" : 0, ""date"" : ""0406"", ""bank_holiday_id"" : 52496}, {""id"" : 0, ""date"" : ""0501"", ""bank_holiday_id"" : 52496}, {""id"" : 0, ""date"" : ""0508"", ""bank_holiday_id"" : 52496}, {""id"" : 0, ""date"" : ""0514"", ""bank_holiday_id"" : 52496}, {""id"" : 0, ""date"" : ""0525"", ""bank_holiday_id"" : 52496}, {""id"" : 0, ""date"" : ""0714"", ""bank_holiday_id"" : 52496}, {""id"" : 0, ""date"" : ""0815"", ""bank_holiday_id"" : 52496}, {""id"" : 0, ""date"" : ""1101"", ""bank_holiday_id"" : 52496}, {""id"" : 0, ""date"" : ""1111"", ""bank_holiday_id"" : 52496}, {""id"" : 0, ""date"" : ""1225"", ""bank_holiday_id"" : 52496}]}"
10005172,52497,"{""bhl"" : {""id"" : 52497, ""name"" : ""CALENDAR_C373FD"", ""vpn_id"" : 10005172}, ""dates"" : [{""id"" : 0, ""date"" : ""0101"", ""bank_holiday_id"" : 52497}, {""id"" : 0, ""date"" : ""0406"", ""bank_holiday_id"" : 52497}, {""id"" : 0, ""date"" : ""0501"", ""bank_holiday_id"" : 52497}, {""id"" : 0, ""date"" : ""0508"", ""bank_holiday_id"" : 52497}, {""id"" : 0, ""date"" : ""0514"", ""bank_holiday_id"" : 52497}, {""id"" : 0, ""date"" : ""0525"", ""bank_holiday_id"" : 52497}, {""id"" : 0, ""date"" : ""0714"", ""bank_holiday_id"" : 52497}, {""id"" : 0, ""date"" : ""0815"", ""bank_holiday_id"" : 52497}, {""id"" : 0, ""date"" : ""1101"", ""bank_holiday_id"" : 52497}, {""id"" : 0, ""date"" : ""1111"", ""bank_holiday_id"" : 52497}, {""id"" : 0, ""date"" : ""1225"", ""bank_holiday_id"" : 52497}]}"
10005173,52498,"{""bhl"" : {""id"" : 52498, ""name"" : ""CALENDAR_AA4D86"", ""vpn_id"" : 10005173}, ""dates"" : [{""id"" : 0, ""date"" : ""0101"", ""bank_holiday_id"" : 52498}, {""id"" : 0, ""date"" : ""0406"", ""bank_holiday_id"" : 52498}, {""id"" : 0, ""date"" : ""0501"", ""bank_holiday_id"" : 52498}, {""id"" : 0, ""date"" : ""0508"", ""bank_holiday_id"" : 52498}, {""id"" : 0, ""date"" : ""0514"", ""bank_holiday_id"" : 52498}, {""id"" : 0, ""date"" : ""0525"", ""bank_holiday_id"" : 52498}, {""id"" : 0, ""date"" : ""0714"", ""bank_holiday_id"" : 52498}, {""id"" : 0, ""date"" : ""0815"", ""bank_holiday_id"" : 52498}, {""id"" : 0, ""date"" : ""1101"", ""bank_holiday_id"" : 52498}, {""id"" : 0, ""date"" : ""1111"", ""bank_holiday_id"" : 52498}, {""id"" : 0, ""date"" : ""1225"", ""bank_holiday_id"" : 52498}]}"
10005174,52499,"{""bhl"" : {""id"" : 52499, ""name"" : ""CALENDAR_3E5F48"", ""vpn_id"" : 10005174}, ""dates"" : [{""id"" : 0, ""date"" : ""0101"", ""bank_holiday_id"" : 52499}, {""id"" : 0, ""date"" : ""0406"", ""bank_holiday_id"" : 52499}, {""id"" : 0, ""date"" : ""0501"", ""bank_holiday_id"" : 52499}, {""id"" : 0, ""date"" : ""0508"", ""bank_holiday_id"" : 52499}, {""id"" : 0, ""date"" : ""0514"", ""bank_holiday_id"" : 52499}, {""id"" : 0, ""date"" : ""0525"", ""bank_holiday_id"" : 52499}, {""id"" : 0, ""date"" : ""0714"", ""bank_holiday_id"" : 52499}, {""id"" : 0, ""date"" : ""0815"", ""bank_holiday_id"" : 52499}, {""id"" : 0, ""date"" : ""1101"", ""bank_holiday_id"" : 52499}, {""id"" : 0, ""date"" : ""1111"", ""bank_holiday_id"" : 52499}, {""id"" : 0, ""date"" : ""1225"", ""bank_holiday_id"" : 52499}]}"
10005175,52500,"{""bhl"" : {""id"" : 52500, ""name"" : ""CALENDAR_D1D806"", ""vpn_id"" : 10005175}, ""dates"" : [{""id"" : 0, ""date"" : ""0101"", ""bank_holiday_id"" : 52500}, {""id"" : 0, ""date"" : ""0406"", ""bank_holiday_id"" : 52500}, {""id"" : 0, ""date"" : ""0501"", ""bank_holiday_id"" : 52500}, {""id"" : 0, ""date"" : ""0508"", ""bank_holiday_id"" : 52500}, {""id"" : 0, ""date"" : ""0514"", ""bank_holiday_id"" : 52500}, {""id"" : 0, ""date"" : ""0525"", ""bank_holiday_id"" : 52500}, {""id"" : 0, ""date"" : ""0714"", ""bank_holiday_id"" : 52500}, {""id"" : 0, ""date"" : ""0815"", ""bank_holiday_id"" : 52500}, {""id"" : 0, ""date"" : ""1101"", ""bank_holiday_id"" : 52500}, {""id"" : 0, ""date"" : ""1111"", ""bank_holiday_id"" : 52500}, {""id"" : 0, ""date"" : ""1225"", ""bank_holiday_id"" : 52500}]}"
10005176,52517,"{""bhl"" : {""id"" : 52517, ""name"" : ""CALENDAR_561817"", ""vpn_id"" : 10005176}, ""dates"" : [{""id"" : 0, ""date"" : ""0101"", ""bank_holiday_id"" : 52517}, {""id"" : 0, ""date"" : ""0406"", ""bank_holiday_id"" : 52517}, {""id"" : 0, ""date"" : ""0501"", ""bank_holiday_id"" : 52517}, {""id"" : 0, ""date"" : ""0508"", ""bank_holiday_id"" : 52517}, {""id"" : 0, ""date"" : ""0514"", ""bank_holiday_id"" : 52517}, {""id"" : 0, ""date"" : ""0525"", ""bank_holiday_id"" : 52517}, {""id"" : 0, ""date"" : ""0714"", ""bank_holiday_id"" : 52517}, {""id"" : 0, ""date"" : ""0815"", ""bank_holiday_id"" : 52517}, {""id"" : 0, ""date"" : ""1101"", ""bank_holiday_id"" : 52517}, {""id"" : 0, ""date"" : ""1111"", ""bank_holiday_id"" : 52517}, {""id"" : 0, ""date"" : ""1225"", ""bank_holiday_id"" : 52517}]}"
10005177,52518,"{""bhl"" : {""id"" : 52518, ""name"" : ""CALENDAR_AF79F5"", ""vpn_id"" : 10005177}, ""dates"" : [{""id"" : 0, ""date"" : ""0101"", ""bank_holiday_id"" : 52518}, {""id"" : 0, ""date"" : ""0406"", ""bank_holiday_id"" : 52518}, {""id"" : 0, ""date"" : ""0501"", ""bank_holiday_id"" : 52518}, {""id"" : 0, ""date"" : ""0508"", ""bank_holiday_id"" : 52518}, {""id"" : 0, ""date"" : ""0514"", ""bank_holiday_id"" : 52518}, {""id"" : 0, ""date"" : ""0525"", ""bank_holiday_id"" : 52518}, {""id"" : 0, ""date"" : ""0714"", ""bank_holiday_id"" : 52518}, {""id"" : 0, ""date"" : ""0815"", ""bank_holiday_id"" : 52518}, {""id"" : 0, ""date"" : ""1101"", ""bank_holiday_id"" : 52518}, {""id"" : 0, ""date"" : ""1111"", ""bank_holiday_id"" : 52518}, {""id"" : 0, ""date"" : ""1225"", ""bank_holiday_id"" : 52518}]}"
10005182,52526,"{""bhl"" : {""id"" : 52526, ""name"" : ""CALENDAR_EA6503"", ""vpn_id"" : 10005182}, ""dates"" : [{""id"" : 0, ""date"" : ""0101"", ""bank_holiday_id"" : 52526}, {""id"" : 0, ""date"" : ""0406"", ""bank_holiday_id"" : 52526}, {""id"" : 0, ""date"" : ""0501"", ""bank_holiday_id"" : 52526}, {""id"" : 0, ""date"" : ""0508"", ""bank_holiday_id"" : 52526}, {""id"" : 0, ""date"" : ""0514"", ""bank_holiday_id"" : 52526}, {""id"" : 0, ""date"" : ""0525"", ""bank_holiday_id"" : 52526}, {""id"" : 0, ""date"" : ""0714"", ""bank_holiday_id"" : 52526}, {""id"" : 0, ""date"" : ""0815"", ""bank_holiday_id"" : 52526}, {""id"" : 0, ""date"" : ""1101"", ""bank_holiday_id"" : 52526}, {""id"" : 0, ""date"" : ""1111"", ""bank_holiday_id"" : 52526}, {""id"" : 0, ""date"" : ""1225"", ""bank_holiday_id"" : 52526}]}"
10005110,51476,"{""bhl"" : {""id"" : 51476, ""name"" : ""AVENTIS_AP_ej1z"", ""vpn_id"" : 10005110}, ""dates"" : [{""id"" : 0, ""date"" : ""0101"", ""bank_holiday_id"" : 51476}, {""id"" : 0, ""date"" : ""0422"", ""bank_holiday_id"" : 51476}, {""id"" : 0, ""date"" : ""0501"", ""bank_holiday_id"" : 51476}, {""id"" : 0, ""date"" : ""0508"", ""bank_holiday_id"" : 51476}, {""id"" : 0, ""date"" : ""0530"", ""bank_holiday_id"" : 51476}, {""id"" : 0, ""date"" : ""0610"", ""bank_holiday_id"" : 51476}, {""id"" : 0, ""date"" : ""0714"", ""bank_holiday_id"" : 51476}, {""id"" : 0, ""date"" : ""0815"", ""bank_holiday_id"" : 51476}, {""id"" : 0, ""date"" : ""1101"", ""bank_holiday_id"" : 51476}, {""id"" : 0, ""date"" : ""1111"", ""bank_holiday_id"" : 51476}, {""id"" : 0, ""date"" : ""1224"", ""bank_holiday_id"" : 51476}]}"
10005110,51506,"{""bhl"" : {""id"" : 51506, ""name"" : ""S2G-SANOFI_OTqc"", ""vpn_id"" : 10005110}, ""dates"" : [{""id"" : 0, ""date"" : ""0101"", ""bank_holiday_id"" : 51506}, {""id"" : 0, ""date"" : ""0422"", ""bank_holiday_id"" : 51506}, {""id"" : 0, ""date"" : ""0501"", ""bank_holiday_id"" : 51506}, {""id"" : 0, ""date"" : ""0508"", ""bank_holiday_id"" : 51506}, {""id"" : 0, ""date"" : ""0530"", ""bank_holiday_id"" : 51506}, {""id"" : 0, ""date"" : ""0610"", ""bank_holiday_id"" : 51506}, {""id"" : 0, ""date"" : ""0714"", ""bank_holiday_id"" : 51506}, {""id"" : 0, ""date"" : ""0815"", ""bank_holiday_id"" : 51506}, {""id"" : 0, ""date"" : ""1101"", ""bank_holiday_id"" : 51506}, {""id"" : 0, ""date"" : ""1111"", ""bank_holiday_id"" : 51506}, {""id"" : 0, ""date"" : ""1224"", ""bank_holiday_id"" : 51506}]}"
10001121,51608,"{""bhl"" : {""id"" : 51608, ""name"" : ""AGENCE_DE__WQAm"", ""vpn_id"" : 10001121}, ""dates"" : [{""id"" : 0, ""date"" : ""0101"", ""bank_holiday_id"" : 51608}, {""id"" : 0, ""date"" : ""0422"", ""bank_holiday_id"" : 51608}, {""id"" : 0, ""date"" : ""0501"", ""bank_holiday_id"" : 51608}, {""id"" : 0, ""date"" : ""0508"", ""bank_holiday_id"" : 51608}, {""id"" : 0, ""date"" : ""0530"", ""bank_holiday_id"" : 51608}, {""id"" : 0, ""date"" : ""0610"", ""bank_holiday_id"" : 51608}, {""id"" : 0, ""date"" : ""0714"", ""bank_holiday_id"" : 51608}, {""id"" : 0, ""date"" : ""0815"", ""bank_holiday_id"" : 51608}, {""id"" : 0, ""date"" : ""1101"", ""bank_holiday_id"" : 51608}, {""id"" : 0, ""date"" : ""1111"", ""bank_holiday_id"" : 51608}, {""id"" : 0, ""date"" : ""1225"", ""bank_holiday_id"" : 51608}]}"
10001121,51612,"{""bhl"" : {""id"" : 51612, ""name"" : ""AGENCE_DE__FWFU"", ""vpn_id"" : 10001121}, ""dates"" : [{""id"" : 0, ""date"" : ""0101"", ""bank_holiday_id"" : 51612}, {""id"" : 0, ""date"" : ""0422"", ""bank_holiday_id"" : 51612}, {""id"" : 0, ""date"" : ""0501"", ""bank_holiday_id"" : 51612}, {""id"" : 0, ""date"" : ""0508"", ""bank_holiday_id"" : 51612}, {""id"" : 0, ""date"" : ""0530"", ""bank_holiday_id"" : 51612}, {""id"" : 0, ""date"" : ""0610"", ""bank_holiday_id"" : 51612}, {""id"" : 0, ""date"" : ""0714"", ""bank_holiday_id"" : 51612}, {""id"" : 0, ""date"" : ""0815"", ""bank_holiday_id"" : 51612}, {""id"" : 0, ""date"" : ""1101"", ""bank_holiday_id"" : 51612}, {""id"" : 0, ""date"" : ""1111"", ""bank_holiday_id"" : 51612}, {""id"" : 0, ""date"" : ""1225"", ""bank_holiday_id"" : 51612}]}"
10001121,52402,"{""bhl"" : {""id"" : 52402, ""name"" : ""NOMADE_FER_Zxe2"", ""vpn_id"" : 10001121}, ""dates"" : [{""id"" : 0, ""date"" : ""0101"", ""bank_holiday_id"" : 52402}, {""id"" : 0, ""date"" : ""0422"", ""bank_holiday_id"" : 52402}, {""id"" : 0, ""date"" : ""0501"", ""bank_holiday_id"" : 52402}, {""id"" : 0, ""date"" : ""0508"", ""bank_holiday_id"" : 52402}, {""id"" : 0, ""date"" : ""0530"", ""bank_holiday_id"" : 52402}, {""id"" : 0, ""date"" : ""0610"", ""bank_holiday_id"" : 52402}, {""id"" : 0, ""date"" : ""0714"", ""bank_holiday_id"" : 52402}, {""id"" : 0, ""date"" : ""0815"", ""bank_holiday_id"" : 52402}, {""id"" : 0, ""date"" : ""1101"", ""bank_holiday_id"" : 52402}, {""id"" : 0, ""date"" : ""1111"", ""bank_holiday_id"" : 52402}, {""id"" : 0, ""date"" : ""1225"", ""bank_holiday_id"" : 52402}]}"
10004474,52449,"{""bhl"" : {""id"" : 52449, ""name"" : ""ALGECO_BUX_7eJE"", ""vpn_id"" : 10004474}, ""dates"" : [{""id"" : 0, ""date"" : ""1225"", ""bank_holiday_id"" : 52449}]}"
10004474,52454,"{""bhl"" : {""id"" : 52454, ""name"" : ""ALGECO_MAR_RuVF"", ""vpn_id"" : 10004474}, ""dates"" : [{""id"" : 0, ""date"" : ""0102"", ""bank_holiday_id"" : 52454}]}"
10004474,52469,"{""bhl"" : {""id"" : 52469, ""name"" : ""ALGECO_CUE_brd5"", ""vpn_id"" : 10004474}, ""dates"" : [{""id"" : 0, ""date"" : ""1224"", ""bank_holiday_id"" : 52469}]}"
10005183,52527,"{""bhl"" : {""id"" : 52527, ""name"" : ""CALENDAR_A838D6"", ""vpn_id"" : 10005183}, ""dates"" : [{""id"" : 0, ""date"" : ""0101"", ""bank_holiday_id"" : 52527}, {""id"" : 0, ""date"" : ""0406"", ""bank_holiday_id"" : 52527}, {""id"" : 0, ""date"" : ""0501"", ""bank_holiday_id"" : 52527}, {""id"" : 0, ""date"" : ""0508"", ""bank_holiday_id"" : 52527}, {""id"" : 0, ""date"" : ""0514"", ""bank_holiday_id"" : 52527}, {""id"" : 0, ""date"" : ""0525"", ""bank_holiday_id"" : 52527}, {""id"" : 0, ""date"" : ""0714"", ""bank_holiday_id"" : 52527}, {""id"" : 0, ""date"" : ""0815"", ""bank_holiday_id"" : 52527}, {""id"" : 0, ""date"" : ""1101"", ""bank_holiday_id"" : 52527}, {""id"" : 0, ""date"" : ""1111"", ""bank_holiday_id"" : 52527}, {""id"" : 0, ""date"" : ""1225"", ""bank_holiday_id"" : 52527}]}"
10005184,52528,"{""bhl"" : {""id"" : 52528, ""name"" : ""CALENDAR_769A3F"", ""vpn_id"" : 10005184}, ""dates"" : [{""id"" : 0, ""date"" : ""0101"", ""bank_holiday_id"" : 52528}, {""id"" : 0, ""date"" : ""0406"", ""bank_holiday_id"" : 52528}, {""id"" : 0, ""date"" : ""0501"", ""bank_holiday_id"" : 52528}, {""id"" : 0, ""date"" : ""0508"", ""bank_holiday_id"" : 52528}, {""id"" : 0, ""date"" : ""0514"", ""bank_holiday_id"" : 52528}, {""id"" : 0, ""date"" : ""0525"", ""bank_holiday_id"" : 52528}, {""id"" : 0, ""date"" : ""0714"", ""bank_holiday_id"" : 52528}, {""id"" : 0, ""date"" : ""0815"", ""bank_holiday_id"" : 52528}, {""id"" : 0, ""date"" : ""1101"", ""bank_holiday_id"" : 52528}, {""id"" : 0, ""date"" : ""1111"", ""bank_holiday_id"" : 52528}, {""id"" : 0, ""date"" : ""1225"", ""bank_holiday_id"" : 52528}]}"
10005191,52535,"{""bhl"" : {""id"" : 52535, ""name"" : ""CALENDAR_564244"", ""vpn_id"" : 10005191}, ""dates"" : [{""id"" : 0, ""date"" : ""0101"", ""bank_holiday_id"" : 52535}, {""id"" : 0, ""date"" : ""0406"", ""bank_holiday_id"" : 52535}, {""id"" : 0, ""date"" : ""0501"", ""bank_holiday_id"" : 52535}, {""id"" : 0, ""date"" : ""0508"", ""bank_holiday_id"" : 52535}, {""id"" : 0, ""date"" : ""0514"", ""bank_holiday_id"" : 52535}, {""id"" : 0, ""date"" : ""0525"", ""bank_holiday_id"" : 52535}, {""id"" : 0, ""date"" : ""0714"", ""bank_holiday_id"" : 52535}, {""id"" : 0, ""date"" : ""0815"", ""bank_holiday_id"" : 52535}, {""id"" : 0, ""date"" : ""1101"", ""bank_holiday_id"" : 52535}, {""id"" : 0, ""date"" : ""1111"", ""bank_holiday_id"" : 52535}, {""id"" : 0, ""date"" : ""1225"", ""bank_holiday_id"" : 52535}]}"
10005193,52537,"{""bhl"" : {""id"" : 52537, ""name"" : ""CALENDAR_55D5EF"", ""vpn_id"" : 10005193}, ""dates"" : [{""id"" : 0, ""date"" : ""0101"", ""bank_holiday_id"" : 52537}, {""id"" : 0, ""date"" : ""0406"", ""bank_holiday_id"" : 52537}, {""id"" : 0, ""date"" : ""0501"", ""bank_holiday_id"" : 52537}, {""id"" : 0, ""date"" : ""0508"", ""bank_holiday_id"" : 52537}, {""id"" : 0, ""date"" : ""0514"", ""bank_holiday_id"" : 52537}, {""id"" : 0, ""date"" : ""0525"", ""bank_holiday_id"" : 52537}, {""id"" : 0, ""date"" : ""0714"", ""bank_holiday_id"" : 52537}, {""id"" : 0, ""date"" : ""0815"", ""bank_holiday_id"" : 52537}, {""id"" : 0, ""date"" : ""1101"", ""bank_holiday_id"" : 52537}, {""id"" : 0, ""date"" : ""1111"", ""bank_holiday_id"" : 52537}, {""id"" : 0, ""date"" : ""1225"", ""bank_holiday_id"" : 52537}]}"
10005196,52540,"{""bhl"" : {""id"" : 52540, ""name"" : ""CALENDAR_672494"", ""vpn_id"" : 10005196}, ""dates"" : [{""id"" : 0, ""date"" : ""0101"", ""bank_holiday_id"" : 52540}, {""id"" : 0, ""date"" : ""0406"", ""bank_holiday_id"" : 52540}, {""id"" : 0, ""date"" : ""0501"", ""bank_holiday_id"" : 52540}, {""id"" : 0, ""date"" : ""0508"", ""bank_holiday_id"" : 52540}, {""id"" : 0, ""date"" : ""0514"", ""bank_holiday_id"" : 52540}, {""id"" : 0, ""date"" : ""0525"", ""bank_holiday_id"" : 52540}, {""id"" : 0, ""date"" : ""0714"", ""bank_holiday_id"" : 52540}, {""id"" : 0, ""date"" : ""0815"", ""bank_holiday_id"" : 52540}, {""id"" : 0, ""date"" : ""1101"", ""bank_holiday_id"" : 52540}, {""id"" : 0, ""date"" : ""1111"", ""bank_holiday_id"" : 52540}, {""id"" : 0, ""date"" : ""1225"", ""bank_holiday_id"" : 52540}]}"
10005198,52542,"{""bhl"" : {""id"" : 52542, ""name"" : ""CALENDAR_C1003B"", ""vpn_id"" : 10005198}, ""dates"" : [{""id"" : 0, ""date"" : ""0101"", ""bank_holiday_id"" : 52542}, {""id"" : 0, ""date"" : ""0406"", ""bank_holiday_id"" : 52542}, {""id"" : 0, ""date"" : ""0501"", ""bank_holiday_id"" : 52542}, {""id"" : 0, ""date"" : ""0508"", ""bank_holiday_id"" : 52542}, {""id"" : 0, ""date"" : ""0514"", ""bank_holiday_id"" : 52542}, {""id"" : 0, ""date"" : ""0525"", ""bank_holiday_id"" : 52542}, {""id"" : 0, ""date"" : ""0714"", ""bank_holiday_id"" : 52542}, {""id"" : 0, ""date"" : ""0815"", ""bank_holiday_id"" : 52542}, {""id"" : 0, ""date"" : ""1101"", ""bank_holiday_id"" : 52542}, {""id"" : 0, ""date"" : ""1111"", ""bank_holiday_id"" : 52542}, {""id"" : 0, ""date"" : ""1225"", ""bank_holiday_id"" : 52542}]}"
10005201,52545,"{""bhl"" : {""id"" : 52545, ""name"" : ""CALENDAR_6718DA"", ""vpn_id"" : 10005201}, ""dates"" : [{""id"" : 0, ""date"" : ""0101"", ""bank_holiday_id"" : 52545}, {""id"" : 0, ""date"" : ""0406"", ""bank_holiday_id"" : 52545}, {""id"" : 0, ""date"" : ""0501"", ""bank_holiday_id"" : 52545}, {""id"" : 0, ""date"" : ""0508"", ""bank_holiday_id"" : 52545}, {""id"" : 0, ""date"" : ""0514"", ""bank_holiday_id"" : 52545}, {""id"" : 0, ""date"" : ""0525"", ""bank_holiday_id"" : 52545}, {""id"" : 0, ""date"" : ""0714"", ""bank_holiday_id"" : 52545}, {""id"" : 0, ""date"" : ""0815"", ""bank_holiday_id"" : 52545}, {""id"" : 0, ""date"" : ""1101"", ""bank_holiday_id"" : 52545}, {""id"" : 0, ""date"" : ""1111"", ""bank_holiday_id"" : 52545}, {""id"" : 0, ""date"" : ""1225"", ""bank_holiday_id"" : 52545}]}"
10005205,52549,"{""bhl"" : {""id"" : 52549, ""name"" : ""CALENDAR_CF7266"", ""vpn_id"" : 10005205}, ""dates"" : [{""id"" : 0, ""date"" : ""0101"", ""bank_holiday_id"" : 52549}, {""id"" : 0, ""date"" : ""0406"", ""bank_holiday_id"" : 52549}, {""id"" : 0, ""date"" : ""0501"", ""bank_holiday_id"" : 52549}, {""id"" : 0, ""date"" : ""0508"", ""bank_holiday_id"" : 52549}, {""id"" : 0, ""date"" : ""0514"", ""bank_holiday_id"" : 52549}, {""id"" : 0, ""date"" : ""0525"", ""bank_holiday_id"" : 52549}, {""id"" : 0, ""date"" : ""0714"", ""bank_holiday_id"" : 52549}, {""id"" : 0, ""date"" : ""0815"", ""bank_holiday_id"" : 52549}, {""id"" : 0, ""date"" : ""1101"", ""bank_holiday_id"" : 52549}, {""id"" : 0, ""date"" : ""1111"", ""bank_holiday_id"" : 52549}, {""id"" : 0, ""date"" : ""1225"", ""bank_holiday_id"" : 52549}]}"
10005206,52550,"{""bhl"" : {""id"" : 52550, ""name"" : ""CALENDAR_CB4779"", ""vpn_id"" : 10005206}, ""dates"" : [{""id"" : 0, ""date"" : ""0101"", ""bank_holiday_id"" : 52550}, {""id"" : 0, ""date"" : ""0406"", ""bank_holiday_id"" : 52550}, {""id"" : 0, ""date"" : ""0501"", ""bank_holiday_id"" : 52550}, {""id"" : 0, ""date"" : ""0508"", ""bank_holiday_id"" : 52550}, {""id"" : 0, ""date"" : ""0514"", ""bank_holiday_id"" : 52550}, {""id"" : 0, ""date"" : ""0525"", ""bank_holiday_id"" : 52550}, {""id"" : 0, ""date"" : ""0714"", ""bank_holiday_id"" : 52550}, {""id"" : 0, ""date"" : ""0815"", ""bank_holiday_id"" : 52550}, {""id"" : 0, ""date"" : ""1101"", ""bank_holiday_id"" : 52550}, {""id"" : 0, ""date"" : ""1111"", ""bank_holiday_id"" : 52550}, {""id"" : 0, ""date"" : ""1225"", ""bank_holiday_id"" : 52550}]}"
10005207,52551,"{""bhl"" : {""id"" : 52551, ""name"" : ""CALENDAR_06AD64"", ""vpn_id"" : 10005207}, ""dates"" : [{""id"" : 0, ""date"" : ""0101"", ""bank_holiday_id"" : 52551}, {""id"" : 0, ""date"" : ""0406"", ""bank_holiday_id"" : 52551}, {""id"" : 0, ""date"" : ""0501"", ""bank_holiday_id"" : 52551}, {""id"" : 0, ""date"" : ""0508"", ""bank_holiday_id"" : 52551}, {""id"" : 0, ""date"" : ""0514"", ""bank_holiday_id"" : 52551}, {""id"" : 0, ""date"" : ""0525"", ""bank_holiday_id"" : 52551}, {""id"" : 0, ""date"" : ""0714"", ""bank_holiday_id"" : 52551}, {""id"" : 0, ""date"" : ""0815"", ""bank_holiday_id"" : 52551}, {""id"" : 0, ""date"" : ""1101"", ""bank_holiday_id"" : 52551}, {""id"" : 0, ""date"" : ""1111"", ""bank_holiday_id"" : 52551}, {""id"" : 0, ""date"" : ""1225"", ""bank_holiday_id"" : 52551}]}"
10005208,52552,"{""bhl"" : {""id"" : 52552, ""name"" : ""CALENDAR_FEB491"", ""vpn_id"" : 10005208}, ""dates"" : [{""id"" : 0, ""date"" : ""0101"", ""bank_holiday_id"" : 52552}, {""id"" : 0, ""date"" : ""0406"", ""bank_holiday_id"" : 52552}, {""id"" : 0, ""date"" : ""0501"", ""bank_holiday_id"" : 52552}, {""id"" : 0, ""date"" : ""0508"", ""bank_holiday_id"" : 52552}, {""id"" : 0, ""date"" : ""0514"", ""bank_holiday_id"" : 52552}, {""id"" : 0, ""date"" : ""0525"", ""bank_holiday_id"" : 52552}, {""id"" : 0, ""date"" : ""0714"", ""bank_holiday_id"" : 52552}, {""id"" : 0, ""date"" : ""0815"", ""bank_holiday_id"" : 52552}, {""id"" : 0, ""date"" : ""1101"", ""bank_holiday_id"" : 52552}, {""id"" : 0, ""date"" : ""1111"", ""bank_holiday_id"" : 52552}, {""id"" : 0, ""date"" : ""1225"", ""bank_holiday_id"" : 52552}]}"
10005214,52564,"{""bhl"" : {""id"" : 52564, ""name"" : ""CALENDAR_DA546A"", ""vpn_id"" : 10005214}, ""dates"" : [{""id"" : 0, ""date"" : ""0101"", ""bank_holiday_id"" : 52564}, {""id"" : 0, ""date"" : ""0406"", ""bank_holiday_id"" : 52564}, {""id"" : 0, ""date"" : ""0501"", ""bank_holiday_id"" : 52564}, {""id"" : 0, ""date"" : ""0508"", ""bank_holiday_id"" : 52564}, {""id"" : 0, ""date"" : ""0514"", ""bank_holiday_id"" : 52564}, {""id"" : 0, ""date"" : ""0525"", ""bank_holiday_id"" : 52564}, {""id"" : 0, ""date"" : ""0714"", ""bank_holiday_id"" : 52564}, {""id"" : 0, ""date"" : ""0815"", ""bank_holiday_id"" : 52564}, {""id"" : 0, ""date"" : ""1101"", ""bank_holiday_id"" : 52564}, {""id"" : 0, ""date"" : ""1111"", ""bank_holiday_id"" : 52564}, {""id"" : 0, ""date"" : ""1225"", ""bank_holiday_id"" : 52564}]}"
10004318,52575,"{""bhl"" : {""id"" : 52575, ""name"" : ""Jours_spéc_YYXs"", ""vpn_id"" : 10004318}, ""dates"" : []}"
10005143,52590,"{""bhl"" : {""id"" : 52590, ""name"" : ""COCA-COLA__qDb5"", ""vpn_id"" : 10005143}, ""dates"" : [{""id"" : 0, ""date"" : ""0101"", ""bank_holiday_id"" : 52590}, {""id"" : 0, ""date"" : ""0422"", ""bank_holiday_id"" : 52590}, {""id"" : 0, ""date"" : ""0501"", ""bank_holiday_id"" : 52590}, {""id"" : 0, ""date"" : ""0508"", ""bank_holiday_id"" : 52590}, {""id"" : 0, ""date"" : ""0530"", ""bank_holiday_id"" : 52590}, {""id"" : 0, ""date"" : ""0610"", ""bank_holiday_id"" : 52590}, {""id"" : 0, ""date"" : ""0714"", ""bank_holiday_id"" : 52590}, {""id"" : 0, ""date"" : ""0815"", ""bank_holiday_id"" : 52590}, {""id"" : 0, ""date"" : ""1101"", ""bank_holiday_id"" : 52590}, {""id"" : 0, ""date"" : ""1111"", ""bank_holiday_id"" : 52590}, {""id"" : 0, ""date"" : ""1224"", ""bank_holiday_id"" : 52590}]}"
10005138,52576,"{""bhl"" : {""id"" : 52576, ""name"" : ""NOMADE_FER_S8PB"", ""vpn_id"" : 10005138}, ""dates"" : [{""id"" : 0, ""date"" : ""0101"", ""bank_holiday_id"" : 52576}, {""id"" : 0, ""date"" : ""0422"", ""bank_holiday_id"" : 52576}, {""id"" : 0, ""date"" : ""0501"", ""bank_holiday_id"" : 52576}, {""id"" : 0, ""date"" : ""0508"", ""bank_holiday_id"" : 52576}, {""id"" : 0, ""date"" : ""0530"", ""bank_holiday_id"" : 52576}, {""id"" : 0, ""date"" : ""0610"", ""bank_holiday_id"" : 52576}, {""id"" : 0, ""date"" : ""0714"", ""bank_holiday_id"" : 52576}, {""id"" : 0, ""date"" : ""0815"", ""bank_holiday_id"" : 52576}, {""id"" : 0, ""date"" : ""1101"", ""bank_holiday_id"" : 52576}, {""id"" : 0, ""date"" : ""1111"", ""bank_holiday_id"" : 52576}, {""id"" : 0, ""date"" : ""1224"", ""bank_holiday_id"" : 52576}]}"
10005104,52583,"{""bhl"" : {""id"" : 52583, ""name"" : ""HAD_CALUIR_gYCa"", ""vpn_id"" : 10005104}, ""dates"" : [{""id"" : 0, ""date"" : ""0101"", ""bank_holiday_id"" : 52583}, {""id"" : 0, ""date"" : ""0422"", ""bank_holiday_id"" : 52583}, {""id"" : 0, ""date"" : ""0501"", ""bank_holiday_id"" : 52583}, {""id"" : 0, ""date"" : ""0508"", ""bank_holiday_id"" : 52583}, {""id"" : 0, ""date"" : ""0530"", ""bank_holiday_id"" : 52583}, {""id"" : 0, ""date"" : ""0610"", ""bank_holiday_id"" : 52583}, {""id"" : 0, ""date"" : ""0714"", ""bank_holiday_id"" : 52583}, {""id"" : 0, ""date"" : ""0815"", ""bank_holiday_id"" : 52583}, {""id"" : 0, ""date"" : ""1101"", ""bank_holiday_id"" : 52583}, {""id"" : 0, ""date"" : ""1111"", ""bank_holiday_id"" : 52583}, {""id"" : 0, ""date"" : ""1224"", ""bank_holiday_id"" : 52583}]}"
10005104,52584,"{""bhl"" : {""id"" : 52584, ""name"" : ""HAD_VILLEF_4Qe0"", ""vpn_id"" : 10005104}, ""dates"" : [{""id"" : 0, ""date"" : ""0101"", ""bank_holiday_id"" : 52584}, {""id"" : 0, ""date"" : ""0422"", ""bank_holiday_id"" : 52584}, {""id"" : 0, ""date"" : ""0501"", ""bank_holiday_id"" : 52584}, {""id"" : 0, ""date"" : ""0508"", ""bank_holiday_id"" : 52584}, {""id"" : 0, ""date"" : ""0530"", ""bank_holiday_id"" : 52584}, {""id"" : 0, ""date"" : ""0610"", ""bank_holiday_id"" : 52584}, {""id"" : 0, ""date"" : ""0714"", ""bank_holiday_id"" : 52584}, {""id"" : 0, ""date"" : ""0815"", ""bank_holiday_id"" : 52584}, {""id"" : 0, ""date"" : ""1101"", ""bank_holiday_id"" : 52584}, {""id"" : 0, ""date"" : ""1111"", ""bank_holiday_id"" : 52584}, {""id"" : 0, ""date"" : ""1224"", ""bank_holiday_id"" : 52584}]}"
10005104,52585,"{""bhl"" : {""id"" : 52585, ""name"" : ""NOMADE_FER_5X2k"", ""vpn_id"" : 10005104}, ""dates"" : [{""id"" : 0, ""date"" : ""0101"", ""bank_holiday_id"" : 52585}, {""id"" : 0, ""date"" : ""0422"", ""bank_holiday_id"" : 52585}, {""id"" : 0, ""date"" : ""0501"", ""bank_holiday_id"" : 52585}, {""id"" : 0, ""date"" : ""0508"", ""bank_holiday_id"" : 52585}, {""id"" : 0, ""date"" : ""0530"", ""bank_holiday_id"" : 52585}, {""id"" : 0, ""date"" : ""0610"", ""bank_holiday_id"" : 52585}, {""id"" : 0, ""date"" : ""0714"", ""bank_holiday_id"" : 52585}, {""id"" : 0, ""date"" : ""0815"", ""bank_holiday_id"" : 52585}, {""id"" : 0, ""date"" : ""1101"", ""bank_holiday_id"" : 52585}, {""id"" : 0, ""date"" : ""1111"", ""bank_holiday_id"" : 52585}, {""id"" : 0, ""date"" : ""1224"", ""bank_holiday_id"" : 52585}]}"
10005143,52586,"{""bhl"" : {""id"" : 52586, ""name"" : ""COCA-COLA__u5Xn"", ""vpn_id"" : 10005143}, ""dates"" : [{""id"" : 0, ""date"" : ""0101"", ""bank_holiday_id"" : 52586}, {""id"" : 0, ""date"" : ""0422"", ""bank_holiday_id"" : 52586}, {""id"" : 0, ""date"" : ""0501"", ""bank_holiday_id"" : 52586}, {""id"" : 0, ""date"" : ""0508"", ""bank_holiday_id"" : 52586}, {""id"" : 0, ""date"" : ""0530"", ""bank_holiday_id"" : 52586}, {""id"" : 0, ""date"" : ""0610"", ""bank_holiday_id"" : 52586}, {""id"" : 0, ""date"" : ""0714"", ""bank_holiday_id"" : 52586}, {""id"" : 0, ""date"" : ""0815"", ""bank_holiday_id"" : 52586}, {""id"" : 0, ""date"" : ""1101"", ""bank_holiday_id"" : 52586}, {""id"" : 0, ""date"" : ""1111"", ""bank_holiday_id"" : 52586}, {""id"" : 0, ""date"" : ""1224"", ""bank_holiday_id"" : 52586}]}"
10005143,52587,"{""bhl"" : {""id"" : 52587, ""name"" : ""COCA-COLA__yXoN"", ""vpn_id"" : 10005143}, ""dates"" : [{""id"" : 0, ""date"" : ""0101"", ""bank_holiday_id"" : 52587}, {""id"" : 0, ""date"" : ""0422"", ""bank_holiday_id"" : 52587}, {""id"" : 0, ""date"" : ""0501"", ""bank_holiday_id"" : 52587}, {""id"" : 0, ""date"" : ""0508"", ""bank_holiday_id"" : 52587}, {""id"" : 0, ""date"" : ""0530"", ""bank_holiday_id"" : 52587}, {""id"" : 0, ""date"" : ""0610"", ""bank_holiday_id"" : 52587}, {""id"" : 0, ""date"" : ""0714"", ""bank_holiday_id"" : 52587}, {""id"" : 0, ""date"" : ""0815"", ""bank_holiday_id"" : 52587}, {""id"" : 0, ""date"" : ""1101"", ""bank_holiday_id"" : 52587}, {""id"" : 0, ""date"" : ""1111"", ""bank_holiday_id"" : 52587}, {""id"" : 0, ""date"" : ""1224"", ""bank_holiday_id"" : 52587}]}"
10005143,52588,"{""bhl"" : {""id"" : 52588, ""name"" : ""COCA-COLA__BwJ9"", ""vpn_id"" : 10005143}, ""dates"" : [{""id"" : 0, ""date"" : ""0101"", ""bank_holiday_id"" : 52588}, {""id"" : 0, ""date"" : ""0422"", ""bank_holiday_id"" : 52588}, {""id"" : 0, ""date"" : ""0501"", ""bank_holiday_id"" : 52588}, {""id"" : 0, ""date"" : ""0508"", ""bank_holiday_id"" : 52588}, {""id"" : 0, ""date"" : ""0530"", ""bank_holiday_id"" : 52588}, {""id"" : 0, ""date"" : ""0610"", ""bank_holiday_id"" : 52588}, {""id"" : 0, ""date"" : ""0714"", ""bank_holiday_id"" : 52588}, {""id"" : 0, ""date"" : ""0815"", ""bank_holiday_id"" : 52588}, {""id"" : 0, ""date"" : ""1101"", ""bank_holiday_id"" : 52588}, {""id"" : 0, ""date"" : ""1111"", ""bank_holiday_id"" : 52588}, {""id"" : 0, ""date"" : ""1224"", ""bank_holiday_id"" : 52588}]}"
10005143,52589,"{""bhl"" : {""id"" : 52589, ""name"" : ""COCA-COLA__xSmw"", ""vpn_id"" : 10005143}, ""dates"" : [{""id"" : 0, ""date"" : ""0101"", ""bank_holiday_id"" : 52589}, {""id"" : 0, ""date"" : ""0422"", ""bank_holiday_id"" : 52589}, {""id"" : 0, ""date"" : ""0501"", ""bank_holiday_id"" : 52589}, {""id"" : 0, ""date"" : ""0508"", ""bank_holiday_id"" : 52589}, {""id"" : 0, ""date"" : ""0530"", ""bank_holiday_id"" : 52589}, {""id"" : 0, ""date"" : ""0610"", ""bank_holiday_id"" : 52589}, {""id"" : 0, ""date"" : ""0714"", ""bank_holiday_id"" : 52589}, {""id"" : 0, ""date"" : ""0815"", ""bank_holiday_id"" : 52589}, {""id"" : 0, ""date"" : ""1101"", ""bank_holiday_id"" : 52589}, {""id"" : 0, ""date"" : ""1111"", ""bank_holiday_id"" : 52589}, {""id"" : 0, ""date"" : ""1224"", ""bank_holiday_id"" : 52589}]}"
10005110,51468,"{""bhl"" : {""id"" : 51468, ""name"" : ""SANOFI_PER_BKfi"", ""vpn_id"" : 10005110}, ""dates"" : [{""id"" : 0, ""date"" : ""0101"", ""bank_holiday_id"" : 51468}, {""id"" : 0, ""date"" : ""0422"", ""bank_holiday_id"" : 51468}, {""id"" : 0, ""date"" : ""0501"", ""bank_holiday_id"" : 51468}, {""id"" : 0, ""date"" : ""0508"", ""bank_holiday_id"" : 51468}, {""id"" : 0, ""date"" : ""0530"", ""bank_holiday_id"" : 51468}, {""id"" : 0, ""date"" : ""0610"", ""bank_holiday_id"" : 51468}, {""id"" : 0, ""date"" : ""0714"", ""bank_holiday_id"" : 51468}, {""id"" : 0, ""date"" : ""0815"", ""bank_holiday_id"" : 51468}, {""id"" : 0, ""date"" : ""1101"", ""bank_holiday_id"" : 51468}, {""id"" : 0, ""date"" : ""1111"", ""bank_holiday_id"" : 51468}, {""id"" : 0, ""date"" : ""1224"", ""bank_holiday_id"" : 51468}]}"
10001121,51515,"{""bhl"" : {""id"" : 51515, ""name"" : ""DPT_MANCHE_DpYr"", ""vpn_id"" : 10001121}, ""dates"" : [{""id"" : 0, ""date"" : ""0101"", ""bank_holiday_id"" : 51515}, {""id"" : 0, ""date"" : ""0422"", ""bank_holiday_id"" : 51515}, {""id"" : 0, ""date"" : ""0501"", ""bank_holiday_id"" : 51515}, {""id"" : 0, ""date"" : ""0508"", ""bank_holiday_id"" : 51515}, {""id"" : 0, ""date"" : ""0530"", ""bank_holiday_id"" : 51515}, {""id"" : 0, ""date"" : ""0610"", ""bank_holiday_id"" : 51515}, {""id"" : 0, ""date"" : ""0714"", ""bank_holiday_id"" : 51515}, {""id"" : 0, ""date"" : ""0815"", ""bank_holiday_id"" : 51515}, {""id"" : 0, ""date"" : ""1101"", ""bank_holiday_id"" : 51515}, {""id"" : 0, ""date"" : ""1111"", ""bank_holiday_id"" : 51515}, {""id"" : 0, ""date"" : ""1225"", ""bank_holiday_id"" : 51515}]}"
10001121,51533,"{""bhl"" : {""id"" : 51533, ""name"" : ""AGENCE_DE__I9lM"", ""vpn_id"" : 10001121}, ""dates"" : [{""id"" : 0, ""date"" : ""0101"", ""bank_holiday_id"" : 51533}, {""id"" : 0, ""date"" : ""0422"", ""bank_holiday_id"" : 51533}, {""id"" : 0, ""date"" : ""0501"", ""bank_holiday_id"" : 51533}, {""id"" : 0, ""date"" : ""0508"", ""bank_holiday_id"" : 51533}, {""id"" : 0, ""date"" : ""0530"", ""bank_holiday_id"" : 51533}, {""id"" : 0, ""date"" : ""0610"", ""bank_holiday_id"" : 51533}, {""id"" : 0, ""date"" : ""0714"", ""bank_holiday_id"" : 51533}, {""id"" : 0, ""date"" : ""0815"", ""bank_holiday_id"" : 51533}, {""id"" : 0, ""date"" : ""1101"", ""bank_holiday_id"" : 51533}, {""id"" : 0, ""date"" : ""1111"", ""bank_holiday_id"" : 51533}, {""id"" : 0, ""date"" : ""1225"", ""bank_holiday_id"" : 51533}]}"
10001121,51579,"{""bhl"" : {""id"" : 51579, ""name"" : ""AGENCE_DE__KQ5M"", ""vpn_id"" : 10001121}, ""dates"" : [{""id"" : 0, ""date"" : ""0101"", ""bank_holiday_id"" : 51579}, {""id"" : 0, ""date"" : ""0422"", ""bank_holiday_id"" : 51579}, {""id"" : 0, ""date"" : ""0501"", ""bank_holiday_id"" : 51579}, {""id"" : 0, ""date"" : ""0508"", ""bank_holiday_id"" : 51579}, {""id"" : 0, ""date"" : ""0530"", ""bank_holiday_id"" : 51579}, {""id"" : 0, ""date"" : ""0610"", ""bank_holiday_id"" : 51579}, {""id"" : 0, ""date"" : ""0714"", ""bank_holiday_id"" : 51579}, {""id"" : 0, ""date"" : ""0815"", ""bank_holiday_id"" : 51579}, {""id"" : 0, ""date"" : ""1101"", ""bank_holiday_id"" : 51579}, {""id"" : 0, ""date"" : ""1111"", ""bank_holiday_id"" : 51579}, {""id"" : 0, ""date"" : ""1225"", ""bank_holiday_id"" : 51579}]}"
10001121,51614,"{""bhl"" : {""id"" : 51614, ""name"" : ""AGENCE_DE__23Mt"", ""vpn_id"" : 10001121}, ""dates"" : [{""id"" : 0, ""date"" : ""0101"", ""bank_holiday_id"" : 51614}, {""id"" : 0, ""date"" : ""0422"", ""bank_holiday_id"" : 51614}, {""id"" : 0, ""date"" : ""0501"", ""bank_holiday_id"" : 51614}, {""id"" : 0, ""date"" : ""0508"", ""bank_holiday_id"" : 51614}, {""id"" : 0, ""date"" : ""0530"", ""bank_holiday_id"" : 51614}, {""id"" : 0, ""date"" : ""0610"", ""bank_holiday_id"" : 51614}, {""id"" : 0, ""date"" : ""0714"", ""bank_holiday_id"" : 51614}, {""id"" : 0, ""date"" : ""0815"", ""bank_holiday_id"" : 51614}, {""id"" : 0, ""date"" : ""1101"", ""bank_holiday_id"" : 51614}, {""id"" : 0, ""date"" : ""1111"", ""bank_holiday_id"" : 51614}, {""id"" : 0, ""date"" : ""1225"", ""bank_holiday_id"" : 51614}]}"
10001121,52376,"{""bhl"" : {""id"" : 52376, ""name"" : ""AGENCE_DE__eck5"", ""vpn_id"" : 10001121}, ""dates"" : [{""id"" : 0, ""date"" : ""0101"", ""bank_holiday_id"" : 52376}, {""id"" : 0, ""date"" : ""0422"", ""bank_holiday_id"" : 52376}, {""id"" : 0, ""date"" : ""0501"", ""bank_holiday_id"" : 52376}, {""id"" : 0, ""date"" : ""0508"", ""bank_holiday_id"" : 52376}, {""id"" : 0, ""date"" : ""0530"", ""bank_holiday_id"" : 52376}, {""id"" : 0, ""date"" : ""0610"", ""bank_holiday_id"" : 52376}, {""id"" : 0, ""date"" : ""0714"", ""bank_holiday_id"" : 52376}, {""id"" : 0, ""date"" : ""0815"", ""bank_holiday_id"" : 52376}, {""id"" : 0, ""date"" : ""1101"", ""bank_holiday_id"" : 52376}, {""id"" : 0, ""date"" : ""1111"", ""bank_holiday_id"" : 52376}, {""id"" : 0, ""date"" : ""1225"", ""bank_holiday_id"" : 52376}]}"
10005187,52531,"{""bhl"" : {""id"" : 52531, ""name"" : ""CALENDAR_1BA446"", ""vpn_id"" : 10005187}, ""dates"" : [{""id"" : 0, ""date"" : ""0101"", ""bank_holiday_id"" : 52531}, {""id"" : 0, ""date"" : ""0406"", ""bank_holiday_id"" : 52531}, {""id"" : 0, ""date"" : ""0501"", ""bank_holiday_id"" : 52531}, {""id"" : 0, ""date"" : ""0508"", ""bank_holiday_id"" : 52531}, {""id"" : 0, ""date"" : ""0514"", ""bank_holiday_id"" : 52531}, {""id"" : 0, ""date"" : ""0525"", ""bank_holiday_id"" : 52531}, {""id"" : 0, ""date"" : ""0714"", ""bank_holiday_id"" : 52531}, {""id"" : 0, ""date"" : ""0815"", ""bank_holiday_id"" : 52531}, {""id"" : 0, ""date"" : ""1101"", ""bank_holiday_id"" : 52531}, {""id"" : 0, ""date"" : ""1111"", ""bank_holiday_id"" : 52531}, {""id"" : 0, ""date"" : ""1225"", ""bank_holiday_id"" : 52531}]}"
10005143,52591,"{""bhl"" : {""id"" : 52591, ""name"" : ""COCA-COLA__637z"", ""vpn_id"" : 10005143}, ""dates"" : [{""id"" : 0, ""date"" : ""0101"", ""bank_holiday_id"" : 52591}, {""id"" : 0, ""date"" : ""0422"", ""bank_holiday_id"" : 52591}, {""id"" : 0, ""date"" : ""0501"", ""bank_holiday_id"" : 52591}, {""id"" : 0, ""date"" : ""0508"", ""bank_holiday_id"" : 52591}, {""id"" : 0, ""date"" : ""0530"", ""bank_holiday_id"" : 52591}, {""id"" : 0, ""date"" : ""0610"", ""bank_holiday_id"" : 52591}, {""id"" : 0, ""date"" : ""0714"", ""bank_holiday_id"" : 52591}, {""id"" : 0, ""date"" : ""0815"", ""bank_holiday_id"" : 52591}, {""id"" : 0, ""date"" : ""1101"", ""bank_holiday_id"" : 52591}, {""id"" : 0, ""date"" : ""1111"", ""bank_holiday_id"" : 52591}, {""id"" : 0, ""date"" : ""1224"", ""bank_holiday_id"" : 52591}]}"
10005143,52592,"{""bhl"" : {""id"" : 52592, ""name"" : ""COCA-COLA__FaW9"", ""vpn_id"" : 10005143}, ""dates"" : [{""id"" : 0, ""date"" : ""0101"", ""bank_holiday_id"" : 52592}, {""id"" : 0, ""date"" : ""0422"", ""bank_holiday_id"" : 52592}, {""id"" : 0, ""date"" : ""0501"", ""bank_holiday_id"" : 52592}, {""id"" : 0, ""date"" : ""0508"", ""bank_holiday_id"" : 52592}, {""id"" : 0, ""date"" : ""0530"", ""bank_holiday_id"" : 52592}, {""id"" : 0, ""date"" : ""0610"", ""bank_holiday_id"" : 52592}, {""id"" : 0, ""date"" : ""0714"", ""bank_holiday_id"" : 52592}, {""id"" : 0, ""date"" : ""0815"", ""bank_holiday_id"" : 52592}, {""id"" : 0, ""date"" : ""1101"", ""bank_holiday_id"" : 52592}, {""id"" : 0, ""date"" : ""1111"", ""bank_holiday_id"" : 52592}, {""id"" : 0, ""date"" : ""1224"", ""bank_holiday_id"" : 52592}]}"
10005143,52593,"{""bhl"" : {""id"" : 52593, ""name"" : ""COCA-COLA__Lx73"", ""vpn_id"" : 10005143}, ""dates"" : [{""id"" : 0, ""date"" : ""0101"", ""bank_holiday_id"" : 52593}, {""id"" : 0, ""date"" : ""0422"", ""bank_holiday_id"" : 52593}, {""id"" : 0, ""date"" : ""0501"", ""bank_holiday_id"" : 52593}, {""id"" : 0, ""date"" : ""0508"", ""bank_holiday_id"" : 52593}, {""id"" : 0, ""date"" : ""0530"", ""bank_holiday_id"" : 52593}, {""id"" : 0, ""date"" : ""0610"", ""bank_holiday_id"" : 52593}, {""id"" : 0, ""date"" : ""0714"", ""bank_holiday_id"" : 52593}, {""id"" : 0, ""date"" : ""0815"", ""bank_holiday_id"" : 52593}, {""id"" : 0, ""date"" : ""1101"", ""bank_holiday_id"" : 52593}, {""id"" : 0, ""date"" : ""1111"", ""bank_holiday_id"" : 52593}, {""id"" : 0, ""date"" : ""1224"", ""bank_holiday_id"" : 52593}]}"
10005143,52594,"{""bhl"" : {""id"" : 52594, ""name"" : ""COCA-COLA__JiKe"", ""vpn_id"" : 10005143}, ""dates"" : [{""id"" : 0, ""date"" : ""0101"", ""bank_holiday_id"" : 52594}, {""id"" : 0, ""date"" : ""0422"", ""bank_holiday_id"" : 52594}, {""id"" : 0, ""date"" : ""0501"", ""bank_holiday_id"" : 52594}, {""id"" : 0, ""date"" : ""0508"", ""bank_holiday_id"" : 52594}, {""id"" : 0, ""date"" : ""0530"", ""bank_holiday_id"" : 52594}, {""id"" : 0, ""date"" : ""0610"", ""bank_holiday_id"" : 52594}, {""id"" : 0, ""date"" : ""0714"", ""bank_holiday_id"" : 52594}, {""id"" : 0, ""date"" : ""0815"", ""bank_holiday_id"" : 52594}, {""id"" : 0, ""date"" : ""1101"", ""bank_holiday_id"" : 52594}, {""id"" : 0, ""date"" : ""1111"", ""bank_holiday_id"" : 52594}, {""id"" : 0, ""date"" : ""1224"", ""bank_holiday_id"" : 52594}]}"
10005227,52610,"{""bhl"" : {""id"" : 52610, ""name"" : ""CALENDAR_5D3197"", ""vpn_id"" : 10005227}, ""dates"" : [{""id"" : 0, ""date"" : ""0101"", ""bank_holiday_id"" : 52610}, {""id"" : 0, ""date"" : ""0406"", ""bank_holiday_id"" : 52610}, {""id"" : 0, ""date"" : ""0501"", ""bank_holiday_id"" : 52610}, {""id"" : 0, ""date"" : ""0508"", ""bank_holiday_id"" : 52610}, {""id"" : 0, ""date"" : ""0514"", ""bank_holiday_id"" : 52610}, {""id"" : 0, ""date"" : ""0525"", ""bank_holiday_id"" : 52610}, {""id"" : 0, ""date"" : ""0714"", ""bank_holiday_id"" : 52610}, {""id"" : 0, ""date"" : ""0815"", ""bank_holiday_id"" : 52610}, {""id"" : 0, ""date"" : ""1101"", ""bank_holiday_id"" : 52610}, {""id"" : 0, ""date"" : ""1111"", ""bank_holiday_id"" : 52610}, {""id"" : 0, ""date"" : ""1225"", ""bank_holiday_id"" : 52610}]}"
10005233,52614,"{""bhl"" : {""id"" : 52614, ""name"" : ""CALENDAR_C03356"", ""vpn_id"" : 10005233}, ""dates"" : [{""id"" : 0, ""date"" : ""0101"", ""bank_holiday_id"" : 52614}, {""id"" : 0, ""date"" : ""0406"", ""bank_holiday_id"" : 52614}, {""id"" : 0, ""date"" : ""0501"", ""bank_holiday_id"" : 52614}, {""id"" : 0, ""date"" : ""0508"", ""bank_holiday_id"" : 52614}, {""id"" : 0, ""date"" : ""0514"", ""bank_holiday_id"" : 52614}, {""id"" : 0, ""date"" : ""0525"", ""bank_holiday_id"" : 52614}, {""id"" : 0, ""date"" : ""0714"", ""bank_holiday_id"" : 52614}, {""id"" : 0, ""date"" : ""0815"", ""bank_holiday_id"" : 52614}, {""id"" : 0, ""date"" : ""1101"", ""bank_holiday_id"" : 52614}, {""id"" : 0, ""date"" : ""1111"", ""bank_holiday_id"" : 52614}, {""id"" : 0, ""date"" : ""1225"", ""bank_holiday_id"" : 52614}]}"
10005237,52624,"{""bhl"" : {""id"" : 52624, ""name"" : ""CALENDAR_F6640D"", ""vpn_id"" : 10005237}, ""dates"" : [{""id"" : 0, ""date"" : ""0101"", ""bank_holiday_id"" : 52624}, {""id"" : 0, ""date"" : ""0406"", ""bank_holiday_id"" : 52624}, {""id"" : 0, ""date"" : ""0501"", ""bank_holiday_id"" : 52624}, {""id"" : 0, ""date"" : ""0508"", ""bank_holiday_id"" : 52624}, {""id"" : 0, ""date"" : ""0514"", ""bank_holiday_id"" : 52624}, {""id"" : 0, ""date"" : ""0525"", ""bank_holiday_id"" : 52624}, {""id"" : 0, ""date"" : ""0714"", ""bank_holiday_id"" : 52624}, {""id"" : 0, ""date"" : ""0815"", ""bank_holiday_id"" : 52624}, {""id"" : 0, ""date"" : ""1101"", ""bank_holiday_id"" : 52624}, {""id"" : 0, ""date"" : ""1111"", ""bank_holiday_id"" : 52624}, {""id"" : 0, ""date"" : ""1225"", ""bank_holiday_id"" : 52624}]}"
3917,52625,"{""bhl"" : {""id"" : 52625, ""name"" : ""REVEILLONS_A048"", ""vpn_id"" : 3917}, ""dates"" : [{""id"" : 0, ""date"" : ""1224"", ""bank_holiday_id"" : 52625}, {""id"" : 0, ""date"" : ""1231"", ""bank_holiday_id"" : 52625}]}"
10005250,52626,"{""bhl"" : {""id"" : 52626, ""name"" : ""CALENDAR_3F9B91"", ""vpn_id"" : 10005250}, ""dates"" : [{""id"" : 0, ""date"" : ""0101"", ""bank_holiday_id"" : 52626}, {""id"" : 0, ""date"" : ""0406"", ""bank_holiday_id"" : 52626}, {""id"" : 0, ""date"" : ""0501"", ""bank_holiday_id"" : 52626}, {""id"" : 0, ""date"" : ""0508"", ""bank_holiday_id"" : 52626}, {""id"" : 0, ""date"" : ""0514"", ""bank_holiday_id"" : 52626}, {""id"" : 0, ""date"" : ""0525"", ""bank_holiday_id"" : 52626}, {""id"" : 0, ""date"" : ""0714"", ""bank_holiday_id"" : 52626}, {""id"" : 0, ""date"" : ""0815"", ""bank_holiday_id"" : 52626}, {""id"" : 0, ""date"" : ""1101"", ""bank_holiday_id"" : 52626}, {""id"" : 0, ""date"" : ""1111"", ""bank_holiday_id"" : 52626}, {""id"" : 0, ""date"" : ""1225"", ""bank_holiday_id"" : 52626}]}"
10005254,52627,"{""bhl"" : {""id"" : 52627, ""name"" : ""CALENDAR_C77FCD"", ""vpn_id"" : 10005254}, ""dates"" : [{""id"" : 0, ""date"" : ""0101"", ""bank_holiday_id"" : 52627}, {""id"" : 0, ""date"" : ""0406"", ""bank_holiday_id"" : 52627}, {""id"" : 0, ""date"" : ""0501"", ""bank_holiday_id"" : 52627}, {""id"" : 0, ""date"" : ""0508"", ""bank_holiday_id"" : 52627}, {""id"" : 0, ""date"" : ""0514"", ""bank_holiday_id"" : 52627}, {""id"" : 0, ""date"" : ""0525"", ""bank_holiday_id"" : 52627}, {""id"" : 0, ""date"" : ""0714"", ""bank_holiday_id"" : 52627}, {""id"" : 0, ""date"" : ""0815"", ""bank_holiday_id"" : 52627}, {""id"" : 0, ""date"" : ""1101"", ""bank_holiday_id"" : 52627}, {""id"" : 0, ""date"" : ""1111"", ""bank_holiday_id"" : 52627}, {""id"" : 0, ""date"" : ""1225"", ""bank_holiday_id"" : 52627}]}"
10003561,52718,"{""bhl"" : {""id"" : 52718, ""name"" : ""446_VA_AUR_KfSg"", ""vpn_id"" : 10003561}, ""dates"" : [{""id"" : 0, ""date"" : ""0422"", ""bank_holiday_id"" : 52718}, {""id"" : 0, ""date"" : ""0501"", ""bank_holiday_id"" : 52718}, {""id"" : 0, ""date"" : ""0508"", ""bank_holiday_id"" : 52718}, {""id"" : 0, ""date"" : ""0530"", ""bank_holiday_id"" : 52718}, {""id"" : 0, ""date"" : ""0610"", ""bank_holiday_id"" : 52718}, {""id"" : 0, ""date"" : ""0714"", ""bank_holiday_id"" : 52718}, {""id"" : 0, ""date"" : ""0815"", ""bank_holiday_id"" : 52718}, {""id"" : 0, ""date"" : ""1101"", ""bank_holiday_id"" : 52718}, {""id"" : 0, ""date"" : ""1111"", ""bank_holiday_id"" : 52718}, {""id"" : 0, ""date"" : ""1225"", ""bank_holiday_id"" : 52718}]}"
10005256,52655,"{""bhl"" : {""id"" : 52655, ""name"" : ""CALENDAR_7483F7"", ""vpn_id"" : 10005256}, ""dates"" : [{""id"" : 0, ""date"" : ""0101"", ""bank_holiday_id"" : 52655}, {""id"" : 0, ""date"" : ""0406"", ""bank_holiday_id"" : 52655}, {""id"" : 0, ""date"" : ""0501"", ""bank_holiday_id"" : 52655}, {""id"" : 0, ""date"" : ""0508"", ""bank_holiday_id"" : 52655}, {""id"" : 0, ""date"" : ""0514"", ""bank_holiday_id"" : 52655}, {""id"" : 0, ""date"" : ""0525"", ""bank_holiday_id"" : 52655}, {""id"" : 0, ""date"" : ""0714"", ""bank_holiday_id"" : 52655}, {""id"" : 0, ""date"" : ""0815"", ""bank_holiday_id"" : 52655}, {""id"" : 0, ""date"" : ""1101"", ""bank_holiday_id"" : 52655}, {""id"" : 0, ""date"" : ""1111"", ""bank_holiday_id"" : 52655}, {""id"" : 0, ""date"" : ""1225"", ""bank_holiday_id"" : 52655}]}"
10004474,52656,"{""bhl"" : {""id"" : 52656, ""name"" : ""ALGECO_BUX_5eCX"", ""vpn_id"" : 10004474}, ""dates"" : []}"
10004474,52657,"{""bhl"" : {""id"" : 52657, ""name"" : ""ALGECO_ST__fSg1"", ""vpn_id"" : 10004474}, ""dates"" : []}"
10004474,52658,"{""bhl"" : {""id"" : 52658, ""name"" : ""ALGECO_FRO_wkTb"", ""vpn_id"" : 10004474}, ""dates"" : []}"
10004474,52659,"{""bhl"" : {""id"" : 52659, ""name"" : ""ALGECO_MEY_1ycI"", ""vpn_id"" : 10004474}, ""dates"" : []}"
10004474,52660,"{""bhl"" : {""id"" : 52660, ""name"" : ""ALGECO_MAR_Y04r"", ""vpn_id"" : 10004474}, ""dates"" : []}"
10004474,52662,"{""bhl"" : {""id"" : 52662, ""name"" : ""ALGECO_ST__prnI"", ""vpn_id"" : 10004474}, ""dates"" : []}"
10004474,52663,"{""bhl"" : {""id"" : 52663, ""name"" : ""ALGECO_SER_5ozw"", ""vpn_id"" : 10004474}, ""dates"" : []}"
10005261,52668,"{""bhl"" : {""id"" : 52668, ""name"" : ""CALENDAR_0DC69A"", ""vpn_id"" : 10005261}, ""dates"" : [{""id"" : 0, ""date"" : ""0101"", ""bank_holiday_id"" : 52668}, {""id"" : 0, ""date"" : ""0406"", ""bank_holiday_id"" : 52668}, {""id"" : 0, ""date"" : ""0501"", ""bank_holiday_id"" : 52668}, {""id"" : 0, ""date"" : ""0508"", ""bank_holiday_id"" : 52668}, {""id"" : 0, ""date"" : ""0514"", ""bank_holiday_id"" : 52668}, {""id"" : 0, ""date"" : ""0525"", ""bank_holiday_id"" : 52668}, {""id"" : 0, ""date"" : ""0714"", ""bank_holiday_id"" : 52668}, {""id"" : 0, ""date"" : ""0815"", ""bank_holiday_id"" : 52668}, {""id"" : 0, ""date"" : ""1101"", ""bank_holiday_id"" : 52668}, {""id"" : 0, ""date"" : ""1111"", ""bank_holiday_id"" : 52668}, {""id"" : 0, ""date"" : ""1225"", ""bank_holiday_id"" : 52668}]}"
10005264,52669,"{""bhl"" : {""id"" : 52669, ""name"" : ""CALENDAR_02D2C9"", ""vpn_id"" : 10005264}, ""dates"" : [{""id"" : 0, ""date"" : ""0101"", ""bank_holiday_id"" : 52669}, {""id"" : 0, ""date"" : ""0406"", ""bank_holiday_id"" : 52669}, {""id"" : 0, ""date"" : ""0501"", ""bank_holiday_id"" : 52669}, {""id"" : 0, ""date"" : ""0508"", ""bank_holiday_id"" : 52669}, {""id"" : 0, ""date"" : ""0514"", ""bank_holiday_id"" : 52669}, {""id"" : 0, ""date"" : ""0525"", ""bank_holiday_id"" : 52669}, {""id"" : 0, ""date"" : ""0714"", ""bank_holiday_id"" : 52669}, {""id"" : 0, ""date"" : ""0815"", ""bank_holiday_id"" : 52669}, {""id"" : 0, ""date"" : ""1101"", ""bank_holiday_id"" : 52669}, {""id"" : 0, ""date"" : ""1111"", ""bank_holiday_id"" : 52669}, {""id"" : 0, ""date"" : ""1225"", ""bank_holiday_id"" : 52669}]}"
3149,52699,"{""bhl"" : {""id"" : 52699, ""name"" : ""MAINT3_D3MJB6UF"", ""vpn_id"" : 3149}, ""dates"" : []}"
3149,52700,"{""bhl"" : {""id"" : 52700, ""name"" : ""MAINT4_8Q6IRDJV"", ""vpn_id"" : 3149}, ""dates"" : [{""id"" : 0, ""date"" : ""1225"", ""bank_holiday_id"" : 52700}]}"
10005274,52703,"{""bhl"" : {""id"" : 52703, ""name"" : ""CALENDAR_33C4E5"", ""vpn_id"" : 10005274}, ""dates"" : [{""id"" : 0, ""date"" : ""0815"", ""bank_holiday_id"" : 52703}]}"
10003561,52704,"{""bhl"" : {""id"" : 52704, ""name"" : ""413_VA_VIL_1wfO"", ""vpn_id"" : 10003561}, ""dates"" : [{""id"" : 0, ""date"" : ""0422"", ""bank_holiday_id"" : 52704}, {""id"" : 0, ""date"" : ""0501"", ""bank_holiday_id"" : 52704}, {""id"" : 0, ""date"" : ""0508"", ""bank_holiday_id"" : 52704}, {""id"" : 0, ""date"" : ""0530"", ""bank_holiday_id"" : 52704}, {""id"" : 0, ""date"" : ""0610"", ""bank_holiday_id"" : 52704}, {""id"" : 0, ""date"" : ""0714"", ""bank_holiday_id"" : 52704}, {""id"" : 0, ""date"" : ""0815"", ""bank_holiday_id"" : 52704}, {""id"" : 0, ""date"" : ""1101"", ""bank_holiday_id"" : 52704}, {""id"" : 0, ""date"" : ""1111"", ""bank_holiday_id"" : 52704}, {""id"" : 0, ""date"" : ""1225"", ""bank_holiday_id"" : 52704}]}"
10003561,52705,"{""bhl"" : {""id"" : 52705, ""name"" : ""SA_AIR_LIQ_aRxb"", ""vpn_id"" : 10003561}, ""dates"" : [{""id"" : 0, ""date"" : ""0422"", ""bank_holiday_id"" : 52705}, {""id"" : 0, ""date"" : ""0501"", ""bank_holiday_id"" : 52705}, {""id"" : 0, ""date"" : ""0508"", ""bank_holiday_id"" : 52705}, {""id"" : 0, ""date"" : ""0530"", ""bank_holiday_id"" : 52705}, {""id"" : 0, ""date"" : ""0610"", ""bank_holiday_id"" : 52705}, {""id"" : 0, ""date"" : ""0714"", ""bank_holiday_id"" : 52705}, {""id"" : 0, ""date"" : ""0815"", ""bank_holiday_id"" : 52705}, {""id"" : 0, ""date"" : ""1101"", ""bank_holiday_id"" : 52705}, {""id"" : 0, ""date"" : ""1111"", ""bank_holiday_id"" : 52705}, {""id"" : 0, ""date"" : ""1225"", ""bank_holiday_id"" : 52705}]}"
10003561,52706,"{""bhl"" : {""id"" : 52706, ""name"" : ""VA_PAMIERS_VMCB"", ""vpn_id"" : 10003561}, ""dates"" : [{""id"" : 0, ""date"" : ""0422"", ""bank_holiday_id"" : 52706}, {""id"" : 0, ""date"" : ""0501"", ""bank_holiday_id"" : 52706}, {""id"" : 0, ""date"" : ""0508"", ""bank_holiday_id"" : 52706}, {""id"" : 0, ""date"" : ""0530"", ""bank_holiday_id"" : 52706}, {""id"" : 0, ""date"" : ""0610"", ""bank_holiday_id"" : 52706}, {""id"" : 0, ""date"" : ""0714"", ""bank_holiday_id"" : 52706}, {""id"" : 0, ""date"" : ""0815"", ""bank_holiday_id"" : 52706}, {""id"" : 0, ""date"" : ""1101"", ""bank_holiday_id"" : 52706}, {""id"" : 0, ""date"" : ""1111"", ""bank_holiday_id"" : 52706}, {""id"" : 0, ""date"" : ""1225"", ""bank_holiday_id"" : 52706}]}"
10003561,52707,"{""bhl"" : {""id"" : 52707, ""name"" : ""METZ_PHARM_ntRx"", ""vpn_id"" : 10003561}, ""dates"" : [{""id"" : 0, ""date"" : ""0422"", ""bank_holiday_id"" : 52707}, {""id"" : 0, ""date"" : ""0501"", ""bank_holiday_id"" : 52707}, {""id"" : 0, ""date"" : ""0508"", ""bank_holiday_id"" : 52707}, {""id"" : 0, ""date"" : ""0530"", ""bank_holiday_id"" : 52707}, {""id"" : 0, ""date"" : ""0610"", ""bank_holiday_id"" : 52707}, {""id"" : 0, ""date"" : ""0714"", ""bank_holiday_id"" : 52707}, {""id"" : 0, ""date"" : ""0815"", ""bank_holiday_id"" : 52707}, {""id"" : 0, ""date"" : ""1101"", ""bank_holiday_id"" : 52707}, {""id"" : 0, ""date"" : ""1111"", ""bank_holiday_id"" : 52707}, {""id"" : 0, ""date"" : ""1225"", ""bank_holiday_id"" : 52707}]}"
10003561,52708,"{""bhl"" : {""id"" : 52708, ""name"" : ""VA_RIVE_DE_z6bb"", ""vpn_id"" : 10003561}, ""dates"" : [{""id"" : 0, ""date"" : ""0422"", ""bank_holiday_id"" : 52708}, {""id"" : 0, ""date"" : ""0501"", ""bank_holiday_id"" : 52708}, {""id"" : 0, ""date"" : ""0508"", ""bank_holiday_id"" : 52708}, {""id"" : 0, ""date"" : ""0530"", ""bank_holiday_id"" : 52708}, {""id"" : 0, ""date"" : ""0610"", ""bank_holiday_id"" : 52708}, {""id"" : 0, ""date"" : ""0714"", ""bank_holiday_id"" : 52708}, {""id"" : 0, ""date"" : ""0815"", ""bank_holiday_id"" : 52708}, {""id"" : 0, ""date"" : ""1101"", ""bank_holiday_id"" : 52708}, {""id"" : 0, ""date"" : ""1111"", ""bank_holiday_id"" : 52708}, {""id"" : 0, ""date"" : ""1225"", ""bank_holiday_id"" : 52708}]}"
10003561,52709,"{""bhl"" : {""id"" : 52709, ""name"" : ""MELUN_PHAR_CM9l"", ""vpn_id"" : 10003561}, ""dates"" : [{""id"" : 0, ""date"" : ""0422"", ""bank_holiday_id"" : 52709}, {""id"" : 0, ""date"" : ""0501"", ""bank_holiday_id"" : 52709}, {""id"" : 0, ""date"" : ""0508"", ""bank_holiday_id"" : 52709}, {""id"" : 0, ""date"" : ""0530"", ""bank_holiday_id"" : 52709}, {""id"" : 0, ""date"" : ""0610"", ""bank_holiday_id"" : 52709}, {""id"" : 0, ""date"" : ""0714"", ""bank_holiday_id"" : 52709}, {""id"" : 0, ""date"" : ""0815"", ""bank_holiday_id"" : 52709}, {""id"" : 0, ""date"" : ""1101"", ""bank_holiday_id"" : 52709}, {""id"" : 0, ""date"" : ""1111"", ""bank_holiday_id"" : 52709}, {""id"" : 0, ""date"" : ""1225"", ""bank_holiday_id"" : 52709}]}"
10003561,52710,"{""bhl"" : {""id"" : 52710, ""name"" : ""ORKYN_CARR_0Yx8"", ""vpn_id"" : 10003561}, ""dates"" : [{""id"" : 0, ""date"" : ""0422"", ""bank_holiday_id"" : 52710}, {""id"" : 0, ""date"" : ""0501"", ""bank_holiday_id"" : 52710}, {""id"" : 0, ""date"" : ""0508"", ""bank_holiday_id"" : 52710}, {""id"" : 0, ""date"" : ""0530"", ""bank_holiday_id"" : 52710}, {""id"" : 0, ""date"" : ""0610"", ""bank_holiday_id"" : 52710}, {""id"" : 0, ""date"" : ""0714"", ""bank_holiday_id"" : 52710}, {""id"" : 0, ""date"" : ""0815"", ""bank_holiday_id"" : 52710}, {""id"" : 0, ""date"" : ""1101"", ""bank_holiday_id"" : 52710}, {""id"" : 0, ""date"" : ""1111"", ""bank_holiday_id"" : 52710}, {""id"" : 0, ""date"" : ""1225"", ""bank_holiday_id"" : 52710}]}"
10003561,52711,"{""bhl"" : {""id"" : 52711, ""name"" : ""412_VA_ARG_Hxel"", ""vpn_id"" : 10003561}, ""dates"" : [{""id"" : 0, ""date"" : ""0422"", ""bank_holiday_id"" : 52711}, {""id"" : 0, ""date"" : ""0501"", ""bank_holiday_id"" : 52711}, {""id"" : 0, ""date"" : ""0508"", ""bank_holiday_id"" : 52711}, {""id"" : 0, ""date"" : ""0530"", ""bank_holiday_id"" : 52711}, {""id"" : 0, ""date"" : ""0610"", ""bank_holiday_id"" : 52711}, {""id"" : 0, ""date"" : ""0714"", ""bank_holiday_id"" : 52711}, {""id"" : 0, ""date"" : ""0815"", ""bank_holiday_id"" : 52711}, {""id"" : 0, ""date"" : ""1101"", ""bank_holiday_id"" : 52711}, {""id"" : 0, ""date"" : ""1111"", ""bank_holiday_id"" : 52711}, {""id"" : 0, ""date"" : ""1225"", ""bank_holiday_id"" : 52711}]}"
10003561,52712,"{""bhl"" : {""id"" : 52712, ""name"" : ""442_VA_GRE_7fZg"", ""vpn_id"" : 10003561}, ""dates"" : [{""id"" : 0, ""date"" : ""0422"", ""bank_holiday_id"" : 52712}, {""id"" : 0, ""date"" : ""0501"", ""bank_holiday_id"" : 52712}, {""id"" : 0, ""date"" : ""0508"", ""bank_holiday_id"" : 52712}, {""id"" : 0, ""date"" : ""0530"", ""bank_holiday_id"" : 52712}, {""id"" : 0, ""date"" : ""0610"", ""bank_holiday_id"" : 52712}, {""id"" : 0, ""date"" : ""0714"", ""bank_holiday_id"" : 52712}, {""id"" : 0, ""date"" : ""0815"", ""bank_holiday_id"" : 52712}, {""id"" : 0, ""date"" : ""1101"", ""bank_holiday_id"" : 52712}, {""id"" : 0, ""date"" : ""1111"", ""bank_holiday_id"" : 52712}, {""id"" : 0, ""date"" : ""1225"", ""bank_holiday_id"" : 52712}]}"
10003561,52713,"{""bhl"" : {""id"" : 52713, ""name"" : ""446_VA_VAL_47fA"", ""vpn_id"" : 10003561}, ""dates"" : [{""id"" : 0, ""date"" : ""0422"", ""bank_holiday_id"" : 52713}, {""id"" : 0, ""date"" : ""0501"", ""bank_holiday_id"" : 52713}, {""id"" : 0, ""date"" : ""0508"", ""bank_holiday_id"" : 52713}, {""id"" : 0, ""date"" : ""0530"", ""bank_holiday_id"" : 52713}, {""id"" : 0, ""date"" : ""0610"", ""bank_holiday_id"" : 52713}, {""id"" : 0, ""date"" : ""0714"", ""bank_holiday_id"" : 52713}, {""id"" : 0, ""date"" : ""0815"", ""bank_holiday_id"" : 52713}, {""id"" : 0, ""date"" : ""1101"", ""bank_holiday_id"" : 52713}, {""id"" : 0, ""date"" : ""1111"", ""bank_holiday_id"" : 52713}, {""id"" : 0, ""date"" : ""1225"", ""bank_holiday_id"" : 52713}]}"
10003561,52714,"{""bhl"" : {""id"" : 52714, ""name"" : ""PERPEZAC_P_nOXE"", ""vpn_id"" : 10003561}, ""dates"" : [{""id"" : 0, ""date"" : ""0422"", ""bank_holiday_id"" : 52714}, {""id"" : 0, ""date"" : ""0501"", ""bank_holiday_id"" : 52714}, {""id"" : 0, ""date"" : ""0508"", ""bank_holiday_id"" : 52714}, {""id"" : 0, ""date"" : ""0530"", ""bank_holiday_id"" : 52714}, {""id"" : 0, ""date"" : ""0610"", ""bank_holiday_id"" : 52714}, {""id"" : 0, ""date"" : ""0714"", ""bank_holiday_id"" : 52714}, {""id"" : 0, ""date"" : ""0815"", ""bank_holiday_id"" : 52714}, {""id"" : 0, ""date"" : ""1101"", ""bank_holiday_id"" : 52714}, {""id"" : 0, ""date"" : ""1111"", ""bank_holiday_id"" : 52714}, {""id"" : 0, ""date"" : ""1225"", ""bank_holiday_id"" : 52714}]}"
10003561,52715,"{""bhl"" : {""id"" : 52715, ""name"" : ""SAS_AIR_LI_ujwj"", ""vpn_id"" : 10003561}, ""dates"" : [{""id"" : 0, ""date"" : ""0422"", ""bank_holiday_id"" : 52715}, {""id"" : 0, ""date"" : ""0501"", ""bank_holiday_id"" : 52715}, {""id"" : 0, ""date"" : ""0508"", ""bank_holiday_id"" : 52715}, {""id"" : 0, ""date"" : ""0530"", ""bank_holiday_id"" : 52715}, {""id"" : 0, ""date"" : ""0610"", ""bank_holiday_id"" : 52715}, {""id"" : 0, ""date"" : ""0714"", ""bank_holiday_id"" : 52715}, {""id"" : 0, ""date"" : ""0815"", ""bank_holiday_id"" : 52715}, {""id"" : 0, ""date"" : ""1101"", ""bank_holiday_id"" : 52715}, {""id"" : 0, ""date"" : ""1111"", ""bank_holiday_id"" : 52715}, {""id"" : 0, ""date"" : ""1225"", ""bank_holiday_id"" : 52715}]}"
10003561,52716,"{""bhl"" : {""id"" : 52716, ""name"" : ""ADAIR_FERI_7PSs"", ""vpn_id"" : 10003561}, ""dates"" : [{""id"" : 0, ""date"" : ""0422"", ""bank_holiday_id"" : 52716}, {""id"" : 0, ""date"" : ""0501"", ""bank_holiday_id"" : 52716}, {""id"" : 0, ""date"" : ""0508"", ""bank_holiday_id"" : 52716}, {""id"" : 0, ""date"" : ""0530"", ""bank_holiday_id"" : 52716}, {""id"" : 0, ""date"" : ""0610"", ""bank_holiday_id"" : 52716}, {""id"" : 0, ""date"" : ""0714"", ""bank_holiday_id"" : 52716}, {""id"" : 0, ""date"" : ""0815"", ""bank_holiday_id"" : 52716}, {""id"" : 0, ""date"" : ""1101"", ""bank_holiday_id"" : 52716}, {""id"" : 0, ""date"" : ""1111"", ""bank_holiday_id"" : 52716}, {""id"" : 0, ""date"" : ""1225"", ""bank_holiday_id"" : 52716}]}"
10003561,52717,"{""bhl"" : {""id"" : 52717, ""name"" : ""AIR_LIQUID_ZIcD"", ""vpn_id"" : 10003561}, ""dates"" : [{""id"" : 0, ""date"" : ""0422"", ""bank_holiday_id"" : 52717}, {""id"" : 0, ""date"" : ""0501"", ""bank_holiday_id"" : 52717}, {""id"" : 0, ""date"" : ""0508"", ""bank_holiday_id"" : 52717}, {""id"" : 0, ""date"" : ""0530"", ""bank_holiday_id"" : 52717}, {""id"" : 0, ""date"" : ""0610"", ""bank_holiday_id"" : 52717}, {""id"" : 0, ""date"" : ""0714"", ""bank_holiday_id"" : 52717}, {""id"" : 0, ""date"" : ""0815"", ""bank_holiday_id"" : 52717}, {""id"" : 0, ""date"" : ""1101"", ""bank_holiday_id"" : 52717}, {""id"" : 0, ""date"" : ""1111"", ""bank_holiday_id"" : 52717}, {""id"" : 0, ""date"" : ""1225"", ""bank_holiday_id"" : 52717}]}"
10005013,52649,"{""bhl"" : {""id"" : 52649, ""name"" : ""MMA_IARD_N_pQOM"", ""vpn_id"" : 10005013}, ""dates"" : [{""id"" : 0, ""date"" : ""0101"", ""bank_holiday_id"" : 52649}, {""id"" : 0, ""date"" : ""0422"", ""bank_holiday_id"" : 52649}, {""id"" : 0, ""date"" : ""0501"", ""bank_holiday_id"" : 52649}, {""id"" : 0, ""date"" : ""0508"", ""bank_holiday_id"" : 52649}, {""id"" : 0, ""date"" : ""0530"", ""bank_holiday_id"" : 52649}, {""id"" : 0, ""date"" : ""0610"", ""bank_holiday_id"" : 52649}, {""id"" : 0, ""date"" : ""0714"", ""bank_holiday_id"" : 52649}, {""id"" : 0, ""date"" : ""0815"", ""bank_holiday_id"" : 52649}, {""id"" : 0, ""date"" : ""1031"", ""bank_holiday_id"" : 52649}, {""id"" : 0, ""date"" : ""1110"", ""bank_holiday_id"" : 52649}, {""id"" : 0, ""date"" : ""1224"", ""bank_holiday_id"" : 52649}]}"
10005032,52661,"{""bhl"" : {""id"" : 52661, ""name"" : ""CALENDAR_52346F"", ""vpn_id"" : 10005032}, ""dates"" : [{""id"" : 0, ""date"" : ""0101"", ""bank_holiday_id"" : 52661}, {""id"" : 0, ""date"" : ""0406"", ""bank_holiday_id"" : 52661}, {""id"" : 0, ""date"" : ""0501"", ""bank_holiday_id"" : 52661}, {""id"" : 0, ""date"" : ""0508"", ""bank_holiday_id"" : 52661}, {""id"" : 0, ""date"" : ""0514"", ""bank_holiday_id"" : 52661}, {""id"" : 0, ""date"" : ""0525"", ""bank_holiday_id"" : 52661}, {""id"" : 0, ""date"" : ""0714"", ""bank_holiday_id"" : 52661}, {""id"" : 0, ""date"" : ""0815"", ""bank_holiday_id"" : 52661}, {""id"" : 0, ""date"" : ""1101"", ""bank_holiday_id"" : 52661}, {""id"" : 0, ""date"" : ""1111"", ""bank_holiday_id"" : 52661}, {""id"" : 0, ""date"" : ""1225"", ""bank_holiday_id"" : 52661}]}"
10005040,52664,"{""bhl"" : {""id"" : 52664, ""name"" : ""CALENDAR_980E1D"", ""vpn_id"" : 10005040}, ""dates"" : [{""id"" : 0, ""date"" : ""0101"", ""bank_holiday_id"" : 52664}, {""id"" : 0, ""date"" : ""0406"", ""bank_holiday_id"" : 52664}, {""id"" : 0, ""date"" : ""0501"", ""bank_holiday_id"" : 52664}, {""id"" : 0, ""date"" : ""0508"", ""bank_holiday_id"" : 52664}, {""id"" : 0, ""date"" : ""0514"", ""bank_holiday_id"" : 52664}, {""id"" : 0, ""date"" : ""0525"", ""bank_holiday_id"" : 52664}, {""id"" : 0, ""date"" : ""0714"", ""bank_holiday_id"" : 52664}, {""id"" : 0, ""date"" : ""0815"", ""bank_holiday_id"" : 52664}, {""id"" : 0, ""date"" : ""1101"", ""bank_holiday_id"" : 52664}, {""id"" : 0, ""date"" : ""1111"", ""bank_holiday_id"" : 52664}, {""id"" : 0, ""date"" : ""1225"", ""bank_holiday_id"" : 52664}]}"
10005039,52679,"{""bhl"" : {""id"" : 52679, ""name"" : ""SAINGHIN_E_ZyPI"", ""vpn_id"" : 10005039}, ""dates"" : [{""id"" : 0, ""date"" : ""0530"", ""bank_holiday_id"" : 52679}, {""id"" : 0, ""date"" : ""0610"", ""bank_holiday_id"" : 52679}, {""id"" : 0, ""date"" : ""0714"", ""bank_holiday_id"" : 52679}, {""id"" : 0, ""date"" : ""0815"", ""bank_holiday_id"" : 52679}, {""id"" : 0, ""date"" : ""1101"", ""bank_holiday_id"" : 52679}, {""id"" : 0, ""date"" : ""1111"", ""bank_holiday_id"" : 52679}, {""id"" : 0, ""date"" : ""1225"", ""bank_holiday_id"" : 52679}]}"
10005039,52683,"{""bhl"" : {""id"" : 52683, ""name"" : ""AGENCE_TOU_aMGl"", ""vpn_id"" : 10005039}, ""dates"" : [{""id"" : 0, ""date"" : ""0101"", ""bank_holiday_id"" : 52683}, {""id"" : 0, ""date"" : ""0422"", ""bank_holiday_id"" : 52683}, {""id"" : 0, ""date"" : ""0501"", ""bank_holiday_id"" : 52683}, {""id"" : 0, ""date"" : ""0508"", ""bank_holiday_id"" : 52683}, {""id"" : 0, ""date"" : ""0530"", ""bank_holiday_id"" : 52683}, {""id"" : 0, ""date"" : ""0610"", ""bank_holiday_id"" : 52683}, {""id"" : 0, ""date"" : ""0714"", ""bank_holiday_id"" : 52683}, {""id"" : 0, ""date"" : ""0815"", ""bank_holiday_id"" : 52683}, {""id"" : 0, ""date"" : ""1031"", ""bank_holiday_id"" : 52683}, {""id"" : 0, ""date"" : ""1110"", ""bank_holiday_id"" : 52683}, {""id"" : 0, ""date"" : ""1224"", ""bank_holiday_id"" : 52683}]}"
10005039,52691,"{""bhl"" : {""id"" : 52691, ""name"" : ""AGENCE_MET_bG7u"", ""vpn_id"" : 10005039}, ""dates"" : []}"
10005012,52701,"{""bhl"" : {""id"" : 52701, ""name"" : ""NOMADE_FER_FbII"", ""vpn_id"" : 10005012}, ""dates"" : [{""id"" : 0, ""date"" : ""0101"", ""bank_holiday_id"" : 52701}, {""id"" : 0, ""date"" : ""0422"", ""bank_holiday_id"" : 52701}, {""id"" : 0, ""date"" : ""0501"", ""bank_holiday_id"" : 52701}, {""id"" : 0, ""date"" : ""0508"", ""bank_holiday_id"" : 52701}, {""id"" : 0, ""date"" : ""0530"", ""bank_holiday_id"" : 52701}, {""id"" : 0, ""date"" : ""0610"", ""bank_holiday_id"" : 52701}, {""id"" : 0, ""date"" : ""0714"", ""bank_holiday_id"" : 52701}, {""id"" : 0, ""date"" : ""0815"", ""bank_holiday_id"" : 52701}, {""id"" : 0, ""date"" : ""1031"", ""bank_holiday_id"" : 52701}, {""id"" : 0, ""date"" : ""1110"", ""bank_holiday_id"" : 52701}, {""id"" : 0, ""date"" : ""1224"", ""bank_holiday_id"" : 52701}]}"
10005125,53085,"{""bhl"" : {""id"" : 53085, ""name"" : ""CALENDAR_5D3811"", ""vpn_id"" : 10005125}, ""dates"" : [{""id"" : 0, ""date"" : ""0101"", ""bank_holiday_id"" : 53085}, {""id"" : 0, ""date"" : ""0406"", ""bank_holiday_id"" : 53085}, {""id"" : 0, ""date"" : ""0501"", ""bank_holiday_id"" : 53085}, {""id"" : 0, ""date"" : ""0508"", ""bank_holiday_id"" : 53085}, {""id"" : 0, ""date"" : ""0514"", ""bank_holiday_id"" : 53085}, {""id"" : 0, ""date"" : ""0525"", ""bank_holiday_id"" : 53085}, {""id"" : 0, ""date"" : ""0714"", ""bank_holiday_id"" : 53085}, {""id"" : 0, ""date"" : ""0815"", ""bank_holiday_id"" : 53085}, {""id"" : 0, ""date"" : ""1101"", ""bank_holiday_id"" : 53085}, {""id"" : 0, ""date"" : ""1111"", ""bank_holiday_id"" : 53085}, {""id"" : 0, ""date"" : ""1225"", ""bank_holiday_id"" : 53085}]}"
4842,52421,"{""bhl"" : {""id"" : 52421, ""name"" : ""IAIN_GW0W4L51Q8"", ""vpn_id"" : 4842}, ""dates"" : [{""id"" : 0, ""date"" : ""1225"", ""bank_holiday_id"" : 52421}, {""id"" : 0, ""date"" : ""1226"", ""bank_holiday_id"" : 52421}, {""id"" : 0, ""date"" : ""1227"", ""bank_holiday_id"" : 52421}, {""id"" : 0, ""date"" : ""1228"", ""bank_holiday_id"" : 52421}]}"
10004924,52501,"{""bhl"" : {""id"" : 52501, ""name"" : ""ADT_VILLEU_mJuF"", ""vpn_id"" : 10004924}, ""dates"" : [{""id"" : 0, ""date"" : ""0101"", ""bank_holiday_id"" : 52501}, {""id"" : 0, ""date"" : ""0422"", ""bank_holiday_id"" : 52501}, {""id"" : 0, ""date"" : ""0501"", ""bank_holiday_id"" : 52501}, {""id"" : 0, ""date"" : ""0508"", ""bank_holiday_id"" : 52501}, {""id"" : 0, ""date"" : ""0530"", ""bank_holiday_id"" : 52501}, {""id"" : 0, ""date"" : ""0610"", ""bank_holiday_id"" : 52501}, {""id"" : 0, ""date"" : ""0714"", ""bank_holiday_id"" : 52501}, {""id"" : 0, ""date"" : ""0815"", ""bank_holiday_id"" : 52501}, {""id"" : 0, ""date"" : ""1031"", ""bank_holiday_id"" : 52501}, {""id"" : 0, ""date"" : ""1110"", ""bank_holiday_id"" : 52501}, {""id"" : 0, ""date"" : ""1224"", ""bank_holiday_id"" : 52501}]}"
10004963,52507,"{""bhl"" : {""id"" : 52507, ""name"" : ""CALENDAR_B72BBA"", ""vpn_id"" : 10004963}, ""dates"" : [{""id"" : 0, ""date"" : ""0101"", ""bank_holiday_id"" : 52507}, {""id"" : 0, ""date"" : ""0406"", ""bank_holiday_id"" : 52507}, {""id"" : 0, ""date"" : ""0501"", ""bank_holiday_id"" : 52507}, {""id"" : 0, ""date"" : ""0508"", ""bank_holiday_id"" : 52507}, {""id"" : 0, ""date"" : ""0514"", ""bank_holiday_id"" : 52507}, {""id"" : 0, ""date"" : ""0525"", ""bank_holiday_id"" : 52507}, {""id"" : 0, ""date"" : ""0714"", ""bank_holiday_id"" : 52507}, {""id"" : 0, ""date"" : ""0815"", ""bank_holiday_id"" : 52507}, {""id"" : 0, ""date"" : ""1101"", ""bank_holiday_id"" : 52507}, {""id"" : 0, ""date"" : ""1111"", ""bank_holiday_id"" : 52507}, {""id"" : 0, ""date"" : ""1225"", ""bank_holiday_id"" : 52507}]}"
10004967,52510,"{""bhl"" : {""id"" : 52510, ""name"" : ""CALENDAR_9D57BF"", ""vpn_id"" : 10004967}, ""dates"" : [{""id"" : 0, ""date"" : ""0101"", ""bank_holiday_id"" : 52510}, {""id"" : 0, ""date"" : ""0406"", ""bank_holiday_id"" : 52510}, {""id"" : 0, ""date"" : ""0501"", ""bank_holiday_id"" : 52510}, {""id"" : 0, ""date"" : ""0508"", ""bank_holiday_id"" : 52510}, {""id"" : 0, ""date"" : ""0514"", ""bank_holiday_id"" : 52510}, {""id"" : 0, ""date"" : ""0525"", ""bank_holiday_id"" : 52510}, {""id"" : 0, ""date"" : ""0714"", ""bank_holiday_id"" : 52510}, {""id"" : 0, ""date"" : ""0815"", ""bank_holiday_id"" : 52510}, {""id"" : 0, ""date"" : ""1101"", ""bank_holiday_id"" : 52510}, {""id"" : 0, ""date"" : ""1111"", ""bank_holiday_id"" : 52510}, {""id"" : 0, ""date"" : ""1225"", ""bank_holiday_id"" : 52510}]}"
10004968,52511,"{""bhl"" : {""id"" : 52511, ""name"" : ""CALENDAR_AE219A"", ""vpn_id"" : 10004968}, ""dates"" : [{""id"" : 0, ""date"" : ""0101"", ""bank_holiday_id"" : 52511}, {""id"" : 0, ""date"" : ""0406"", ""bank_holiday_id"" : 52511}, {""id"" : 0, ""date"" : ""0501"", ""bank_holiday_id"" : 52511}, {""id"" : 0, ""date"" : ""0508"", ""bank_holiday_id"" : 52511}, {""id"" : 0, ""date"" : ""0514"", ""bank_holiday_id"" : 52511}, {""id"" : 0, ""date"" : ""0525"", ""bank_holiday_id"" : 52511}, {""id"" : 0, ""date"" : ""0714"", ""bank_holiday_id"" : 52511}, {""id"" : 0, ""date"" : ""0815"", ""bank_holiday_id"" : 52511}, {""id"" : 0, ""date"" : ""1101"", ""bank_holiday_id"" : 52511}, {""id"" : 0, ""date"" : ""1111"", ""bank_holiday_id"" : 52511}, {""id"" : 0, ""date"" : ""1225"", ""bank_holiday_id"" : 52511}]}"
10004969,52512,"{""bhl"" : {""id"" : 52512, ""name"" : ""CALENDAR_106EFD"", ""vpn_id"" : 10004969}, ""dates"" : [{""id"" : 0, ""date"" : ""0101"", ""bank_holiday_id"" : 52512}, {""id"" : 0, ""date"" : ""0406"", ""bank_holiday_id"" : 52512}, {""id"" : 0, ""date"" : ""0501"", ""bank_holiday_id"" : 52512}, {""id"" : 0, ""date"" : ""0508"", ""bank_holiday_id"" : 52512}, {""id"" : 0, ""date"" : ""0514"", ""bank_holiday_id"" : 52512}, {""id"" : 0, ""date"" : ""0525"", ""bank_holiday_id"" : 52512}, {""id"" : 0, ""date"" : ""0714"", ""bank_holiday_id"" : 52512}, {""id"" : 0, ""date"" : ""0815"", ""bank_holiday_id"" : 52512}, {""id"" : 0, ""date"" : ""1101"", ""bank_holiday_id"" : 52512}, {""id"" : 0, ""date"" : ""1111"", ""bank_holiday_id"" : 52512}, {""id"" : 0, ""date"" : ""1225"", ""bank_holiday_id"" : 52512}]}"
10004983,52524,"{""bhl"" : {""id"" : 52524, ""name"" : ""CALENDAR_440132"", ""vpn_id"" : 10004983}, ""dates"" : [{""id"" : 0, ""date"" : ""0101"", ""bank_holiday_id"" : 52524}, {""id"" : 0, ""date"" : ""0406"", ""bank_holiday_id"" : 52524}, {""id"" : 0, ""date"" : ""0501"", ""bank_holiday_id"" : 52524}, {""id"" : 0, ""date"" : ""0508"", ""bank_holiday_id"" : 52524}, {""id"" : 0, ""date"" : ""0514"", ""bank_holiday_id"" : 52524}, {""id"" : 0, ""date"" : ""0525"", ""bank_holiday_id"" : 52524}, {""id"" : 0, ""date"" : ""0714"", ""bank_holiday_id"" : 52524}, {""id"" : 0, ""date"" : ""0815"", ""bank_holiday_id"" : 52524}, {""id"" : 0, ""date"" : ""1101"", ""bank_holiday_id"" : 52524}, {""id"" : 0, ""date"" : ""1111"", ""bank_holiday_id"" : 52524}, {""id"" : 0, ""date"" : ""1225"", ""bank_holiday_id"" : 52524}]}"
10004924,52606,"{""bhl"" : {""id"" : 52606, ""name"" : ""AUBERVILLI_OEXQ"", ""vpn_id"" : 10004924}, ""dates"" : [{""id"" : 0, ""date"" : ""0101"", ""bank_holiday_id"" : 52606}, {""id"" : 0, ""date"" : ""0422"", ""bank_holiday_id"" : 52606}, {""id"" : 0, ""date"" : ""0501"", ""bank_holiday_id"" : 52606}, {""id"" : 0, ""date"" : ""0508"", ""bank_holiday_id"" : 52606}, {""id"" : 0, ""date"" : ""0530"", ""bank_holiday_id"" : 52606}, {""id"" : 0, ""date"" : ""0610"", ""bank_holiday_id"" : 52606}, {""id"" : 0, ""date"" : ""0714"", ""bank_holiday_id"" : 52606}, {""id"" : 0, ""date"" : ""0815"", ""bank_holiday_id"" : 52606}, {""id"" : 0, ""date"" : ""1031"", ""bank_holiday_id"" : 52606}, {""id"" : 0, ""date"" : ""1110"", ""bank_holiday_id"" : 52606}, {""id"" : 0, ""date"" : ""1224"", ""bank_holiday_id"" : 52606}]}"
10005013,52643,"{""bhl"" : {""id"" : 52643, ""name"" : ""MMA_LE_MAN_VmeD"", ""vpn_id"" : 10005013}, ""dates"" : [{""id"" : 0, ""date"" : ""0101"", ""bank_holiday_id"" : 52643}, {""id"" : 0, ""date"" : ""0422"", ""bank_holiday_id"" : 52643}, {""id"" : 0, ""date"" : ""0501"", ""bank_holiday_id"" : 52643}, {""id"" : 0, ""date"" : ""0508"", ""bank_holiday_id"" : 52643}, {""id"" : 0, ""date"" : ""0530"", ""bank_holiday_id"" : 52643}, {""id"" : 0, ""date"" : ""0610"", ""bank_holiday_id"" : 52643}, {""id"" : 0, ""date"" : ""0714"", ""bank_holiday_id"" : 52643}, {""id"" : 0, ""date"" : ""0815"", ""bank_holiday_id"" : 52643}, {""id"" : 0, ""date"" : ""1031"", ""bank_holiday_id"" : 52643}, {""id"" : 0, ""date"" : ""1110"", ""bank_holiday_id"" : 52643}, {""id"" : 0, ""date"" : ""1224"", ""bank_holiday_id"" : 52643}]}"
10005013,52647,"{""bhl"" : {""id"" : 52647, ""name"" : ""MMA_MONTPA_iCPa"", ""vpn_id"" : 10005013}, ""dates"" : [{""id"" : 0, ""date"" : ""0101"", ""bank_holiday_id"" : 52647}, {""id"" : 0, ""date"" : ""0422"", ""bank_holiday_id"" : 52647}, {""id"" : 0, ""date"" : ""0501"", ""bank_holiday_id"" : 52647}, {""id"" : 0, ""date"" : ""0508"", ""bank_holiday_id"" : 52647}, {""id"" : 0, ""date"" : ""0530"", ""bank_holiday_id"" : 52647}, {""id"" : 0, ""date"" : ""0610"", ""bank_holiday_id"" : 52647}, {""id"" : 0, ""date"" : ""0714"", ""bank_holiday_id"" : 52647}, {""id"" : 0, ""date"" : ""0815"", ""bank_holiday_id"" : 52647}, {""id"" : 0, ""date"" : ""1031"", ""bank_holiday_id"" : 52647}, {""id"" : 0, ""date"" : ""1110"", ""bank_holiday_id"" : 52647}, {""id"" : 0, ""date"" : ""1224"", ""bank_holiday_id"" : 52647}]}"
10005072,52987,"{""bhl"" : {""id"" : 52987, ""name"" : ""MSC_LE_HAV_AGc3"", ""vpn_id"" : 10005072}, ""dates"" : [{""id"" : 0, ""date"" : ""0101"", ""bank_holiday_id"" : 52987}, {""id"" : 0, ""date"" : ""0422"", ""bank_holiday_id"" : 52987}, {""id"" : 0, ""date"" : ""0501"", ""bank_holiday_id"" : 52987}, {""id"" : 0, ""date"" : ""0508"", ""bank_holiday_id"" : 52987}, {""id"" : 0, ""date"" : ""0530"", ""bank_holiday_id"" : 52987}, {""id"" : 0, ""date"" : ""0610"", ""bank_holiday_id"" : 52987}, {""id"" : 0, ""date"" : ""0714"", ""bank_holiday_id"" : 52987}, {""id"" : 0, ""date"" : ""0815"", ""bank_holiday_id"" : 52987}, {""id"" : 0, ""date"" : ""1101"", ""bank_holiday_id"" : 52987}, {""id"" : 0, ""date"" : ""1111"", ""bank_holiday_id"" : 52987}, {""id"" : 0, ""date"" : ""1224"", ""bank_holiday_id"" : 52987}]}"
10005072,52988,"{""bhl"" : {""id"" : 52988, ""name"" : ""NOMADE_FER_hVxf"", ""vpn_id"" : 10005072}, ""dates"" : [{""id"" : 0, ""date"" : ""0101"", ""bank_holiday_id"" : 52988}, {""id"" : 0, ""date"" : ""0422"", ""bank_holiday_id"" : 52988}, {""id"" : 0, ""date"" : ""0501"", ""bank_holiday_id"" : 52988}, {""id"" : 0, ""date"" : ""0508"", ""bank_holiday_id"" : 52988}, {""id"" : 0, ""date"" : ""0530"", ""bank_holiday_id"" : 52988}, {""id"" : 0, ""date"" : ""0610"", ""bank_holiday_id"" : 52988}, {""id"" : 0, ""date"" : ""0714"", ""bank_holiday_id"" : 52988}, {""id"" : 0, ""date"" : ""0815"", ""bank_holiday_id"" : 52988}, {""id"" : 0, ""date"" : ""1101"", ""bank_holiday_id"" : 52988}, {""id"" : 0, ""date"" : ""1111"", ""bank_holiday_id"" : 52988}, {""id"" : 0, ""date"" : ""1224"", ""bank_holiday_id"" : 52988}]}"
10005039,52680,"{""bhl"" : {""id"" : 52680, ""name"" : ""AGENCE_DE__4dXP"", ""vpn_id"" : 10005039}, ""dates"" : [{""id"" : 0, ""date"" : ""0101"", ""bank_holiday_id"" : 52680}, {""id"" : 0, ""date"" : ""0422"", ""bank_holiday_id"" : 52680}, {""id"" : 0, ""date"" : ""0501"", ""bank_holiday_id"" : 52680}, {""id"" : 0, ""date"" : ""0508"", ""bank_holiday_id"" : 52680}, {""id"" : 0, ""date"" : ""0530"", ""bank_holiday_id"" : 52680}, {""id"" : 0, ""date"" : ""0610"", ""bank_holiday_id"" : 52680}, {""id"" : 0, ""date"" : ""0714"", ""bank_holiday_id"" : 52680}, {""id"" : 0, ""date"" : ""0815"", ""bank_holiday_id"" : 52680}, {""id"" : 0, ""date"" : ""1101"", ""bank_holiday_id"" : 52680}, {""id"" : 0, ""date"" : ""1111"", ""bank_holiday_id"" : 52680}, {""id"" : 0, ""date"" : ""1224"", ""bank_holiday_id"" : 52680}]}"
10005039,52685,"{""bhl"" : {""id"" : 52685, ""name"" : ""AGENCE_SAU_NDDZ"", ""vpn_id"" : 10005039}, ""dates"" : [{""id"" : 0, ""date"" : ""0402"", ""bank_holiday_id"" : 52685}]}"
10000001,52946,"{""bhl"" : {""id"" : 52946, ""name"" : ""LA_MOTHE_A_iYjb"", ""vpn_id"" : 10000001}, ""dates"" : []}"
10002953,52961,"{""bhl"" : {""id"" : 52961, ""name"" : ""CERP_RODEZ_VWdj"", ""vpn_id"" : 10002953}, ""dates"" : [{""id"" : 0, ""date"" : ""0101"", ""bank_holiday_id"" : 52961}, {""id"" : 0, ""date"" : ""0422"", ""bank_holiday_id"" : 52961}, {""id"" : 0, ""date"" : ""0501"", ""bank_holiday_id"" : 52961}, {""id"" : 0, ""date"" : ""0508"", ""bank_holiday_id"" : 52961}, {""id"" : 0, ""date"" : ""0530"", ""bank_holiday_id"" : 52961}, {""id"" : 0, ""date"" : ""0610"", ""bank_holiday_id"" : 52961}, {""id"" : 0, ""date"" : ""0714"", ""bank_holiday_id"" : 52961}, {""id"" : 0, ""date"" : ""0815"", ""bank_holiday_id"" : 52961}, {""id"" : 0, ""date"" : ""1101"", ""bank_holiday_id"" : 52961}, {""id"" : 0, ""date"" : ""1110"", ""bank_holiday_id"" : 52961}, {""id"" : 0, ""date"" : ""1224"", ""bank_holiday_id"" : 52961}]}"
10002953,52962,"{""bhl"" : {""id"" : 52962, ""name"" : ""BTIP_RODEZ_t82T"", ""vpn_id"" : 10002953}, ""dates"" : [{""id"" : 0, ""date"" : ""0101"", ""bank_holiday_id"" : 52962}, {""id"" : 0, ""date"" : ""0422"", ""bank_holiday_id"" : 52962}, {""id"" : 0, ""date"" : ""0501"", ""bank_holiday_id"" : 52962}, {""id"" : 0, ""date"" : ""0508"", ""bank_holiday_id"" : 52962}, {""id"" : 0, ""date"" : ""0530"", ""bank_holiday_id"" : 52962}, {""id"" : 0, ""date"" : ""0610"", ""bank_holiday_id"" : 52962}, {""id"" : 0, ""date"" : ""0714"", ""bank_holiday_id"" : 52962}, {""id"" : 0, ""date"" : ""0815"", ""bank_holiday_id"" : 52962}, {""id"" : 0, ""date"" : ""1101"", ""bank_holiday_id"" : 52962}, {""id"" : 0, ""date"" : ""1110"", ""bank_holiday_id"" : 52962}, {""id"" : 0, ""date"" : ""1224"", ""bank_holiday_id"" : 52962}]}"
10005070,52963,"{""bhl"" : {""id"" : 52963, ""name"" : ""CALENDAR_6DAE17"", ""vpn_id"" : 10005070}, ""dates"" : [{""id"" : 0, ""date"" : ""0101"", ""bank_holiday_id"" : 52963}, {""id"" : 0, ""date"" : ""0406"", ""bank_holiday_id"" : 52963}, {""id"" : 0, ""date"" : ""0501"", ""bank_holiday_id"" : 52963}, {""id"" : 0, ""date"" : ""0508"", ""bank_holiday_id"" : 52963}, {""id"" : 0, ""date"" : ""0514"", ""bank_holiday_id"" : 52963}, {""id"" : 0, ""date"" : ""0525"", ""bank_holiday_id"" : 52963}, {""id"" : 0, ""date"" : ""0714"", ""bank_holiday_id"" : 52963}, {""id"" : 0, ""date"" : ""0815"", ""bank_holiday_id"" : 52963}, {""id"" : 0, ""date"" : ""1101"", ""bank_holiday_id"" : 52963}, {""id"" : 0, ""date"" : ""1111"", ""bank_holiday_id"" : 52963}, {""id"" : 0, ""date"" : ""1225"", ""bank_holiday_id"" : 52963}]}"
10005033,52981,"{""bhl"" : {""id"" : 52981, ""name"" : ""MUTUAIDE_A_fZ1w"", ""vpn_id"" : 10005033}, ""dates"" : [{""id"" : 0, ""date"" : ""0101"", ""bank_holiday_id"" : 52981}, {""id"" : 0, ""date"" : ""0422"", ""bank_holiday_id"" : 52981}, {""id"" : 0, ""date"" : ""0501"", ""bank_holiday_id"" : 52981}, {""id"" : 0, ""date"" : ""0508"", ""bank_holiday_id"" : 52981}, {""id"" : 0, ""date"" : ""0530"", ""bank_holiday_id"" : 52981}, {""id"" : 0, ""date"" : ""0610"", ""bank_holiday_id"" : 52981}, {""id"" : 0, ""date"" : ""0714"", ""bank_holiday_id"" : 52981}, {""id"" : 0, ""date"" : ""0815"", ""bank_holiday_id"" : 52981}, {""id"" : 0, ""date"" : ""1101"", ""bank_holiday_id"" : 52981}, {""id"" : 0, ""date"" : ""1111"", ""bank_holiday_id"" : 52981}, {""id"" : 0, ""date"" : ""1225"", ""bank_holiday_id"" : 52981}]}"
