id,vpn_code,data
69053,3552,"{""id"" : 69053, ""name"" : ""3552_SCL_11224"", ""global_call_limiter"" : 5, ""outgoing_call_limiter"" : null, ""incoming_call_limiter"" : null, ""vpn_id"" : ""3552"", ""resource_type"" : ""SAN""}"
69054,3552,"{""id"" : 69054, ""name"" : ""3552_SCL_11225"", ""global_call_limiter"" : 5, ""outgoing_call_limiter"" : null, ""incoming_call_limiter"" : null, ""vpn_id"" : ""3552"", ""resource_type"" : ""SAN""}"
69055,3552,"{""id"" : 69055, ""name"" : ""3552_SCL_11226"", ""global_call_limiter"" : 6, ""outgoing_call_limiter"" : null, ""incoming_call_limiter"" : null, ""vpn_id"" : ""3552"", ""resource_type"" : ""SAN""}"
69050,3552,"{""id"" : 69050, ""name"" : ""3552_SCL_11220"", ""global_call_limiter"" : 5, ""outgoing_call_limiter"" : null, ""incoming_call_limiter"" : null, ""vpn_id"" : ""3552"", ""resource_type"" : ""SAN""}"
69051,3552,"{""id"" : 69051, ""name"" : ""3552_SCL_11221"", ""global_call_limiter"" : 7, ""outgoing_call_limiter"" : null, ""incoming_call_limiter"" : null, ""vpn_id"" : ""3552"", ""resource_type"" : ""SAN""}"
69052,3552,"{""id"" : 69052, ""name"" : ""3552_SCL_11222"", ""global_call_limiter"" : 10, ""outgoing_call_limiter"" : null, ""incoming_call_limiter"" : null, ""vpn_id"" : ""3552"", ""resource_type"" : ""SAN""}"
1621,3142,"{""id"" : 1621, ""name"" : ""TFE_Brunei"", ""global_call_limiter"" : 6, ""outgoing_call_limiter"" : 6, ""incoming_call_limiter"" : 6, ""vpn_id"" : ""3142"", ""resource_type"" : ""SITE""}"
1911,3453,"{""id"" : 1911, ""name"" : ""Alcatel_SRF"", ""global_call_limiter"" : 72, ""outgoing_call_limiter"" : 72, ""incoming_call_limiter"" : 72, ""vpn_id"" : ""3453"", ""resource_type"" : ""SITE""}"
2326,3938,"{""id"" : 2326, ""name"" : ""Distri_Cash_SCL_1"", ""global_call_limiter"" : 60, ""outgoing_call_limiter"" : 60, ""incoming_call_limiter"" : 60, ""vpn_id"" : ""3938"", ""resource_type"" : ""SITE""}"
427360,10002272,"{""id"" : 427360, ""name"" : ""CD05VC6297"", ""global_call_limiter"" : 2000, ""outgoing_call_limiter"" : 2000, ""incoming_call_limiter"" : 2000, ""vpn_id"" : ""10002272"", ""resource_type"" : ""SITE""}"
427153,10004522,"{""id"" : 427153, ""name"" : ""CD0MMF5P8B"", ""global_call_limiter"" : 2, ""outgoing_call_limiter"" : 2, ""incoming_call_limiter"" : 2, ""vpn_id"" : ""10004522"", ""resource_type"" : ""SITE""}"
18075,5133,"{""id"" : 18075, ""name"" : ""CLINIQUE_5133_scl_1"", ""global_call_limiter"" : 19, ""outgoing_call_limiter"" : 19, ""incoming_call_limiter"" : 19, ""vpn_id"" : ""5133"", ""resource_type"" : ""SITE""}"
429042,10002804,"{""id"" : 429042, ""name"" : ""CD0NGNSA95"", ""global_call_limiter"" : 15, ""outgoing_call_limiter"" : 15, ""incoming_call_limiter"" : 15, ""vpn_id"" : ""10002804"", ""resource_type"" : ""SITE""}"
415371,10003651,"{""id"" : 415371, ""name"" : ""CD0LAHF7DC"", ""global_call_limiter"" : 600, ""outgoing_call_limiter"" : 600, ""incoming_call_limiter"" : 600, ""vpn_id"" : ""10003651"", ""resource_type"" : ""SITE""}"
426864,10002129,"{""id"" : 426864, ""name"" : ""CD05LA7AE8"", ""global_call_limiter"" : 2000, ""outgoing_call_limiter"" : 2000, ""incoming_call_limiter"" : 2000, ""vpn_id"" : ""10002129"", ""resource_type"" : ""SITE""}"
3143,3397,"{""id"" : 3143, ""name"" : ""UAPL_SLC_1"", ""global_call_limiter"" : 39, ""outgoing_call_limiter"" : 39, ""incoming_call_limiter"" : 39, ""vpn_id"" : ""3397"", ""resource_type"" : ""SITE""}"
426989,10009113,"{""id"" : 426989, ""name"" : ""CD0MX651CA"", ""global_call_limiter"" : 130, ""outgoing_call_limiter"" : 130, ""incoming_call_limiter"" : 130, ""vpn_id"" : ""10009113"", ""resource_type"" : ""SITE""}"
427359,10002272,"{""id"" : 427359, ""name"" : ""CD05VCD590"", ""global_call_limiter"" : 2000, ""outgoing_call_limiter"" : 2000, ""incoming_call_limiter"" : 2000, ""vpn_id"" : ""10002272"", ""resource_type"" : ""SITE""}"
422228,4067,"{""id"" : 422228, ""name"" : ""CD0DQ4DZ1A"", ""global_call_limiter"" : 5, ""outgoing_call_limiter"" : 5, ""incoming_call_limiter"" : 5, ""vpn_id"" : ""4067"", ""resource_type"" : ""SITE""}"
4074,3369,"{""id"" : 4074, ""name"" : ""MAS_SLC3"", ""global_call_limiter"" : 8, ""outgoing_call_limiter"" : 8, ""incoming_call_limiter"" : 8, ""vpn_id"" : ""3369"", ""resource_type"" : ""SITE""}"
4075,3369,"{""id"" : 4075, ""name"" : ""MAS_SLC4"", ""global_call_limiter"" : 8, ""outgoing_call_limiter"" : 8, ""incoming_call_limiter"" : 8, ""vpn_id"" : ""3369"", ""resource_type"" : ""SITE""}"
73929,3512,"{""id"" : 73929, ""name"" : ""3512_SCL_11311"", ""global_call_limiter"" : 6, ""outgoing_call_limiter"" : null, ""incoming_call_limiter"" : null, ""vpn_id"" : ""3512"", ""resource_type"" : ""SAN""}"
73930,3512,"{""id"" : 73930, ""name"" : ""3512_SCL_11312"", ""global_call_limiter"" : 9, ""outgoing_call_limiter"" : null, ""incoming_call_limiter"" : null, ""vpn_id"" : ""3512"", ""resource_type"" : ""SAN""}"
73931,3512,"{""id"" : 73931, ""name"" : ""3512_SCL_11314"", ""global_call_limiter"" : 21, ""outgoing_call_limiter"" : null, ""incoming_call_limiter"" : null, ""vpn_id"" : ""3512"", ""resource_type"" : ""SAN""}"
3472,3880,"{""id"" : 3472, ""name"" : ""Audatex_System_SLC_1"", ""global_call_limiter"" : 36, ""outgoing_call_limiter"" : 36, ""incoming_call_limiter"" : 36, ""vpn_id"" : ""3880"", ""resource_type"" : ""SITE""}"
3473,3880,"{""id"" : 3473, ""name"" : ""Audatex_System_SLC_2"", ""global_call_limiter"" : 20, ""outgoing_call_limiter"" : 10, ""incoming_call_limiter"" : 10, ""vpn_id"" : ""3880"", ""resource_type"" : ""SITE""}"
419595,10000288,"{""id"" : 419595, ""name"" : ""CD02U7Z1C3"", ""global_call_limiter"" : 143, ""outgoing_call_limiter"" : 143, ""incoming_call_limiter"" : 143, ""vpn_id"" : ""10000288"", ""resource_type"" : ""SITE""}"
418066,3756,"{""id"" : 418066, ""name"" : ""CD00EZJQE6"", ""global_call_limiter"" : 40, ""outgoing_call_limiter"" : 40, ""incoming_call_limiter"" : 40, ""vpn_id"" : ""3756"", ""resource_type"" : ""SITE""}"
418069,10007191,"{""id"" : 418069, ""name"" : ""CD0LB27VA2"", ""global_call_limiter"" : 30, ""outgoing_call_limiter"" : 30, ""incoming_call_limiter"" : 30, ""vpn_id"" : ""10007191"", ""resource_type"" : ""SITE""}"
4892,3944,"{""id"" : 4892, ""name"" : ""CD00H2YV91"", ""global_call_limiter"" : 40, ""outgoing_call_limiter"" : 40, ""incoming_call_limiter"" : 40, ""vpn_id"" : ""3944"", ""resource_type"" : ""SITE""}"
4893,3393,"{""id"" : 4893, ""name"" : ""AASTRA-MATRA_SLC_1"", ""global_call_limiter"" : 50, ""outgoing_call_limiter"" : 50, ""incoming_call_limiter"" : 50, ""vpn_id"" : ""3393"", ""resource_type"" : ""SITE""}"
4894,3899,"{""id"" : 4894, ""name"" : ""MUTUELLE_SLC_1"", ""global_call_limiter"" : 11, ""outgoing_call_limiter"" : 11, ""incoming_call_limiter"" : 11, ""vpn_id"" : ""3899"", ""resource_type"" : ""SITE""}"
4896,3367,"{""id"" : 4896, ""name"" : ""Dijon_Cereales_SLC_1"", ""global_call_limiter"" : 40, ""outgoing_call_limiter"" : 40, ""incoming_call_limiter"" : 40, ""vpn_id"" : ""3367"", ""resource_type"" : ""SITE""}"
4897,3459,"{""id"" : 4897, ""name"" : ""Trans_Caillot_SLC_1"", ""global_call_limiter"" : 35, ""outgoing_call_limiter"" : 35, ""incoming_call_limiter"" : 35, ""vpn_id"" : ""3459"", ""resource_type"" : ""SITE""}"
4898,3436,"{""id"" : 4898, ""name"" : ""Austrian_MOFA_SLC_1"", ""global_call_limiter"" : 50, ""outgoing_call_limiter"" : 50, ""incoming_call_limiter"" : 50, ""vpn_id"" : ""3436"", ""resource_type"" : ""SITE""}"
4899,3765,"{""id"" : 4899, ""name"" : ""BODET_SA_SLC_1"", ""global_call_limiter"" : 15, ""outgoing_call_limiter"" : 15, ""incoming_call_limiter"" : 15, ""vpn_id"" : ""3765"", ""resource_type"" : ""SITE""}"
418184,10003111,"{""id"" : 418184, ""name"" : ""CD0LN7QFAC"", ""global_call_limiter"" : 40, ""outgoing_call_limiter"" : 40, ""incoming_call_limiter"" : 40, ""vpn_id"" : ""10003111"", ""resource_type"" : ""SITE""}"
422027,10005178,"{""id"" : 422027, ""name"" : ""CD0MDU6RE0"", ""global_call_limiter"" : 10, ""outgoing_call_limiter"" : 10, ""incoming_call_limiter"" : 10, ""vpn_id"" : ""10005178"", ""resource_type"" : ""SITE""}"
426843,3994,"{""id"" : 426843, ""name"" : ""Lisa scl"", ""global_call_limiter"" : 6, ""outgoing_call_limiter"" : null, ""incoming_call_limiter"" : null, ""vpn_id"" : ""3994"", ""resource_type"" : ""SAN""}"
426862,10002277,"{""id"" : 426862, ""name"" : ""CD05VC8EE0"", ""global_call_limiter"" : 2000, ""outgoing_call_limiter"" : 2000, ""incoming_call_limiter"" : 2000, ""vpn_id"" : ""10002277"", ""resource_type"" : ""SITE""}"
427060,10002231,"{""id"" : 427060, ""name"" : ""CD05U6SCDB"", ""global_call_limiter"" : 2000, ""outgoing_call_limiter"" : 2000, ""incoming_call_limiter"" : 2000, ""vpn_id"" : ""10002231"", ""resource_type"" : ""SITE""}"
48453,3616,"{""id"" : 48453, ""name"" : ""3616_SCL_11120"", ""global_call_limiter"" : 20, ""outgoing_call_limiter"" : null, ""incoming_call_limiter"" : null, ""vpn_id"" : ""3616"", ""resource_type"" : ""SAN""}"
5805,3782,"{""id"" : 5805, ""name"" : ""ALLIOS_SCL_6"", ""global_call_limiter"" : 6, ""outgoing_call_limiter"" : 6, ""incoming_call_limiter"" : 6, ""vpn_id"" : ""3782"", ""resource_type"" : ""SITE""}"
426858,10002278,"{""id"" : 426858, ""name"" : ""CD05VC5792"", ""global_call_limiter"" : 2000, ""outgoing_call_limiter"" : 2000, ""incoming_call_limiter"" : 2000, ""vpn_id"" : ""10002278"", ""resource_type"" : ""SITE""}"
426992,10008764,"{""id"" : 426992, ""name"" : ""CD0N2BCHB2"", ""global_call_limiter"" : 15, ""outgoing_call_limiter"" : 15, ""incoming_call_limiter"" : 15, ""vpn_id"" : ""10008764"", ""resource_type"" : ""SITE""}"
427202,10008137,"{""id"" : 427202, ""name"" : ""CD0LXAYB9C"", ""global_call_limiter"" : 110, ""outgoing_call_limiter"" : 110, ""incoming_call_limiter"" : 110, ""vpn_id"" : ""10008137"", ""resource_type"" : ""SITE""}"
424001,10004055,"{""id"" : 424001, ""name"" : ""CD09PL9W20"", ""global_call_limiter"" : 130, ""outgoing_call_limiter"" : 130, ""incoming_call_limiter"" : 130, ""vpn_id"" : ""10004055"", ""resource_type"" : ""SITE""}"
49922,3673,"{""id"" : 49922, ""name"" : ""SIP_APJ_HUB"", ""global_call_limiter"" : 2000, ""outgoing_call_limiter"" : 2000, ""incoming_call_limiter"" : 2000, ""vpn_id"" : ""3673"", ""resource_type"" : ""SITE""}"
7464,3152,"{""id"" : 7464, ""name"" : ""Belcorp_Colombia"", ""global_call_limiter"" : 4, ""outgoing_call_limiter"" : 4, ""incoming_call_limiter"" : 4, ""vpn_id"" : ""3152"", ""resource_type"" : ""SITE""}"
426426,10007283,"{""id"" : 426426, ""name"" : ""CD0MXZSVC5"", ""global_call_limiter"" : 3, ""outgoing_call_limiter"" : 3, ""incoming_call_limiter"" : 3, ""vpn_id"" : ""10007283"", ""resource_type"" : ""SITE""}"
426543,10008054,"{""id"" : 426543, ""name"" : ""CD0MCGBJ97"", ""global_call_limiter"" : 60, ""outgoing_call_limiter"" : 60, ""incoming_call_limiter"" : 60, ""vpn_id"" : ""10008054"", ""resource_type"" : ""SITE""}"
426310,4334,"{""id"" : 426310, ""name"" : ""TESTGAR"", ""global_call_limiter"" : 2, ""outgoing_call_limiter"" : null, ""incoming_call_limiter"" : null, ""vpn_id"" : ""4334"", ""resource_type"" : ""SAN""}"
426414,10005366,"{""id"" : 426414, ""name"" : ""CD0N23LG9B"", ""global_call_limiter"" : 10, ""outgoing_call_limiter"" : 10, ""incoming_call_limiter"" : 10, ""vpn_id"" : ""10005366"", ""resource_type"" : ""SITE""}"
426598,10002268,"{""id"" : 426598, ""name"" : ""CD05V88VE9"", ""global_call_limiter"" : 2000, ""outgoing_call_limiter"" : 2000, ""incoming_call_limiter"" : 2000, ""vpn_id"" : ""10002268"", ""resource_type"" : ""SITE""}"
6203,3683,"{""id"" : 6203, ""name"" : ""Stefanini_IP_PBUH109"", ""global_call_limiter"" : 50, ""outgoing_call_limiter"" : 50, ""incoming_call_limiter"" : 50, ""vpn_id"" : ""3683"", ""resource_type"" : ""SITE""}"
6204,3683,"{""id"" : 6204, ""name"" : ""Stefanini_IP_pbru224"", ""global_call_limiter"" : 45, ""outgoing_call_limiter"" : 45, ""incoming_call_limiter"" : 45, ""vpn_id"" : ""3683"", ""resource_type"" : ""SITE""}"
5698,3898,"{""id"" : 5698, ""name"" : ""ALEXANDER_B_SCL_1"", ""global_call_limiter"" : 71, ""outgoing_call_limiter"" : 71, ""incoming_call_limiter"" : 71, ""vpn_id"" : ""3898"", ""resource_type"" : ""SITE""}"
5712,4031,"{""id"" : 5712, ""name"" : ""AtlantiCA_SCL_1"", ""global_call_limiter"" : 0, ""outgoing_call_limiter"" : 0, ""incoming_call_limiter"" : 0, ""vpn_id"" : ""4031"", ""resource_type"" : ""SITE""}"
5766,3412,"{""id"" : 5766, ""name"" : ""JAURES_SCL_1"", ""global_call_limiter"" : 10, ""outgoing_call_limiter"" : 10, ""incoming_call_limiter"" : 10, ""vpn_id"" : ""3412"", ""resource_type"" : ""SITE""}"
5371,3782,"{""id"" : 5371, ""name"" : ""ALLIOS_SCL_1"", ""global_call_limiter"" : 15, ""outgoing_call_limiter"" : 15, ""incoming_call_limiter"" : 15, ""vpn_id"" : ""3782"", ""resource_type"" : ""SITE""}"
5372,3782,"{""id"" : 5372, ""name"" : ""ALLIOS_SCL_2"", ""global_call_limiter"" : 4, ""outgoing_call_limiter"" : 4, ""incoming_call_limiter"" : 4, ""vpn_id"" : ""3782"", ""resource_type"" : ""SITE""}"
5373,3782,"{""id"" : 5373, ""name"" : ""ALLIOS_SCL_3"", ""global_call_limiter"" : 3, ""outgoing_call_limiter"" : 3, ""incoming_call_limiter"" : 3, ""vpn_id"" : ""3782"", ""resource_type"" : ""SITE""}"
5374,3782,"{""id"" : 5374, ""name"" : ""ALLIOS_SCL_4"", ""global_call_limiter"" : 2, ""outgoing_call_limiter"" : 2, ""incoming_call_limiter"" : 2, ""vpn_id"" : ""3782"", ""resource_type"" : ""SITE""}"
426422,10004997,"{""id"" : 426422, ""name"" : ""CD0MY93L96"", ""global_call_limiter"" : 5, ""outgoing_call_limiter"" : 5, ""incoming_call_limiter"" : 5, ""vpn_id"" : ""10004997"", ""resource_type"" : ""SITE""}"
426601,10000983,"{""id"" : 426601, ""name"" : ""CD05VQJQ98"", ""global_call_limiter"" : 2000, ""outgoing_call_limiter"" : 2000, ""incoming_call_limiter"" : 2000, ""vpn_id"" : ""10000983"", ""resource_type"" : ""SITE""}"
427350,10001038,"{""id"" : 427350, ""name"" : ""CD04NNRSCC"", ""global_call_limiter"" : 2000, ""outgoing_call_limiter"" : 2000, ""incoming_call_limiter"" : 2000, ""vpn_id"" : ""10001038"", ""resource_type"" : ""SITE""}"
392695,5827,"{""id"" : 392695, ""name"" : ""H56V192VANNESRESTAUR"", ""global_call_limiter"" : 3, ""outgoing_call_limiter"" : 3, ""incoming_call_limiter"" : 3, ""vpn_id"" : ""5827"", ""resource_type"" : ""SITE""}"
49910,3673,"{""id"" : 49910, ""name"" : ""SIP_Rhodes"", ""global_call_limiter"" : 300, ""outgoing_call_limiter"" : null, ""incoming_call_limiter"" : null, ""vpn_id"" : ""3673"", ""resource_type"" : ""EQUIPMENT""}"
49912,3673,"{""id"" : 49912, ""name"" : ""SIP_Singapore"", ""global_call_limiter"" : 300, ""outgoing_call_limiter"" : null, ""incoming_call_limiter"" : null, ""vpn_id"" : ""3673"", ""resource_type"" : ""EQUIPMENT""}"
70731,3547,"{""id"" : 70731, ""name"" : ""3547_SCL_11106"", ""global_call_limiter"" : 15, ""outgoing_call_limiter"" : null, ""incoming_call_limiter"" : null, ""vpn_id"" : ""3547"", ""resource_type"" : ""SAN""}"
6302,3168,"{""id"" : 6302, ""name"" : ""Fairhchild Semicondu"", ""global_call_limiter"" : 10, ""outgoing_call_limiter"" : 10, ""incoming_call_limiter"" : 10, ""vpn_id"" : ""3168"", ""resource_type"" : ""SITE""}"
6324,4005,"{""id"" : 6324, ""name"" : ""OCEA_SCL_1"", ""global_call_limiter"" : 20, ""outgoing_call_limiter"" : 20, ""incoming_call_limiter"" : 20, ""vpn_id"" : ""4005"", ""resource_type"" : ""SITE""}"
6028,3412,"{""id"" : 6028, ""name"" : ""JAURES_SCL_2"", ""global_call_limiter"" : 8, ""outgoing_call_limiter"" : 8, ""incoming_call_limiter"" : 8, ""vpn_id"" : ""3412"", ""resource_type"" : ""SITE""}"
423738,4068,"{""id"" : 423738, ""name"" : ""CD00RNUA8E"", ""global_call_limiter"" : 1200, ""outgoing_call_limiter"" : 1200, ""incoming_call_limiter"" : 1200, ""vpn_id"" : ""4068"", ""resource_type"" : ""SITE""}"
423954,10007730,"{""id"" : 423954, ""name"" : ""CD0ML7RFB8"", ""global_call_limiter"" : 200, ""outgoing_call_limiter"" : 200, ""incoming_call_limiter"" : 200, ""vpn_id"" : ""10007730"", ""resource_type"" : ""SITE""}"
390622,10002786,"{""id"" : 390622, ""name"" : ""CD0HHM3QF7"", ""global_call_limiter"" : 70, ""outgoing_call_limiter"" : 70, ""incoming_call_limiter"" : 70, ""vpn_id"" : ""10002786"", ""resource_type"" : ""SITE""}"
8227,3371,"{""id"" : 8227, ""name"" : ""Argos-SCL_1"", ""global_call_limiter"" : 37, ""outgoing_call_limiter"" : 37, ""incoming_call_limiter"" : 37, ""vpn_id"" : ""3371"", ""resource_type"" : ""SITE""}"
412771,10018812,"{""id"" : 412771, ""name"" : ""CD0KCP99EE"", ""global_call_limiter"" : 8, ""outgoing_call_limiter"" : 8, ""incoming_call_limiter"" : 8, ""vpn_id"" : ""10018812"", ""resource_type"" : ""SITE""}"
412482,10007597,"{""id"" : 412482, ""name"" : ""CD0KMHFZDE"", ""global_call_limiter"" : 12, ""outgoing_call_limiter"" : 12, ""incoming_call_limiter"" : 12, ""vpn_id"" : ""10007597"", ""resource_type"" : ""SITE""}"
412563,10000552,"{""id"" : 412563, ""name"" : ""CD03HKBBAC"", ""global_call_limiter"" : 90, ""outgoing_call_limiter"" : null, ""incoming_call_limiter"" : null, ""vpn_id"" : ""10000552"", ""resource_type"" : ""EQUIPMENT""}"
412544,10001108,"{""id"" : 412544, ""name"" : ""CD0KSAWBF0"", ""global_call_limiter"" : 300, ""outgoing_call_limiter"" : 300, ""incoming_call_limiter"" : 300, ""vpn_id"" : ""10001108"", ""resource_type"" : ""SITE""}"
376928,10014793,"{""id"" : 376928, ""name"" : ""CD0FMKJ851"", ""global_call_limiter"" : 700, ""outgoing_call_limiter"" : 700, ""incoming_call_limiter"" : 700, ""vpn_id"" : ""10014793"", ""resource_type"" : ""SITE""}"
409741,10018544,"{""id"" : 409741, ""name"" : ""CD0KBCWCFE"", ""global_call_limiter"" : 60, ""outgoing_call_limiter"" : 60, ""incoming_call_limiter"" : 60, ""vpn_id"" : ""10018544"", ""resource_type"" : ""SITE""}"
7399,3891,"{""id"" : 7399, ""name"" : ""COFRISET-SCL-1"", ""global_call_limiter"" : 15, ""outgoing_call_limiter"" : 15, ""incoming_call_limiter"" : 15, ""vpn_id"" : ""3891"", ""resource_type"" : ""SITE""}"
73932,3512,"{""id"" : 73932, ""name"" : ""3512_SCL_11315"", ""global_call_limiter"" : 1, ""outgoing_call_limiter"" : null, ""incoming_call_limiter"" : null, ""vpn_id"" : ""3512"", ""resource_type"" : ""SAN""}"
73933,3512,"{""id"" : 73933, ""name"" : ""3512_SCL_11316"", ""global_call_limiter"" : 4, ""outgoing_call_limiter"" : null, ""incoming_call_limiter"" : null, ""vpn_id"" : ""3512"", ""resource_type"" : ""SAN""}"
408512,10018446,"{""id"" : 408512, ""name"" : ""CD0JZFUJFE"", ""global_call_limiter"" : 15, ""outgoing_call_limiter"" : 15, ""incoming_call_limiter"" : 15, ""vpn_id"" : ""10018446"", ""resource_type"" : ""SITE""}"
429969,10003950,"{""id"" : 429969, ""name"" : ""CD0NKX6XFB"", ""global_call_limiter"" : 2, ""outgoing_call_limiter"" : 2, ""incoming_call_limiter"" : 2, ""vpn_id"" : ""10003950"", ""resource_type"" : ""SITE""}"
69046,3552,"{""id"" : 69046, ""name"" : ""3552_SCL_11215"", ""global_call_limiter"" : 5, ""outgoing_call_limiter"" : null, ""incoming_call_limiter"" : null, ""vpn_id"" : ""3552"", ""resource_type"" : ""SAN""}"
69047,3552,"{""id"" : 69047, ""name"" : ""3552_SCL_11216"", ""global_call_limiter"" : 5, ""outgoing_call_limiter"" : null, ""incoming_call_limiter"" : null, ""vpn_id"" : ""3552"", ""resource_type"" : ""SAN""}"
69048,3552,"{""id"" : 69048, ""name"" : ""3552_SCL_11218"", ""global_call_limiter"" : 6, ""outgoing_call_limiter"" : null, ""incoming_call_limiter"" : null, ""vpn_id"" : ""3552"", ""resource_type"" : ""SAN""}"
69049,3552,"{""id"" : 69049, ""name"" : ""3552_SCL_11219"", ""global_call_limiter"" : 5, ""outgoing_call_limiter"" : null, ""incoming_call_limiter"" : null, ""vpn_id"" : ""3552"", ""resource_type"" : ""SAN""}"
418377,10005437,"{""id"" : 418377, ""name"" : ""CD0LSD05F6"", ""global_call_limiter"" : 30, ""outgoing_call_limiter"" : 30, ""incoming_call_limiter"" : 30, ""vpn_id"" : ""10005437"", ""resource_type"" : ""SITE""}"
8539,3166,"{""id"" : 8539, ""name"" : ""Chevron_IPT_SCL_PLON"", ""global_call_limiter"" : 180, ""outgoing_call_limiter"" : 180, ""incoming_call_limiter"" : 180, ""vpn_id"" : ""3166"", ""resource_type"" : ""SITE""}"
411027,10018698,"{""id"" : 411027, ""name"" : ""CD0KEQ7G95"", ""global_call_limiter"" : 120, ""outgoing_call_limiter"" : 120, ""incoming_call_limiter"" : 120, ""vpn_id"" : ""10018698"", ""resource_type"" : ""SITE""}"
424515,10004440,"{""id"" : 424515, ""name"" : ""CD0M7LL8D9"", ""global_call_limiter"" : 4, ""outgoing_call_limiter"" : 4, ""incoming_call_limiter"" : 4, ""vpn_id"" : ""10004440"", ""resource_type"" : ""SITE""}"
428277,10016488,"{""id"" : 428277, ""name"" : ""CD0NBR92AD"", ""global_call_limiter"" : 100, ""outgoing_call_limiter"" : 100, ""incoming_call_limiter"" : 100, ""vpn_id"" : ""10016488"", ""resource_type"" : ""SITE""}"
9283,3369,"{""id"" : 9283, ""name"" : ""MAS_SCL2"", ""global_call_limiter"" : 8, ""outgoing_call_limiter"" : 8, ""incoming_call_limiter"" : 8, ""vpn_id"" : ""3369"", ""resource_type"" : ""SITE""}"
426599,10002296,"{""id"" : 426599, ""name"" : ""CD05V8DNF1"", ""global_call_limiter"" : 2000, ""outgoing_call_limiter"" : 2000, ""incoming_call_limiter"" : 2000, ""vpn_id"" : ""10002296"", ""resource_type"" : ""SITE""}"
426605,10015698,"{""id"" : 426605, ""name"" : ""CD0FY6VG20"", ""global_call_limiter"" : 2000, ""outgoing_call_limiter"" : 2000, ""incoming_call_limiter"" : 2000, ""vpn_id"" : ""10015698"", ""resource_type"" : ""SITE""}"
411016,10000257,"{""id"" : 411016, ""name"" : ""CD02SNG5D2"", ""global_call_limiter"" : 25, ""outgoing_call_limiter"" : 25, ""incoming_call_limiter"" : 25, ""vpn_id"" : ""10000257"", ""resource_type"" : ""SITE""}"
428719,10010792,"{""id"" : 428719, ""name"" : ""CD0N9FYKA9"", ""global_call_limiter"" : 6, ""outgoing_call_limiter"" : 6, ""incoming_call_limiter"" : 6, ""vpn_id"" : ""10010792"", ""resource_type"" : ""SITE""}"
428896,10001116,"{""id"" : 428896, ""name"" : ""CD0NBLAX83"", ""global_call_limiter"" : 500, ""outgoing_call_limiter"" : 500, ""incoming_call_limiter"" : 500, ""vpn_id"" : ""10001116"", ""resource_type"" : ""SITE""}"
428953,10004853,"{""id"" : 428953, ""name"" : ""CD0NG2TF99"", ""global_call_limiter"" : 55, ""outgoing_call_limiter"" : 55, ""incoming_call_limiter"" : 55, ""vpn_id"" : ""10004853"", ""resource_type"" : ""SITE""}"
415594,10005445,"{""id"" : 415594, ""name"" : ""CD0L9G2U99"", ""global_call_limiter"" : 30, ""outgoing_call_limiter"" : 30, ""incoming_call_limiter"" : 30, ""vpn_id"" : ""10005445"", ""resource_type"" : ""SITE""}"
415845,10006192,"{""id"" : 415845, ""name"" : ""CD0KY1XQC0"", ""global_call_limiter"" : 12, ""outgoing_call_limiter"" : 12, ""incoming_call_limiter"" : 12, ""vpn_id"" : ""10006192"", ""resource_type"" : ""SITE""}"
10673,4151,"{""id"" : 10673, ""name"" : ""Mark _SCL_1"", ""global_call_limiter"" : 39, ""outgoing_call_limiter"" : 39, ""incoming_call_limiter"" : 39, ""vpn_id"" : ""4151"", ""resource_type"" : ""SITE""}"
9203,3369,"{""id"" : 9203, ""name"" : ""MAS_SCL1"", ""global_call_limiter"" : 8, ""outgoing_call_limiter"" : 8, ""incoming_call_limiter"" : 8, ""vpn_id"" : ""3369"", ""resource_type"" : ""SITE""}"
12077,4067,"{""id"" : 12077, ""name"" : ""LCL_SCL_HOM_260"", ""global_call_limiter"" : 260, ""outgoing_call_limiter"" : 260, ""incoming_call_limiter"" : 260, ""vpn_id"" : ""4067"", ""resource_type"" : ""SITE""}"
12893,4068,"{""id"" : 12893, ""name"" : ""CD00RDN1C2"", ""global_call_limiter"" : 1200, ""outgoing_call_limiter"" : 1200, ""incoming_call_limiter"" : 1200, ""vpn_id"" : ""4068"", ""resource_type"" : ""SITE""}"
73430,3611,"{""id"" : 73430, ""name"" : ""3611_SCL_11107"", ""global_call_limiter"" : 6, ""outgoing_call_limiter"" : null, ""incoming_call_limiter"" : null, ""vpn_id"" : ""3611"", ""resource_type"" : ""SAN""}"
12244,4067,"{""id"" : 12244, ""name"" : ""LCL_SCL_DEV_4"", ""global_call_limiter"" : 4, ""outgoing_call_limiter"" : 4, ""incoming_call_limiter"" : 4, ""vpn_id"" : ""4067"", ""resource_type"" : ""SITE""}"
10188,3855,"{""id"" : 10188, ""name"" : ""AUCK_1"", ""global_call_limiter"" : 120, ""outgoing_call_limiter"" : 120, ""incoming_call_limiter"" : 120, ""vpn_id"" : ""3855"", ""resource_type"" : ""SITE""}"
391431,5016,"{""id"" : 391431, ""name"" : ""CD039VJ99C"", ""global_call_limiter"" : 70, ""outgoing_call_limiter"" : 70, ""incoming_call_limiter"" : 70, ""vpn_id"" : ""5016"", ""resource_type"" : ""SITE""}"
18446,9510,"{""id"" : 18446, ""name"" : ""M3UA shared"", ""global_call_limiter"" : 1, ""outgoing_call_limiter"" : null, ""incoming_call_limiter"" : null, ""vpn_id"" : ""9510"", ""resource_type"" : ""SAN""}"
423517,10010130,"{""id"" : 423517, ""name"" : ""CD0EHJGR02"", ""global_call_limiter"" : 12, ""outgoing_call_limiter"" : 12, ""incoming_call_limiter"" : 12, ""vpn_id"" : ""10010130"", ""resource_type"" : ""SITE""}"
423552,10005915,"{""id"" : 423552, ""name"" : ""CD0MH7HHB5"", ""global_call_limiter"" : 102, ""outgoing_call_limiter"" : 102, ""incoming_call_limiter"" : 102, ""vpn_id"" : ""10005915"", ""resource_type"" : ""SITE""}"
423714,10007931,"{""id"" : 423714, ""name"" : ""CD0ML3CTB1"", ""global_call_limiter"" : 100, ""outgoing_call_limiter"" : 100, ""incoming_call_limiter"" : 100, ""vpn_id"" : ""10007931"", ""resource_type"" : ""SITE""}"
113912,3737,"{""id"" : 113912, ""name"" : ""3737_SCL_UZB"", ""global_call_limiter"" : 30, ""outgoing_call_limiter"" : null, ""incoming_call_limiter"" : null, ""vpn_id"" : ""3737"", ""resource_type"" : ""SAN""}"
427055,10001043,"{""id"" : 427055, ""name"" : ""CD04P95BEF"", ""global_call_limiter"" : 2000, ""outgoing_call_limiter"" : 2000, ""incoming_call_limiter"" : 2000, ""vpn_id"" : ""10001043"", ""resource_type"" : ""SITE""}"
427064,10002271,"{""id"" : 427064, ""name"" : ""CD05VC4491"", ""global_call_limiter"" : 2000, ""outgoing_call_limiter"" : 2000, ""incoming_call_limiter"" : 2000, ""vpn_id"" : ""10002271"", ""resource_type"" : ""SITE""}"
427462,10006650,"{""id"" : 427462, ""name"" : ""CD0N3JKH82"", ""global_call_limiter"" : 60, ""outgoing_call_limiter"" : 60, ""incoming_call_limiter"" : 60, ""vpn_id"" : ""10006650"", ""resource_type"" : ""SITE""}"
417345,10000372,"{""id"" : 417345, ""name"" : ""CD031V1SF5"", ""global_call_limiter"" : 90, ""outgoing_call_limiter"" : 90, ""incoming_call_limiter"" : 90, ""vpn_id"" : ""10000372"", ""resource_type"" : ""SITE""}"
417772,10004455,"{""id"" : 417772, ""name"" : ""CD0KNW08FD"", ""global_call_limiter"" : 16, ""outgoing_call_limiter"" : 16, ""incoming_call_limiter"" : 16, ""vpn_id"" : ""10004455"", ""resource_type"" : ""SITE""}"
416717,10008654,"{""id"" : 416717, ""name"" : ""CD0LEG5B88"", ""global_call_limiter"" : 80, ""outgoing_call_limiter"" : 80, ""incoming_call_limiter"" : 80, ""vpn_id"" : ""10008654"", ""resource_type"" : ""SITE""}"
13515,3794,"{""id"" : 13515, ""name"" : ""LINDT_SPRUNGLI_SLC3"", ""global_call_limiter"" : 2, ""outgoing_call_limiter"" : 2, ""incoming_call_limiter"" : 2, ""vpn_id"" : ""3794"", ""resource_type"" : ""SITE""}"
13516,3794,"{""id"" : 13516, ""name"" : ""LINDT_SPRUNGLI_SLC4"", ""global_call_limiter"" : 4, ""outgoing_call_limiter"" : 4, ""incoming_call_limiter"" : 4, ""vpn_id"" : ""3794"", ""resource_type"" : ""SITE""}"
412980,10006483,"{""id"" : 412980, ""name"" : ""CD0K7KEVDE"", ""global_call_limiter"" : 220, ""outgoing_call_limiter"" : 220, ""incoming_call_limiter"" : 220, ""vpn_id"" : ""10006483"", ""resource_type"" : ""SITE""}"
412999,10002199,"{""id"" : 412999, ""name"" : ""CD0KWCHPEE"", ""global_call_limiter"" : 10, ""outgoing_call_limiter"" : 10, ""incoming_call_limiter"" : 10, ""vpn_id"" : ""10002199"", ""resource_type"" : ""SITE""}"
412785,3994,"{""id"" : 412785, ""name"" : ""Iain_SCL_Test_TN"", ""global_call_limiter"" : 3, ""outgoing_call_limiter"" : null, ""incoming_call_limiter"" : null, ""vpn_id"" : ""3994"", ""resource_type"" : ""SAN""}"
425396,10002232,"{""id"" : 425396, ""name"" : ""CD05U6R4AC"", ""global_call_limiter"" : 2000, ""outgoing_call_limiter"" : 2000, ""incoming_call_limiter"" : 2000, ""vpn_id"" : ""10002232"", ""resource_type"" : ""SITE""}"
426400,10002294,"{""id"" : 426400, ""name"" : ""CD05V7MYC4"", ""global_call_limiter"" : 2000, ""outgoing_call_limiter"" : 2000, ""incoming_call_limiter"" : 2000, ""vpn_id"" : ""10002294"", ""resource_type"" : ""SITE""}"
419777,10004319,"{""id"" : 419777, ""name"" : ""CD0M0KF0C3"", ""global_call_limiter"" : 20, ""outgoing_call_limiter"" : 20, ""incoming_call_limiter"" : 20, ""vpn_id"" : ""10004319"", ""resource_type"" : ""SITE""}"
419969,10004706,"{""id"" : 419969, ""name"" : ""CD0LUVGDEB"", ""global_call_limiter"" : 30, ""outgoing_call_limiter"" : 30, ""incoming_call_limiter"" : 30, ""vpn_id"" : ""10004706"", ""resource_type"" : ""SITE""}"
425323,10001050,"{""id"" : 425323, ""name"" : ""CD04KFN69A"", ""global_call_limiter"" : 2000, ""outgoing_call_limiter"" : 2000, ""incoming_call_limiter"" : 2000, ""vpn_id"" : ""10001050"", ""resource_type"" : ""SITE""}"
425326,10001039,"{""id"" : 425326, ""name"" : ""CD04KFSPFC"", ""global_call_limiter"" : 2000, ""outgoing_call_limiter"" : 2000, ""incoming_call_limiter"" : 2000, ""vpn_id"" : ""10001039"", ""resource_type"" : ""SITE""}"
425425,10002233,"{""id"" : 425425, ""name"" : ""CD05U6UPC8"", ""global_call_limiter"" : 2000, ""outgoing_call_limiter"" : 2000, ""incoming_call_limiter"" : 2000, ""vpn_id"" : ""10002233"", ""resource_type"" : ""SITE""}"
417977,10004232,"{""id"" : 417977, ""name"" : ""CD0LNLJHB8"", ""global_call_limiter"" : 227, ""outgoing_call_limiter"" : 227, ""incoming_call_limiter"" : 227, ""vpn_id"" : ""10004232"", ""resource_type"" : ""SITE""}"
418103,10004318,"{""id"" : 418103, ""name"" : ""CD0LQRV582"", ""global_call_limiter"" : 20, ""outgoing_call_limiter"" : 20, ""incoming_call_limiter"" : 20, ""vpn_id"" : ""10004318"", ""resource_type"" : ""SITE""}"
53362,3683,"{""id"" : 53362, ""name"" : ""3683_SCL_11377"", ""global_call_limiter"" : 7, ""outgoing_call_limiter"" : null, ""incoming_call_limiter"" : null, ""vpn_id"" : ""3683"", ""resource_type"" : ""SAN""}"
53363,3683,"{""id"" : 53363, ""name"" : ""3683_SCL_11931"", ""global_call_limiter"" : 5, ""outgoing_call_limiter"" : null, ""incoming_call_limiter"" : null, ""vpn_id"" : ""3683"", ""resource_type"" : ""SAN""}"
53368,3683,"{""id"" : 53368, ""name"" : ""3683_SCL_12007"", ""global_call_limiter"" : 3, ""outgoing_call_limiter"" : null, ""incoming_call_limiter"" : null, ""vpn_id"" : ""3683"", ""resource_type"" : ""SAN""}"
26286,3447,"{""id"" : 26286, ""name"" : ""Le_Clos_SCL_1"", ""global_call_limiter"" : 12, ""outgoing_call_limiter"" : 12, ""incoming_call_limiter"" : 12, ""vpn_id"" : ""3447"", ""resource_type"" : ""SITE""}"
24794,3337,"{""id"" : 24794, ""name"" : ""SCL_DECATHLON"", ""global_call_limiter"" : 300, ""outgoing_call_limiter"" : 300, ""incoming_call_limiter"" : 300, ""vpn_id"" : ""3337"", ""resource_type"" : ""SITE""}"
418212,10008757,"{""id"" : 418212, ""name"" : ""CD0LLCW6E7"", ""global_call_limiter"" : 20, ""outgoing_call_limiter"" : 20, ""incoming_call_limiter"" : 20, ""vpn_id"" : ""10008757"", ""resource_type"" : ""SITE""}"
418586,10005543,"{""id"" : 418586, ""name"" : ""CD0LU337C6"", ""global_call_limiter"" : 20, ""outgoing_call_limiter"" : 20, ""incoming_call_limiter"" : 20, ""vpn_id"" : ""10005543"", ""resource_type"" : ""SITE""}"
416636,10008906,"{""id"" : 416636, ""name"" : ""CD0LF2CPA7"", ""global_call_limiter"" : 150, ""outgoing_call_limiter"" : 150, ""incoming_call_limiter"" : 150, ""vpn_id"" : ""10008906"", ""resource_type"" : ""SITE""}"
416813,5827,"{""id"" : 416813, ""name"" : ""CD0LH7SCA9"", ""global_call_limiter"" : 200, ""outgoing_call_limiter"" : 200, ""incoming_call_limiter"" : 200, ""vpn_id"" : ""5827"", ""resource_type"" : ""SITE""}"
423815,10000719,"{""id"" : 423815, ""name"" : ""CD04AJYYDD"", ""global_call_limiter"" : 1000, ""outgoing_call_limiter"" : 1000, ""incoming_call_limiter"" : 1000, ""vpn_id"" : ""10000719"", ""resource_type"" : ""SITE""}"
423847,10008761,"{""id"" : 423847, ""name"" : ""CD0MBRREE6"", ""global_call_limiter"" : 57, ""outgoing_call_limiter"" : 57, ""incoming_call_limiter"" : 57, ""vpn_id"" : ""10008761"", ""resource_type"" : ""SITE""}"
13513,3794,"{""id"" : 13513, ""name"" : ""LINDT_SPRUNGLI_SLC1"", ""global_call_limiter"" : 15, ""outgoing_call_limiter"" : 15, ""incoming_call_limiter"" : 15, ""vpn_id"" : ""3794"", ""resource_type"" : ""SITE""}"
13514,3794,"{""id"" : 13514, ""name"" : ""LINDT_SPRUNGLI_SLC2"", ""global_call_limiter"" : 35, ""outgoing_call_limiter"" : 35, ""incoming_call_limiter"" : 35, ""vpn_id"" : ""3794"", ""resource_type"" : ""SITE""}"
412383,10012860,"{""id"" : 412383, ""name"" : ""CD0KR7KNC8"", ""global_call_limiter"" : 16, ""outgoing_call_limiter"" : 16, ""incoming_call_limiter"" : 16, ""vpn_id"" : ""10012860"", ""resource_type"" : ""SITE""}"
412406,10000127,"{""id"" : 412406, ""name"" : ""CD0KN2HYC2"", ""global_call_limiter"" : 30, ""outgoing_call_limiter"" : 30, ""incoming_call_limiter"" : 30, ""vpn_id"" : ""10000127"", ""resource_type"" : ""SITE""}"
13876,5002,"{""id"" : 13876, ""name"" : ""SCL_AFPA_PILOTE"", ""global_call_limiter"" : 1200, ""outgoing_call_limiter"" : 1200, ""incoming_call_limiter"" : 1200, ""vpn_id"" : ""5002"", ""resource_type"" : ""SITE""}"
430049,10003501,"{""id"" : 430049, ""name"" : ""CD0NPTL5BE"", ""global_call_limiter"" : 400, ""outgoing_call_limiter"" : 400, ""incoming_call_limiter"" : 400, ""vpn_id"" : ""10003501"", ""resource_type"" : ""SITE""}"
407168,10018595,"{""id"" : 407168, ""name"" : ""CD0JU9A386"", ""global_call_limiter"" : 60, ""outgoing_call_limiter"" : 60, ""incoming_call_limiter"" : 60, ""vpn_id"" : ""10018595"", ""resource_type"" : ""SITE""}"
419771,10002375,"{""id"" : 419771, ""name"" : ""CD0LNU1194"", ""global_call_limiter"" : 60, ""outgoing_call_limiter"" : 60, ""incoming_call_limiter"" : 60, ""vpn_id"" : ""10002375"", ""resource_type"" : ""SITE""}"
417638,10003566,"{""id"" : 417638, ""name"" : ""CD0LMS5TE5"", ""global_call_limiter"" : 60, ""outgoing_call_limiter"" : 60, ""incoming_call_limiter"" : 60, ""vpn_id"" : ""10003566"", ""resource_type"" : ""SITE""}"
417214,10000938,"{""id"" : 417214, ""name"" : ""CD0LJSM587"", ""global_call_limiter"" : 10, ""outgoing_call_limiter"" : 10, ""incoming_call_limiter"" : 10, ""vpn_id"" : ""10000938"", ""resource_type"" : ""SITE""}"
417508,10002911,"{""id"" : 417508, ""name"" : ""CD0L6PMZE4"", ""global_call_limiter"" : 60, ""outgoing_call_limiter"" : 60, ""incoming_call_limiter"" : 60, ""vpn_id"" : ""10002911"", ""resource_type"" : ""SITE""}"
73432,3611,"{""id"" : 73432, ""name"" : ""3611_SCL_11222"", ""global_call_limiter"" : 15, ""outgoing_call_limiter"" : null, ""incoming_call_limiter"" : null, ""vpn_id"" : ""3611"", ""resource_type"" : ""SAN""}"
417372,10009117,"{""id"" : 417372, ""name"" : ""CD0LJ1WDB9"", ""global_call_limiter"" : 45, ""outgoing_call_limiter"" : 45, ""incoming_call_limiter"" : 45, ""vpn_id"" : ""10009117"", ""resource_type"" : ""SITE""}"
416837,10000675,"{""id"" : 416837, ""name"" : ""CD03TY3QD0"", ""global_call_limiter"" : 200, ""outgoing_call_limiter"" : 200, ""incoming_call_limiter"" : 200, ""vpn_id"" : ""10000675"", ""resource_type"" : ""SITE""}"
419355,10009363,"{""id"" : 419355, ""name"" : ""CD0LWXDQDA"", ""global_call_limiter"" : 22, ""outgoing_call_limiter"" : 22, ""incoming_call_limiter"" : 22, ""vpn_id"" : ""10009363"", ""resource_type"" : ""SITE""}"
426776,10010424,"{""id"" : 426776, ""name"" : ""CD0MS8CJ95"", ""global_call_limiter"" : 51, ""outgoing_call_limiter"" : 51, ""incoming_call_limiter"" : 51, ""vpn_id"" : ""10010424"", ""resource_type"" : ""SITE""}"
422171,4276,"{""id"" : 422171, ""name"" : ""CD00RRHXDC"", ""global_call_limiter"" : 80, ""outgoing_call_limiter"" : 80, ""incoming_call_limiter"" : 80, ""vpn_id"" : ""4276"", ""resource_type"" : ""SITE""}"
59391,4386,"{""id"" : 59391, ""name"" : ""4386_SCL_11112"", ""global_call_limiter"" : 20, ""outgoing_call_limiter"" : null, ""incoming_call_limiter"" : null, ""vpn_id"" : ""4386"", ""resource_type"" : ""SAN""}"
59392,4386,"{""id"" : 59392, ""name"" : ""4386_SCL_11113"", ""global_call_limiter"" : 20, ""outgoing_call_limiter"" : null, ""incoming_call_limiter"" : null, ""vpn_id"" : ""4386"", ""resource_type"" : ""SAN""}"
59393,4386,"{""id"" : 59393, ""name"" : ""4386_SCL_11114"", ""global_call_limiter"" : 20, ""outgoing_call_limiter"" : null, ""incoming_call_limiter"" : null, ""vpn_id"" : ""4386"", ""resource_type"" : ""SAN""}"
59394,4386,"{""id"" : 59394, ""name"" : ""4386_SCL_11115"", ""global_call_limiter"" : 20, ""outgoing_call_limiter"" : null, ""incoming_call_limiter"" : null, ""vpn_id"" : ""4386"", ""resource_type"" : ""SAN""}"
59395,4386,"{""id"" : 59395, ""name"" : ""4386_SCL_11116"", ""global_call_limiter"" : 20, ""outgoing_call_limiter"" : null, ""incoming_call_limiter"" : null, ""vpn_id"" : ""4386"", ""resource_type"" : ""SAN""}"
59396,4386,"{""id"" : 59396, ""name"" : ""4386_SCL_11117"", ""global_call_limiter"" : 20, ""outgoing_call_limiter"" : null, ""incoming_call_limiter"" : null, ""vpn_id"" : ""4386"", ""resource_type"" : ""SAN""}"
59397,4386,"{""id"" : 59397, ""name"" : ""4386_SCL_11118"", ""global_call_limiter"" : 20, ""outgoing_call_limiter"" : null, ""incoming_call_limiter"" : null, ""vpn_id"" : ""4386"", ""resource_type"" : ""SAN""}"
59398,4386,"{""id"" : 59398, ""name"" : ""4386_SCL_11119"", ""global_call_limiter"" : 20, ""outgoing_call_limiter"" : null, ""incoming_call_limiter"" : null, ""vpn_id"" : ""4386"", ""resource_type"" : ""SAN""}"
41621,4352,"{""id"" : 41621, ""name"" : ""4352_SCL_11104"", ""global_call_limiter"" : 4, ""outgoing_call_limiter"" : null, ""incoming_call_limiter"" : null, ""vpn_id"" : ""4352"", ""resource_type"" : ""SAN""}"
41622,4352,"{""id"" : 41622, ""name"" : ""4352_SCL_11103"", ""global_call_limiter"" : 4, ""outgoing_call_limiter"" : null, ""incoming_call_limiter"" : null, ""vpn_id"" : ""4352"", ""resource_type"" : ""SAN""}"
41623,4352,"{""id"" : 41623, ""name"" : ""4352_SCL_11102"", ""global_call_limiter"" : 6, ""outgoing_call_limiter"" : null, ""incoming_call_limiter"" : null, ""vpn_id"" : ""4352"", ""resource_type"" : ""SAN""}"
41625,4352,"{""id"" : 41625, ""name"" : ""4352_SCL_11106"", ""global_call_limiter"" : 4, ""outgoing_call_limiter"" : null, ""incoming_call_limiter"" : null, ""vpn_id"" : ""4352"", ""resource_type"" : ""SAN""}"
56178,3968,"{""id"" : 56178, ""name"" : ""3968_SCL_22204"", ""global_call_limiter"" : 2, ""outgoing_call_limiter"" : null, ""incoming_call_limiter"" : null, ""vpn_id"" : ""3968"", ""resource_type"" : ""SAN""}"
411348,10004318,"{""id"" : 411348, ""name"" : ""CD0KLNCCD0"", ""global_call_limiter"" : 10, ""outgoing_call_limiter"" : 10, ""incoming_call_limiter"" : 10, ""vpn_id"" : ""10004318"", ""resource_type"" : ""SITE""}"
411399,10013912,"{""id"" : 411399, ""name"" : ""CD0F8U9N65"", ""global_call_limiter"" : 50, ""outgoing_call_limiter"" : 50, ""incoming_call_limiter"" : 50, ""vpn_id"" : ""10013912"", ""resource_type"" : ""SITE""}"
407246,10013915,"{""id"" : 407246, ""name"" : ""CD0JZWN4E6"", ""global_call_limiter"" : 20, ""outgoing_call_limiter"" : 20, ""incoming_call_limiter"" : 20, ""vpn_id"" : ""10013915"", ""resource_type"" : ""SITE""}"
417405,10003492,"{""id"" : 417405, ""name"" : ""CD0LKERS95"", ""global_call_limiter"" : 130, ""outgoing_call_limiter"" : 130, ""incoming_call_limiter"" : 130, ""vpn_id"" : ""10003492"", ""resource_type"" : ""SITE""}"
425287,10000978,"{""id"" : 425287, ""name"" : ""CD04JNTHD4"", ""global_call_limiter"" : 2000, ""outgoing_call_limiter"" : 2000, ""incoming_call_limiter"" : 2000, ""vpn_id"" : ""10000978"", ""resource_type"" : ""SITE""}"
425389,10002404,"{""id"" : 425389, ""name"" : ""CD0MPPEZF6"", ""global_call_limiter"" : 33, ""outgoing_call_limiter"" : 33, ""incoming_call_limiter"" : 33, ""vpn_id"" : ""10002404"", ""resource_type"" : ""SITE""}"
49141,3314,"{""id"" : 49141, ""name"" : ""3314_SCL_11115"", ""global_call_limiter"" : 5, ""outgoing_call_limiter"" : null, ""incoming_call_limiter"" : null, ""vpn_id"" : ""3314"", ""resource_type"" : ""SAN""}"
49142,3314,"{""id"" : 49142, ""name"" : ""3314_SCL_11117"", ""global_call_limiter"" : 5, ""outgoing_call_limiter"" : null, ""incoming_call_limiter"" : null, ""vpn_id"" : ""3314"", ""resource_type"" : ""SAN""}"
49143,3314,"{""id"" : 49143, ""name"" : ""3314_SCL_11119"", ""global_call_limiter"" : 5, ""outgoing_call_limiter"" : null, ""incoming_call_limiter"" : null, ""vpn_id"" : ""3314"", ""resource_type"" : ""SAN""}"
426396,10000958,"{""id"" : 426396, ""name"" : ""CD05V7HMD0"", ""global_call_limiter"" : 2000, ""outgoing_call_limiter"" : 2000, ""incoming_call_limiter"" : 2000, ""vpn_id"" : ""10000958"", ""resource_type"" : ""SITE""}"
426398,10002273,"{""id"" : 426398, ""name"" : ""CD05V87BFD"", ""global_call_limiter"" : 2000, ""outgoing_call_limiter"" : 2000, ""incoming_call_limiter"" : 2000, ""vpn_id"" : ""10002273"", ""resource_type"" : ""SITE""}"
426405,10002290,"{""id"" : 426405, ""name"" : ""CD05V8B48B"", ""global_call_limiter"" : 2000, ""outgoing_call_limiter"" : 2000, ""incoming_call_limiter"" : 2000, ""vpn_id"" : ""10002290"", ""resource_type"" : ""SITE""}"
426590,10002221,"{""id"" : 426590, ""name"" : ""CD05U695AD"", ""global_call_limiter"" : 2000, ""outgoing_call_limiter"" : 2000, ""incoming_call_limiter"" : 2000, ""vpn_id"" : ""10002221"", ""resource_type"" : ""SITE""}"
426597,10002268,"{""id"" : 426597, ""name"" : ""CD05V7MFDB"", ""global_call_limiter"" : 2000, ""outgoing_call_limiter"" : 2000, ""incoming_call_limiter"" : 2000, ""vpn_id"" : ""10002268"", ""resource_type"" : ""SITE""}"
428080,7066,"{""id"" : 428080, ""name"" : ""Iain_SCL_Test"", ""global_call_limiter"" : 50, ""outgoing_call_limiter"" : null, ""incoming_call_limiter"" : null, ""vpn_id"" : ""7066"", ""resource_type"" : ""SAN""}"
51844,3819,"{""id"" : 51844, ""name"" : ""3819_SCL_11116"", ""global_call_limiter"" : 6, ""outgoing_call_limiter"" : null, ""incoming_call_limiter"" : null, ""vpn_id"" : ""3819"", ""resource_type"" : ""SAN""}"
51845,3819,"{""id"" : 51845, ""name"" : ""3819_SCL_11104"", ""global_call_limiter"" : 2, ""outgoing_call_limiter"" : null, ""incoming_call_limiter"" : null, ""vpn_id"" : ""3819"", ""resource_type"" : ""SAN""}"
54826,3577,"{""id"" : 54826, ""name"" : ""3577_SCL_11127"", ""global_call_limiter"" : 4, ""outgoing_call_limiter"" : null, ""incoming_call_limiter"" : null, ""vpn_id"" : ""3577"", ""resource_type"" : ""SAN""}"
54827,3577,"{""id"" : 54827, ""name"" : ""3577_SCL_11103"", ""global_call_limiter"" : 2, ""outgoing_call_limiter"" : null, ""incoming_call_limiter"" : null, ""vpn_id"" : ""3577"", ""resource_type"" : ""SAN""}"
60773,3895,"{""id"" : 60773, ""name"" : ""3895_SCL_CZE"", ""global_call_limiter"" : 30, ""outgoing_call_limiter"" : null, ""incoming_call_limiter"" : null, ""vpn_id"" : ""3895"", ""resource_type"" : ""SAN""}"
407544,5615,"{""id"" : 407544, ""name"" : ""CD0K1TCE8C"", ""global_call_limiter"" : 30, ""outgoing_call_limiter"" : 30, ""incoming_call_limiter"" : 30, ""vpn_id"" : ""5615"", ""resource_type"" : ""SITE""}"
54612,3723,"{""id"" : 54612, ""name"" : ""3723_SCL_11150"", ""global_call_limiter"" : 15, ""outgoing_call_limiter"" : null, ""incoming_call_limiter"" : null, ""vpn_id"" : ""3723"", ""resource_type"" : ""SAN""}"
407929,10002748,"{""id"" : 407929, ""name"" : ""CD06XGM0B1"", ""global_call_limiter"" : 98, ""outgoing_call_limiter"" : 98, ""incoming_call_limiter"" : 98, ""vpn_id"" : ""10002748"", ""resource_type"" : ""SITE""}"
60284,3841,"{""id"" : 60284, ""name"" : ""3841_SCL_11101"", ""global_call_limiter"" : 4, ""outgoing_call_limiter"" : null, ""incoming_call_limiter"" : null, ""vpn_id"" : ""3841"", ""resource_type"" : ""SAN""}"
49138,3314,"{""id"" : 49138, ""name"" : ""3314_SCL_11109"", ""global_call_limiter"" : 5, ""outgoing_call_limiter"" : null, ""incoming_call_limiter"" : null, ""vpn_id"" : ""3314"", ""resource_type"" : ""SAN""}"
428220,3886,"{""id"" : 428220, ""name"" : ""CD0MWP8VF9"", ""global_call_limiter"" : 10, ""outgoing_call_limiter"" : 10, ""incoming_call_limiter"" : 10, ""vpn_id"" : ""3886"", ""resource_type"" : ""SITE""}"
428244,10014379,"{""id"" : 428244, ""name"" : ""CD0MZJ8XAB"", ""global_call_limiter"" : 15, ""outgoing_call_limiter"" : 15, ""incoming_call_limiter"" : 15, ""vpn_id"" : ""10014379"", ""resource_type"" : ""SITE""}"
428322,3369,"{""id"" : 428322, ""name"" : ""CD0NAKGQ9B"", ""global_call_limiter"" : 45, ""outgoing_call_limiter"" : 45, ""incoming_call_limiter"" : 45, ""vpn_id"" : ""3369"", ""resource_type"" : ""SITE""}"
46158,4359,"{""id"" : 46158, ""name"" : ""4359_SCL_11109"", ""global_call_limiter"" : 15, ""outgoing_call_limiter"" : null, ""incoming_call_limiter"" : null, ""vpn_id"" : ""4359"", ""resource_type"" : ""SAN""}"
423981,10009706,"{""id"" : 423981, ""name"" : ""CD0MHYFWCD"", ""global_call_limiter"" : 7, ""outgoing_call_limiter"" : 7, ""incoming_call_limiter"" : 7, ""vpn_id"" : ""10009706"", ""resource_type"" : ""SITE""}"
46160,3919,"{""id"" : 46160, ""name"" : ""3919_SCL_11102"", ""global_call_limiter"" : 5, ""outgoing_call_limiter"" : null, ""incoming_call_limiter"" : null, ""vpn_id"" : ""3919"", ""resource_type"" : ""SAN""}"
298512,3248,"{""id"" : 298512, ""name"" : ""CD08ETBL7F"", ""global_call_limiter"" : 600, ""outgoing_call_limiter"" : 600, ""incoming_call_limiter"" : 600, ""vpn_id"" : ""3248"", ""resource_type"" : ""SITE""}"
424518,10002177,"{""id"" : 424518, ""name"" : ""CD0LW0HLB4"", ""global_call_limiter"" : 100, ""outgoing_call_limiter"" : 100, ""incoming_call_limiter"" : 90, ""vpn_id"" : ""10002177"", ""resource_type"" : ""SITE""}"
425519,10003790,"{""id"" : 425519, ""name"" : ""CD0MX66GBC"", ""global_call_limiter"" : 35, ""outgoing_call_limiter"" : 35, ""incoming_call_limiter"" : 35, ""vpn_id"" : ""10003790"", ""resource_type"" : ""SITE""}"
426133,10008904,"{""id"" : 426133, ""name"" : ""CD0LQK2QB3"", ""global_call_limiter"" : 40, ""outgoing_call_limiter"" : 40, ""incoming_call_limiter"" : 40, ""vpn_id"" : ""10008904"", ""resource_type"" : ""SITE""}"
408446,10003545,"{""id"" : 408446, ""name"" : ""CD0K2V2M8B"", ""global_call_limiter"" : 86, ""outgoing_call_limiter"" : 86, ""incoming_call_limiter"" : 86, ""vpn_id"" : ""10003545"", ""resource_type"" : ""SITE""}"
408635,10018703,"{""id"" : 408635, ""name"" : ""CD0K5DGEEC"", ""global_call_limiter"" : 30, ""outgoing_call_limiter"" : 30, ""incoming_call_limiter"" : 30, ""vpn_id"" : ""10018703"", ""resource_type"" : ""SITE""}"
408533,10018691,"{""id"" : 408533, ""name"" : ""CD0K7JMLC1"", ""global_call_limiter"" : 50, ""outgoing_call_limiter"" : 50, ""incoming_call_limiter"" : 50, ""vpn_id"" : ""10018691"", ""resource_type"" : ""SITE""}"
408561,10018695,"{""id"" : 408561, ""name"" : ""CD0K7TLR9B"", ""global_call_limiter"" : 50, ""outgoing_call_limiter"" : 50, ""incoming_call_limiter"" : 50, ""vpn_id"" : ""10018695"", ""resource_type"" : ""SITE""}"
14646,3105,"{""id"" : 14646, ""name"" : ""Orange_MSC_Delhi_SCL"", ""global_call_limiter"" : 120, ""outgoing_call_limiter"" : 120, ""incoming_call_limiter"" : 120, ""vpn_id"" : ""3105"", ""resource_type"" : ""SITE""}"
60587,3400,"{""id"" : 60587, ""name"" : ""3400_SCL_11110"", ""global_call_limiter"" : 15, ""outgoing_call_limiter"" : null, ""incoming_call_limiter"" : null, ""vpn_id"" : ""3400"", ""resource_type"" : ""SAN""}"
60588,3400,"{""id"" : 60588, ""name"" : ""3400_SCL_11111"", ""global_call_limiter"" : 10, ""outgoing_call_limiter"" : null, ""incoming_call_limiter"" : null, ""vpn_id"" : ""3400"", ""resource_type"" : ""SAN""}"
60590,3584,"{""id"" : 60590, ""name"" : ""3584_SCL_11115"", ""global_call_limiter"" : 24, ""outgoing_call_limiter"" : null, ""incoming_call_limiter"" : null, ""vpn_id"" : ""3584"", ""resource_type"" : ""SAN""}"
424993,10010193,"{""id"" : 424993, ""name"" : ""CD0MHJGUA6"", ""global_call_limiter"" : 38, ""outgoing_call_limiter"" : 38, ""incoming_call_limiter"" : 38, ""vpn_id"" : ""10010193"", ""resource_type"" : ""SITE""}"
425201,10009081,"{""id"" : 425201, ""name"" : ""CD0MAK3HBE"", ""global_call_limiter"" : 100, ""outgoing_call_limiter"" : 100, ""incoming_call_limiter"" : 100, ""vpn_id"" : ""10009081"", ""resource_type"" : ""SITE""}"
72605,4545,"{""id"" : 72605, ""name"" : ""4545_TUR_WWC"", ""global_call_limiter"" : 200, ""outgoing_call_limiter"" : null, ""incoming_call_limiter"" : null, ""vpn_id"" : ""4545"", ""resource_type"" : ""SAN""}"
406234,10012299,"{""id"" : 406234, ""name"" : ""CD0HX8EGDF"", ""global_call_limiter"" : 20, ""outgoing_call_limiter"" : 20, ""incoming_call_limiter"" : 20, ""vpn_id"" : ""10012299"", ""resource_type"" : ""SITE""}"
58278,3701,"{""id"" : 58278, ""name"" : ""3701_SCL_11153"", ""global_call_limiter"" : 2, ""outgoing_call_limiter"" : null, ""incoming_call_limiter"" : null, ""vpn_id"" : ""3701"", ""resource_type"" : ""SAN""}"
58279,3701,"{""id"" : 58279, ""name"" : ""3701_SCL_11154"", ""global_call_limiter"" : 3, ""outgoing_call_limiter"" : null, ""incoming_call_limiter"" : null, ""vpn_id"" : ""3701"", ""resource_type"" : ""SAN""}"
52967,3683,"{""id"" : 52967, ""name"" : ""3683_SCL_11515"", ""global_call_limiter"" : 4, ""outgoing_call_limiter"" : null, ""incoming_call_limiter"" : null, ""vpn_id"" : ""3683"", ""resource_type"" : ""SAN""}"
49892,4336,"{""id"" : 49892, ""name"" : ""4336_SCL_11109"", ""global_call_limiter"" : 5, ""outgoing_call_limiter"" : null, ""incoming_call_limiter"" : null, ""vpn_id"" : ""4336"", ""resource_type"" : ""SAN""}"
69153,3552,"{""id"" : 69153, ""name"" : ""3552_SCL_11138"", ""global_call_limiter"" : 2, ""outgoing_call_limiter"" : null, ""incoming_call_limiter"" : null, ""vpn_id"" : ""3552"", ""resource_type"" : ""SAN""}"
69154,3552,"{""id"" : 69154, ""name"" : ""3552_SCL_11139"", ""global_call_limiter"" : 2, ""outgoing_call_limiter"" : null, ""incoming_call_limiter"" : null, ""vpn_id"" : ""3552"", ""resource_type"" : ""SAN""}"
69159,3552,"{""id"" : 69159, ""name"" : ""3552_SCL_11201"", ""global_call_limiter"" : 120, ""outgoing_call_limiter"" : null, ""incoming_call_limiter"" : null, ""vpn_id"" : ""3552"", ""resource_type"" : ""SAN""}"
50076,3767,"{""id"" : 50076, ""name"" : ""SITA-SDI_Montreal_CC"", ""global_call_limiter"" : 60, ""outgoing_call_limiter"" : 60, ""incoming_call_limiter"" : 60, ""vpn_id"" : ""3767"", ""resource_type"" : ""SITE""}"
408097,10003986,"{""id"" : 408097, ""name"" : ""CD0K55AFC9"", ""global_call_limiter"" : 15, ""outgoing_call_limiter"" : 15, ""incoming_call_limiter"" : 15, ""vpn_id"" : ""10003986"", ""resource_type"" : ""SITE""}"
409315,10018705,"{""id"" : 409315, ""name"" : ""CD0JULVDCC"", ""global_call_limiter"" : 90, ""outgoing_call_limiter"" : 90, ""incoming_call_limiter"" : 90, ""vpn_id"" : ""10018705"", ""resource_type"" : ""SITE""}"
414083,10012694,"{""id"" : 414083, ""name"" : ""CD0L36UBA8"", ""global_call_limiter"" : 10, ""outgoing_call_limiter"" : 10, ""incoming_call_limiter"" : 10, ""vpn_id"" : ""10012694"", ""resource_type"" : ""SITE""}"
414258,10007873,"{""id"" : 414258, ""name"" : ""CD0L3G9R9E"", ""global_call_limiter"" : 20, ""outgoing_call_limiter"" : 20, ""incoming_call_limiter"" : 20, ""vpn_id"" : ""10007873"", ""resource_type"" : ""SITE""}"
428425,10003527,"{""id"" : 428425, ""name"" : ""CD0N9NXG96"", ""global_call_limiter"" : 31, ""outgoing_call_limiter"" : 31, ""incoming_call_limiter"" : 31, ""vpn_id"" : ""10003527"", ""resource_type"" : ""SITE""}"
428459,10005058,"{""id"" : 428459, ""name"" : ""CD0MVFXJ91"", ""global_call_limiter"" : 8, ""outgoing_call_limiter"" : 8, ""incoming_call_limiter"" : 8, ""vpn_id"" : ""10005058"", ""resource_type"" : ""SITE""}"
52815,3683,"{""id"" : 52815, ""name"" : ""3683_SCL_11125"", ""global_call_limiter"" : 2, ""outgoing_call_limiter"" : null, ""incoming_call_limiter"" : null, ""vpn_id"" : ""3683"", ""resource_type"" : ""SAN""}"
421527,10009693,"{""id"" : 421527, ""name"" : ""CD0M7K6JBA"", ""global_call_limiter"" : 4, ""outgoing_call_limiter"" : 4, ""incoming_call_limiter"" : 4, ""vpn_id"" : ""10009693"", ""resource_type"" : ""SITE""}"
421674,10002490,"{""id"" : 421674, ""name"" : ""CD0M80P1DB"", ""global_call_limiter"" : 30, ""outgoing_call_limiter"" : 30, ""incoming_call_limiter"" : 30, ""vpn_id"" : ""10002490"", ""resource_type"" : ""SITE""}"
420069,10003732,"{""id"" : 420069, ""name"" : ""CD0M0HSXA1"", ""global_call_limiter"" : 60, ""outgoing_call_limiter"" : 60, ""incoming_call_limiter"" : 60, ""vpn_id"" : ""10003732"", ""resource_type"" : ""SITE""}"
421272,10007595,"{""id"" : 421272, ""name"" : ""CD0KB2MFDD"", ""global_call_limiter"" : 60, ""outgoing_call_limiter"" : 60, ""incoming_call_limiter"" : 60, ""vpn_id"" : ""10007595"", ""resource_type"" : ""SITE""}"
421288,10003475,"{""id"" : 421288, ""name"" : ""CD0LPBWW80"", ""global_call_limiter"" : 16, ""outgoing_call_limiter"" : 16, ""incoming_call_limiter"" : 16, ""vpn_id"" : ""10003475"", ""resource_type"" : ""SITE""}"
421372,10012979,"{""id"" : 421372, ""name"" : ""CD0M820TB1"", ""global_call_limiter"" : 15, ""outgoing_call_limiter"" : 15, ""incoming_call_limiter"" : 15, ""vpn_id"" : ""10012979"", ""resource_type"" : ""SITE""}"
421269,10007595,"{""id"" : 421269, ""name"" : ""CD0KB2HEDE"", ""global_call_limiter"" : 80, ""outgoing_call_limiter"" : 80, ""incoming_call_limiter"" : 80, ""vpn_id"" : ""10007595"", ""resource_type"" : ""SITE""}"
429989,10010632,"{""id"" : 429989, ""name"" : ""CD0N82CG9E"", ""global_call_limiter"" : 40, ""outgoing_call_limiter"" : 40, ""incoming_call_limiter"" : 40, ""vpn_id"" : ""10010632"", ""resource_type"" : ""SITE""}"
429994,10005200,"{""id"" : 429994, ""name"" : ""CD0NMS65AF"", ""global_call_limiter"" : 500, ""outgoing_call_limiter"" : 500, ""incoming_call_limiter"" : 500, ""vpn_id"" : ""10005200"", ""resource_type"" : ""SITE""}"
52816,3683,"{""id"" : 52816, ""name"" : ""3683_SCL_11126"", ""global_call_limiter"" : 2, ""outgoing_call_limiter"" : null, ""incoming_call_limiter"" : null, ""vpn_id"" : ""3683"", ""resource_type"" : ""SAN""}"
52817,3683,"{""id"" : 52817, ""name"" : ""3683_SCL_11127"", ""global_call_limiter"" : 2, ""outgoing_call_limiter"" : null, ""incoming_call_limiter"" : null, ""vpn_id"" : ""3683"", ""resource_type"" : ""SAN""}"
52818,3683,"{""id"" : 52818, ""name"" : ""3683_SCL_11130"", ""global_call_limiter"" : 2, ""outgoing_call_limiter"" : null, ""incoming_call_limiter"" : null, ""vpn_id"" : ""3683"", ""resource_type"" : ""SAN""}"
418592,10004399,"{""id"" : 418592, ""name"" : ""CD0LRHF9D1"", ""global_call_limiter"" : 2, ""outgoing_call_limiter"" : 2, ""incoming_call_limiter"" : 2, ""vpn_id"" : ""10004399"", ""resource_type"" : ""SITE""}"
412065,10000127,"{""id"" : 412065, ""name"" : ""CD0KMUGL86"", ""global_call_limiter"" : 30, ""outgoing_call_limiter"" : 30, ""incoming_call_limiter"" : 30, ""vpn_id"" : ""10000127"", ""resource_type"" : ""SITE""}"
52968,3683,"{""id"" : 52968, ""name"" : ""3683_SCL_11519"", ""global_call_limiter"" : 7, ""outgoing_call_limiter"" : null, ""incoming_call_limiter"" : null, ""vpn_id"" : ""3683"", ""resource_type"" : ""SAN""}"
52969,3683,"{""id"" : 52969, ""name"" : ""3683_SCL_11513"", ""global_call_limiter"" : 13, ""outgoing_call_limiter"" : null, ""incoming_call_limiter"" : null, ""vpn_id"" : ""3683"", ""resource_type"" : ""SAN""}"
52970,3683,"{""id"" : 52970, ""name"" : ""3683_SCL_11514"", ""global_call_limiter"" : 45, ""outgoing_call_limiter"" : null, ""incoming_call_limiter"" : null, ""vpn_id"" : ""3683"", ""resource_type"" : ""SAN""}"
52971,3683,"{""id"" : 52971, ""name"" : ""3683_SCL_12113"", ""global_call_limiter"" : 5, ""outgoing_call_limiter"" : null, ""incoming_call_limiter"" : null, ""vpn_id"" : ""3683"", ""resource_type"" : ""SAN""}"
414403,10018529,"{""id"" : 414403, ""name"" : ""CD0JMYFJBF"", ""global_call_limiter"" : 40, ""outgoing_call_limiter"" : 40, ""incoming_call_limiter"" : 40, ""vpn_id"" : ""10018529"", ""resource_type"" : ""SITE""}"
407463,4155,"{""id"" : 407463, ""name"" : ""CD0JZ5JTC9"", ""global_call_limiter"" : 900, ""outgoing_call_limiter"" : 900, ""incoming_call_limiter"" : 900, ""vpn_id"" : ""4155"", ""resource_type"" : ""SITE""}"
421918,10006168,"{""id"" : 421918, ""name"" : ""CD0MA96R88"", ""global_call_limiter"" : 25, ""outgoing_call_limiter"" : 25, ""incoming_call_limiter"" : 25, ""vpn_id"" : ""10006168"", ""resource_type"" : ""SITE""}"
71659,10000049,"{""id"" : 71659, ""name"" : ""CD03AUTRF8"", ""global_call_limiter"" : 1965, ""outgoing_call_limiter"" : 1965, ""incoming_call_limiter"" : 1965, ""vpn_id"" : ""10000049"", ""resource_type"" : ""SITE""}"
423243,10009941,"{""id"" : 423243, ""name"" : ""CD0MGA0T9E"", ""global_call_limiter"" : 36, ""outgoing_call_limiter"" : 36, ""incoming_call_limiter"" : 36, ""vpn_id"" : ""10009941"", ""resource_type"" : ""SITE""}"
67699,3767,"{""id"" : 67699, ""name"" : ""3767_SCL_11761"", ""global_call_limiter"" : 5, ""outgoing_call_limiter"" : null, ""incoming_call_limiter"" : null, ""vpn_id"" : ""3767"", ""resource_type"" : ""SAN""}"
67700,3767,"{""id"" : 67700, ""name"" : ""3767_SCL_11776"", ""global_call_limiter"" : 5, ""outgoing_call_limiter"" : null, ""incoming_call_limiter"" : null, ""vpn_id"" : ""3767"", ""resource_type"" : ""SAN""}"
67701,3767,"{""id"" : 67701, ""name"" : ""3767_SCL_11740"", ""global_call_limiter"" : 5, ""outgoing_call_limiter"" : null, ""incoming_call_limiter"" : null, ""vpn_id"" : ""3767"", ""resource_type"" : ""SAN""}"
67702,3767,"{""id"" : 67702, ""name"" : ""3767_SCL_11780"", ""global_call_limiter"" : 5, ""outgoing_call_limiter"" : null, ""incoming_call_limiter"" : null, ""vpn_id"" : ""3767"", ""resource_type"" : ""SAN""}"
424735,10002151,"{""id"" : 424735, ""name"" : ""CD0MMBRX98"", ""global_call_limiter"" : 50, ""outgoing_call_limiter"" : 50, ""incoming_call_limiter"" : 50, ""vpn_id"" : ""10002151"", ""resource_type"" : ""SITE""}"
50505,3593,"{""id"" : 50505, ""name"" : ""3593_SCL_11126"", ""global_call_limiter"" : 1, ""outgoing_call_limiter"" : null, ""incoming_call_limiter"" : null, ""vpn_id"" : ""3593"", ""resource_type"" : ""SAN""}"
412309,10005806,"{""id"" : 412309, ""name"" : ""CD0HY51VE0"", ""global_call_limiter"" : 840, ""outgoing_call_limiter"" : 840, ""incoming_call_limiter"" : 840, ""vpn_id"" : ""10005806"", ""resource_type"" : ""SITE""}"
52800,3683,"{""id"" : 52800, ""name"" : ""3683_SCL_11709"", ""global_call_limiter"" : 10, ""outgoing_call_limiter"" : null, ""incoming_call_limiter"" : null, ""vpn_id"" : ""3683"", ""resource_type"" : ""SAN""}"
52895,3683,"{""id"" : 52895, ""name"" : ""3683_SCL_11296"", ""global_call_limiter"" : 1, ""outgoing_call_limiter"" : null, ""incoming_call_limiter"" : null, ""vpn_id"" : ""3683"", ""resource_type"" : ""SAN""}"
423897,10011358,"{""id"" : 423897, ""name"" : ""CD0ML5PMBC"", ""global_call_limiter"" : 400, ""outgoing_call_limiter"" : 400, ""incoming_call_limiter"" : 400, ""vpn_id"" : ""10011358"", ""resource_type"" : ""SITE""}"
48538,4436,"{""id"" : 48538, ""name"" : ""4436_SCL_11101"", ""global_call_limiter"" : 30, ""outgoing_call_limiter"" : null, ""incoming_call_limiter"" : null, ""vpn_id"" : ""4436"", ""resource_type"" : ""SAN""}"
411477,7173,"{""id"" : 411477, ""name"" : ""CANDC_150"", ""global_call_limiter"" : 150, ""outgoing_call_limiter"" : null, ""incoming_call_limiter"" : null, ""vpn_id"" : ""7173"", ""resource_type"" : ""SAN""}"
414524,10003515,"{""id"" : 414524, ""name"" : ""CD0EBEKG35"", ""global_call_limiter"" : 76, ""outgoing_call_limiter"" : 76, ""incoming_call_limiter"" : 76, ""vpn_id"" : ""10003515"", ""resource_type"" : ""SITE""}"
406548,10000127,"{""id"" : 406548, ""name"" : ""CD0JX2GTDB"", ""global_call_limiter"" : 30, ""outgoing_call_limiter"" : 30, ""incoming_call_limiter"" : 30, ""vpn_id"" : ""10000127"", ""resource_type"" : ""SITE""}"
408565,10008856,"{""id"" : 408565, ""name"" : ""CD0K4H82B0"", ""global_call_limiter"" : 4, ""outgoing_call_limiter"" : 4, ""incoming_call_limiter"" : 4, ""vpn_id"" : ""10008856"", ""resource_type"" : ""SITE""}"
426587,10001039,"{""id"" : 426587, ""name"" : ""CD04NNSRCD"", ""global_call_limiter"" : 2000, ""outgoing_call_limiter"" : 2000, ""incoming_call_limiter"" : 2000, ""vpn_id"" : ""10001039"", ""resource_type"" : ""SITE""}"
427764,10015672,"{""id"" : 427764, ""name"" : ""CD0N1WRSD4"", ""global_call_limiter"" : 10, ""outgoing_call_limiter"" : 10, ""incoming_call_limiter"" : 10, ""vpn_id"" : ""10015672"", ""resource_type"" : ""SITE""}"
425413,10002289,"{""id"" : 425413, ""name"" : ""CD05VZDFB6"", ""global_call_limiter"" : 2000, ""outgoing_call_limiter"" : 2000, ""incoming_call_limiter"" : 2000, ""vpn_id"" : ""10002289"", ""resource_type"" : ""SITE""}"
425422,10002303,"{""id"" : 425422, ""name"" : ""CD05V8BRED"", ""global_call_limiter"" : 2000, ""outgoing_call_limiter"" : 2000, ""incoming_call_limiter"" : 2000, ""vpn_id"" : ""10002303"", ""resource_type"" : ""SITE""}"
425424,10002296,"{""id"" : 425424, ""name"" : ""CD05V84SEC"", ""global_call_limiter"" : 2000, ""outgoing_call_limiter"" : 2000, ""incoming_call_limiter"" : 2000, ""vpn_id"" : ""10002296"", ""resource_type"" : ""SITE""}"
46383,3547,"{""id"" : 46383, ""name"" : ""GE_SIP_POC"", ""global_call_limiter"" : 20, ""outgoing_call_limiter"" : 20, ""incoming_call_limiter"" : 20, ""vpn_id"" : ""3547"", ""resource_type"" : ""SITE""}"
119392,3255,"{""id"" : 119392, ""name"" : ""HPCC Milan"", ""global_call_limiter"" : 120, ""outgoing_call_limiter"" : null, ""incoming_call_limiter"" : null, ""vpn_id"" : ""3255"", ""resource_type"" : ""SAN""}"
119419,3255,"{""id"" : 119419, ""name"" : ""HPCC Dublin"", ""global_call_limiter"" : 60, ""outgoing_call_limiter"" : null, ""incoming_call_limiter"" : null, ""vpn_id"" : ""3255"", ""resource_type"" : ""SAN""}"
119474,3255,"{""id"" : 119474, ""name"" : ""HPCC Oslo"", ""global_call_limiter"" : 60, ""outgoing_call_limiter"" : null, ""incoming_call_limiter"" : null, ""vpn_id"" : ""3255"", ""resource_type"" : ""SAN""}"
427321,10005461,"{""id"" : 427321, ""name"" : ""CD0N4AJSA3"", ""global_call_limiter"" : 107, ""outgoing_call_limiter"" : 107, ""incoming_call_limiter"" : 107, ""vpn_id"" : ""10005461"", ""resource_type"" : ""SITE""}"
427288,10007178,"{""id"" : 427288, ""name"" : ""CD0N60V9EC"", ""global_call_limiter"" : 500, ""outgoing_call_limiter"" : 500, ""incoming_call_limiter"" : 500, ""vpn_id"" : ""10007178"", ""resource_type"" : ""SITE""}"
427755,10009720,"{""id"" : 427755, ""name"" : ""CD0N65PN85"", ""global_call_limiter"" : 21, ""outgoing_call_limiter"" : 21, ""incoming_call_limiter"" : 21, ""vpn_id"" : ""10009720"", ""resource_type"" : ""SITE""}"
51458,3235,"{""id"" : 51458, ""name"" : ""3235_SCL_11118"", ""global_call_limiter"" : 1, ""outgoing_call_limiter"" : null, ""incoming_call_limiter"" : null, ""vpn_id"" : ""3235"", ""resource_type"" : ""SAN""}"
51459,3235,"{""id"" : 51459, ""name"" : ""3235_SCL_11119"", ""global_call_limiter"" : 1, ""outgoing_call_limiter"" : null, ""incoming_call_limiter"" : null, ""vpn_id"" : ""3235"", ""resource_type"" : ""SAN""}"
51460,3235,"{""id"" : 51460, ""name"" : ""3235_SCL_11120"", ""global_call_limiter"" : 2, ""outgoing_call_limiter"" : null, ""incoming_call_limiter"" : null, ""vpn_id"" : ""3235"", ""resource_type"" : ""SAN""}"
51461,3235,"{""id"" : 51461, ""name"" : ""3235_SCL_11121"", ""global_call_limiter"" : 1, ""outgoing_call_limiter"" : null, ""incoming_call_limiter"" : null, ""vpn_id"" : ""3235"", ""resource_type"" : ""SAN""}"
51462,3235,"{""id"" : 51462, ""name"" : ""3235_SCL_11122"", ""global_call_limiter"" : 1, ""outgoing_call_limiter"" : null, ""incoming_call_limiter"" : null, ""vpn_id"" : ""3235"", ""resource_type"" : ""SAN""}"
42876,3737,"{""id"" : 42876, ""name"" : ""3737_SCL_GUY"", ""global_call_limiter"" : 30, ""outgoing_call_limiter"" : null, ""incoming_call_limiter"" : null, ""vpn_id"" : ""3737"", ""resource_type"" : ""SAN""}"
415299,10002264,"{""id"" : 415299, ""name"" : ""CD0L9XBCCE"", ""global_call_limiter"" : 40, ""outgoing_call_limiter"" : 40, ""incoming_call_limiter"" : 40, ""vpn_id"" : ""10002264"", ""resource_type"" : ""SITE""}"
1168,3560,"{""id"" : 1168, ""name"" : ""3560_SCL_11104"", ""global_call_limiter"" : 3, ""outgoing_call_limiter"" : null, ""incoming_call_limiter"" : null, ""vpn_id"" : ""3560"", ""resource_type"" : ""SAN""}"
422227,4067,"{""id"" : 422227, ""name"" : ""CD056JSZCC"", ""global_call_limiter"" : 50, ""outgoing_call_limiter"" : 50, ""incoming_call_limiter"" : 50, ""vpn_id"" : ""4067"", ""resource_type"" : ""SITE""}"
428476,10010054,"{""id"" : 428476, ""name"" : ""CD0N7YNDE4"", ""global_call_limiter"" : 140, ""outgoing_call_limiter"" : 140, ""incoming_call_limiter"" : 140, ""vpn_id"" : ""10010054"", ""resource_type"" : ""SITE""}"
52534,3737,"{""id"" : 52534, ""name"" : ""3737_SCL_FIN"", ""global_call_limiter"" : 180, ""outgoing_call_limiter"" : null, ""incoming_call_limiter"" : null, ""vpn_id"" : ""3737"", ""resource_type"" : ""SAN""}"
52539,3737,"{""id"" : 52539, ""name"" : ""3737_SCL_IRL_GEO"", ""global_call_limiter"" : 350, ""outgoing_call_limiter"" : null, ""incoming_call_limiter"" : null, ""vpn_id"" : ""3737"", ""resource_type"" : ""SAN""}"
53304,3683,"{""id"" : 53304, ""name"" : ""3683_SCL_11951"", ""global_call_limiter"" : 2, ""outgoing_call_limiter"" : null, ""incoming_call_limiter"" : null, ""vpn_id"" : ""3683"", ""resource_type"" : ""SAN""}"
73896,3512,"{""id"" : 73896, ""name"" : ""3512_SCL_11154"", ""global_call_limiter"" : 1, ""outgoing_call_limiter"" : null, ""incoming_call_limiter"" : null, ""vpn_id"" : ""3512"", ""resource_type"" : ""SAN""}"
73898,3512,"{""id"" : 73898, ""name"" : ""3512_SCL_11147"", ""global_call_limiter"" : 3, ""outgoing_call_limiter"" : null, ""incoming_call_limiter"" : null, ""vpn_id"" : ""3512"", ""resource_type"" : ""SAN""}"
75051,3791,"{""id"" : 75051, ""name"" : ""3791_SCL_11232"", ""global_call_limiter"" : 1, ""outgoing_call_limiter"" : null, ""incoming_call_limiter"" : null, ""vpn_id"" : ""3791"", ""resource_type"" : ""SAN""}"
408760,10004831,"{""id"" : 408760, ""name"" : ""CD0JTXTYAA"", ""global_call_limiter"" : 20, ""outgoing_call_limiter"" : 20, ""incoming_call_limiter"" : 20, ""vpn_id"" : ""10004831"", ""resource_type"" : ""SITE""}"
426606,10015698,"{""id"" : 426606, ""name"" : ""CD0FY6XU32"", ""global_call_limiter"" : 2000, ""outgoing_call_limiter"" : 2000, ""incoming_call_limiter"" : 2000, ""vpn_id"" : ""10015698"", ""resource_type"" : ""SITE""}"
424371,10007163,"{""id"" : 424371, ""name"" : ""CD0MC4HGB3"", ""global_call_limiter"" : 90, ""outgoing_call_limiter"" : 90, ""incoming_call_limiter"" : 90, ""vpn_id"" : ""10007163"", ""resource_type"" : ""SITE""}"
424375,10010316,"{""id"" : 424375, ""name"" : ""CD0MQ09MA2"", ""global_call_limiter"" : 6, ""outgoing_call_limiter"" : 6, ""incoming_call_limiter"" : 6, ""vpn_id"" : ""10010316"", ""resource_type"" : ""SITE""}"
426608,10004163,"{""id"" : 426608, ""name"" : ""CD0FY7C755"", ""global_call_limiter"" : 2000, ""outgoing_call_limiter"" : 2000, ""incoming_call_limiter"" : 2000, ""vpn_id"" : ""10004163"", ""resource_type"" : ""SITE""}"
426609,10004126,"{""id"" : 426609, ""name"" : ""CD0FYLJQ29"", ""global_call_limiter"" : 2000, ""outgoing_call_limiter"" : 2000, ""incoming_call_limiter"" : 2000, ""vpn_id"" : ""10004126"", ""resource_type"" : ""SITE""}"
426612,10007054,"{""id"" : 426612, ""name"" : ""CD0N1ZXHE2"", ""global_call_limiter"" : 40, ""outgoing_call_limiter"" : 40, ""incoming_call_limiter"" : 40, ""vpn_id"" : ""10007054"", ""resource_type"" : ""SITE""}"
426624,10003385,"{""id"" : 426624, ""name"" : ""CD0N0QPPC0"", ""global_call_limiter"" : 50, ""outgoing_call_limiter"" : 50, ""incoming_call_limiter"" : 50, ""vpn_id"" : ""10003385"", ""resource_type"" : ""SITE""}"
427062,10002230,"{""id"" : 427062, ""name"" : ""CD05U6THD0"", ""global_call_limiter"" : 2000, ""outgoing_call_limiter"" : 2000, ""incoming_call_limiter"" : 2000, ""vpn_id"" : ""10002230"", ""resource_type"" : ""SITE""}"
49136,3314,"{""id"" : 49136, ""name"" : ""3314_SCL_11103"", ""global_call_limiter"" : 5, ""outgoing_call_limiter"" : null, ""incoming_call_limiter"" : null, ""vpn_id"" : ""3314"", ""resource_type"" : ""SAN""}"
412125,10002094,"{""id"" : 412125, ""name"" : ""CD0KAAE183"", ""global_call_limiter"" : 875, ""outgoing_call_limiter"" : 875, ""incoming_call_limiter"" : 875, ""vpn_id"" : ""10002094"", ""resource_type"" : ""SITE""}"
429552,10000017,"{""id"" : 429552, ""name"" : ""CD0NLPD0A3"", ""global_call_limiter"" : 300, ""outgoing_call_limiter"" : 300, ""incoming_call_limiter"" : 300, ""vpn_id"" : ""10000017"", ""resource_type"" : ""SITE""}"
46022,3737,"{""id"" : 46022, ""name"" : ""3737_SCL_SVK"", ""global_call_limiter"" : 80, ""outgoing_call_limiter"" : null, ""incoming_call_limiter"" : null, ""vpn_id"" : ""3737"", ""resource_type"" : ""SAN""}"
46023,3737,"{""id"" : 46023, ""name"" : ""3737_SCL_TWN"", ""global_call_limiter"" : 220, ""outgoing_call_limiter"" : null, ""incoming_call_limiter"" : null, ""vpn_id"" : ""3737"", ""resource_type"" : ""SAN""}"
408381,10008433,"{""id"" : 408381, ""name"" : ""CD0K6WU6F6"", ""global_call_limiter"" : 65, ""outgoing_call_limiter"" : 65, ""incoming_call_limiter"" : 65, ""vpn_id"" : ""10008433"", ""resource_type"" : ""SITE""}"
119074,3670,"{""id"" : 119074, ""name"" : ""MS Sydney Broadway"", ""global_call_limiter"" : 61, ""outgoing_call_limiter"" : 61, ""incoming_call_limiter"" : 61, ""vpn_id"" : ""3670"", ""resource_type"" : ""SITE""}"
421203,10009552,"{""id"" : 421203, ""name"" : ""CD0LNYARDF"", ""global_call_limiter"" : 95, ""outgoing_call_limiter"" : 95, ""incoming_call_limiter"" : 95, ""vpn_id"" : ""10009552"", ""resource_type"" : ""SITE""}"
429239,10000565,"{""id"" : 429239, ""name"" : ""CD0MZK6DB2"", ""global_call_limiter"" : 80, ""outgoing_call_limiter"" : 80, ""incoming_call_limiter"" : 80, ""vpn_id"" : ""10000565"", ""resource_type"" : ""SITE""}"
410074,10004564,"{""id"" : 410074, ""name"" : ""CD0JDPYD87"", ""global_call_limiter"" : 8, ""outgoing_call_limiter"" : 8, ""incoming_call_limiter"" : 8, ""vpn_id"" : ""10004564"", ""resource_type"" : ""SITE""}"
49240,3674,"{""id"" : 49240, ""name"" : ""3674_SCL_11101"", ""global_call_limiter"" : 3, ""outgoing_call_limiter"" : null, ""incoming_call_limiter"" : null, ""vpn_id"" : ""3674"", ""resource_type"" : ""SAN""}"
422229,4067,"{""id"" : 422229, ""name"" : ""CD00R3ZC82"", ""global_call_limiter"" : 75, ""outgoing_call_limiter"" : 75, ""incoming_call_limiter"" : 75, ""vpn_id"" : ""4067"", ""resource_type"" : ""SITE""}"
50539,3768,"{""id"" : 50539, ""name"" : ""3768_SCL_11122"", ""global_call_limiter"" : 5, ""outgoing_call_limiter"" : null, ""incoming_call_limiter"" : null, ""vpn_id"" : ""3768"", ""resource_type"" : ""SAN""}"
51498,3665,"{""id"" : 51498, ""name"" : ""3665_SCL_11114"", ""global_call_limiter"" : 2, ""outgoing_call_limiter"" : null, ""incoming_call_limiter"" : null, ""vpn_id"" : ""3665"", ""resource_type"" : ""SAN""}"
69151,3552,"{""id"" : 69151, ""name"" : ""3552_SCL_11136"", ""global_call_limiter"" : 5, ""outgoing_call_limiter"" : null, ""incoming_call_limiter"" : null, ""vpn_id"" : ""3552"", ""resource_type"" : ""SAN""}"
69152,3552,"{""id"" : 69152, ""name"" : ""3552_SCL_11137"", ""global_call_limiter"" : 5, ""outgoing_call_limiter"" : null, ""incoming_call_limiter"" : null, ""vpn_id"" : ""3552"", ""resource_type"" : ""SAN""}"
413816,10006208,"{""id"" : 413816, ""name"" : ""CD0KSCB08D"", ""global_call_limiter"" : 300, ""outgoing_call_limiter"" : 300, ""incoming_call_limiter"" : 300, ""vpn_id"" : ""10006208"", ""resource_type"" : ""SITE""}"
46150,4359,"{""id"" : 46150, ""name"" : ""4359_SCL_11102"", ""global_call_limiter"" : 15, ""outgoing_call_limiter"" : null, ""incoming_call_limiter"" : null, ""vpn_id"" : ""4359"", ""resource_type"" : ""SAN""}"
60953,3633,"{""id"" : 60953, ""name"" : ""3633_SCL_11110"", ""global_call_limiter"" : 5, ""outgoing_call_limiter"" : null, ""incoming_call_limiter"" : null, ""vpn_id"" : ""3633"", ""resource_type"" : ""SAN""}"
67724,3767,"{""id"" : 67724, ""name"" : ""3767_SCL_11724"", ""global_call_limiter"" : 5, ""outgoing_call_limiter"" : null, ""incoming_call_limiter"" : null, ""vpn_id"" : ""3767"", ""resource_type"" : ""SAN""}"
67725,3767,"{""id"" : 67725, ""name"" : ""3767_SCL_11726"", ""global_call_limiter"" : 5, ""outgoing_call_limiter"" : null, ""incoming_call_limiter"" : null, ""vpn_id"" : ""3767"", ""resource_type"" : ""SAN""}"
67726,3767,"{""id"" : 67726, ""name"" : ""3767_SCL_11727"", ""global_call_limiter"" : 5, ""outgoing_call_limiter"" : null, ""incoming_call_limiter"" : null, ""vpn_id"" : ""3767"", ""resource_type"" : ""SAN""}"
67727,3767,"{""id"" : 67727, ""name"" : ""3767_SCL_11728"", ""global_call_limiter"" : 5, ""outgoing_call_limiter"" : null, ""incoming_call_limiter"" : null, ""vpn_id"" : ""3767"", ""resource_type"" : ""SAN""}"
67728,3767,"{""id"" : 67728, ""name"" : ""3767_SCL_11730"", ""global_call_limiter"" : 5, ""outgoing_call_limiter"" : null, ""incoming_call_limiter"" : null, ""vpn_id"" : ""3767"", ""resource_type"" : ""SAN""}"
69145,3552,"{""id"" : 69145, ""name"" : ""3552_SCL_72492"", ""global_call_limiter"" : 4, ""outgoing_call_limiter"" : null, ""incoming_call_limiter"" : null, ""vpn_id"" : ""3552"", ""resource_type"" : ""SAN""}"
69146,3552,"{""id"" : 69146, ""name"" : ""3552_SCL_72493"", ""global_call_limiter"" : 32, ""outgoing_call_limiter"" : null, ""incoming_call_limiter"" : null, ""vpn_id"" : ""3552"", ""resource_type"" : ""SAN""}"
69147,3552,"{""id"" : 69147, ""name"" : ""3552_SCL_72498"", ""global_call_limiter"" : 34, ""outgoing_call_limiter"" : null, ""incoming_call_limiter"" : null, ""vpn_id"" : ""3552"", ""resource_type"" : ""SAN""}"
69148,3552,"{""id"" : 69148, ""name"" : ""3552_SCL_72499"", ""global_call_limiter"" : 6, ""outgoing_call_limiter"" : null, ""incoming_call_limiter"" : null, ""vpn_id"" : ""3552"", ""resource_type"" : ""SAN""}"
69149,3552,"{""id"" : 69149, ""name"" : ""3552_SCL_11134"", ""global_call_limiter"" : 15, ""outgoing_call_limiter"" : null, ""incoming_call_limiter"" : null, ""vpn_id"" : ""3552"", ""resource_type"" : ""SAN""}"
69150,3552,"{""id"" : 69150, ""name"" : ""3552_SCL_11135"", ""global_call_limiter"" : 7, ""outgoing_call_limiter"" : null, ""incoming_call_limiter"" : null, ""vpn_id"" : ""3552"", ""resource_type"" : ""SAN""}"
3803,4351,"{""id"" : 3803, ""name"" : ""CSAV_SCL_1"", ""global_call_limiter"" : 50, ""outgoing_call_limiter"" : 50, ""incoming_call_limiter"" : 50, ""vpn_id"" : ""4351"", ""resource_type"" : ""SITE""}"
3824,4351,"{""id"" : 3824, ""name"" : ""CSAV_SCL_2"", ""global_call_limiter"" : 50, ""outgoing_call_limiter"" : 50, ""incoming_call_limiter"" : 50, ""vpn_id"" : ""4351"", ""resource_type"" : ""SITE""}"
3843,4351,"{""id"" : 3843, ""name"" : ""CSAV_SCL_3"", ""global_call_limiter"" : 30, ""outgoing_call_limiter"" : 30, ""incoming_call_limiter"" : 30, ""vpn_id"" : ""4351"", ""resource_type"" : ""SITE""}"
52706,3616,"{""id"" : 52706, ""name"" : ""3616_SCL_11119"", ""global_call_limiter"" : 6, ""outgoing_call_limiter"" : null, ""incoming_call_limiter"" : null, ""vpn_id"" : ""3616"", ""resource_type"" : ""SAN""}"
69058,3552,"{""id"" : 69058, ""name"" : ""3552_SCL_11230"", ""global_call_limiter"" : 5, ""outgoing_call_limiter"" : null, ""incoming_call_limiter"" : null, ""vpn_id"" : ""3552"", ""resource_type"" : ""SAN""}"
69059,3552,"{""id"" : 69059, ""name"" : ""3552_SCL_11231"", ""global_call_limiter"" : 5, ""outgoing_call_limiter"" : null, ""incoming_call_limiter"" : null, ""vpn_id"" : ""3552"", ""resource_type"" : ""SAN""}"
412455,10000127,"{""id"" : 412455, ""name"" : ""CD0KNC4JF7"", ""global_call_limiter"" : 30, ""outgoing_call_limiter"" : 30, ""incoming_call_limiter"" : 30, ""vpn_id"" : ""10000127"", ""resource_type"" : ""SITE""}"
411585,3994,"{""id"" : 411585, ""name"" : ""Demo test 1 tech"", ""global_call_limiter"" : 15, ""outgoing_call_limiter"" : null, ""incoming_call_limiter"" : null, ""vpn_id"" : ""3994"", ""resource_type"" : ""SAN""}"
43966,3690,"{""id"" : 43966, ""name"" : ""3690_SCL_ANOUK_6"", ""global_call_limiter"" : 6, ""outgoing_call_limiter"" : null, ""incoming_call_limiter"" : null, ""vpn_id"" : ""3690"", ""resource_type"" : ""SAN""}"
413930,10016724,"{""id"" : 413930, ""name"" : ""CD0L2YPUDE"", ""global_call_limiter"" : 0, ""outgoing_call_limiter"" : 0, ""incoming_call_limiter"" : 0, ""vpn_id"" : ""10016724"", ""resource_type"" : ""SITE""}"
426321,10004184,"{""id"" : 426321, ""name"" : ""CD09XWV11F"", ""global_call_limiter"" : 20, ""outgoing_call_limiter"" : 20, ""incoming_call_limiter"" : 20, ""vpn_id"" : ""10004184"", ""resource_type"" : ""SITE""}"
50534,3768,"{""id"" : 50534, ""name"" : ""3768_SCL_11107"", ""global_call_limiter"" : 5, ""outgoing_call_limiter"" : null, ""incoming_call_limiter"" : null, ""vpn_id"" : ""3768"", ""resource_type"" : ""SAN""}"
50535,3768,"{""id"" : 50535, ""name"" : ""3768_SCL_11108"", ""global_call_limiter"" : 5, ""outgoing_call_limiter"" : null, ""incoming_call_limiter"" : null, ""vpn_id"" : ""3768"", ""resource_type"" : ""SAN""}"
50536,3768,"{""id"" : 50536, ""name"" : ""3768_SCL_11109"", ""global_call_limiter"" : 5, ""outgoing_call_limiter"" : null, ""incoming_call_limiter"" : null, ""vpn_id"" : ""3768"", ""resource_type"" : ""SAN""}"
50537,3768,"{""id"" : 50537, ""name"" : ""3768_SCL_11110"", ""global_call_limiter"" : 5, ""outgoing_call_limiter"" : null, ""incoming_call_limiter"" : null, ""vpn_id"" : ""3768"", ""resource_type"" : ""SAN""}"
50538,3768,"{""id"" : 50538, ""name"" : ""3768_SCL_11116"", ""global_call_limiter"" : 5, ""outgoing_call_limiter"" : null, ""incoming_call_limiter"" : null, ""vpn_id"" : ""3768"", ""resource_type"" : ""SAN""}"
421914,10003146,"{""id"" : 421914, ""name"" : ""CD0KRWL0F6"", ""global_call_limiter"" : 85, ""outgoing_call_limiter"" : 85, ""incoming_call_limiter"" : 85, ""vpn_id"" : ""10003146"", ""resource_type"" : ""SITE""}"
82638,4620,"{""id"" : 82638, ""name"" : ""4620_SCL_CHE_ORIG"", ""global_call_limiter"" : 500, ""outgoing_call_limiter"" : null, ""incoming_call_limiter"" : null, ""vpn_id"" : ""4620"", ""resource_type"" : ""SAN""}"
58225,3259,"{""id"" : 58225, ""name"" : ""3259_SCL_11102"", ""global_call_limiter"" : 5, ""outgoing_call_limiter"" : null, ""incoming_call_limiter"" : null, ""vpn_id"" : ""3259"", ""resource_type"" : ""SAN""}"
58226,3259,"{""id"" : 58226, ""name"" : ""3259_SCL_11103"", ""global_call_limiter"" : 5, ""outgoing_call_limiter"" : null, ""incoming_call_limiter"" : null, ""vpn_id"" : ""3259"", ""resource_type"" : ""SAN""}"
58227,3259,"{""id"" : 58227, ""name"" : ""3259_SCL_11104"", ""global_call_limiter"" : 5, ""outgoing_call_limiter"" : null, ""incoming_call_limiter"" : null, ""vpn_id"" : ""3259"", ""resource_type"" : ""SAN""}"
58228,3259,"{""id"" : 58228, ""name"" : ""3259_SCL_11105"", ""global_call_limiter"" : 5, ""outgoing_call_limiter"" : null, ""incoming_call_limiter"" : null, ""vpn_id"" : ""3259"", ""resource_type"" : ""SAN""}"
53196,3683,"{""id"" : 53196, ""name"" : ""3683_SCL_11636"", ""global_call_limiter"" : 20, ""outgoing_call_limiter"" : null, ""incoming_call_limiter"" : null, ""vpn_id"" : ""3683"", ""resource_type"" : ""SAN""}"
53197,3683,"{""id"" : 53197, ""name"" : ""3683_SCL_11633"", ""global_call_limiter"" : 2, ""outgoing_call_limiter"" : null, ""incoming_call_limiter"" : null, ""vpn_id"" : ""3683"", ""resource_type"" : ""SAN""}"
53198,3683,"{""id"" : 53198, ""name"" : ""3683_SCL_11672"", ""global_call_limiter"" : 3, ""outgoing_call_limiter"" : null, ""incoming_call_limiter"" : null, ""vpn_id"" : ""3683"", ""resource_type"" : ""SAN""}"
53199,3683,"{""id"" : 53199, ""name"" : ""3683_SCL_11678"", ""global_call_limiter"" : 3, ""outgoing_call_limiter"" : null, ""incoming_call_limiter"" : null, ""vpn_id"" : ""3683"", ""resource_type"" : ""SAN""}"
53201,3683,"{""id"" : 53201, ""name"" : ""3683_SCL_11671"", ""global_call_limiter"" : 8, ""outgoing_call_limiter"" : null, ""incoming_call_limiter"" : null, ""vpn_id"" : ""3683"", ""resource_type"" : ""SAN""}"
53202,3683,"{""id"" : 53202, ""name"" : ""3683_SCL_11726"", ""global_call_limiter"" : 15, ""outgoing_call_limiter"" : null, ""incoming_call_limiter"" : null, ""vpn_id"" : ""3683"", ""resource_type"" : ""SAN""}"
53203,3683,"{""id"" : 53203, ""name"" : ""3683_SCL_11844"", ""global_call_limiter"" : 12, ""outgoing_call_limiter"" : null, ""incoming_call_limiter"" : null, ""vpn_id"" : ""3683"", ""resource_type"" : ""SAN""}"
426304,10000016,"{""id"" : 426304, ""name"" : ""CD0MZLH9DE"", ""global_call_limiter"" : 20, ""outgoing_call_limiter"" : 20, ""incoming_call_limiter"" : 20, ""vpn_id"" : ""10000016"", ""resource_type"" : ""SITE""}"
28016,4820,"{""id"" : 28016, ""name"" : ""4820_SAIPEM_HQ_80"", ""global_call_limiter"" : 80, ""outgoing_call_limiter"" : 80, ""incoming_call_limiter"" : 80, ""vpn_id"" : ""4820"", ""resource_type"" : ""SITE""}"
406405,10018611,"{""id"" : 406405, ""name"" : ""CD0JQAWZFC"", ""global_call_limiter"" : 20, ""outgoing_call_limiter"" : 20, ""incoming_call_limiter"" : 20, ""vpn_id"" : ""10018611"", ""resource_type"" : ""SITE""}"
417393,10006430,"{""id"" : 417393, ""name"" : ""CD0LKGN3FA"", ""global_call_limiter"" : 30, ""outgoing_call_limiter"" : 30, ""incoming_call_limiter"" : 30, ""vpn_id"" : ""10006430"", ""resource_type"" : ""SITE""}"
417204,10007166,"{""id"" : 417204, ""name"" : ""CD0KV92VF4"", ""global_call_limiter"" : 4, ""outgoing_call_limiter"" : 4, ""incoming_call_limiter"" : 4, ""vpn_id"" : ""10007166"", ""resource_type"" : ""SITE""}"
423691,10006713,"{""id"" : 423691, ""name"" : ""CD0MJMRCA2"", ""global_call_limiter"" : 12, ""outgoing_call_limiter"" : 12, ""incoming_call_limiter"" : 12, ""vpn_id"" : ""10006713"", ""resource_type"" : ""SITE""}"
51510,3665,"{""id"" : 51510, ""name"" : ""3665_SCL_11112"", ""global_call_limiter"" : 10, ""outgoing_call_limiter"" : null, ""incoming_call_limiter"" : null, ""vpn_id"" : ""3665"", ""resource_type"" : ""SAN""}"
51518,3733,"{""id"" : 51518, ""name"" : ""3733_SCL_11108"", ""global_call_limiter"" : 2, ""outgoing_call_limiter"" : null, ""incoming_call_limiter"" : null, ""vpn_id"" : ""3733"", ""resource_type"" : ""SAN""}"
416574,10007159,"{""id"" : 416574, ""name"" : ""CD0LC44NAD"", ""global_call_limiter"" : 20, ""outgoing_call_limiter"" : 20, ""incoming_call_limiter"" : 20, ""vpn_id"" : ""10007159"", ""resource_type"" : ""SITE""}"
65950,3601,"{""id"" : 65950, ""name"" : ""3601_SCL_11131"", ""global_call_limiter"" : 15, ""outgoing_call_limiter"" : null, ""incoming_call_limiter"" : null, ""vpn_id"" : ""3601"", ""resource_type"" : ""SAN""}"
419958,10008349,"{""id"" : 419958, ""name"" : ""CD0LUPU08B"", ""global_call_limiter"" : 90, ""outgoing_call_limiter"" : 90, ""incoming_call_limiter"" : 90, ""vpn_id"" : ""10008349"", ""resource_type"" : ""SITE""}"
37517,3639,"{""id"" : 37517, ""name"" : ""3639_SCL_IRREG"", ""global_call_limiter"" : 90, ""outgoing_call_limiter"" : null, ""incoming_call_limiter"" : null, ""vpn_id"" : ""3639"", ""resource_type"" : ""SAN""}"
56179,3968,"{""id"" : 56179, ""name"" : ""3968_SCL_22205"", ""global_call_limiter"" : 2, ""outgoing_call_limiter"" : null, ""incoming_call_limiter"" : null, ""vpn_id"" : ""3968"", ""resource_type"" : ""SAN""}"
47499,3984,"{""id"" : 47499, ""name"" : ""3984_SCL_11116"", ""global_call_limiter"" : 12, ""outgoing_call_limiter"" : null, ""incoming_call_limiter"" : null, ""vpn_id"" : ""3984"", ""resource_type"" : ""SAN""}"
49148,3314,"{""id"" : 49148, ""name"" : ""3314_SCL_11129"", ""global_call_limiter"" : 5, ""outgoing_call_limiter"" : null, ""incoming_call_limiter"" : null, ""vpn_id"" : ""3314"", ""resource_type"" : ""SAN""}"
42877,3737,"{""id"" : 42877, ""name"" : ""3737_SCL_ISL"", ""global_call_limiter"" : 30, ""outgoing_call_limiter"" : null, ""incoming_call_limiter"" : null, ""vpn_id"" : ""3737"", ""resource_type"" : ""SAN""}"
42880,3737,"{""id"" : 42880, ""name"" : ""3737_SCL_MUS"", ""global_call_limiter"" : 60, ""outgoing_call_limiter"" : null, ""incoming_call_limiter"" : null, ""vpn_id"" : ""3737"", ""resource_type"" : ""SAN""}"
42881,3737,"{""id"" : 42881, ""name"" : ""3737_SCL_NIC"", ""global_call_limiter"" : 30, ""outgoing_call_limiter"" : null, ""incoming_call_limiter"" : null, ""vpn_id"" : ""3737"", ""resource_type"" : ""SAN""}"
42884,3737,"{""id"" : 42884, ""name"" : ""3737_SCL_OMN"", ""global_call_limiter"" : 50, ""outgoing_call_limiter"" : null, ""incoming_call_limiter"" : null, ""vpn_id"" : ""3737"", ""resource_type"" : ""SAN""}"
42885,3737,"{""id"" : 42885, ""name"" : ""3737_SCL_SAU"", ""global_call_limiter"" : 80, ""outgoing_call_limiter"" : null, ""incoming_call_limiter"" : null, ""vpn_id"" : ""3737"", ""resource_type"" : ""SAN""}"
42888,3737,"{""id"" : 42888, ""name"" : ""3737_SCL_URY"", ""global_call_limiter"" : 30, ""outgoing_call_limiter"" : null, ""incoming_call_limiter"" : null, ""vpn_id"" : ""3737"", ""resource_type"" : ""SAN""}"
425400,10002291,"{""id"" : 425400, ""name"" : ""CD05V85LF3"", ""global_call_limiter"" : 2000, ""outgoing_call_limiter"" : 2000, ""incoming_call_limiter"" : 2000, ""vpn_id"" : ""10002291"", ""resource_type"" : ""SITE""}"
427056,10001043,"{""id"" : 427056, ""name"" : ""CD04P97CEE"", ""global_call_limiter"" : 2000, ""outgoing_call_limiter"" : 2000, ""incoming_call_limiter"" : 2000, ""vpn_id"" : ""10001043"", ""resource_type"" : ""SITE""}"
425419,10002281,"{""id"" : 425419, ""name"" : ""CD05V8CDFB"", ""global_call_limiter"" : 2000, ""outgoing_call_limiter"" : 2000, ""incoming_call_limiter"" : 2000, ""vpn_id"" : ""10002281"", ""resource_type"" : ""SITE""}"
427065,10002271,"{""id"" : 427065, ""name"" : ""CD05VC9095"", ""global_call_limiter"" : 2000, ""outgoing_call_limiter"" : 2000, ""incoming_call_limiter"" : 2000, ""vpn_id"" : ""10002271"", ""resource_type"" : ""SITE""}"
42872,3737,"{""id"" : 42872, ""name"" : ""3737_SCL_BWA"", ""global_call_limiter"" : 60, ""outgoing_call_limiter"" : null, ""incoming_call_limiter"" : null, ""vpn_id"" : ""3737"", ""resource_type"" : ""SAN""}"
41695,4825,"{""id"" : 41695, ""name"" : ""CLync Johannesbg RMG"", ""global_call_limiter"" : 30, ""outgoing_call_limiter"" : null, ""incoming_call_limiter"" : null, ""vpn_id"" : ""4825"", ""resource_type"" : ""SAN""}"
47965,3790,"{""id"" : 47965, ""name"" : ""3790_SCL_11177"", ""global_call_limiter"" : 2, ""outgoing_call_limiter"" : null, ""incoming_call_limiter"" : null, ""vpn_id"" : ""3790"", ""resource_type"" : ""SAN""}"
47966,3790,"{""id"" : 47966, ""name"" : ""3790_SCL_11178"", ""global_call_limiter"" : 2, ""outgoing_call_limiter"" : null, ""incoming_call_limiter"" : null, ""vpn_id"" : ""3790"", ""resource_type"" : ""SAN""}"
47967,3790,"{""id"" : 47967, ""name"" : ""3790_SCL_11179"", ""global_call_limiter"" : 2, ""outgoing_call_limiter"" : null, ""incoming_call_limiter"" : null, ""vpn_id"" : ""3790"", ""resource_type"" : ""SAN""}"
47968,3790,"{""id"" : 47968, ""name"" : ""3790_SCL_11180"", ""global_call_limiter"" : 2, ""outgoing_call_limiter"" : null, ""incoming_call_limiter"" : null, ""vpn_id"" : ""3790"", ""resource_type"" : ""SAN""}"
426632,10010080,"{""id"" : 426632, ""name"" : ""CD0EMCTQ37"", ""global_call_limiter"" : 132, ""outgoing_call_limiter"" : 132, ""incoming_call_limiter"" : 132, ""vpn_id"" : ""10010080"", ""resource_type"" : ""SITE""}"
412337,10002905,"{""id"" : 412337, ""name"" : ""CD0HJ90FDB"", ""global_call_limiter"" : 60, ""outgoing_call_limiter"" : 60, ""incoming_call_limiter"" : 60, ""vpn_id"" : ""10002905"", ""resource_type"" : ""SITE""}"
49628,3718,"{""id"" : 49628, ""name"" : ""3718_SCL_11107"", ""global_call_limiter"" : 1, ""outgoing_call_limiter"" : null, ""incoming_call_limiter"" : null, ""vpn_id"" : ""3718"", ""resource_type"" : ""SAN""}"
423719,10005675,"{""id"" : 423719, ""name"" : ""CD0MHN9JA2"", ""global_call_limiter"" : 40, ""outgoing_call_limiter"" : 40, ""incoming_call_limiter"" : 40, ""vpn_id"" : ""10005675"", ""resource_type"" : ""SITE""}"
424579,10003093,"{""id"" : 424579, ""name"" : ""CD0L3JHPB1"", ""global_call_limiter"" : 15, ""outgoing_call_limiter"" : 15, ""incoming_call_limiter"" : 15, ""vpn_id"" : ""10003093"", ""resource_type"" : ""SITE""}"
426022,10003994,"{""id"" : 426022, ""name"" : ""CD0MZCTZ9F"", ""global_call_limiter"" : 150, ""outgoing_call_limiter"" : 150, ""incoming_call_limiter"" : 150, ""vpn_id"" : ""10003994"", ""resource_type"" : ""SITE""}"
425288,10000963,"{""id"" : 425288, ""name"" : ""CD04JNY0AC"", ""global_call_limiter"" : 2000, ""outgoing_call_limiter"" : 2000, ""incoming_call_limiter"" : 2000, ""vpn_id"" : ""10000963"", ""resource_type"" : ""SITE""}"
425295,10004342,"{""id"" : 425295, ""name"" : ""CD0MCKEEB0"", ""global_call_limiter"" : 120, ""outgoing_call_limiter"" : 120, ""incoming_call_limiter"" : 120, ""vpn_id"" : ""10004342"", ""resource_type"" : ""SITE""}"
419429,10003644,"{""id"" : 419429, ""name"" : ""CD0JW7HCD2"", ""global_call_limiter"" : 4, ""outgoing_call_limiter"" : 4, ""incoming_call_limiter"" : 4, ""vpn_id"" : ""10003644"", ""resource_type"" : ""SITE""}"
426821,10008175,"{""id"" : 426821, ""name"" : ""CD0N3G84D3"", ""global_call_limiter"" : 260, ""outgoing_call_limiter"" : 260, ""incoming_call_limiter"" : 260, ""vpn_id"" : ""10008175"", ""resource_type"" : ""SITE""}"
50506,3593,"{""id"" : 50506, ""name"" : ""3593_SCL_11129"", ""global_call_limiter"" : 12, ""outgoing_call_limiter"" : null, ""incoming_call_limiter"" : null, ""vpn_id"" : ""3593"", ""resource_type"" : ""SAN""}"
50507,3593,"{""id"" : 50507, ""name"" : ""3593_SCL_11122"", ""global_call_limiter"" : 3, ""outgoing_call_limiter"" : null, ""incoming_call_limiter"" : null, ""vpn_id"" : ""3593"", ""resource_type"" : ""SAN""}"
50510,3593,"{""id"" : 50510, ""name"" : ""3593_SCL_11124"", ""global_call_limiter"" : 5, ""outgoing_call_limiter"" : null, ""incoming_call_limiter"" : null, ""vpn_id"" : ""3593"", ""resource_type"" : ""SAN""}"
421025,10009056,"{""id"" : 421025, ""name"" : ""CD0KY7J4B1"", ""global_call_limiter"" : 60, ""outgoing_call_limiter"" : 60, ""incoming_call_limiter"" : 60, ""vpn_id"" : ""10009056"", ""resource_type"" : ""SITE""}"
49766,3738,"{""id"" : 49766, ""name"" : ""3738_SCL_11101"", ""global_call_limiter"" : 75, ""outgoing_call_limiter"" : null, ""incoming_call_limiter"" : null, ""vpn_id"" : ""3738"", ""resource_type"" : ""SAN""}"
421245,10009718,"{""id"" : 421245, ""name"" : ""CD0M320PB6"", ""global_call_limiter"" : 60, ""outgoing_call_limiter"" : 60, ""incoming_call_limiter"" : 60, ""vpn_id"" : ""10009718"", ""resource_type"" : ""SITE""}"
421320,10004601,"{""id"" : 421320, ""name"" : ""CD0M70GJA0"", ""global_call_limiter"" : 20, ""outgoing_call_limiter"" : 20, ""incoming_call_limiter"" : 20, ""vpn_id"" : ""10004601"", ""resource_type"" : ""SITE""}"
412529,10003849,"{""id"" : 412529, ""name"" : ""CD0KSXS3D4"", ""global_call_limiter"" : 25, ""outgoing_call_limiter"" : 25, ""incoming_call_limiter"" : 25, ""vpn_id"" : ""10003849"", ""resource_type"" : ""SITE""}"
49146,3314,"{""id"" : 49146, ""name"" : ""3314_SCL_11125"", ""global_call_limiter"" : 5, ""outgoing_call_limiter"" : null, ""incoming_call_limiter"" : null, ""vpn_id"" : ""3314"", ""resource_type"" : ""SAN""}"
49147,3314,"{""id"" : 49147, ""name"" : ""3314_SCL_11127"", ""global_call_limiter"" : 5, ""outgoing_call_limiter"" : null, ""incoming_call_limiter"" : null, ""vpn_id"" : ""3314"", ""resource_type"" : ""SAN""}"
416685,10017229,"{""id"" : 416685, ""name"" : ""CD0GFGQS06"", ""global_call_limiter"" : 138, ""outgoing_call_limiter"" : 138, ""incoming_call_limiter"" : 138, ""vpn_id"" : ""10017229"", ""resource_type"" : ""SITE""}"
416695,10006825,"{""id"" : 416695, ""name"" : ""CD0L7WEBEE"", ""global_call_limiter"" : 70, ""outgoing_call_limiter"" : 70, ""incoming_call_limiter"" : 70, ""vpn_id"" : ""10006825"", ""resource_type"" : ""SITE""}"
416799,10008992,"{""id"" : 416799, ""name"" : ""CD0LG04JB1"", ""global_call_limiter"" : 12, ""outgoing_call_limiter"" : 12, ""incoming_call_limiter"" : 12, ""vpn_id"" : ""10008992"", ""resource_type"" : ""SITE""}"
49139,3314,"{""id"" : 49139, ""name"" : ""3314_SCL_11111"", ""global_call_limiter"" : 5, ""outgoing_call_limiter"" : null, ""incoming_call_limiter"" : null, ""vpn_id"" : ""3314"", ""resource_type"" : ""SAN""}"
49140,3314,"{""id"" : 49140, ""name"" : ""3314_SCL_11113"", ""global_call_limiter"" : 5, ""outgoing_call_limiter"" : null, ""incoming_call_limiter"" : null, ""vpn_id"" : ""3314"", ""resource_type"" : ""SAN""}"
412781,10012694,"{""id"" : 412781, ""name"" : ""CD0KUF0QF2"", ""global_call_limiter"" : 10, ""outgoing_call_limiter"" : 10, ""incoming_call_limiter"" : 10, ""vpn_id"" : ""10012694"", ""resource_type"" : ""SITE""}"
38807,3350,"{""id"" : 38807, ""name"" : ""3350_SCL_11114"", ""global_call_limiter"" : 15, ""outgoing_call_limiter"" : null, ""incoming_call_limiter"" : null, ""vpn_id"" : ""3350"", ""resource_type"" : ""SAN""}"
38808,3350,"{""id"" : 38808, ""name"" : ""3350_SCL_11115"", ""global_call_limiter"" : 15, ""outgoing_call_limiter"" : null, ""incoming_call_limiter"" : null, ""vpn_id"" : ""3350"", ""resource_type"" : ""SAN""}"
49600,3703,"{""id"" : 49600, ""name"" : ""3703_SCL_11101"", ""global_call_limiter"" : 4, ""outgoing_call_limiter"" : null, ""incoming_call_limiter"" : null, ""vpn_id"" : ""3703"", ""resource_type"" : ""SAN""}"
49601,3703,"{""id"" : 49601, ""name"" : ""3703_SCL_11102"", ""global_call_limiter"" : 4, ""outgoing_call_limiter"" : null, ""incoming_call_limiter"" : null, ""vpn_id"" : ""3703"", ""resource_type"" : ""SAN""}"
49602,3703,"{""id"" : 49602, ""name"" : ""3703_SCL_11103"", ""global_call_limiter"" : 2, ""outgoing_call_limiter"" : null, ""incoming_call_limiter"" : null, ""vpn_id"" : ""3703"", ""resource_type"" : ""SAN""}"
49603,3703,"{""id"" : 49603, ""name"" : ""3703_SCL_11104"", ""global_call_limiter"" : 2, ""outgoing_call_limiter"" : null, ""incoming_call_limiter"" : null, ""vpn_id"" : ""3703"", ""resource_type"" : ""SAN""}"
49604,3703,"{""id"" : 49604, ""name"" : ""3703_SCL_11111"", ""global_call_limiter"" : 2, ""outgoing_call_limiter"" : null, ""incoming_call_limiter"" : null, ""vpn_id"" : ""3703"", ""resource_type"" : ""SAN""}"
49605,3703,"{""id"" : 49605, ""name"" : ""3703_SCL_11106"", ""global_call_limiter"" : 2, ""outgoing_call_limiter"" : null, ""incoming_call_limiter"" : null, ""vpn_id"" : ""3703"", ""resource_type"" : ""SAN""}"
406231,10012299,"{""id"" : 406231, ""name"" : ""CD0HX8FBDA"", ""global_call_limiter"" : 20, ""outgoing_call_limiter"" : 20, ""incoming_call_limiter"" : 20, ""vpn_id"" : ""10012299"", ""resource_type"" : ""SITE""}"
50546,3768,"{""id"" : 50546, ""name"" : ""3768_SCL_11121"", ""global_call_limiter"" : 5, ""outgoing_call_limiter"" : null, ""incoming_call_limiter"" : null, ""vpn_id"" : ""3768"", ""resource_type"" : ""SAN""}"
50548,3768,"{""id"" : 50548, ""name"" : ""3768_SCL_11104"", ""global_call_limiter"" : 5, ""outgoing_call_limiter"" : null, ""incoming_call_limiter"" : null, ""vpn_id"" : ""3768"", ""resource_type"" : ""SAN""}"
50549,3768,"{""id"" : 50549, ""name"" : ""3768_SCL_11103"", ""global_call_limiter"" : 5, ""outgoing_call_limiter"" : null, ""incoming_call_limiter"" : null, ""vpn_id"" : ""3768"", ""resource_type"" : ""SAN""}"
50550,3768,"{""id"" : 50550, ""name"" : ""3768_SCL_11120"", ""global_call_limiter"" : 5, ""outgoing_call_limiter"" : null, ""incoming_call_limiter"" : null, ""vpn_id"" : ""3768"", ""resource_type"" : ""SAN""}"
418714,10017445,"{""id"" : 418714, ""name"" : ""CD0GK4Y34C"", ""global_call_limiter"" : 30, ""outgoing_call_limiter"" : 30, ""incoming_call_limiter"" : 30, ""vpn_id"" : ""10017445"", ""resource_type"" : ""SITE""}"
44597,3639,"{""id"" : 44597, ""name"" : ""Lufthansa_SCL_1"", ""global_call_limiter"" : 4, ""outgoing_call_limiter"" : null, ""incoming_call_limiter"" : null, ""vpn_id"" : ""3639"", ""resource_type"" : ""SAN""}"
38804,3350,"{""id"" : 38804, ""name"" : ""3350_SCL_11111"", ""global_call_limiter"" : 15, ""outgoing_call_limiter"" : null, ""incoming_call_limiter"" : null, ""vpn_id"" : ""3350"", ""resource_type"" : ""SAN""}"
38805,3350,"{""id"" : 38805, ""name"" : ""3350_SCL_11112"", ""global_call_limiter"" : 15, ""outgoing_call_limiter"" : null, ""incoming_call_limiter"" : null, ""vpn_id"" : ""3350"", ""resource_type"" : ""SAN""}"
38806,3350,"{""id"" : 38806, ""name"" : ""3350_SCL_11113"", ""global_call_limiter"" : 15, ""outgoing_call_limiter"" : null, ""incoming_call_limiter"" : null, ""vpn_id"" : ""3350"", ""resource_type"" : ""SAN""}"
414436,10002131,"{""id"" : 414436, ""name"" : ""CD0L4TMGE1"", ""global_call_limiter"" : 80, ""outgoing_call_limiter"" : 80, ""incoming_call_limiter"" : 80, ""vpn_id"" : ""10002131"", ""resource_type"" : ""SITE""}"
414609,3399,"{""id"" : 414609, ""name"" : ""CD0L4LFAB7"", ""global_call_limiter"" : 70, ""outgoing_call_limiter"" : 70, ""incoming_call_limiter"" : 70, ""vpn_id"" : ""3399"", ""resource_type"" : ""SITE""}"
424343,10017511,"{""id"" : 424343, ""name"" : ""CD0MGG2J94"", ""global_call_limiter"" : 12, ""outgoing_call_limiter"" : 12, ""incoming_call_limiter"" : 12, ""vpn_id"" : ""10017511"", ""resource_type"" : ""SITE""}"
51447,3235,"{""id"" : 51447, ""name"" : ""3235_SCL_11107"", ""global_call_limiter"" : 2, ""outgoing_call_limiter"" : null, ""incoming_call_limiter"" : null, ""vpn_id"" : ""3235"", ""resource_type"" : ""SAN""}"
51448,3235,"{""id"" : 51448, ""name"" : ""3235_SCL_11108"", ""global_call_limiter"" : 1, ""outgoing_call_limiter"" : null, ""incoming_call_limiter"" : null, ""vpn_id"" : ""3235"", ""resource_type"" : ""SAN""}"
51449,3235,"{""id"" : 51449, ""name"" : ""3235_SCL_11109"", ""global_call_limiter"" : 2, ""outgoing_call_limiter"" : null, ""incoming_call_limiter"" : null, ""vpn_id"" : ""3235"", ""resource_type"" : ""SAN""}"
424754,10014420,"{""id"" : 424754, ""name"" : ""CD0KS9FCE1"", ""global_call_limiter"" : 18, ""outgoing_call_limiter"" : 18, ""incoming_call_limiter"" : 18, ""vpn_id"" : ""10014420"", ""resource_type"" : ""SITE""}"
426859,10002278,"{""id"" : 426859, ""name"" : ""CD05VCASF6"", ""global_call_limiter"" : 2000, ""outgoing_call_limiter"" : 2000, ""incoming_call_limiter"" : 2000, ""vpn_id"" : ""10002278"", ""resource_type"" : ""SITE""}"
48497,3644,"{""id"" : 48497, ""name"" : ""3644_SCL_11130"", ""global_call_limiter"" : 2, ""outgoing_call_limiter"" : null, ""incoming_call_limiter"" : null, ""vpn_id"" : ""3644"", ""resource_type"" : ""SAN""}"
51450,3235,"{""id"" : 51450, ""name"" : ""3235_SCL_11110"", ""global_call_limiter"" : 1, ""outgoing_call_limiter"" : null, ""incoming_call_limiter"" : null, ""vpn_id"" : ""3235"", ""resource_type"" : ""SAN""}"
51451,3235,"{""id"" : 51451, ""name"" : ""3235_SCL_11111"", ""global_call_limiter"" : 1, ""outgoing_call_limiter"" : null, ""incoming_call_limiter"" : null, ""vpn_id"" : ""3235"", ""resource_type"" : ""SAN""}"
51452,3235,"{""id"" : 51452, ""name"" : ""3235_SCL_11112"", ""global_call_limiter"" : 12, ""outgoing_call_limiter"" : null, ""incoming_call_limiter"" : null, ""vpn_id"" : ""3235"", ""resource_type"" : ""SAN""}"
51453,3235,"{""id"" : 51453, ""name"" : ""3235_SCL_11113"", ""global_call_limiter"" : 1, ""outgoing_call_limiter"" : null, ""incoming_call_limiter"" : null, ""vpn_id"" : ""3235"", ""resource_type"" : ""SAN""}"
51454,3235,"{""id"" : 51454, ""name"" : ""3235_SCL_11114"", ""global_call_limiter"" : 1, ""outgoing_call_limiter"" : null, ""incoming_call_limiter"" : null, ""vpn_id"" : ""3235"", ""resource_type"" : ""SAN""}"
27808,4400,"{""id"" : 27808, ""name"" : ""Mercer_SCL_1"", ""global_call_limiter"" : 4, ""outgoing_call_limiter"" : 4, ""incoming_call_limiter"" : 4, ""vpn_id"" : ""4400"", ""resource_type"" : ""SITE""}"
415970,10007297,"{""id"" : 415970, ""name"" : ""CD0LA92J87"", ""global_call_limiter"" : 45, ""outgoing_call_limiter"" : 45, ""incoming_call_limiter"" : 45, ""vpn_id"" : ""10007297"", ""resource_type"" : ""SITE""}"
407240,10004286,"{""id"" : 407240, ""name"" : ""CD0K0CEWEF"", ""global_call_limiter"" : 550, ""outgoing_call_limiter"" : 550, ""incoming_call_limiter"" : 550, ""vpn_id"" : ""10004286"", ""resource_type"" : ""SITE""}"
414975,10018813,"{""id"" : 414975, ""name"" : ""CD0KGWHN8B"", ""global_call_limiter"" : 8, ""outgoing_call_limiter"" : 8, ""incoming_call_limiter"" : 8, ""vpn_id"" : ""10018813"", ""resource_type"" : ""SITE""}"
392087,10004550,"{""id"" : 392087, ""name"" : ""CD0HJMDJEF"", ""global_call_limiter"" : 80, ""outgoing_call_limiter"" : 80, ""incoming_call_limiter"" : 80, ""vpn_id"" : ""10004550"", ""resource_type"" : ""SITE""}"
392120,10003845,"{""id"" : 392120, ""name"" : ""CD0GV8S96E"", ""global_call_limiter"" : 100, ""outgoing_call_limiter"" : 100, ""incoming_call_limiter"" : 100, ""vpn_id"" : ""10003845"", ""resource_type"" : ""SITE""}"
51852,3819,"{""id"" : 51852, ""name"" : ""3819_SCL_11119"", ""global_call_limiter"" : 3, ""outgoing_call_limiter"" : null, ""incoming_call_limiter"" : null, ""vpn_id"" : ""3819"", ""resource_type"" : ""SAN""}"
424604,10007816,"{""id"" : 424604, ""name"" : ""CD0MMBVS93"", ""global_call_limiter"" : 200, ""outgoing_call_limiter"" : 200, ""incoming_call_limiter"" : 200, ""vpn_id"" : ""10007816"", ""resource_type"" : ""SITE""}"
424908,10002621,"{""id"" : 424908, ""name"" : ""CD06N7HMEC"", ""global_call_limiter"" : 30, ""outgoing_call_limiter"" : 30, ""incoming_call_limiter"" : 30, ""vpn_id"" : ""10002621"", ""resource_type"" : ""SITE""}"
425330,10001019,"{""id"" : 425330, ""name"" : ""CD04MY7TB9"", ""global_call_limiter"" : 2000, ""outgoing_call_limiter"" : 2000, ""incoming_call_limiter"" : 2000, ""vpn_id"" : ""10001019"", ""resource_type"" : ""SITE""}"
425392,10010360,"{""id"" : 425392, ""name"" : ""CD0MPPPVFA"", ""global_call_limiter"" : 30, ""outgoing_call_limiter"" : 30, ""incoming_call_limiter"" : 30, ""vpn_id"" : ""10010360"", ""resource_type"" : ""SITE""}"
425909,10004093,"{""id"" : 425909, ""name"" : ""CD0MYSX294"", ""global_call_limiter"" : 100, ""outgoing_call_limiter"" : 100, ""incoming_call_limiter"" : 100, ""vpn_id"" : ""10004093"", ""resource_type"" : ""SITE""}"
426593,10000959,"{""id"" : 426593, ""name"" : ""CD05V7GYC4"", ""global_call_limiter"" : 2000, ""outgoing_call_limiter"" : 2000, ""incoming_call_limiter"" : 2000, ""vpn_id"" : ""10000959"", ""resource_type"" : ""SITE""}"
426596,10002269,"{""id"" : 426596, ""name"" : ""CD05V87XE7"", ""global_call_limiter"" : 2000, ""outgoing_call_limiter"" : 2000, ""incoming_call_limiter"" : 2000, ""vpn_id"" : ""10002269"", ""resource_type"" : ""SITE""}"
51463,3235,"{""id"" : 51463, ""name"" : ""3235_SCL_11123"", ""global_call_limiter"" : 3, ""outgoing_call_limiter"" : null, ""incoming_call_limiter"" : null, ""vpn_id"" : ""3235"", ""resource_type"" : ""SAN""}"
51464,3235,"{""id"" : 51464, ""name"" : ""3235_SCL_11124"", ""global_call_limiter"" : 1, ""outgoing_call_limiter"" : null, ""incoming_call_limiter"" : null, ""vpn_id"" : ""3235"", ""resource_type"" : ""SAN""}"
51465,3235,"{""id"" : 51465, ""name"" : ""3235_SCL_11125"", ""global_call_limiter"" : 1, ""outgoing_call_limiter"" : null, ""incoming_call_limiter"" : null, ""vpn_id"" : ""3235"", ""resource_type"" : ""SAN""}"
51466,3235,"{""id"" : 51466, ""name"" : ""3235_SCL_11126"", ""global_call_limiter"" : 3, ""outgoing_call_limiter"" : null, ""incoming_call_limiter"" : null, ""vpn_id"" : ""3235"", ""resource_type"" : ""SAN""}"
51467,3235,"{""id"" : 51467, ""name"" : ""3235_SCL_11127"", ""global_call_limiter"" : 1, ""outgoing_call_limiter"" : null, ""incoming_call_limiter"" : null, ""vpn_id"" : ""3235"", ""resource_type"" : ""SAN""}"
51468,3235,"{""id"" : 51468, ""name"" : ""3235_SCL_11128"", ""global_call_limiter"" : 1, ""outgoing_call_limiter"" : null, ""incoming_call_limiter"" : null, ""vpn_id"" : ""3235"", ""resource_type"" : ""SAN""}"
51469,3235,"{""id"" : 51469, ""name"" : ""3235_SCL_11134"", ""global_call_limiter"" : 1, ""outgoing_call_limiter"" : null, ""incoming_call_limiter"" : null, ""vpn_id"" : ""3235"", ""resource_type"" : ""SAN""}"
51470,3235,"{""id"" : 51470, ""name"" : ""3235_SCL_11129"", ""global_call_limiter"" : 3, ""outgoing_call_limiter"" : null, ""incoming_call_limiter"" : null, ""vpn_id"" : ""3235"", ""resource_type"" : ""SAN""}"
51471,3235,"{""id"" : 51471, ""name"" : ""3235_SCL_11130"", ""global_call_limiter"" : 1, ""outgoing_call_limiter"" : null, ""incoming_call_limiter"" : null, ""vpn_id"" : ""3235"", ""resource_type"" : ""SAN""}"
51472,3235,"{""id"" : 51472, ""name"" : ""3235_SCL_11131"", ""global_call_limiter"" : 1, ""outgoing_call_limiter"" : null, ""incoming_call_limiter"" : null, ""vpn_id"" : ""3235"", ""resource_type"" : ""SAN""}"
51473,3235,"{""id"" : 51473, ""name"" : ""3235_SCL_11132"", ""global_call_limiter"" : 1, ""outgoing_call_limiter"" : null, ""incoming_call_limiter"" : null, ""vpn_id"" : ""3235"", ""resource_type"" : ""SAN""}"
51474,3235,"{""id"" : 51474, ""name"" : ""3235_SCL_11133"", ""global_call_limiter"" : 1, ""outgoing_call_limiter"" : null, ""incoming_call_limiter"" : null, ""vpn_id"" : ""3235"", ""resource_type"" : ""SAN""}"
49606,3703,"{""id"" : 49606, ""name"" : ""3703_SCL_11107"", ""global_call_limiter"" : 2, ""outgoing_call_limiter"" : null, ""incoming_call_limiter"" : null, ""vpn_id"" : ""3703"", ""resource_type"" : ""SAN""}"
49607,3703,"{""id"" : 49607, ""name"" : ""3703_SCL_11108"", ""global_call_limiter"" : 4, ""outgoing_call_limiter"" : null, ""incoming_call_limiter"" : null, ""vpn_id"" : ""3703"", ""resource_type"" : ""SAN""}"
49608,3703,"{""id"" : 49608, ""name"" : ""3703_SCL_11109"", ""global_call_limiter"" : 2, ""outgoing_call_limiter"" : null, ""incoming_call_limiter"" : null, ""vpn_id"" : ""3703"", ""resource_type"" : ""SAN""}"
49609,3703,"{""id"" : 49609, ""name"" : ""3703_SCL_11110"", ""global_call_limiter"" : 4, ""outgoing_call_limiter"" : null, ""incoming_call_limiter"" : null, ""vpn_id"" : ""3703"", ""resource_type"" : ""SAN""}"
44598,3639,"{""id"" : 44598, ""name"" : ""Lufthansa_SCL_2"", ""global_call_limiter"" : 10, ""outgoing_call_limiter"" : null, ""incoming_call_limiter"" : null, ""vpn_id"" : ""3639"", ""resource_type"" : ""SAN""}"
51443,3235,"{""id"" : 51443, ""name"" : ""3235_SCL_11103"", ""global_call_limiter"" : 1, ""outgoing_call_limiter"" : null, ""incoming_call_limiter"" : null, ""vpn_id"" : ""3235"", ""resource_type"" : ""SAN""}"
51444,3235,"{""id"" : 51444, ""name"" : ""3235_SCL_11104"", ""global_call_limiter"" : 5, ""outgoing_call_limiter"" : null, ""incoming_call_limiter"" : null, ""vpn_id"" : ""3235"", ""resource_type"" : ""SAN""}"
51445,3235,"{""id"" : 51445, ""name"" : ""3235_SCL_11105"", ""global_call_limiter"" : 1, ""outgoing_call_limiter"" : null, ""incoming_call_limiter"" : null, ""vpn_id"" : ""3235"", ""resource_type"" : ""SAN""}"
51446,3235,"{""id"" : 51446, ""name"" : ""3235_SCL_11106"", ""global_call_limiter"" : 1, ""outgoing_call_limiter"" : null, ""incoming_call_limiter"" : null, ""vpn_id"" : ""3235"", ""resource_type"" : ""SAN""}"
423659,10009974,"{""id"" : 423659, ""name"" : ""CD0MFYK3AA"", ""global_call_limiter"" : 25, ""outgoing_call_limiter"" : 25, ""incoming_call_limiter"" : 25, ""vpn_id"" : ""10009974"", ""resource_type"" : ""SITE""}"
415045,10005188,"{""id"" : 415045, ""name"" : ""CD0L5UVUF5"", ""global_call_limiter"" : 80, ""outgoing_call_limiter"" : 80, ""incoming_call_limiter"" : 68, ""vpn_id"" : ""10005188"", ""resource_type"" : ""SITE""}"
415104,10000127,"{""id"" : 415104, ""name"" : ""CD0L96UWBD"", ""global_call_limiter"" : 10, ""outgoing_call_limiter"" : 10, ""incoming_call_limiter"" : 10, ""vpn_id"" : ""10000127"", ""resource_type"" : ""SITE""}"
421754,10006912,"{""id"" : 421754, ""name"" : ""CD0M6KQ8CB"", ""global_call_limiter"" : 10, ""outgoing_call_limiter"" : 10, ""incoming_call_limiter"" : 10, ""vpn_id"" : ""10006912"", ""resource_type"" : ""SITE""}"
421364,10008543,"{""id"" : 421364, ""name"" : ""CD0M5WT088"", ""global_call_limiter"" : 500, ""outgoing_call_limiter"" : 500, ""incoming_call_limiter"" : 500, ""vpn_id"" : ""10008543"", ""resource_type"" : ""SITE""}"
421385,5608,"{""id"" : 421385, ""name"" : ""CD0M902JA3"", ""global_call_limiter"" : 10, ""outgoing_call_limiter"" : 10, ""incoming_call_limiter"" : 10, ""vpn_id"" : ""5608"", ""resource_type"" : ""SITE""}"
70132,3189,"{""id"" : 70132, ""name"" : ""3189_SCL_11229"", ""global_call_limiter"" : 5, ""outgoing_call_limiter"" : null, ""incoming_call_limiter"" : null, ""vpn_id"" : ""3189"", ""resource_type"" : ""SAN""}"
417775,10003833,"{""id"" : 417775, ""name"" : ""CD0LN0VABA"", ""global_call_limiter"" : 60, ""outgoing_call_limiter"" : 60, ""incoming_call_limiter"" : 60, ""vpn_id"" : ""10003833"", ""resource_type"" : ""SITE""}"
418643,10007159,"{""id"" : 418643, ""name"" : ""CD0LBX67BF"", ""global_call_limiter"" : 20, ""outgoing_call_limiter"" : 20, ""incoming_call_limiter"" : 20, ""vpn_id"" : ""10007159"", ""resource_type"" : ""SITE""}"
429379,10003800,"{""id"" : 429379, ""name"" : ""CD0NFNPR85"", ""global_call_limiter"" : 40, ""outgoing_call_limiter"" : 40, ""incoming_call_limiter"" : 40, ""vpn_id"" : ""10003800"", ""resource_type"" : ""SITE""}"
429975,10004926,"{""id"" : 429975, ""name"" : ""CD0NNYQ492"", ""global_call_limiter"" : 100, ""outgoing_call_limiter"" : 100, ""incoming_call_limiter"" : 100, ""vpn_id"" : ""10004926"", ""resource_type"" : ""SITE""}"
429966,10003950,"{""id"" : 429966, ""name"" : ""CD0NKXBSF0"", ""global_call_limiter"" : 60, ""outgoing_call_limiter"" : 60, ""incoming_call_limiter"" : 60, ""vpn_id"" : ""10003950"", ""resource_type"" : ""SITE""}"
429698,10011499,"{""id"" : 429698, ""name"" : ""CD0NNBNWAB"", ""global_call_limiter"" : 10, ""outgoing_call_limiter"" : 10, ""incoming_call_limiter"" : 10, ""vpn_id"" : ""10011499"", ""resource_type"" : ""SITE""}"
68388,3763,"{""id"" : 68388, ""name"" : ""3763_SCL_11014"", ""global_call_limiter"" : 5, ""outgoing_call_limiter"" : null, ""incoming_call_limiter"" : null, ""vpn_id"" : ""3763"", ""resource_type"" : ""SAN""}"
68389,3763,"{""id"" : 68389, ""name"" : ""3763_SCL_11015"", ""global_call_limiter"" : 5, ""outgoing_call_limiter"" : null, ""incoming_call_limiter"" : null, ""vpn_id"" : ""3763"", ""resource_type"" : ""SAN""}"
68390,3763,"{""id"" : 68390, ""name"" : ""3763_SCL_11016"", ""global_call_limiter"" : 5, ""outgoing_call_limiter"" : null, ""incoming_call_limiter"" : null, ""vpn_id"" : ""3763"", ""resource_type"" : ""SAN""}"
429858,10004179,"{""id"" : 429858, ""name"" : ""CD0NCLD4EC"", ""global_call_limiter"" : 11, ""outgoing_call_limiter"" : 11, ""incoming_call_limiter"" : 11, ""vpn_id"" : ""10004179"", ""resource_type"" : ""SITE""}"
429899,10010878,"{""id"" : 429899, ""name"" : ""CD0NA5DS9D"", ""global_call_limiter"" : 100, ""outgoing_call_limiter"" : 100, ""incoming_call_limiter"" : 100, ""vpn_id"" : ""10010878"", ""resource_type"" : ""SITE""}"
408067,10002348,"{""id"" : 408067, ""name"" : ""CD0K1TCN87"", ""global_call_limiter"" : 50, ""outgoing_call_limiter"" : 50, ""incoming_call_limiter"" : 50, ""vpn_id"" : ""10002348"", ""resource_type"" : ""SITE""}"
426404,10002292,"{""id"" : 426404, ""name"" : ""CD05V8G788"", ""global_call_limiter"" : 2000, ""outgoing_call_limiter"" : 2000, ""incoming_call_limiter"" : 2000, ""vpn_id"" : ""10002292"", ""resource_type"" : ""SITE""}"
409416,10003564,"{""id"" : 409416, ""name"" : ""CD0KC1KFD4"", ""global_call_limiter"" : 80, ""outgoing_call_limiter"" : 80, ""incoming_call_limiter"" : 80, ""vpn_id"" : ""10003564"", ""resource_type"" : ""SITE""}"
415277,10000810,"{""id"" : 415277, ""name"" : ""CD046DE99F"", ""global_call_limiter"" : 30, ""outgoing_call_limiter"" : 30, ""incoming_call_limiter"" : 30, ""vpn_id"" : ""10000810"", ""resource_type"" : ""SITE""}"
416135,10002324,"{""id"" : 416135, ""name"" : ""CD05YZE5C5"", ""global_call_limiter"" : 60, ""outgoing_call_limiter"" : 60, ""incoming_call_limiter"" : 60, ""vpn_id"" : ""10002324"", ""resource_type"" : ""SITE""}"
410048,10004502,"{""id"" : 410048, ""name"" : ""CD0KEXNVB2"", ""global_call_limiter"" : 50, ""outgoing_call_limiter"" : 50, ""incoming_call_limiter"" : 50, ""vpn_id"" : ""10004502"", ""resource_type"" : ""SITE""}"
411507,10007594,"{""id"" : 411507, ""name"" : ""CD0KKQKY88"", ""global_call_limiter"" : 85, ""outgoing_call_limiter"" : 85, ""incoming_call_limiter"" : 85, ""vpn_id"" : ""10007594"", ""resource_type"" : ""SITE""}"
412052,10000127,"{""id"" : 412052, ""name"" : ""CD0KNCAXE5"", ""global_call_limiter"" : 30, ""outgoing_call_limiter"" : 30, ""incoming_call_limiter"" : 30, ""vpn_id"" : ""10000127"", ""resource_type"" : ""SITE""}"
413609,10005649,"{""id"" : 413609, ""name"" : ""CD0KZQ7U84"", ""global_call_limiter"" : 50, ""outgoing_call_limiter"" : 50, ""incoming_call_limiter"" : 50, ""vpn_id"" : ""10005649"", ""resource_type"" : ""SITE""}"
51441,3235,"{""id"" : 51441, ""name"" : ""3235_SCL_11101"", ""global_call_limiter"" : 6, ""outgoing_call_limiter"" : null, ""incoming_call_limiter"" : null, ""vpn_id"" : ""3235"", ""resource_type"" : ""SAN""}"
51442,3235,"{""id"" : 51442, ""name"" : ""3235_SCL_11102"", ""global_call_limiter"" : 1, ""outgoing_call_limiter"" : null, ""incoming_call_limiter"" : null, ""vpn_id"" : ""3235"", ""resource_type"" : ""SAN""}"
49627,3718,"{""id"" : 49627, ""name"" : ""3718_SCL_11105"", ""global_call_limiter"" : 1, ""outgoing_call_limiter"" : null, ""incoming_call_limiter"" : null, ""vpn_id"" : ""3718"", ""resource_type"" : ""SAN""}"
51729,3604,"{""id"" : 51729, ""name"" : ""3604_SCL_11103"", ""global_call_limiter"" : 20, ""outgoing_call_limiter"" : null, ""incoming_call_limiter"" : null, ""vpn_id"" : ""3604"", ""resource_type"" : ""SAN""}"
51728,3604,"{""id"" : 51728, ""name"" : ""3604_SCL_11102"", ""global_call_limiter"" : 3, ""outgoing_call_limiter"" : null, ""incoming_call_limiter"" : null, ""vpn_id"" : ""3604"", ""resource_type"" : ""SAN""}"
49159,3314,"{""id"" : 49159, ""name"" : ""3314_SCL_11151"", ""global_call_limiter"" : 5, ""outgoing_call_limiter"" : null, ""incoming_call_limiter"" : null, ""vpn_id"" : ""3314"", ""resource_type"" : ""SAN""}"
49160,3314,"{""id"" : 49160, ""name"" : ""3314_SCL_11153"", ""global_call_limiter"" : 5, ""outgoing_call_limiter"" : null, ""incoming_call_limiter"" : null, ""vpn_id"" : ""3314"", ""resource_type"" : ""SAN""}"
49161,3314,"{""id"" : 49161, ""name"" : ""3314_SCL_11155"", ""global_call_limiter"" : 5, ""outgoing_call_limiter"" : null, ""incoming_call_limiter"" : null, ""vpn_id"" : ""3314"", ""resource_type"" : ""SAN""}"
36654,1111,"{""id"" : 36654, ""name"" : ""VoiceImplementation"", ""global_call_limiter"" : 10, ""outgoing_call_limiter"" : 10, ""incoming_call_limiter"" : 10, ""vpn_id"" : ""1111"", ""resource_type"" : ""SITE""}"
70490,3695,"{""id"" : 70490, ""name"" : ""3695_SCL_12026"", ""global_call_limiter"" : 3, ""outgoing_call_limiter"" : null, ""incoming_call_limiter"" : null, ""vpn_id"" : ""3695"", ""resource_type"" : ""SAN""}"
70494,3695,"{""id"" : 70494, ""name"" : ""3695_SCL_12074"", ""global_call_limiter"" : 3, ""outgoing_call_limiter"" : null, ""incoming_call_limiter"" : null, ""vpn_id"" : ""3695"", ""resource_type"" : ""SAN""}"
49155,3314,"{""id"" : 49155, ""name"" : ""3314_SCL_11143"", ""global_call_limiter"" : 5, ""outgoing_call_limiter"" : null, ""incoming_call_limiter"" : null, ""vpn_id"" : ""3314"", ""resource_type"" : ""SAN""}"
49156,3314,"{""id"" : 49156, ""name"" : ""3314_SCL_11145"", ""global_call_limiter"" : 5, ""outgoing_call_limiter"" : null, ""incoming_call_limiter"" : null, ""vpn_id"" : ""3314"", ""resource_type"" : ""SAN""}"
49157,3314,"{""id"" : 49157, ""name"" : ""3314_SCL_11147"", ""global_call_limiter"" : 5, ""outgoing_call_limiter"" : null, ""incoming_call_limiter"" : null, ""vpn_id"" : ""3314"", ""resource_type"" : ""SAN""}"
49158,3314,"{""id"" : 49158, ""name"" : ""3314_SCL_11149"", ""global_call_limiter"" : 5, ""outgoing_call_limiter"" : null, ""incoming_call_limiter"" : null, ""vpn_id"" : ""3314"", ""resource_type"" : ""SAN""}"
412376,10008533,"{""id"" : 412376, ""name"" : ""CD0KQBRGFC"", ""global_call_limiter"" : 20, ""outgoing_call_limiter"" : 20, ""incoming_call_limiter"" : 20, ""vpn_id"" : ""10008533"", ""resource_type"" : ""SITE""}"
36959,3673,"{""id"" : 36959, ""name"" : ""SIP_Austin_HUB"", ""global_call_limiter"" : 210, ""outgoing_call_limiter"" : 210, ""incoming_call_limiter"" : 210, ""vpn_id"" : ""3673"", ""resource_type"" : ""SITE""}"
425324,10001014,"{""id"" : 425324, ""name"" : ""CD04KFQ498"", ""global_call_limiter"" : 2000, ""outgoing_call_limiter"" : 2000, ""incoming_call_limiter"" : 2000, ""vpn_id"" : ""10001014"", ""resource_type"" : ""SITE""}"
425329,10001014,"{""id"" : 425329, ""name"" : ""CD04MY2KA6"", ""global_call_limiter"" : 2000, ""outgoing_call_limiter"" : 2000, ""incoming_call_limiter"" : 2000, ""vpn_id"" : ""10001014"", ""resource_type"" : ""SITE""}"
50487,3593,"{""id"" : 50487, ""name"" : ""3593_SCL_11130"", ""global_call_limiter"" : 8, ""outgoing_call_limiter"" : null, ""incoming_call_limiter"" : null, ""vpn_id"" : ""3593"", ""resource_type"" : ""SAN""}"
50488,3593,"{""id"" : 50488, ""name"" : ""3593_SCL_11119"", ""global_call_limiter"" : 9, ""outgoing_call_limiter"" : null, ""incoming_call_limiter"" : null, ""vpn_id"" : ""3593"", ""resource_type"" : ""SAN""}"
50489,3593,"{""id"" : 50489, ""name"" : ""3593_SCL_11125"", ""global_call_limiter"" : 2, ""outgoing_call_limiter"" : null, ""incoming_call_limiter"" : null, ""vpn_id"" : ""3593"", ""resource_type"" : ""SAN""}"
415318,10003379,"{""id"" : 415318, ""name"" : ""CD084DD461"", ""global_call_limiter"" : 80, ""outgoing_call_limiter"" : 80, ""incoming_call_limiter"" : 80, ""vpn_id"" : ""10003379"", ""resource_type"" : ""SITE""}"
38809,3350,"{""id"" : 38809, ""name"" : ""3350_SCL_11116"", ""global_call_limiter"" : 15, ""outgoing_call_limiter"" : null, ""incoming_call_limiter"" : null, ""vpn_id"" : ""3350"", ""resource_type"" : ""SAN""}"
428224,3886,"{""id"" : 428224, ""name"" : ""CD0MWP9BED"", ""global_call_limiter"" : 10, ""outgoing_call_limiter"" : 10, ""incoming_call_limiter"" : 10, ""vpn_id"" : ""3886"", ""resource_type"" : ""SITE""}"
49163,3314,"{""id"" : 49163, ""name"" : ""3314_SCL_11159"", ""global_call_limiter"" : 5, ""outgoing_call_limiter"" : null, ""incoming_call_limiter"" : null, ""vpn_id"" : ""3314"", ""resource_type"" : ""SAN""}"
49133,3314,"{""id"" : 49133, ""name"" : ""3314_SCL_11105"", ""global_call_limiter"" : 5, ""outgoing_call_limiter"" : null, ""incoming_call_limiter"" : null, ""vpn_id"" : ""3314"", ""resource_type"" : ""SAN""}"
46152,4359,"{""id"" : 46152, ""name"" : ""4359_SCL_11101"", ""global_call_limiter"" : 15, ""outgoing_call_limiter"" : null, ""incoming_call_limiter"" : null, ""vpn_id"" : ""4359"", ""resource_type"" : ""SAN""}"
412463,10000127,"{""id"" : 412463, ""name"" : ""CD0KN2E3A8"", ""global_call_limiter"" : 30, ""outgoing_call_limiter"" : 30, ""incoming_call_limiter"" : 30, ""vpn_id"" : ""10000127"", ""resource_type"" : ""SITE""}"
424461,10010370,"{""id"" : 424461, ""name"" : ""CD0MQ9CN97"", ""global_call_limiter"" : 60, ""outgoing_call_limiter"" : 60, ""incoming_call_limiter"" : 60, ""vpn_id"" : ""10010370"", ""resource_type"" : ""SITE""}"
423456,10010007,"{""id"" : 423456, ""name"" : ""CD0MH8NT8B"", ""global_call_limiter"" : 240, ""outgoing_call_limiter"" : 240, ""incoming_call_limiter"" : 240, ""vpn_id"" : ""10010007"", ""resource_type"" : ""SITE""}"
37685,3694,"{""id"" : 37685, ""name"" : ""3694_SCL_11101"", ""global_call_limiter"" : 4, ""outgoing_call_limiter"" : null, ""incoming_call_limiter"" : null, ""vpn_id"" : ""3694"", ""resource_type"" : ""SAN""}"
413765,10012917,"{""id"" : 413765, ""name"" : ""CD0KPZX6DE"", ""global_call_limiter"" : 15, ""outgoing_call_limiter"" : 15, ""incoming_call_limiter"" : 15, ""vpn_id"" : ""10012917"", ""resource_type"" : ""SITE""}"
37663,3998,"{""id"" : 37663, ""name"" : ""VABF_DUB_CL2"", ""global_call_limiter"" : 2, ""outgoing_call_limiter"" : null, ""incoming_call_limiter"" : null, ""vpn_id"" : ""3998"", ""resource_type"" : ""SAN""}"
421477,10007913,"{""id"" : 421477, ""name"" : ""CD0M32EWB1"", ""global_call_limiter"" : 10, ""outgoing_call_limiter"" : 10, ""incoming_call_limiter"" : 10, ""vpn_id"" : ""10007913"", ""resource_type"" : ""SITE""}"
420712,10014784,"{""id"" : 420712, ""name"" : ""CD0M3FWC9D"", ""global_call_limiter"" : 4, ""outgoing_call_limiter"" : 4, ""incoming_call_limiter"" : 4, ""vpn_id"" : ""10014784"", ""resource_type"" : ""SITE""}"
51717,3258,"{""id"" : 51717, ""name"" : ""3258_SCL_11132"", ""global_call_limiter"" : 2, ""outgoing_call_limiter"" : null, ""incoming_call_limiter"" : null, ""vpn_id"" : ""3258"", ""resource_type"" : ""SAN""}"
51718,3258,"{""id"" : 51718, ""name"" : ""3258_SCL_11131"", ""global_call_limiter"" : 2, ""outgoing_call_limiter"" : null, ""incoming_call_limiter"" : null, ""vpn_id"" : ""3258"", ""resource_type"" : ""SAN""}"
424773,10002059,"{""id"" : 424773, ""name"" : ""CD0KCL96AA"", ""global_call_limiter"" : 6, ""outgoing_call_limiter"" : 6, ""incoming_call_limiter"" : 6, ""vpn_id"" : ""10002059"", ""resource_type"" : ""SITE""}"
425289,10000964,"{""id"" : 425289, ""name"" : ""CD04JNV8A4"", ""global_call_limiter"" : 2000, ""outgoing_call_limiter"" : 2000, ""incoming_call_limiter"" : 2000, ""vpn_id"" : ""10000964"", ""resource_type"" : ""SITE""}"
426607,10004163,"{""id"" : 426607, ""name"" : ""CD0FY79557"", ""global_call_limiter"" : 2000, ""outgoing_call_limiter"" : 2000, ""incoming_call_limiter"" : 2000, ""vpn_id"" : ""10004163"", ""resource_type"" : ""SITE""}"
427168,10005608,"{""id"" : 427168, ""name"" : ""CD0N40S1E7"", ""global_call_limiter"" : 30, ""outgoing_call_limiter"" : 30, ""incoming_call_limiter"" : 30, ""vpn_id"" : ""10005608"", ""resource_type"" : ""SITE""}"
427958,10008790,"{""id"" : 427958, ""name"" : ""CD0LJFN5FA"", ""global_call_limiter"" : 180, ""outgoing_call_limiter"" : 180, ""incoming_call_limiter"" : 180, ""vpn_id"" : ""10008790"", ""resource_type"" : ""SITE""}"
46667,3634,"{""id"" : 46667, ""name"" : ""3634_SCL_11121"", ""global_call_limiter"" : 7, ""outgoing_call_limiter"" : null, ""incoming_call_limiter"" : null, ""vpn_id"" : ""3634"", ""resource_type"" : ""SAN""}"
426474,10007741,"{""id"" : 426474, ""name"" : ""CD0N27FM8A"", ""global_call_limiter"" : 40, ""outgoing_call_limiter"" : 40, ""incoming_call_limiter"" : 40, ""vpn_id"" : ""10007741"", ""resource_type"" : ""SITE""}"
426478,10003426,"{""id"" : 426478, ""name"" : ""CD0MNGGN90"", ""global_call_limiter"" : 45, ""outgoing_call_limiter"" : 45, ""incoming_call_limiter"" : 45, ""vpn_id"" : ""10003426"", ""resource_type"" : ""SITE""}"
427588,10003003,"{""id"" : 427588, ""name"" : ""CD0N57W7F3"", ""global_call_limiter"" : 300, ""outgoing_call_limiter"" : 300, ""incoming_call_limiter"" : 300, ""vpn_id"" : ""10003003"", ""resource_type"" : ""SITE""}"
75349,3520,"{""id"" : 75349, ""name"" : ""3520_SCL_ETGE_5"", ""global_call_limiter"" : 5000, ""outgoing_call_limiter"" : null, ""incoming_call_limiter"" : null, ""vpn_id"" : ""3520"", ""resource_type"" : ""SAN""}"
428547,7102,"{""id"" : 428547, ""name"" : ""Emea-call-limiter"", ""global_call_limiter"" : 300, ""outgoing_call_limiter"" : null, ""incoming_call_limiter"" : null, ""vpn_id"" : ""7102"", ""resource_type"" : ""EQUIPMENT""}"
55098,3873,"{""id"" : 55098, ""name"" : ""3873_SCL_11131"", ""global_call_limiter"" : 8, ""outgoing_call_limiter"" : null, ""incoming_call_limiter"" : null, ""vpn_id"" : ""3873"", ""resource_type"" : ""SAN""}"
55099,3873,"{""id"" : 55099, ""name"" : ""3873_SCL_11132"", ""global_call_limiter"" : 8, ""outgoing_call_limiter"" : null, ""incoming_call_limiter"" : null, ""vpn_id"" : ""3873"", ""resource_type"" : ""SAN""}"
55100,3873,"{""id"" : 55100, ""name"" : ""3873_SCL_11133"", ""global_call_limiter"" : 8, ""outgoing_call_limiter"" : null, ""incoming_call_limiter"" : null, ""vpn_id"" : ""3873"", ""resource_type"" : ""SAN""}"
407575,10018629,"{""id"" : 407575, ""name"" : ""CD0K0U1C8C"", ""global_call_limiter"" : 30, ""outgoing_call_limiter"" : 30, ""incoming_call_limiter"" : 30, ""vpn_id"" : ""10018629"", ""resource_type"" : ""SITE""}"
426917,10004468,"{""id"" : 426917, ""name"" : ""CD0N4B3EBF"", ""global_call_limiter"" : 6000, ""outgoing_call_limiter"" : 6000, ""incoming_call_limiter"" : 6000, ""vpn_id"" : ""10004468"", ""resource_type"" : ""SITE""}"
58265,3701,"{""id"" : 58265, ""name"" : ""3701_SCL_11111"", ""global_call_limiter"" : 3, ""outgoing_call_limiter"" : null, ""incoming_call_limiter"" : null, ""vpn_id"" : ""3701"", ""resource_type"" : ""SAN""}"
58223,3259,"{""id"" : 58223, ""name"" : ""3259_SCL_11106"", ""global_call_limiter"" : 5, ""outgoing_call_limiter"" : null, ""incoming_call_limiter"" : null, ""vpn_id"" : ""3259"", ""resource_type"" : ""SAN""}"
58224,3259,"{""id"" : 58224, ""name"" : ""3259_SCL_11101"", ""global_call_limiter"" : 5, ""outgoing_call_limiter"" : null, ""incoming_call_limiter"" : null, ""vpn_id"" : ""3259"", ""resource_type"" : ""SAN""}"
408089,10008856,"{""id"" : 408089, ""name"" : ""CD0K4GX898"", ""global_call_limiter"" : 4, ""outgoing_call_limiter"" : 4, ""incoming_call_limiter"" : 4, ""vpn_id"" : ""10008856"", ""resource_type"" : ""SITE""}"
68380,3763,"{""id"" : 68380, ""name"" : ""3763_SCL_11005"", ""global_call_limiter"" : 2, ""outgoing_call_limiter"" : null, ""incoming_call_limiter"" : null, ""vpn_id"" : ""3763"", ""resource_type"" : ""SAN""}"
54655,3855,"{""id"" : 54655, ""name"" : ""3855_SCL_11103"", ""global_call_limiter"" : 1, ""outgoing_call_limiter"" : null, ""incoming_call_limiter"" : null, ""vpn_id"" : ""3855"", ""resource_type"" : ""SAN""}"
54656,3855,"{""id"" : 54656, ""name"" : ""3855_SCL_11106"", ""global_call_limiter"" : 1, ""outgoing_call_limiter"" : null, ""incoming_call_limiter"" : null, ""vpn_id"" : ""3855"", ""resource_type"" : ""SAN""}"
68382,3763,"{""id"" : 68382, ""name"" : ""3763_SCL_11007"", ""global_call_limiter"" : 5, ""outgoing_call_limiter"" : null, ""incoming_call_limiter"" : null, ""vpn_id"" : ""3763"", ""resource_type"" : ""SAN""}"
68384,3763,"{""id"" : 68384, ""name"" : ""3763_SCL_11010"", ""global_call_limiter"" : 4, ""outgoing_call_limiter"" : null, ""incoming_call_limiter"" : null, ""vpn_id"" : ""3763"", ""resource_type"" : ""SAN""}"
54810,3577,"{""id"" : 54810, ""name"" : ""3577_SCL_11112"", ""global_call_limiter"" : 10, ""outgoing_call_limiter"" : null, ""incoming_call_limiter"" : null, ""vpn_id"" : ""3577"", ""resource_type"" : ""SAN""}"
54811,3577,"{""id"" : 54811, ""name"" : ""3577_SCL_11101"", ""global_call_limiter"" : 10, ""outgoing_call_limiter"" : null, ""incoming_call_limiter"" : null, ""vpn_id"" : ""3577"", ""resource_type"" : ""SAN""}"
54812,3577,"{""id"" : 54812, ""name"" : ""3577_SCL_11110"", ""global_call_limiter"" : 2, ""outgoing_call_limiter"" : null, ""incoming_call_limiter"" : null, ""vpn_id"" : ""3577"", ""resource_type"" : ""SAN""}"
46557,3998,"{""id"" : 46557, ""name"" : ""VABF_CL2"", ""global_call_limiter"" : 1, ""outgoing_call_limiter"" : null, ""incoming_call_limiter"" : null, ""vpn_id"" : ""3998"", ""resource_type"" : ""SAN""}"
425418,10002284,"{""id"" : 425418, ""name"" : ""CD05VCA095"", ""global_call_limiter"" : 2000, ""outgoing_call_limiter"" : 2000, ""incoming_call_limiter"" : 2000, ""vpn_id"" : ""10002284"", ""resource_type"" : ""SITE""}"
408200,10003019,"{""id"" : 408200, ""name"" : ""CD0K5LCQCB"", ""global_call_limiter"" : 320, ""outgoing_call_limiter"" : 320, ""incoming_call_limiter"" : 320, ""vpn_id"" : ""10003019"", ""resource_type"" : ""SITE""}"
417056,10004216,"{""id"" : 417056, ""name"" : ""CD0L31YRA9"", ""global_call_limiter"" : 25, ""outgoing_call_limiter"" : 25, ""incoming_call_limiter"" : 25, ""vpn_id"" : ""10004216"", ""resource_type"" : ""SITE""}"
418930,10005218,"{""id"" : 418930, ""name"" : ""CD0LVK4DA5"", ""global_call_limiter"" : 400, ""outgoing_call_limiter"" : 400, ""incoming_call_limiter"" : 400, ""vpn_id"" : ""10005218"", ""resource_type"" : ""SITE""}"
56754,3670,"{""id"" : 56754, ""name"" : ""3670_SCL_11192"", ""global_call_limiter"" : 60, ""outgoing_call_limiter"" : null, ""incoming_call_limiter"" : null, ""vpn_id"" : ""3670"", ""resource_type"" : ""SAN""}"
43568,3255,"{""id"" : 43568, ""name"" : ""IPG Sitel Lisbon"", ""global_call_limiter"" : 210, ""outgoing_call_limiter"" : 210, ""incoming_call_limiter"" : 210, ""vpn_id"" : ""3255"", ""resource_type"" : ""SITE""}"
40056,10000049,"{""id"" : 40056, ""name"" : ""CD01URBQC1"", ""global_call_limiter"" : 1965, ""outgoing_call_limiter"" : 1965, ""incoming_call_limiter"" : 1965, ""vpn_id"" : ""10000049"", ""resource_type"" : ""SITE""}"
51708,3258,"{""id"" : 51708, ""name"" : ""3258_SCL_11122"", ""global_call_limiter"" : 1, ""outgoing_call_limiter"" : null, ""incoming_call_limiter"" : null, ""vpn_id"" : ""3258"", ""resource_type"" : ""SAN""}"
51709,3258,"{""id"" : 51709, ""name"" : ""3258_SCL_11123"", ""global_call_limiter"" : 1, ""outgoing_call_limiter"" : null, ""incoming_call_limiter"" : null, ""vpn_id"" : ""3258"", ""resource_type"" : ""SAN""}"
56180,3968,"{""id"" : 56180, ""name"" : ""3968_SCL_22206"", ""global_call_limiter"" : 2, ""outgoing_call_limiter"" : null, ""incoming_call_limiter"" : null, ""vpn_id"" : ""3968"", ""resource_type"" : ""SAN""}"
420330,10005654,"{""id"" : 420330, ""name"" : ""CD0KU4H1BE"", ""global_call_limiter"" : 90, ""outgoing_call_limiter"" : 90, ""incoming_call_limiter"" : 90, ""vpn_id"" : ""10005654"", ""resource_type"" : ""SITE""}"
420419,10003879,"{""id"" : 420419, ""name"" : ""CD0M477RA9"", ""global_call_limiter"" : 80, ""outgoing_call_limiter"" : 80, ""incoming_call_limiter"" : 80, ""vpn_id"" : ""10003879"", ""resource_type"" : ""SITE""}"
66733,3613,"{""id"" : 66733, ""name"" : ""3613_SCL_11135"", ""global_call_limiter"" : 3, ""outgoing_call_limiter"" : null, ""incoming_call_limiter"" : null, ""vpn_id"" : ""3613"", ""resource_type"" : ""SAN""}"
66734,3613,"{""id"" : 66734, ""name"" : ""3613_SCL_11136"", ""global_call_limiter"" : 4, ""outgoing_call_limiter"" : null, ""incoming_call_limiter"" : null, ""vpn_id"" : ""3613"", ""resource_type"" : ""SAN""}"
67878,3652,"{""id"" : 67878, ""name"" : ""3652_SCL_11102"", ""global_call_limiter"" : 19, ""outgoing_call_limiter"" : null, ""incoming_call_limiter"" : null, ""vpn_id"" : ""3652"", ""resource_type"" : ""SAN""}"
67879,3652,"{""id"" : 67879, ""name"" : ""3652_SCL_11101"", ""global_call_limiter"" : 11, ""outgoing_call_limiter"" : null, ""incoming_call_limiter"" : null, ""vpn_id"" : ""3652"", ""resource_type"" : ""SAN""}"
45486,3124,"{""id"" : 45486, ""name"" : ""3124_SCL_11115"", ""global_call_limiter"" : 2, ""outgoing_call_limiter"" : null, ""incoming_call_limiter"" : null, ""vpn_id"" : ""3124"", ""resource_type"" : ""SAN""}"
414504,10004265,"{""id"" : 414504, ""name"" : ""CD0L2XKMC3"", ""global_call_limiter"" : 40, ""outgoing_call_limiter"" : 40, ""incoming_call_limiter"" : 40, ""vpn_id"" : ""10004265"", ""resource_type"" : ""SITE""}"
421281,10017701,"{""id"" : 421281, ""name"" : ""CD0M8U8682"", ""global_call_limiter"" : 230, ""outgoing_call_limiter"" : 230, ""incoming_call_limiter"" : 230, ""vpn_id"" : ""10017701"", ""resource_type"" : ""SITE""}"
49149,3314,"{""id"" : 49149, ""name"" : ""3314_SCL_11131"", ""global_call_limiter"" : 5, ""outgoing_call_limiter"" : null, ""incoming_call_limiter"" : null, ""vpn_id"" : ""3314"", ""resource_type"" : ""SAN""}"
49150,3314,"{""id"" : 49150, ""name"" : ""3314_SCL_11133"", ""global_call_limiter"" : 5, ""outgoing_call_limiter"" : null, ""incoming_call_limiter"" : null, ""vpn_id"" : ""3314"", ""resource_type"" : ""SAN""}"
60300,3841,"{""id"" : 60300, ""name"" : ""3841_SCL_11116"", ""global_call_limiter"" : 3, ""outgoing_call_limiter"" : null, ""incoming_call_limiter"" : null, ""vpn_id"" : ""3841"", ""resource_type"" : ""SAN""}"
19645,4475,"{""id"" : 19645, ""name"" : ""Allergan_LAM_CL"", ""global_call_limiter"" : 20, ""outgoing_call_limiter"" : 20, ""incoming_call_limiter"" : 20, ""vpn_id"" : ""4475"", ""resource_type"" : ""SITE""}"
421982,10016376,"{""id"" : 421982, ""name"" : ""CD0M4BTU93"", ""global_call_limiter"" : 30, ""outgoing_call_limiter"" : 30, ""incoming_call_limiter"" : 30, ""vpn_id"" : ""10016376"", ""resource_type"" : ""SITE""}"
406662,10003994,"{""id"" : 406662, ""name"" : ""CD0JSYR6C3"", ""global_call_limiter"" : 270, ""outgoing_call_limiter"" : 270, ""incoming_call_limiter"" : 270, ""vpn_id"" : ""10003994"", ""resource_type"" : ""SITE""}"
424803,10004440,"{""id"" : 424803, ""name"" : ""CD0M7KZLBC"", ""global_call_limiter"" : 2, ""outgoing_call_limiter"" : 2, ""incoming_call_limiter"" : 2, ""vpn_id"" : ""10004440"", ""resource_type"" : ""SITE""}"
424123,10009611,"{""id"" : 424123, ""name"" : ""CD0M5NJHA5"", ""global_call_limiter"" : 15, ""outgoing_call_limiter"" : 15, ""incoming_call_limiter"" : 15, ""vpn_id"" : ""10009611"", ""resource_type"" : ""SITE""}"
424210,10002549,"{""id"" : 424210, ""name"" : ""CD06FJSWFB"", ""global_call_limiter"" : 8, ""outgoing_call_limiter"" : 8, ""incoming_call_limiter"" : 8, ""vpn_id"" : ""10002549"", ""resource_type"" : ""SITE""}"
70120,3189,"{""id"" : 70120, ""name"" : ""3189_SCL_11212"", ""global_call_limiter"" : 5, ""outgoing_call_limiter"" : null, ""incoming_call_limiter"" : null, ""vpn_id"" : ""3189"", ""resource_type"" : ""SAN""}"
428556,10003379,"{""id"" : 428556, ""name"" : ""CD0N49LRB2"", ""global_call_limiter"" : 80, ""outgoing_call_limiter"" : 80, ""incoming_call_limiter"" : 80, ""vpn_id"" : ""10003379"", ""resource_type"" : ""SITE""}"
405758,10004431,"{""id"" : 405758, ""name"" : ""CD0JRQJM88"", ""global_call_limiter"" : 23, ""outgoing_call_limiter"" : 23, ""incoming_call_limiter"" : 23, ""vpn_id"" : ""10004431"", ""resource_type"" : ""SITE""}"
429498,10005197,"{""id"" : 429498, ""name"" : ""CD0N9TQHC6"", ""global_call_limiter"" : 30, ""outgoing_call_limiter"" : 30, ""incoming_call_limiter"" : 30, ""vpn_id"" : ""10005197"", ""resource_type"" : ""SITE""}"
428548,7102,"{""id"" : 428548, ""name"" : ""APA-call-limiter"", ""global_call_limiter"" : 20, ""outgoing_call_limiter"" : null, ""incoming_call_limiter"" : null, ""vpn_id"" : ""7102"", ""resource_type"" : ""EQUIPMENT""}"
429671,10005595,"{""id"" : 429671, ""name"" : ""CD0MZLENA9"", ""global_call_limiter"" : 8, ""outgoing_call_limiter"" : 8, ""incoming_call_limiter"" : 8, ""vpn_id"" : ""10005595"", ""resource_type"" : ""SITE""}"
426638,10003291,"{""id"" : 426638, ""name"" : ""CD0MYS4395"", ""global_call_limiter"" : 8, ""outgoing_call_limiter"" : 8, ""incoming_call_limiter"" : 8, ""vpn_id"" : ""10003291"", ""resource_type"" : ""SITE""}"
426980,10006404,"{""id"" : 426980, ""name"" : ""CD0N49V5D5"", ""global_call_limiter"" : 50, ""outgoing_call_limiter"" : 50, ""incoming_call_limiter"" : 50, ""vpn_id"" : ""10006404"", ""resource_type"" : ""SITE""}"
38810,3350,"{""id"" : 38810, ""name"" : ""3350_SCL_11117"", ""global_call_limiter"" : 15, ""outgoing_call_limiter"" : null, ""incoming_call_limiter"" : null, ""vpn_id"" : ""3350"", ""resource_type"" : ""SAN""}"
427059,10002231,"{""id"" : 427059, ""name"" : ""CD05U6J8A0"", ""global_call_limiter"" : 2000, ""outgoing_call_limiter"" : 2000, ""incoming_call_limiter"" : 2000, ""vpn_id"" : ""10002231"", ""resource_type"" : ""SITE""}"
428757,10010661,"{""id"" : 428757, ""name"" : ""CD0NB07P80"", ""global_call_limiter"" : 70, ""outgoing_call_limiter"" : 70, ""incoming_call_limiter"" : 70, ""vpn_id"" : ""10010661"", ""resource_type"" : ""SITE""}"
406678,10018617,"{""id"" : 406678, ""name"" : ""CD0JXHE0A0"", ""global_call_limiter"" : 60, ""outgoing_call_limiter"" : 60, ""incoming_call_limiter"" : 60, ""vpn_id"" : ""10018617"", ""resource_type"" : ""SITE""}"
411946,10004778,"{""id"" : 411946, ""name"" : ""CD0KPRV1EA"", ""global_call_limiter"" : 30, ""outgoing_call_limiter"" : 30, ""incoming_call_limiter"" : 30, ""vpn_id"" : ""10004778"", ""resource_type"" : ""SITE""}"
419526,10013888,"{""id"" : 419526, ""name"" : ""CD0F7ER47C"", ""global_call_limiter"" : 120, ""outgoing_call_limiter"" : 120, ""incoming_call_limiter"" : 120, ""vpn_id"" : ""10013888"", ""resource_type"" : ""SITE""}"
426479,10012694,"{""id"" : 426479, ""name"" : ""CD0N2K6R9E"", ""global_call_limiter"" : 10, ""outgoing_call_limiter"" : 10, ""incoming_call_limiter"" : 10, ""vpn_id"" : ""10012694"", ""resource_type"" : ""SITE""}"
38811,3350,"{""id"" : 38811, ""name"" : ""3350_SCL_11118"", ""global_call_limiter"" : 15, ""outgoing_call_limiter"" : null, ""incoming_call_limiter"" : null, ""vpn_id"" : ""3350"", ""resource_type"" : ""SAN""}"
69491,3640,"{""id"" : 69491, ""name"" : ""3640_SCL_11106"", ""global_call_limiter"" : 20, ""outgoing_call_limiter"" : null, ""incoming_call_limiter"" : null, ""vpn_id"" : ""3640"", ""resource_type"" : ""SAN""}"
417081,10002436,"{""id"" : 417081, ""name"" : ""CD0L9SRRE6"", ""global_call_limiter"" : 2, ""outgoing_call_limiter"" : 2, ""incoming_call_limiter"" : 2, ""vpn_id"" : ""10002436"", ""resource_type"" : ""SITE""}"
49162,3314,"{""id"" : 49162, ""name"" : ""3314_SCL_11157"", ""global_call_limiter"" : 5, ""outgoing_call_limiter"" : null, ""incoming_call_limiter"" : null, ""vpn_id"" : ""3314"", ""resource_type"" : ""SAN""}"
51727,3604,"{""id"" : 51727, ""name"" : ""3604_SCL_11101"", ""global_call_limiter"" : 3, ""outgoing_call_limiter"" : null, ""incoming_call_limiter"" : null, ""vpn_id"" : ""3604"", ""resource_type"" : ""SAN""}"
417481,10007956,"{""id"" : 417481, ""name"" : ""CD0LLBQ7E3"", ""global_call_limiter"" : 60, ""outgoing_call_limiter"" : 60, ""incoming_call_limiter"" : 60, ""vpn_id"" : ""10007956"", ""resource_type"" : ""SITE""}"
415988,10000684,"{""id"" : 415988, ""name"" : ""CD0LCLYLBF"", ""global_call_limiter"" : 570, ""outgoing_call_limiter"" : 570, ""incoming_call_limiter"" : 570, ""vpn_id"" : ""10000684"", ""resource_type"" : ""SITE""}"
416352,10005080,"{""id"" : 416352, ""name"" : ""CD0L0WK39C"", ""global_call_limiter"" : 8, ""outgoing_call_limiter"" : 8, ""incoming_call_limiter"" : 8, ""vpn_id"" : ""10005080"", ""resource_type"" : ""SITE""}"
45478,3124,"{""id"" : 45478, ""name"" : ""3124_SCL_11108"", ""global_call_limiter"" : 10, ""outgoing_call_limiter"" : null, ""incoming_call_limiter"" : null, ""vpn_id"" : ""3124"", ""resource_type"" : ""SAN""}"
67707,3767,"{""id"" : 67707, ""name"" : ""3767_SCL_11890"", ""global_call_limiter"" : 5, ""outgoing_call_limiter"" : null, ""incoming_call_limiter"" : null, ""vpn_id"" : ""3767"", ""resource_type"" : ""SAN""}"
426403,10002292,"{""id"" : 426403, ""name"" : ""CD05V8APEF"", ""global_call_limiter"" : 2000, ""outgoing_call_limiter"" : 2000, ""incoming_call_limiter"" : 2000, ""vpn_id"" : ""10002292"", ""resource_type"" : ""SITE""}"
70119,3189,"{""id"" : 70119, ""name"" : ""3189_SCL_11120"", ""global_call_limiter"" : 5, ""outgoing_call_limiter"" : null, ""incoming_call_limiter"" : null, ""vpn_id"" : ""3189"", ""resource_type"" : ""SAN""}"
429544,10010898,"{""id"" : 429544, ""name"" : ""CD0NC7F4F6"", ""global_call_limiter"" : 600, ""outgoing_call_limiter"" : 600, ""incoming_call_limiter"" : 600, ""vpn_id"" : ""10010898"", ""resource_type"" : ""SITE""}"
67755,3767,"{""id"" : 67755, ""name"" : ""3767_SCL_11909"", ""global_call_limiter"" : 5, ""outgoing_call_limiter"" : null, ""incoming_call_limiter"" : null, ""vpn_id"" : ""3767"", ""resource_type"" : ""SAN""}"
67756,3767,"{""id"" : 67756, ""name"" : ""3767_SCL_11910"", ""global_call_limiter"" : 5, ""outgoing_call_limiter"" : null, ""incoming_call_limiter"" : null, ""vpn_id"" : ""3767"", ""resource_type"" : ""SAN""}"
67757,3767,"{""id"" : 67757, ""name"" : ""3767_SCL_11911"", ""global_call_limiter"" : 5, ""outgoing_call_limiter"" : null, ""incoming_call_limiter"" : null, ""vpn_id"" : ""3767"", ""resource_type"" : ""SAN""}"
67758,3767,"{""id"" : 67758, ""name"" : ""3767_SCL_11912"", ""global_call_limiter"" : 5, ""outgoing_call_limiter"" : null, ""incoming_call_limiter"" : null, ""vpn_id"" : ""3767"", ""resource_type"" : ""SAN""}"
54620,3723,"{""id"" : 54620, ""name"" : ""3723_SCL_11128"", ""global_call_limiter"" : 15, ""outgoing_call_limiter"" : null, ""incoming_call_limiter"" : null, ""vpn_id"" : ""3723"", ""resource_type"" : ""SAN""}"
51702,3258,"{""id"" : 51702, ""name"" : ""3258_SCL_11116"", ""global_call_limiter"" : 5, ""outgoing_call_limiter"" : null, ""incoming_call_limiter"" : null, ""vpn_id"" : ""3258"", ""resource_type"" : ""SAN""}"
420732,10013129,"{""id"" : 420732, ""name"" : ""CD0F2ZYX51"", ""global_call_limiter"" : 60, ""outgoing_call_limiter"" : 60, ""incoming_call_limiter"" : 60, ""vpn_id"" : ""10013129"", ""resource_type"" : ""SITE""}"
421446,10003268,"{""id"" : 421446, ""name"" : ""CD0M5SUHEB"", ""global_call_limiter"" : 1, ""outgoing_call_limiter"" : 1, ""incoming_call_limiter"" : 1, ""vpn_id"" : ""10003268"", ""resource_type"" : ""SITE""}"
429345,10002889,"{""id"" : 429345, ""name"" : ""CD0NHX299A"", ""global_call_limiter"" : 15, ""outgoing_call_limiter"" : 15, ""incoming_call_limiter"" : 15, ""vpn_id"" : ""10002889"", ""resource_type"" : ""SITE""}"
68394,3763,"{""id"" : 68394, ""name"" : ""3763_SCL_11006"", ""global_call_limiter"" : 4, ""outgoing_call_limiter"" : null, ""incoming_call_limiter"" : null, ""vpn_id"" : ""3763"", ""resource_type"" : ""SAN""}"
429805,10009146,"{""id"" : 429805, ""name"" : ""CD0LHJA3D7"", ""global_call_limiter"" : 30, ""outgoing_call_limiter"" : 30, ""incoming_call_limiter"" : 30, ""vpn_id"" : ""10009146"", ""resource_type"" : ""SITE""}"
76204,3658,"{""id"" : 76204, ""name"" : ""3658_SCL_11133"", ""global_call_limiter"" : 6, ""outgoing_call_limiter"" : null, ""incoming_call_limiter"" : null, ""vpn_id"" : ""3658"", ""resource_type"" : ""SAN""}"
68868,4363,"{""id"" : 68868, ""name"" : ""4363_SCL_11139"", ""global_call_limiter"" : 10, ""outgoing_call_limiter"" : null, ""incoming_call_limiter"" : null, ""vpn_id"" : ""4363"", ""resource_type"" : ""SAN""}"
54619,3723,"{""id"" : 54619, ""name"" : ""3723_SCL_11127"", ""global_call_limiter"" : 15, ""outgoing_call_limiter"" : null, ""incoming_call_limiter"" : null, ""vpn_id"" : ""3723"", ""resource_type"" : ""SAN""}"
54472,3683,"{""id"" : 54472, ""name"" : ""3683_SCL_11221"", ""global_call_limiter"" : 7, ""outgoing_call_limiter"" : null, ""incoming_call_limiter"" : null, ""vpn_id"" : ""3683"", ""resource_type"" : ""SAN""}"
63092,3725,"{""id"" : 63092, ""name"" : ""3725_SCL_12677"", ""global_call_limiter"" : 2, ""outgoing_call_limiter"" : null, ""incoming_call_limiter"" : null, ""vpn_id"" : ""3725"", ""resource_type"" : ""SAN""}"
89638,10002089,"{""id"" : 89638, ""name"" : ""CD05G1G3BA"", ""global_call_limiter"" : 32, ""outgoing_call_limiter"" : 32, ""incoming_call_limiter"" : 32, ""vpn_id"" : ""10002089"", ""resource_type"" : ""SITE""}"
45520,3539,"{""id"" : 45520, ""name"" : ""3539_SCL_11101"", ""global_call_limiter"" : 5, ""outgoing_call_limiter"" : null, ""incoming_call_limiter"" : null, ""vpn_id"" : ""3539"", ""resource_type"" : ""SAN""}"
409404,10003306,"{""id"" : 409404, ""name"" : ""CD08GTB202"", ""global_call_limiter"" : 120, ""outgoing_call_limiter"" : 120, ""incoming_call_limiter"" : 120, ""vpn_id"" : ""10003306"", ""resource_type"" : ""SITE""}"
59044,5002,"{""id"" : 59044, ""name"" : ""CD00TQ85BB"", ""global_call_limiter"" : 1200, ""outgoing_call_limiter"" : 1200, ""incoming_call_limiter"" : 1200, ""vpn_id"" : ""5002"", ""resource_type"" : ""SITE""}"
60254,,"{""id"" : 60254, ""name"" : ""AudioConf SIP"", ""global_call_limiter"" : 25000, ""outgoing_call_limiter"" : 25000, ""incoming_call_limiter"" : 25000, ""vpn_id"" : null, ""resource_type"" : ""SITE""}"
412399,10004182,"{""id"" : 412399, ""name"" : ""CD0KREDTFE"", ""global_call_limiter"" : 5, ""outgoing_call_limiter"" : 5, ""incoming_call_limiter"" : 5, ""vpn_id"" : ""10004182"", ""resource_type"" : ""SITE""}"
47969,3790,"{""id"" : 47969, ""name"" : ""3790_SCL_11181"", ""global_call_limiter"" : 2, ""outgoing_call_limiter"" : null, ""incoming_call_limiter"" : null, ""vpn_id"" : ""3790"", ""resource_type"" : ""SAN""}"
47970,3790,"{""id"" : 47970, ""name"" : ""3790_SCL_11183"", ""global_call_limiter"" : 2, ""outgoing_call_limiter"" : null, ""incoming_call_limiter"" : null, ""vpn_id"" : ""3790"", ""resource_type"" : ""SAN""}"
47971,3790,"{""id"" : 47971, ""name"" : ""3790_SCL_11184"", ""global_call_limiter"" : 2, ""outgoing_call_limiter"" : null, ""incoming_call_limiter"" : null, ""vpn_id"" : ""3790"", ""resource_type"" : ""SAN""}"
47973,3790,"{""id"" : 47973, ""name"" : ""3790_SCL_11187"", ""global_call_limiter"" : 2, ""outgoing_call_limiter"" : null, ""incoming_call_limiter"" : null, ""vpn_id"" : ""3790"", ""resource_type"" : ""SAN""}"
67759,3767,"{""id"" : 67759, ""name"" : ""3767_SCL_11913"", ""global_call_limiter"" : 5, ""outgoing_call_limiter"" : null, ""incoming_call_limiter"" : null, ""vpn_id"" : ""3767"", ""resource_type"" : ""SAN""}"
50491,3593,"{""id"" : 50491, ""name"" : ""3593_SCL_11120"", ""global_call_limiter"" : 6, ""outgoing_call_limiter"" : null, ""incoming_call_limiter"" : null, ""vpn_id"" : ""3593"", ""resource_type"" : ""SAN""}"
50492,3593,"{""id"" : 50492, ""name"" : ""3593_SCL_11123"", ""global_call_limiter"" : 3, ""outgoing_call_limiter"" : null, ""incoming_call_limiter"" : null, ""vpn_id"" : ""3593"", ""resource_type"" : ""SAN""}"
51455,3235,"{""id"" : 51455, ""name"" : ""3235_SCL_11115"", ""global_call_limiter"" : 3, ""outgoing_call_limiter"" : null, ""incoming_call_limiter"" : null, ""vpn_id"" : ""3235"", ""resource_type"" : ""SAN""}"
51456,3235,"{""id"" : 51456, ""name"" : ""3235_SCL_11116"", ""global_call_limiter"" : 1, ""outgoing_call_limiter"" : null, ""incoming_call_limiter"" : null, ""vpn_id"" : ""3235"", ""resource_type"" : ""SAN""}"
51457,3235,"{""id"" : 51457, ""name"" : ""3235_SCL_11117"", ""global_call_limiter"" : 1, ""outgoing_call_limiter"" : null, ""incoming_call_limiter"" : null, ""vpn_id"" : ""3235"", ""resource_type"" : ""SAN""}"
49144,3314,"{""id"" : 49144, ""name"" : ""3314_SCL_11121"", ""global_call_limiter"" : 5, ""outgoing_call_limiter"" : null, ""incoming_call_limiter"" : null, ""vpn_id"" : ""3314"", ""resource_type"" : ""SAN""}"
49145,3314,"{""id"" : 49145, ""name"" : ""3314_SCL_11123"", ""global_call_limiter"" : 5, ""outgoing_call_limiter"" : null, ""incoming_call_limiter"" : null, ""vpn_id"" : ""3314"", ""resource_type"" : ""SAN""}"
57766,,"{""id"" : 57766, ""name"" : ""Allobiz-RENAVF1"", ""global_call_limiter"" : 9500, ""outgoing_call_limiter"" : 9500, ""incoming_call_limiter"" : 9500, ""vpn_id"" : null, ""resource_type"" : ""SITE""}"
424812,10004120,"{""id"" : 424812, ""name"" : ""CD0MSBQV96"", ""global_call_limiter"" : 120, ""outgoing_call_limiter"" : 120, ""incoming_call_limiter"" : 120, ""vpn_id"" : ""10004120"", ""resource_type"" : ""SITE""}"
46563,3735,"{""id"" : 46563, ""name"" : ""3735_SCL_11101"", ""global_call_limiter"" : 35, ""outgoing_call_limiter"" : null, ""incoming_call_limiter"" : null, ""vpn_id"" : ""3735"", ""resource_type"" : ""SAN""}"
68415,3696,"{""id"" : 68415, ""name"" : ""3696_SCL_21216"", ""global_call_limiter"" : 17, ""outgoing_call_limiter"" : null, ""incoming_call_limiter"" : null, ""vpn_id"" : ""3696"", ""resource_type"" : ""SAN""}"
409262,10018722,"{""id"" : 409262, ""name"" : ""CD0JW405AE"", ""global_call_limiter"" : 180, ""outgoing_call_limiter"" : 180, ""incoming_call_limiter"" : 180, ""vpn_id"" : ""10018722"", ""resource_type"" : ""SITE""}"
414161,10006366,"{""id"" : 414161, ""name"" : ""CD0KZPHY8D"", ""global_call_limiter"" : 100, ""outgoing_call_limiter"" : 100, ""incoming_call_limiter"" : 100, ""vpn_id"" : ""10006366"", ""resource_type"" : ""SITE""}"
60771,3895,"{""id"" : 60771, ""name"" : ""3895_SCL_POL"", ""global_call_limiter"" : 50, ""outgoing_call_limiter"" : null, ""incoming_call_limiter"" : null, ""vpn_id"" : ""3895"", ""resource_type"" : ""SAN""}"
60772,3895,"{""id"" : 60772, ""name"" : ""3895_SCL_HUN"", ""global_call_limiter"" : 30, ""outgoing_call_limiter"" : null, ""incoming_call_limiter"" : null, ""vpn_id"" : ""3895"", ""resource_type"" : ""SAN""}"
416564,4171,"{""id"" : 416564, ""name"" : ""CD0LCZ30B4"", ""global_call_limiter"" : 35, ""outgoing_call_limiter"" : 35, ""incoming_call_limiter"" : 35, ""vpn_id"" : ""4171"", ""resource_type"" : ""SITE""}"
424047,10014223,"{""id"" : 424047, ""name"" : ""CD0MK7XMB0"", ""global_call_limiter"" : 69, ""outgoing_call_limiter"" : 69, ""incoming_call_limiter"" : 69, ""vpn_id"" : ""10014223"", ""resource_type"" : ""SITE""}"
430195,10008231,"{""id"" : 430195, ""name"" : ""CD0NCAGMB8"", ""global_call_limiter"" : 49, ""outgoing_call_limiter"" : 49, ""incoming_call_limiter"" : 49, ""vpn_id"" : ""10008231"", ""resource_type"" : ""SITE""}"
52737,3616,"{""id"" : 52737, ""name"" : ""3616_SCL_11101"", ""global_call_limiter"" : 5, ""outgoing_call_limiter"" : null, ""incoming_call_limiter"" : null, ""vpn_id"" : ""3616"", ""resource_type"" : ""SAN""}"
52738,3616,"{""id"" : 52738, ""name"" : ""3616_SCL_11104"", ""global_call_limiter"" : 15, ""outgoing_call_limiter"" : null, ""incoming_call_limiter"" : null, ""vpn_id"" : ""3616"", ""resource_type"" : ""SAN""}"
52739,3616,"{""id"" : 52739, ""name"" : ""3616_SCL_11107"", ""global_call_limiter"" : 4, ""outgoing_call_limiter"" : null, ""incoming_call_limiter"" : null, ""vpn_id"" : ""3616"", ""resource_type"" : ""SAN""}"
52740,3616,"{""id"" : 52740, ""name"" : ""3616_SCL_11103"", ""global_call_limiter"" : 15, ""outgoing_call_limiter"" : null, ""incoming_call_limiter"" : null, ""vpn_id"" : ""3616"", ""resource_type"" : ""SAN""}"
52741,3616,"{""id"" : 52741, ""name"" : ""3616_SCL_11102"", ""global_call_limiter"" : 15, ""outgoing_call_limiter"" : null, ""incoming_call_limiter"" : null, ""vpn_id"" : ""3616"", ""resource_type"" : ""SAN""}"
52847,3683,"{""id"" : 52847, ""name"" : ""3683_SCL_11715"", ""global_call_limiter"" : 15, ""outgoing_call_limiter"" : null, ""incoming_call_limiter"" : null, ""vpn_id"" : ""3683"", ""resource_type"" : ""SAN""}"
67785,3767,"{""id"" : 67785, ""name"" : ""3767_SCL_11936"", ""global_call_limiter"" : 5, ""outgoing_call_limiter"" : null, ""incoming_call_limiter"" : null, ""vpn_id"" : ""3767"", ""resource_type"" : ""SAN""}"
67786,3767,"{""id"" : 67786, ""name"" : ""3767_SCL_11937"", ""global_call_limiter"" : 5, ""outgoing_call_limiter"" : null, ""incoming_call_limiter"" : null, ""vpn_id"" : ""3767"", ""resource_type"" : ""SAN""}"
67787,3767,"{""id"" : 67787, ""name"" : ""3767_SCL_11938"", ""global_call_limiter"" : 5, ""outgoing_call_limiter"" : null, ""incoming_call_limiter"" : null, ""vpn_id"" : ""3767"", ""resource_type"" : ""SAN""}"
67788,3767,"{""id"" : 67788, ""name"" : ""3767_SCL_11939"", ""global_call_limiter"" : 5, ""outgoing_call_limiter"" : null, ""incoming_call_limiter"" : null, ""vpn_id"" : ""3767"", ""resource_type"" : ""SAN""}"
67789,3767,"{""id"" : 67789, ""name"" : ""3767_SCL_11940"", ""global_call_limiter"" : 5, ""outgoing_call_limiter"" : null, ""incoming_call_limiter"" : null, ""vpn_id"" : ""3767"", ""resource_type"" : ""SAN""}"
67790,3767,"{""id"" : 67790, ""name"" : ""3767_SCL_11941"", ""global_call_limiter"" : 5, ""outgoing_call_limiter"" : null, ""incoming_call_limiter"" : null, ""vpn_id"" : ""3767"", ""resource_type"" : ""SAN""}"
67791,3767,"{""id"" : 67791, ""name"" : ""3767_SCL_11942"", ""global_call_limiter"" : 5, ""outgoing_call_limiter"" : null, ""incoming_call_limiter"" : null, ""vpn_id"" : ""3767"", ""resource_type"" : ""SAN""}"
67792,3767,"{""id"" : 67792, ""name"" : ""3767_SCL_11944"", ""global_call_limiter"" : 5, ""outgoing_call_limiter"" : null, ""incoming_call_limiter"" : null, ""vpn_id"" : ""3767"", ""resource_type"" : ""SAN""}"
54610,3723,"{""id"" : 54610, ""name"" : ""3723_SCL_11130"", ""global_call_limiter"" : 15, ""outgoing_call_limiter"" : null, ""incoming_call_limiter"" : null, ""vpn_id"" : ""3723"", ""resource_type"" : ""SAN""}"
417890,10008427,"{""id"" : 417890, ""name"" : ""CD0KXTCH84"", ""global_call_limiter"" : 30, ""outgoing_call_limiter"" : 30, ""incoming_call_limiter"" : 30, ""vpn_id"" : ""10008427"", ""resource_type"" : ""SITE""}"
67779,3767,"{""id"" : 67779, ""name"" : ""3767_SCL_11930"", ""global_call_limiter"" : 5, ""outgoing_call_limiter"" : null, ""incoming_call_limiter"" : null, ""vpn_id"" : ""3767"", ""resource_type"" : ""SAN""}"
54672,3855,"{""id"" : 54672, ""name"" : ""3855_SCL_11120"", ""global_call_limiter"" : 5, ""outgoing_call_limiter"" : null, ""incoming_call_limiter"" : null, ""vpn_id"" : ""3855"", ""resource_type"" : ""SAN""}"
54673,3855,"{""id"" : 54673, ""name"" : ""3855_SCL_11121"", ""global_call_limiter"" : 5, ""outgoing_call_limiter"" : null, ""incoming_call_limiter"" : null, ""vpn_id"" : ""3855"", ""resource_type"" : ""SAN""}"
54674,3855,"{""id"" : 54674, ""name"" : ""3855_SCL_11122"", ""global_call_limiter"" : 5, ""outgoing_call_limiter"" : null, ""incoming_call_limiter"" : null, ""vpn_id"" : ""3855"", ""resource_type"" : ""SAN""}"
54675,3855,"{""id"" : 54675, ""name"" : ""3855_SCL_11123"", ""global_call_limiter"" : 5, ""outgoing_call_limiter"" : null, ""incoming_call_limiter"" : null, ""vpn_id"" : ""3855"", ""resource_type"" : ""SAN""}"
56199,3968,"{""id"" : 56199, ""name"" : ""3968_SCL_33301"", ""global_call_limiter"" : 2, ""outgoing_call_limiter"" : null, ""incoming_call_limiter"" : null, ""vpn_id"" : ""3968"", ""resource_type"" : ""SAN""}"
67761,3767,"{""id"" : 67761, ""name"" : ""3767_SCL_11915"", ""global_call_limiter"" : 5, ""outgoing_call_limiter"" : null, ""incoming_call_limiter"" : null, ""vpn_id"" : ""3767"", ""resource_type"" : ""SAN""}"
67762,3767,"{""id"" : 67762, ""name"" : ""3767_SCL_11916"", ""global_call_limiter"" : 5, ""outgoing_call_limiter"" : null, ""incoming_call_limiter"" : null, ""vpn_id"" : ""3767"", ""resource_type"" : ""SAN""}"
67763,3767,"{""id"" : 67763, ""name"" : ""3767_SCL_11917"", ""global_call_limiter"" : 5, ""outgoing_call_limiter"" : null, ""incoming_call_limiter"" : null, ""vpn_id"" : ""3767"", ""resource_type"" : ""SAN""}"
67780,3767,"{""id"" : 67780, ""name"" : ""3767_SCL_11931"", ""global_call_limiter"" : 5, ""outgoing_call_limiter"" : null, ""incoming_call_limiter"" : null, ""vpn_id"" : ""3767"", ""resource_type"" : ""SAN""}"
67781,3767,"{""id"" : 67781, ""name"" : ""3767_SCL_11932"", ""global_call_limiter"" : 5, ""outgoing_call_limiter"" : null, ""incoming_call_limiter"" : null, ""vpn_id"" : ""3767"", ""resource_type"" : ""SAN""}"
67782,3767,"{""id"" : 67782, ""name"" : ""3767_SCL_11933"", ""global_call_limiter"" : 5, ""outgoing_call_limiter"" : null, ""incoming_call_limiter"" : null, ""vpn_id"" : ""3767"", ""resource_type"" : ""SAN""}"
46146,3989,"{""id"" : 46146, ""name"" : ""3989_SCL_11108"", ""global_call_limiter"" : 3, ""outgoing_call_limiter"" : null, ""incoming_call_limiter"" : null, ""vpn_id"" : ""3989"", ""resource_type"" : ""SAN""}"
46157,4359,"{""id"" : 46157, ""name"" : ""4359_SCL_11108"", ""global_call_limiter"" : 15, ""outgoing_call_limiter"" : null, ""incoming_call_limiter"" : null, ""vpn_id"" : ""4359"", ""resource_type"" : ""SAN""}"
52976,3683,"{""id"" : 52976, ""name"" : ""3683_SCL_11306"", ""global_call_limiter"" : 1, ""outgoing_call_limiter"" : null, ""incoming_call_limiter"" : null, ""vpn_id"" : ""3683"", ""resource_type"" : ""SAN""}"
414816,10013623,"{""id"" : 414816, ""name"" : ""CD0KREGEEF"", ""global_call_limiter"" : 30, ""outgoing_call_limiter"" : 30, ""incoming_call_limiter"" : 30, ""vpn_id"" : ""10013623"", ""resource_type"" : ""SITE""}"
415133,3994,"{""id"" : 415133, ""name"" : ""pp_dem"", ""global_call_limiter"" : 15, ""outgoing_call_limiter"" : null, ""incoming_call_limiter"" : null, ""vpn_id"" : ""3994"", ""resource_type"" : ""SAN""}"
416210,10004995,"{""id"" : 416210, ""name"" : ""CD0LE4FZB9"", ""global_call_limiter"" : 4, ""outgoing_call_limiter"" : 4, ""incoming_call_limiter"" : 4, ""vpn_id"" : ""10004995"", ""resource_type"" : ""SITE""}"
67838,3520,"{""id"" : 67838, ""name"" : ""3520_SCL_ETGE_7"", ""global_call_limiter"" : 5000, ""outgoing_call_limiter"" : null, ""incoming_call_limiter"" : null, ""vpn_id"" : ""3520"", ""resource_type"" : ""SAN""}"
66727,3613,"{""id"" : 66727, ""name"" : ""3613_SCL_11129"", ""global_call_limiter"" : 6, ""outgoing_call_limiter"" : null, ""incoming_call_limiter"" : null, ""vpn_id"" : ""3613"", ""resource_type"" : ""SAN""}"
412451,10000127,"{""id"" : 412451, ""name"" : ""CD0KNBLZE2"", ""global_call_limiter"" : 30, ""outgoing_call_limiter"" : 30, ""incoming_call_limiter"" : 30, ""vpn_id"" : ""10000127"", ""resource_type"" : ""SITE""}"
57646,3683,"{""id"" : 57646, ""name"" : ""Stefanini_IP_PDET224"", ""global_call_limiter"" : 60, ""outgoing_call_limiter"" : 60, ""incoming_call_limiter"" : 60, ""vpn_id"" : ""3683"", ""resource_type"" : ""SITE""}"
418107,10004318,"{""id"" : 418107, ""name"" : ""CD0LQRVJFD"", ""global_call_limiter"" : 10, ""outgoing_call_limiter"" : 10, ""incoming_call_limiter"" : 10, ""vpn_id"" : ""10004318"", ""resource_type"" : ""SITE""}"
46156,4359,"{""id"" : 46156, ""name"" : ""4359_SCL_11107"", ""global_call_limiter"" : 15, ""outgoing_call_limiter"" : null, ""incoming_call_limiter"" : null, ""vpn_id"" : ""4359"", ""resource_type"" : ""SAN""}"
54608,3723,"{""id"" : 54608, ""name"" : ""3723_SCL_11136"", ""global_call_limiter"" : 15, ""outgoing_call_limiter"" : null, ""incoming_call_limiter"" : null, ""vpn_id"" : ""3723"", ""resource_type"" : ""SAN""}"
54609,3723,"{""id"" : 54609, ""name"" : ""3723_SCL_11129"", ""global_call_limiter"" : 15, ""outgoing_call_limiter"" : null, ""incoming_call_limiter"" : null, ""vpn_id"" : ""3723"", ""resource_type"" : ""SAN""}"
54823,3577,"{""id"" : 54823, ""name"" : ""3577_SCL_11126"", ""global_call_limiter"" : 2, ""outgoing_call_limiter"" : null, ""incoming_call_limiter"" : null, ""vpn_id"" : ""3577"", ""resource_type"" : ""SAN""}"
67793,3767,"{""id"" : 67793, ""name"" : ""3767_SCL_11945"", ""global_call_limiter"" : 5, ""outgoing_call_limiter"" : null, ""incoming_call_limiter"" : null, ""vpn_id"" : ""3767"", ""resource_type"" : ""SAN""}"
67794,3767,"{""id"" : 67794, ""name"" : ""3767_SCL_11947"", ""global_call_limiter"" : 5, ""outgoing_call_limiter"" : null, ""incoming_call_limiter"" : null, ""vpn_id"" : ""3767"", ""resource_type"" : ""SAN""}"
67795,3767,"{""id"" : 67795, ""name"" : ""3767_SCL_11745"", ""global_call_limiter"" : 5, ""outgoing_call_limiter"" : null, ""incoming_call_limiter"" : null, ""vpn_id"" : ""3767"", ""resource_type"" : ""SAN""}"
67796,3767,"{""id"" : 67796, ""name"" : ""3767_SCL_11949"", ""global_call_limiter"" : 5, ""outgoing_call_limiter"" : null, ""incoming_call_limiter"" : null, ""vpn_id"" : ""3767"", ""resource_type"" : ""SAN""}"
67797,3767,"{""id"" : 67797, ""name"" : ""3767_SCL_11950"", ""global_call_limiter"" : 5, ""outgoing_call_limiter"" : null, ""incoming_call_limiter"" : null, ""vpn_id"" : ""3767"", ""resource_type"" : ""SAN""}"
67798,3767,"{""id"" : 67798, ""name"" : ""3767_SCL_11951"", ""global_call_limiter"" : 5, ""outgoing_call_limiter"" : null, ""incoming_call_limiter"" : null, ""vpn_id"" : ""3767"", ""resource_type"" : ""SAN""}"
67799,3767,"{""id"" : 67799, ""name"" : ""3767_SCL_11952"", ""global_call_limiter"" : 5, ""outgoing_call_limiter"" : null, ""incoming_call_limiter"" : null, ""vpn_id"" : ""3767"", ""resource_type"" : ""SAN""}"
67800,3767,"{""id"" : 67800, ""name"" : ""3767_SCL_11953"", ""global_call_limiter"" : 5, ""outgoing_call_limiter"" : null, ""incoming_call_limiter"" : null, ""vpn_id"" : ""3767"", ""resource_type"" : ""SAN""}"
67801,3767,"{""id"" : 67801, ""name"" : ""3767_SCL_11954"", ""global_call_limiter"" : 5, ""outgoing_call_limiter"" : null, ""incoming_call_limiter"" : null, ""vpn_id"" : ""3767"", ""resource_type"" : ""SAN""}"
67802,3767,"{""id"" : 67802, ""name"" : ""3767_SCL_11955"", ""global_call_limiter"" : 5, ""outgoing_call_limiter"" : null, ""incoming_call_limiter"" : null, ""vpn_id"" : ""3767"", ""resource_type"" : ""SAN""}"
67803,3767,"{""id"" : 67803, ""name"" : ""3767_SCL_11956"", ""global_call_limiter"" : 5, ""outgoing_call_limiter"" : null, ""incoming_call_limiter"" : null, ""vpn_id"" : ""3767"", ""resource_type"" : ""SAN""}"
420422,10003879,"{""id"" : 420422, ""name"" : ""CD0M477DBF"", ""global_call_limiter"" : 80, ""outgoing_call_limiter"" : 80, ""incoming_call_limiter"" : 80, ""vpn_id"" : ""10003879"", ""resource_type"" : ""SITE""}"
67760,3767,"{""id"" : 67760, ""name"" : ""3767_SCL_11914"", ""global_call_limiter"" : 5, ""outgoing_call_limiter"" : null, ""incoming_call_limiter"" : null, ""vpn_id"" : ""3767"", ""resource_type"" : ""SAN""}"
67764,3767,"{""id"" : 67764, ""name"" : ""3767_SCL_11918"", ""global_call_limiter"" : 5, ""outgoing_call_limiter"" : null, ""incoming_call_limiter"" : null, ""vpn_id"" : ""3767"", ""resource_type"" : ""SAN""}"
67765,3767,"{""id"" : 67765, ""name"" : ""3767_SCL_11919"", ""global_call_limiter"" : 5, ""outgoing_call_limiter"" : null, ""incoming_call_limiter"" : null, ""vpn_id"" : ""3767"", ""resource_type"" : ""SAN""}"
67766,3767,"{""id"" : 67766, ""name"" : ""3767_SCL_11800"", ""global_call_limiter"" : 5, ""outgoing_call_limiter"" : null, ""incoming_call_limiter"" : null, ""vpn_id"" : ""3767"", ""resource_type"" : ""SAN""}"
67767,3767,"{""id"" : 67767, ""name"" : ""3767_SCL_11888"", ""global_call_limiter"" : 5, ""outgoing_call_limiter"" : null, ""incoming_call_limiter"" : null, ""vpn_id"" : ""3767"", ""resource_type"" : ""SAN""}"
67768,3767,"{""id"" : 67768, ""name"" : ""3767_SCL_11920"", ""global_call_limiter"" : 5, ""outgoing_call_limiter"" : null, ""incoming_call_limiter"" : null, ""vpn_id"" : ""3767"", ""resource_type"" : ""SAN""}"
67769,3767,"{""id"" : 67769, ""name"" : ""3767_SCL_11921"", ""global_call_limiter"" : 5, ""outgoing_call_limiter"" : null, ""incoming_call_limiter"" : null, ""vpn_id"" : ""3767"", ""resource_type"" : ""SAN""}"
67770,3767,"{""id"" : 67770, ""name"" : ""3767_SCL_11922"", ""global_call_limiter"" : 5, ""outgoing_call_limiter"" : null, ""incoming_call_limiter"" : null, ""vpn_id"" : ""3767"", ""resource_type"" : ""SAN""}"
67771,3767,"{""id"" : 67771, ""name"" : ""3767_SCL_11923"", ""global_call_limiter"" : 5, ""outgoing_call_limiter"" : null, ""incoming_call_limiter"" : null, ""vpn_id"" : ""3767"", ""resource_type"" : ""SAN""}"
70127,3189,"{""id"" : 70127, ""name"" : ""3189_SCL_11255"", ""global_call_limiter"" : 10, ""outgoing_call_limiter"" : null, ""incoming_call_limiter"" : null, ""vpn_id"" : ""3189"", ""resource_type"" : ""SAN""}"
70128,3189,"{""id"" : 70128, ""name"" : ""3189_SCL_11256"", ""global_call_limiter"" : 10, ""outgoing_call_limiter"" : null, ""incoming_call_limiter"" : null, ""vpn_id"" : ""3189"", ""resource_type"" : ""SAN""}"
70129,3189,"{""id"" : 70129, ""name"" : ""3189_SCL_11252"", ""global_call_limiter"" : 20, ""outgoing_call_limiter"" : null, ""incoming_call_limiter"" : null, ""vpn_id"" : ""3189"", ""resource_type"" : ""SAN""}"
70130,3189,"{""id"" : 70130, ""name"" : ""3189_SCL_11250"", ""global_call_limiter"" : 20, ""outgoing_call_limiter"" : null, ""incoming_call_limiter"" : null, ""vpn_id"" : ""3189"", ""resource_type"" : ""SAN""}"
52972,3683,"{""id"" : 52972, ""name"" : ""3683_SCL_11319"", ""global_call_limiter"" : 1, ""outgoing_call_limiter"" : null, ""incoming_call_limiter"" : null, ""vpn_id"" : ""3683"", ""resource_type"" : ""SAN""}"
52973,3683,"{""id"" : 52973, ""name"" : ""3683_SCL_11295"", ""global_call_limiter"" : 1, ""outgoing_call_limiter"" : null, ""incoming_call_limiter"" : null, ""vpn_id"" : ""3683"", ""resource_type"" : ""SAN""}"
52974,3683,"{""id"" : 52974, ""name"" : ""3683_SCL_11314"", ""global_call_limiter"" : 1, ""outgoing_call_limiter"" : null, ""incoming_call_limiter"" : null, ""vpn_id"" : ""3683"", ""resource_type"" : ""SAN""}"
52975,3683,"{""id"" : 52975, ""name"" : ""3683_SCL_11317"", ""global_call_limiter"" : 1, ""outgoing_call_limiter"" : null, ""incoming_call_limiter"" : null, ""vpn_id"" : ""3683"", ""resource_type"" : ""SAN""}"
67808,3767,"{""id"" : 67808, ""name"" : ""3767_SCL_11904"", ""global_call_limiter"" : 5, ""outgoing_call_limiter"" : null, ""incoming_call_limiter"" : null, ""vpn_id"" : ""3767"", ""resource_type"" : ""SAN""}"
64086,3656,"{""id"" : 64086, ""name"" : ""3656_SCL_11103"", ""global_call_limiter"" : 6, ""outgoing_call_limiter"" : null, ""incoming_call_limiter"" : null, ""vpn_id"" : ""3656"", ""resource_type"" : ""SAN""}"
64087,3656,"{""id"" : 64087, ""name"" : ""3656_SCL_11104"", ""global_call_limiter"" : 1, ""outgoing_call_limiter"" : null, ""incoming_call_limiter"" : null, ""vpn_id"" : ""3656"", ""resource_type"" : ""SAN""}"
64088,3656,"{""id"" : 64088, ""name"" : ""3656_SCL_11105"", ""global_call_limiter"" : 1, ""outgoing_call_limiter"" : null, ""incoming_call_limiter"" : null, ""vpn_id"" : ""3656"", ""resource_type"" : ""SAN""}"
64089,3656,"{""id"" : 64089, ""name"" : ""3656_SCL_11106"", ""global_call_limiter"" : 6, ""outgoing_call_limiter"" : null, ""incoming_call_limiter"" : null, ""vpn_id"" : ""3656"", ""resource_type"" : ""SAN""}"
64090,3656,"{""id"" : 64090, ""name"" : ""3656_SCL_11107"", ""global_call_limiter"" : 6, ""outgoing_call_limiter"" : null, ""incoming_call_limiter"" : null, ""vpn_id"" : ""3656"", ""resource_type"" : ""SAN""}"
64091,3656,"{""id"" : 64091, ""name"" : ""3656_SCL_11108"", ""global_call_limiter"" : 1, ""outgoing_call_limiter"" : null, ""incoming_call_limiter"" : null, ""vpn_id"" : ""3656"", ""resource_type"" : ""SAN""}"
64092,3656,"{""id"" : 64092, ""name"" : ""3656_SCL_11109"", ""global_call_limiter"" : 6, ""outgoing_call_limiter"" : null, ""incoming_call_limiter"" : null, ""vpn_id"" : ""3656"", ""resource_type"" : ""SAN""}"
422064,10003621,"{""id"" : 422064, ""name"" : ""CD0JSQF9FF"", ""global_call_limiter"" : 250, ""outgoing_call_limiter"" : 250, ""incoming_call_limiter"" : 250, ""vpn_id"" : ""10003621"", ""resource_type"" : ""SITE""}"
58266,3701,"{""id"" : 58266, ""name"" : ""3701_SCL_11112"", ""global_call_limiter"" : 3, ""outgoing_call_limiter"" : null, ""incoming_call_limiter"" : null, ""vpn_id"" : ""3701"", ""resource_type"" : ""SAN""}"
420367,10003906,"{""id"" : 420367, ""name"" : ""CD09E9BT1D"", ""global_call_limiter"" : 43, ""outgoing_call_limiter"" : 43, ""incoming_call_limiter"" : 43, ""vpn_id"" : ""10003906"", ""resource_type"" : ""SITE""}"
66726,3613,"{""id"" : 66726, ""name"" : ""3613_SCL_11102"", ""global_call_limiter"" : 3, ""outgoing_call_limiter"" : null, ""incoming_call_limiter"" : null, ""vpn_id"" : ""3613"", ""resource_type"" : ""SAN""}"
64080,3656,"{""id"" : 64080, ""name"" : ""3656_SCL_11133"", ""global_call_limiter"" : 2, ""outgoing_call_limiter"" : null, ""incoming_call_limiter"" : null, ""vpn_id"" : ""3656"", ""resource_type"" : ""SAN""}"
64084,3656,"{""id"" : 64084, ""name"" : ""3656_SCL_11101"", ""global_call_limiter"" : 6, ""outgoing_call_limiter"" : null, ""incoming_call_limiter"" : null, ""vpn_id"" : ""3656"", ""resource_type"" : ""SAN""}"
64085,3656,"{""id"" : 64085, ""name"" : ""3656_SCL_11102"", ""global_call_limiter"" : 1, ""outgoing_call_limiter"" : null, ""incoming_call_limiter"" : null, ""vpn_id"" : ""3656"", ""resource_type"" : ""SAN""}"
67954,3578,"{""id"" : 67954, ""name"" : ""3578_SCL_10002"", ""global_call_limiter"" : 1, ""outgoing_call_limiter"" : null, ""incoming_call_limiter"" : null, ""vpn_id"" : ""3578"", ""resource_type"" : ""SAN""}"
43386,3255,"{""id"" : 43386, ""name"" : ""AUH APJ"", ""global_call_limiter"" : 300, ""outgoing_call_limiter"" : 300, ""incoming_call_limiter"" : 300, ""vpn_id"" : ""3255"", ""resource_type"" : ""SITE""}"
43387,3255,"{""id"" : 43387, ""name"" : ""AUH EMEA"", ""global_call_limiter"" : 210, ""outgoing_call_limiter"" : 210, ""incoming_call_limiter"" : 210, ""vpn_id"" : ""3255"", ""resource_type"" : ""SITE""}"
73436,3611,"{""id"" : 73436, ""name"" : ""3611_SCL_11226"", ""global_call_limiter"" : 10, ""outgoing_call_limiter"" : null, ""incoming_call_limiter"" : null, ""vpn_id"" : ""3611"", ""resource_type"" : ""SAN""}"
68376,3763,"{""id"" : 68376, ""name"" : ""3763_SCL_11003"", ""global_call_limiter"" : 14, ""outgoing_call_limiter"" : null, ""incoming_call_limiter"" : null, ""vpn_id"" : ""3763"", ""resource_type"" : ""SAN""}"
52704,3616,"{""id"" : 52704, ""name"" : ""3616_SCL_11115"", ""global_call_limiter"" : 143, ""outgoing_call_limiter"" : null, ""incoming_call_limiter"" : null, ""vpn_id"" : ""3616"", ""resource_type"" : ""SAN""}"
412391,10000127,"{""id"" : 412391, ""name"" : ""CD0KN2G8A3"", ""global_call_limiter"" : 30, ""outgoing_call_limiter"" : 30, ""incoming_call_limiter"" : 30, ""vpn_id"" : ""10000127"", ""resource_type"" : ""SITE""}"
46151,4359,"{""id"" : 46151, ""name"" : ""4359_SCL_11103"", ""global_call_limiter"" : 15, ""outgoing_call_limiter"" : null, ""incoming_call_limiter"" : null, ""vpn_id"" : ""4359"", ""resource_type"" : ""SAN""}"
429215,10010117,"{""id"" : 429215, ""name"" : ""CD0LMT6PF0"", ""global_call_limiter"" : 80, ""outgoing_call_limiter"" : 80, ""incoming_call_limiter"" : 80, ""vpn_id"" : ""10010117"", ""resource_type"" : ""SITE""}"
67783,3767,"{""id"" : 67783, ""name"" : ""3767_SCL_11934"", ""global_call_limiter"" : 5, ""outgoing_call_limiter"" : null, ""incoming_call_limiter"" : null, ""vpn_id"" : ""3767"", ""resource_type"" : ""SAN""}"
67784,3767,"{""id"" : 67784, ""name"" : ""3767_SCL_11935"", ""global_call_limiter"" : 5, ""outgoing_call_limiter"" : null, ""incoming_call_limiter"" : null, ""vpn_id"" : ""3767"", ""resource_type"" : ""SAN""}"
59389,4386,"{""id"" : 59389, ""name"" : ""4386_SCL_11110"", ""global_call_limiter"" : 20, ""outgoing_call_limiter"" : null, ""incoming_call_limiter"" : null, ""vpn_id"" : ""4386"", ""resource_type"" : ""SAN""}"
59390,4386,"{""id"" : 59390, ""name"" : ""4386_SCL_11111"", ""global_call_limiter"" : 20, ""outgoing_call_limiter"" : null, ""incoming_call_limiter"" : null, ""vpn_id"" : ""4386"", ""resource_type"" : ""SAN""}"
56829,3670,"{""id"" : 56829, ""name"" : ""3670_SCL_11211"", ""global_call_limiter"" : 40, ""outgoing_call_limiter"" : null, ""incoming_call_limiter"" : null, ""vpn_id"" : ""3670"", ""resource_type"" : ""SAN""}"
405806,10018580,"{""id"" : 405806, ""name"" : ""CD0JS0XBC1"", ""global_call_limiter"" : 10, ""outgoing_call_limiter"" : 10, ""incoming_call_limiter"" : 10, ""vpn_id"" : ""10018580"", ""resource_type"" : ""SITE""}"
54689,3855,"{""id"" : 54689, ""name"" : ""3855_SCL_11114"", ""global_call_limiter"" : 120, ""outgoing_call_limiter"" : null, ""incoming_call_limiter"" : null, ""vpn_id"" : ""3855"", ""resource_type"" : ""SAN""}"
47960,3790,"{""id"" : 47960, ""name"" : ""3790_SCL_11171"", ""global_call_limiter"" : 2, ""outgoing_call_limiter"" : null, ""incoming_call_limiter"" : null, ""vpn_id"" : ""3790"", ""resource_type"" : ""SAN""}"
47961,3790,"{""id"" : 47961, ""name"" : ""3790_SCL_11173"", ""global_call_limiter"" : 2, ""outgoing_call_limiter"" : null, ""incoming_call_limiter"" : null, ""vpn_id"" : ""3790"", ""resource_type"" : ""SAN""}"
47962,3790,"{""id"" : 47962, ""name"" : ""3790_SCL_11174"", ""global_call_limiter"" : 2, ""outgoing_call_limiter"" : null, ""incoming_call_limiter"" : null, ""vpn_id"" : ""3790"", ""resource_type"" : ""SAN""}"
47964,3790,"{""id"" : 47964, ""name"" : ""3790_SCL_11176"", ""global_call_limiter"" : 2, ""outgoing_call_limiter"" : null, ""incoming_call_limiter"" : null, ""vpn_id"" : ""3790"", ""resource_type"" : ""SAN""}"
426876,10002059,"{""id"" : 426876, ""name"" : ""CD054RGC86"", ""global_call_limiter"" : 14, ""outgoing_call_limiter"" : 14, ""incoming_call_limiter"" : 14, ""vpn_id"" : ""10002059"", ""resource_type"" : ""SITE""}"
67806,3767,"{""id"" : 67806, ""name"" : ""3767_SCL_12029"", ""global_call_limiter"" : 5, ""outgoing_call_limiter"" : null, ""incoming_call_limiter"" : null, ""vpn_id"" : ""3767"", ""resource_type"" : ""SAN""}"
67807,3767,"{""id"" : 67807, ""name"" : ""3767_SCL_11960"", ""global_call_limiter"" : 5, ""outgoing_call_limiter"" : null, ""incoming_call_limiter"" : null, ""vpn_id"" : ""3767"", ""resource_type"" : ""SAN""}"
64094,3656,"{""id"" : 64094, ""name"" : ""3656_SCL_11111"", ""global_call_limiter"" : 1, ""outgoing_call_limiter"" : null, ""incoming_call_limiter"" : null, ""vpn_id"" : ""3656"", ""resource_type"" : ""SAN""}"
66728,3613,"{""id"" : 66728, ""name"" : ""3613_SCL_11130"", ""global_call_limiter"" : 2, ""outgoing_call_limiter"" : null, ""incoming_call_limiter"" : null, ""vpn_id"" : ""3613"", ""resource_type"" : ""SAN""}"
66729,3613,"{""id"" : 66729, ""name"" : ""3613_SCL_11131"", ""global_call_limiter"" : 3, ""outgoing_call_limiter"" : null, ""incoming_call_limiter"" : null, ""vpn_id"" : ""3613"", ""resource_type"" : ""SAN""}"
66730,3613,"{""id"" : 66730, ""name"" : ""3613_SCL_11132"", ""global_call_limiter"" : 2, ""outgoing_call_limiter"" : null, ""incoming_call_limiter"" : null, ""vpn_id"" : ""3613"", ""resource_type"" : ""SAN""}"
66731,3613,"{""id"" : 66731, ""name"" : ""3613_SCL_11133"", ""global_call_limiter"" : 2, ""outgoing_call_limiter"" : null, ""incoming_call_limiter"" : null, ""vpn_id"" : ""3613"", ""resource_type"" : ""SAN""}"
66732,3613,"{""id"" : 66732, ""name"" : ""3613_SCL_11134"", ""global_call_limiter"" : 6, ""outgoing_call_limiter"" : null, ""incoming_call_limiter"" : null, ""vpn_id"" : ""3613"", ""resource_type"" : ""SAN""}"
52184,3569,"{""id"" : 52184, ""name"" : ""3569_SCL_11109"", ""global_call_limiter"" : 5, ""outgoing_call_limiter"" : null, ""incoming_call_limiter"" : null, ""vpn_id"" : ""3569"", ""resource_type"" : ""SAN""}"
64093,3656,"{""id"" : 64093, ""name"" : ""3656_SCL_11110"", ""global_call_limiter"" : 6, ""outgoing_call_limiter"" : null, ""incoming_call_limiter"" : null, ""vpn_id"" : ""3656"", ""resource_type"" : ""SAN""}"
55074,3873,"{""id"" : 55074, ""name"" : ""3873_SCL_11101"", ""global_call_limiter"" : 8, ""outgoing_call_limiter"" : null, ""incoming_call_limiter"" : null, ""vpn_id"" : ""3873"", ""resource_type"" : ""SAN""}"
423358,5608,"{""id"" : 423358, ""name"" : ""CD09S0NK37"", ""global_call_limiter"" : 720, ""outgoing_call_limiter"" : 720, ""incoming_call_limiter"" : 720, ""vpn_id"" : ""5608"", ""resource_type"" : ""SITE""}"
419013,10003967,"{""id"" : 419013, ""name"" : ""CD0LSPEKF0"", ""global_call_limiter"" : 25, ""outgoing_call_limiter"" : 25, ""incoming_call_limiter"" : 25, ""vpn_id"" : ""10003967"", ""resource_type"" : ""SITE""}"
409512,10003766,"{""id"" : 409512, ""name"" : ""CD0KAFRDE7"", ""global_call_limiter"" : 52, ""outgoing_call_limiter"" : 52, ""incoming_call_limiter"" : 52, ""vpn_id"" : ""10003766"", ""resource_type"" : ""SITE""}"
58267,3701,"{""id"" : 58267, ""name"" : ""3701_SCL_11104"", ""global_call_limiter"" : 3, ""outgoing_call_limiter"" : null, ""incoming_call_limiter"" : null, ""vpn_id"" : ""3701"", ""resource_type"" : ""SAN""}"
58268,3701,"{""id"" : 58268, ""name"" : ""3701_SCL_11103"", ""global_call_limiter"" : 6, ""outgoing_call_limiter"" : null, ""incoming_call_limiter"" : null, ""vpn_id"" : ""3701"", ""resource_type"" : ""SAN""}"
407229,10002111,"{""id"" : 407229, ""name"" : ""CD05G95EFF"", ""global_call_limiter"" : 110, ""outgoing_call_limiter"" : 110, ""incoming_call_limiter"" : 110, ""vpn_id"" : ""10002111"", ""resource_type"" : ""SITE""}"
408647,10000388,"{""id"" : 408647, ""name"" : ""CD04N0NND5"", ""global_call_limiter"" : 80, ""outgoing_call_limiter"" : 80, ""incoming_call_limiter"" : 80, ""vpn_id"" : ""10000388"", ""resource_type"" : ""SITE""}"
412294,10000127,"{""id"" : 412294, ""name"" : ""CD0KQ5F7BE"", ""global_call_limiter"" : 30, ""outgoing_call_limiter"" : 30, ""incoming_call_limiter"" : 30, ""vpn_id"" : ""10000127"", ""resource_type"" : ""SITE""}"
412460,10000127,"{""id"" : 412460, ""name"" : ""CD0KNC6KF6"", ""global_call_limiter"" : 30, ""outgoing_call_limiter"" : 30, ""incoming_call_limiter"" : 30, ""vpn_id"" : ""10000127"", ""resource_type"" : ""SITE""}"
415519,10008326,"{""id"" : 415519, ""name"" : ""CD0JZFUSE7"", ""global_call_limiter"" : 45, ""outgoing_call_limiter"" : 45, ""incoming_call_limiter"" : 45, ""vpn_id"" : ""10008326"", ""resource_type"" : ""SITE""}"
408568,10008856,"{""id"" : 408568, ""name"" : ""CD0K4JLLC1"", ""global_call_limiter"" : 4, ""outgoing_call_limiter"" : 4, ""incoming_call_limiter"" : 4, ""vpn_id"" : ""10008856"", ""resource_type"" : ""SITE""}"
417498,10000096,"{""id"" : 417498, ""name"" : ""CD0LLNV8C4"", ""global_call_limiter"" : 90, ""outgoing_call_limiter"" : 90, ""incoming_call_limiter"" : 90, ""vpn_id"" : ""10000096"", ""resource_type"" : ""SITE""}"
421721,10005619,"{""id"" : 421721, ""name"" : ""CD0L0SQ480"", ""global_call_limiter"" : 90, ""outgoing_call_limiter"" : 90, ""incoming_call_limiter"" : 90, ""vpn_id"" : ""10005619"", ""resource_type"" : ""SITE""}"
425274,10006882,"{""id"" : 425274, ""name"" : ""CD0J65FRCA"", ""global_call_limiter"" : 70, ""outgoing_call_limiter"" : 70, ""incoming_call_limiter"" : 70, ""vpn_id"" : ""10006882"", ""resource_type"" : ""SITE""}"
427417,10002874,"{""id"" : 427417, ""name"" : ""CD0N5563F8"", ""global_call_limiter"" : 110, ""outgoing_call_limiter"" : 110, ""incoming_call_limiter"" : 110, ""vpn_id"" : ""10002874"", ""resource_type"" : ""SITE""}"
56735,3670,"{""id"" : 56735, ""name"" : ""3670_SCL_11142"", ""global_call_limiter"" : 90, ""outgoing_call_limiter"" : null, ""incoming_call_limiter"" : null, ""vpn_id"" : ""3670"", ""resource_type"" : ""SAN""}"
56738,3670,"{""id"" : 56738, ""name"" : ""3670_SCL_11147"", ""global_call_limiter"" : 90, ""outgoing_call_limiter"" : null, ""incoming_call_limiter"" : null, ""vpn_id"" : ""3670"", ""resource_type"" : ""SAN""}"
426401,10002294,"{""id"" : 426401, ""name"" : ""CD05V8A788"", ""global_call_limiter"" : 2000, ""outgoing_call_limiter"" : 2000, ""incoming_call_limiter"" : 2000, ""vpn_id"" : ""10002294"", ""resource_type"" : ""SITE""}"
54824,3577,"{""id"" : 54824, ""name"" : ""3577_SCL_11107"", ""global_call_limiter"" : 25, ""outgoing_call_limiter"" : null, ""incoming_call_limiter"" : null, ""vpn_id"" : ""3577"", ""resource_type"" : ""SAN""}"
54825,3577,"{""id"" : 54825, ""name"" : ""3577_SCL_11106"", ""global_call_limiter"" : 10, ""outgoing_call_limiter"" : null, ""incoming_call_limiter"" : null, ""vpn_id"" : ""3577"", ""resource_type"" : ""SAN""}"
50490,3593,"{""id"" : 50490, ""name"" : ""3593_SCL_11117"", ""global_call_limiter"" : 4, ""outgoing_call_limiter"" : null, ""incoming_call_limiter"" : null, ""vpn_id"" : ""3593"", ""resource_type"" : ""SAN""}"
51494,3665,"{""id"" : 51494, ""name"" : ""3665_SCL_11102"", ""global_call_limiter"" : 6, ""outgoing_call_limiter"" : null, ""incoming_call_limiter"" : null, ""vpn_id"" : ""3665"", ""resource_type"" : ""SAN""}"
51495,3665,"{""id"" : 51495, ""name"" : ""3665_SCL_11103"", ""global_call_limiter"" : 9, ""outgoing_call_limiter"" : null, ""incoming_call_limiter"" : null, ""vpn_id"" : ""3665"", ""resource_type"" : ""SAN""}"
60285,3841,"{""id"" : 60285, ""name"" : ""3841_SCL_11102"", ""global_call_limiter"" : 3, ""outgoing_call_limiter"" : null, ""incoming_call_limiter"" : null, ""vpn_id"" : ""3841"", ""resource_type"" : ""SAN""}"
60286,3841,"{""id"" : 60286, ""name"" : ""3841_SCL_11103"", ""global_call_limiter"" : 3, ""outgoing_call_limiter"" : null, ""incoming_call_limiter"" : null, ""vpn_id"" : ""3841"", ""resource_type"" : ""SAN""}"
60288,3841,"{""id"" : 60288, ""name"" : ""3841_SCL_11105"", ""global_call_limiter"" : 3, ""outgoing_call_limiter"" : null, ""incoming_call_limiter"" : null, ""vpn_id"" : ""3841"", ""resource_type"" : ""SAN""}"
60289,3841,"{""id"" : 60289, ""name"" : ""3841_SCL_11106"", ""global_call_limiter"" : 6, ""outgoing_call_limiter"" : null, ""incoming_call_limiter"" : null, ""vpn_id"" : ""3841"", ""resource_type"" : ""SAN""}"
60290,3841,"{""id"" : 60290, ""name"" : ""3841_SCL_11107"", ""global_call_limiter"" : 3, ""outgoing_call_limiter"" : null, ""incoming_call_limiter"" : null, ""vpn_id"" : ""3841"", ""resource_type"" : ""SAN""}"
60291,3841,"{""id"" : 60291, ""name"" : ""3841_SCL_11108"", ""global_call_limiter"" : 12, ""outgoing_call_limiter"" : null, ""incoming_call_limiter"" : null, ""vpn_id"" : ""3841"", ""resource_type"" : ""SAN""}"
418806,10002641,"{""id"" : 418806, ""name"" : ""CD0LVCLB90"", ""global_call_limiter"" : 4, ""outgoing_call_limiter"" : 4, ""incoming_call_limiter"" : 4, ""vpn_id"" : ""10002641"", ""resource_type"" : ""SITE""}"
412553,10015393,"{""id"" : 412553, ""name"" : ""CD0KRS7K96"", ""global_call_limiter"" : 40, ""outgoing_call_limiter"" : 40, ""incoming_call_limiter"" : 40, ""vpn_id"" : ""10015393"", ""resource_type"" : ""SITE""}"
73380,3611,"{""id"" : 73380, ""name"" : ""3611_SCL_11102"", ""global_call_limiter"" : 10, ""outgoing_call_limiter"" : null, ""incoming_call_limiter"" : null, ""vpn_id"" : ""3611"", ""resource_type"" : ""SAN""}"
428764,10004905,"{""id"" : 428764, ""name"" : ""CD0NFCK2C8"", ""global_call_limiter"" : 180, ""outgoing_call_limiter"" : 180, ""incoming_call_limiter"" : 180, ""vpn_id"" : ""10004905"", ""resource_type"" : ""SITE""}"
20127,3520,"{""id"" : 20127, ""name"" : ""3520_SCL_PO15"", ""global_call_limiter"" : 50000, ""outgoing_call_limiter"" : null, ""incoming_call_limiter"" : null, ""vpn_id"" : ""3520"", ""resource_type"" : ""SAN""}"
69499,3527,"{""id"" : 69499, ""name"" : ""3527_SCL_11105"", ""global_call_limiter"" : 4, ""outgoing_call_limiter"" : null, ""incoming_call_limiter"" : null, ""vpn_id"" : ""3527"", ""resource_type"" : ""SAN""}"
69500,3527,"{""id"" : 69500, ""name"" : ""3527_SCL_11102"", ""global_call_limiter"" : 6, ""outgoing_call_limiter"" : null, ""incoming_call_limiter"" : null, ""vpn_id"" : ""3527"", ""resource_type"" : ""SAN""}"
69501,3527,"{""id"" : 69501, ""name"" : ""3527_SCL_11107"", ""global_call_limiter"" : 4, ""outgoing_call_limiter"" : null, ""incoming_call_limiter"" : null, ""vpn_id"" : ""3527"", ""resource_type"" : ""SAN""}"
406680,10018617,"{""id"" : 406680, ""name"" : ""CD0JXHFKDB"", ""global_call_limiter"" : 120, ""outgoing_call_limiter"" : 120, ""incoming_call_limiter"" : 120, ""vpn_id"" : ""10018617"", ""resource_type"" : ""SITE""}"
425381,10005445,"{""id"" : 425381, ""name"" : ""CD0MSWS78A"", ""global_call_limiter"" : 80, ""outgoing_call_limiter"" : 80, ""incoming_call_limiter"" : 80, ""vpn_id"" : ""10005445"", ""resource_type"" : ""SITE""}"
427355,10002280,"{""id"" : 427355, ""name"" : ""CD05VCF095"", ""global_call_limiter"" : 2000, ""outgoing_call_limiter"" : 2000, ""incoming_call_limiter"" : 2000, ""vpn_id"" : ""10002280"", ""resource_type"" : ""SITE""}"
72516,3737,"{""id"" : 72516, ""name"" : ""3737_SCL_NDL_TFN"", ""global_call_limiter"" : 150, ""outgoing_call_limiter"" : null, ""incoming_call_limiter"" : null, ""vpn_id"" : ""3737"", ""resource_type"" : ""SAN""}"
427353,10002280,"{""id"" : 427353, ""name"" : ""CD05VC2QF4"", ""global_call_limiter"" : 2000, ""outgoing_call_limiter"" : 2000, ""incoming_call_limiter"" : 2000, ""vpn_id"" : ""10002280"", ""resource_type"" : ""SITE""}"
58257,3701,"{""id"" : 58257, ""name"" : ""3701_SCL_11147"", ""global_call_limiter"" : 2, ""outgoing_call_limiter"" : null, ""incoming_call_limiter"" : null, ""vpn_id"" : ""3701"", ""resource_type"" : ""SAN""}"
58258,3701,"{""id"" : 58258, ""name"" : ""3701_SCL_11148"", ""global_call_limiter"" : 30, ""outgoing_call_limiter"" : null, ""incoming_call_limiter"" : null, ""vpn_id"" : ""3701"", ""resource_type"" : ""SAN""}"
58259,3701,"{""id"" : 58259, ""name"" : ""3701_SCL_11150"", ""global_call_limiter"" : 2, ""outgoing_call_limiter"" : null, ""incoming_call_limiter"" : null, ""vpn_id"" : ""3701"", ""resource_type"" : ""SAN""}"
412059,10000127,"{""id"" : 412059, ""name"" : ""CD0KN5GECF"", ""global_call_limiter"" : 30, ""outgoing_call_limiter"" : 30, ""incoming_call_limiter"" : 30, ""vpn_id"" : ""10000127"", ""resource_type"" : ""SITE""}"
412207,10000127,"{""id"" : 412207, ""name"" : ""CD0KMUGC89"", ""global_call_limiter"" : 30, ""outgoing_call_limiter"" : 30, ""incoming_call_limiter"" : 30, ""vpn_id"" : ""10000127"", ""resource_type"" : ""SITE""}"
411962,10003112,"{""id"" : 411962, ""name"" : ""CD0KN5YKC1"", ""global_call_limiter"" : 200, ""outgoing_call_limiter"" : 200, ""incoming_call_limiter"" : 200, ""vpn_id"" : ""10003112"", ""resource_type"" : ""SITE""}"
412225,10000127,"{""id"" : 412225, ""name"" : ""CD0KN2CADA"", ""global_call_limiter"" : 30, ""outgoing_call_limiter"" : 30, ""incoming_call_limiter"" : 30, ""vpn_id"" : ""10000127"", ""resource_type"" : ""SITE""}"
52819,3683,"{""id"" : 52819, ""name"" : ""3683_SCL_11134"", ""global_call_limiter"" : 2, ""outgoing_call_limiter"" : null, ""incoming_call_limiter"" : null, ""vpn_id"" : ""3683"", ""resource_type"" : ""SAN""}"
52820,3683,"{""id"" : 52820, ""name"" : ""3683_SCL_11132"", ""global_call_limiter"" : 2, ""outgoing_call_limiter"" : null, ""incoming_call_limiter"" : null, ""vpn_id"" : ""3683"", ""resource_type"" : ""SAN""}"
54828,3577,"{""id"" : 54828, ""name"" : ""3577_SCL_11109"", ""global_call_limiter"" : 2, ""outgoing_call_limiter"" : null, ""incoming_call_limiter"" : null, ""vpn_id"" : ""3577"", ""resource_type"" : ""SAN""}"
54829,3577,"{""id"" : 54829, ""name"" : ""3577_SCL_11108"", ""global_call_limiter"" : 2, ""outgoing_call_limiter"" : null, ""incoming_call_limiter"" : null, ""vpn_id"" : ""3577"", ""resource_type"" : ""SAN""}"
409348,10011098,"{""id"" : 409348, ""name"" : ""CD0JQTTP8B"", ""global_call_limiter"" : 95, ""outgoing_call_limiter"" : 95, ""incoming_call_limiter"" : 95, ""vpn_id"" : ""10011098"", ""resource_type"" : ""SITE""}"
424339,10010249,"{""id"" : 424339, ""name"" : ""CD0MM4XWA0"", ""global_call_limiter"" : 12, ""outgoing_call_limiter"" : 12, ""incoming_call_limiter"" : 12, ""vpn_id"" : ""10010249"", ""resource_type"" : ""SITE""}"
427061,10002231,"{""id"" : 427061, ""name"" : ""CD05U6XND6"", ""global_call_limiter"" : 2000, ""outgoing_call_limiter"" : 2000, ""incoming_call_limiter"" : 2000, ""vpn_id"" : ""10002231"", ""resource_type"" : ""SITE""}"
67694,3767,"{""id"" : 67694, ""name"" : ""3767_SCL_11735"", ""global_call_limiter"" : 5, ""outgoing_call_limiter"" : null, ""incoming_call_limiter"" : null, ""vpn_id"" : ""3767"", ""resource_type"" : ""SAN""}"
416132,10003839,"{""id"" : 416132, ""name"" : ""CD0LDRVSE7"", ""global_call_limiter"" : 30, ""outgoing_call_limiter"" : 30, ""incoming_call_limiter"" : 30, ""vpn_id"" : ""10003839"", ""resource_type"" : ""SITE""}"
73894,3512,"{""id"" : 73894, ""name"" : ""3512_SCL_11156"", ""global_call_limiter"" : 1, ""outgoing_call_limiter"" : null, ""incoming_call_limiter"" : null, ""vpn_id"" : ""3512"", ""resource_type"" : ""SAN""}"
424746,10008283,"{""id"" : 424746, ""name"" : ""CD0DZTK437"", ""global_call_limiter"" : 60, ""outgoing_call_limiter"" : 60, ""incoming_call_limiter"" : 60, ""vpn_id"" : ""10008283"", ""resource_type"" : ""SITE""}"
423791,10005069,"{""id"" : 423791, ""name"" : ""CD0C6YJU11"", ""global_call_limiter"" : 70, ""outgoing_call_limiter"" : 70, ""incoming_call_limiter"" : 70, ""vpn_id"" : ""10005069"", ""resource_type"" : ""SITE""}"
67695,3767,"{""id"" : 67695, ""name"" : ""3767_SCL_11736"", ""global_call_limiter"" : 5, ""outgoing_call_limiter"" : null, ""incoming_call_limiter"" : null, ""vpn_id"" : ""3767"", ""resource_type"" : ""SAN""}"
78912,4620,"{""id"" : 78912, ""name"" : ""4620_SCL_GBR_ORIG"", ""global_call_limiter"" : 1000, ""outgoing_call_limiter"" : null, ""incoming_call_limiter"" : null, ""vpn_id"" : ""4620"", ""resource_type"" : ""SAN""}"
26174,3737,"{""id"" : 26174, ""name"" : ""3737_SCL_CAN_TOR"", ""global_call_limiter"" : 455, ""outgoing_call_limiter"" : null, ""incoming_call_limiter"" : null, ""vpn_id"" : ""3737"", ""resource_type"" : ""SAN""}"
26176,3737,"{""id"" : 26176, ""name"" : ""3737_SCL_CHL"", ""global_call_limiter"" : 55, ""outgoing_call_limiter"" : null, ""incoming_call_limiter"" : null, ""vpn_id"" : ""3737"", ""resource_type"" : ""SAN""}"
26177,3737,"{""id"" : 26177, ""name"" : ""3737_SCL_CHN"", ""global_call_limiter"" : 260, ""outgoing_call_limiter"" : null, ""incoming_call_limiter"" : null, ""vpn_id"" : ""3737"", ""resource_type"" : ""SAN""}"
426464,10000530,"{""id"" : 426464, ""name"" : ""CD04BKQFC7"", ""global_call_limiter"" : 130, ""outgoing_call_limiter"" : 130, ""incoming_call_limiter"" : 130, ""vpn_id"" : ""10000530"", ""resource_type"" : ""SITE""}"
74046,3512,"{""id"" : 74046, ""name"" : ""3512_SCL_11150"", ""global_call_limiter"" : 3, ""outgoing_call_limiter"" : null, ""incoming_call_limiter"" : null, ""vpn_id"" : ""3512"", ""resource_type"" : ""SAN""}"
33294,3639,"{""id"" : 33294, ""name"" : ""GTS_Dublin"", ""global_call_limiter"" : 180, ""outgoing_call_limiter"" : 180, ""incoming_call_limiter"" : 180, ""vpn_id"" : ""3639"", ""resource_type"" : ""SITE""}"
26229,3737,"{""id"" : 26229, ""name"" : ""3737_SCL_PRI"", ""global_call_limiter"" : 30, ""outgoing_call_limiter"" : null, ""incoming_call_limiter"" : null, ""vpn_id"" : ""3737"", ""resource_type"" : ""SAN""}"
26230,3737,"{""id"" : 26230, ""name"" : ""3737_SCL_QAT"", ""global_call_limiter"" : 40, ""outgoing_call_limiter"" : null, ""incoming_call_limiter"" : null, ""vpn_id"" : ""3737"", ""resource_type"" : ""SAN""}"
1723,4501,"{""id"" : 1723, ""name"" : ""N-Q01BG DE2"", ""global_call_limiter"" : 0, ""outgoing_call_limiter"" : null, ""incoming_call_limiter"" : null, ""vpn_id"" : ""4501"", ""resource_type"" : ""SAN""}"
2126,4501,"{""id"" : 2126, ""name"" : ""N-Q01BG NL1"", ""global_call_limiter"" : 0, ""outgoing_call_limiter"" : null, ""incoming_call_limiter"" : null, ""vpn_id"" : ""4501"", ""resource_type"" : ""SAN""}"
2351,4501,"{""id"" : 2351, ""name"" : ""N-Q01BG NL2"", ""global_call_limiter"" : 0, ""outgoing_call_limiter"" : null, ""incoming_call_limiter"" : null, ""vpn_id"" : ""4501"", ""resource_type"" : ""SAN""}"
50655,10000591,"{""id"" : 50655, ""name"" : ""CD03MX6JCD"", ""global_call_limiter"" : 4, ""outgoing_call_limiter"" : 4, ""incoming_call_limiter"" : 4, ""vpn_id"" : ""10000591"", ""resource_type"" : ""SITE""}"
412696,10000049,"{""id"" : 412696, ""name"" : ""CD0H6AEHC3"", ""global_call_limiter"" : 100, ""outgoing_call_limiter"" : 100, ""incoming_call_limiter"" : 100, ""vpn_id"" : ""10000049"", ""resource_type"" : ""SITE""}"
413119,10012868,"{""id"" : 413119, ""name"" : ""CD0HY5KGF1"", ""global_call_limiter"" : 40, ""outgoing_call_limiter"" : 40, ""incoming_call_limiter"" : 40, ""vpn_id"" : ""10012868"", ""resource_type"" : ""SITE""}"
412743,10005445,"{""id"" : 412743, ""name"" : ""CD0JU595A8"", ""global_call_limiter"" : 40, ""outgoing_call_limiter"" : 40, ""incoming_call_limiter"" : 40, ""vpn_id"" : ""10005445"", ""resource_type"" : ""SITE""}"
386645,10018001,"{""id"" : 386645, ""name"" : ""CD0H40VDEA"", ""global_call_limiter"" : 50, ""outgoing_call_limiter"" : 50, ""incoming_call_limiter"" : 50, ""vpn_id"" : ""10018001"", ""resource_type"" : ""SITE""}"
407162,10004345,"{""id"" : 407162, ""name"" : ""CD0K09A790"", ""global_call_limiter"" : 50, ""outgoing_call_limiter"" : 50, ""incoming_call_limiter"" : 50, ""vpn_id"" : ""10004345"", ""resource_type"" : ""SITE""}"
419407,10009333,"{""id"" : 419407, ""name"" : ""CD0LX7PWBE"", ""global_call_limiter"" : 50, ""outgoing_call_limiter"" : 50, ""incoming_call_limiter"" : 50, ""vpn_id"" : ""10009333"", ""resource_type"" : ""SITE""}"
408597,10018697,"{""id"" : 408597, ""name"" : ""CD0K7X62D3"", ""global_call_limiter"" : 6, ""outgoing_call_limiter"" : 6, ""incoming_call_limiter"" : 6, ""vpn_id"" : ""10018697"", ""resource_type"" : ""SITE""}"
412303,10000127,"{""id"" : 412303, ""name"" : ""CD0KN2BWCC"", ""global_call_limiter"" : 30, ""outgoing_call_limiter"" : 30, ""incoming_call_limiter"" : 30, ""vpn_id"" : ""10000127"", ""resource_type"" : ""SITE""}"
411927,10007596,"{""id"" : 411927, ""name"" : ""CD0KN1S4A5"", ""global_call_limiter"" : 30, ""outgoing_call_limiter"" : 30, ""incoming_call_limiter"" : 30, ""vpn_id"" : ""10007596"", ""resource_type"" : ""SITE""}"
419348,10012694,"{""id"" : 419348, ""name"" : ""CD0LYP1RE9"", ""global_call_limiter"" : 10, ""outgoing_call_limiter"" : 10, ""incoming_call_limiter"" : 10, ""vpn_id"" : ""10012694"", ""resource_type"" : ""SITE""}"
427125,10001012,"{""id"" : 427125, ""name"" : ""CD04L2LGD0"", ""global_call_limiter"" : 150, ""outgoing_call_limiter"" : 150, ""incoming_call_limiter"" : 150, ""vpn_id"" : ""10001012"", ""resource_type"" : ""SITE""}"
75437,3610,"{""id"" : 75437, ""name"" : ""3610_SCL_11803"", ""global_call_limiter"" : 2, ""outgoing_call_limiter"" : null, ""incoming_call_limiter"" : null, ""vpn_id"" : ""3610"", ""resource_type"" : ""SAN""}"
425398,10002232,"{""id"" : 425398, ""name"" : ""CD05U6A9A1"", ""global_call_limiter"" : 2000, ""outgoing_call_limiter"" : 2000, ""incoming_call_limiter"" : 2000, ""vpn_id"" : ""10002232"", ""resource_type"" : ""SITE""}"
68427,3696,"{""id"" : 68427, ""name"" : ""3696_SCL_21237"", ""global_call_limiter"" : 1, ""outgoing_call_limiter"" : null, ""incoming_call_limiter"" : null, ""vpn_id"" : ""3696"", ""resource_type"" : ""SAN""}"
77902,10001208,"{""id"" : 77902, ""name"" : ""CD052VFY87"", ""global_call_limiter"" : 5, ""outgoing_call_limiter"" : 5, ""incoming_call_limiter"" : 5, ""vpn_id"" : ""10001208"", ""resource_type"" : ""SITE""}"
91636,4620,"{""id"" : 91636, ""name"" : ""4620_SCL_HRV_ORIG"", ""global_call_limiter"" : 100, ""outgoing_call_limiter"" : null, ""incoming_call_limiter"" : null, ""vpn_id"" : ""4620"", ""resource_type"" : ""SAN""}"
411487,10000127,"{""id"" : 411487, ""name"" : ""CD0KMYZLAE"", ""global_call_limiter"" : 30, ""outgoing_call_limiter"" : 30, ""incoming_call_limiter"" : 30, ""vpn_id"" : ""10000127"", ""resource_type"" : ""SITE""}"
424347,10003212,"{""id"" : 424347, ""name"" : ""CD0LXA8N90"", ""global_call_limiter"" : 60, ""outgoing_call_limiter"" : 60, ""incoming_call_limiter"" : 60, ""vpn_id"" : ""10003212"", ""resource_type"" : ""SITE""}"
419249,4125,"{""id"" : 419249, ""name"" : ""CD00M13Q9C"", ""global_call_limiter"" : 20, ""outgoing_call_limiter"" : 20, ""incoming_call_limiter"" : 20, ""vpn_id"" : ""4125"", ""resource_type"" : ""SITE""}"
419999,10008986,"{""id"" : 419999, ""name"" : ""CD0LGX0NC6"", ""global_call_limiter"" : 250, ""outgoing_call_limiter"" : 250, ""incoming_call_limiter"" : 250, ""vpn_id"" : ""10008986"", ""resource_type"" : ""SITE""}"
41597,4825,"{""id"" : 41597, ""name"" : ""CLync Singapore NEO"", ""global_call_limiter"" : 150, ""outgoing_call_limiter"" : null, ""incoming_call_limiter"" : null, ""vpn_id"" : ""4825"", ""resource_type"" : ""SAN""}"
41601,4825,"{""id"" : 41601, ""name"" : ""CLync Mexico RMG"", ""global_call_limiter"" : 120, ""outgoing_call_limiter"" : null, ""incoming_call_limiter"" : null, ""vpn_id"" : ""4825"", ""resource_type"" : ""SAN""}"
41602,4825,"{""id"" : 41602, ""name"" : ""CLync Los Angeles RM"", ""global_call_limiter"" : 200, ""outgoing_call_limiter"" : null, ""incoming_call_limiter"" : null, ""vpn_id"" : ""4825"", ""resource_type"" : ""SAN""}"
41606,4825,"{""id"" : 41606, ""name"" : ""CLync Paris NEO"", ""global_call_limiter"" : 300, ""outgoing_call_limiter"" : null, ""incoming_call_limiter"" : null, ""vpn_id"" : ""4825"", ""resource_type"" : ""SAN""}"
41607,4825,"{""id"" : 41607, ""name"" : ""CLync Sydney RMG"", ""global_call_limiter"" : 150, ""outgoing_call_limiter"" : null, ""incoming_call_limiter"" : null, ""vpn_id"" : ""4825"", ""resource_type"" : ""SAN""}"
53287,3683,"{""id"" : 53287, ""name"" : ""3683_SCL_11834"", ""global_call_limiter"" : 7, ""outgoing_call_limiter"" : null, ""incoming_call_limiter"" : null, ""vpn_id"" : ""3683"", ""resource_type"" : ""SAN""}"
53288,3683,"{""id"" : 53288, ""name"" : ""3683_SCL_11845"", ""global_call_limiter"" : 10, ""outgoing_call_limiter"" : null, ""incoming_call_limiter"" : null, ""vpn_id"" : ""3683"", ""resource_type"" : ""SAN""}"
53289,3683,"{""id"" : 53289, ""name"" : ""3683_SCL_11846"", ""global_call_limiter"" : 5, ""outgoing_call_limiter"" : null, ""incoming_call_limiter"" : null, ""vpn_id"" : ""3683"", ""resource_type"" : ""SAN""}"
53290,3683,"{""id"" : 53290, ""name"" : ""3683_SCL_11847"", ""global_call_limiter"" : 5, ""outgoing_call_limiter"" : null, ""incoming_call_limiter"" : null, ""vpn_id"" : ""3683"", ""resource_type"" : ""SAN""}"
53291,3683,"{""id"" : 53291, ""name"" : ""3683_SCL_11848"", ""global_call_limiter"" : 5, ""outgoing_call_limiter"" : null, ""incoming_call_limiter"" : null, ""vpn_id"" : ""3683"", ""resource_type"" : ""SAN""}"
420564,5173,"{""id"" : 420564, ""name"" : ""CD0LY18BBC"", ""global_call_limiter"" : 10, ""outgoing_call_limiter"" : 10, ""incoming_call_limiter"" : 10, ""vpn_id"" : ""5173"", ""resource_type"" : ""SITE""}"
426959,10002539,"{""id"" : 426959, ""name"" : ""CD0MSD4E91"", ""global_call_limiter"" : 80, ""outgoing_call_limiter"" : 80, ""incoming_call_limiter"" : 80, ""vpn_id"" : ""10002539"", ""resource_type"" : ""SITE""}"
33372,3639,"{""id"" : 33372, ""name"" : ""GTS_Peterborough"", ""global_call_limiter"" : 420, ""outgoing_call_limiter"" : 420, ""incoming_call_limiter"" : 420, ""vpn_id"" : ""3639"", ""resource_type"" : ""SITE""}"
33373,3639,"{""id"" : 33373, ""name"" : ""GTS_Cape Town"", ""global_call_limiter"" : 220, ""outgoing_call_limiter"" : 220, ""incoming_call_limiter"" : 220, ""vpn_id"" : ""3639"", ""resource_type"" : ""SITE""}"
426936,10006370,"{""id"" : 426936, ""name"" : ""CD0M84NHB9"", ""global_call_limiter"" : 60, ""outgoing_call_limiter"" : 60, ""incoming_call_limiter"" : 60, ""vpn_id"" : ""10006370"", ""resource_type"" : ""SITE""}"
66026,3549,"{""id"" : 66026, ""name"" : ""3549_SCL_11137"", ""global_call_limiter"" : 3, ""outgoing_call_limiter"" : null, ""incoming_call_limiter"" : null, ""vpn_id"" : ""3549"", ""resource_type"" : ""SAN""}"
426211,10000508,"{""id"" : 426211, ""name"" : ""CD0MYHW3CF"", ""global_call_limiter"" : 81, ""outgoing_call_limiter"" : 81, ""incoming_call_limiter"" : 81, ""vpn_id"" : ""10000508"", ""resource_type"" : ""SITE""}"
427357,10002302,"{""id"" : 427357, ""name"" : ""CD05VCDRF7"", ""global_call_limiter"" : 2000, ""outgoing_call_limiter"" : 2000, ""incoming_call_limiter"" : 2000, ""vpn_id"" : ""10002302"", ""resource_type"" : ""SITE""}"
427361,10002272,"{""id"" : 427361, ""name"" : ""CD05VCH99C"", ""global_call_limiter"" : 2000, ""outgoing_call_limiter"" : 2000, ""incoming_call_limiter"" : 2000, ""vpn_id"" : ""10002272"", ""resource_type"" : ""SITE""}"
414263,10003759,"{""id"" : 414263, ""name"" : ""CD0KW63WD4"", ""global_call_limiter"" : 60, ""outgoing_call_limiter"" : 60, ""incoming_call_limiter"" : 60, ""vpn_id"" : ""10003759"", ""resource_type"" : ""SITE""}"
74573,3628,"{""id"" : 74573, ""name"" : ""3628_SCL_11113"", ""global_call_limiter"" : 5, ""outgoing_call_limiter"" : null, ""incoming_call_limiter"" : null, ""vpn_id"" : ""3628"", ""resource_type"" : ""SAN""}"
73427,3611,"{""id"" : 73427, ""name"" : ""3611_SCL_11100"", ""global_call_limiter"" : 10, ""outgoing_call_limiter"" : null, ""incoming_call_limiter"" : null, ""vpn_id"" : ""3611"", ""resource_type"" : ""SAN""}"
73428,3611,"{""id"" : 73428, ""name"" : ""3611_SCL_11108"", ""global_call_limiter"" : 5, ""outgoing_call_limiter"" : null, ""incoming_call_limiter"" : null, ""vpn_id"" : ""3611"", ""resource_type"" : ""SAN""}"
424599,10010228,"{""id"" : 424599, ""name"" : ""CD0MLTAFF2"", ""global_call_limiter"" : 14, ""outgoing_call_limiter"" : 14, ""incoming_call_limiter"" : 14, ""vpn_id"" : ""10010228"", ""resource_type"" : ""SITE""}"
58249,3701,"{""id"" : 58249, ""name"" : ""3701_SCL_11121"", ""global_call_limiter"" : 3, ""outgoing_call_limiter"" : null, ""incoming_call_limiter"" : null, ""vpn_id"" : ""3701"", ""resource_type"" : ""SAN""}"
58250,3701,"{""id"" : 58250, ""name"" : ""3701_SCL_11118"", ""global_call_limiter"" : 3, ""outgoing_call_limiter"" : null, ""incoming_call_limiter"" : null, ""vpn_id"" : ""3701"", ""resource_type"" : ""SAN""}"
58251,3701,"{""id"" : 58251, ""name"" : ""3701_SCL_11120"", ""global_call_limiter"" : 3, ""outgoing_call_limiter"" : null, ""incoming_call_limiter"" : null, ""vpn_id"" : ""3701"", ""resource_type"" : ""SAN""}"
58252,3701,"{""id"" : 58252, ""name"" : ""3701_SCL_11131"", ""global_call_limiter"" : 3, ""outgoing_call_limiter"" : null, ""incoming_call_limiter"" : null, ""vpn_id"" : ""3701"", ""resource_type"" : ""SAN""}"
58253,3701,"{""id"" : 58253, ""name"" : ""3701_SCL_11109"", ""global_call_limiter"" : 2, ""outgoing_call_limiter"" : null, ""incoming_call_limiter"" : null, ""vpn_id"" : ""3701"", ""resource_type"" : ""SAN""}"
58254,3701,"{""id"" : 58254, ""name"" : ""3701_SCL_11102"", ""global_call_limiter"" : 10, ""outgoing_call_limiter"" : null, ""incoming_call_limiter"" : null, ""vpn_id"" : ""3701"", ""resource_type"" : ""SAN""}"
58255,3701,"{""id"" : 58255, ""name"" : ""3701_SCL_11152"", ""global_call_limiter"" : 2, ""outgoing_call_limiter"" : null, ""incoming_call_limiter"" : null, ""vpn_id"" : ""3701"", ""resource_type"" : ""SAN""}"
425167,10009641,"{""id"" : 425167, ""name"" : ""CD0MK9G2E8"", ""global_call_limiter"" : 60, ""outgoing_call_limiter"" : 60, ""incoming_call_limiter"" : 60, ""vpn_id"" : ""10009641"", ""resource_type"" : ""SITE""}"
416296,10018709,"{""id"" : 416296, ""name"" : ""CD0LEENF83"", ""global_call_limiter"" : 40, ""outgoing_call_limiter"" : 40, ""incoming_call_limiter"" : 40, ""vpn_id"" : ""10018709"", ""resource_type"" : ""SITE""}"
83344,4620,"{""id"" : 83344, ""name"" : ""4620_SCL_CAN_ORIG"", ""global_call_limiter"" : 200, ""outgoing_call_limiter"" : null, ""incoming_call_limiter"" : null, ""vpn_id"" : ""4620"", ""resource_type"" : ""SAN""}"
83346,4620,"{""id"" : 83346, ""name"" : ""4620_SCL_CMR_ORIG"", ""global_call_limiter"" : 100, ""outgoing_call_limiter"" : null, ""incoming_call_limiter"" : null, ""vpn_id"" : ""4620"", ""resource_type"" : ""SAN""}"
79332,3670,"{""id"" : 79332, ""name"" : ""MS Muenster2"", ""global_call_limiter"" : 181, ""outgoing_call_limiter"" : 181, ""incoming_call_limiter"" : 181, ""vpn_id"" : ""3670"", ""resource_type"" : ""SITE""}"
79333,3670,"{""id"" : 79333, ""name"" : ""MS Paris-Frankfurt"", ""global_call_limiter"" : 1200, ""outgoing_call_limiter"" : 1200, ""incoming_call_limiter"" : 1200, ""vpn_id"" : ""3670"", ""resource_type"" : ""SITE""}"
416309,10008408,"{""id"" : 416309, ""name"" : ""CD0KV4BYD6"", ""global_call_limiter"" : 45, ""outgoing_call_limiter"" : 45, ""incoming_call_limiter"" : 45, ""vpn_id"" : ""10008408"", ""resource_type"" : ""SITE""}"
416332,10003395,"{""id"" : 416332, ""name"" : ""CD0LDGFD8D"", ""global_call_limiter"" : 10, ""outgoing_call_limiter"" : 10, ""incoming_call_limiter"" : 10, ""vpn_id"" : ""10003395"", ""resource_type"" : ""SITE""}"
412130,10002094,"{""id"" : 412130, ""name"" : ""CD0KAAHMFF"", ""global_call_limiter"" : 7, ""outgoing_call_limiter"" : 7, ""incoming_call_limiter"" : 7, ""vpn_id"" : ""10002094"", ""resource_type"" : ""SITE""}"
412229,10000049,"{""id"" : 412229, ""name"" : ""CD0H6AM9B2"", ""global_call_limiter"" : 1965, ""outgoing_call_limiter"" : 1965, ""incoming_call_limiter"" : 1965, ""vpn_id"" : ""10000049"", ""resource_type"" : ""SITE""}"
416620,10006667,"{""id"" : 416620, ""name"" : ""CD0KY77UD0"", ""global_call_limiter"" : 30, ""outgoing_call_limiter"" : 30, ""incoming_call_limiter"" : 30, ""vpn_id"" : ""10006667"", ""resource_type"" : ""SITE""}"
34573,10000591,"{""id"" : 34573, ""name"" : ""CD03T8RY9D"", ""global_call_limiter"" : 407, ""outgoing_call_limiter"" : 407, ""incoming_call_limiter"" : 407, ""vpn_id"" : ""10000591"", ""resource_type"" : ""SITE""}"
406043,10017941,"{""id"" : 406043, ""name"" : ""CD0JTTU8E3"", ""global_call_limiter"" : 40, ""outgoing_call_limiter"" : 40, ""incoming_call_limiter"" : 40, ""vpn_id"" : ""10017941"", ""resource_type"" : ""SITE""}"
53088,3683,"{""id"" : 53088, ""name"" : ""3683_SCL_11509"", ""global_call_limiter"" : 2, ""outgoing_call_limiter"" : null, ""incoming_call_limiter"" : null, ""vpn_id"" : ""3683"", ""resource_type"" : ""SAN""}"
73323,3520,"{""id"" : 73323, ""name"" : ""3520_SCL_IBUK_13"", ""global_call_limiter"" : 50000, ""outgoing_call_limiter"" : null, ""incoming_call_limiter"" : null, ""vpn_id"" : ""3520"", ""resource_type"" : ""SAN""}"
24816,,"{""id"" : 24816, ""name"" : ""4374/3725_BGR_SOF1"", ""global_call_limiter"" : 20, ""outgoing_call_limiter"" : null, ""incoming_call_limiter"" : null, ""vpn_id"" : null, ""resource_type"" : ""SAN""}"
33048,3639,"{""id"" : 33048, ""name"" : ""GTS_Berlin"", ""global_call_limiter"" : 650, ""outgoing_call_limiter"" : 650, ""incoming_call_limiter"" : 650, ""vpn_id"" : ""3639"", ""resource_type"" : ""SITE""}"
33234,3639,"{""id"" : 33234, ""name"" : ""GTS_Berlin_SIP"", ""global_call_limiter"" : 211, ""outgoing_call_limiter"" : null, ""incoming_call_limiter"" : null, ""vpn_id"" : ""3639"", ""resource_type"" : ""EQUIPMENT""}"
75037,3791,"{""id"" : 75037, ""name"" : ""3791_SCL_11187"", ""global_call_limiter"" : 2, ""outgoing_call_limiter"" : null, ""incoming_call_limiter"" : null, ""vpn_id"" : ""3791"", ""resource_type"" : ""SAN""}"
11399,3520,"{""id"" : 11399, ""name"" : ""3520_SCl_HKG_10"", ""global_call_limiter"" : 5000, ""outgoing_call_limiter"" : null, ""incoming_call_limiter"" : null, ""vpn_id"" : ""3520"", ""resource_type"" : ""SAN""}"
83340,4620,"{""id"" : 83340, ""name"" : ""4620_SCL_BHR_ORIG"", ""global_call_limiter"" : 100, ""outgoing_call_limiter"" : null, ""incoming_call_limiter"" : null, ""vpn_id"" : ""4620"", ""resource_type"" : ""SAN""}"
83349,4620,"{""id"" : 83349, ""name"" : ""4620_SCL_CRI_ORIG"", ""global_call_limiter"" : 100, ""outgoing_call_limiter"" : null, ""incoming_call_limiter"" : null, ""vpn_id"" : ""4620"", ""resource_type"" : ""SAN""}"
83362,4620,"{""id"" : 83362, ""name"" : ""4620_SCL_EST_ORIG"", ""global_call_limiter"" : 100, ""outgoing_call_limiter"" : null, ""incoming_call_limiter"" : null, ""vpn_id"" : ""4620"", ""resource_type"" : ""SAN""}"
54830,3577,"{""id"" : 54830, ""name"" : ""3577_SCL_11111"", ""global_call_limiter"" : 2, ""outgoing_call_limiter"" : null, ""incoming_call_limiter"" : null, ""vpn_id"" : ""3577"", ""resource_type"" : ""SAN""}"
70123,3189,"{""id"" : 70123, ""name"" : ""3189_SCL_11254"", ""global_call_limiter"" : 20, ""outgoing_call_limiter"" : null, ""incoming_call_limiter"" : null, ""vpn_id"" : ""3189"", ""resource_type"" : ""SAN""}"
83342,4620,"{""id"" : 83342, ""name"" : ""4620_SCL_BOL_ORIG "", ""global_call_limiter"" : 100, ""outgoing_call_limiter"" : null, ""incoming_call_limiter"" : null, ""vpn_id"" : ""4620"", ""resource_type"" : ""SAN""}"
83363,4620,"{""id"" : 83363, ""name"" : ""4620_SCL_FIN_ORIG"", ""global_call_limiter"" : 100, ""outgoing_call_limiter"" : null, ""incoming_call_limiter"" : null, ""vpn_id"" : ""4620"", ""resource_type"" : ""SAN""}"
83382,4620,"{""id"" : 83382, ""name"" : ""4620_SCL_LTU_ORIG"", ""global_call_limiter"" : 100, ""outgoing_call_limiter"" : null, ""incoming_call_limiter"" : null, ""vpn_id"" : ""4620"", ""resource_type"" : ""SAN""}"
70728,3547,"{""id"" : 70728, ""name"" : ""3547_SCL_11107"", ""global_call_limiter"" : 13, ""outgoing_call_limiter"" : null, ""incoming_call_limiter"" : null, ""vpn_id"" : ""3547"", ""resource_type"" : ""SAN""}"
50196,3113,"{""id"" : 50196, ""name"" : ""PPG Global CL"", ""global_call_limiter"" : 35, ""outgoing_call_limiter"" : 35, ""incoming_call_limiter"" : 35, ""vpn_id"" : ""3113"", ""resource_type"" : ""SITE""}"
420337,10003117,"{""id"" : 420337, ""name"" : ""CD0M2XE5AC"", ""global_call_limiter"" : 30, ""outgoing_call_limiter"" : 30, ""incoming_call_limiter"" : 30, ""vpn_id"" : ""10003117"", ""resource_type"" : ""SITE""}"
58247,3701,"{""id"" : 58247, ""name"" : ""3701_SCL_11123"", ""global_call_limiter"" : 2, ""outgoing_call_limiter"" : null, ""incoming_call_limiter"" : null, ""vpn_id"" : ""3701"", ""resource_type"" : ""SAN""}"
58248,3701,"{""id"" : 58248, ""name"" : ""3701_SCL_11108"", ""global_call_limiter"" : 2, ""outgoing_call_limiter"" : null, ""incoming_call_limiter"" : null, ""vpn_id"" : ""3701"", ""resource_type"" : ""SAN""}"
24746,,"{""id"" : 24746, ""name"" : ""4374/3725_CZE_PRG1"", ""global_call_limiter"" : 150, ""outgoing_call_limiter"" : null, ""incoming_call_limiter"" : null, ""vpn_id"" : null, ""resource_type"" : ""SAN""}"
52555,3520,"{""id"" : 52555, ""name"" : ""3520_SCL_POL_6"", ""global_call_limiter"" : 50000, ""outgoing_call_limiter"" : null, ""incoming_call_limiter"" : null, ""vpn_id"" : ""3520"", ""resource_type"" : ""SAN""}"
56763,3670,"{""id"" : 56763, ""name"" : ""3670_SCL_11206"", ""global_call_limiter"" : 20, ""outgoing_call_limiter"" : null, ""incoming_call_limiter"" : null, ""vpn_id"" : ""3670"", ""resource_type"" : ""SAN""}"
101220,4705,"{""id"" : 101220, ""name"" : ""4705_SCL_OSAFR01"", ""global_call_limiter"" : 1000, ""outgoing_call_limiter"" : null, ""incoming_call_limiter"" : null, ""vpn_id"" : ""4705"", ""resource_type"" : ""SAN""}"
56765,3670,"{""id"" : 56765, ""name"" : ""3670_SCL_11205"", ""global_call_limiter"" : 30, ""outgoing_call_limiter"" : null, ""incoming_call_limiter"" : null, ""vpn_id"" : ""3670"", ""resource_type"" : ""SAN""}"
73381,3611,"{""id"" : 73381, ""name"" : ""3611_SCL_11109"", ""global_call_limiter"" : 10, ""outgoing_call_limiter"" : null, ""incoming_call_limiter"" : null, ""vpn_id"" : ""3611"", ""resource_type"" : ""SAN""}"
73382,3611,"{""id"" : 73382, ""name"" : ""3611_SCL_11111"", ""global_call_limiter"" : 10, ""outgoing_call_limiter"" : null, ""incoming_call_limiter"" : null, ""vpn_id"" : ""3611"", ""resource_type"" : ""SAN""}"
73389,3611,"{""id"" : 73389, ""name"" : ""3611_SCL_11215"", ""global_call_limiter"" : 10, ""outgoing_call_limiter"" : null, ""incoming_call_limiter"" : null, ""vpn_id"" : ""3611"", ""resource_type"" : ""SAN""}"
83357,4620,"{""id"" : 83357, ""name"" : ""4620_SCL_ECU_ORIG"", ""global_call_limiter"" : 100, ""outgoing_call_limiter"" : null, ""incoming_call_limiter"" : null, ""vpn_id"" : ""4620"", ""resource_type"" : ""SAN""}"
83379,4620,"{""id"" : 83379, ""name"" : ""4620_SCL_KEN_ORIG"", ""global_call_limiter"" : 100, ""outgoing_call_limiter"" : null, ""incoming_call_limiter"" : null, ""vpn_id"" : ""4620"", ""resource_type"" : ""SAN""}"
83385,4620,"{""id"" : 83385, ""name"" : ""4620_SCL_MAR_ORIG"", ""global_call_limiter"" : 100, ""outgoing_call_limiter"" : null, ""incoming_call_limiter"" : null, ""vpn_id"" : ""4620"", ""resource_type"" : ""SAN""}"
83394,4620,"{""id"" : 83394, ""name"" : ""4620_SCL_NDL_ORIG"", ""global_call_limiter"" : 500, ""outgoing_call_limiter"" : null, ""incoming_call_limiter"" : null, ""vpn_id"" : ""4620"", ""resource_type"" : ""SAN""}"
83582,4620,"{""id"" : 83582, ""name"" : ""4620_SCL_NZL_ORIG"", ""global_call_limiter"" : 2000, ""outgoing_call_limiter"" : null, ""incoming_call_limiter"" : null, ""vpn_id"" : ""4620"", ""resource_type"" : ""SAN""}"
72517,3737,"{""id"" : 72517, ""name"" : ""3737_SCL_IRL_TFN"", ""global_call_limiter"" : 100, ""outgoing_call_limiter"" : null, ""incoming_call_limiter"" : null, ""vpn_id"" : ""3737"", ""resource_type"" : ""SAN""}"
72546,3737,"{""id"" : 72546, ""name"" : ""3737_SCL_ITA_TFN"", ""global_call_limiter"" : 200, ""outgoing_call_limiter"" : null, ""incoming_call_limiter"" : null, ""vpn_id"" : ""3737"", ""resource_type"" : ""SAN""}"
72549,3737,"{""id"" : 72549, ""name"" : ""3737_SCL_CAN_MON"", ""global_call_limiter"" : 90, ""outgoing_call_limiter"" : null, ""incoming_call_limiter"" : null, ""vpn_id"" : ""3737"", ""resource_type"" : ""SAN""}"
24750,,"{""id"" : 24750, ""name"" : ""4374/3725_DNK_CPH1"", ""global_call_limiter"" : 100, ""outgoing_call_limiter"" : null, ""incoming_call_limiter"" : null, ""vpn_id"" : null, ""resource_type"" : ""SAN""}"
24754,,"{""id"" : 24754, ""name"" : ""4374/3725_FIN_HEL1"", ""global_call_limiter"" : 85, ""outgoing_call_limiter"" : null, ""incoming_call_limiter"" : null, ""vpn_id"" : null, ""resource_type"" : ""SAN""}"
24761,,"{""id"" : 24761, ""name"" : ""4374/3725_HUN_BUD1"", ""global_call_limiter"" : 150, ""outgoing_call_limiter"" : null, ""incoming_call_limiter"" : null, ""vpn_id"" : null, ""resource_type"" : ""SAN""}"
24763,,"{""id"" : 24763, ""name"" : ""4374/3725_ITA_MIL1"", ""global_call_limiter"" : 275, ""outgoing_call_limiter"" : null, ""incoming_call_limiter"" : null, ""vpn_id"" : null, ""resource_type"" : ""SAN""}"
67729,3767,"{""id"" : 67729, ""name"" : ""3767_SCL_11743"", ""global_call_limiter"" : 5, ""outgoing_call_limiter"" : null, ""incoming_call_limiter"" : null, ""vpn_id"" : ""3767"", ""resource_type"" : ""SAN""}"
67730,3767,"{""id"" : 67730, ""name"" : ""3767_SCL_11755"", ""global_call_limiter"" : 5, ""outgoing_call_limiter"" : null, ""incoming_call_limiter"" : null, ""vpn_id"" : ""3767"", ""resource_type"" : ""SAN""}"
67870,3652,"{""id"" : 67870, ""name"" : ""3652_SCL_11150"", ""global_call_limiter"" : 1, ""outgoing_call_limiter"" : null, ""incoming_call_limiter"" : null, ""vpn_id"" : ""3652"", ""resource_type"" : ""SAN""}"
413026,10011054,"{""id"" : 413026, ""name"" : ""CD0HU0NVFE"", ""global_call_limiter"" : 90, ""outgoing_call_limiter"" : 90, ""incoming_call_limiter"" : 90, ""vpn_id"" : ""10011054"", ""resource_type"" : ""SITE""}"
53184,3683,"{""id"" : 53184, ""name"" : ""3683_SCL_11666"", ""global_call_limiter"" : 2, ""outgoing_call_limiter"" : null, ""incoming_call_limiter"" : null, ""vpn_id"" : ""3683"", ""resource_type"" : ""SAN""}"
53187,3683,"{""id"" : 53187, ""name"" : ""3683_SCL_11771"", ""global_call_limiter"" : 2, ""outgoing_call_limiter"" : null, ""incoming_call_limiter"" : null, ""vpn_id"" : ""3683"", ""resource_type"" : ""SAN""}"
