vpn_code,id,data
10004010,55047,"{""id"" : 55047, ""hkh_nr_id"" : ""55047"", ""vpn_id"" : 10004010, ""public_number"" : ""33123450009"", ""global_call_limiter"" : 512, ""no_answer_timeout"" : 4000, ""label"" : ""+33123450009"", ""possibility"" : ""SAN_LEVEL"", ""uui"" : ""SAN_LEVEL"", ""spn_mode"" : ""DEFAULT"", ""call_transfer_mode"" : ""NO_DELAYED_OFFER"", ""int_dc"" : ""B"", ""header_list"" : []}"
10004010,55048,"{""id"" : 55048, ""hkh_nr_id"" : ""55048"", ""vpn_id"" : 10004010, ""public_number"" : ""33123450005"", ""global_call_limiter"" : 512, ""no_answer_timeout"" : 4000, ""label"" : ""+33123450005"", ""possibility"" : ""SAN_LEVEL"", ""uui"" : ""SAN_LEVEL"", ""spn_mode"" : ""DEFAULT"", ""call_transfer_mode"" : ""NO_DELAYED_OFFER"", ""int_dc"" : ""B"", ""header_list"" : []}"
10004010,55049,"{""id"" : 55049, ""hkh_nr_id"" : ""55049"", ""vpn_id"" : 10004010, ""public_number"" : ""33123450008"", ""global_call_limiter"" : 512, ""no_answer_timeout"" : 4000, ""label"" : ""+33123450008"", ""possibility"" : ""SAN_LEVEL"", ""uui"" : ""SAN_LEVEL"", ""spn_mode"" : ""DEFAULT"", ""call_transfer_mode"" : ""NO_DELAYED_OFFER"", ""int_dc"" : ""B"", ""header_list"" : []}"
10004010,55050,"{""id"" : 55050, ""hkh_nr_id"" : ""55050"", ""vpn_id"" : 10004010, ""public_number"" : ""33123450003"", ""global_call_limiter"" : 512, ""no_answer_timeout"" : 20000, ""label"" : ""+33123450003"", ""possibility"" : ""SAN_LEVEL"", ""uui"" : ""SAN_LEVEL"", ""spn_mode"" : ""DEFAULT"", ""call_transfer_mode"" : ""NO_DELAYED_OFFER"", ""int_dc"" : ""B"", ""header_list"" : []}"
10004010,55051,"{""id"" : 55051, ""hkh_nr_id"" : ""55051"", ""vpn_id"" : 10004010, ""public_number"" : ""33476526150"", ""global_call_limiter"" : 20, ""no_answer_timeout"" : 5000, ""label"" : ""+33476526150"", ""possibility"" : ""SAN_LEVEL"", ""uui"" : ""SAN_LEVEL"", ""spn_mode"" : ""DEFAULT"", ""call_transfer_mode"" : ""NO_DELAYED_OFFER"", ""int_dc"" : ""B"", ""header_list"" : []}"
10003728,55063,"{""id"" : 55063, ""hkh_nr_id"" : ""55063"", ""vpn_id"" : 10003728, ""public_number"" : ""33478548732"", ""global_call_limiter"" : 100, ""no_answer_timeout"" : 20000, ""label"" : ""test OMS"", ""possibility"" : ""SAN_LEVEL"", ""uui"" : ""SAN_LEVEL"", ""spn_mode"" : ""DEFAULT"", ""call_transfer_mode"" : ""NO_DELAYED_OFFER"", ""int_dc"" : ""B"", ""header_list"" : []}"
10004565,55084,"{""id"" : 55084, ""hkh_nr_id"" : ""55084"", ""vpn_id"" : 10004565, ""public_number"" : ""33556297707"", ""global_call_limiter"" : 10, ""no_answer_timeout"" : 20000, ""label"" : ""33556297707"", ""possibility"" : ""TRUE"", ""uui"" : ""TRUE"", ""spn_mode"" : ""DEFAULT"", ""call_transfer_mode"" : ""NO_DELAYED_OFFER"", ""int_dc"" : ""G"", ""header_list"" : []}"
10004565,55083,"{""id"" : 55083, ""hkh_nr_id"" : ""55083"", ""vpn_id"" : 10004565, ""public_number"" : ""33557017990"", ""global_call_limiter"" : 10, ""no_answer_timeout"" : 20000, ""label"" : ""33557017990"", ""possibility"" : ""TRUE"", ""uui"" : ""TRUE"", ""spn_mode"" : ""DEFAULT"", ""call_transfer_mode"" : ""NO_DELAYED_OFFER"", ""int_dc"" : ""G"", ""header_list"" : []}"
10004565,55085,"{""id"" : 55085, ""hkh_nr_id"" : ""55085"", ""vpn_id"" : 10004565, ""public_number"" : ""33495063450"", ""global_call_limiter"" : null, ""no_answer_timeout"" : 20000, ""label"" : ""04 95 06 34 50"", ""possibility"" : ""SAN_LEVEL"", ""uui"" : ""SAN_LEVEL"", ""spn_mode"" : ""DEFAULT"", ""call_transfer_mode"" : ""NO_DELAYED_OFFER"", ""int_dc"" : ""B"", ""header_list"" : []}"
10004565,55089,"{""id"" : 55089, ""hkh_nr_id"" : ""55089"", ""vpn_id"" : 10004565, ""public_number"" : ""33495063465"", ""global_call_limiter"" : 1, ""no_answer_timeout"" : 20000, ""label"" : ""04 95 06 34 65"", ""possibility"" : ""SAN_LEVEL"", ""uui"" : ""SAN_LEVEL"", ""spn_mode"" : ""DEFAULT"", ""call_transfer_mode"" : ""NO_DELAYED_OFFER"", ""int_dc"" : ""B"", ""header_list"" : []}"
10004565,55086,"{""id"" : 55086, ""hkh_nr_id"" : ""55086"", ""vpn_id"" : 10004565, ""public_number"" : ""33495063461"", ""global_call_limiter"" : 1, ""no_answer_timeout"" : 20000, ""label"" : ""04 95 06 34 61"", ""possibility"" : ""SAN_LEVEL"", ""uui"" : ""SAN_LEVEL"", ""spn_mode"" : ""DEFAULT"", ""call_transfer_mode"" : ""NO_DELAYED_OFFER"", ""int_dc"" : ""B"", ""header_list"" : []}"
10004565,55087,"{""id"" : 55087, ""hkh_nr_id"" : ""55087"", ""vpn_id"" : 10004565, ""public_number"" : ""33495063463"", ""global_call_limiter"" : 1, ""no_answer_timeout"" : 20000, ""label"" : ""04 95 06 34 63"", ""possibility"" : ""SAN_LEVEL"", ""uui"" : ""SAN_LEVEL"", ""spn_mode"" : ""DEFAULT"", ""call_transfer_mode"" : ""NO_DELAYED_OFFER"", ""int_dc"" : ""B"", ""header_list"" : []}"
10004565,55090,"{""id"" : 55090, ""hkh_nr_id"" : ""55090"", ""vpn_id"" : 10004565, ""public_number"" : ""33150427015"", ""global_call_limiter"" : 255, ""no_answer_timeout"" : 20000, ""label"" : ""01 50 42 70 15"", ""possibility"" : ""SAN_LEVEL"", ""uui"" : ""SAN_LEVEL"", ""spn_mode"" : ""DEFAULT"", ""call_transfer_mode"" : ""NO_DELAYED_OFFER"", ""int_dc"" : ""B"", ""header_list"" : []}"
10003860,55101,"{""id"" : 55101, ""hkh_nr_id"" : ""55101"", ""vpn_id"" : 10003860, ""public_number"" : ""33156789876"", ""global_call_limiter"" : 100, ""no_answer_timeout"" : 20000, ""label"" : ""ADV"", ""possibility"" : ""SAN_LEVEL"", ""uui"" : ""SAN_LEVEL"", ""spn_mode"" : ""DEFAULT"", ""call_transfer_mode"" : ""NO_DELAYED_OFFER"", ""int_dc"" : ""B"", ""header_list"" : []}"
10004010,55044,"{""id"" : 55044, ""hkh_nr_id"" : ""55044"", ""vpn_id"" : 10004010, ""public_number"" : ""33123450001"", ""global_call_limiter"" : null, ""no_answer_timeout"" : 4000, ""label"" : ""+33123450001"", ""possibility"" : ""SAN_LEVEL"", ""uui"" : ""SAN_LEVEL"", ""spn_mode"" : ""DEFAULT"", ""call_transfer_mode"" : ""NO_DELAYED_OFFER"", ""int_dc"" : ""B"", ""header_list"" : []}"
10004553,55061,"{""id"" : 55061, ""hkh_nr_id"" : ""55061"", ""vpn_id"" : 10004553, ""public_number"" : ""33478548732"", ""global_call_limiter"" : 10, ""no_answer_timeout"" : 20000, ""label"" : ""33478548732"", ""possibility"" : ""SAN_LEVEL"", ""uui"" : ""SAN_LEVEL"", ""spn_mode"" : ""DEFAULT"", ""call_transfer_mode"" : ""NO_DELAYED_OFFER"", ""int_dc"" : ""B"", ""header_list"" : []}"
10004565,55088,"{""id"" : 55088, ""hkh_nr_id"" : ""55088"", ""vpn_id"" : 10004565, ""public_number"" : ""33495063464"", ""global_call_limiter"" : 1, ""no_answer_timeout"" : 20000, ""label"" : ""04 95 06 34 64"", ""possibility"" : ""SAN_LEVEL"", ""uui"" : ""SAN_LEVEL"", ""spn_mode"" : ""DEFAULT"", ""call_transfer_mode"" : ""NO_DELAYED_OFFER"", ""int_dc"" : ""B"", ""header_list"" : []}"
10004576,54897,"{""id"" : 54897, ""hkh_nr_id"" : ""54897"", ""vpn_id"" : 10004576, ""public_number"" : ""33545394124"", ""global_call_limiter"" : 100, ""no_answer_timeout"" : 20000, ""label"" : ""33545394124"", ""possibility"" : ""SAN_LEVEL"", ""uui"" : ""SAN_LEVEL"", ""spn_mode"" : ""DEFAULT"", ""call_transfer_mode"" : ""NO_DELAYED_OFFER"", ""int_dc"" : ""B"", ""header_list"" : []}"
10004576,54898,"{""id"" : 54898, ""hkh_nr_id"" : ""54898"", ""vpn_id"" : 10004576, ""public_number"" : ""33140694044"", ""global_call_limiter"" : 100, ""no_answer_timeout"" : 20000, ""label"" : ""33140694044"", ""possibility"" : ""SAN_LEVEL"", ""uui"" : ""SAN_LEVEL"", ""spn_mode"" : ""DEFAULT"", ""call_transfer_mode"" : ""NO_DELAYED_OFFER"", ""int_dc"" : ""B"", ""header_list"" : []}"
10004576,54900,"{""id"" : 54900, ""hkh_nr_id"" : ""54900"", ""vpn_id"" : 10004576, ""public_number"" : ""33140694170"", ""global_call_limiter"" : 100, ""no_answer_timeout"" : 20000, ""label"" : ""33140694170"", ""possibility"" : ""SAN_LEVEL"", ""uui"" : ""SAN_LEVEL"", ""spn_mode"" : ""DEFAULT"", ""call_transfer_mode"" : ""NO_DELAYED_OFFER"", ""int_dc"" : ""B"", ""header_list"" : []}"
10004576,54906,"{""id"" : 54906, ""hkh_nr_id"" : ""54906"", ""vpn_id"" : 10004576, ""public_number"" : ""33140694046"", ""global_call_limiter"" : 100, ""no_answer_timeout"" : 20000, ""label"" : ""33140694046"", ""possibility"" : ""SAN_LEVEL"", ""uui"" : ""SAN_LEVEL"", ""spn_mode"" : ""DEFAULT"", ""call_transfer_mode"" : ""NO_DELAYED_OFFER"", ""int_dc"" : ""B"", ""header_list"" : []}"
10004576,54907,"{""id"" : 54907, ""hkh_nr_id"" : ""54907"", ""vpn_id"" : 10004576, ""public_number"" : ""33545394128"", ""global_call_limiter"" : 100, ""no_answer_timeout"" : 20000, ""label"" : ""33545394128"", ""possibility"" : ""SAN_LEVEL"", ""uui"" : ""SAN_LEVEL"", ""spn_mode"" : ""DEFAULT"", ""call_transfer_mode"" : ""NO_DELAYED_OFFER"", ""int_dc"" : ""B"", ""header_list"" : []}"
10004576,54908,"{""id"" : 54908, ""hkh_nr_id"" : ""54908"", ""vpn_id"" : 10004576, ""public_number"" : ""33140695600"", ""global_call_limiter"" : 100, ""no_answer_timeout"" : 20000, ""label"" : ""33140695600"", ""possibility"" : ""SAN_LEVEL"", ""uui"" : ""SAN_LEVEL"", ""spn_mode"" : ""DEFAULT"", ""call_transfer_mode"" : ""NO_DELAYED_OFFER"", ""int_dc"" : ""B"", ""header_list"" : []}"
10004576,54912,"{""id"" : 54912, ""hkh_nr_id"" : ""54912"", ""vpn_id"" : 10004576, ""public_number"" : ""33545394102"", ""global_call_limiter"" : 100, ""no_answer_timeout"" : 20000, ""label"" : ""33545394102"", ""possibility"" : ""SAN_LEVEL"", ""uui"" : ""SAN_LEVEL"", ""spn_mode"" : ""DEFAULT"", ""call_transfer_mode"" : ""NO_DELAYED_OFFER"", ""int_dc"" : ""B"", ""header_list"" : []}"
10004576,54913,"{""id"" : 54913, ""hkh_nr_id"" : ""54913"", ""vpn_id"" : 10004576, ""public_number"" : ""33140694195"", ""global_call_limiter"" : 100, ""no_answer_timeout"" : 20000, ""label"" : ""33140694195"", ""possibility"" : ""SAN_LEVEL"", ""uui"" : ""SAN_LEVEL"", ""spn_mode"" : ""DEFAULT"", ""call_transfer_mode"" : ""NO_DELAYED_OFFER"", ""int_dc"" : ""B"", ""header_list"" : []}"
10004949,55510,"{""id"" : 55510, ""hkh_nr_id"" : ""55510"", ""vpn_id"" : 10004949, ""public_number"" : ""33298291767"", ""global_call_limiter"" : 100, ""no_answer_timeout"" : 20000, ""label"" : ""33298291767"", ""possibility"" : ""SAN_LEVEL"", ""uui"" : ""SAN_LEVEL"", ""spn_mode"" : ""DEFAULT"", ""call_transfer_mode"" : ""NO_DELAYED_OFFER"", ""int_dc"" : ""B"", ""header_list"" : []}"
10004949,55526,"{""id"" : 55526, ""hkh_nr_id"" : ""55526"", ""vpn_id"" : 10004949, ""public_number"" : ""33298292644"", ""global_call_limiter"" : 10, ""no_answer_timeout"" : 20000, ""label"" : ""33298292644"", ""possibility"" : ""SAN_LEVEL"", ""uui"" : ""SAN_LEVEL"", ""spn_mode"" : ""DEFAULT"", ""call_transfer_mode"" : ""NO_DELAYED_OFFER"", ""int_dc"" : ""B"", ""header_list"" : []}"
10004958,55548,"{""id"" : 55548, ""hkh_nr_id"" : ""55548"", ""vpn_id"" : 10004958, ""public_number"" : ""33238143072"", ""global_call_limiter"" : 100, ""no_answer_timeout"" : 20000, ""label"" : ""IRSAP 33238143072"", ""possibility"" : ""SAN_LEVEL"", ""uui"" : ""SAN_LEVEL"", ""spn_mode"" : ""DEFAULT"", ""call_transfer_mode"" : ""NO_DELAYED_OFFER"", ""int_dc"" : ""B"", ""header_list"" : []}"
10004553,54842,"{""id"" : 54842, ""hkh_nr_id"" : ""54842"", ""vpn_id"" : 10004553, ""public_number"" : ""33478547603"", ""global_call_limiter"" : 100, ""no_answer_timeout"" : 20000, ""label"" : ""+33478547603"", ""possibility"" : ""SAN_LEVEL"", ""uui"" : ""SAN_LEVEL"", ""spn_mode"" : ""DEFAULT"", ""call_transfer_mode"" : ""NO_DELAYED_OFFER"", ""int_dc"" : ""B"", ""header_list"" : []}"
10004593,54863,"{""id"" : 54863, ""hkh_nr_id"" : ""54863"", ""vpn_id"" : 10004593, ""public_number"" : ""33670771624"", ""global_call_limiter"" : 2, ""no_answer_timeout"" : 20000, ""label"" : ""33670771624"", ""possibility"" : ""SAN_LEVEL"", ""uui"" : ""SAN_LEVEL"", ""spn_mode"" : ""DEFAULT"", ""call_transfer_mode"" : ""NO_DELAYED_OFFER"", ""int_dc"" : ""B"", ""header_list"" : []}"
10004425,54887,"{""id"" : 54887, ""hkh_nr_id"" : ""54887"", ""vpn_id"" : 10004425, ""public_number"" : ""33327738318"", ""global_call_limiter"" : 100, ""no_answer_timeout"" : 20000, ""label"" : ""Test SOFRATEL"", ""possibility"" : ""SAN_LEVEL"", ""uui"" : ""SAN_LEVEL"", ""spn_mode"" : ""DEFAULT"", ""call_transfer_mode"" : ""NO_DELAYED_OFFER"", ""int_dc"" : ""B"", ""header_list"" : []}"
10004576,54914,"{""id"" : 54914, ""hkh_nr_id"" : ""54914"", ""vpn_id"" : 10004576, ""public_number"" : ""33545394103"", ""global_call_limiter"" : 100, ""no_answer_timeout"" : 20000, ""label"" : ""33545394103"", ""possibility"" : ""SAN_LEVEL"", ""uui"" : ""SAN_LEVEL"", ""spn_mode"" : ""DEFAULT"", ""call_transfer_mode"" : ""NO_DELAYED_OFFER"", ""int_dc"" : ""B"", ""header_list"" : []}"
10004576,54915,"{""id"" : 54915, ""hkh_nr_id"" : ""54915"", ""vpn_id"" : 10004576, ""public_number"" : ""33140694139"", ""global_call_limiter"" : 100, ""no_answer_timeout"" : 20000, ""label"" : ""33140694139"", ""possibility"" : ""SAN_LEVEL"", ""uui"" : ""SAN_LEVEL"", ""spn_mode"" : ""DEFAULT"", ""call_transfer_mode"" : ""NO_DELAYED_OFFER"", ""int_dc"" : ""B"", ""header_list"" : []}"
10004576,54916,"{""id"" : 54916, ""hkh_nr_id"" : ""54916"", ""vpn_id"" : 10004576, ""public_number"" : ""33545394104"", ""global_call_limiter"" : 100, ""no_answer_timeout"" : 20000, ""label"" : ""33545394104"", ""possibility"" : ""SAN_LEVEL"", ""uui"" : ""SAN_LEVEL"", ""spn_mode"" : ""DEFAULT"", ""call_transfer_mode"" : ""NO_DELAYED_OFFER"", ""int_dc"" : ""B"", ""header_list"" : []}"
10004576,54918,"{""id"" : 54918, ""hkh_nr_id"" : ""54918"", ""vpn_id"" : 10004576, ""public_number"" : ""33140694059"", ""global_call_limiter"" : 100, ""no_answer_timeout"" : 20000, ""label"" : ""33140694059"", ""possibility"" : ""SAN_LEVEL"", ""uui"" : ""SAN_LEVEL"", ""spn_mode"" : ""DEFAULT"", ""call_transfer_mode"" : ""NO_DELAYED_OFFER"", ""int_dc"" : ""B"", ""header_list"" : []}"
10004576,54919,"{""id"" : 54919, ""hkh_nr_id"" : ""54919"", ""vpn_id"" : 10004576, ""public_number"" : ""33545394120"", ""global_call_limiter"" : 100, ""no_answer_timeout"" : 20000, ""label"" : ""33545394120"", ""possibility"" : ""SAN_LEVEL"", ""uui"" : ""SAN_LEVEL"", ""spn_mode"" : ""DEFAULT"", ""call_transfer_mode"" : ""NO_DELAYED_OFFER"", ""int_dc"" : ""B"", ""header_list"" : []}"
10004576,54921,"{""id"" : 54921, ""hkh_nr_id"" : ""54921"", ""vpn_id"" : 10004576, ""public_number"" : ""33545903634"", ""global_call_limiter"" : 4, ""no_answer_timeout"" : 20000, ""label"" : ""33545903634"", ""possibility"" : ""SAN_LEVEL"", ""uui"" : ""SAN_LEVEL"", ""spn_mode"" : ""DEFAULT"", ""call_transfer_mode"" : ""NO_DELAYED_OFFER"", ""int_dc"" : ""B"", ""header_list"" : []}"
10004576,54922,"{""id"" : 54922, ""hkh_nr_id"" : ""54922"", ""vpn_id"" : 10004576, ""public_number"" : ""33545907984"", ""global_call_limiter"" : 100, ""no_answer_timeout"" : 20000, ""label"" : ""33545907984"", ""possibility"" : ""SAN_LEVEL"", ""uui"" : ""SAN_LEVEL"", ""spn_mode"" : ""DEFAULT"", ""call_transfer_mode"" : ""NO_DELAYED_OFFER"", ""int_dc"" : ""B"", ""header_list"" : []}"
10004576,54927,"{""id"" : 54927, ""hkh_nr_id"" : ""54927"", ""vpn_id"" : 10004576, ""public_number"" : ""33545907985"", ""global_call_limiter"" : 100, ""no_answer_timeout"" : 20000, ""label"" : ""33545907985"", ""possibility"" : ""SAN_LEVEL"", ""uui"" : ""SAN_LEVEL"", ""spn_mode"" : ""DEFAULT"", ""call_transfer_mode"" : ""NO_DELAYED_OFFER"", ""int_dc"" : ""B"", ""header_list"" : []}"
10004576,54929,"{""id"" : 54929, ""hkh_nr_id"" : ""54929"", ""vpn_id"" : 10004576, ""public_number"" : ""33545394105"", ""global_call_limiter"" : 100, ""no_answer_timeout"" : 20000, ""label"" : ""33545394105"", ""possibility"" : ""SAN_LEVEL"", ""uui"" : ""SAN_LEVEL"", ""spn_mode"" : ""DEFAULT"", ""call_transfer_mode"" : ""NO_DELAYED_OFFER"", ""int_dc"" : ""B"", ""header_list"" : []}"
10004576,54931,"{""id"" : 54931, ""hkh_nr_id"" : ""54931"", ""vpn_id"" : 10004576, ""public_number"" : ""33150500205"", ""global_call_limiter"" : 100, ""no_answer_timeout"" : 20000, ""label"" : ""33150500205"", ""possibility"" : ""SAN_LEVEL"", ""uui"" : ""SAN_LEVEL"", ""spn_mode"" : ""DEFAULT"", ""call_transfer_mode"" : ""NO_DELAYED_OFFER"", ""int_dc"" : ""B"", ""header_list"" : []}"
10004576,54935,"{""id"" : 54935, ""hkh_nr_id"" : ""54935"", ""vpn_id"" : 10004576, ""public_number"" : ""33140694064"", ""global_call_limiter"" : 100, ""no_answer_timeout"" : 20000, ""label"" : ""33140694064"", ""possibility"" : ""SAN_LEVEL"", ""uui"" : ""SAN_LEVEL"", ""spn_mode"" : ""DEFAULT"", ""call_transfer_mode"" : ""NO_DELAYED_OFFER"", ""int_dc"" : ""B"", ""header_list"" : []}"
10004576,54937,"{""id"" : 54937, ""hkh_nr_id"" : ""54937"", ""vpn_id"" : 10004576, ""public_number"" : ""33140644037"", ""global_call_limiter"" : 100, ""no_answer_timeout"" : 20000, ""label"" : ""33140644037"", ""possibility"" : ""SAN_LEVEL"", ""uui"" : ""SAN_LEVEL"", ""spn_mode"" : ""DEFAULT"", ""call_transfer_mode"" : ""NO_DELAYED_OFFER"", ""int_dc"" : ""B"", ""header_list"" : []}"
10004576,54938,"{""id"" : 54938, ""hkh_nr_id"" : ""54938"", ""vpn_id"" : 10004576, ""public_number"" : ""33545394109"", ""global_call_limiter"" : 100, ""no_answer_timeout"" : 20000, ""label"" : ""33545394109"", ""possibility"" : ""SAN_LEVEL"", ""uui"" : ""SAN_LEVEL"", ""spn_mode"" : ""DEFAULT"", ""call_transfer_mode"" : ""NO_DELAYED_OFFER"", ""int_dc"" : ""B"", ""header_list"" : []}"
10004576,54939,"{""id"" : 54939, ""hkh_nr_id"" : ""54939"", ""vpn_id"" : 10004576, ""public_number"" : ""33140694042"", ""global_call_limiter"" : 100, ""no_answer_timeout"" : 20000, ""label"" : ""33140694042"", ""possibility"" : ""SAN_LEVEL"", ""uui"" : ""SAN_LEVEL"", ""spn_mode"" : ""DEFAULT"", ""call_transfer_mode"" : ""NO_DELAYED_OFFER"", ""int_dc"" : ""B"", ""header_list"" : []}"
10004576,54942,"{""id"" : 54942, ""hkh_nr_id"" : ""54942"", ""vpn_id"" : 10004576, ""public_number"" : ""33140694057"", ""global_call_limiter"" : 100, ""no_answer_timeout"" : 20000, ""label"" : ""33140694057"", ""possibility"" : ""SAN_LEVEL"", ""uui"" : ""SAN_LEVEL"", ""spn_mode"" : ""DEFAULT"", ""call_transfer_mode"" : ""NO_DELAYED_OFFER"", ""int_dc"" : ""B"", ""header_list"" : []}"
10004576,54943,"{""id"" : 54943, ""hkh_nr_id"" : ""54943"", ""vpn_id"" : 10004576, ""public_number"" : ""33545394111"", ""global_call_limiter"" : 100, ""no_answer_timeout"" : 20000, ""label"" : ""33545394111"", ""possibility"" : ""SAN_LEVEL"", ""uui"" : ""SAN_LEVEL"", ""spn_mode"" : ""DEFAULT"", ""call_transfer_mode"" : ""NO_DELAYED_OFFER"", ""int_dc"" : ""B"", ""header_list"" : []}"
10004576,54945,"{""id"" : 54945, ""hkh_nr_id"" : ""54945"", ""vpn_id"" : 10004576, ""public_number"" : ""33545394112"", ""global_call_limiter"" : 100, ""no_answer_timeout"" : 20000, ""label"" : ""33545394112"", ""possibility"" : ""SAN_LEVEL"", ""uui"" : ""SAN_LEVEL"", ""spn_mode"" : ""DEFAULT"", ""call_transfer_mode"" : ""NO_DELAYED_OFFER"", ""int_dc"" : ""B"", ""header_list"" : []}"
10004576,54946,"{""id"" : 54946, ""hkh_nr_id"" : ""54946"", ""vpn_id"" : 10004576, ""public_number"" : ""33140694085"", ""global_call_limiter"" : 100, ""no_answer_timeout"" : 20000, ""label"" : ""33140694085"", ""possibility"" : ""SAN_LEVEL"", ""uui"" : ""SAN_LEVEL"", ""spn_mode"" : ""DEFAULT"", ""call_transfer_mode"" : ""NO_DELAYED_OFFER"", ""int_dc"" : ""B"", ""header_list"" : []}"
10004576,54948,"{""id"" : 54948, ""hkh_nr_id"" : ""54948"", ""vpn_id"" : 10004576, ""public_number"" : ""33140694055"", ""global_call_limiter"" : 100, ""no_answer_timeout"" : 20000, ""label"" : ""33140694055"", ""possibility"" : ""SAN_LEVEL"", ""uui"" : ""SAN_LEVEL"", ""spn_mode"" : ""DEFAULT"", ""call_transfer_mode"" : ""NO_DELAYED_OFFER"", ""int_dc"" : ""B"", ""header_list"" : []}"
10004576,54950,"{""id"" : 54950, ""hkh_nr_id"" : ""54950"", ""vpn_id"" : 10004576, ""public_number"" : ""33140694056"", ""global_call_limiter"" : 100, ""no_answer_timeout"" : 20000, ""label"" : ""33140694056"", ""possibility"" : ""SAN_LEVEL"", ""uui"" : ""SAN_LEVEL"", ""spn_mode"" : ""DEFAULT"", ""call_transfer_mode"" : ""NO_DELAYED_OFFER"", ""int_dc"" : ""B"", ""header_list"" : []}"
10004576,54951,"{""id"" : 54951, ""hkh_nr_id"" : ""54951"", ""vpn_id"" : 10004576, ""public_number"" : ""33545394115"", ""global_call_limiter"" : 100, ""no_answer_timeout"" : 20000, ""label"" : ""33545394115"", ""possibility"" : ""SAN_LEVEL"", ""uui"" : ""SAN_LEVEL"", ""spn_mode"" : ""DEFAULT"", ""call_transfer_mode"" : ""NO_DELAYED_OFFER"", ""int_dc"" : ""B"", ""header_list"" : []}"
10004576,54952,"{""id"" : 54952, ""hkh_nr_id"" : ""54952"", ""vpn_id"" : 10004576, ""public_number"" : ""33140694053"", ""global_call_limiter"" : 100, ""no_answer_timeout"" : 20000, ""label"" : ""33140694053"", ""possibility"" : ""SAN_LEVEL"", ""uui"" : ""SAN_LEVEL"", ""spn_mode"" : ""DEFAULT"", ""call_transfer_mode"" : ""NO_DELAYED_OFFER"", ""int_dc"" : ""B"", ""header_list"" : []}"
10004576,54953,"{""id"" : 54953, ""hkh_nr_id"" : ""54953"", ""vpn_id"" : 10004576, ""public_number"" : ""33545394116"", ""global_call_limiter"" : 100, ""no_answer_timeout"" : 20000, ""label"" : ""33545394116"", ""possibility"" : ""SAN_LEVEL"", ""uui"" : ""SAN_LEVEL"", ""spn_mode"" : ""DEFAULT"", ""call_transfer_mode"" : ""NO_DELAYED_OFFER"", ""int_dc"" : ""B"", ""header_list"" : []}"
10004576,54955,"{""id"" : 54955, ""hkh_nr_id"" : ""54955"", ""vpn_id"" : 10004576, ""public_number"" : ""33545394117"", ""global_call_limiter"" : 100, ""no_answer_timeout"" : 20000, ""label"" : ""33545394117"", ""possibility"" : ""SAN_LEVEL"", ""uui"" : ""SAN_LEVEL"", ""spn_mode"" : ""DEFAULT"", ""call_transfer_mode"" : ""NO_DELAYED_OFFER"", ""int_dc"" : ""B"", ""header_list"" : []}"
10004576,54956,"{""id"" : 54956, ""hkh_nr_id"" : ""54956"", ""vpn_id"" : 10004576, ""public_number"" : ""33140694097"", ""global_call_limiter"" : 100, ""no_answer_timeout"" : 20000, ""label"" : ""33140694097"", ""possibility"" : ""SAN_LEVEL"", ""uui"" : ""SAN_LEVEL"", ""spn_mode"" : ""DEFAULT"", ""call_transfer_mode"" : ""NO_DELAYED_OFFER"", ""int_dc"" : ""B"", ""header_list"" : []}"
10004576,54957,"{""id"" : 54957, ""hkh_nr_id"" : ""54957"", ""vpn_id"" : 10004576, ""public_number"" : ""33545394118"", ""global_call_limiter"" : 100, ""no_answer_timeout"" : 20000, ""label"" : ""33545394118"", ""possibility"" : ""SAN_LEVEL"", ""uui"" : ""SAN_LEVEL"", ""spn_mode"" : ""DEFAULT"", ""call_transfer_mode"" : ""NO_DELAYED_OFFER"", ""int_dc"" : ""B"", ""header_list"" : []}"
10003860,54864,"{""id"" : 54864, ""hkh_nr_id"" : ""54864"", ""vpn_id"" : 10003860, ""public_number"" : ""33607080910"", ""global_call_limiter"" : 100, ""no_answer_timeout"" : 20000, ""label"" : ""site 2"", ""possibility"" : ""SAN_LEVEL"", ""uui"" : ""SAN_LEVEL"", ""spn_mode"" : ""DEFAULT"", ""call_transfer_mode"" : ""NO_DELAYED_OFFER"", ""int_dc"" : ""B"", ""header_list"" : []}"
10003728,54886,"{""id"" : 54886, ""hkh_nr_id"" : ""54886"", ""vpn_id"" : 10003728, ""public_number"" : ""441234567892"", ""global_call_limiter"" : 100, ""no_answer_timeout"" : 20000, ""label"" : ""NRI_BT"", ""possibility"" : ""SAN_LEVEL"", ""uui"" : ""SAN_LEVEL"", ""spn_mode"" : ""DEFAULT"", ""call_transfer_mode"" : ""NO_DELAYED_OFFER"", ""int_dc"" : ""B"", ""header_list"" : []}"
10004576,54891,"{""id"" : 54891, ""hkh_nr_id"" : ""54891"", ""vpn_id"" : 10004576, ""public_number"" : ""33545394121"", ""global_call_limiter"" : 100, ""no_answer_timeout"" : 20000, ""label"" : ""33545394121"", ""possibility"" : ""SAN_LEVEL"", ""uui"" : ""SAN_LEVEL"", ""spn_mode"" : ""DEFAULT"", ""call_transfer_mode"" : ""NO_DELAYED_OFFER"", ""int_dc"" : ""B"", ""header_list"" : []}"
10004576,54894,"{""id"" : 54894, ""hkh_nr_id"" : ""54894"", ""vpn_id"" : 10004576, ""public_number"" : ""33140694148"", ""global_call_limiter"" : 100, ""no_answer_timeout"" : 20000, ""label"" : ""33140694148"", ""possibility"" : ""SAN_LEVEL"", ""uui"" : ""SAN_LEVEL"", ""spn_mode"" : ""DEFAULT"", ""call_transfer_mode"" : ""NO_DELAYED_OFFER"", ""int_dc"" : ""B"", ""header_list"" : []}"
10004576,54895,"{""id"" : 54895, ""hkh_nr_id"" : ""54895"", ""vpn_id"" : 10004576, ""public_number"" : ""33545394123"", ""global_call_limiter"" : 100, ""no_answer_timeout"" : 20000, ""label"" : ""33545394123"", ""possibility"" : ""SAN_LEVEL"", ""uui"" : ""SAN_LEVEL"", ""spn_mode"" : ""DEFAULT"", ""call_transfer_mode"" : ""NO_DELAYED_OFFER"", ""int_dc"" : ""B"", ""header_list"" : []}"
10004576,54905,"{""id"" : 54905, ""hkh_nr_id"" : ""54905"", ""vpn_id"" : 10004576, ""public_number"" : ""33545394127"", ""global_call_limiter"" : 100, ""no_answer_timeout"" : 20000, ""label"" : ""33545394127"", ""possibility"" : ""SAN_LEVEL"", ""uui"" : ""SAN_LEVEL"", ""spn_mode"" : ""DEFAULT"", ""call_transfer_mode"" : ""NO_DELAYED_OFFER"", ""int_dc"" : ""B"", ""header_list"" : []}"
10004576,54911,"{""id"" : 54911, ""hkh_nr_id"" : ""54911"", ""vpn_id"" : 10004576, ""public_number"" : ""33140694068"", ""global_call_limiter"" : 100, ""no_answer_timeout"" : 20000, ""label"" : ""33140694068"", ""possibility"" : ""SAN_LEVEL"", ""uui"" : ""SAN_LEVEL"", ""spn_mode"" : ""DEFAULT"", ""call_transfer_mode"" : ""NO_DELAYED_OFFER"", ""int_dc"" : ""B"", ""header_list"" : []}"
10004576,54923,"{""id"" : 54923, ""hkh_nr_id"" : ""54923"", ""vpn_id"" : 10004576, ""public_number"" : ""33140694021"", ""global_call_limiter"" : 1, ""no_answer_timeout"" : 20000, ""label"" : ""33140694021"", ""possibility"" : ""SAN_LEVEL"", ""uui"" : ""SAN_LEVEL"", ""spn_mode"" : ""DEFAULT"", ""call_transfer_mode"" : ""NO_DELAYED_OFFER"", ""int_dc"" : ""B"", ""header_list"" : []}"
10004576,54928,"{""id"" : 54928, ""hkh_nr_id"" : ""54928"", ""vpn_id"" : 10004576, ""public_number"" : ""33140694023"", ""global_call_limiter"" : 1, ""no_answer_timeout"" : 20000, ""label"" : ""33140694023"", ""possibility"" : ""SAN_LEVEL"", ""uui"" : ""SAN_LEVEL"", ""spn_mode"" : ""DEFAULT"", ""call_transfer_mode"" : ""NO_DELAYED_OFFER"", ""int_dc"" : ""B"", ""header_list"" : []}"
10004576,54944,"{""id"" : 54944, ""hkh_nr_id"" : ""54944"", ""vpn_id"" : 10004576, ""public_number"" : ""33140694043"", ""global_call_limiter"" : 100, ""no_answer_timeout"" : 20000, ""label"" : ""33140694043"", ""possibility"" : ""SAN_LEVEL"", ""uui"" : ""SAN_LEVEL"", ""spn_mode"" : ""DEFAULT"", ""call_transfer_mode"" : ""NO_DELAYED_OFFER"", ""int_dc"" : ""B"", ""header_list"" : []}"
10004576,54947,"{""id"" : 54947, ""hkh_nr_id"" : ""54947"", ""vpn_id"" : 10004576, ""public_number"" : ""33545394113"", ""global_call_limiter"" : 100, ""no_answer_timeout"" : 20000, ""label"" : ""33545394113"", ""possibility"" : ""SAN_LEVEL"", ""uui"" : ""SAN_LEVEL"", ""spn_mode"" : ""DEFAULT"", ""call_transfer_mode"" : ""NO_DELAYED_OFFER"", ""int_dc"" : ""B"", ""header_list"" : []}"
10004576,54958,"{""id"" : 54958, ""hkh_nr_id"" : ""54958"", ""vpn_id"" : 10004576, ""public_number"" : ""33140694107"", ""global_call_limiter"" : 100, ""no_answer_timeout"" : 20000, ""label"" : ""33140694107"", ""possibility"" : ""SAN_LEVEL"", ""uui"" : ""SAN_LEVEL"", ""spn_mode"" : ""DEFAULT"", ""call_transfer_mode"" : ""NO_DELAYED_OFFER"", ""int_dc"" : ""B"", ""header_list"" : []}"
10004282,54961,"{""id"" : 54961, ""hkh_nr_id"" : ""54961"", ""vpn_id"" : 10004282, ""public_number"" : ""33556140507"", ""global_call_limiter"" : 100, ""no_answer_timeout"" : 20000, ""label"" : ""33556140507"", ""possibility"" : ""SAN_LEVEL"", ""uui"" : ""SAN_LEVEL"", ""spn_mode"" : ""DEFAULT"", ""call_transfer_mode"" : ""NO_DELAYED_OFFER"", ""int_dc"" : ""B"", ""header_list"" : []}"
10004425,54960,"{""id"" : 54960, ""hkh_nr_id"" : ""54960"", ""vpn_id"" : 10004425, ""public_number"" : ""33164762909"", ""global_call_limiter"" : 100, ""no_answer_timeout"" : 20000, ""label"" : ""TECH DATA 0164762909"", ""possibility"" : ""SAN_LEVEL"", ""uui"" : ""SAN_LEVEL"", ""spn_mode"" : ""DEFAULT"", ""call_transfer_mode"" : ""NO_DELAYED_OFFER"", ""int_dc"" : ""B"", ""header_list"" : []}"
10003728,54983,"{""id"" : 54983, ""hkh_nr_id"" : ""54983"", ""vpn_id"" : 10003728, ""public_number"" : ""33123450015"", ""global_call_limiter"" : null, ""no_answer_timeout"" : 4000, ""label"" : ""EDo i15"", ""possibility"" : ""SAN_LEVEL"", ""uui"" : ""SAN_LEVEL"", ""spn_mode"" : ""DEFAULT"", ""call_transfer_mode"" : ""NO_DELAYED_OFFER"", ""int_dc"" : ""B"", ""header_list"" : []}"
10003728,54984,"{""id"" : 54984, ""hkh_nr_id"" : ""54984"", ""vpn_id"" : 10003728, ""public_number"" : ""33123450016"", ""global_call_limiter"" : 255, ""no_answer_timeout"" : 4000, ""label"" : ""EDo i16"", ""possibility"" : ""SAN_LEVEL"", ""uui"" : ""SAN_LEVEL"", ""spn_mode"" : ""DEFAULT"", ""call_transfer_mode"" : ""NO_DELAYED_OFFER"", ""int_dc"" : ""B"", ""header_list"" : []}"
10003728,54985,"{""id"" : 54985, ""hkh_nr_id"" : ""54985"", ""vpn_id"" : 10003728, ""public_number"" : ""33123450017"", ""global_call_limiter"" : 255, ""no_answer_timeout"" : 20000, ""label"" : ""EDo i17"", ""possibility"" : ""SAN_LEVEL"", ""uui"" : ""SAN_LEVEL"", ""spn_mode"" : ""DEFAULT"", ""call_transfer_mode"" : ""NO_DELAYED_OFFER"", ""int_dc"" : ""B"", ""header_list"" : []}"
10003728,54986,"{""id"" : 54986, ""hkh_nr_id"" : ""54986"", ""vpn_id"" : 10003728, ""public_number"" : ""33123450018"", ""global_call_limiter"" : 255, ""no_answer_timeout"" : 4000, ""label"" : ""EDo i18"", ""possibility"" : ""SAN_LEVEL"", ""uui"" : ""SAN_LEVEL"", ""spn_mode"" : ""DEFAULT"", ""call_transfer_mode"" : ""NO_DELAYED_OFFER"", ""int_dc"" : ""B"", ""header_list"" : []}"
10003728,54987,"{""id"" : 54987, ""hkh_nr_id"" : ""54987"", ""vpn_id"" : 10003728, ""public_number"" : ""33123450019"", ""global_call_limiter"" : 255, ""no_answer_timeout"" : 4000, ""label"" : ""EDo i19"", ""possibility"" : ""SAN_LEVEL"", ""uui"" : ""SAN_LEVEL"", ""spn_mode"" : ""DEFAULT"", ""call_transfer_mode"" : ""NO_DELAYED_OFFER"", ""int_dc"" : ""B"", ""header_list"" : []}"
10003728,55005,"{""id"" : 55005, ""hkh_nr_id"" : ""55005"", ""vpn_id"" : 10003728, ""public_number"" : ""33123450011"", ""global_call_limiter"" : null, ""no_answer_timeout"" : 20000, ""label"" : ""EDo i11"", ""possibility"" : ""SAN_LEVEL"", ""uui"" : ""SAN_LEVEL"", ""spn_mode"" : ""DEFAULT"", ""call_transfer_mode"" : ""NO_DELAYED_OFFER"", ""int_dc"" : ""B"", ""header_list"" : []}"
10004593,55037,"{""id"" : 55037, ""hkh_nr_id"" : ""55037"", ""vpn_id"" : 10004593, ""public_number"" : ""33772376523"", ""global_call_limiter"" : 2, ""no_answer_timeout"" : 20000, ""label"" : ""33772376523"", ""possibility"" : ""SAN_LEVEL"", ""uui"" : ""SAN_LEVEL"", ""spn_mode"" : ""DEFAULT"", ""call_transfer_mode"" : ""NO_DELAYED_OFFER"", ""int_dc"" : ""B"", ""header_list"" : []}"
10004631,55053,"{""id"" : 55053, ""hkh_nr_id"" : ""55053"", ""vpn_id"" : 10004631, ""public_number"" : ""33327738336"", ""global_call_limiter"" : null, ""no_answer_timeout"" : 20000, ""label"" : ""33327738336"", ""possibility"" : ""SAN_LEVEL"", ""uui"" : ""SAN_LEVEL"", ""spn_mode"" : ""DEFAULT"", ""call_transfer_mode"" : ""NO_DELAYED_OFFER"", ""int_dc"" : ""B"", ""header_list"" : []}"
10004631,55052,"{""id"" : 55052, ""hkh_nr_id"" : ""55052"", ""vpn_id"" : 10004631, ""public_number"" : ""33327738333"", ""global_call_limiter"" : null, ""no_answer_timeout"" : 20000, ""label"" : ""33327738333"", ""possibility"" : ""SAN_LEVEL"", ""uui"" : ""SAN_LEVEL"", ""spn_mode"" : ""DEFAULT"", ""call_transfer_mode"" : ""NO_DELAYED_OFFER"", ""int_dc"" : ""B"", ""header_list"" : []}"
10004631,55054,"{""id"" : 55054, ""hkh_nr_id"" : ""55054"", ""vpn_id"" : 10004631, ""public_number"" : ""33327738202"", ""global_call_limiter"" : null, ""no_answer_timeout"" : 20000, ""label"" : ""33327738202"", ""possibility"" : ""SAN_LEVEL"", ""uui"" : ""SAN_LEVEL"", ""spn_mode"" : ""DEFAULT"", ""call_transfer_mode"" : ""NO_DELAYED_OFFER"", ""int_dc"" : ""B"", ""header_list"" : []}"
10004425,55055,"{""id"" : 55055, ""hkh_nr_id"" : ""55055"", ""vpn_id"" : 10004425, ""public_number"" : ""33169186785"", ""global_call_limiter"" : 100, ""no_answer_timeout"" : 20000, ""label"" : ""33169186785"", ""possibility"" : ""SAN_LEVEL"", ""uui"" : ""SAN_LEVEL"", ""spn_mode"" : ""DEFAULT"", ""call_transfer_mode"" : ""NO_DELAYED_OFFER"", ""int_dc"" : ""B"", ""header_list"" : []}"
10004631,55064,"{""id"" : 55064, ""hkh_nr_id"" : ""55064"", ""vpn_id"" : 10004631, ""public_number"" : ""33327738116"", ""global_call_limiter"" : null, ""no_answer_timeout"" : 20000, ""label"" : ""33327738116"", ""possibility"" : ""SAN_LEVEL"", ""uui"" : ""SAN_LEVEL"", ""spn_mode"" : ""DEFAULT"", ""call_transfer_mode"" : ""NO_DELAYED_OFFER"", ""int_dc"" : ""B"", ""header_list"" : []}"
10004631,55065,"{""id"" : 55065, ""hkh_nr_id"" : ""55065"", ""vpn_id"" : 10004631, ""public_number"" : ""33327738180"", ""global_call_limiter"" : null, ""no_answer_timeout"" : 20000, ""label"" : ""33327738180"", ""possibility"" : ""SAN_LEVEL"", ""uui"" : ""SAN_LEVEL"", ""spn_mode"" : ""DEFAULT"", ""call_transfer_mode"" : ""NO_DELAYED_OFFER"", ""int_dc"" : ""B"", ""header_list"" : []}"
10004631,55066,"{""id"" : 55066, ""hkh_nr_id"" : ""55066"", ""vpn_id"" : 10004631, ""public_number"" : ""33327738349"", ""global_call_limiter"" : null, ""no_answer_timeout"" : 20000, ""label"" : ""33327738349"", ""possibility"" : ""SAN_LEVEL"", ""uui"" : ""SAN_LEVEL"", ""spn_mode"" : ""DEFAULT"", ""call_transfer_mode"" : ""NO_DELAYED_OFFER"", ""int_dc"" : ""B"", ""header_list"" : []}"
10004576,54889,"{""id"" : 54889, ""hkh_nr_id"" : ""54889"", ""vpn_id"" : 10004576, ""public_number"" : ""33545394119"", ""global_call_limiter"" : 100, ""no_answer_timeout"" : 20000, ""label"" : ""33545394119"", ""possibility"" : ""SAN_LEVEL"", ""uui"" : ""SAN_LEVEL"", ""spn_mode"" : ""DEFAULT"", ""call_transfer_mode"" : ""NO_DELAYED_OFFER"", ""int_dc"" : ""B"", ""header_list"" : []}"
10004576,54890,"{""id"" : 54890, ""hkh_nr_id"" : ""54890"", ""vpn_id"" : 10004576, ""public_number"" : ""33140694113"", ""global_call_limiter"" : 100, ""no_answer_timeout"" : 20000, ""label"" : ""33140694113"", ""possibility"" : ""SAN_LEVEL"", ""uui"" : ""SAN_LEVEL"", ""spn_mode"" : ""DEFAULT"", ""call_transfer_mode"" : ""NO_DELAYED_OFFER"", ""int_dc"" : ""B"", ""header_list"" : []}"
10003963,55067,"{""id"" : 55067, ""hkh_nr_id"" : ""55067"", ""vpn_id"" : 10003963, ""public_number"" : ""33120190191"", ""global_call_limiter"" : 100, ""no_answer_timeout"" : 20000, ""label"" : ""33120190198"", ""possibility"" : ""SAN_LEVEL"", ""uui"" : ""SAN_LEVEL"", ""spn_mode"" : ""DEFAULT"", ""call_transfer_mode"" : ""NO_DELAYED_OFFER"", ""int_dc"" : ""B"", ""header_list"" : []}"
10004576,54896,"{""id"" : 54896, ""hkh_nr_id"" : ""54896"", ""vpn_id"" : 10004576, ""public_number"" : ""33140694165"", ""global_call_limiter"" : 100, ""no_answer_timeout"" : 20000, ""label"" : ""33140694165"", ""possibility"" : ""SAN_LEVEL"", ""uui"" : ""SAN_LEVEL"", ""spn_mode"" : ""DEFAULT"", ""call_transfer_mode"" : ""NO_DELAYED_OFFER"", ""int_dc"" : ""B"", ""header_list"" : []}"
10004576,54904,"{""id"" : 54904, ""hkh_nr_id"" : ""54904"", ""vpn_id"" : 10004576, ""public_number"" : ""33140694045"", ""global_call_limiter"" : 100, ""no_answer_timeout"" : 20000, ""label"" : ""33140694045"", ""possibility"" : ""SAN_LEVEL"", ""uui"" : ""SAN_LEVEL"", ""spn_mode"" : ""DEFAULT"", ""call_transfer_mode"" : ""NO_DELAYED_OFFER"", ""int_dc"" : ""B"", ""header_list"" : []}"
10004576,54909,"{""id"" : 54909, ""hkh_nr_id"" : ""54909"", ""vpn_id"" : 10004576, ""public_number"" : ""33545394099"", ""global_call_limiter"" : 100, ""no_answer_timeout"" : 20000, ""label"" : ""33545394099"", ""possibility"" : ""SAN_LEVEL"", ""uui"" : ""SAN_LEVEL"", ""spn_mode"" : ""DEFAULT"", ""call_transfer_mode"" : ""NO_DELAYED_OFFER"", ""int_dc"" : ""B"", ""header_list"" : []}"
10004576,54920,"{""id"" : 54920, ""hkh_nr_id"" : ""54920"", ""vpn_id"" : 10004576, ""public_number"" : ""33140695500"", ""global_call_limiter"" : 5, ""no_answer_timeout"" : 20000, ""label"" : ""33140695500"", ""possibility"" : ""SAN_LEVEL"", ""uui"" : ""SAN_LEVEL"", ""spn_mode"" : ""DEFAULT"", ""call_transfer_mode"" : ""NO_DELAYED_OFFER"", ""int_dc"" : ""B"", ""header_list"" : []}"
10004576,54936,"{""id"" : 54936, ""hkh_nr_id"" : ""54936"", ""vpn_id"" : 10004576, ""public_number"" : ""33545394108"", ""global_call_limiter"" : 100, ""no_answer_timeout"" : 20000, ""label"" : ""33545394108"", ""possibility"" : ""SAN_LEVEL"", ""uui"" : ""SAN_LEVEL"", ""spn_mode"" : ""DEFAULT"", ""call_transfer_mode"" : ""NO_DELAYED_OFFER"", ""int_dc"" : ""B"", ""header_list"" : []}"
10004576,54954,"{""id"" : 54954, ""hkh_nr_id"" : ""54954"", ""vpn_id"" : 10004576, ""public_number"" : ""33140694095"", ""global_call_limiter"" : 100, ""no_answer_timeout"" : 20000, ""label"" : ""33140694095"", ""possibility"" : ""SAN_LEVEL"", ""uui"" : ""SAN_LEVEL"", ""spn_mode"" : ""DEFAULT"", ""call_transfer_mode"" : ""NO_DELAYED_OFFER"", ""int_dc"" : ""B"", ""header_list"" : []}"
10004425,55038,"{""id"" : 55038, ""hkh_nr_id"" : ""55038"", ""vpn_id"" : 10004425, ""public_number"" : ""33160305064"", ""global_call_limiter"" : 100, ""no_answer_timeout"" : 20000, ""label"" : ""33160305064"", ""possibility"" : ""SAN_LEVEL"", ""uui"" : ""SAN_LEVEL"", ""spn_mode"" : ""DEFAULT"", ""call_transfer_mode"" : ""NO_DELAYED_OFFER"", ""int_dc"" : ""B"", ""header_list"" : []}"
10004631,55068,"{""id"" : 55068, ""hkh_nr_id"" : ""55068"", ""vpn_id"" : 10004631, ""public_number"" : ""33327091737"", ""global_call_limiter"" : null, ""no_answer_timeout"" : 20000, ""label"" : ""33327091737"", ""possibility"" : ""SAN_LEVEL"", ""uui"" : ""SAN_LEVEL"", ""spn_mode"" : ""DEFAULT"", ""call_transfer_mode"" : ""NO_DELAYED_OFFER"", ""int_dc"" : ""B"", ""header_list"" : []}"
10004631,55069,"{""id"" : 55069, ""hkh_nr_id"" : ""55069"", ""vpn_id"" : 10004631, ""public_number"" : ""33327738170"", ""global_call_limiter"" : null, ""no_answer_timeout"" : 20000, ""label"" : ""33327738170"", ""possibility"" : ""SAN_LEVEL"", ""uui"" : ""SAN_LEVEL"", ""spn_mode"" : ""DEFAULT"", ""call_transfer_mode"" : ""NO_DELAYED_OFFER"", ""int_dc"" : ""B"", ""header_list"" : []}"
10004631,55070,"{""id"" : 55070, ""hkh_nr_id"" : ""55070"", ""vpn_id"" : 10004631, ""public_number"" : ""33327738279"", ""global_call_limiter"" : null, ""no_answer_timeout"" : 20000, ""label"" : ""33327738279"", ""possibility"" : ""SAN_LEVEL"", ""uui"" : ""SAN_LEVEL"", ""spn_mode"" : ""DEFAULT"", ""call_transfer_mode"" : ""NO_DELAYED_OFFER"", ""int_dc"" : ""B"", ""header_list"" : []}"
10004631,55071,"{""id"" : 55071, ""hkh_nr_id"" : ""55071"", ""vpn_id"" : 10004631, ""public_number"" : ""33327738168"", ""global_call_limiter"" : null, ""no_answer_timeout"" : 20000, ""label"" : ""33327738168"", ""possibility"" : ""SAN_LEVEL"", ""uui"" : ""SAN_LEVEL"", ""spn_mode"" : ""DEFAULT"", ""call_transfer_mode"" : ""NO_DELAYED_OFFER"", ""int_dc"" : ""B"", ""header_list"" : []}"
10004631,55072,"{""id"" : 55072, ""hkh_nr_id"" : ""55072"", ""vpn_id"" : 10004631, ""public_number"" : ""33327738302"", ""global_call_limiter"" : null, ""no_answer_timeout"" : 20000, ""label"" : ""33327738302"", ""possibility"" : ""SAN_LEVEL"", ""uui"" : ""SAN_LEVEL"", ""spn_mode"" : ""DEFAULT"", ""call_transfer_mode"" : ""NO_DELAYED_OFFER"", ""int_dc"" : ""B"", ""header_list"" : []}"
10004631,55073,"{""id"" : 55073, ""hkh_nr_id"" : ""55073"", ""vpn_id"" : 10004631, ""public_number"" : ""33327738340"", ""global_call_limiter"" : null, ""no_answer_timeout"" : 20000, ""label"" : ""33327738340"", ""possibility"" : ""SAN_LEVEL"", ""uui"" : ""SAN_LEVEL"", ""spn_mode"" : ""DEFAULT"", ""call_transfer_mode"" : ""NO_DELAYED_OFFER"", ""int_dc"" : ""B"", ""header_list"" : []}"
10004631,55074,"{""id"" : 55074, ""hkh_nr_id"" : ""55074"", ""vpn_id"" : 10004631, ""public_number"" : ""33327738186"", ""global_call_limiter"" : null, ""no_answer_timeout"" : 20000, ""label"" : ""33327738186"", ""possibility"" : ""SAN_LEVEL"", ""uui"" : ""SAN_LEVEL"", ""spn_mode"" : ""DEFAULT"", ""call_transfer_mode"" : ""NO_DELAYED_OFFER"", ""int_dc"" : ""B"", ""header_list"" : []}"
10004631,55075,"{""id"" : 55075, ""hkh_nr_id"" : ""55075"", ""vpn_id"" : 10004631, ""public_number"" : ""33327093611"", ""global_call_limiter"" : null, ""no_answer_timeout"" : 20000, ""label"" : ""33327093611"", ""possibility"" : ""SAN_LEVEL"", ""uui"" : ""SAN_LEVEL"", ""spn_mode"" : ""DEFAULT"", ""call_transfer_mode"" : ""NO_DELAYED_OFFER"", ""int_dc"" : ""B"", ""header_list"" : []}"
10004631,55078,"{""id"" : 55078, ""hkh_nr_id"" : ""55078"", ""vpn_id"" : 10004631, ""public_number"" : ""33327738199"", ""global_call_limiter"" : null, ""no_answer_timeout"" : 20000, ""label"" : ""33327738199"", ""possibility"" : ""SAN_LEVEL"", ""uui"" : ""SAN_LEVEL"", ""spn_mode"" : ""DEFAULT"", ""call_transfer_mode"" : ""NO_DELAYED_OFFER"", ""int_dc"" : ""B"", ""header_list"" : []}"
10004631,55079,"{""id"" : 55079, ""hkh_nr_id"" : ""55079"", ""vpn_id"" : 10004631, ""public_number"" : ""33327738109"", ""global_call_limiter"" : null, ""no_answer_timeout"" : 20000, ""label"" : ""33327738109"", ""possibility"" : ""SAN_LEVEL"", ""uui"" : ""SAN_LEVEL"", ""spn_mode"" : ""DEFAULT"", ""call_transfer_mode"" : ""NO_DELAYED_OFFER"", ""int_dc"" : ""B"", ""header_list"" : []}"
10004631,55080,"{""id"" : 55080, ""hkh_nr_id"" : ""55080"", ""vpn_id"" : 10004631, ""public_number"" : ""33327096998"", ""global_call_limiter"" : null, ""no_answer_timeout"" : 20000, ""label"" : ""33327096998"", ""possibility"" : ""SAN_LEVEL"", ""uui"" : ""SAN_LEVEL"", ""spn_mode"" : ""DEFAULT"", ""call_transfer_mode"" : ""NO_DELAYED_OFFER"", ""int_dc"" : ""B"", ""header_list"" : []}"
10004631,55082,"{""id"" : 55082, ""hkh_nr_id"" : ""55082"", ""vpn_id"" : 10004631, ""public_number"" : ""33327738176"", ""global_call_limiter"" : null, ""no_answer_timeout"" : 20000, ""label"" : ""33327738176"", ""possibility"" : ""SAN_LEVEL"", ""uui"" : ""SAN_LEVEL"", ""spn_mode"" : ""DEFAULT"", ""call_transfer_mode"" : ""NO_DELAYED_OFFER"", ""int_dc"" : ""B"", ""header_list"" : []}"
10004631,55091,"{""id"" : 55091, ""hkh_nr_id"" : ""55091"", ""vpn_id"" : 10004631, ""public_number"" : ""33327738261"", ""global_call_limiter"" : null, ""no_answer_timeout"" : 20000, ""label"" : ""33327738261"", ""possibility"" : ""SAN_LEVEL"", ""uui"" : ""SAN_LEVEL"", ""spn_mode"" : ""DEFAULT"", ""call_transfer_mode"" : ""NO_DELAYED_OFFER"", ""int_dc"" : ""B"", ""header_list"" : []}"
10004637,55092,"{""id"" : 55092, ""hkh_nr_id"" : ""55092"", ""vpn_id"" : 10004637, ""public_number"" : ""33155920992"", ""global_call_limiter"" : 10, ""no_answer_timeout"" : 20000, ""label"" : ""33155920992"", ""possibility"" : ""SAN_LEVEL"", ""uui"" : ""SAN_LEVEL"", ""spn_mode"" : ""DEFAULT"", ""call_transfer_mode"" : ""NO_DELAYED_OFFER"", ""int_dc"" : ""B"", ""header_list"" : []}"
10004631,55093,"{""id"" : 55093, ""hkh_nr_id"" : ""55093"", ""vpn_id"" : 10004631, ""public_number"" : ""33327738299"", ""global_call_limiter"" : null, ""no_answer_timeout"" : 20000, ""label"" : ""33327738299"", ""possibility"" : ""SAN_LEVEL"", ""uui"" : ""SAN_LEVEL"", ""spn_mode"" : ""DEFAULT"", ""call_transfer_mode"" : ""NO_DELAYED_OFFER"", ""int_dc"" : ""B"", ""header_list"" : []}"
10004631,55094,"{""id"" : 55094, ""hkh_nr_id"" : ""55094"", ""vpn_id"" : 10004631, ""public_number"" : ""33327738278"", ""global_call_limiter"" : null, ""no_answer_timeout"" : 20000, ""label"" : ""33327738278"", ""possibility"" : ""SAN_LEVEL"", ""uui"" : ""SAN_LEVEL"", ""spn_mode"" : ""DEFAULT"", ""call_transfer_mode"" : ""NO_DELAYED_OFFER"", ""int_dc"" : ""B"", ""header_list"" : []}"
10004631,55095,"{""id"" : 55095, ""hkh_nr_id"" : ""55095"", ""vpn_id"" : 10004631, ""public_number"" : ""33327738295"", ""global_call_limiter"" : null, ""no_answer_timeout"" : 20000, ""label"" : ""33327738295"", ""possibility"" : ""SAN_LEVEL"", ""uui"" : ""SAN_LEVEL"", ""spn_mode"" : ""DEFAULT"", ""call_transfer_mode"" : ""NO_DELAYED_OFFER"", ""int_dc"" : ""B"", ""header_list"" : []}"
10004631,55096,"{""id"" : 55096, ""hkh_nr_id"" : ""55096"", ""vpn_id"" : 10004631, ""public_number"" : ""33327738274"", ""global_call_limiter"" : null, ""no_answer_timeout"" : 0, ""label"" : ""SEMMY"", ""possibility"" : ""SAN_LEVEL"", ""uui"" : ""SAN_LEVEL"", ""spn_mode"" : ""DEFAULT"", ""call_transfer_mode"" : ""NO_DELAYED_OFFER"", ""int_dc"" : ""B"", ""header_list"" : []}"
10004631,55097,"{""id"" : 55097, ""hkh_nr_id"" : ""55097"", ""vpn_id"" : 10004631, ""public_number"" : ""33327738137"", ""global_call_limiter"" : null, ""no_answer_timeout"" : 20000, ""label"" : ""33327738137"", ""possibility"" : ""SAN_LEVEL"", ""uui"" : ""SAN_LEVEL"", ""spn_mode"" : ""DEFAULT"", ""call_transfer_mode"" : ""NO_DELAYED_OFFER"", ""int_dc"" : ""B"", ""header_list"" : []}"
10004631,55098,"{""id"" : 55098, ""hkh_nr_id"" : ""55098"", ""vpn_id"" : 10004631, ""public_number"" : ""33327738247"", ""global_call_limiter"" : null, ""no_answer_timeout"" : 20000, ""label"" : ""33327738247"", ""possibility"" : ""SAN_LEVEL"", ""uui"" : ""SAN_LEVEL"", ""spn_mode"" : ""DEFAULT"", ""call_transfer_mode"" : ""NO_DELAYED_OFFER"", ""int_dc"" : ""B"", ""header_list"" : []}"
10004576,54917,"{""id"" : 54917, ""hkh_nr_id"" : ""54917"", ""vpn_id"" : 10004576, ""public_number"" : ""33140694016"", ""global_call_limiter"" : 100, ""no_answer_timeout"" : 20000, ""label"" : ""33140694016"", ""possibility"" : ""SAN_LEVEL"", ""uui"" : ""SAN_LEVEL"", ""spn_mode"" : ""DEFAULT"", ""call_transfer_mode"" : ""NO_DELAYED_OFFER"", ""int_dc"" : ""B"", ""header_list"" : []}"
10004576,54930,"{""id"" : 54930, ""hkh_nr_id"" : ""54930"", ""vpn_id"" : 10004576, ""public_number"" : ""33140694048"", ""global_call_limiter"" : 100, ""no_answer_timeout"" : 20000, ""label"" : ""33140694048"", ""possibility"" : ""SAN_LEVEL"", ""uui"" : ""SAN_LEVEL"", ""spn_mode"" : ""DEFAULT"", ""call_transfer_mode"" : ""NO_DELAYED_OFFER"", ""int_dc"" : ""B"", ""header_list"" : []}"
10004576,54932,"{""id"" : 54932, ""hkh_nr_id"" : ""54932"", ""vpn_id"" : 10004576, ""public_number"" : ""33545394106"", ""global_call_limiter"" : 100, ""no_answer_timeout"" : 20000, ""label"" : ""33545394106"", ""possibility"" : ""SAN_LEVEL"", ""uui"" : ""SAN_LEVEL"", ""spn_mode"" : ""DEFAULT"", ""call_transfer_mode"" : ""NO_DELAYED_OFFER"", ""int_dc"" : ""B"", ""header_list"" : []}"
10004576,54940,"{""id"" : 54940, ""hkh_nr_id"" : ""54940"", ""vpn_id"" : 10004576, ""public_number"" : ""33545394110"", ""global_call_limiter"" : 100, ""no_answer_timeout"" : 20000, ""label"" : ""33545394110"", ""possibility"" : ""SAN_LEVEL"", ""uui"" : ""SAN_LEVEL"", ""spn_mode"" : ""DEFAULT"", ""call_transfer_mode"" : ""NO_DELAYED_OFFER"", ""int_dc"" : ""B"", ""header_list"" : []}"
10004576,54949,"{""id"" : 54949, ""hkh_nr_id"" : ""54949"", ""vpn_id"" : 10004576, ""public_number"" : ""33547394114"", ""global_call_limiter"" : 100, ""no_answer_timeout"" : 20000, ""label"" : ""33547394114"", ""possibility"" : ""SAN_LEVEL"", ""uui"" : ""SAN_LEVEL"", ""spn_mode"" : ""DEFAULT"", ""call_transfer_mode"" : ""NO_DELAYED_OFFER"", ""int_dc"" : ""B"", ""header_list"" : []}"
10004631,55076,"{""id"" : 55076, ""hkh_nr_id"" : ""55076"", ""vpn_id"" : 10004631, ""public_number"" : ""33327738235"", ""global_call_limiter"" : null, ""no_answer_timeout"" : 20000, ""label"" : ""33327738235"", ""possibility"" : ""SAN_LEVEL"", ""uui"" : ""SAN_LEVEL"", ""spn_mode"" : ""DEFAULT"", ""call_transfer_mode"" : ""NO_DELAYED_OFFER"", ""int_dc"" : ""B"", ""header_list"" : []}"
10004631,55077,"{""id"" : 55077, ""hkh_nr_id"" : ""55077"", ""vpn_id"" : 10004631, ""public_number"" : ""33327738153"", ""global_call_limiter"" : null, ""no_answer_timeout"" : 20000, ""label"" : ""33327738153"", ""possibility"" : ""SAN_LEVEL"", ""uui"" : ""SAN_LEVEL"", ""spn_mode"" : ""DEFAULT"", ""call_transfer_mode"" : ""NO_DELAYED_OFFER"", ""int_dc"" : ""B"", ""header_list"" : []}"
10004631,55099,"{""id"" : 55099, ""hkh_nr_id"" : ""55099"", ""vpn_id"" : 10004631, ""public_number"" : ""33327738270"", ""global_call_limiter"" : 10, ""no_answer_timeout"" : 20000, ""label"" : ""33327738270"", ""possibility"" : ""SAN_LEVEL"", ""uui"" : ""SAN_LEVEL"", ""spn_mode"" : ""DEFAULT"", ""call_transfer_mode"" : ""NO_DELAYED_OFFER"", ""int_dc"" : ""B"", ""header_list"" : []}"
10004631,55100,"{""id"" : 55100, ""hkh_nr_id"" : ""55100"", ""vpn_id"" : 10004631, ""public_number"" : ""33327738263"", ""global_call_limiter"" : null, ""no_answer_timeout"" : 20000, ""label"" : ""33327738263"", ""possibility"" : ""SAN_LEVEL"", ""uui"" : ""SAN_LEVEL"", ""spn_mode"" : ""DEFAULT"", ""call_transfer_mode"" : ""NO_DELAYED_OFFER"", ""int_dc"" : ""B"", ""header_list"" : []}"
10004631,55102,"{""id"" : 55102, ""hkh_nr_id"" : ""55102"", ""vpn_id"" : 10004631, ""public_number"" : ""33327738146"", ""global_call_limiter"" : null, ""no_answer_timeout"" : 20000, ""label"" : ""33327738146"", ""possibility"" : ""SAN_LEVEL"", ""uui"" : ""SAN_LEVEL"", ""spn_mode"" : ""DEFAULT"", ""call_transfer_mode"" : ""NO_DELAYED_OFFER"", ""int_dc"" : ""B"", ""header_list"" : []}"
10004631,55103,"{""id"" : 55103, ""hkh_nr_id"" : ""55103"", ""vpn_id"" : 10004631, ""public_number"" : ""33327738306"", ""global_call_limiter"" : null, ""no_answer_timeout"" : 20000, ""label"" : ""33327738306"", ""possibility"" : ""SAN_LEVEL"", ""uui"" : ""SAN_LEVEL"", ""spn_mode"" : ""DEFAULT"", ""call_transfer_mode"" : ""NO_DELAYED_OFFER"", ""int_dc"" : ""B"", ""header_list"" : []}"
10004631,55104,"{""id"" : 55104, ""hkh_nr_id"" : ""55104"", ""vpn_id"" : 10004631, ""public_number"" : ""33327738234"", ""global_call_limiter"" : null, ""no_answer_timeout"" : 20000, ""label"" : ""33327738234"", ""possibility"" : ""SAN_LEVEL"", ""uui"" : ""SAN_LEVEL"", ""spn_mode"" : ""DEFAULT"", ""call_transfer_mode"" : ""NO_DELAYED_OFFER"", ""int_dc"" : ""B"", ""header_list"" : []}"
10004631,55105,"{""id"" : 55105, ""hkh_nr_id"" : ""55105"", ""vpn_id"" : 10004631, ""public_number"" : ""33327090923"", ""global_call_limiter"" : null, ""no_answer_timeout"" : 20000, ""label"" : ""33327090923"", ""possibility"" : ""SAN_LEVEL"", ""uui"" : ""SAN_LEVEL"", ""spn_mode"" : ""DEFAULT"", ""call_transfer_mode"" : ""NO_DELAYED_OFFER"", ""int_dc"" : ""B"", ""header_list"" : []}"
10004631,55106,"{""id"" : 55106, ""hkh_nr_id"" : ""55106"", ""vpn_id"" : 10004631, ""public_number"" : ""33327738208"", ""global_call_limiter"" : null, ""no_answer_timeout"" : 20000, ""label"" : ""33327738208"", ""possibility"" : ""SAN_LEVEL"", ""uui"" : ""SAN_LEVEL"", ""spn_mode"" : ""DEFAULT"", ""call_transfer_mode"" : ""NO_DELAYED_OFFER"", ""int_dc"" : ""B"", ""header_list"" : []}"
10004631,55107,"{""id"" : 55107, ""hkh_nr_id"" : ""55107"", ""vpn_id"" : 10004631, ""public_number"" : ""33327738233"", ""global_call_limiter"" : null, ""no_answer_timeout"" : 20000, ""label"" : ""33327738233"", ""possibility"" : ""SAN_LEVEL"", ""uui"" : ""SAN_LEVEL"", ""spn_mode"" : ""DEFAULT"", ""call_transfer_mode"" : ""NO_DELAYED_OFFER"", ""int_dc"" : ""B"", ""header_list"" : []}"
10004631,55108,"{""id"" : 55108, ""hkh_nr_id"" : ""55108"", ""vpn_id"" : 10004631, ""public_number"" : ""33327738238"", ""global_call_limiter"" : null, ""no_answer_timeout"" : 20000, ""label"" : ""33327738238"", ""possibility"" : ""SAN_LEVEL"", ""uui"" : ""SAN_LEVEL"", ""spn_mode"" : ""DEFAULT"", ""call_transfer_mode"" : ""NO_DELAYED_OFFER"", ""int_dc"" : ""B"", ""header_list"" : []}"
10004631,55109,"{""id"" : 55109, ""hkh_nr_id"" : ""55109"", ""vpn_id"" : 10004631, ""public_number"" : ""33327738160"", ""global_call_limiter"" : null, ""no_answer_timeout"" : 20000, ""label"" : ""33327738160"", ""possibility"" : ""SAN_LEVEL"", ""uui"" : ""SAN_LEVEL"", ""spn_mode"" : ""DEFAULT"", ""call_transfer_mode"" : ""NO_DELAYED_OFFER"", ""int_dc"" : ""B"", ""header_list"" : []}"
10004631,55110,"{""id"" : 55110, ""hkh_nr_id"" : ""55110"", ""vpn_id"" : 10004631, ""public_number"" : ""33327091564"", ""global_call_limiter"" : null, ""no_answer_timeout"" : 20000, ""label"" : ""33327091564"", ""possibility"" : ""SAN_LEVEL"", ""uui"" : ""SAN_LEVEL"", ""spn_mode"" : ""DEFAULT"", ""call_transfer_mode"" : ""NO_DELAYED_OFFER"", ""int_dc"" : ""B"", ""header_list"" : []}"
10004631,55111,"{""id"" : 55111, ""hkh_nr_id"" : ""55111"", ""vpn_id"" : 10004631, ""public_number"" : ""33327738158"", ""global_call_limiter"" : null, ""no_answer_timeout"" : 20000, ""label"" : ""33327738158"", ""possibility"" : ""SAN_LEVEL"", ""uui"" : ""SAN_LEVEL"", ""spn_mode"" : ""DEFAULT"", ""call_transfer_mode"" : ""NO_DELAYED_OFFER"", ""int_dc"" : ""B"", ""header_list"" : []}"
10004631,55112,"{""id"" : 55112, ""hkh_nr_id"" : ""55112"", ""vpn_id"" : 10004631, ""public_number"" : ""33327096992"", ""global_call_limiter"" : null, ""no_answer_timeout"" : 20000, ""label"" : ""33327096992"", ""possibility"" : ""SAN_LEVEL"", ""uui"" : ""SAN_LEVEL"", ""spn_mode"" : ""DEFAULT"", ""call_transfer_mode"" : ""NO_DELAYED_OFFER"", ""int_dc"" : ""B"", ""header_list"" : []}"
10003942,55113,"{""id"" : 55113, ""hkh_nr_id"" : ""55113"", ""vpn_id"" : 10003942, ""public_number"" : ""33556293459"", ""global_call_limiter"" : 10, ""no_answer_timeout"" : 20000, ""label"" : ""GV FUT"", ""possibility"" : ""TRUE"", ""uui"" : ""TRUE"", ""spn_mode"" : ""DEFAULT"", ""call_transfer_mode"" : ""NO_DELAYED_OFFER"", ""int_dc"" : ""G"", ""header_list"" : []}"
10004640,55114,"{""id"" : 55114, ""hkh_nr_id"" : ""55114"", ""vpn_id"" : 10004640, ""public_number"" : ""33556296193"", ""global_call_limiter"" : 10, ""no_answer_timeout"" : 20000, ""label"" : ""33556296193"", ""possibility"" : ""TRUE"", ""uui"" : ""TRUE"", ""spn_mode"" : ""DEFAULT"", ""call_transfer_mode"" : ""NO_DELAYED_OFFER"", ""int_dc"" : ""G"", ""header_list"" : []}"
10004640,55115,"{""id"" : 55115, ""hkh_nr_id"" : ""55115"", ""vpn_id"" : 10004640, ""public_number"" : ""33556100931"", ""global_call_limiter"" : 10, ""no_answer_timeout"" : 20000, ""label"" : ""33556100931"", ""possibility"" : ""TRUE"", ""uui"" : ""TRUE"", ""spn_mode"" : ""DEFAULT"", ""call_transfer_mode"" : ""NO_DELAYED_OFFER"", ""int_dc"" : ""G"", ""header_list"" : []}"
10004282,55116,"{""id"" : 55116, ""hkh_nr_id"" : ""55116"", ""vpn_id"" : 10004282, ""public_number"" : ""33556100865"", ""global_call_limiter"" : 10, ""no_answer_timeout"" : 20000, ""label"" : ""GV FUT"", ""possibility"" : ""TRUE"", ""uui"" : ""TRUE"", ""spn_mode"" : ""DEFAULT"", ""call_transfer_mode"" : ""NO_DELAYED_OFFER"", ""int_dc"" : ""G"", ""header_list"" : []}"
10004631,55117,"{""id"" : 55117, ""hkh_nr_id"" : ""55117"", ""vpn_id"" : 10004631, ""public_number"" : ""33327738187"", ""global_call_limiter"" : null, ""no_answer_timeout"" : 20000, ""label"" : ""33327738187"", ""possibility"" : ""SAN_LEVEL"", ""uui"" : ""SAN_LEVEL"", ""spn_mode"" : ""DEFAULT"", ""call_transfer_mode"" : ""NO_DELAYED_OFFER"", ""int_dc"" : ""B"", ""header_list"" : []}"
10004631,55118,"{""id"" : 55118, ""hkh_nr_id"" : ""55118"", ""vpn_id"" : 10004631, ""public_number"" : ""33327738155"", ""global_call_limiter"" : null, ""no_answer_timeout"" : 20000, ""label"" : ""33327738155"", ""possibility"" : ""SAN_LEVEL"", ""uui"" : ""SAN_LEVEL"", ""spn_mode"" : ""DEFAULT"", ""call_transfer_mode"" : ""NO_DELAYED_OFFER"", ""int_dc"" : ""B"", ""header_list"" : []}"
10004631,55119,"{""id"" : 55119, ""hkh_nr_id"" : ""55119"", ""vpn_id"" : 10004631, ""public_number"" : ""33327738297"", ""global_call_limiter"" : null, ""no_answer_timeout"" : 20000, ""label"" : ""33327738297"", ""possibility"" : ""SAN_LEVEL"", ""uui"" : ""SAN_LEVEL"", ""spn_mode"" : ""DEFAULT"", ""call_transfer_mode"" : ""NO_DELAYED_OFFER"", ""int_dc"" : ""B"", ""header_list"" : []}"
10004631,55120,"{""id"" : 55120, ""hkh_nr_id"" : ""55120"", ""vpn_id"" : 10004631, ""public_number"" : ""33327091692"", ""global_call_limiter"" : null, ""no_answer_timeout"" : 20000, ""label"" : ""33327091692"", ""possibility"" : ""SAN_LEVEL"", ""uui"" : ""SAN_LEVEL"", ""spn_mode"" : ""DEFAULT"", ""call_transfer_mode"" : ""NO_DELAYED_OFFER"", ""int_dc"" : ""B"", ""header_list"" : []}"
10004631,55121,"{""id"" : 55121, ""hkh_nr_id"" : ""55121"", ""vpn_id"" : 10004631, ""public_number"" : ""33327738260"", ""global_call_limiter"" : null, ""no_answer_timeout"" : 20000, ""label"" : ""33327738260"", ""possibility"" : ""SAN_LEVEL"", ""uui"" : ""SAN_LEVEL"", ""spn_mode"" : ""DEFAULT"", ""call_transfer_mode"" : ""NO_DELAYED_OFFER"", ""int_dc"" : ""B"", ""header_list"" : []}"
10004631,55122,"{""id"" : 55122, ""hkh_nr_id"" : ""55122"", ""vpn_id"" : 10004631, ""public_number"" : ""33327738122"", ""global_call_limiter"" : null, ""no_answer_timeout"" : 20000, ""label"" : ""33327738122"", ""possibility"" : ""SAN_LEVEL"", ""uui"" : ""SAN_LEVEL"", ""spn_mode"" : ""DEFAULT"", ""call_transfer_mode"" : ""NO_DELAYED_OFFER"", ""int_dc"" : ""B"", ""header_list"" : []}"
10003728,1941,"{""id"" : 1941, ""hkh_nr_id"" : ""1941"", ""vpn_id"" : 10003728, ""public_number"" : ""33619245430"", ""global_call_limiter"" : 20, ""no_answer_timeout"" : 8000, ""label"" : ""Solene"", ""possibility"" : ""SAN_LEVEL"", ""uui"" : ""SAN_LEVEL"", ""spn_mode"" : ""DEFAULT"", ""call_transfer_mode"" : ""NO_DELAYED_OFFER"", ""int_dc"" : ""B"", ""header_list"" : []}"
10004077,2441,"{""id"" : 2441, ""hkh_nr_id"" : ""2441"", ""vpn_id"" : 10004077, ""public_number"" : ""33320189114"", ""global_call_limiter"" : null, ""no_answer_timeout"" : 20000, ""label"" : ""FIAS2 Prod LIL"", ""possibility"" : ""SAN_LEVEL"", ""uui"" : ""SAN_LEVEL"", ""spn_mode"" : ""DEFAULT"", ""call_transfer_mode"" : ""NO_DELAYED_OFFER"", ""int_dc"" : ""B"", ""header_list"" : []}"
10000001,23,"{""id"" : 23, ""hkh_nr_id"" : ""23"", ""vpn_id"" : 10000001, ""public_number"" : ""33438428176"", ""global_call_limiter"" : 20, ""no_answer_timeout"" : 5000, ""label"" : ""33438428176"", ""possibility"" : ""SAN_LEVEL"", ""uui"" : ""FALSE"", ""spn_mode"" : ""DEFAULT"", ""call_transfer_mode"" : ""NO_DELAYED_OFFER"", ""int_dc"" : ""B"", ""header_list"" : []}"
10003728,41,"{""id"" : 41, ""hkh_nr_id"" : ""41"", ""vpn_id"" : 10003728, ""public_number"" : ""33296082085"", ""global_call_limiter"" : 20, ""no_answer_timeout"" : 30000, ""label"" : ""Meylan-I034-85"", ""possibility"" : ""SAN_LEVEL"", ""uui"" : ""FALSE"", ""spn_mode"" : ""DEFAULT"", ""call_transfer_mode"" : ""NO_DELAYED_OFFER"", ""int_dc"" : ""B"", ""header_list"" : []}"
10003728,81,"{""id"" : 81, ""hkh_nr_id"" : ""81"", ""vpn_id"" : 10003728, ""public_number"" : ""33476440452"", ""global_call_limiter"" : 20, ""no_answer_timeout"" : 8000, ""label"" : ""ANG Lab + terminaisonRTC"", ""possibility"" : ""FALSE"", ""uui"" : ""FALSE"", ""spn_mode"" : ""DEFAULT"", ""call_transfer_mode"" : ""NO_DELAYED_OFFER"", ""int_dc"" : ""B"", ""header_list"" : []}"
10003728,101,"{""id"" : 101, ""hkh_nr_id"" : ""101"", ""vpn_id"" : 10003728, ""public_number"" : ""33438428205"", ""global_call_limiter"" : 20, ""no_answer_timeout"" : 9000, ""label"" : ""Meylan-I032-poste EDA"", ""possibility"" : ""SAN_LEVEL"", ""uui"" : ""TRUE"", ""spn_mode"" : ""DEFAULT"", ""call_transfer_mode"" : ""NO_DELAYED_OFFER"", ""int_dc"" : ""B"", ""header_list"" : []}"
10003728,141,"{""id"" : 141, ""hkh_nr_id"" : ""141"", ""vpn_id"" : 10003728, ""public_number"" : ""33438126073"", ""global_call_limiter"" : 1, ""no_answer_timeout"" : 20000, ""label"" : ""EDo_bur_Atos"", ""possibility"" : ""SAN_LEVEL"", ""uui"" : ""FALSE"", ""spn_mode"" : ""DEFAULT"", ""call_transfer_mode"" : ""NO_DELAYED_OFFER"", ""int_dc"" : ""B"", ""header_list"" : []}"
10003728,381,"{""id"" : 381, ""hkh_nr_id"" : ""381"", ""vpn_id"" : 10003728, ""public_number"" : ""21631300664"", ""global_call_limiter"" : 0, ""no_answer_timeout"" : 10000, ""label"" : ""Zied fixe (00 216 31 300 664)"", ""possibility"" : ""SAN_LEVEL"", ""uui"" : ""FALSE"", ""spn_mode"" : ""DEFAULT"", ""call_transfer_mode"" : ""NO_DELAYED_OFFER"", ""int_dc"" : ""B"", ""header_list"" : []}"
10003728,422,"{""id"" : 422, ""hkh_nr_id"" : ""422"", ""vpn_id"" : 10003728, ""public_number"" : ""33144376082"", ""global_call_limiter"" : 20, ""no_answer_timeout"" : 15000, ""label"" : ""LCh_Bureau"", ""possibility"" : ""SAN_LEVEL"", ""uui"" : ""FALSE"", ""spn_mode"" : ""DEFAULT"", ""call_transfer_mode"" : ""NO_DELAYED_OFFER"", ""int_dc"" : ""B"", ""header_list"" : []}"
10003728,461,"{""id"" : 461, ""hkh_nr_id"" : ""461"", ""vpn_id"" : 10003728, ""public_number"" : ""33123456789"", ""global_call_limiter"" : 20, ""no_answer_timeout"" : 5000, ""label"" : ""NR unreachable"", ""possibility"" : ""SAN_LEVEL"", ""uui"" : ""SAN_LEVEL"", ""spn_mode"" : ""DEFAULT"", ""call_transfer_mode"" : ""NO_DELAYED_OFFER"", ""int_dc"" : ""B"", ""header_list"" : []}"
10003728,563,"{""id"" : 563, ""hkh_nr_id"" : ""563"", ""vpn_id"" : 10003728, ""public_number"" : ""33608723225"", ""global_call_limiter"" : 20, ""no_answer_timeout"" : 5000, ""label"" : ""gilles"", ""possibility"" : ""SAN_LEVEL"", ""uui"" : ""SAN_LEVEL"", ""spn_mode"" : ""DEFAULT"", ""call_transfer_mode"" : ""NO_DELAYED_OFFER"", ""int_dc"" : ""B"", ""header_list"" : []}"
10003728,981,"{""id"" : 981, ""hkh_nr_id"" : ""981"", ""vpn_id"" : 10003728, ""public_number"" : ""33140482980"", ""global_call_limiter"" : 20, ""no_answer_timeout"" : 5000, ""label"" : ""num2 FCC de test"", ""possibility"" : ""SAN_LEVEL"", ""uui"" : ""SAN_LEVEL"", ""spn_mode"" : ""DEFAULT"", ""call_transfer_mode"" : ""NO_DELAYED_OFFER"", ""int_dc"" : ""B"", ""header_list"" : []}"
10003963,1041,"{""id"" : 1041, ""hkh_nr_id"" : ""1041"", ""vpn_id"" : 10003963, ""public_number"" : ""33556140835"", ""global_call_limiter"" : 5, ""no_answer_timeout"" : 20000, ""label"" : ""33556140835"", ""possibility"" : ""SAN_LEVEL"", ""uui"" : ""SAN_LEVEL"", ""spn_mode"" : ""DEFAULT"", ""call_transfer_mode"" : ""NO_DELAYED_OFFER"", ""int_dc"" : ""B"", ""header_list"" : []}"
10003938,1121,"{""id"" : 1121, ""hkh_nr_id"" : ""1121"", ""vpn_id"" : 10003938, ""public_number"" : ""33155546363"", ""global_call_limiter"" : 3, ""no_answer_timeout"" : 20000, ""label"" : ""33155546363"", ""possibility"" : ""SAN_LEVEL"", ""uui"" : ""SAN_LEVEL"", ""spn_mode"" : ""DEFAULT"", ""call_transfer_mode"" : ""NO_DELAYED_OFFER"", ""int_dc"" : ""B"", ""header_list"" : []}"
10003963,1391,"{""id"" : 1391, ""hkh_nr_id"" : ""1391"", ""vpn_id"" : 10003963, ""public_number"" : ""33155549240"", ""global_call_limiter"" : 2, ""no_answer_timeout"" : 5000, ""label"" : ""0155549240"", ""possibility"" : ""SAN_LEVEL"", ""uui"" : ""SAN_LEVEL"", ""spn_mode"" : ""DEFAULT"", ""call_transfer_mode"" : ""NO_DELAYED_OFFER"", ""int_dc"" : ""B"", ""header_list"" : []}"
10004010,1542,"{""id"" : 1542, ""hkh_nr_id"" : ""1542"", ""vpn_id"" : 10004010, ""public_number"" : ""33437243636"", ""global_call_limiter"" : 2, ""no_answer_timeout"" : 5000, ""label"" : ""NR2"", ""possibility"" : ""SAN_LEVEL"", ""uui"" : ""SAN_LEVEL"", ""spn_mode"" : ""DEFAULT"", ""call_transfer_mode"" : ""NO_DELAYED_OFFER"", ""int_dc"" : ""B"", ""header_list"" : []}"
10003728,1745,"{""id"" : 1745, ""hkh_nr_id"" : ""1745"", ""vpn_id"" : 10003728, ""public_number"" : ""33123450005"", ""global_call_limiter"" : 255, ""no_answer_timeout"" : 4000, ""label"" : ""EDo i5"", ""possibility"" : ""SAN_LEVEL"", ""uui"" : ""SAN_LEVEL"", ""spn_mode"" : ""DEFAULT"", ""call_transfer_mode"" : ""NO_DELAYED_OFFER"", ""int_dc"" : ""B"", ""header_list"" : []}"
10003728,1748,"{""id"" : 1748, ""hkh_nr_id"" : ""1748"", ""vpn_id"" : 10003728, ""public_number"" : ""33123450008"", ""global_call_limiter"" : 255, ""no_answer_timeout"" : 5000, ""label"" : ""EDo i8"", ""possibility"" : ""SAN_LEVEL"", ""uui"" : ""SAN_LEVEL"", ""spn_mode"" : ""DEFAULT"", ""call_transfer_mode"" : ""NO_DELAYED_OFFER"", ""int_dc"" : ""B"", ""header_list"" : []}"
10000001,22,"{""id"" : 22, ""hkh_nr_id"" : ""22"", ""vpn_id"" : 10000001, ""public_number"" : ""33438428681"", ""global_call_limiter"" : 20, ""no_answer_timeout"" : 5000, ""label"" : ""33438428681"", ""possibility"" : ""SAN_LEVEL"", ""uui"" : ""FALSE"", ""spn_mode"" : ""DEFAULT"", ""call_transfer_mode"" : ""NO_DELAYED_OFFER"", ""int_dc"" : ""B"", ""header_list"" : []}"
10003938,841,"{""id"" : 841, ""hkh_nr_id"" : ""841"", ""vpn_id"" : 10003938, ""public_number"" : ""33144376624"", ""global_call_limiter"" : 2, ""no_answer_timeout"" : 20000, ""label"" : ""33144376624"", ""possibility"" : ""SAN_LEVEL"", ""uui"" : ""SAN_LEVEL"", ""spn_mode"" : ""DEFAULT"", ""call_transfer_mode"" : ""NO_DELAYED_OFFER"", ""int_dc"" : ""B"", ""header_list"" : []}"
10003963,1201,"{""id"" : 1201, ""hkh_nr_id"" : ""1201"", ""vpn_id"" : 10003963, ""public_number"" : ""33556140507"", ""global_call_limiter"" : 5, ""no_answer_timeout"" : 20000, ""label"" : ""33556140507"", ""possibility"" : ""SAN_LEVEL"", ""uui"" : ""SAN_LEVEL"", ""spn_mode"" : ""DEFAULT"", ""call_transfer_mode"" : ""NO_DELAYED_OFFER"", ""int_dc"" : ""B"", ""header_list"" : []}"
10002184,941,"{""id"" : 941, ""hkh_nr_id"" : ""941"", ""vpn_id"" : 10002184, ""public_number"" : ""33556293594"", ""global_call_limiter"" : 10, ""no_answer_timeout"" : 20000, ""label"" : ""GV SOUTIEN CCX"", ""possibility"" : ""TRUE"", ""uui"" : ""TRUE"", ""spn_mode"" : ""DEFAULT"", ""call_transfer_mode"" : ""NO_DELAYED_OFFER"", ""int_dc"" : ""G"", ""header_list"" : []}"
10003963,1384,"{""id"" : 1384, ""hkh_nr_id"" : ""1384"", ""vpn_id"" : 10003963, ""public_number"" : ""33438428239"", ""global_call_limiter"" : 2, ""no_answer_timeout"" : 5000, ""label"" : ""0438428239"", ""possibility"" : ""SAN_LEVEL"", ""uui"" : ""SAN_LEVEL"", ""spn_mode"" : ""DEFAULT"", ""call_transfer_mode"" : ""NO_DELAYED_OFFER"", ""int_dc"" : ""B"", ""header_list"" : []}"
10003963,1385,"{""id"" : 1385, ""hkh_nr_id"" : ""1385"", ""vpn_id"" : 10003963, ""public_number"" : ""33438428243"", ""global_call_limiter"" : 2, ""no_answer_timeout"" : 5000, ""label"" : ""0438428243"", ""possibility"" : ""SAN_LEVEL"", ""uui"" : ""SAN_LEVEL"", ""spn_mode"" : ""DEFAULT"", ""call_transfer_mode"" : ""NO_DELAYED_OFFER"", ""int_dc"" : ""B"", ""header_list"" : []}"
10003963,1401,"{""id"" : 1401, ""hkh_nr_id"" : ""1401"", ""vpn_id"" : 10003963, ""public_number"" : ""33687601042"", ""global_call_limiter"" : 2, ""no_answer_timeout"" : 5000, ""label"" : ""0687601042"", ""possibility"" : ""SAN_LEVEL"", ""uui"" : ""SAN_LEVEL"", ""spn_mode"" : ""DEFAULT"", ""call_transfer_mode"" : ""NO_DELAYED_OFFER"", ""int_dc"" : ""B"", ""header_list"" : []}"
10004010,1541,"{""id"" : 1541, ""hkh_nr_id"" : ""1541"", ""vpn_id"" : 10004010, ""public_number"" : ""33144376082"", ""global_call_limiter"" : 2, ""no_answer_timeout"" : 20000, ""label"" : ""NR1"", ""possibility"" : ""SAN_LEVEL"", ""uui"" : ""SAN_LEVEL"", ""spn_mode"" : ""DEFAULT"", ""call_transfer_mode"" : ""NO_DELAYED_OFFER"", ""int_dc"" : ""B"", ""header_list"" : []}"
10004010,1544,"{""id"" : 1544, ""hkh_nr_id"" : ""1544"", ""vpn_id"" : 10004010, ""public_number"" : ""33438428239"", ""global_call_limiter"" : 2, ""no_answer_timeout"" : 5000, ""label"" : ""NR4"", ""possibility"" : ""SAN_LEVEL"", ""uui"" : ""SAN_LEVEL"", ""spn_mode"" : ""DEFAULT"", ""call_transfer_mode"" : ""NO_DELAYED_OFFER"", ""int_dc"" : ""B"", ""header_list"" : []}"
10004010,1545,"{""id"" : 1545, ""hkh_nr_id"" : ""1545"", ""vpn_id"" : 10004010, ""public_number"" : ""33438428243"", ""global_call_limiter"" : 2, ""no_answer_timeout"" : 5000, ""label"" : ""NR5"", ""possibility"" : ""SAN_LEVEL"", ""uui"" : ""SAN_LEVEL"", ""spn_mode"" : ""DEFAULT"", ""call_transfer_mode"" : ""NO_DELAYED_OFFER"", ""int_dc"" : ""B"", ""header_list"" : []}"
10004010,1546,"{""id"" : 1546, ""hkh_nr_id"" : ""1546"", ""vpn_id"" : 10004010, ""public_number"" : ""33438126073"", ""global_call_limiter"" : 2, ""no_answer_timeout"" : 5000, ""label"" : ""NR6"", ""possibility"" : ""SAN_LEVEL"", ""uui"" : ""SAN_LEVEL"", ""spn_mode"" : ""DEFAULT"", ""call_transfer_mode"" : ""NO_DELAYED_OFFER"", ""int_dc"" : ""B"", ""header_list"" : []}"
10003942,1701,"{""id"" : 1701, ""hkh_nr_id"" : ""1701"", ""vpn_id"" : 10003942, ""public_number"" : ""33607292464"", ""global_call_limiter"" : 1, ""no_answer_timeout"" : 20000, ""label"" : ""Mob Pro LCh"", ""possibility"" : ""SAN_LEVEL"", ""uui"" : ""SAN_LEVEL"", ""spn_mode"" : ""DEFAULT"", ""call_transfer_mode"" : ""NO_DELAYED_OFFER"", ""int_dc"" : ""B"", ""header_list"" : []}"
10003728,1741,"{""id"" : 1741, ""hkh_nr_id"" : ""1741"", ""vpn_id"" : 10003728, ""public_number"" : ""33123450001"", ""global_call_limiter"" : 0, ""no_answer_timeout"" : 5000, ""label"" : ""EDo i1 - MEP AS2021#2"", ""possibility"" : ""SAN_LEVEL"", ""uui"" : ""SAN_LEVEL"", ""spn_mode"" : ""DEFAULT"", ""call_transfer_mode"" : ""NO_DELAYED_OFFER"", ""int_dc"" : ""B"", ""header_list"" : []}"
10004010,1961,"{""id"" : 1961, ""hkh_nr_id"" : ""1961"", ""vpn_id"" : 10004010, ""public_number"" : ""33556169016"", ""global_call_limiter"" : 511, ""no_answer_timeout"" : 20000, ""label"" : ""0556169016"", ""possibility"" : ""SAN_LEVEL"", ""uui"" : ""SAN_LEVEL"", ""spn_mode"" : ""DEFAULT"", ""call_transfer_mode"" : ""NO_DELAYED_OFFER"", ""int_dc"" : ""B"", ""header_list"" : []}"
10003963,2041,"{""id"" : 2041, ""hkh_nr_id"" : ""2041"", ""vpn_id"" : 10003963, ""public_number"" : ""33556140852"", ""global_call_limiter"" : 5, ""no_answer_timeout"" : 20000, ""label"" : ""33556140852"", ""possibility"" : ""SAN_LEVEL"", ""uui"" : ""SAN_LEVEL"", ""spn_mode"" : ""DEFAULT"", ""call_transfer_mode"" : ""NO_DELAYED_OFFER"", ""int_dc"" : ""B"", ""header_list"" : []}"
10004425,54822,"{""id"" : 54822, ""hkh_nr_id"" : ""54822"", ""vpn_id"" : 10004425, ""public_number"" : ""33320121121"", ""global_call_limiter"" : 100, ""no_answer_timeout"" : 20000, ""label"" : ""Vente Privée NR 0320121121"", ""possibility"" : ""SAN_LEVEL"", ""uui"" : ""SAN_LEVEL"", ""spn_mode"" : ""DEFAULT"", ""call_transfer_mode"" : ""NO_DELAYED_OFFER"", ""int_dc"" : ""B"", ""header_list"" : []}"
10004425,54821,"{""id"" : 54821, ""hkh_nr_id"" : ""54821"", ""vpn_id"" : 10004425, ""public_number"" : ""33321182307"", ""global_call_limiter"" : 100, ""no_answer_timeout"" : 20000, ""label"" : ""Vente Privée NR 0321182307"", ""possibility"" : ""SAN_LEVEL"", ""uui"" : ""SAN_LEVEL"", ""spn_mode"" : ""DEFAULT"", ""call_transfer_mode"" : ""NO_DELAYED_OFFER"", ""int_dc"" : ""B"", ""header_list"" : []}"
10004425,54823,"{""id"" : 54823, ""hkh_nr_id"" : ""54823"", ""vpn_id"" : 10004425, ""public_number"" : ""33374000083"", ""global_call_limiter"" : 100, ""no_answer_timeout"" : 20000, ""label"" : ""Vente Privée NR 0374000083"", ""possibility"" : ""SAN_LEVEL"", ""uui"" : ""SAN_LEVEL"", ""spn_mode"" : ""DEFAULT"", ""call_transfer_mode"" : ""NO_DELAYED_OFFER"", ""int_dc"" : ""B"", ""header_list"" : []}"
10000001,21,"{""id"" : 21, ""hkh_nr_id"" : ""21"", ""vpn_id"" : 10000001, ""public_number"" : ""33688846630"", ""global_call_limiter"" : 20, ""no_answer_timeout"" : 5000, ""label"" : ""33688846630"", ""possibility"" : ""SAN_LEVEL"", ""uui"" : ""FALSE"", ""spn_mode"" : ""DEFAULT"", ""call_transfer_mode"" : ""DELAYED_OFFER"", ""int_dc"" : ""B"", ""header_list"" : []}"
10000001,781,"{""id"" : 781, ""hkh_nr_id"" : ""781"", ""vpn_id"" : 10000001, ""public_number"" : ""33633687640"", ""global_call_limiter"" : 20, ""no_answer_timeout"" : 5000, ""label"" : ""06 33 68 76 40"", ""possibility"" : ""SAN_LEVEL"", ""uui"" : ""SAN_LEVEL"", ""spn_mode"" : ""DEFAULT"", ""call_transfer_mode"" : ""NO_DELAYED_OFFER"", ""int_dc"" : ""B"", ""header_list"" : []}"
10003728,1750,"{""id"" : 1750, ""hkh_nr_id"" : ""1750"", ""vpn_id"" : 10003728, ""public_number"" : ""33123450010"", ""global_call_limiter"" : null, ""no_answer_timeout"" : 4000, ""label"" : ""EDo i10"", ""possibility"" : ""SAN_LEVEL"", ""uui"" : ""SAN_LEVEL"", ""spn_mode"" : ""DEFAULT"", ""call_transfer_mode"" : ""NO_DELAYED_OFFER"", ""int_dc"" : ""B"", ""header_list"" : []}"
10004077,1782,"{""id"" : 1782, ""hkh_nr_id"" : ""1782"", ""vpn_id"" : 10004077, ""public_number"" : ""33388358680"", ""global_call_limiter"" : 50, ""no_answer_timeout"" : 20000, ""label"" : ""Débordement"", ""possibility"" : ""SAN_LEVEL"", ""uui"" : ""SAN_LEVEL"", ""spn_mode"" : ""DEFAULT"", ""call_transfer_mode"" : ""NO_DELAYED_OFFER"", ""int_dc"" : ""B"", ""header_list"" : []}"
10003728,1842,"{""id"" : 1842, ""hkh_nr_id"" : ""1842"", ""vpn_id"" : 10003728, ""public_number"" : ""33438428259"", ""global_call_limiter"" : 512, ""no_answer_timeout"" : 5000, ""label"" : ""Poste 2 Salle E068"", ""possibility"" : ""SAN_LEVEL"", ""uui"" : ""SAN_LEVEL"", ""spn_mode"" : ""DEFAULT"", ""call_transfer_mode"" : ""NO_DELAYED_OFFER"", ""int_dc"" : ""B"", ""header_list"" : []}"
10003728,122,"{""id"" : 122, ""hkh_nr_id"" : ""122"", ""vpn_id"" : 10003728, ""public_number"" : ""33438428243"", ""global_call_limiter"" : 1, ""no_answer_timeout"" : 8000, ""label"" : ""EDo_BUREAU_Meylan"", ""possibility"" : ""SAN_LEVEL"", ""uui"" : ""FALSE"", ""spn_mode"" : ""DEFAULT"", ""call_transfer_mode"" : ""NO_DELAYED_OFFER"", ""int_dc"" : ""B"", ""header_list"" : []}"
10003963,54862,"{""id"" : 54862, ""hkh_nr_id"" : ""54862"", ""vpn_id"" : 10003963, ""public_number"" : ""33633687640"", ""global_call_limiter"" : 100, ""no_answer_timeout"" : 20000, ""label"" : ""0633687640 (edo)"", ""possibility"" : ""SAN_LEVEL"", ""uui"" : ""SAN_LEVEL"", ""spn_mode"" : ""DEFAULT"", ""call_transfer_mode"" : ""NO_DELAYED_OFFER"", ""int_dc"" : ""B"", ""header_list"" : []}"
10003728,382,"{""id"" : 382, ""hkh_nr_id"" : ""382"", ""vpn_id"" : 10003728, ""public_number"" : ""21658430264"", ""global_call_limiter"" : null, ""no_answer_timeout"" : 10000, ""label"" : ""Zied mob (00 216 58 430 264)"", ""possibility"" : ""SAN_LEVEL"", ""uui"" : ""FALSE"", ""spn_mode"" : ""DEFAULT"", ""call_transfer_mode"" : ""NO_DELAYED_OFFER"", ""int_dc"" : ""B"", ""header_list"" : []}"
10003963,1396,"{""id"" : 1396, ""hkh_nr_id"" : ""1396"", ""vpn_id"" : 10003963, ""public_number"" : ""33155545383"", ""global_call_limiter"" : 2, ""no_answer_timeout"" : 5000, ""label"" : ""0155545383"", ""possibility"" : ""SAN_LEVEL"", ""uui"" : ""SAN_LEVEL"", ""spn_mode"" : ""DEFAULT"", ""call_transfer_mode"" : ""NO_DELAYED_OFFER"", ""int_dc"" : ""B"", ""header_list"" : []}"
10004010,1421,"{""id"" : 1421, ""hkh_nr_id"" : ""1421"", ""vpn_id"" : 10004010, ""public_number"" : ""33687601042"", ""global_call_limiter"" : 2, ""no_answer_timeout"" : 2000, ""label"" : ""1"", ""possibility"" : ""SAN_LEVEL"", ""uui"" : ""SAN_LEVEL"", ""spn_mode"" : ""DEFAULT"", ""call_transfer_mode"" : ""NO_DELAYED_OFFER"", ""int_dc"" : ""B"", ""header_list"" : []}"
10003876,2542,"{""id"" : 2542, ""hkh_nr_id"" : ""2542"", ""vpn_id"" : 10003876, ""public_number"" : ""33671272089"", ""global_call_limiter"" : 512, ""no_answer_timeout"" : 8000, ""label"" : ""+33671272089"", ""possibility"" : ""SAN_LEVEL"", ""uui"" : ""SAN_LEVEL"", ""spn_mode"" : ""DEFAULT"", ""call_transfer_mode"" : ""NO_DELAYED_OFFER"", ""int_dc"" : ""B"", ""header_list"" : []}"
10004576,54899,"{""id"" : 54899, ""hkh_nr_id"" : ""54899"", ""vpn_id"" : 10004576, ""public_number"" : ""33545394125"", ""global_call_limiter"" : 100, ""no_answer_timeout"" : 20000, ""label"" : ""33545394125"", ""possibility"" : ""SAN_LEVEL"", ""uui"" : ""SAN_LEVEL"", ""spn_mode"" : ""DEFAULT"", ""call_transfer_mode"" : ""NO_DELAYED_OFFER"", ""int_dc"" : ""B"", ""header_list"" : []}"
10003938,1122,"{""id"" : 1122, ""hkh_nr_id"" : ""1122"", ""vpn_id"" : 10003938, ""public_number"" : ""33155545409"", ""global_call_limiter"" : 3, ""no_answer_timeout"" : 20000, ""label"" : ""0155545409"", ""possibility"" : ""SAN_LEVEL"", ""uui"" : ""SAN_LEVEL"", ""spn_mode"" : ""DEFAULT"", ""call_transfer_mode"" : ""NO_DELAYED_OFFER"", ""int_dc"" : ""B"", ""header_list"" : []}"
10003963,1386,"{""id"" : 1386, ""hkh_nr_id"" : ""1386"", ""vpn_id"" : 10003963, ""public_number"" : ""33438126073"", ""global_call_limiter"" : 2, ""no_answer_timeout"" : 5000, ""label"" : ""0438126073"", ""possibility"" : ""SAN_LEVEL"", ""uui"" : ""SAN_LEVEL"", ""spn_mode"" : ""DEFAULT"", ""call_transfer_mode"" : ""NO_DELAYED_OFFER"", ""int_dc"" : ""B"", ""header_list"" : []}"
10004576,54933,"{""id"" : 54933, ""hkh_nr_id"" : ""54933"", ""vpn_id"" : 10004576, ""public_number"" : ""33140694049"", ""global_call_limiter"" : 100, ""no_answer_timeout"" : 20000, ""label"" : ""33140694049"", ""possibility"" : ""SAN_LEVEL"", ""uui"" : ""SAN_LEVEL"", ""spn_mode"" : ""DEFAULT"", ""call_transfer_mode"" : ""NO_DELAYED_OFFER"", ""int_dc"" : ""B"", ""header_list"" : []}"
10003963,1389,"{""id"" : 1389, ""hkh_nr_id"" : ""1389"", ""vpn_id"" : 10003963, ""public_number"" : ""33155546363"", ""global_call_limiter"" : 2, ""no_answer_timeout"" : 5000, ""label"" : ""0155546363"", ""possibility"" : ""SAN_LEVEL"", ""uui"" : ""SAN_LEVEL"", ""spn_mode"" : ""DEFAULT"", ""call_transfer_mode"" : ""NO_DELAYED_OFFER"", ""int_dc"" : ""B"", ""header_list"" : []}"
10003963,1392,"{""id"" : 1392, ""hkh_nr_id"" : ""1392"", ""vpn_id"" : 10003963, ""public_number"" : ""33155545409"", ""global_call_limiter"" : 2, ""no_answer_timeout"" : 5000, ""label"" : ""0155545409"", ""possibility"" : ""SAN_LEVEL"", ""uui"" : ""SAN_LEVEL"", ""spn_mode"" : ""DEFAULT"", ""call_transfer_mode"" : ""NO_DELAYED_OFFER"", ""int_dc"" : ""B"", ""header_list"" : []}"
10003963,1397,"{""id"" : 1397, ""hkh_nr_id"" : ""1397"", ""vpn_id"" : 10003963, ""public_number"" : ""33674325032"", ""global_call_limiter"" : 2, ""no_answer_timeout"" : 5000, ""label"" : ""0674325032"", ""possibility"" : ""SAN_LEVEL"", ""uui"" : ""SAN_LEVEL"", ""spn_mode"" : ""DEFAULT"", ""call_transfer_mode"" : ""NO_DELAYED_OFFER"", ""int_dc"" : ""B"", ""header_list"" : []}"
10004010,1557,"{""id"" : 1557, ""hkh_nr_id"" : ""1557"", ""vpn_id"" : 10004010, ""public_number"" : ""33674325032"", ""global_call_limiter"" : 2, ""no_answer_timeout"" : 5000, ""label"" : ""NR18"", ""possibility"" : ""SAN_LEVEL"", ""uui"" : ""SAN_LEVEL"", ""spn_mode"" : ""DEFAULT"", ""call_transfer_mode"" : ""NO_DELAYED_OFFER"", ""int_dc"" : ""B"", ""header_list"" : []}"
10004077,1784,"{""id"" : 1784, ""hkh_nr_id"" : ""1784"", ""vpn_id"" : 10004077, ""public_number"" : ""33388248107"", ""global_call_limiter"" : 255, ""no_answer_timeout"" : 20000, ""label"" : ""03 88 24 81 07"", ""possibility"" : ""SAN_LEVEL"", ""uui"" : ""SAN_LEVEL"", ""spn_mode"" : ""DEFAULT"", ""call_transfer_mode"" : ""NO_DELAYED_OFFER"", ""int_dc"" : ""B"", ""header_list"" : []}"
10004077,1781,"{""id"" : 1781, ""hkh_nr_id"" : ""1781"", ""vpn_id"" : 10004077, ""public_number"" : ""33388153606"", ""global_call_limiter"" : 255, ""no_answer_timeout"" : 20000, ""label"" : ""03 88 15 36 06"", ""possibility"" : ""SAN_LEVEL"", ""uui"" : ""SAN_LEVEL"", ""spn_mode"" : ""DEFAULT"", ""call_transfer_mode"" : ""NO_DELAYED_OFFER"", ""int_dc"" : ""B"", ""header_list"" : []}"
10003728,1744,"{""id"" : 1744, ""hkh_nr_id"" : ""1744"", ""vpn_id"" : 10003728, ""public_number"" : ""33123450004"", ""global_call_limiter"" : 255, ""no_answer_timeout"" : 4000, ""label"" : ""EDo i4"", ""possibility"" : ""SAN_LEVEL"", ""uui"" : ""SAN_LEVEL"", ""spn_mode"" : ""DEFAULT"", ""call_transfer_mode"" : ""NO_DELAYED_OFFER"", ""int_dc"" : ""B"", ""header_list"" : []}"
10004077,1822,"{""id"" : 1822, ""hkh_nr_id"" : ""1822"", ""vpn_id"" : 10004077, ""public_number"" : ""33320189179"", ""global_call_limiter"" : null, ""no_answer_timeout"" : 20000, ""label"" : ""03 20 18 91 79"", ""possibility"" : ""SAN_LEVEL"", ""uui"" : ""SAN_LEVEL"", ""spn_mode"" : ""DEFAULT"", ""call_transfer_mode"" : ""NO_DELAYED_OFFER"", ""int_dc"" : ""B"", ""header_list"" : []}"
10003728,1841,"{""id"" : 1841, ""hkh_nr_id"" : ""1841"", ""vpn_id"" : 10003728, ""public_number"" : ""33438428378"", ""global_call_limiter"" : 512, ""no_answer_timeout"" : 5000, ""label"" : ""Poste 1 Salle E068"", ""possibility"" : ""SAN_LEVEL"", ""uui"" : ""SAN_LEVEL"", ""spn_mode"" : ""DEFAULT"", ""call_transfer_mode"" : ""NO_DELAYED_OFFER"", ""int_dc"" : ""B"", ""header_list"" : []}"
10003728,1921,"{""id"" : 1921, ""hkh_nr_id"" : ""1921"", ""vpn_id"" : 10003728, ""public_number"" : ""33438428260"", ""global_call_limiter"" : 30, ""no_answer_timeout"" : 20000, ""label"" : ""aa-demo MIS"", ""possibility"" : ""SAN_LEVEL"", ""uui"" : ""SAN_LEVEL"", ""spn_mode"" : ""DEFAULT"", ""call_transfer_mode"" : ""NO_DELAYED_OFFER"", ""int_dc"" : ""B"", ""header_list"" : []}"
10004576,54934,"{""id"" : 54934, ""hkh_nr_id"" : ""54934"", ""vpn_id"" : 10004576, ""public_number"" : ""33545394107"", ""global_call_limiter"" : 100, ""no_answer_timeout"" : 20000, ""label"" : ""33545394107"", ""possibility"" : ""SAN_LEVEL"", ""uui"" : ""SAN_LEVEL"", ""spn_mode"" : ""DEFAULT"", ""call_transfer_mode"" : ""NO_DELAYED_OFFER"", ""int_dc"" : ""B"", ""header_list"" : []}"
10003728,2802,"{""id"" : 2802, ""hkh_nr_id"" : ""2802"", ""vpn_id"" : 10003728, ""public_number"" : ""33674978388"", ""global_call_limiter"" : 100, ""no_answer_timeout"" : 20000, ""label"" : ""CODIR-fv"", ""possibility"" : ""SAN_LEVEL"", ""uui"" : ""SAN_LEVEL"", ""spn_mode"" : ""DEFAULT"", ""call_transfer_mode"" : ""NO_DELAYED_OFFER"", ""int_dc"" : ""B"", ""header_list"" : []}"
10000001,2841,"{""id"" : 2841, ""hkh_nr_id"" : ""2841"", ""vpn_id"" : 10000001, ""public_number"" : ""33677073897"", ""global_call_limiter"" : 100, ""no_answer_timeout"" : 20000, ""label"" : ""portable Ngan"", ""possibility"" : ""SAN_LEVEL"", ""uui"" : ""SAN_LEVEL"", ""spn_mode"" : ""DEFAULT"", ""call_transfer_mode"" : ""NO_DELAYED_OFFER"", ""int_dc"" : ""B"", ""header_list"" : []}"
10000001,361,"{""id"" : 361, ""hkh_nr_id"" : ""361"", ""vpn_id"" : 10000001, ""public_number"" : ""33296084205"", ""global_call_limiter"" : 2022, ""no_answer_timeout"" : 5000, ""label"" : ""essai"", ""possibility"" : ""SAN_LEVEL"", ""uui"" : ""FALSE"", ""spn_mode"" : ""DEFAULT"", ""call_transfer_mode"" : ""NO_DELAYED_OFFER"", ""int_dc"" : ""B"", ""header_list"" : []}"
10003728,481,"{""id"" : 481, ""hkh_nr_id"" : ""481"", ""vpn_id"" : 10003728, ""public_number"" : ""33140540202"", ""global_call_limiter"" : 20, ""no_answer_timeout"" : 99000, ""label"" : ""ANG Prod (pas de terminaison!)"", ""possibility"" : ""SAN_LEVEL"", ""uui"" : ""SAN_LEVEL"", ""spn_mode"" : ""DEFAULT"", ""call_transfer_mode"" : ""NO_DELAYED_OFFER"", ""int_dc"" : ""B"", ""header_list"" : []}"
10003728,1001,"{""id"" : 1001, ""hkh_nr_id"" : ""1001"", ""vpn_id"" : 10003728, ""public_number"" : ""33999010033"", ""global_call_limiter"" : 20, ""no_answer_timeout"" : 5000, ""label"" : ""Num3 FCC de test"", ""possibility"" : ""SAN_LEVEL"", ""uui"" : ""SAN_LEVEL"", ""spn_mode"" : ""SPN_STANDARD"", ""call_transfer_mode"" : ""NO_DELAYED_OFFER"", ""int_dc"" : ""F"", ""header_list"" : []}"
10003963,1381,"{""id"" : 1381, ""hkh_nr_id"" : ""1381"", ""vpn_id"" : 10003963, ""public_number"" : ""33144376082"", ""global_call_limiter"" : 2, ""no_answer_timeout"" : 5000, ""label"" : ""0144376082"", ""possibility"" : ""SAN_LEVEL"", ""uui"" : ""SAN_LEVEL"", ""spn_mode"" : ""DEFAULT"", ""call_transfer_mode"" : ""NO_DELAYED_OFFER"", ""int_dc"" : ""B"", ""header_list"" : []}"
10003963,1382,"{""id"" : 1382, ""hkh_nr_id"" : ""1382"", ""vpn_id"" : 10003963, ""public_number"" : ""33437243636"", ""global_call_limiter"" : 2, ""no_answer_timeout"" : 5000, ""label"" : ""0437243636"", ""possibility"" : ""SAN_LEVEL"", ""uui"" : ""SAN_LEVEL"", ""spn_mode"" : ""DEFAULT"", ""call_transfer_mode"" : ""NO_DELAYED_OFFER"", ""int_dc"" : ""B"", ""header_list"" : []}"
10004010,1548,"{""id"" : 1548, ""hkh_nr_id"" : ""1548"", ""vpn_id"" : 10004010, ""public_number"" : ""33144376019"", ""global_call_limiter"" : 2, ""no_answer_timeout"" : 20000, ""label"" : ""NR8"", ""possibility"" : ""SAN_LEVEL"", ""uui"" : ""SAN_LEVEL"", ""spn_mode"" : ""DEFAULT"", ""call_transfer_mode"" : ""NO_DELAYED_OFFER"", ""int_dc"" : ""B"", ""header_list"" : []}"
10004010,1551,"{""id"" : 1551, ""hkh_nr_id"" : ""1551"", ""vpn_id"" : 10004010, ""public_number"" : ""33155549240"", ""global_call_limiter"" : 2, ""no_answer_timeout"" : 5000, ""label"" : ""NR12"", ""possibility"" : ""SAN_LEVEL"", ""uui"" : ""SAN_LEVEL"", ""spn_mode"" : ""DEFAULT"", ""call_transfer_mode"" : ""NO_DELAYED_OFFER"", ""int_dc"" : ""B"", ""header_list"" : []}"
10004010,1552,"{""id"" : 1552, ""hkh_nr_id"" : ""1552"", ""vpn_id"" : 10004010, ""public_number"" : ""33155545409"", ""global_call_limiter"" : 2, ""no_answer_timeout"" : 5000, ""label"" : ""NR13"", ""possibility"" : ""SAN_LEVEL"", ""uui"" : ""SAN_LEVEL"", ""spn_mode"" : ""DEFAULT"", ""call_transfer_mode"" : ""NO_DELAYED_OFFER"", ""int_dc"" : ""B"", ""header_list"" : []}"
10004010,1556,"{""id"" : 1556, ""hkh_nr_id"" : ""1556"", ""vpn_id"" : 10004010, ""public_number"" : ""33155545383"", ""global_call_limiter"" : 2, ""no_answer_timeout"" : 5000, ""label"" : ""NR17"", ""possibility"" : ""SAN_LEVEL"", ""uui"" : ""SAN_LEVEL"", ""spn_mode"" : ""DEFAULT"", ""call_transfer_mode"" : ""NO_DELAYED_OFFER"", ""int_dc"" : ""B"", ""header_list"" : []}"
10003728,1742,"{""id"" : 1742, ""hkh_nr_id"" : ""1742"", ""vpn_id"" : 10003728, ""public_number"" : ""33123450002"", ""global_call_limiter"" : 255, ""no_answer_timeout"" : 4000, ""label"" : ""EDo i2"", ""possibility"" : ""SAN_LEVEL"", ""uui"" : ""SAN_LEVEL"", ""spn_mode"" : ""DEFAULT"", ""call_transfer_mode"" : ""NO_DELAYED_OFFER"", ""int_dc"" : ""B"", ""header_list"" : []}"
10004576,54893,"{""id"" : 54893, ""hkh_nr_id"" : ""54893"", ""vpn_id"" : 10004576, ""public_number"" : ""33545394122"", ""global_call_limiter"" : 100, ""no_answer_timeout"" : 20000, ""label"" : ""33545394122"", ""possibility"" : ""SAN_LEVEL"", ""uui"" : ""SAN_LEVEL"", ""spn_mode"" : ""DEFAULT"", ""call_transfer_mode"" : ""NO_DELAYED_OFFER"", ""int_dc"" : ""B"", ""header_list"" : []}"
10003876,721,"{""id"" : 721, ""hkh_nr_id"" : ""721"", ""vpn_id"" : 10003876, ""public_number"" : ""33299284689"", ""global_call_limiter"" : 20, ""no_answer_timeout"" : 20000, ""label"" : ""3329928468"", ""possibility"" : ""SAN_LEVEL"", ""uui"" : ""SAN_LEVEL"", ""spn_mode"" : ""DEFAULT"", ""call_transfer_mode"" : ""NO_DELAYED_OFFER"", ""int_dc"" : ""B"", ""header_list"" : []}"
10003876,722,"{""id"" : 722, ""hkh_nr_id"" : ""722"", ""vpn_id"" : 10003876, ""public_number"" : ""33299284690"", ""global_call_limiter"" : 20, ""no_answer_timeout"" : 20000, ""label"" : ""33299284690"", ""possibility"" : ""SAN_LEVEL"", ""uui"" : ""SAN_LEVEL"", ""spn_mode"" : ""DEFAULT"", ""call_transfer_mode"" : ""NO_DELAYED_OFFER"", ""int_dc"" : ""B"", ""header_list"" : []}"
10003728,1801,"{""id"" : 1801, ""hkh_nr_id"" : ""1801"", ""vpn_id"" : 10003728, ""public_number"" : ""33671272089"", ""global_call_limiter"" : 512, ""no_answer_timeout"" : 1000, ""label"" : ""Mobile Isabelle"", ""possibility"" : ""SAN_LEVEL"", ""uui"" : ""SAN_LEVEL"", ""spn_mode"" : ""DEFAULT"", ""call_transfer_mode"" : ""NO_DELAYED_OFFER"", ""int_dc"" : ""B"", ""header_list"" : []}"
10003728,1747,"{""id"" : 1747, ""hkh_nr_id"" : ""1747"", ""vpn_id"" : 10003728, ""public_number"" : ""33123450007"", ""global_call_limiter"" : 255, ""no_answer_timeout"" : 4000, ""label"" : ""EDo i7"", ""possibility"" : ""SAN_LEVEL"", ""uui"" : ""SAN_LEVEL"", ""spn_mode"" : ""DEFAULT"", ""call_transfer_mode"" : ""NO_DELAYED_OFFER"", ""int_dc"" : ""B"", ""header_list"" : []}"
10004077,2381,"{""id"" : 2381, ""hkh_nr_id"" : ""2381"", ""vpn_id"" : 10004077, ""public_number"" : ""33388159704"", ""global_call_limiter"" : null, ""no_answer_timeout"" : 20000, ""label"" : ""FIAS2 Prod"", ""possibility"" : ""SAN_LEVEL"", ""uui"" : ""SAN_LEVEL"", ""spn_mode"" : ""DEFAULT"", ""call_transfer_mode"" : ""NO_DELAYED_OFFER"", ""int_dc"" : ""B"", ""header_list"" : []}"
10003728,2781,"{""id"" : 2781, ""hkh_nr_id"" : ""2781"", ""vpn_id"" : 10003728, ""public_number"" : ""33670372770"", ""global_call_limiter"" : 100, ""no_answer_timeout"" : 20000, ""label"" : ""Portable E.Moris"", ""possibility"" : ""SAN_LEVEL"", ""uui"" : ""SAN_LEVEL"", ""spn_mode"" : ""DEFAULT"", ""call_transfer_mode"" : ""NO_DELAYED_OFFER"", ""int_dc"" : ""B"", ""header_list"" : []}"
10003876,2543,"{""id"" : 2543, ""hkh_nr_id"" : ""2543"", ""vpn_id"" : 10003876, ""public_number"" : ""33683219798"", ""global_call_limiter"" : 20, ""no_answer_timeout"" : 5000, ""label"" : ""+33683219798"", ""possibility"" : ""SAN_LEVEL"", ""uui"" : ""SAN_LEVEL"", ""spn_mode"" : ""DEFAULT"", ""call_transfer_mode"" : ""NO_DELAYED_OFFER"", ""int_dc"" : ""B"", ""header_list"" : []}"
10003728,2561,"{""id"" : 2561, ""hkh_nr_id"" : ""2561"", ""vpn_id"" : 10003728, ""public_number"" : ""33476526151"", ""global_call_limiter"" : 10, ""no_answer_timeout"" : 20000, ""label"" : ""rerouteur RTC-51"", ""possibility"" : ""SAN_LEVEL"", ""uui"" : ""SAN_LEVEL"", ""spn_mode"" : ""DEFAULT"", ""call_transfer_mode"" : ""NO_DELAYED_OFFER"", ""int_dc"" : ""B"", ""header_list"" : []}"
10004576,54910,"{""id"" : 54910, ""hkh_nr_id"" : ""54910"", ""vpn_id"" : 10004576, ""public_number"" : ""33545394101"", ""global_call_limiter"" : 100, ""no_answer_timeout"" : 20000, ""label"" : ""33545394101"", ""possibility"" : ""SAN_LEVEL"", ""uui"" : ""SAN_LEVEL"", ""spn_mode"" : ""DEFAULT"", ""call_transfer_mode"" : ""NO_DELAYED_OFFER"", ""int_dc"" : ""B"", ""header_list"" : []}"
10000001,1,"{""id"" : 1, ""hkh_nr_id"" : ""1"", ""vpn_id"" : 10000001, ""public_number"" : ""33223285467"", ""global_call_limiter"" : 2, ""no_answer_timeout"" : 15000, ""label"" : ""Vincent"", ""possibility"" : ""FALSE"", ""uui"" : ""FALSE"", ""spn_mode"" : ""DEFAULT"", ""call_transfer_mode"" : ""NO_DELAYED_OFFER"", ""int_dc"" : ""B"", ""header_list"" : []}"
10003942,921,"{""id"" : 921, ""hkh_nr_id"" : ""921"", ""vpn_id"" : 10003942, ""public_number"" : ""33144376082"", ""global_call_limiter"" : 0, ""no_answer_timeout"" : 11000, ""label"" : ""Fixe Pro LCh"", ""possibility"" : ""SAN_LEVEL"", ""uui"" : ""SAN_LEVEL"", ""spn_mode"" : ""DEFAULT"", ""call_transfer_mode"" : ""NO_DELAYED_OFFER"", ""int_dc"" : ""B"", ""header_list"" : []}"
10003728,881,"{""id"" : 881, ""hkh_nr_id"" : ""881"", ""vpn_id"" : 10003728, ""public_number"" : ""33438428521"", ""global_call_limiter"" : 20, ""no_answer_timeout"" : 5000, ""label"" : ""EMO-Fixe"", ""possibility"" : ""SAN_LEVEL"", ""uui"" : ""SAN_LEVEL"", ""spn_mode"" : ""DEFAULT"", ""call_transfer_mode"" : ""NO_DELAYED_OFFER"", ""int_dc"" : ""B"", ""header_list"" : []}"
10003963,1383,"{""id"" : 1383, ""hkh_nr_id"" : ""1383"", ""vpn_id"" : 10003963, ""public_number"" : ""33438428205"", ""global_call_limiter"" : 2, ""no_answer_timeout"" : 5000, ""label"" : ""0438428205"", ""possibility"" : ""SAN_LEVEL"", ""uui"" : ""SAN_LEVEL"", ""spn_mode"" : ""DEFAULT"", ""call_transfer_mode"" : ""NO_DELAYED_OFFER"", ""int_dc"" : ""B"", ""header_list"" : []}"
10004010,1547,"{""id"" : 1547, ""hkh_nr_id"" : ""1547"", ""vpn_id"" : 10004010, ""public_number"" : ""33556140507"", ""global_call_limiter"" : 5, ""no_answer_timeout"" : 5000, ""label"" : ""NR7"", ""possibility"" : ""SAN_LEVEL"", ""uui"" : ""SAN_LEVEL"", ""spn_mode"" : ""DEFAULT"", ""call_transfer_mode"" : ""NO_DELAYED_OFFER"", ""int_dc"" : ""B"", ""header_list"" : []}"
10004010,1550,"{""id"" : 1550, ""hkh_nr_id"" : ""1550"", ""vpn_id"" : 10004010, ""public_number"" : ""33155545218"", ""global_call_limiter"" : 2, ""no_answer_timeout"" : 5000, ""label"" : ""NR11"", ""possibility"" : ""SAN_LEVEL"", ""uui"" : ""SAN_LEVEL"", ""spn_mode"" : ""DEFAULT"", ""call_transfer_mode"" : ""NO_DELAYED_OFFER"", ""int_dc"" : ""B"", ""header_list"" : []}"
10004010,1554,"{""id"" : 1554, ""hkh_nr_id"" : ""1554"", ""vpn_id"" : 10004010, ""public_number"" : ""33675656378"", ""global_call_limiter"" : 2, ""no_answer_timeout"" : 5000, ""label"" : ""NR15"", ""possibility"" : ""SAN_LEVEL"", ""uui"" : ""SAN_LEVEL"", ""spn_mode"" : ""DEFAULT"", ""call_transfer_mode"" : ""NO_DELAYED_OFFER"", ""int_dc"" : ""B"", ""header_list"" : []}"
10004010,1555,"{""id"" : 1555, ""hkh_nr_id"" : ""1555"", ""vpn_id"" : 10004010, ""public_number"" : ""33144376624"", ""global_call_limiter"" : 2, ""no_answer_timeout"" : 5000, ""label"" : ""NR16"", ""possibility"" : ""SAN_LEVEL"", ""uui"" : ""SAN_LEVEL"", ""spn_mode"" : ""DEFAULT"", ""call_transfer_mode"" : ""NO_DELAYED_OFFER"", ""int_dc"" : ""B"", ""header_list"" : []}"
10004576,54892,"{""id"" : 54892, ""hkh_nr_id"" : ""54892"", ""vpn_id"" : 10004576, ""public_number"" : ""33140694116"", ""global_call_limiter"" : 100, ""no_answer_timeout"" : 20000, ""label"" : ""33140694116"", ""possibility"" : ""SAN_LEVEL"", ""uui"" : ""SAN_LEVEL"", ""spn_mode"" : ""DEFAULT"", ""call_transfer_mode"" : ""NO_DELAYED_OFFER"", ""int_dc"" : ""B"", ""header_list"" : []}"
10003963,2821,"{""id"" : 2821, ""hkh_nr_id"" : ""2821"", ""vpn_id"" : 10003963, ""public_number"" : ""33201201928"", ""global_call_limiter"" : 100, ""no_answer_timeout"" : 20000, ""label"" : ""33201201928"", ""possibility"" : ""SAN_LEVEL"", ""uui"" : ""SAN_LEVEL"", ""spn_mode"" : ""DEFAULT"", ""call_transfer_mode"" : ""NO_DELAYED_OFFER"", ""int_dc"" : ""B"", ""header_list"" : []}"
10004576,54888,"{""id"" : 54888, ""hkh_nr_id"" : ""54888"", ""vpn_id"" : 10004576, ""public_number"" : ""33140694058"", ""global_call_limiter"" : 100, ""no_answer_timeout"" : 20000, ""label"" : ""33140694058"", ""possibility"" : ""SAN_LEVEL"", ""uui"" : ""SAN_LEVEL"", ""spn_mode"" : ""DEFAULT"", ""call_transfer_mode"" : ""NO_DELAYED_OFFER"", ""int_dc"" : ""B"", ""header_list"" : []}"
10003728,82,"{""id"" : 82, ""hkh_nr_id"" : ""82"", ""vpn_id"" : 10003728, ""public_number"" : ""33688846630"", ""global_call_limiter"" : 20, ""no_answer_timeout"" : 10000, ""label"" : ""EDA - mob. 6630"", ""possibility"" : ""SAN_LEVEL"", ""uui"" : ""FALSE"", ""spn_mode"" : ""DEFAULT"", ""call_transfer_mode"" : ""NO_DELAYED_OFFER"", ""int_dc"" : ""B"", ""header_list"" : []}"
10003728,121,"{""id"" : 121, ""hkh_nr_id"" : ""121"", ""vpn_id"" : 10003728, ""public_number"" : ""33633687640"", ""global_call_limiter"" : 3, ""no_answer_timeout"" : 50000, ""label"" : ""EDo_Mob_Personnel"", ""possibility"" : ""SAN_LEVEL"", ""uui"" : ""SAN_LEVEL"", ""spn_mode"" : ""DEFAULT"", ""call_transfer_mode"" : ""NO_DELAYED_OFFER"", ""int_dc"" : ""B"", ""header_list"" : []}"
10003728,241,"{""id"" : 241, ""hkh_nr_id"" : ""241"", ""vpn_id"" : 10003728, ""public_number"" : ""33476526150"", ""global_call_limiter"" : 10, ""no_answer_timeout"" : 5000, ""label"" : ""rerouteur RTC-50"", ""possibility"" : ""SAN_LEVEL"", ""uui"" : ""SAN_LEVEL"", ""spn_mode"" : ""DEFAULT"", ""call_transfer_mode"" : ""NO_DELAYED_OFFER"", ""int_dc"" : ""B"", ""header_list"" : []}"
10003728,221,"{""id"" : 221, ""hkh_nr_id"" : ""221"", ""vpn_id"" : 10003728, ""public_number"" : ""33999010000"", ""global_call_limiter"" : 20, ""no_answer_timeout"" : 5000, ""label"" : ""num. FCC de test "", ""possibility"" : ""TRUE"", ""uui"" : ""TRUE"", ""spn_mode"" : ""SPN_STANDARD"", ""call_transfer_mode"" : ""NO_DELAYED_OFFER"", ""int_dc"" : ""F"", ""header_list"" : []}"
10003728,502,"{""id"" : 502, ""hkh_nr_id"" : ""502"", ""vpn_id"" : 10003728, ""public_number"" : ""33438428454"", ""global_call_limiter"" : 20, ""no_answer_timeout"" : 5000, ""label"" : ""Meylan-I036-poste RCO"", ""possibility"" : ""SAN_LEVEL"", ""uui"" : ""SAN_LEVEL"", ""spn_mode"" : ""DEFAULT"", ""call_transfer_mode"" : ""NO_DELAYED_OFFER"", ""int_dc"" : ""B"", ""header_list"" : []}"
10003938,1301,"{""id"" : 1301, ""hkh_nr_id"" : ""1301"", ""vpn_id"" : 10003938, ""public_number"" : ""33155549240"", ""global_call_limiter"" : 2, ""no_answer_timeout"" : 20000, ""label"" : ""33155549240"", ""possibility"" : ""SAN_LEVEL"", ""uui"" : ""SAN_LEVEL"", ""spn_mode"" : ""DEFAULT"", ""call_transfer_mode"" : ""NO_DELAYED_OFFER"", ""int_dc"" : ""B"", ""header_list"" : []}"
10003963,1394,"{""id"" : 1394, ""hkh_nr_id"" : ""1394"", ""vpn_id"" : 10003963, ""public_number"" : ""33675656378"", ""global_call_limiter"" : 2, ""no_answer_timeout"" : 5000, ""label"" : ""0675656378"", ""possibility"" : ""SAN_LEVEL"", ""uui"" : ""SAN_LEVEL"", ""spn_mode"" : ""DEFAULT"", ""call_transfer_mode"" : ""NO_DELAYED_OFFER"", ""int_dc"" : ""B"", ""header_list"" : []}"
10004010,1543,"{""id"" : 1543, ""hkh_nr_id"" : ""1543"", ""vpn_id"" : 10004010, ""public_number"" : ""33438428205"", ""global_call_limiter"" : 2, ""no_answer_timeout"" : 5000, ""label"" : ""NR3"", ""possibility"" : ""SAN_LEVEL"", ""uui"" : ""SAN_LEVEL"", ""spn_mode"" : ""DEFAULT"", ""call_transfer_mode"" : ""NO_DELAYED_OFFER"", ""int_dc"" : ""B"", ""header_list"" : []}"
10003860,681,"{""id"" : 681, ""hkh_nr_id"" : ""681"", ""vpn_id"" : 10003860, ""public_number"" : ""33320257170"", ""global_call_limiter"" : 20, ""no_answer_timeout"" : 5000, ""label"" : ""Accueil"", ""possibility"" : ""SAN_LEVEL"", ""uui"" : ""SAN_LEVEL"", ""spn_mode"" : ""DEFAULT"", ""call_transfer_mode"" : ""NO_DELAYED_OFFER"", ""int_dc"" : ""B"", ""header_list"" : []}"
10004576,54903,"{""id"" : 54903, ""hkh_nr_id"" : ""54903"", ""vpn_id"" : 10004576, ""public_number"" : ""33545394126"", ""global_call_limiter"" : 100, ""no_answer_timeout"" : 20000, ""label"" : ""33545394126"", ""possibility"" : ""SAN_LEVEL"", ""uui"" : ""SAN_LEVEL"", ""spn_mode"" : ""DEFAULT"", ""call_transfer_mode"" : ""NO_DELAYED_OFFER"", ""int_dc"" : ""B"", ""header_list"" : []}"
10003938,861,"{""id"" : 861, ""hkh_nr_id"" : ""861"", ""vpn_id"" : 10003938, ""public_number"" : ""33607292464"", ""global_call_limiter"" : 2, ""no_answer_timeout"" : 30000, ""label"" : ""LCh_Pro"", ""possibility"" : ""SAN_LEVEL"", ""uui"" : ""SAN_LEVEL"", ""spn_mode"" : ""DEFAULT"", ""call_transfer_mode"" : ""NO_DELAYED_OFFER"", ""int_dc"" : ""B"", ""header_list"" : []}"
10003728,321,"{""id"" : 321, ""hkh_nr_id"" : ""321"", ""vpn_id"" : 10003728, ""public_number"" : ""33438428681"", ""global_call_limiter"" : 20, ""no_answer_timeout"" : 5000, ""label"" : ""Meylan-I032- poste ERO"", ""possibility"" : ""SAN_LEVEL"", ""uui"" : ""FALSE"", ""spn_mode"" : ""DEFAULT"", ""call_transfer_mode"" : ""NO_DELAYED_OFFER"", ""int_dc"" : ""B"", ""header_list"" : []}"
10003728,341,"{""id"" : 341, ""hkh_nr_id"" : ""341"", ""vpn_id"" : 10003728, ""public_number"" : ""33473360908"", ""global_call_limiter"" : 20, ""no_answer_timeout"" : 5000, ""label"" : ""ANG RI"", ""possibility"" : ""FALSE"", ""uui"" : ""FALSE"", ""spn_mode"" : ""DEFAULT"", ""call_transfer_mode"" : ""NO_DELAYED_OFFER"", ""int_dc"" : ""B"", ""header_list"" : []}"
10003728,421,"{""id"" : 421, ""hkh_nr_id"" : ""421"", ""vpn_id"" : 10003728, ""public_number"" : ""33684031850"", ""global_call_limiter"" : 1, ""no_answer_timeout"" : 15000, ""label"" : ""LCh_Mob_Perso"", ""possibility"" : ""SAN_LEVEL"", ""uui"" : ""FALSE"", ""spn_mode"" : ""DEFAULT"", ""call_transfer_mode"" : ""NO_DELAYED_OFFER"", ""int_dc"" : ""B"", ""header_list"" : []}"
10003728,483,"{""id"" : 483, ""hkh_nr_id"" : ""483"", ""vpn_id"" : 10003728, ""public_number"" : ""33438428884"", ""global_call_limiter"" : 20, ""no_answer_timeout"" : 5000, ""label"" : ""Meylan-I038-poste 88 84"", ""possibility"" : ""SAN_LEVEL"", ""uui"" : ""SAN_LEVEL"", ""spn_mode"" : ""DEFAULT"", ""call_transfer_mode"" : ""NO_DELAYED_OFFER"", ""int_dc"" : ""B"", ""header_list"" : []}"
10003728,1746,"{""id"" : 1746, ""hkh_nr_id"" : ""1746"", ""vpn_id"" : 10003728, ""public_number"" : ""33123450006"", ""global_call_limiter"" : 255, ""no_answer_timeout"" : 4000, ""label"" : ""EDo i6"", ""possibility"" : ""SAN_LEVEL"", ""uui"" : ""SAN_LEVEL"", ""spn_mode"" : ""DEFAULT"", ""call_transfer_mode"" : ""NO_DELAYED_OFFER"", ""int_dc"" : ""B"", ""header_list"" : []}"
10003963,2042,"{""id"" : 2042, ""hkh_nr_id"" : ""2042"", ""vpn_id"" : 10003963, ""public_number"" : ""33556169016"", ""global_call_limiter"" : 511, ""no_answer_timeout"" : 20000, ""label"" : ""0556169016"", ""possibility"" : ""SAN_LEVEL"", ""uui"" : ""SAN_LEVEL"", ""spn_mode"" : ""DEFAULT"", ""call_transfer_mode"" : ""NO_DELAYED_OFFER"", ""int_dc"" : ""B"", ""header_list"" : []}"
10003728,2741,"{""id"" : 2741, ""hkh_nr_id"" : ""2741"", ""vpn_id"" : 10003728, ""public_number"" : ""33476526153"", ""global_call_limiter"" : 100, ""no_answer_timeout"" : 20000, ""label"" : ""33476526153"", ""possibility"" : ""SAN_LEVEL"", ""uui"" : ""SAN_LEVEL"", ""spn_mode"" : ""DEFAULT"", ""call_transfer_mode"" : ""NO_DELAYED_OFFER"", ""int_dc"" : ""B"", ""header_list"" : []}"
10003728,182,"{""id"" : 182, ""hkh_nr_id"" : ""182"", ""vpn_id"" : 10003728, ""public_number"" : ""33134812577"", ""global_call_limiter"" : 10, ""no_answer_timeout"" : 20000, ""label"" : ""LCh-LBox"", ""possibility"" : ""SAN_LEVEL"", ""uui"" : ""FALSE"", ""spn_mode"" : ""DEFAULT"", ""call_transfer_mode"" : ""NO_DELAYED_OFFER"", ""int_dc"" : ""B"", ""header_list"" : []}"
10003728,1602,"{""id"" : 1602, ""hkh_nr_id"" : ""1602"", ""vpn_id"" : 10003728, ""public_number"" : ""590590875004"", ""global_call_limiter"" : 0, ""no_answer_timeout"" : 20000, ""label"" : ""Mairie de Saint Martin bis(97)"", ""possibility"" : ""SAN_LEVEL"", ""uui"" : ""SAN_LEVEL"", ""spn_mode"" : ""DEFAULT"", ""call_transfer_mode"" : ""NO_DELAYED_OFFER"", ""int_dc"" : ""B"", ""header_list"" : []}"
10000001,24,"{""id"" : 24, ""hkh_nr_id"" : ""24"", ""vpn_id"" : 10000001, ""public_number"" : ""33438428205"", ""global_call_limiter"" : 20, ""no_answer_timeout"" : 5000, ""label"" : ""33438428205"", ""possibility"" : ""SAN_LEVEL"", ""uui"" : ""FALSE"", ""spn_mode"" : ""DEFAULT"", ""call_transfer_mode"" : ""NO_DELAYED_OFFER"", ""int_dc"" : ""B"", ""header_list"" : []}"
10003728,501,"{""id"" : 501, ""hkh_nr_id"" : ""501"", ""vpn_id"" : 10003728, ""public_number"" : ""33683219798"", ""global_call_limiter"" : 20, ""no_answer_timeout"" : 5000, ""label"" : ""Port Pat"", ""possibility"" : ""SAN_LEVEL"", ""uui"" : ""SAN_LEVEL"", ""spn_mode"" : ""DEFAULT"", ""call_transfer_mode"" : ""NO_DELAYED_OFFER"", ""int_dc"" : ""B"", ""header_list"" : []}"
10004077,1823,"{""id"" : 1823, ""hkh_nr_id"" : ""1823"", ""vpn_id"" : 10004077, ""public_number"" : ""33388358682"", ""global_call_limiter"" : 512, ""no_answer_timeout"" : 20000, ""label"" : ""03 88 35 86 82"", ""possibility"" : ""SAN_LEVEL"", ""uui"" : ""SAN_LEVEL"", ""spn_mode"" : ""DEFAULT"", ""call_transfer_mode"" : ""NO_DELAYED_OFFER"", ""int_dc"" : ""B"", ""header_list"" : []}"
10003728,1861,"{""id"" : 1861, ""hkh_nr_id"" : ""1861"", ""vpn_id"" : 10003728, ""public_number"" : ""33296082086"", ""global_call_limiter"" : 20, ""no_answer_timeout"" : 50000, ""label"" : ""Meylan I034-86"", ""possibility"" : ""SAN_LEVEL"", ""uui"" : ""SAN_LEVEL"", ""spn_mode"" : ""DEFAULT"", ""call_transfer_mode"" : ""NO_DELAYED_OFFER"", ""int_dc"" : ""B"", ""header_list"" : []}"
10003728,54824,"{""id"" : 54824, ""hkh_nr_id"" : ""54824"", ""vpn_id"" : 10003728, ""public_number"" : ""33999019011"", ""global_call_limiter"" : 100, ""no_answer_timeout"" : 20000, ""label"" : ""09 99 01 90 11 - edo"", ""possibility"" : ""SAN_LEVEL"", ""uui"" : ""SAN_LEVEL"", ""spn_mode"" : ""SPN_STANDARD"", ""call_transfer_mode"" : ""NO_DELAYED_OFFER"", ""int_dc"" : ""F"", ""header_list"" : []}"
10003728,54826,"{""id"" : 54826, ""hkh_nr_id"" : ""54826"", ""vpn_id"" : 10003728, ""public_number"" : ""33150399007"", ""global_call_limiter"" : 100, ""no_answer_timeout"" : 20000, ""label"" : ""01 50 39 90 07 - edo"", ""possibility"" : ""SAN_LEVEL"", ""uui"" : ""SAN_LEVEL"", ""spn_mode"" : ""DEFAULT"", ""call_transfer_mode"" : ""NO_DELAYED_OFFER"", ""int_dc"" : ""B"", ""header_list"" : []}"
10003728,54827,"{""id"" : 54827, ""hkh_nr_id"" : ""54827"", ""vpn_id"" : 10003728, ""public_number"" : ""33999001101"", ""global_call_limiter"" : 100, ""no_answer_timeout"" : 20000, ""label"" : ""edo - Test FCC V6 Engie Prod"", ""possibility"" : ""SAN_LEVEL"", ""uui"" : ""SAN_LEVEL"", ""spn_mode"" : ""DEFAULT"", ""call_transfer_mode"" : ""NO_DELAYED_OFFER"", ""int_dc"" : ""B"", ""header_list"" : []}"
10003728,54828,"{""id"" : 54828, ""hkh_nr_id"" : ""54828"", ""vpn_id"" : 10003728, ""public_number"" : ""33150390001"", ""global_call_limiter"" : 100, ""no_answer_timeout"" : 20000, ""label"" : ""edo - test FCC V6 prod"", ""possibility"" : ""SAN_LEVEL"", ""uui"" : ""SAN_LEVEL"", ""spn_mode"" : ""DEFAULT"", ""call_transfer_mode"" : ""NO_DELAYED_OFFER"", ""int_dc"" : ""B"", ""header_list"" : []}"
10004425,54829,"{""id"" : 54829, ""hkh_nr_id"" : ""54829"", ""vpn_id"" : 10004425, ""public_number"" : ""33565735808"", ""global_call_limiter"" : 100, ""no_answer_timeout"" : 20000, ""label"" : ""33565735808"", ""possibility"" : ""SAN_LEVEL"", ""uui"" : ""SAN_LEVEL"", ""spn_mode"" : ""DEFAULT"", ""call_transfer_mode"" : ""NO_DELAYED_OFFER"", ""int_dc"" : ""B"", ""header_list"" : []}"
10003938,54831,"{""id"" : 54831, ""hkh_nr_id"" : ""54831"", ""vpn_id"" : 10003938, ""public_number"" : ""33556140507"", ""global_call_limiter"" : 100, ""no_answer_timeout"" : 20000, ""label"" : ""NR Jean F"", ""possibility"" : ""SAN_LEVEL"", ""uui"" : ""SAN_LEVEL"", ""spn_mode"" : ""DEFAULT"", ""call_transfer_mode"" : ""NO_DELAYED_OFFER"", ""int_dc"" : ""B"", ""header_list"" : []}"
10004221,54902,"{""id"" : 54902, ""hkh_nr_id"" : ""54902"", ""vpn_id"" : 10004221, ""public_number"" : ""33999011403"", ""global_call_limiter"" : 100, ""no_answer_timeout"" : 20000, ""label"" : ""09 99 01 14 03"", ""possibility"" : ""SAN_LEVEL"", ""uui"" : ""SAN_LEVEL"", ""spn_mode"" : ""SPN_STANDARD"", ""call_transfer_mode"" : ""NO_DELAYED_OFFER"", ""int_dc"" : ""F"", ""header_list"" : []}"
10003728,54941,"{""id"" : 54941, ""hkh_nr_id"" : ""54941"", ""vpn_id"" : 10003728, ""public_number"" : ""33675353736"", ""global_call_limiter"" : 100, ""no_answer_timeout"" : 20000, ""label"" : ""Damien mobile"", ""possibility"" : ""SAN_LEVEL"", ""uui"" : ""SAN_LEVEL"", ""spn_mode"" : ""DEFAULT"", ""call_transfer_mode"" : ""NO_DELAYED_OFFER"", ""int_dc"" : ""B"", ""header_list"" : []}"
10003728,54981,"{""id"" : 54981, ""hkh_nr_id"" : ""54981"", ""vpn_id"" : 10003728, ""public_number"" : ""33438428056"", ""global_call_limiter"" : 100, ""no_answer_timeout"" : 20000, ""label"" : ""Bur. MDA"", ""possibility"" : ""SAN_LEVEL"", ""uui"" : ""SAN_LEVEL"", ""spn_mode"" : ""DEFAULT"", ""call_transfer_mode"" : ""NO_DELAYED_OFFER"", ""int_dc"" : ""B"", ""header_list"" : []}"
10004010,55041,"{""id"" : 55041, ""hkh_nr_id"" : ""55041"", ""vpn_id"" : 10004010, ""public_number"" : ""33123450007"", ""global_call_limiter"" : 512, ""no_answer_timeout"" : 4000, ""label"" : ""+33123450007"", ""possibility"" : ""SAN_LEVEL"", ""uui"" : ""SAN_LEVEL"", ""spn_mode"" : ""DEFAULT"", ""call_transfer_mode"" : ""NO_DELAYED_OFFER"", ""int_dc"" : ""B"", ""header_list"" : []}"
10003728,55002,"{""id"" : 55002, ""hkh_nr_id"" : ""55002"", ""vpn_id"" : 10003728, ""public_number"" : ""33150399001"", ""global_call_limiter"" : 100, ""no_answer_timeout"" : 20000, ""label"" : ""edo - test FCC V6 VCS de Test"", ""possibility"" : ""SAN_LEVEL"", ""uui"" : ""SAN_LEVEL"", ""spn_mode"" : ""DEFAULT"", ""call_transfer_mode"" : ""NO_DELAYED_OFFER"", ""int_dc"" : ""B"", ""header_list"" : []}"
10004221,54901,"{""id"" : 54901, ""hkh_nr_id"" : ""54901"", ""vpn_id"" : 10004221, ""public_number"" : ""33999010090"", ""global_call_limiter"" : 100, ""no_answer_timeout"" : 20000, ""label"" : ""09 99 01 00 90"", ""possibility"" : ""SAN_LEVEL"", ""uui"" : ""SAN_LEVEL"", ""spn_mode"" : ""SPN_STANDARD"", ""call_transfer_mode"" : ""NO_DELAYED_OFFER"", ""int_dc"" : ""F"", ""header_list"" : []}"
10003728,55023,"{""id"" : 55023, ""hkh_nr_id"" : ""55023"", ""vpn_id"" : 10003728, ""public_number"" : ""33557017600"", ""global_call_limiter"" : 10, ""no_answer_timeout"" : 20000, ""label"" : ""NRGV"", ""possibility"" : ""TRUE"", ""uui"" : ""TRUE"", ""spn_mode"" : ""DEFAULT"", ""call_transfer_mode"" : ""NO_DELAYED_OFFER"", ""int_dc"" : ""G"", ""header_list"" : []}"
10004539,55036,"{""id"" : 55036, ""hkh_nr_id"" : ""55036"", ""vpn_id"" : 10004539, ""public_number"" : ""33556100630"", ""global_call_limiter"" : 10, ""no_answer_timeout"" : 20000, ""label"" : ""33556100630"", ""possibility"" : ""TRUE"", ""uui"" : ""TRUE"", ""spn_mode"" : ""DEFAULT"", ""call_transfer_mode"" : ""NO_DELAYED_OFFER"", ""int_dc"" : ""G"", ""header_list"" : []}"
10004221,54926,"{""id"" : 54926, ""hkh_nr_id"" : ""54926"", ""vpn_id"" : 10004221, ""public_number"" : ""33999011526"", ""global_call_limiter"" : 100, ""no_answer_timeout"" : 20000, ""label"" : ""09 99 01 15 26"", ""possibility"" : ""SAN_LEVEL"", ""uui"" : ""SAN_LEVEL"", ""spn_mode"" : ""SPN_STANDARD"", ""call_transfer_mode"" : ""NO_DELAYED_OFFER"", ""int_dc"" : ""F"", ""header_list"" : []}"
10004425,55021,"{""id"" : 55021, ""hkh_nr_id"" : ""55021"", ""vpn_id"" : 10004425, ""public_number"" : ""33437256790"", ""global_call_limiter"" : null, ""no_answer_timeout"" : 20000, ""label"" : ""REX ROTARY NR"", ""possibility"" : ""SAN_LEVEL"", ""uui"" : ""SAN_LEVEL"", ""spn_mode"" : ""DEFAULT"", ""call_transfer_mode"" : ""NO_DELAYED_OFFER"", ""int_dc"" : ""B"", ""header_list"" : []}"
10004425,54841,"{""id"" : 54841, ""hkh_nr_id"" : ""54841"", ""vpn_id"" : 10004425, ""public_number"" : ""33556560657"", ""global_call_limiter"" : 100, ""no_answer_timeout"" : 20000, ""label"" : ""Test Pichet immo 0556560657"", ""possibility"" : ""SAN_LEVEL"", ""uui"" : ""SAN_LEVEL"", ""spn_mode"" : ""DEFAULT"", ""call_transfer_mode"" : ""NO_DELAYED_OFFER"", ""int_dc"" : ""B"", ""header_list"" : []}"
10003728,55001,"{""id"" : 55001, ""hkh_nr_id"" : ""55001"", ""vpn_id"" : 10003728, ""public_number"" : ""33999009001"", ""global_call_limiter"" : 100, ""no_answer_timeout"" : 20000, ""label"" : ""edo - test FCC V6 Engie"", ""possibility"" : ""SAN_LEVEL"", ""uui"" : ""SAN_LEVEL"", ""spn_mode"" : ""DEFAULT"", ""call_transfer_mode"" : ""NO_DELAYED_OFFER"", ""int_dc"" : ""B"", ""header_list"" : []}"
10003728,55003,"{""id"" : 55003, ""hkh_nr_id"" : ""55003"", ""vpn_id"" : 10003728, ""public_number"" : ""33150586000"", ""global_call_limiter"" : 100, ""no_answer_timeout"" : 20000, ""label"" : ""edo - test FCC V6 PREPROD"", ""possibility"" : ""SAN_LEVEL"", ""uui"" : ""SAN_LEVEL"", ""spn_mode"" : ""DEFAULT"", ""call_transfer_mode"" : ""NO_DELAYED_OFFER"", ""int_dc"" : ""B"", ""header_list"" : []}"
10003728,55004,"{""id"" : 55004, ""hkh_nr_id"" : ""55004"", ""vpn_id"" : 10003728, ""public_number"" : ""33999019013"", ""global_call_limiter"" : 100, ""no_answer_timeout"" : 20000, ""label"" : ""edo - test FCC V7 VCS"", ""possibility"" : ""SAN_LEVEL"", ""uui"" : ""SAN_LEVEL"", ""spn_mode"" : ""SPN_STANDARD"", ""call_transfer_mode"" : ""NO_DELAYED_OFFER"", ""int_dc"" : ""F"", ""header_list"" : []}"
10004221,54924,"{""id"" : 54924, ""hkh_nr_id"" : ""54924"", ""vpn_id"" : 10004221, ""public_number"" : ""33999011540"", ""global_call_limiter"" : 100, ""no_answer_timeout"" : 20000, ""label"" : ""09 99 01 15 40"", ""possibility"" : ""SAN_LEVEL"", ""uui"" : ""SAN_LEVEL"", ""spn_mode"" : ""SPN_STANDARD"", ""call_transfer_mode"" : ""NO_DELAYED_OFFER"", ""int_dc"" : ""F"", ""header_list"" : []}"
10004221,54925,"{""id"" : 54925, ""hkh_nr_id"" : ""54925"", ""vpn_id"" : 10004221, ""public_number"" : ""33999011541"", ""global_call_limiter"" : 100, ""no_answer_timeout"" : 20000, ""label"" : ""09 99 01 15 41"", ""possibility"" : ""SAN_LEVEL"", ""uui"" : ""SAN_LEVEL"", ""spn_mode"" : ""SPN_STANDARD"", ""call_transfer_mode"" : ""NO_DELAYED_OFFER"", ""int_dc"" : ""F"", ""header_list"" : []}"
10003728,54825,"{""id"" : 54825, ""hkh_nr_id"" : ""54825"", ""vpn_id"" : 10003728, ""public_number"" : ""33999009105"", ""global_call_limiter"" : 100, ""no_answer_timeout"" : 20000, ""label"" : ""09 99 00 91 05 - edo"", ""possibility"" : ""SAN_LEVEL"", ""uui"" : ""SAN_LEVEL"", ""spn_mode"" : ""DEFAULT"", ""call_transfer_mode"" : ""NO_DELAYED_OFFER"", ""int_dc"" : ""B"", ""header_list"" : []}"
10004425,54830,"{""id"" : 54830, ""hkh_nr_id"" : ""54830"", ""vpn_id"" : 10004425, ""public_number"" : ""33565735878"", ""global_call_limiter"" : 100, ""no_answer_timeout"" : 20000, ""label"" : ""33565735878"", ""possibility"" : ""SAN_LEVEL"", ""uui"" : ""SAN_LEVEL"", ""spn_mode"" : ""DEFAULT"", ""call_transfer_mode"" : ""NO_DELAYED_OFFER"", ""int_dc"" : ""B"", ""header_list"" : []}"
10003728,2261,"{""id"" : 2261, ""hkh_nr_id"" : ""2261"", ""vpn_id"" : 10003728, ""public_number"" : ""33630653883"", ""global_call_limiter"" : 512, ""no_answer_timeout"" : 7000, ""label"" : ""Mob_EDefief"", ""possibility"" : ""SAN_LEVEL"", ""uui"" : ""SAN_LEVEL"", ""spn_mode"" : ""DEFAULT"", ""call_transfer_mode"" : ""NO_DELAYED_OFFER"", ""int_dc"" : ""B"", ""header_list"" : []}"
10004282,2401,"{""id"" : 2401, ""hkh_nr_id"" : ""2401"", ""vpn_id"" : 10004282, ""public_number"" : ""33144376082"", ""global_call_limiter"" : 1, ""no_answer_timeout"" : 20000, ""label"" : ""LCh Boulot"", ""possibility"" : ""SAN_LEVEL"", ""uui"" : ""SAN_LEVEL"", ""spn_mode"" : ""DEFAULT"", ""call_transfer_mode"" : ""NO_DELAYED_OFFER"", ""int_dc"" : ""B"", ""header_list"" : []}"
10003728,161,"{""id"" : 161, ""hkh_nr_id"" : ""161"", ""vpn_id"" : 10003728, ""public_number"" : ""33478429335"", ""global_call_limiter"" : 20, ""no_answer_timeout"" : 160000, ""label"" : ""n RTC M. Finaz"", ""possibility"" : ""SAN_LEVEL"", ""uui"" : ""FALSE"", ""spn_mode"" : ""DEFAULT"", ""call_transfer_mode"" : ""NO_DELAYED_OFFER"", ""int_dc"" : ""B"", ""header_list"" : []}"
10003728,54885,"{""id"" : 54885, ""hkh_nr_id"" : ""54885"", ""vpn_id"" : 10003728, ""public_number"" : ""441234567890"", ""global_call_limiter"" : null, ""no_answer_timeout"" : 20000, ""label"" : ""NRI DT Mercedes"", ""possibility"" : ""SAN_LEVEL"", ""uui"" : ""SAN_LEVEL"", ""spn_mode"" : ""DEFAULT"", ""call_transfer_mode"" : ""NO_DELAYED_OFFER"", ""int_dc"" : ""B"", ""header_list"" : []}"
10003728,181,"{""id"" : 181, ""hkh_nr_id"" : ""181"", ""vpn_id"" : 10003728, ""public_number"" : ""33130572936"", ""global_call_limiter"" : 3, ""no_answer_timeout"" : 45000, ""label"" : ""LCh-Home"", ""possibility"" : ""SAN_LEVEL"", ""uui"" : ""FALSE"", ""spn_mode"" : ""DEFAULT"", ""call_transfer_mode"" : ""NO_DELAYED_OFFER"", ""int_dc"" : ""B"", ""header_list"" : []}"
10003728,242,"{""id"" : 242, ""hkh_nr_id"" : ""242"", ""vpn_id"" : 10003728, ""public_number"" : ""33296084205"", ""global_call_limiter"" : 20, ""no_answer_timeout"" : 5000, ""label"" : ""rerouteur FIAs2 Lab"", ""possibility"" : ""SAN_LEVEL"", ""uui"" : ""FALSE"", ""spn_mode"" : ""DEFAULT"", ""call_transfer_mode"" : ""NO_DELAYED_OFFER"", ""int_dc"" : ""B"", ""header_list"" : []}"
10003728,301,"{""id"" : 301, ""hkh_nr_id"" : ""301"", ""vpn_id"" : 10003728, ""public_number"" : ""33476527877"", ""global_call_limiter"" : 1, ""no_answer_timeout"" : 5000, ""label"" : ""EDA home"", ""possibility"" : ""SAN_LEVEL"", ""uui"" : ""FALSE"", ""spn_mode"" : ""DEFAULT"", ""call_transfer_mode"" : ""NO_DELAYED_OFFER"", ""int_dc"" : ""B"", ""header_list"" : []}"
10003728,322,"{""id"" : 322, ""hkh_nr_id"" : ""322"", ""vpn_id"" : 10003728, ""public_number"" : ""33438428176"", ""global_call_limiter"" : 5, ""no_answer_timeout"" : 20000, ""label"" : ""Meylan-I032- poste JCO"", ""possibility"" : ""SAN_LEVEL"", ""uui"" : ""FALSE"", ""spn_mode"" : ""DEFAULT"", ""call_transfer_mode"" : ""NO_DELAYED_OFFER"", ""int_dc"" : ""B"", ""header_list"" : []}"
10003728,401,"{""id"" : 401, ""hkh_nr_id"" : ""401"", ""vpn_id"" : 10003728, ""public_number"" : ""33785166750"", ""global_call_limiter"" : 20, ""no_answer_timeout"" : 5000, ""label"" : ""JCO - mob (07 85 16 67 50)"", ""possibility"" : ""SAN_LEVEL"", ""uui"" : ""FALSE"", ""spn_mode"" : ""DEFAULT"", ""call_transfer_mode"" : ""NO_DELAYED_OFFER"", ""int_dc"" : ""B"", ""header_list"" : []}"
10003728,482,"{""id"" : 482, ""hkh_nr_id"" : ""482"", ""vpn_id"" : 10003728, ""public_number"" : ""33783078073"", ""global_call_limiter"" : 20, ""no_answer_timeout"" : 5000, ""label"" : ""Mobile ERO"", ""possibility"" : ""SAN_LEVEL"", ""uui"" : ""SAN_LEVEL"", ""spn_mode"" : ""DEFAULT"", ""call_transfer_mode"" : ""NO_DELAYED_OFFER"", ""int_dc"" : ""B"", ""header_list"" : []}"
10003728,521,"{""id"" : 521, ""hkh_nr_id"" : ""521"", ""vpn_id"" : 10003728, ""public_number"" : ""33438428023"", ""global_call_limiter"" : 20, ""no_answer_timeout"" : 5000, ""label"" : ""Meylan-I038-fenêtre 1"", ""possibility"" : ""SAN_LEVEL"", ""uui"" : ""SAN_LEVEL"", ""spn_mode"" : ""DEFAULT"", ""call_transfer_mode"" : ""NO_DELAYED_OFFER"", ""int_dc"" : ""B"", ""header_list"" : []}"
10003963,1061,"{""id"" : 1061, ""hkh_nr_id"" : ""1061"", ""vpn_id"" : 10003963, ""public_number"" : ""33671272089"", ""global_call_limiter"" : 2, ""no_answer_timeout"" : 20000, ""label"" : ""33671272089"", ""possibility"" : ""SAN_LEVEL"", ""uui"" : ""SAN_LEVEL"", ""spn_mode"" : ""DEFAULT"", ""call_transfer_mode"" : ""NO_DELAYED_OFFER"", ""int_dc"" : ""B"", ""header_list"" : []}"
10003728,601,"{""id"" : 601, ""hkh_nr_id"" : ""601"", ""vpn_id"" : 10003728, ""public_number"" : ""33155545734"", ""global_call_limiter"" : 20, ""no_answer_timeout"" : 20000, ""label"" : ""33155545734"", ""possibility"" : ""SAN_LEVEL"", ""uui"" : ""SAN_LEVEL"", ""spn_mode"" : ""DEFAULT"", ""call_transfer_mode"" : ""NO_DELAYED_OFFER"", ""int_dc"" : ""B"", ""header_list"" : []}"
10003963,1387,"{""id"" : 1387, ""hkh_nr_id"" : ""1387"", ""vpn_id"" : 10003963, ""public_number"" : ""33144376019"", ""global_call_limiter"" : 2, ""no_answer_timeout"" : 5000, ""label"" : ""0144376019"", ""possibility"" : ""SAN_LEVEL"", ""uui"" : ""SAN_LEVEL"", ""spn_mode"" : ""DEFAULT"", ""call_transfer_mode"" : ""NO_DELAYED_OFFER"", ""int_dc"" : ""B"", ""header_list"" : []}"
10003963,1390,"{""id"" : 1390, ""hkh_nr_id"" : ""1390"", ""vpn_id"" : 10003963, ""public_number"" : ""33155545218"", ""global_call_limiter"" : 2, ""no_answer_timeout"" : 5000, ""label"" : ""0155545218"", ""possibility"" : ""SAN_LEVEL"", ""uui"" : ""SAN_LEVEL"", ""spn_mode"" : ""DEFAULT"", ""call_transfer_mode"" : ""NO_DELAYED_OFFER"", ""int_dc"" : ""B"", ""header_list"" : []}"
10003963,1395,"{""id"" : 1395, ""hkh_nr_id"" : ""1395"", ""vpn_id"" : 10003963, ""public_number"" : ""33144376624"", ""global_call_limiter"" : 2, ""no_answer_timeout"" : 5000, ""label"" : ""0144376624"", ""possibility"" : ""SAN_LEVEL"", ""uui"" : ""SAN_LEVEL"", ""spn_mode"" : ""DEFAULT"", ""call_transfer_mode"" : ""NO_DELAYED_OFFER"", ""int_dc"" : ""B"", ""header_list"" : []}"
10004010,1521,"{""id"" : 1521, ""hkh_nr_id"" : ""1521"", ""vpn_id"" : 10004010, ""public_number"" : ""33155546363"", ""global_call_limiter"" : 2, ""no_answer_timeout"" : 15000, ""label"" : ""NR10"", ""possibility"" : ""SAN_LEVEL"", ""uui"" : ""SAN_LEVEL"", ""spn_mode"" : ""DEFAULT"", ""call_transfer_mode"" : ""NO_DELAYED_OFFER"", ""int_dc"" : ""B"", ""header_list"" : []}"
10003728,1749,"{""id"" : 1749, ""hkh_nr_id"" : ""1749"", ""vpn_id"" : 10003728, ""public_number"" : ""33123450009"", ""global_call_limiter"" : 255, ""no_answer_timeout"" : 4000, ""label"" : ""EDo i9"", ""possibility"" : ""SAN_LEVEL"", ""uui"" : ""SAN_LEVEL"", ""spn_mode"" : ""DEFAULT"", ""call_transfer_mode"" : ""NO_DELAYED_OFFER"", ""int_dc"" : ""B"", ""header_list"" : []}"
10003728,1743,"{""id"" : 1743, ""hkh_nr_id"" : ""1743"", ""vpn_id"" : 10003728, ""public_number"" : ""33123450003"", ""global_call_limiter"" : 255, ""no_answer_timeout"" : 20000, ""label"" : ""EDo i3"", ""possibility"" : ""SAN_LEVEL"", ""uui"" : ""SAN_LEVEL"", ""spn_mode"" : ""DEFAULT"", ""call_transfer_mode"" : ""NO_DELAYED_OFFER"", ""int_dc"" : ""B"", ""header_list"" : []}"
10004010,55042,"{""id"" : 55042, ""hkh_nr_id"" : ""55042"", ""vpn_id"" : 10004010, ""public_number"" : ""33123450004"", ""global_call_limiter"" : 512, ""no_answer_timeout"" : 4000, ""label"" : ""+33123450004"", ""possibility"" : ""SAN_LEVEL"", ""uui"" : ""SAN_LEVEL"", ""spn_mode"" : ""DEFAULT"", ""call_transfer_mode"" : ""NO_DELAYED_OFFER"", ""int_dc"" : ""B"", ""header_list"" : []}"
10004756,55141,"{""id"" : 55141, ""hkh_nr_id"" : ""55141"", ""vpn_id"" : 10004756, ""public_number"" : ""33344464390"", ""global_call_limiter"" : 100, ""no_answer_timeout"" : 20000, ""label"" : ""SDA du 0800 GIPHAR"", ""possibility"" : ""SAN_LEVEL"", ""uui"" : ""SAN_LEVEL"", ""spn_mode"" : ""DEFAULT"", ""call_transfer_mode"" : ""NO_DELAYED_OFFER"", ""int_dc"" : ""B"", ""header_list"" : []}"
10003860,55221,"{""id"" : 55221, ""hkh_nr_id"" : ""55221"", ""vpn_id"" : 10003860, ""public_number"" : ""33102030405"", ""global_call_limiter"" : 100, ""no_answer_timeout"" : 20000, ""label"" : ""Bretagne"", ""possibility"" : ""SAN_LEVEL"", ""uui"" : ""SAN_LEVEL"", ""spn_mode"" : ""DEFAULT"", ""call_transfer_mode"" : ""NO_DELAYED_OFFER"", ""int_dc"" : ""B"", ""header_list"" : []}"
10004983,55581,"{""id"" : 55581, ""hkh_nr_id"" : ""55581"", ""vpn_id"" : 10004983, ""public_number"" : ""33155476868"", ""global_call_limiter"" : 10, ""no_answer_timeout"" : 20000, ""label"" : ""33155476868"", ""possibility"" : ""SAN_LEVEL"", ""uui"" : ""SAN_LEVEL"", ""spn_mode"" : ""DEFAULT"", ""call_transfer_mode"" : ""NO_DELAYED_OFFER"", ""int_dc"" : ""B"", ""header_list"" : []}"
10004958,55587,"{""id"" : 55587, ""hkh_nr_id"" : ""55587"", ""vpn_id"" : 10004958, ""public_number"" : ""33238143055"", ""global_call_limiter"" : 100, ""no_answer_timeout"" : 20000, ""label"" : ""BUT 33238143055"", ""possibility"" : ""SAN_LEVEL"", ""uui"" : ""SAN_LEVEL"", ""spn_mode"" : ""DEFAULT"", ""call_transfer_mode"" : ""NO_DELAYED_OFFER"", ""int_dc"" : ""B"", ""header_list"" : []}"
10004958,55589,"{""id"" : 55589, ""hkh_nr_id"" : ""55589"", ""vpn_id"" : 10004958, ""public_number"" : ""33238143063"", ""global_call_limiter"" : 100, ""no_answer_timeout"" : 20000, ""label"" : ""BUT STATION 33238143063"", ""possibility"" : ""SAN_LEVEL"", ""uui"" : ""SAN_LEVEL"", ""spn_mode"" : ""DEFAULT"", ""call_transfer_mode"" : ""NO_DELAYED_OFFER"", ""int_dc"" : ""B"", ""header_list"" : []}"
10004976,55592,"{""id"" : 55592, ""hkh_nr_id"" : ""55592"", ""vpn_id"" : 10004976, ""public_number"" : ""33141920197"", ""global_call_limiter"" : 100, ""no_answer_timeout"" : 20000, ""label"" : ""01 41 92 01 97"", ""possibility"" : ""SAN_LEVEL"", ""uui"" : ""SAN_LEVEL"", ""spn_mode"" : ""DEFAULT"", ""call_transfer_mode"" : ""NO_DELAYED_OFFER"", ""int_dc"" : ""B"", ""header_list"" : []}"
10004976,55601,"{""id"" : 55601, ""hkh_nr_id"" : ""55601"", ""vpn_id"" : 10004976, ""public_number"" : ""33144951136"", ""global_call_limiter"" : 100, ""no_answer_timeout"" : 20000, ""label"" : ""01 44 95 11 36"", ""possibility"" : ""SAN_LEVEL"", ""uui"" : ""SAN_LEVEL"", ""spn_mode"" : ""DEFAULT"", ""call_transfer_mode"" : ""NO_DELAYED_OFFER"", ""int_dc"" : ""B"", ""header_list"" : []}"
10004976,55609,"{""id"" : 55609, ""hkh_nr_id"" : ""55609"", ""vpn_id"" : 10004976, ""public_number"" : ""33141920198"", ""global_call_limiter"" : 100, ""no_answer_timeout"" : 20000, ""label"" : ""01 41 92 01 98"", ""possibility"" : ""SAN_LEVEL"", ""uui"" : ""SAN_LEVEL"", ""spn_mode"" : ""DEFAULT"", ""call_transfer_mode"" : ""NO_DELAYED_OFFER"", ""int_dc"" : ""B"", ""header_list"" : []}"
10004010,55043,"{""id"" : 55043, ""hkh_nr_id"" : ""55043"", ""vpn_id"" : 10004010, ""public_number"" : ""33123450002"", ""global_call_limiter"" : 512, ""no_answer_timeout"" : 4000, ""label"" : ""+33123450002"", ""possibility"" : ""SAN_LEVEL"", ""uui"" : ""SAN_LEVEL"", ""spn_mode"" : ""DEFAULT"", ""call_transfer_mode"" : ""NO_DELAYED_OFFER"", ""int_dc"" : ""B"", ""header_list"" : []}"
10004010,55045,"{""id"" : 55045, ""hkh_nr_id"" : ""55045"", ""vpn_id"" : 10004010, ""public_number"" : ""33123450006"", ""global_call_limiter"" : 512, ""no_answer_timeout"" : 4000, ""label"" : ""+33123450006"", ""possibility"" : ""SAN_LEVEL"", ""uui"" : ""SAN_LEVEL"", ""spn_mode"" : ""DEFAULT"", ""call_transfer_mode"" : ""NO_DELAYED_OFFER"", ""int_dc"" : ""B"", ""header_list"" : []}"
10004010,55046,"{""id"" : 55046, ""hkh_nr_id"" : ""55046"", ""vpn_id"" : 10004010, ""public_number"" : ""33123450010"", ""global_call_limiter"" : 512, ""no_answer_timeout"" : 4000, ""label"" : ""+33123450010"", ""possibility"" : ""SAN_LEVEL"", ""uui"" : ""SAN_LEVEL"", ""spn_mode"" : ""DEFAULT"", ""call_transfer_mode"" : ""NO_DELAYED_OFFER"", ""int_dc"" : ""B"", ""header_list"" : []}"
10004958,55542,"{""id"" : 55542, ""hkh_nr_id"" : ""55542"", ""vpn_id"" : 10004958, ""public_number"" : ""33238143070"", ""global_call_limiter"" : 255, ""no_answer_timeout"" : 20000, ""label"" : ""GP RC 33238143070"", ""possibility"" : ""SAN_LEVEL"", ""uui"" : ""SAN_LEVEL"", ""spn_mode"" : ""DEFAULT"", ""call_transfer_mode"" : ""NO_DELAYED_OFFER"", ""int_dc"" : ""B"", ""header_list"" : []}"
10004958,55546,"{""id"" : 55546, ""hkh_nr_id"" : ""55546"", ""vpn_id"" : 10004958, ""public_number"" : ""33150392281"", ""global_call_limiter"" : 255, ""no_answer_timeout"" : 20000, ""label"" : ""33150392281"", ""possibility"" : ""SAN_LEVEL"", ""uui"" : ""SAN_LEVEL"", ""spn_mode"" : ""DEFAULT"", ""call_transfer_mode"" : ""NO_DELAYED_OFFER"", ""int_dc"" : ""B"", ""header_list"" : []}"
10004958,55547,"{""id"" : 55547, ""hkh_nr_id"" : ""55547"", ""vpn_id"" : 10004958, ""public_number"" : ""33150391691"", ""global_call_limiter"" : 100, ""no_answer_timeout"" : 20000, ""label"" : ""EPSON 33150391691"", ""possibility"" : ""SAN_LEVEL"", ""uui"" : ""SAN_LEVEL"", ""spn_mode"" : ""DEFAULT"", ""call_transfer_mode"" : ""NO_DELAYED_OFFER"", ""int_dc"" : ""B"", ""header_list"" : []}"
10004958,55553,"{""id"" : 55553, ""hkh_nr_id"" : ""55553"", ""vpn_id"" : 10004958, ""public_number"" : ""33238143080"", ""global_call_limiter"" : 100, ""no_answer_timeout"" : 20000, ""label"" : ""CASINO 33238143080"", ""possibility"" : ""SAN_LEVEL"", ""uui"" : ""SAN_LEVEL"", ""spn_mode"" : ""DEFAULT"", ""call_transfer_mode"" : ""NO_DELAYED_OFFER"", ""int_dc"" : ""B"", ""header_list"" : []}"
10004976,55558,"{""id"" : 55558, ""hkh_nr_id"" : ""55558"", ""vpn_id"" : 10004976, ""public_number"" : ""33999011490"", ""global_call_limiter"" : 255, ""no_answer_timeout"" : 20000, ""label"" : ""33999011490"", ""possibility"" : ""SAN_LEVEL"", ""uui"" : ""SAN_LEVEL"", ""spn_mode"" : ""SPN_STANDARD"", ""call_transfer_mode"" : ""NO_DELAYED_OFFER"", ""int_dc"" : ""F"", ""header_list"" : []}"
10004976,55562,"{""id"" : 55562, ""hkh_nr_id"" : ""55562"", ""vpn_id"" : 10004976, ""public_number"" : ""33999011447"", ""global_call_limiter"" : 255, ""no_answer_timeout"" : 20000, ""label"" : ""33999011447"", ""possibility"" : ""SAN_LEVEL"", ""uui"" : ""SAN_LEVEL"", ""spn_mode"" : ""SPN_STANDARD"", ""call_transfer_mode"" : ""NO_DELAYED_OFFER"", ""int_dc"" : ""F"", ""header_list"" : []}"
10004976,55565,"{""id"" : 55565, ""hkh_nr_id"" : ""55565"", ""vpn_id"" : 10004976, ""public_number"" : ""33999011451"", ""global_call_limiter"" : 255, ""no_answer_timeout"" : 20000, ""label"" : ""33999011451"", ""possibility"" : ""SAN_LEVEL"", ""uui"" : ""SAN_LEVEL"", ""spn_mode"" : ""SPN_STANDARD"", ""call_transfer_mode"" : ""NO_DELAYED_OFFER"", ""int_dc"" : ""F"", ""header_list"" : []}"
10004974,55568,"{""id"" : 55568, ""hkh_nr_id"" : ""55568"", ""vpn_id"" : 10004974, ""public_number"" : ""33442325487"", ""global_call_limiter"" : 100, ""no_answer_timeout"" : 20000, ""label"" : ""33442325487"", ""possibility"" : ""SAN_LEVEL"", ""uui"" : ""SAN_LEVEL"", ""spn_mode"" : ""DEFAULT"", ""call_transfer_mode"" : ""NO_DELAYED_OFFER"", ""int_dc"" : ""B"", ""header_list"" : []}"
10004976,55569,"{""id"" : 55569, ""hkh_nr_id"" : ""55569"", ""vpn_id"" : 10004976, ""public_number"" : ""33999011450"", ""global_call_limiter"" : 255, ""no_answer_timeout"" : 20000, ""label"" : ""33999011450"", ""possibility"" : ""SAN_LEVEL"", ""uui"" : ""SAN_LEVEL"", ""spn_mode"" : ""SPN_STANDARD"", ""call_transfer_mode"" : ""NO_DELAYED_OFFER"", ""int_dc"" : ""F"", ""header_list"" : []}"
10004716,55181,"{""id"" : 55181, ""hkh_nr_id"" : ""55181"", ""vpn_id"" : 10004716, ""public_number"" : ""33384469089"", ""global_call_limiter"" : 100, ""no_answer_timeout"" : 20000, ""label"" : ""33384469089"", ""possibility"" : ""SAN_LEVEL"", ""uui"" : ""SAN_LEVEL"", ""spn_mode"" : ""DEFAULT"", ""call_transfer_mode"" : ""NO_DELAYED_OFFER"", ""int_dc"" : ""B"", ""header_list"" : []}"
10004823,55289,"{""id"" : 55289, ""hkh_nr_id"" : ""55289"", ""vpn_id"" : 10004823, ""public_number"" : ""33556140507"", ""global_call_limiter"" : 100, ""no_answer_timeout"" : 20000, ""label"" : ""33556140507"", ""possibility"" : ""SAN_LEVEL"", ""uui"" : ""SAN_LEVEL"", ""spn_mode"" : ""DEFAULT"", ""call_transfer_mode"" : ""NO_DELAYED_OFFER"", ""int_dc"" : ""B"", ""header_list"" : []}"
10003728,61,"{""id"" : 61, ""hkh_nr_id"" : ""61"", ""vpn_id"" : 10003728, ""public_number"" : ""33607292464"", ""global_call_limiter"" : 1, ""no_answer_timeout"" : 60000, ""label"" : ""LCh_Mob_Pro (06.07.29.24.64)"", ""possibility"" : ""SAN_LEVEL"", ""uui"" : ""SAN_LEVEL"", ""spn_mode"" : ""DEFAULT"", ""call_transfer_mode"" : ""NO_DELAYED_OFFER"", ""int_dc"" : ""B"", ""header_list"" : []}"
10004827,55290,"{""id"" : 55290, ""hkh_nr_id"" : ""55290"", ""vpn_id"" : 10004827, ""public_number"" : ""33556140507"", ""global_call_limiter"" : 100, ""no_answer_timeout"" : 20000, ""label"" : ""33556140507"", ""possibility"" : ""SAN_LEVEL"", ""uui"" : ""SAN_LEVEL"", ""spn_mode"" : ""DEFAULT"", ""call_transfer_mode"" : ""NO_DELAYED_OFFER"", ""int_dc"" : ""B"", ""header_list"" : []}"
10004646,55292,"{""id"" : 55292, ""hkh_nr_id"" : ""55292"", ""vpn_id"" : 10004646, ""public_number"" : ""33296040288"", ""global_call_limiter"" : 100, ""no_answer_timeout"" : 20000, ""label"" : ""TEST_LANNION"", ""possibility"" : ""SAN_LEVEL"", ""uui"" : ""SAN_LEVEL"", ""spn_mode"" : ""DEFAULT"", ""call_transfer_mode"" : ""NO_DELAYED_OFFER"", ""int_dc"" : ""B"", ""header_list"" : []}"
10004796,55347,"{""id"" : 55347, ""hkh_nr_id"" : ""55347"", ""vpn_id"" : 10004796, ""public_number"" : ""33487609455"", ""global_call_limiter"" : 100, ""no_answer_timeout"" : 20000, ""label"" : ""Serveur Vocal Interractif"", ""possibility"" : ""SAN_LEVEL"", ""uui"" : ""SAN_LEVEL"", ""spn_mode"" : ""DEFAULT"", ""call_transfer_mode"" : ""NO_DELAYED_OFFER"", ""int_dc"" : ""B"", ""header_list"" : []}"
10004796,55346,"{""id"" : 55346, ""hkh_nr_id"" : ""55346"", ""vpn_id"" : 10004796, ""public_number"" : ""33156667898"", ""global_call_limiter"" : null, ""no_answer_timeout"" : 20000, ""label"" : ""Centre de Contact 1"", ""possibility"" : ""SAN_LEVEL"", ""uui"" : ""SAN_LEVEL"", ""spn_mode"" : ""DEFAULT"", ""call_transfer_mode"" : ""NO_DELAYED_OFFER"", ""int_dc"" : ""B"", ""header_list"" : []}"
10004861,55372,"{""id"" : 55372, ""hkh_nr_id"" : ""55372"", ""vpn_id"" : 10004861, ""public_number"" : ""33556293622"", ""global_call_limiter"" : 30, ""no_answer_timeout"" : 20000, ""label"" : ""33556293622"", ""possibility"" : ""TRUE"", ""uui"" : ""TRUE"", ""spn_mode"" : ""DEFAULT"", ""call_transfer_mode"" : ""NO_DELAYED_OFFER"", ""int_dc"" : ""G"", ""header_list"" : []}"
10004861,55376,"{""id"" : 55376, ""hkh_nr_id"" : ""55376"", ""vpn_id"" : 10004861, ""public_number"" : ""33557017923"", ""global_call_limiter"" : 30, ""no_answer_timeout"" : 20000, ""label"" : ""33557017923"", ""possibility"" : ""TRUE"", ""uui"" : ""TRUE"", ""spn_mode"" : ""DEFAULT"", ""call_transfer_mode"" : ""NO_DELAYED_OFFER"", ""int_dc"" : ""G"", ""header_list"" : []}"
10004928,55471,"{""id"" : 55471, ""hkh_nr_id"" : ""55471"", ""vpn_id"" : 10004928, ""public_number"" : ""33472168418"", ""global_call_limiter"" : 100, ""no_answer_timeout"" : 20000, ""label"" : ""CAC FRONT LINE"", ""possibility"" : ""SAN_LEVEL"", ""uui"" : ""SAN_LEVEL"", ""spn_mode"" : ""DEFAULT"", ""call_transfer_mode"" : ""NO_DELAYED_OFFER"", ""int_dc"" : ""B"", ""header_list"" : []}"
10004928,55487,"{""id"" : 55487, ""hkh_nr_id"" : ""55487"", ""vpn_id"" : 10004928, ""public_number"" : ""33141629009"", ""global_call_limiter"" : 20, ""no_answer_timeout"" : 20000, ""label"" : ""HOT LINE ECOM"", ""possibility"" : ""SAN_LEVEL"", ""uui"" : ""SAN_LEVEL"", ""spn_mode"" : ""DEFAULT"", ""call_transfer_mode"" : ""NO_DELAYED_OFFER"", ""int_dc"" : ""B"", ""header_list"" : []}"
10004949,55502,"{""id"" : 55502, ""hkh_nr_id"" : ""55502"", ""vpn_id"" : 10004949, ""public_number"" : ""33298292696"", ""global_call_limiter"" : 100, ""no_answer_timeout"" : 20000, ""label"" : ""33298292696"", ""possibility"" : ""SAN_LEVEL"", ""uui"" : ""SAN_LEVEL"", ""spn_mode"" : ""DEFAULT"", ""call_transfer_mode"" : ""NO_DELAYED_OFFER"", ""int_dc"" : ""B"", ""header_list"" : []}"
10004958,55543,"{""id"" : 55543, ""hkh_nr_id"" : ""55543"", ""vpn_id"" : 10004958, ""public_number"" : ""33238143058"", ""global_call_limiter"" : 255, ""no_answer_timeout"" : 20000, ""label"" : ""INTERMARCHE 33238143058"", ""possibility"" : ""SAN_LEVEL"", ""uui"" : ""SAN_LEVEL"", ""spn_mode"" : ""DEFAULT"", ""call_transfer_mode"" : ""NO_DELAYED_OFFER"", ""int_dc"" : ""B"", ""header_list"" : []}"
10004976,55559,"{""id"" : 55559, ""hkh_nr_id"" : ""55559"", ""vpn_id"" : 10004976, ""public_number"" : ""33999011444"", ""global_call_limiter"" : 255, ""no_answer_timeout"" : 20000, ""label"" : ""33999011444"", ""possibility"" : ""SAN_LEVEL"", ""uui"" : ""SAN_LEVEL"", ""spn_mode"" : ""SPN_STANDARD"", ""call_transfer_mode"" : ""NO_DELAYED_OFFER"", ""int_dc"" : ""F"", ""header_list"" : []}"
10004976,55561,"{""id"" : 55561, ""hkh_nr_id"" : ""55561"", ""vpn_id"" : 10004976, ""public_number"" : ""33999014186"", ""global_call_limiter"" : 255, ""no_answer_timeout"" : 20000, ""label"" : ""33999014186"", ""possibility"" : ""SAN_LEVEL"", ""uui"" : ""SAN_LEVEL"", ""spn_mode"" : ""SPN_STANDARD"", ""call_transfer_mode"" : ""NO_DELAYED_OFFER"", ""int_dc"" : ""F"", ""header_list"" : []}"
10004974,55566,"{""id"" : 55566, ""hkh_nr_id"" : ""55566"", ""vpn_id"" : 10004974, ""public_number"" : ""33442325489"", ""global_call_limiter"" : 255, ""no_answer_timeout"" : 20000, ""label"" : ""33442325489"", ""possibility"" : ""SAN_LEVEL"", ""uui"" : ""SAN_LEVEL"", ""spn_mode"" : ""DEFAULT"", ""call_transfer_mode"" : ""NO_DELAYED_OFFER"", ""int_dc"" : ""B"", ""header_list"" : []}"
10004976,55571,"{""id"" : 55571, ""hkh_nr_id"" : ""55571"", ""vpn_id"" : 10004976, ""public_number"" : ""33999011446"", ""global_call_limiter"" : 255, ""no_answer_timeout"" : 20000, ""label"" : ""33999011446"", ""possibility"" : ""SAN_LEVEL"", ""uui"" : ""SAN_LEVEL"", ""spn_mode"" : ""SPN_STANDARD"", ""call_transfer_mode"" : ""NO_DELAYED_OFFER"", ""int_dc"" : ""F"", ""header_list"" : []}"
10004983,55576,"{""id"" : 55576, ""hkh_nr_id"" : ""55576"", ""vpn_id"" : 10004983, ""public_number"" : ""33473699761"", ""global_call_limiter"" : 20, ""no_answer_timeout"" : 20000, ""label"" : ""33473699761"", ""possibility"" : ""SAN_LEVEL"", ""uui"" : ""SAN_LEVEL"", ""spn_mode"" : ""DEFAULT"", ""call_transfer_mode"" : ""NO_DELAYED_OFFER"", ""int_dc"" : ""B"", ""header_list"" : []}"
10004983,55577,"{""id"" : 55577, ""hkh_nr_id"" : ""55577"", ""vpn_id"" : 10004983, ""public_number"" : ""33147521028"", ""global_call_limiter"" : 4, ""no_answer_timeout"" : 20000, ""label"" : ""33147521028"", ""possibility"" : ""SAN_LEVEL"", ""uui"" : ""SAN_LEVEL"", ""spn_mode"" : ""DEFAULT"", ""call_transfer_mode"" : ""NO_DELAYED_OFFER"", ""int_dc"" : ""B"", ""header_list"" : []}"
10004958,55586,"{""id"" : 55586, ""hkh_nr_id"" : ""55586"", ""vpn_id"" : 10004958, ""public_number"" : ""33238143065"", ""global_call_limiter"" : 100, ""no_answer_timeout"" : 20000, ""label"" : ""FNAC 33238143065"", ""possibility"" : ""SAN_LEVEL"", ""uui"" : ""SAN_LEVEL"", ""spn_mode"" : ""DEFAULT"", ""call_transfer_mode"" : ""NO_DELAYED_OFFER"", ""int_dc"" : ""B"", ""header_list"" : []}"
10004984,55588,"{""id"" : 55588, ""hkh_nr_id"" : ""55588"", ""vpn_id"" : 10004984, ""public_number"" : ""33534616952"", ""global_call_limiter"" : null, ""no_answer_timeout"" : 20000, ""label"" : ""33534616952"", ""possibility"" : ""SAN_LEVEL"", ""uui"" : ""SAN_LEVEL"", ""spn_mode"" : ""DEFAULT"", ""call_transfer_mode"" : ""NO_DELAYED_OFFER"", ""int_dc"" : ""B"", ""header_list"" : []}"
10004976,55591,"{""id"" : 55591, ""hkh_nr_id"" : ""55591"", ""vpn_id"" : 10004976, ""public_number"" : ""33144951138"", ""global_call_limiter"" : 100, ""no_answer_timeout"" : 20000, ""label"" : ""01 44 95 11 38"", ""possibility"" : ""SAN_LEVEL"", ""uui"" : ""SAN_LEVEL"", ""spn_mode"" : ""DEFAULT"", ""call_transfer_mode"" : ""NO_DELAYED_OFFER"", ""int_dc"" : ""B"", ""header_list"" : []}"
10004976,55598,"{""id"" : 55598, ""hkh_nr_id"" : ""55598"", ""vpn_id"" : 10004976, ""public_number"" : ""33141920132"", ""global_call_limiter"" : 100, ""no_answer_timeout"" : 20000, ""label"" : ""01 41 92 01 32"", ""possibility"" : ""SAN_LEVEL"", ""uui"" : ""SAN_LEVEL"", ""spn_mode"" : ""DEFAULT"", ""call_transfer_mode"" : ""NO_DELAYED_OFFER"", ""int_dc"" : ""B"", ""header_list"" : []}"
10004958,55600,"{""id"" : 55600, ""hkh_nr_id"" : ""55600"", ""vpn_id"" : 10004958, ""public_number"" : ""33238251300"", ""global_call_limiter"" : 100, ""no_answer_timeout"" : 20000, ""label"" : ""ACCUEIL NES 33238251300"", ""possibility"" : ""SAN_LEVEL"", ""uui"" : ""SAN_LEVEL"", ""spn_mode"" : ""DEFAULT"", ""call_transfer_mode"" : ""NO_DELAYED_OFFER"", ""int_dc"" : ""B"", ""header_list"" : []}"
10003728,55126,"{""id"" : 55126, ""hkh_nr_id"" : ""55126"", ""vpn_id"" : 10003728, ""public_number"" : ""33123450020"", ""global_call_limiter"" : 255, ""no_answer_timeout"" : 4000, ""label"" : ""EDo i20"", ""possibility"" : ""SAN_LEVEL"", ""uui"" : ""SAN_LEVEL"", ""spn_mode"" : ""DEFAULT"", ""call_transfer_mode"" : ""NO_DELAYED_OFFER"", ""int_dc"" : ""B"", ""header_list"" : []}"
10003728,55168,"{""id"" : 55168, ""hkh_nr_id"" : ""55168"", ""vpn_id"" : 10003728, ""public_number"" : ""4580197202"", ""global_call_limiter"" : 100, ""no_answer_timeout"" : 20000, ""label"" : ""004580197202"", ""possibility"" : ""SAN_LEVEL"", ""uui"" : ""SAN_LEVEL"", ""spn_mode"" : ""DEFAULT"", ""call_transfer_mode"" : ""NO_DELAYED_OFFER"", ""int_dc"" : ""B"", ""header_list"" : []}"
10004976,55613,"{""id"" : 55613, ""hkh_nr_id"" : ""55613"", ""vpn_id"" : 10004976, ""public_number"" : ""33150395642"", ""global_call_limiter"" : 100, ""no_answer_timeout"" : 20000, ""label"" : ""01 50 39 56 42"", ""possibility"" : ""SAN_LEVEL"", ""uui"" : ""SAN_LEVEL"", ""spn_mode"" : ""DEFAULT"", ""call_transfer_mode"" : ""NO_DELAYED_OFFER"", ""int_dc"" : ""B"", ""header_list"" : []}"
10004958,55615,"{""id"" : 55615, ""hkh_nr_id"" : ""55615"", ""vpn_id"" : 10004958, ""public_number"" : ""33238259866"", ""global_call_limiter"" : 100, ""no_answer_timeout"" : 20000, ""label"" : ""FNAC 33238259866"", ""possibility"" : ""SAN_LEVEL"", ""uui"" : ""SAN_LEVEL"", ""spn_mode"" : ""DEFAULT"", ""call_transfer_mode"" : ""NO_DELAYED_OFFER"", ""int_dc"" : ""B"", ""header_list"" : []}"
10004949,55623,"{""id"" : 55623, ""hkh_nr_id"" : ""55623"", ""vpn_id"" : 10004949, ""public_number"" : ""33556100347"", ""global_call_limiter"" : 10, ""no_answer_timeout"" : 20000, ""label"" : ""33556100347"", ""possibility"" : ""TRUE"", ""uui"" : ""TRUE"", ""spn_mode"" : ""DEFAULT"", ""call_transfer_mode"" : ""NO_DELAYED_OFFER"", ""int_dc"" : ""G"", ""header_list"" : []}"
10004984,55632,"{""id"" : 55632, ""hkh_nr_id"" : ""55632"", ""vpn_id"" : 10004984, ""public_number"" : ""33556297572"", ""global_call_limiter"" : 10, ""no_answer_timeout"" : 20000, ""label"" : ""33556297572"", ""possibility"" : ""TRUE"", ""uui"" : ""TRUE"", ""spn_mode"" : ""DEFAULT"", ""call_transfer_mode"" : ""NO_DELAYED_OFFER"", ""int_dc"" : ""G"", ""header_list"" : []}"
10004797,55641,"{""id"" : 55641, ""hkh_nr_id"" : ""55641"", ""vpn_id"" : 10004797, ""public_number"" : ""33102030405"", ""global_call_limiter"" : 100, ""no_answer_timeout"" : 20000, ""label"" : ""Accueil"", ""possibility"" : ""SAN_LEVEL"", ""uui"" : ""SAN_LEVEL"", ""spn_mode"" : ""DEFAULT"", ""call_transfer_mode"" : ""NO_DELAYED_OFFER"", ""int_dc"" : ""B"", ""header_list"" : []}"
10003728,55661,"{""id"" : 55661, ""hkh_nr_id"" : ""55661"", ""vpn_id"" : 10003728, ""public_number"" : ""33649813795"", ""global_call_limiter"" : 100, ""no_answer_timeout"" : 20000, ""label"" : ""LB"", ""possibility"" : ""SAN_LEVEL"", ""uui"" : ""SAN_LEVEL"", ""spn_mode"" : ""DEFAULT"", ""call_transfer_mode"" : ""NO_DELAYED_OFFER"", ""int_dc"" : ""B"", ""header_list"" : []}"
10003728,55647,"{""id"" : 55647, ""hkh_nr_id"" : ""55647"", ""vpn_id"" : 10003728, ""public_number"" : ""33556109001"", ""global_call_limiter"" : 10, ""no_answer_timeout"" : 20000, ""label"" : ""05 56 10 90 01"", ""possibility"" : ""TRUE"", ""uui"" : ""TRUE"", ""spn_mode"" : ""DEFAULT"", ""call_transfer_mode"" : ""NO_DELAYED_OFFER"", ""int_dc"" : ""G"", ""header_list"" : []}"
10003728,55663,"{""id"" : 55663, ""hkh_nr_id"" : ""55663"", ""vpn_id"" : 10003728, ""public_number"" : ""33556296587"", ""global_call_limiter"" : 10, ""no_answer_timeout"" : 20000, ""label"" : ""GV2 (0556296587 id-0438428206)"", ""possibility"" : ""TRUE"", ""uui"" : ""TRUE"", ""spn_mode"" : ""DEFAULT"", ""call_transfer_mode"" : ""NO_DELAYED_OFFER"", ""int_dc"" : ""G"", ""header_list"" : []}"
10003963,55671,"{""id"" : 55671, ""hkh_nr_id"" : ""55671"", ""vpn_id"" : 10003963, ""public_number"" : ""33147895669"", ""global_call_limiter"" : 100, ""no_answer_timeout"" : 20000, ""label"" : ""01 47 89 56 69"", ""possibility"" : ""SAN_LEVEL"", ""uui"" : ""SAN_LEVEL"", ""spn_mode"" : ""DEFAULT"", ""call_transfer_mode"" : ""NO_DELAYED_OFFER"", ""int_dc"" : ""B"", ""header_list"" : []}"
10005004,55674,"{""id"" : 55674, ""hkh_nr_id"" : ""55674"", ""vpn_id"" : 10005004, ""public_number"" : ""442392676123"", ""global_call_limiter"" : 25, ""no_answer_timeout"" : 20000, ""label"" : ""SOS Oppo UK"", ""possibility"" : ""SAN_LEVEL"", ""uui"" : ""SAN_LEVEL"", ""spn_mode"" : ""DEFAULT"", ""call_transfer_mode"" : ""NO_DELAYED_OFFER"", ""int_dc"" : ""B"", ""header_list"" : []}"
10005004,55673,"{""id"" : 55673, ""hkh_nr_id"" : ""55673"", ""vpn_id"" : 10005004, ""public_number"" : ""33140152723"", ""global_call_limiter"" : 100, ""no_answer_timeout"" : 20000, ""label"" : ""SOS Oppo Paris"", ""possibility"" : ""SAN_LEVEL"", ""uui"" : ""SAN_LEVEL"", ""spn_mode"" : ""DEFAULT"", ""call_transfer_mode"" : ""NO_DELAYED_OFFER"", ""int_dc"" : ""B"", ""header_list"" : []}"
10005004,55676,"{""id"" : 55676, ""hkh_nr_id"" : ""55676"", ""vpn_id"" : 10005004, ""public_number"" : ""442392676122"", ""global_call_limiter"" : 25, ""no_answer_timeout"" : 20000, ""label"" : ""FranceLoisirs UK"", ""possibility"" : ""SAN_LEVEL"", ""uui"" : ""SAN_LEVEL"", ""spn_mode"" : ""DEFAULT"", ""call_transfer_mode"" : ""NO_DELAYED_OFFER"", ""int_dc"" : ""B"", ""header_list"" : []}"
10005004,55677,"{""id"" : 55677, ""hkh_nr_id"" : ""55677"", ""vpn_id"" : 10005004, ""public_number"" : ""33140152729"", ""global_call_limiter"" : 10, ""no_answer_timeout"" : 20000, ""label"" : ""Paris disconnect"", ""possibility"" : ""SAN_LEVEL"", ""uui"" : ""SAN_LEVEL"", ""spn_mode"" : ""DEFAULT"", ""call_transfer_mode"" : ""NO_DELAYED_OFFER"", ""int_dc"" : ""B"", ""header_list"" : []}"
10005004,55678,"{""id"" : 55678, ""hkh_nr_id"" : ""55678"", ""vpn_id"" : 10005004, ""public_number"" : ""442392676129"", ""global_call_limiter"" : 10, ""no_answer_timeout"" : 20000, ""label"" : ""+442392676129"", ""possibility"" : ""SAN_LEVEL"", ""uui"" : ""SAN_LEVEL"", ""spn_mode"" : ""DEFAULT"", ""call_transfer_mode"" : ""NO_DELAYED_OFFER"", ""int_dc"" : ""B"", ""header_list"" : []}"
10005004,55680,"{""id"" : 55680, ""hkh_nr_id"" : ""55680"", ""vpn_id"" : 10005004, ""public_number"" : ""442392676125"", ""global_call_limiter"" : 10, ""no_answer_timeout"" : 20000, ""label"" : ""+442392676125"", ""possibility"" : ""SAN_LEVEL"", ""uui"" : ""SAN_LEVEL"", ""spn_mode"" : ""DEFAULT"", ""call_transfer_mode"" : ""NO_DELAYED_OFFER"", ""int_dc"" : ""B"", ""header_list"" : []}"
10005004,55685,"{""id"" : 55685, ""hkh_nr_id"" : ""55685"", ""vpn_id"" : 10005004, ""public_number"" : ""33140152743"", ""global_call_limiter"" : 10, ""no_answer_timeout"" : 20000, ""label"" : ""BPACA Paris"", ""possibility"" : ""SAN_LEVEL"", ""uui"" : ""SAN_LEVEL"", ""spn_mode"" : ""DEFAULT"", ""call_transfer_mode"" : ""NO_DELAYED_OFFER"", ""int_dc"" : ""B"", ""header_list"" : []}"
10004425,55700,"{""id"" : 55700, ""hkh_nr_id"" : ""55700"", ""vpn_id"" : 10004425, ""public_number"" : ""33139469703"", ""global_call_limiter"" : 100, ""no_answer_timeout"" : 20000, ""label"" : ""BOUYG IP SERIEE 01 39 46 97 03"", ""possibility"" : ""SAN_LEVEL"", ""uui"" : ""SAN_LEVEL"", ""spn_mode"" : ""DEFAULT"", ""call_transfer_mode"" : ""NO_DELAYED_OFFER"", ""int_dc"" : ""B"", ""header_list"" : []}"
10004797,55721,"{""id"" : 55721, ""hkh_nr_id"" : ""55721"", ""vpn_id"" : 10004797, ""public_number"" : ""33320344178"", ""global_call_limiter"" : 2, ""no_answer_timeout"" : 20000, ""label"" : ""DECT showroom"", ""possibility"" : ""SAN_LEVEL"", ""uui"" : ""SAN_LEVEL"", ""spn_mode"" : ""DEFAULT"", ""call_transfer_mode"" : ""NO_DELAYED_OFFER"", ""int_dc"" : ""B"", ""header_list"" : []}"
10004861,55722,"{""id"" : 55722, ""hkh_nr_id"" : ""55722"", ""vpn_id"" : 10004861, ""public_number"" : ""33556293999"", ""global_call_limiter"" : 30, ""no_answer_timeout"" : 20000, ""label"" : ""05 56 29 39 99"", ""possibility"" : ""TRUE"", ""uui"" : ""TRUE"", ""spn_mode"" : ""DEFAULT"", ""call_transfer_mode"" : ""NO_DELAYED_OFFER"", ""int_dc"" : ""G"", ""header_list"" : []}"
10005016,55723,"{""id"" : 55723, ""hkh_nr_id"" : ""55723"", ""vpn_id"" : 10005016, ""public_number"" : ""33486579492"", ""global_call_limiter"" : 100, ""no_answer_timeout"" : 20000, ""label"" : ""04 86 57 94 92"", ""possibility"" : ""SAN_LEVEL"", ""uui"" : ""SAN_LEVEL"", ""spn_mode"" : ""DEFAULT"", ""call_transfer_mode"" : ""NO_DELAYED_OFFER"", ""int_dc"" : ""B"", ""header_list"" : []}"
10004425,55728,"{""id"" : 55728, ""hkh_nr_id"" : ""55728"", ""vpn_id"" : 10004425, ""public_number"" : ""33493142507"", ""global_call_limiter"" : 100, ""no_answer_timeout"" : 20000, ""label"" : ""Test SURTEC sur BOUYGUES IP"", ""possibility"" : ""SAN_LEVEL"", ""uui"" : ""SAN_LEVEL"", ""spn_mode"" : ""DEFAULT"", ""call_transfer_mode"" : ""NO_DELAYED_OFFER"", ""int_dc"" : ""B"", ""header_list"" : []}"
10004971,293845,"{""id"" : 293845, ""hkh_nr_id"" : ""293845"", ""vpn_id"" : 10004971, ""public_number"" : ""109077661234"", ""global_call_limiter"" : null, ""no_answer_timeout"" : 20000, ""label"" : ""+109077661234"", ""possibility"" : ""SAN_LEVEL"", ""uui"" : ""SAN_LEVEL"", ""spn_mode"" : ""DEFAULT"", ""call_transfer_mode"" : ""NO_DELAYED_OFFER"", ""int_dc"" : ""B"", ""header_list"" : []}"
10017906,293848,"{""id"" : 293848, ""hkh_nr_id"" : ""293848"", ""vpn_id"" : 10017906, ""public_number"" : ""33667495157"", ""global_call_limiter"" : null, ""no_answer_timeout"" : 20000, ""label"" : ""VENTURA Luis "", ""possibility"" : ""SAN_LEVEL"", ""uui"" : ""SAN_LEVEL"", ""spn_mode"" : ""DEFAULT"", ""call_transfer_mode"" : ""NO_DELAYED_OFFER"", ""int_dc"" : ""B"", ""header_list"" : []}"
10004964,293882,"{""id"" : 293882, ""hkh_nr_id"" : ""293882"", ""vpn_id"" : 10004964, ""public_number"" : ""10862071749"", ""global_call_limiter"" : null, ""no_answer_timeout"" : 20000, ""label"" : ""+10862071749"", ""possibility"" : ""SAN_LEVEL"", ""uui"" : ""SAN_LEVEL"", ""spn_mode"" : ""DEFAULT"", ""call_transfer_mode"" : ""NO_DELAYED_OFFER"", ""int_dc"" : ""B"", ""header_list"" : []}"
10003728,55182,"{""id"" : 55182, ""hkh_nr_id"" : ""55182"", ""vpn_id"" : 10003728, ""public_number"" : ""33633333333"", ""global_call_limiter"" : 100, ""no_answer_timeout"" : 20000, ""label"" : ""06 33 33 33 33"", ""possibility"" : ""SAN_LEVEL"", ""uui"" : ""SAN_LEVEL"", ""spn_mode"" : ""DEFAULT"", ""call_transfer_mode"" : ""NO_DELAYED_OFFER"", ""int_dc"" : ""B"", ""header_list"" : []}"
10004425,55262,"{""id"" : 55262, ""hkh_nr_id"" : ""55262"", ""vpn_id"" : 10004425, ""public_number"" : ""33564125004"", ""global_call_limiter"" : null, ""no_answer_timeout"" : 20000, ""label"" : ""NR Test Client AMADEUS"", ""possibility"" : ""SAN_LEVEL"", ""uui"" : ""SAN_LEVEL"", ""spn_mode"" : ""DEFAULT"", ""call_transfer_mode"" : ""NO_DELAYED_OFFER"", ""int_dc"" : ""B"", ""header_list"" : []}"
10004425,55693,"{""id"" : 55693, ""hkh_nr_id"" : ""55693"", ""vpn_id"" : 10004425, ""public_number"" : ""33130701690"", ""global_call_limiter"" : 100, ""no_answer_timeout"" : 20000, ""label"" : ""T2 ORANGE SURTEC01 30 70 16 90"", ""possibility"" : ""SAN_LEVEL"", ""uui"" : ""SAN_LEVEL"", ""spn_mode"" : ""DEFAULT"", ""call_transfer_mode"" : ""NO_DELAYED_OFFER"", ""int_dc"" : ""B"", ""header_list"" : []}"
10016168,293831,"{""id"" : 293831, ""hkh_nr_id"" : ""293831"", ""vpn_id"" : 10016168, ""public_number"" : ""33188505381"", ""global_call_limiter"" : null, ""no_answer_timeout"" : 20000, ""label"" : ""0188505381"", ""possibility"" : ""SAN_LEVEL"", ""uui"" : ""SAN_LEVEL"", ""spn_mode"" : ""DEFAULT"", ""call_transfer_mode"" : ""NO_DELAYED_OFFER"", ""int_dc"" : ""B"", ""header_list"" : []}"
10004425,55697,"{""id"" : 55697, ""hkh_nr_id"" : ""55697"", ""vpn_id"" : 10004425, ""public_number"" : ""33130701692"", ""global_call_limiter"" : 100, ""no_answer_timeout"" : 20000, ""label"" : ""T2 ORANGE SIA 01 30 70 16 92"", ""possibility"" : ""SAN_LEVEL"", ""uui"" : ""SAN_LEVEL"", ""spn_mode"" : ""DEFAULT"", ""call_transfer_mode"" : ""NO_DELAYED_OFFER"", ""int_dc"" : ""B"", ""header_list"" : []}"
10017268,293889,"{""id"" : 293889, ""hkh_nr_id"" : ""293889"", ""vpn_id"" : 10017268, ""public_number"" : ""33362275100"", ""global_call_limiter"" : null, ""no_answer_timeout"" : 20000, ""label"" : ""BUREAU"", ""possibility"" : ""SAN_LEVEL"", ""uui"" : ""SAN_LEVEL"", ""spn_mode"" : ""DEFAULT"", ""call_transfer_mode"" : ""NO_DELAYED_OFFER"", ""int_dc"" : ""B"", ""header_list"" : []}"
10014051,293906,"{""id"" : 293906, ""hkh_nr_id"" : ""293906"", ""vpn_id"" : 10014051, ""public_number"" : ""33661890281"", ""global_call_limiter"" : 2, ""no_answer_timeout"" : 20000, ""label"" : ""NR_QUANTIMME_TOUSSAINT"", ""possibility"" : ""SAN_LEVEL"", ""uui"" : ""SAN_LEVEL"", ""spn_mode"" : ""DEFAULT"", ""call_transfer_mode"" : ""NO_DELAYED_OFFER"", ""int_dc"" : ""B"", ""header_list"" : []}"
10004971,293913,"{""id"" : 293913, ""hkh_nr_id"" : ""293913"", ""vpn_id"" : 10004971, ""public_number"" : ""1129009012138000"", ""global_call_limiter"" : null, ""no_answer_timeout"" : 20000, ""label"" : ""+1129009012138000"", ""possibility"" : ""SAN_LEVEL"", ""uui"" : ""SAN_LEVEL"", ""spn_mode"" : ""DEFAULT"", ""call_transfer_mode"" : ""NO_DELAYED_OFFER"", ""int_dc"" : ""B"", ""header_list"" : []}"
10004971,293952,"{""id"" : 293952, ""hkh_nr_id"" : ""293952"", ""vpn_id"" : 10004971, ""public_number"" : ""109046337630"", ""global_call_limiter"" : null, ""no_answer_timeout"" : 20000, ""label"" : ""+109046337630"", ""possibility"" : ""SAN_LEVEL"", ""uui"" : ""SAN_LEVEL"", ""spn_mode"" : ""DEFAULT"", ""call_transfer_mode"" : ""NO_DELAYED_OFFER"", ""int_dc"" : ""B"", ""header_list"" : []}"
10004971,293977,"{""id"" : 293977, ""hkh_nr_id"" : ""293977"", ""vpn_id"" : 10004971, ""public_number"" : ""1129009028028028"", ""global_call_limiter"" : null, ""no_answer_timeout"" : 20000, ""label"" : ""+1129009028028028"", ""possibility"" : ""SAN_LEVEL"", ""uui"" : ""SAN_LEVEL"", ""spn_mode"" : ""DEFAULT"", ""call_transfer_mode"" : ""NO_DELAYED_OFFER"", ""int_dc"" : ""B"", ""header_list"" : []}"
10004964,293998,"{""id"" : 293998, ""hkh_nr_id"" : ""293998"", ""vpn_id"" : 10004964, ""public_number"" : ""112900862071758"", ""global_call_limiter"" : null, ""no_answer_timeout"" : 20000, ""label"" : ""+112900862071758"", ""possibility"" : ""SAN_LEVEL"", ""uui"" : ""SAN_LEVEL"", ""spn_mode"" : ""DEFAULT"", ""call_transfer_mode"" : ""NO_DELAYED_OFFER"", ""int_dc"" : ""B"", ""header_list"" : []}"
10004971,294028,"{""id"" : 294028, ""hkh_nr_id"" : ""294028"", ""vpn_id"" : 10004971, ""public_number"" : ""1129009064276630"", ""global_call_limiter"" : null, ""no_answer_timeout"" : 20000, ""label"" : ""+1129009064276630"", ""possibility"" : ""SAN_LEVEL"", ""uui"" : ""SAN_LEVEL"", ""spn_mode"" : ""DEFAULT"", ""call_transfer_mode"" : ""NO_DELAYED_OFFER"", ""int_dc"" : ""B"", ""header_list"" : []}"
10004971,294037,"{""id"" : 294037, ""hkh_nr_id"" : ""294037"", ""vpn_id"" : 10004971, ""public_number"" : ""109011072011"", ""global_call_limiter"" : null, ""no_answer_timeout"" : 20000, ""label"" : ""+109011072011"", ""possibility"" : ""SAN_LEVEL"", ""uui"" : ""SAN_LEVEL"", ""spn_mode"" : ""DEFAULT"", ""call_transfer_mode"" : ""NO_DELAYED_OFFER"", ""int_dc"" : ""B"", ""header_list"" : []}"
10005032,55760,"{""id"" : 55760, ""hkh_nr_id"" : ""55760"", ""vpn_id"" : 10005032, ""public_number"" : ""33172865748"", ""global_call_limiter"" : 20, ""no_answer_timeout"" : 20000, ""label"" : ""01 72 86 57 48"", ""possibility"" : ""SAN_LEVEL"", ""uui"" : ""SAN_LEVEL"", ""spn_mode"" : ""DEFAULT"", ""call_transfer_mode"" : ""NO_DELAYED_OFFER"", ""int_dc"" : ""B"", ""header_list"" : []}"
10005032,55761,"{""id"" : 55761, ""hkh_nr_id"" : ""55761"", ""vpn_id"" : 10005032, ""public_number"" : ""33172865907"", ""global_call_limiter"" : 10, ""no_answer_timeout"" : 20000, ""label"" : ""01 72 86 59 07"", ""possibility"" : ""SAN_LEVEL"", ""uui"" : ""SAN_LEVEL"", ""spn_mode"" : ""DEFAULT"", ""call_transfer_mode"" : ""NO_DELAYED_OFFER"", ""int_dc"" : ""B"", ""header_list"" : []}"
10005032,55762,"{""id"" : 55762, ""hkh_nr_id"" : ""55762"", ""vpn_id"" : 10005032, ""public_number"" : ""33975176840"", ""global_call_limiter"" : 20, ""no_answer_timeout"" : 20000, ""label"" : ""09 75 17 68 40"", ""possibility"" : ""SAN_LEVEL"", ""uui"" : ""SAN_LEVEL"", ""spn_mode"" : ""DEFAULT"", ""call_transfer_mode"" : ""NO_DELAYED_OFFER"", ""int_dc"" : ""B"", ""header_list"" : []}"
10005032,55763,"{""id"" : 55763, ""hkh_nr_id"" : ""55763"", ""vpn_id"" : 10005032, ""public_number"" : ""33975176841"", ""global_call_limiter"" : 20, ""no_answer_timeout"" : 20000, ""label"" : ""09 75 17 68 41"", ""possibility"" : ""SAN_LEVEL"", ""uui"" : ""SAN_LEVEL"", ""spn_mode"" : ""DEFAULT"", ""call_transfer_mode"" : ""NO_DELAYED_OFFER"", ""int_dc"" : ""B"", ""header_list"" : []}"
10005032,55764,"{""id"" : 55764, ""hkh_nr_id"" : ""55764"", ""vpn_id"" : 10005032, ""public_number"" : ""33975176842"", ""global_call_limiter"" : 20, ""no_answer_timeout"" : 20000, ""label"" : ""09 75 17 68 42"", ""possibility"" : ""SAN_LEVEL"", ""uui"" : ""SAN_LEVEL"", ""spn_mode"" : ""DEFAULT"", ""call_transfer_mode"" : ""NO_DELAYED_OFFER"", ""int_dc"" : ""B"", ""header_list"" : []}"
10005032,55765,"{""id"" : 55765, ""hkh_nr_id"" : ""55765"", ""vpn_id"" : 10005032, ""public_number"" : ""33975176843"", ""global_call_limiter"" : 20, ""no_answer_timeout"" : 20000, ""label"" : ""09 75 17 68 43"", ""possibility"" : ""SAN_LEVEL"", ""uui"" : ""SAN_LEVEL"", ""spn_mode"" : ""DEFAULT"", ""call_transfer_mode"" : ""NO_DELAYED_OFFER"", ""int_dc"" : ""B"", ""header_list"" : []}"
10005044,55768,"{""id"" : 55768, ""hkh_nr_id"" : ""55768"", ""vpn_id"" : 10005044, ""public_number"" : ""33146412410"", ""global_call_limiter"" : 25, ""no_answer_timeout"" : 20000, ""label"" : ""01 46 41 24 10"", ""possibility"" : ""SAN_LEVEL"", ""uui"" : ""SAN_LEVEL"", ""spn_mode"" : ""DEFAULT"", ""call_transfer_mode"" : ""NO_DELAYED_OFFER"", ""int_dc"" : ""B"", ""header_list"" : []}"
10005044,55769,"{""id"" : 55769, ""hkh_nr_id"" : ""55769"", ""vpn_id"" : 10005044, ""public_number"" : ""33146412420"", ""global_call_limiter"" : 25, ""no_answer_timeout"" : 20000, ""label"" : ""01 46 41 24 20"", ""possibility"" : ""SAN_LEVEL"", ""uui"" : ""SAN_LEVEL"", ""spn_mode"" : ""DEFAULT"", ""call_transfer_mode"" : ""NO_DELAYED_OFFER"", ""int_dc"" : ""B"", ""header_list"" : []}"
10004928,55774,"{""id"" : 55774, ""hkh_nr_id"" : ""55774"", ""vpn_id"" : 10004928, ""public_number"" : ""33164623670"", ""global_call_limiter"" : 100, ""no_answer_timeout"" : 20000, ""label"" : ""Axel GONIKARA"", ""possibility"" : ""SAN_LEVEL"", ""uui"" : ""SAN_LEVEL"", ""spn_mode"" : ""DEFAULT"", ""call_transfer_mode"" : ""NO_DELAYED_OFFER"", ""int_dc"" : ""B"", ""header_list"" : []}"
10004928,55775,"{""id"" : 55775, ""hkh_nr_id"" : ""55775"", ""vpn_id"" : 10004928, ""public_number"" : ""33164623114"", ""global_call_limiter"" : 100, ""no_answer_timeout"" : 20000, ""label"" : ""Olivier EBAKA"", ""possibility"" : ""SAN_LEVEL"", ""uui"" : ""SAN_LEVEL"", ""spn_mode"" : ""DEFAULT"", ""call_transfer_mode"" : ""NO_DELAYED_OFFER"", ""int_dc"" : ""B"", ""header_list"" : []}"
10004425,55777,"{""id"" : 55777, ""hkh_nr_id"" : ""55777"", ""vpn_id"" : 10004425, ""public_number"" : ""33149897763"", ""global_call_limiter"" : 100, ""no_answer_timeout"" : 20000, ""label"" : ""PNEUS PIRELLI"", ""possibility"" : ""SAN_LEVEL"", ""uui"" : ""SAN_LEVEL"", ""spn_mode"" : ""DEFAULT"", ""call_transfer_mode"" : ""NO_DELAYED_OFFER"", ""int_dc"" : ""B"", ""header_list"" : []}"
10004576,55127,"{""id"" : 55127, ""hkh_nr_id"" : ""55127"", ""vpn_id"" : 10004576, ""public_number"" : ""33140694002"", ""global_call_limiter"" : 100, ""no_answer_timeout"" : 20000, ""label"" : ""01 40 69 40 02"", ""possibility"" : ""SAN_LEVEL"", ""uui"" : ""SAN_LEVEL"", ""spn_mode"" : ""DEFAULT"", ""call_transfer_mode"" : ""NO_DELAYED_OFFER"", ""int_dc"" : ""B"", ""header_list"" : []}"
10004865,55341,"{""id"" : 55341, ""hkh_nr_id"" : ""55341"", ""vpn_id"" : 10004865, ""public_number"" : ""33153769249"", ""global_call_limiter"" : 100, ""no_answer_timeout"" : 20000, ""label"" : ""33153769249"", ""possibility"" : ""SAN_LEVEL"", ""uui"" : ""SAN_LEVEL"", ""spn_mode"" : ""DEFAULT"", ""call_transfer_mode"" : ""NO_DELAYED_OFFER"", ""int_dc"" : ""B"", ""header_list"" : []}"
10004861,55361,"{""id"" : 55361, ""hkh_nr_id"" : ""55361"", ""vpn_id"" : 10004861, ""public_number"" : ""33556109278"", ""global_call_limiter"" : 30, ""no_answer_timeout"" : 20000, ""label"" : ""33556109278"", ""possibility"" : ""TRUE"", ""uui"" : ""TRUE"", ""spn_mode"" : ""DEFAULT"", ""call_transfer_mode"" : ""NO_DELAYED_OFFER"", ""int_dc"" : ""G"", ""header_list"" : []}"
10004861,55365,"{""id"" : 55365, ""hkh_nr_id"" : ""55365"", ""vpn_id"" : 10004861, ""public_number"" : ""33556109758"", ""global_call_limiter"" : 30, ""no_answer_timeout"" : 20000, ""label"" : ""33556109758"", ""possibility"" : ""TRUE"", ""uui"" : ""TRUE"", ""spn_mode"" : ""DEFAULT"", ""call_transfer_mode"" : ""NO_DELAYED_OFFER"", ""int_dc"" : ""G"", ""header_list"" : []}"
10004861,55367,"{""id"" : 55367, ""hkh_nr_id"" : ""55367"", ""vpn_id"" : 10004861, ""public_number"" : ""33556296498"", ""global_call_limiter"" : 30, ""no_answer_timeout"" : 20000, ""label"" : ""33556296498"", ""possibility"" : ""TRUE"", ""uui"" : ""TRUE"", ""spn_mode"" : ""DEFAULT"", ""call_transfer_mode"" : ""NO_DELAYED_OFFER"", ""int_dc"" : ""G"", ""header_list"" : []}"
10004861,55368,"{""id"" : 55368, ""hkh_nr_id"" : ""55368"", ""vpn_id"" : 10004861, ""public_number"" : ""33556297914"", ""global_call_limiter"" : 30, ""no_answer_timeout"" : 20000, ""label"" : ""33556297914"", ""possibility"" : ""TRUE"", ""uui"" : ""TRUE"", ""spn_mode"" : ""DEFAULT"", ""call_transfer_mode"" : ""NO_DELAYED_OFFER"", ""int_dc"" : ""G"", ""header_list"" : []}"
10004861,55369,"{""id"" : 55369, ""hkh_nr_id"" : ""55369"", ""vpn_id"" : 10004861, ""public_number"" : ""33557017614"", ""global_call_limiter"" : 30, ""no_answer_timeout"" : 20000, ""label"" : ""33557017614"", ""possibility"" : ""TRUE"", ""uui"" : ""TRUE"", ""spn_mode"" : ""DEFAULT"", ""call_transfer_mode"" : ""NO_DELAYED_OFFER"", ""int_dc"" : ""G"", ""header_list"" : []}"
10004861,55375,"{""id"" : 55375, ""hkh_nr_id"" : ""55375"", ""vpn_id"" : 10004861, ""public_number"" : ""33556109685"", ""global_call_limiter"" : 30, ""no_answer_timeout"" : 20000, ""label"" : ""33556109685"", ""possibility"" : ""TRUE"", ""uui"" : ""TRUE"", ""spn_mode"" : ""DEFAULT"", ""call_transfer_mode"" : ""NO_DELAYED_OFFER"", ""int_dc"" : ""G"", ""header_list"" : []}"
10004902,55403,"{""id"" : 55403, ""hkh_nr_id"" : ""55403"", ""vpn_id"" : 10004902, ""public_number"" : ""33232190665"", ""global_call_limiter"" : 100, ""no_answer_timeout"" : 20000, ""label"" : ""33232190665"", ""possibility"" : ""SAN_LEVEL"", ""uui"" : ""SAN_LEVEL"", ""spn_mode"" : ""DEFAULT"", ""call_transfer_mode"" : ""NO_DELAYED_OFFER"", ""int_dc"" : ""B"", ""header_list"" : []}"
10004796,55442,"{""id"" : 55442, ""hkh_nr_id"" : ""55442"", ""vpn_id"" : 10004796, ""public_number"" : ""33231635275"", ""global_call_limiter"" : null, ""no_answer_timeout"" : 20000, ""label"" : ""Centre de Contact 2"", ""possibility"" : ""SAN_LEVEL"", ""uui"" : ""SAN_LEVEL"", ""spn_mode"" : ""DEFAULT"", ""call_transfer_mode"" : ""NO_DELAYED_OFFER"", ""int_dc"" : ""B"", ""header_list"" : []}"
10004928,55484,"{""id"" : 55484, ""hkh_nr_id"" : ""55484"", ""vpn_id"" : 10004928, ""public_number"" : ""33148356070"", ""global_call_limiter"" : 50, ""no_answer_timeout"" : 20000, ""label"" : ""NATIONAL DISPATCH BAD ADRESS"", ""possibility"" : ""SAN_LEVEL"", ""uui"" : ""SAN_LEVEL"", ""spn_mode"" : ""DEFAULT"", ""call_transfer_mode"" : ""NO_DELAYED_OFFER"", ""int_dc"" : ""B"", ""header_list"" : []}"
10004928,55488,"{""id"" : 55488, ""hkh_nr_id"" : ""55488"", ""vpn_id"" : 10004928, ""public_number"" : ""33472613069"", ""global_call_limiter"" : 200, ""no_answer_timeout"" : 20000, ""label"" : ""CS LYS"", ""possibility"" : ""SAN_LEVEL"", ""uui"" : ""SAN_LEVEL"", ""spn_mode"" : ""DEFAULT"", ""call_transfer_mode"" : ""NO_DELAYED_OFFER"", ""int_dc"" : ""B"", ""header_list"" : []}"
10004949,55503,"{""id"" : 55503, ""hkh_nr_id"" : ""55503"", ""vpn_id"" : 10004949, ""public_number"" : ""33298292699"", ""global_call_limiter"" : 100, ""no_answer_timeout"" : 20000, ""label"" : ""33298292699"", ""possibility"" : ""SAN_LEVEL"", ""uui"" : ""SAN_LEVEL"", ""spn_mode"" : ""DEFAULT"", ""call_transfer_mode"" : ""NO_DELAYED_OFFER"", ""int_dc"" : ""B"", ""header_list"" : []}"
10005140,55476,"{""id"" : 55476, ""hkh_nr_id"" : ""55476"", ""vpn_id"" : 10005140, ""public_number"" : ""33150477976"", ""global_call_limiter"" : null, ""no_answer_timeout"" : 20000, ""label"" : ""0150477976"", ""possibility"" : ""SAN_LEVEL"", ""uui"" : ""SAN_LEVEL"", ""spn_mode"" : ""DEFAULT"", ""call_transfer_mode"" : ""NO_DELAYED_OFFER"", ""int_dc"" : ""B"", ""header_list"" : []}"
10005140,55481,"{""id"" : 55481, ""hkh_nr_id"" : ""55481"", ""vpn_id"" : 10005140, ""public_number"" : ""33176647969"", ""global_call_limiter"" : 100, ""no_answer_timeout"" : 10000, ""label"" : ""0176647969"", ""possibility"" : ""SAN_LEVEL"", ""uui"" : ""SAN_LEVEL"", ""spn_mode"" : ""DEFAULT"", ""call_transfer_mode"" : ""NO_DELAYED_OFFER"", ""int_dc"" : ""B"", ""header_list"" : []}"
10005140,55513,"{""id"" : 55513, ""hkh_nr_id"" : ""55513"", ""vpn_id"" : 10005140, ""public_number"" : ""33150395846"", ""global_call_limiter"" : null, ""no_answer_timeout"" : 20000, ""label"" : ""0150395846"", ""possibility"" : ""SAN_LEVEL"", ""uui"" : ""SAN_LEVEL"", ""spn_mode"" : ""DEFAULT"", ""call_transfer_mode"" : ""NO_DELAYED_OFFER"", ""int_dc"" : ""B"", ""header_list"" : []}"
10004958,55549,"{""id"" : 55549, ""hkh_nr_id"" : ""55549"", ""vpn_id"" : 10004958, ""public_number"" : ""33238143071"", ""global_call_limiter"" : 100, ""no_answer_timeout"" : 20000, ""label"" : ""SAMSUNG 33238143071"", ""possibility"" : ""SAN_LEVEL"", ""uui"" : ""SAN_LEVEL"", ""spn_mode"" : ""DEFAULT"", ""call_transfer_mode"" : ""NO_DELAYED_OFFER"", ""int_dc"" : ""B"", ""header_list"" : []}"
10004958,55555,"{""id"" : 55555, ""hkh_nr_id"" : ""55555"", ""vpn_id"" : 10004958, ""public_number"" : ""33150392140"", ""global_call_limiter"" : 100, ""no_answer_timeout"" : 20000, ""label"" : ""33150392140"", ""possibility"" : ""SAN_LEVEL"", ""uui"" : ""SAN_LEVEL"", ""spn_mode"" : ""DEFAULT"", ""call_transfer_mode"" : ""NO_DELAYED_OFFER"", ""int_dc"" : ""B"", ""header_list"" : []}"
10004984,55582,"{""id"" : 55582, ""hkh_nr_id"" : ""55582"", ""vpn_id"" : 10004984, ""public_number"" : ""33147104704"", ""global_call_limiter"" : null, ""no_answer_timeout"" : 20000, ""label"" : ""33147104704"", ""possibility"" : ""SAN_LEVEL"", ""uui"" : ""SAN_LEVEL"", ""spn_mode"" : ""DEFAULT"", ""call_transfer_mode"" : ""NO_DELAYED_OFFER"", ""int_dc"" : ""B"", ""header_list"" : []}"
10004958,55573,"{""id"" : 55573, ""hkh_nr_id"" : ""55573"", ""vpn_id"" : 10004958, ""public_number"" : ""33972656991"", ""global_call_limiter"" : 100, ""no_answer_timeout"" : 20000, ""label"" : ""OVH FNAC PRA"", ""possibility"" : ""SAN_LEVEL"", ""uui"" : ""SAN_LEVEL"", ""spn_mode"" : ""DEFAULT"", ""call_transfer_mode"" : ""NO_DELAYED_OFFER"", ""int_dc"" : ""B"", ""header_list"" : []}"
10004685,55263,"{""id"" : 55263, ""hkh_nr_id"" : ""55263"", ""vpn_id"" : 10004685, ""public_number"" : ""33437256790"", ""global_call_limiter"" : 25, ""no_answer_timeout"" : 20000, ""label"" : ""33437256790"", ""possibility"" : ""SAN_LEVEL"", ""uui"" : ""SAN_LEVEL"", ""spn_mode"" : ""DEFAULT"", ""call_transfer_mode"" : ""NO_DELAYED_OFFER"", ""int_dc"" : ""B"", ""header_list"" : []}"
10004700,55283,"{""id"" : 55283, ""hkh_nr_id"" : ""55283"", ""vpn_id"" : 10004700, ""public_number"" : ""33230060549"", ""global_call_limiter"" : 10, ""no_answer_timeout"" : 20000, ""label"" : ""33230060549"", ""possibility"" : ""SAN_LEVEL"", ""uui"" : ""SAN_LEVEL"", ""spn_mode"" : ""DEFAULT"", ""call_transfer_mode"" : ""NO_DELAYED_OFFER"", ""int_dc"" : ""B"", ""header_list"" : []}"
10004631,55123,"{""id"" : 55123, ""hkh_nr_id"" : ""55123"", ""vpn_id"" : 10004631, ""public_number"" : ""33327738240"", ""global_call_limiter"" : null, ""no_answer_timeout"" : 20000, ""label"" : ""33327738240"", ""possibility"" : ""SAN_LEVEL"", ""uui"" : ""SAN_LEVEL"", ""spn_mode"" : ""DEFAULT"", ""call_transfer_mode"" : ""NO_DELAYED_OFFER"", ""int_dc"" : ""B"", ""header_list"" : []}"
10004425,55125,"{""id"" : 55125, ""hkh_nr_id"" : ""55125"", ""vpn_id"" : 10004425, ""public_number"" : ""33321130448"", ""global_call_limiter"" : 100, ""no_answer_timeout"" : 20000, ""label"" : ""33321130448"", ""possibility"" : ""SAN_LEVEL"", ""uui"" : ""SAN_LEVEL"", ""spn_mode"" : ""DEFAULT"", ""call_transfer_mode"" : ""NO_DELAYED_OFFER"", ""int_dc"" : ""B"", ""header_list"" : []}"
10004631,55144,"{""id"" : 55144, ""hkh_nr_id"" : ""55144"", ""vpn_id"" : 10004631, ""public_number"" : ""33327738169"", ""global_call_limiter"" : null, ""no_answer_timeout"" : 20000, ""label"" : ""33327738169"", ""possibility"" : ""SAN_LEVEL"", ""uui"" : ""SAN_LEVEL"", ""spn_mode"" : ""DEFAULT"", ""call_transfer_mode"" : ""NO_DELAYED_OFFER"", ""int_dc"" : ""B"", ""header_list"" : []}"
10003860,55151,"{""id"" : 55151, ""hkh_nr_id"" : ""55151"", ""vpn_id"" : 10003860, ""public_number"" : ""33156789088"", ""global_call_limiter"" : 20, ""no_answer_timeout"" : 20000, ""label"" : ""Paris 2"", ""possibility"" : ""SAN_LEVEL"", ""uui"" : ""SAN_LEVEL"", ""spn_mode"" : ""DEFAULT"", ""call_transfer_mode"" : ""NO_DELAYED_OFFER"", ""int_dc"" : ""B"", ""header_list"" : []}"
10004646,55164,"{""id"" : 55164, ""hkh_nr_id"" : ""55164"", ""vpn_id"" : 10004646, ""public_number"" : ""33969877800"", ""global_call_limiter"" : 100, ""no_answer_timeout"" : 20000, ""label"" : ""33969877800"", ""possibility"" : ""FALSE"", ""uui"" : ""TRUE"", ""spn_mode"" : ""DEFAULT"", ""call_transfer_mode"" : ""NO_DELAYED_OFFER"", ""int_dc"" : ""M"", ""header_list"" : []}"
10004631,55183,"{""id"" : 55183, ""hkh_nr_id"" : ""55183"", ""vpn_id"" : 10004631, ""public_number"" : ""33327099090"", ""global_call_limiter"" : 100, ""no_answer_timeout"" : 20000, ""label"" : ""33327099090"", ""possibility"" : ""SAN_LEVEL"", ""uui"" : ""SAN_LEVEL"", ""spn_mode"" : ""DEFAULT"", ""call_transfer_mode"" : ""NO_DELAYED_OFFER"", ""int_dc"" : ""B"", ""header_list"" : []}"
10004631,55147,"{""id"" : 55147, ""hkh_nr_id"" : ""55147"", ""vpn_id"" : 10004631, ""public_number"" : ""33327738163"", ""global_call_limiter"" : null, ""no_answer_timeout"" : 20000, ""label"" : ""33327738163"", ""possibility"" : ""SAN_LEVEL"", ""uui"" : ""SAN_LEVEL"", ""spn_mode"" : ""DEFAULT"", ""call_transfer_mode"" : ""NO_DELAYED_OFFER"", ""int_dc"" : ""B"", ""header_list"" : []}"
10003728,55150,"{""id"" : 55150, ""hkh_nr_id"" : ""55150"", ""vpn_id"" : 10003728, ""public_number"" : ""33556293459"", ""global_call_limiter"" : 10, ""no_answer_timeout"" : 20000, ""label"" : ""NR GV Prod"", ""possibility"" : ""TRUE"", ""uui"" : ""TRUE"", ""spn_mode"" : ""DEFAULT"", ""call_transfer_mode"" : ""NO_DELAYED_OFFER"", ""int_dc"" : ""G"", ""header_list"" : []}"
10003860,55325,"{""id"" : 55325, ""hkh_nr_id"" : ""55325"", ""vpn_id"" : 10003860, ""public_number"" : ""33155667788"", ""global_call_limiter"" : null, ""no_answer_timeout"" : 20000, ""label"" : ""Grenoble"", ""possibility"" : ""SAN_LEVEL"", ""uui"" : ""SAN_LEVEL"", ""spn_mode"" : ""DEFAULT"", ""call_transfer_mode"" : ""NO_DELAYED_OFFER"", ""int_dc"" : ""B"", ""header_list"" : []}"
10004631,55143,"{""id"" : 55143, ""hkh_nr_id"" : ""55143"", ""vpn_id"" : 10004631, ""public_number"" : ""33327738226"", ""global_call_limiter"" : null, ""no_answer_timeout"" : 20000, ""label"" : ""33327738226"", ""possibility"" : ""SAN_LEVEL"", ""uui"" : ""SAN_LEVEL"", ""spn_mode"" : ""DEFAULT"", ""call_transfer_mode"" : ""NO_DELAYED_OFFER"", ""int_dc"" : ""B"", ""header_list"" : []}"
10004631,55145,"{""id"" : 55145, ""hkh_nr_id"" : ""55145"", ""vpn_id"" : 10004631, ""public_number"" : ""33327738117"", ""global_call_limiter"" : null, ""no_answer_timeout"" : 20000, ""label"" : ""33327738117"", ""possibility"" : ""SAN_LEVEL"", ""uui"" : ""SAN_LEVEL"", ""spn_mode"" : ""DEFAULT"", ""call_transfer_mode"" : ""NO_DELAYED_OFFER"", ""int_dc"" : ""B"", ""header_list"" : []}"
10004646,55165,"{""id"" : 55165, ""hkh_nr_id"" : ""55165"", ""vpn_id"" : 10004646, ""public_number"" : ""33969877802"", ""global_call_limiter"" : 100, ""no_answer_timeout"" : 20000, ""label"" : ""33969877802"", ""possibility"" : ""FALSE"", ""uui"" : ""TRUE"", ""spn_mode"" : ""DEFAULT"", ""call_transfer_mode"" : ""NO_DELAYED_OFFER"", ""int_dc"" : ""M"", ""header_list"" : []}"
10004700,55285,"{""id"" : 55285, ""hkh_nr_id"" : ""55285"", ""vpn_id"" : 10004700, ""public_number"" : ""33327738114"", ""global_call_limiter"" : 60, ""no_answer_timeout"" : 20000, ""label"" : ""33327738114"", ""possibility"" : ""SAN_LEVEL"", ""uui"" : ""SAN_LEVEL"", ""spn_mode"" : ""DEFAULT"", ""call_transfer_mode"" : ""NO_DELAYED_OFFER"", ""int_dc"" : ""B"", ""header_list"" : []}"
10004631,55146,"{""id"" : 55146, ""hkh_nr_id"" : ""55146"", ""vpn_id"" : 10004631, ""public_number"" : ""33327738165"", ""global_call_limiter"" : null, ""no_answer_timeout"" : 20000, ""label"" : ""33327738165"", ""possibility"" : ""SAN_LEVEL"", ""uui"" : ""SAN_LEVEL"", ""spn_mode"" : ""DEFAULT"", ""call_transfer_mode"" : ""NO_DELAYED_OFFER"", ""int_dc"" : ""B"", ""header_list"" : []}"
10004631,55149,"{""id"" : 55149, ""hkh_nr_id"" : ""55149"", ""vpn_id"" : 10004631, ""public_number"" : ""33327738167"", ""global_call_limiter"" : null, ""no_answer_timeout"" : 20000, ""label"" : ""33327738167"", ""possibility"" : ""SAN_LEVEL"", ""uui"" : ""SAN_LEVEL"", ""spn_mode"" : ""DEFAULT"", ""call_transfer_mode"" : ""NO_DELAYED_OFFER"", ""int_dc"" : ""B"", ""header_list"" : []}"
10004576,55203,"{""id"" : 55203, ""hkh_nr_id"" : ""55203"", ""vpn_id"" : 10004576, ""public_number"" : ""33545394114"", ""global_call_limiter"" : 100, ""no_answer_timeout"" : 20000, ""label"" : ""05 45 39 41 14"", ""possibility"" : ""SAN_LEVEL"", ""uui"" : ""SAN_LEVEL"", ""spn_mode"" : ""DEFAULT"", ""call_transfer_mode"" : ""NO_DELAYED_OFFER"", ""int_dc"" : ""B"", ""header_list"" : []}"
10003728,55204,"{""id"" : 55204, ""hkh_nr_id"" : ""55204"", ""vpn_id"" : 10003728, ""public_number"" : ""33479796501"", ""global_call_limiter"" : 100, ""no_answer_timeout"" : 0, ""label"" : ""testlot11"", ""possibility"" : ""SAN_LEVEL"", ""uui"" : ""SAN_LEVEL"", ""spn_mode"" : ""DEFAULT"", ""call_transfer_mode"" : ""NO_DELAYED_OFFER"", ""int_dc"" : ""B"", ""header_list"" : []}"
10004692,55264,"{""id"" : 55264, ""hkh_nr_id"" : ""55264"", ""vpn_id"" : 10004692, ""public_number"" : ""33156632322"", ""global_call_limiter"" : 10, ""no_answer_timeout"" : 20000, ""label"" : ""33156632322"", ""possibility"" : ""SAN_LEVEL"", ""uui"" : ""SAN_LEVEL"", ""spn_mode"" : ""DEFAULT"", ""call_transfer_mode"" : ""NO_DELAYED_OFFER"", ""int_dc"" : ""B"", ""header_list"" : []}"
10004700,55286,"{""id"" : 55286, ""hkh_nr_id"" : ""55286"", ""vpn_id"" : 10004700, ""public_number"" : ""33321219319"", ""global_call_limiter"" : 300, ""no_answer_timeout"" : 20000, ""label"" : ""03 21 21 93 19"", ""possibility"" : ""SAN_LEVEL"", ""uui"" : ""SAN_LEVEL"", ""spn_mode"" : ""DEFAULT"", ""call_transfer_mode"" : ""NO_DELAYED_OFFER"", ""int_dc"" : ""B"", ""header_list"" : []}"
10004631,55363,"{""id"" : 55363, ""hkh_nr_id"" : ""55363"", ""vpn_id"" : 10004631, ""public_number"" : ""33327738332"", ""global_call_limiter"" : 100, ""no_answer_timeout"" : 20000, ""label"" : ""33327738332"", ""possibility"" : ""SAN_LEVEL"", ""uui"" : ""SAN_LEVEL"", ""spn_mode"" : ""DEFAULT"", ""call_transfer_mode"" : ""NO_DELAYED_OFFER"", ""int_dc"" : ""B"", ""header_list"" : []}"
10004425,55243,"{""id"" : 55243, ""hkh_nr_id"" : ""55243"", ""vpn_id"" : 10004425, ""public_number"" : ""33320180757"", ""global_call_limiter"" : 100, ""no_answer_timeout"" : 20000, ""label"" : ""NR Test SOGIPHAR"", ""possibility"" : ""SAN_LEVEL"", ""uui"" : ""SAN_LEVEL"", ""spn_mode"" : ""DEFAULT"", ""call_transfer_mode"" : ""NO_DELAYED_OFFER"", ""int_dc"" : ""B"", ""header_list"" : []}"
10004700,55284,"{""id"" : 55284, ""hkh_nr_id"" : ""55284"", ""vpn_id"" : 10004700, ""public_number"" : ""33321130448"", ""global_call_limiter"" : 60, ""no_answer_timeout"" : 20000, ""label"" : ""33321130448"", ""possibility"" : ""SAN_LEVEL"", ""uui"" : ""SAN_LEVEL"", ""spn_mode"" : ""DEFAULT"", ""call_transfer_mode"" : ""NO_DELAYED_OFFER"", ""int_dc"" : ""B"", ""header_list"" : []}"
10003860,55304,"{""id"" : 55304, ""hkh_nr_id"" : ""55304"", ""vpn_id"" : 10003860, ""public_number"" : ""33155091020"", ""global_call_limiter"" : 100, ""no_answer_timeout"" : 20000, ""label"" : ""Paris"", ""possibility"" : ""SAN_LEVEL"", ""uui"" : ""SAN_LEVEL"", ""spn_mode"" : ""DEFAULT"", ""call_transfer_mode"" : ""NO_DELAYED_OFFER"", ""int_dc"" : ""B"", ""header_list"" : []}"
10004631,55124,"{""id"" : 55124, ""hkh_nr_id"" : ""55124"", ""vpn_id"" : 10004631, ""public_number"" : ""33327738105"", ""global_call_limiter"" : null, ""no_answer_timeout"" : 20000, ""label"" : ""33327738105"", ""possibility"" : ""SAN_LEVEL"", ""uui"" : ""SAN_LEVEL"", ""spn_mode"" : ""DEFAULT"", ""call_transfer_mode"" : ""NO_DELAYED_OFFER"", ""int_dc"" : ""B"", ""header_list"" : []}"
10004631,55148,"{""id"" : 55148, ""hkh_nr_id"" : ""55148"", ""vpn_id"" : 10004631, ""public_number"" : ""33327738147"", ""global_call_limiter"" : null, ""no_answer_timeout"" : 20000, ""label"" : ""33327738147"", ""possibility"" : ""SAN_LEVEL"", ""uui"" : ""SAN_LEVEL"", ""spn_mode"" : ""DEFAULT"", ""call_transfer_mode"" : ""NO_DELAYED_OFFER"", ""int_dc"" : ""B"", ""header_list"" : []}"
10004646,55166,"{""id"" : 55166, ""hkh_nr_id"" : ""55166"", ""vpn_id"" : 10004646, ""public_number"" : ""33969877801"", ""global_call_limiter"" : 100, ""no_answer_timeout"" : 20000, ""label"" : ""33969877801"", ""possibility"" : ""FALSE"", ""uui"" : ""TRUE"", ""spn_mode"" : ""DEFAULT"", ""call_transfer_mode"" : ""NO_DELAYED_OFFER"", ""int_dc"" : ""M"", ""header_list"" : []}"
10004425,55223,"{""id"" : 55223, ""hkh_nr_id"" : ""55223"", ""vpn_id"" : 10004425, ""public_number"" : ""33467161659"", ""global_call_limiter"" : 100, ""no_answer_timeout"" : 20000, ""label"" : ""NR TEST Mutuelle des Motards"", ""possibility"" : ""SAN_LEVEL"", ""uui"" : ""SAN_LEVEL"", ""spn_mode"" : ""DEFAULT"", ""call_transfer_mode"" : ""NO_DELAYED_OFFER"", ""int_dc"" : ""B"", ""header_list"" : []}"
10003728,55343,"{""id"" : 55343, ""hkh_nr_id"" : ""55343"", ""vpn_id"" : 10003728, ""public_number"" : ""80800123456"", ""global_call_limiter"" : 100, ""no_answer_timeout"" : 20000, ""label"" : ""edo_tryz8"", ""possibility"" : ""SAN_LEVEL"", ""uui"" : ""SAN_LEVEL"", ""spn_mode"" : ""DEFAULT"", ""call_transfer_mode"" : ""NO_DELAYED_OFFER"", ""int_dc"" : ""B"", ""header_list"" : []}"
10003728,55201,"{""id"" : 55201, ""hkh_nr_id"" : ""55201"", ""vpn_id"" : 10003728, ""public_number"" : ""33556296194"", ""global_call_limiter"" : 10, ""no_answer_timeout"" : 20000, ""label"" : ""33556296194"", ""possibility"" : ""TRUE"", ""uui"" : ""TRUE"", ""spn_mode"" : ""DEFAULT"", ""call_transfer_mode"" : ""NO_DELAYED_OFFER"", ""int_dc"" : ""G"", ""header_list"" : []}"
10004828,55291,"{""id"" : 55291, ""hkh_nr_id"" : ""55291"", ""vpn_id"" : 10004828, ""public_number"" : ""33556140507"", ""global_call_limiter"" : 100, ""no_answer_timeout"" : 20000, ""label"" : ""33556140507"", ""possibility"" : ""SAN_LEVEL"", ""uui"" : ""SAN_LEVEL"", ""spn_mode"" : ""DEFAULT"", ""call_transfer_mode"" : ""NO_DELAYED_OFFER"", ""int_dc"" : ""B"", ""header_list"" : []}"
10004845,55302,"{""id"" : 55302, ""hkh_nr_id"" : ""55302"", ""vpn_id"" : 10004845, ""public_number"" : ""33442179163"", ""global_call_limiter"" : 10, ""no_answer_timeout"" : 20000, ""label"" : ""33442179163"", ""possibility"" : ""SAN_LEVEL"", ""uui"" : ""SAN_LEVEL"", ""spn_mode"" : ""DEFAULT"", ""call_transfer_mode"" : ""NO_DELAYED_OFFER"", ""int_dc"" : ""B"", ""header_list"" : []}"
10004861,55366,"{""id"" : 55366, ""hkh_nr_id"" : ""55366"", ""vpn_id"" : 10004861, ""public_number"" : ""33556293571"", ""global_call_limiter"" : 30, ""no_answer_timeout"" : 20000, ""label"" : ""33556293571"", ""possibility"" : ""TRUE"", ""uui"" : ""TRUE"", ""spn_mode"" : ""DEFAULT"", ""call_transfer_mode"" : ""NO_DELAYED_OFFER"", ""int_dc"" : ""G"", ""header_list"" : []}"
10004861,55362,"{""id"" : 55362, ""hkh_nr_id"" : ""55362"", ""vpn_id"" : 10004861, ""public_number"" : ""33556109519"", ""global_call_limiter"" : 30, ""no_answer_timeout"" : 20000, ""label"" : ""33556109519"", ""possibility"" : ""TRUE"", ""uui"" : ""TRUE"", ""spn_mode"" : ""DEFAULT"", ""call_transfer_mode"" : ""NO_DELAYED_OFFER"", ""int_dc"" : ""G"", ""header_list"" : []}"
10004861,55377,"{""id"" : 55377, ""hkh_nr_id"" : ""55377"", ""vpn_id"" : 10004861, ""public_number"" : ""33557017909"", ""global_call_limiter"" : 30, ""no_answer_timeout"" : 20000, ""label"" : ""33557017909"", ""possibility"" : ""TRUE"", ""uui"" : ""TRUE"", ""spn_mode"" : ""DEFAULT"", ""call_transfer_mode"" : ""NO_DELAYED_OFFER"", ""int_dc"" : ""G"", ""header_list"" : []}"
10004861,55378,"{""id"" : 55378, ""hkh_nr_id"" : ""55378"", ""vpn_id"" : 10004861, ""public_number"" : ""33556293560"", ""global_call_limiter"" : 30, ""no_answer_timeout"" : 20000, ""label"" : ""33556293560"", ""possibility"" : ""TRUE"", ""uui"" : ""TRUE"", ""spn_mode"" : ""DEFAULT"", ""call_transfer_mode"" : ""NO_DELAYED_OFFER"", ""int_dc"" : ""G"", ""header_list"" : []}"
10004861,55379,"{""id"" : 55379, ""hkh_nr_id"" : ""55379"", ""vpn_id"" : 10004861, ""public_number"" : ""33557017672"", ""global_call_limiter"" : 30, ""no_answer_timeout"" : 20000, ""label"" : ""33557017672"", ""possibility"" : ""TRUE"", ""uui"" : ""TRUE"", ""spn_mode"" : ""DEFAULT"", ""call_transfer_mode"" : ""NO_DELAYED_OFFER"", ""int_dc"" : ""G"", ""header_list"" : []}"
10004865,55382,"{""id"" : 55382, ""hkh_nr_id"" : ""55382"", ""vpn_id"" : 10004865, ""public_number"" : ""33153769225"", ""global_call_limiter"" : 100, ""no_answer_timeout"" : 20000, ""label"" : ""33153769225"", ""possibility"" : ""SAN_LEVEL"", ""uui"" : ""SAN_LEVEL"", ""spn_mode"" : ""DEFAULT"", ""call_transfer_mode"" : ""NO_DELAYED_OFFER"", ""int_dc"" : ""B"", ""header_list"" : []}"
10004902,55402,"{""id"" : 55402, ""hkh_nr_id"" : ""55402"", ""vpn_id"" : 10004902, ""public_number"" : ""33155996490"", ""global_call_limiter"" : 100, ""no_answer_timeout"" : 20000, ""label"" : ""33155996490"", ""possibility"" : ""SAN_LEVEL"", ""uui"" : ""SAN_LEVEL"", ""spn_mode"" : ""DEFAULT"", ""call_transfer_mode"" : ""NO_DELAYED_OFFER"", ""int_dc"" : ""B"", ""header_list"" : []}"
10004902,55404,"{""id"" : 55404, ""hkh_nr_id"" : ""55404"", ""vpn_id"" : 10004902, ""public_number"" : ""33155996489"", ""global_call_limiter"" : 100, ""no_answer_timeout"" : 20000, ""label"" : ""33155996489"", ""possibility"" : ""SAN_LEVEL"", ""uui"" : ""SAN_LEVEL"", ""spn_mode"" : ""DEFAULT"", ""call_transfer_mode"" : ""NO_DELAYED_OFFER"", ""int_dc"" : ""B"", ""header_list"" : []}"
10004928,55466,"{""id"" : 55466, ""hkh_nr_id"" : ""55466"", ""vpn_id"" : 10004928, ""public_number"" : ""33148356088"", ""global_call_limiter"" : 100, ""no_answer_timeout"" : 20000, ""label"" : ""PROXI IENA"", ""possibility"" : ""SAN_LEVEL"", ""uui"" : ""SAN_LEVEL"", ""spn_mode"" : ""DEFAULT"", ""call_transfer_mode"" : ""NO_DELAYED_OFFER"", ""int_dc"" : ""B"", ""header_list"" : []}"
10004932,55475,"{""id"" : 55475, ""hkh_nr_id"" : ""55475"", ""vpn_id"" : 10004932, ""public_number"" : ""33478561853"", ""global_call_limiter"" : 100, ""no_answer_timeout"" : 20000, ""label"" : ""33478561853"", ""possibility"" : ""SAN_LEVEL"", ""uui"" : ""SAN_LEVEL"", ""spn_mode"" : ""DEFAULT"", ""call_transfer_mode"" : ""NO_DELAYED_OFFER"", ""int_dc"" : ""B"", ""header_list"" : []}"
10004928,55486,"{""id"" : 55486, ""hkh_nr_id"" : ""55486"", ""vpn_id"" : 10004928, ""public_number"" : ""33141629192"", ""global_call_limiter"" : 200, ""no_answer_timeout"" : 20000, ""label"" : ""CS MMZ LYS PARTICULIERS"", ""possibility"" : ""SAN_LEVEL"", ""uui"" : ""SAN_LEVEL"", ""spn_mode"" : ""DEFAULT"", ""call_transfer_mode"" : ""NO_DELAYED_OFFER"", ""int_dc"" : ""B"", ""header_list"" : []}"
10004949,55504,"{""id"" : 55504, ""hkh_nr_id"" : ""55504"", ""vpn_id"" : 10004949, ""public_number"" : ""33298291776"", ""global_call_limiter"" : 100, ""no_answer_timeout"" : 20000, ""label"" : ""33298291776"", ""possibility"" : ""SAN_LEVEL"", ""uui"" : ""SAN_LEVEL"", ""spn_mode"" : ""DEFAULT"", ""call_transfer_mode"" : ""NO_DELAYED_OFFER"", ""int_dc"" : ""B"", ""header_list"" : []}"
10004949,55508,"{""id"" : 55508, ""hkh_nr_id"" : ""55508"", ""vpn_id"" : 10004949, ""public_number"" : ""33298291765"", ""global_call_limiter"" : 100, ""no_answer_timeout"" : 20000, ""label"" : ""33298291765"", ""possibility"" : ""SAN_LEVEL"", ""uui"" : ""SAN_LEVEL"", ""spn_mode"" : ""DEFAULT"", ""call_transfer_mode"" : ""NO_DELAYED_OFFER"", ""int_dc"" : ""B"", ""header_list"" : []}"
10004949,55509,"{""id"" : 55509, ""hkh_nr_id"" : ""55509"", ""vpn_id"" : 10004949, ""public_number"" : ""33298291745"", ""global_call_limiter"" : 100, ""no_answer_timeout"" : 20000, ""label"" : ""33298291745"", ""possibility"" : ""SAN_LEVEL"", ""uui"" : ""SAN_LEVEL"", ""spn_mode"" : ""DEFAULT"", ""call_transfer_mode"" : ""NO_DELAYED_OFFER"", ""int_dc"" : ""B"", ""header_list"" : []}"
10004949,55522,"{""id"" : 55522, ""hkh_nr_id"" : ""55522"", ""vpn_id"" : 10004949, ""public_number"" : ""33298292964"", ""global_call_limiter"" : 5, ""no_answer_timeout"" : 20000, ""label"" : ""33298292964"", ""possibility"" : ""SAN_LEVEL"", ""uui"" : ""SAN_LEVEL"", ""spn_mode"" : ""DEFAULT"", ""call_transfer_mode"" : ""NO_DELAYED_OFFER"", ""int_dc"" : ""B"", ""header_list"" : []}"
10004958,55541,"{""id"" : 55541, ""hkh_nr_id"" : ""55541"", ""vpn_id"" : 10004958, ""public_number"" : ""33238143068"", ""global_call_limiter"" : 255, ""no_answer_timeout"" : 20000, ""label"" : ""CASH EXP-ELECTRO D 33238143068"", ""possibility"" : ""SAN_LEVEL"", ""uui"" : ""SAN_LEVEL"", ""spn_mode"" : ""DEFAULT"", ""call_transfer_mode"" : ""NO_DELAYED_OFFER"", ""int_dc"" : ""B"", ""header_list"" : []}"
10004958,55544,"{""id"" : 55544, ""hkh_nr_id"" : ""55544"", ""vpn_id"" : 10004958, ""public_number"" : ""33238143075"", ""global_call_limiter"" : 255, ""no_answer_timeout"" : 20000, ""label"" : ""GPC 33238143075"", ""possibility"" : ""SAN_LEVEL"", ""uui"" : ""SAN_LEVEL"", ""spn_mode"" : ""DEFAULT"", ""call_transfer_mode"" : ""NO_DELAYED_OFFER"", ""int_dc"" : ""B"", ""header_list"" : []}"
10004958,55550,"{""id"" : 55550, ""hkh_nr_id"" : ""55550"", ""vpn_id"" : 10004958, ""public_number"" : ""33238143064"", ""global_call_limiter"" : 100, ""no_answer_timeout"" : 20000, ""label"" : ""FNAC 33238143064"", ""possibility"" : ""SAN_LEVEL"", ""uui"" : ""SAN_LEVEL"", ""spn_mode"" : ""DEFAULT"", ""call_transfer_mode"" : ""NO_DELAYED_OFFER"", ""int_dc"" : ""B"", ""header_list"" : []}"
10004958,55554,"{""id"" : 55554, ""hkh_nr_id"" : ""55554"", ""vpn_id"" : 10004958, ""public_number"" : ""33150392180"", ""global_call_limiter"" : 100, ""no_answer_timeout"" : 20000, ""label"" : ""33150392180"", ""possibility"" : ""SAN_LEVEL"", ""uui"" : ""SAN_LEVEL"", ""spn_mode"" : ""DEFAULT"", ""call_transfer_mode"" : ""NO_DELAYED_OFFER"", ""int_dc"" : ""B"", ""header_list"" : []}"
10004974,55557,"{""id"" : 55557, ""hkh_nr_id"" : ""55557"", ""vpn_id"" : 10004974, ""public_number"" : ""33442325472"", ""global_call_limiter"" : null, ""no_answer_timeout"" : 15000, ""label"" : ""33442325472"", ""possibility"" : ""SAN_LEVEL"", ""uui"" : ""SAN_LEVEL"", ""spn_mode"" : ""DEFAULT"", ""call_transfer_mode"" : ""NO_DELAYED_OFFER"", ""int_dc"" : ""B"", ""header_list"" : []}"
10004976,55570,"{""id"" : 55570, ""hkh_nr_id"" : ""55570"", ""vpn_id"" : 10004976, ""public_number"" : ""33999011448"", ""global_call_limiter"" : 255, ""no_answer_timeout"" : 20000, ""label"" : ""33999011448"", ""possibility"" : ""SAN_LEVEL"", ""uui"" : ""SAN_LEVEL"", ""spn_mode"" : ""SPN_STANDARD"", ""call_transfer_mode"" : ""NO_DELAYED_OFFER"", ""int_dc"" : ""F"", ""header_list"" : []}"
10005129,55383,"{""id"" : 55383, ""hkh_nr_id"" : ""55383"", ""vpn_id"" : 10005129, ""public_number"" : ""33149897764"", ""global_call_limiter"" : 255, ""no_answer_timeout"" : 20000, ""label"" : ""01 49 89 77 64"", ""possibility"" : ""SAN_LEVEL"", ""uui"" : ""SAN_LEVEL"", ""spn_mode"" : ""DEFAULT"", ""call_transfer_mode"" : ""NO_DELAYED_OFFER"", ""int_dc"" : ""B"", ""header_list"" : []}"
10005129,55384,"{""id"" : 55384, ""hkh_nr_id"" : ""55384"", ""vpn_id"" : 10005129, ""public_number"" : ""33149897732"", ""global_call_limiter"" : 20, ""no_answer_timeout"" : 20000, ""label"" : ""01 49 89 77 32"", ""possibility"" : ""SAN_LEVEL"", ""uui"" : ""SAN_LEVEL"", ""spn_mode"" : ""DEFAULT"", ""call_transfer_mode"" : ""NO_DELAYED_OFFER"", ""int_dc"" : ""B"", ""header_list"" : []}"
10005129,55385,"{""id"" : 55385, ""hkh_nr_id"" : ""55385"", ""vpn_id"" : 10005129, ""public_number"" : ""33149897727"", ""global_call_limiter"" : 2, ""no_answer_timeout"" : 20000, ""label"" : ""01 49 89 77 27"", ""possibility"" : ""SAN_LEVEL"", ""uui"" : ""SAN_LEVEL"", ""spn_mode"" : ""DEFAULT"", ""call_transfer_mode"" : ""NO_DELAYED_OFFER"", ""int_dc"" : ""B"", ""header_list"" : []}"
10005125,55386,"{""id"" : 55386, ""hkh_nr_id"" : ""55386"", ""vpn_id"" : 10005125, ""public_number"" : ""33299753794"", ""global_call_limiter"" : 100, ""no_answer_timeout"" : 20000, ""label"" : ""VITRE"", ""possibility"" : ""SAN_LEVEL"", ""uui"" : ""SAN_LEVEL"", ""spn_mode"" : ""DEFAULT"", ""call_transfer_mode"" : ""NO_DELAYED_OFFER"", ""int_dc"" : ""B"", ""header_list"" : []}"
10005125,55387,"{""id"" : 55387, ""hkh_nr_id"" : ""55387"", ""vpn_id"" : 10005125, ""public_number"" : ""33299860130"", ""global_call_limiter"" : 100, ""no_answer_timeout"" : 20000, ""label"" : ""NOYAL CHATILLON SUR SEINE"", ""possibility"" : ""SAN_LEVEL"", ""uui"" : ""SAN_LEVEL"", ""spn_mode"" : ""DEFAULT"", ""call_transfer_mode"" : ""NO_DELAYED_OFFER"", ""int_dc"" : ""B"", ""header_list"" : []}"
10005125,55388,"{""id"" : 55388, ""hkh_nr_id"" : ""55388"", ""vpn_id"" : 10005125, ""public_number"" : ""33243697467"", ""global_call_limiter"" : 100, ""no_answer_timeout"" : 20000, ""label"" : ""LAVAL"", ""possibility"" : ""SAN_LEVEL"", ""uui"" : ""SAN_LEVEL"", ""spn_mode"" : ""DEFAULT"", ""call_transfer_mode"" : ""NO_DELAYED_OFFER"", ""int_dc"" : ""B"", ""header_list"" : []}"
10004949,55389,"{""id"" : 55389, ""hkh_nr_id"" : ""55389"", ""vpn_id"" : 10004949, ""public_number"" : ""33298292996"", ""global_call_limiter"" : 100, ""no_answer_timeout"" : 20000, ""label"" : ""02 98 29 29 96"", ""possibility"" : ""SAN_LEVEL"", ""uui"" : ""SAN_LEVEL"", ""spn_mode"" : ""DEFAULT"", ""call_transfer_mode"" : ""NO_DELAYED_OFFER"", ""int_dc"" : ""B"", ""header_list"" : []}"
10005129,55390,"{""id"" : 55390, ""hkh_nr_id"" : ""55390"", ""vpn_id"" : 10005129, ""public_number"" : ""33149897766"", ""global_call_limiter"" : 15, ""no_answer_timeout"" : 20000, ""label"" : ""01 49 89 77 66"", ""possibility"" : ""SAN_LEVEL"", ""uui"" : ""SAN_LEVEL"", ""spn_mode"" : ""DEFAULT"", ""call_transfer_mode"" : ""NO_DELAYED_OFFER"", ""int_dc"" : ""B"", ""header_list"" : []}"
10004949,55391,"{""id"" : 55391, ""hkh_nr_id"" : ""55391"", ""vpn_id"" : 10004949, ""public_number"" : ""33298292788"", ""global_call_limiter"" : 100, ""no_answer_timeout"" : 20000, ""label"" : ""MINISITE"", ""possibility"" : ""SAN_LEVEL"", ""uui"" : ""SAN_LEVEL"", ""spn_mode"" : ""DEFAULT"", ""call_transfer_mode"" : ""NO_DELAYED_OFFER"", ""int_dc"" : ""B"", ""header_list"" : []}"
10005129,55392,"{""id"" : 55392, ""hkh_nr_id"" : ""55392"", ""vpn_id"" : 10005129, ""public_number"" : ""33149897763"", ""global_call_limiter"" : 10, ""no_answer_timeout"" : 20000, ""label"" : ""01 49 89 77 63"", ""possibility"" : ""SAN_LEVEL"", ""uui"" : ""SAN_LEVEL"", ""spn_mode"" : ""DEFAULT"", ""call_transfer_mode"" : ""NO_DELAYED_OFFER"", ""int_dc"" : ""B"", ""header_list"" : []}"
10005140,55406,"{""id"" : 55406, ""hkh_nr_id"" : ""55406"", ""vpn_id"" : 10005140, ""public_number"" : ""33999011381"", ""global_call_limiter"" : null, ""no_answer_timeout"" : 20000, ""label"" : ""09 99 01 13 81"", ""possibility"" : ""SAN_LEVEL"", ""uui"" : ""SAN_LEVEL"", ""spn_mode"" : ""SPN_STANDARD"", ""call_transfer_mode"" : ""NO_DELAYED_OFFER"", ""int_dc"" : ""F"", ""header_list"" : []}"
10005140,55407,"{""id"" : 55407, ""hkh_nr_id"" : ""55407"", ""vpn_id"" : 10005140, ""public_number"" : ""33426848962"", ""global_call_limiter"" : 8, ""no_answer_timeout"" : 20000, ""label"" : ""04 26 84 89 62"", ""possibility"" : ""SAN_LEVEL"", ""uui"" : ""SAN_LEVEL"", ""spn_mode"" : ""DEFAULT"", ""call_transfer_mode"" : ""NO_DELAYED_OFFER"", ""int_dc"" : ""B"", ""header_list"" : []}"
10005140,55408,"{""id"" : 55408, ""hkh_nr_id"" : ""55408"", ""vpn_id"" : 10005140, ""public_number"" : ""33999012492"", ""global_call_limiter"" : null, ""no_answer_timeout"" : 20000, ""label"" : ""09 99 01 24 92"", ""possibility"" : ""SAN_LEVEL"", ""uui"" : ""SAN_LEVEL"", ""spn_mode"" : ""SPN_STANDARD"", ""call_transfer_mode"" : ""NO_DELAYED_OFFER"", ""int_dc"" : ""F"", ""header_list"" : []}"
10005140,55410,"{""id"" : 55410, ""hkh_nr_id"" : ""55410"", ""vpn_id"" : 10005140, ""public_number"" : ""33999012494"", ""global_call_limiter"" : null, ""no_answer_timeout"" : 20000, ""label"" : ""09 99 01 24 94"", ""possibility"" : ""SAN_LEVEL"", ""uui"" : ""SAN_LEVEL"", ""spn_mode"" : ""SPN_STANDARD"", ""call_transfer_mode"" : ""NO_DELAYED_OFFER"", ""int_dc"" : ""F"", ""header_list"" : []}"
10005140,55411,"{""id"" : 55411, ""hkh_nr_id"" : ""55411"", ""vpn_id"" : 10005140, ""public_number"" : ""33999014193"", ""global_call_limiter"" : null, ""no_answer_timeout"" : 20000, ""label"" : ""09 99 01 41 93"", ""possibility"" : ""SAN_LEVEL"", ""uui"" : ""SAN_LEVEL"", ""spn_mode"" : ""SPN_STANDARD"", ""call_transfer_mode"" : ""NO_DELAYED_OFFER"", ""int_dc"" : ""F"", ""header_list"" : []}"
10005140,55412,"{""id"" : 55412, ""hkh_nr_id"" : ""55412"", ""vpn_id"" : 10005140, ""public_number"" : ""33999013124"", ""global_call_limiter"" : 255, ""no_answer_timeout"" : 20000, ""label"" : ""09 99 01 31 24"", ""possibility"" : ""SAN_LEVEL"", ""uui"" : ""SAN_LEVEL"", ""spn_mode"" : ""SPN_STANDARD"", ""call_transfer_mode"" : ""NO_DELAYED_OFFER"", ""int_dc"" : ""F"", ""header_list"" : []}"
10005140,55413,"{""id"" : 55413, ""hkh_nr_id"" : ""55413"", ""vpn_id"" : 10005140, ""public_number"" : ""33999013125"", ""global_call_limiter"" : null, ""no_answer_timeout"" : 20000, ""label"" : ""09 99 01 31 25"", ""possibility"" : ""SAN_LEVEL"", ""uui"" : ""SAN_LEVEL"", ""spn_mode"" : ""SPN_STANDARD"", ""call_transfer_mode"" : ""NO_DELAYED_OFFER"", ""int_dc"" : ""F"", ""header_list"" : []}"
10005140,55414,"{""id"" : 55414, ""hkh_nr_id"" : ""55414"", ""vpn_id"" : 10005140, ""public_number"" : ""33999014196"", ""global_call_limiter"" : null, ""no_answer_timeout"" : 20000, ""label"" : ""09 99 01 41 96"", ""possibility"" : ""SAN_LEVEL"", ""uui"" : ""SAN_LEVEL"", ""spn_mode"" : ""SPN_STANDARD"", ""call_transfer_mode"" : ""NO_DELAYED_OFFER"", ""int_dc"" : ""F"", ""header_list"" : []}"
10005140,55415,"{""id"" : 55415, ""hkh_nr_id"" : ""55415"", ""vpn_id"" : 10005140, ""public_number"" : ""33450968987"", ""global_call_limiter"" : 1, ""no_answer_timeout"" : 20000, ""label"" : ""04 50 96 89 87"", ""possibility"" : ""SAN_LEVEL"", ""uui"" : ""SAN_LEVEL"", ""spn_mode"" : ""DEFAULT"", ""call_transfer_mode"" : ""NO_DELAYED_OFFER"", ""int_dc"" : ""B"", ""header_list"" : []}"
10005140,55409,"{""id"" : 55409, ""hkh_nr_id"" : ""55409"", ""vpn_id"" : 10005140, ""public_number"" : ""33999012493"", ""global_call_limiter"" : null, ""no_answer_timeout"" : 20000, ""label"" : ""09 99 01 24 93"", ""possibility"" : ""SAN_LEVEL"", ""uui"" : ""SAN_LEVEL"", ""spn_mode"" : ""SPN_STANDARD"", ""call_transfer_mode"" : ""NO_DELAYED_OFFER"", ""int_dc"" : ""F"", ""header_list"" : []}"
10005140,55416,"{""id"" : 55416, ""hkh_nr_id"" : ""55416"", ""vpn_id"" : 10005140, ""public_number"" : ""33999013126"", ""global_call_limiter"" : null, ""no_answer_timeout"" : 20000, ""label"" : ""09 99 01 31 26"", ""possibility"" : ""SAN_LEVEL"", ""uui"" : ""SAN_LEVEL"", ""spn_mode"" : ""SPN_STANDARD"", ""call_transfer_mode"" : ""NO_DELAYED_OFFER"", ""int_dc"" : ""F"", ""header_list"" : []}"
10005140,55417,"{""id"" : 55417, ""hkh_nr_id"" : ""55417"", ""vpn_id"" : 10005140, ""public_number"" : ""33999014426"", ""global_call_limiter"" : null, ""no_answer_timeout"" : 20000, ""label"" : ""09 99 01 44 26"", ""possibility"" : ""SAN_LEVEL"", ""uui"" : ""SAN_LEVEL"", ""spn_mode"" : ""SPN_STANDARD"", ""call_transfer_mode"" : ""NO_DELAYED_OFFER"", ""int_dc"" : ""F"", ""header_list"" : []}"
10005140,55418,"{""id"" : 55418, ""hkh_nr_id"" : ""55418"", ""vpn_id"" : 10005140, ""public_number"" : ""33999013120"", ""global_call_limiter"" : null, ""no_answer_timeout"" : 20000, ""label"" : ""09 99 01 31 20"", ""possibility"" : ""SAN_LEVEL"", ""uui"" : ""SAN_LEVEL"", ""spn_mode"" : ""SPN_STANDARD"", ""call_transfer_mode"" : ""NO_DELAYED_OFFER"", ""int_dc"" : ""F"", ""header_list"" : []}"
10005140,55419,"{""id"" : 55419, ""hkh_nr_id"" : ""55419"", ""vpn_id"" : 10005140, ""public_number"" : ""33999013121"", ""global_call_limiter"" : null, ""no_answer_timeout"" : 20000, ""label"" : ""09 99 01 31 21"", ""possibility"" : ""SAN_LEVEL"", ""uui"" : ""SAN_LEVEL"", ""spn_mode"" : ""SPN_STANDARD"", ""call_transfer_mode"" : ""NO_DELAYED_OFFER"", ""int_dc"" : ""F"", ""header_list"" : []}"
10005140,55420,"{""id"" : 55420, ""hkh_nr_id"" : ""55420"", ""vpn_id"" : 10005140, ""public_number"" : ""33999014199"", ""global_call_limiter"" : null, ""no_answer_timeout"" : 20000, ""label"" : ""09 99 01 41 99"", ""possibility"" : ""SAN_LEVEL"", ""uui"" : ""SAN_LEVEL"", ""spn_mode"" : ""SPN_STANDARD"", ""call_transfer_mode"" : ""NO_DELAYED_OFFER"", ""int_dc"" : ""F"", ""header_list"" : []}"
10005140,55424,"{""id"" : 55424, ""hkh_nr_id"" : ""55424"", ""vpn_id"" : 10005140, ""public_number"" : ""33999014198"", ""global_call_limiter"" : null, ""no_answer_timeout"" : 20000, ""label"" : ""09 99 01 41 98"", ""possibility"" : ""SAN_LEVEL"", ""uui"" : ""SAN_LEVEL"", ""spn_mode"" : ""SPN_STANDARD"", ""call_transfer_mode"" : ""NO_DELAYED_OFFER"", ""int_dc"" : ""F"", ""header_list"" : []}"
10005140,55425,"{""id"" : 55425, ""hkh_nr_id"" : ""55425"", ""vpn_id"" : 10005140, ""public_number"" : ""33999013119"", ""global_call_limiter"" : null, ""no_answer_timeout"" : 20000, ""label"" : ""09 99 01 31 19"", ""possibility"" : ""SAN_LEVEL"", ""uui"" : ""SAN_LEVEL"", ""spn_mode"" : ""SPN_STANDARD"", ""call_transfer_mode"" : ""NO_DELAYED_OFFER"", ""int_dc"" : ""F"", ""header_list"" : []}"
10005140,55426,"{""id"" : 55426, ""hkh_nr_id"" : ""55426"", ""vpn_id"" : 10005140, ""public_number"" : ""33426848963"", ""global_call_limiter"" : 8, ""no_answer_timeout"" : 20000, ""label"" : ""04 26 84 89 63"", ""possibility"" : ""SAN_LEVEL"", ""uui"" : ""SAN_LEVEL"", ""spn_mode"" : ""DEFAULT"", ""call_transfer_mode"" : ""NO_DELAYED_OFFER"", ""int_dc"" : ""B"", ""header_list"" : []}"
10005140,55427,"{""id"" : 55427, ""hkh_nr_id"" : ""55427"", ""vpn_id"" : 10005140, ""public_number"" : ""33426844605"", ""global_call_limiter"" : 100, ""no_answer_timeout"" : 20000, ""label"" : ""04 26 84 46 05"", ""possibility"" : ""SAN_LEVEL"", ""uui"" : ""SAN_LEVEL"", ""spn_mode"" : ""DEFAULT"", ""call_transfer_mode"" : ""NO_DELAYED_OFFER"", ""int_dc"" : ""B"", ""header_list"" : []}"
10005140,55428,"{""id"" : 55428, ""hkh_nr_id"" : ""55428"", ""vpn_id"" : 10005140, ""public_number"" : ""33426848969"", ""global_call_limiter"" : 3, ""no_answer_timeout"" : 20000, ""label"" : ""04 26 84 89 69"", ""possibility"" : ""SAN_LEVEL"", ""uui"" : ""SAN_LEVEL"", ""spn_mode"" : ""DEFAULT"", ""call_transfer_mode"" : ""NO_DELAYED_OFFER"", ""int_dc"" : ""B"", ""header_list"" : []}"
10005140,55429,"{""id"" : 55429, ""hkh_nr_id"" : ""55429"", ""vpn_id"" : 10005140, ""public_number"" : ""33999014197"", ""global_call_limiter"" : null, ""no_answer_timeout"" : 20000, ""label"" : ""09 99 01 41 97"", ""possibility"" : ""SAN_LEVEL"", ""uui"" : ""SAN_LEVEL"", ""spn_mode"" : ""SPN_STANDARD"", ""call_transfer_mode"" : ""NO_DELAYED_OFFER"", ""int_dc"" : ""F"", ""header_list"" : []}"
10005140,55430,"{""id"" : 55430, ""hkh_nr_id"" : ""55430"", ""vpn_id"" : 10005140, ""public_number"" : ""33999013128"", ""global_call_limiter"" : null, ""no_answer_timeout"" : 20000, ""label"" : ""09 99 01 31 28"", ""possibility"" : ""SAN_LEVEL"", ""uui"" : ""SAN_LEVEL"", ""spn_mode"" : ""SPN_STANDARD"", ""call_transfer_mode"" : ""NO_DELAYED_OFFER"", ""int_dc"" : ""F"", ""header_list"" : []}"
10005140,55431,"{""id"" : 55431, ""hkh_nr_id"" : ""55431"", ""vpn_id"" : 10005140, ""public_number"" : ""33999014195"", ""global_call_limiter"" : null, ""no_answer_timeout"" : 20000, ""label"" : ""09 99 01 41 95"", ""possibility"" : ""SAN_LEVEL"", ""uui"" : ""SAN_LEVEL"", ""spn_mode"" : ""SPN_STANDARD"", ""call_transfer_mode"" : ""NO_DELAYED_OFFER"", ""int_dc"" : ""F"", ""header_list"" : []}"
10005140,55432,"{""id"" : 55432, ""hkh_nr_id"" : ""55432"", ""vpn_id"" : 10005140, ""public_number"" : ""33999014194"", ""global_call_limiter"" : 100, ""no_answer_timeout"" : 20000, ""label"" : ""09 99 01 41 94"", ""possibility"" : ""SAN_LEVEL"", ""uui"" : ""SAN_LEVEL"", ""spn_mode"" : ""SPN_STANDARD"", ""call_transfer_mode"" : ""NO_DELAYED_OFFER"", ""int_dc"" : ""F"", ""header_list"" : []}"
10005140,55433,"{""id"" : 55433, ""hkh_nr_id"" : ""55433"", ""vpn_id"" : 10005140, ""public_number"" : ""33999013127"", ""global_call_limiter"" : null, ""no_answer_timeout"" : 20000, ""label"" : ""09 99 01 31 27"", ""possibility"" : ""SAN_LEVEL"", ""uui"" : ""SAN_LEVEL"", ""spn_mode"" : ""SPN_STANDARD"", ""call_transfer_mode"" : ""NO_DELAYED_OFFER"", ""int_dc"" : ""F"", ""header_list"" : []}"
10005140,55434,"{""id"" : 55434, ""hkh_nr_id"" : ""55434"", ""vpn_id"" : 10005140, ""public_number"" : ""33999013122"", ""global_call_limiter"" : null, ""no_answer_timeout"" : 20000, ""label"" : ""09 99 01 31 22"", ""possibility"" : ""SAN_LEVEL"", ""uui"" : ""SAN_LEVEL"", ""spn_mode"" : ""SPN_STANDARD"", ""call_transfer_mode"" : ""NO_DELAYED_OFFER"", ""int_dc"" : ""F"", ""header_list"" : []}"
10005140,55435,"{""id"" : 55435, ""hkh_nr_id"" : ""55435"", ""vpn_id"" : 10005140, ""public_number"" : ""33999013123"", ""global_call_limiter"" : null, ""no_answer_timeout"" : 20000, ""label"" : ""09 99 01 31 23"", ""possibility"" : ""SAN_LEVEL"", ""uui"" : ""SAN_LEVEL"", ""spn_mode"" : ""SPN_STANDARD"", ""call_transfer_mode"" : ""NO_DELAYED_OFFER"", ""int_dc"" : ""F"", ""header_list"" : []}"
10005140,55436,"{""id"" : 55436, ""hkh_nr_id"" : ""55436"", ""vpn_id"" : 10005140, ""public_number"" : ""33150427478"", ""global_call_limiter"" : null, ""no_answer_timeout"" : 20000, ""label"" : ""01 50 42 74 78"", ""possibility"" : ""SAN_LEVEL"", ""uui"" : ""SAN_LEVEL"", ""spn_mode"" : ""DEFAULT"", ""call_transfer_mode"" : ""NO_DELAYED_OFFER"", ""int_dc"" : ""B"", ""header_list"" : []}"
10005140,55437,"{""id"" : 55437, ""hkh_nr_id"" : ""55437"", ""vpn_id"" : 10005140, ""public_number"" : ""33450968951"", ""global_call_limiter"" : 3, ""no_answer_timeout"" : 20000, ""label"" : ""0450968951"", ""possibility"" : ""SAN_LEVEL"", ""uui"" : ""SAN_LEVEL"", ""spn_mode"" : ""DEFAULT"", ""call_transfer_mode"" : ""NO_DELAYED_OFFER"", ""int_dc"" : ""B"", ""header_list"" : []}"
10005140,55438,"{""id"" : 55438, ""hkh_nr_id"" : ""55438"", ""vpn_id"" : 10005140, ""public_number"" : ""33450963511"", ""global_call_limiter"" : null, ""no_answer_timeout"" : 20000, ""label"" : ""SOMFY 1"", ""possibility"" : ""SAN_LEVEL"", ""uui"" : ""SAN_LEVEL"", ""spn_mode"" : ""DEFAULT"", ""call_transfer_mode"" : ""NO_DELAYED_OFFER"", ""int_dc"" : ""B"", ""header_list"" : []}"
10005140,55439,"{""id"" : 55439, ""hkh_nr_id"" : ""55439"", ""vpn_id"" : 10005140, ""public_number"" : ""33450968965"", ""global_call_limiter"" : null, ""no_answer_timeout"" : 20000, ""label"" : ""0450968965"", ""possibility"" : ""SAN_LEVEL"", ""uui"" : ""SAN_LEVEL"", ""spn_mode"" : ""DEFAULT"", ""call_transfer_mode"" : ""NO_DELAYED_OFFER"", ""int_dc"" : ""B"", ""header_list"" : []}"
10005140,55440,"{""id"" : 55440, ""hkh_nr_id"" : ""55440"", ""vpn_id"" : 10005140, ""public_number"" : ""33450219828"", ""global_call_limiter"" : 10, ""no_answer_timeout"" : 20000, ""label"" : ""0450219828"", ""possibility"" : ""SAN_LEVEL"", ""uui"" : ""SAN_LEVEL"", ""spn_mode"" : ""DEFAULT"", ""call_transfer_mode"" : ""NO_DELAYED_OFFER"", ""int_dc"" : ""B"", ""header_list"" : []}"
10005140,55441,"{""id"" : 55441, ""hkh_nr_id"" : ""55441"", ""vpn_id"" : 10005140, ""public_number"" : ""33450968994"", ""global_call_limiter"" : 15, ""no_answer_timeout"" : 20000, ""label"" : ""somfy 4"", ""possibility"" : ""SAN_LEVEL"", ""uui"" : ""SAN_LEVEL"", ""spn_mode"" : ""DEFAULT"", ""call_transfer_mode"" : ""NO_DELAYED_OFFER"", ""int_dc"" : ""B"", ""header_list"" : []}"
10005140,55443,"{""id"" : 55443, ""hkh_nr_id"" : ""55443"", ""vpn_id"" : 10005140, ""public_number"" : ""33450968995"", ""global_call_limiter"" : 8, ""no_answer_timeout"" : 20000, ""label"" : ""0450968995"", ""possibility"" : ""SAN_LEVEL"", ""uui"" : ""SAN_LEVEL"", ""spn_mode"" : ""DEFAULT"", ""call_transfer_mode"" : ""NO_DELAYED_OFFER"", ""int_dc"" : ""B"", ""header_list"" : []}"
10005140,55444,"{""id"" : 55444, ""hkh_nr_id"" : ""55444"", ""vpn_id"" : 10005140, ""public_number"" : ""33450968996"", ""global_call_limiter"" : 8, ""no_answer_timeout"" : 20000, ""label"" : ""0450968996"", ""possibility"" : ""SAN_LEVEL"", ""uui"" : ""SAN_LEVEL"", ""spn_mode"" : ""DEFAULT"", ""call_transfer_mode"" : ""NO_DELAYED_OFFER"", ""int_dc"" : ""B"", ""header_list"" : []}"
10005140,55445,"{""id"" : 55445, ""hkh_nr_id"" : ""55445"", ""vpn_id"" : 10005140, ""public_number"" : ""33450968997"", ""global_call_limiter"" : 8, ""no_answer_timeout"" : 20000, ""label"" : ""0450968997"", ""possibility"" : ""SAN_LEVEL"", ""uui"" : ""SAN_LEVEL"", ""spn_mode"" : ""DEFAULT"", ""call_transfer_mode"" : ""NO_DELAYED_OFFER"", ""int_dc"" : ""B"", ""header_list"" : []}"
10005140,55446,"{""id"" : 55446, ""hkh_nr_id"" : ""55446"", ""vpn_id"" : 10005140, ""public_number"" : ""33426848961"", ""global_call_limiter"" : 8, ""no_answer_timeout"" : 20000, ""label"" : ""0426848961"", ""possibility"" : ""SAN_LEVEL"", ""uui"" : ""SAN_LEVEL"", ""spn_mode"" : ""DEFAULT"", ""call_transfer_mode"" : ""NO_DELAYED_OFFER"", ""int_dc"" : ""B"", ""header_list"" : []}"
10005140,55447,"{""id"" : 55447, ""hkh_nr_id"" : ""55447"", ""vpn_id"" : 10005140, ""public_number"" : ""33426848964"", ""global_call_limiter"" : 8, ""no_answer_timeout"" : 20000, ""label"" : ""0426848964"", ""possibility"" : ""SAN_LEVEL"", ""uui"" : ""SAN_LEVEL"", ""spn_mode"" : ""DEFAULT"", ""call_transfer_mode"" : ""NO_DELAYED_OFFER"", ""int_dc"" : ""B"", ""header_list"" : []}"
10004976,55614,"{""id"" : 55614, ""hkh_nr_id"" : ""55614"", ""vpn_id"" : 10004976, ""public_number"" : ""33150395776"", ""global_call_limiter"" : 100, ""no_answer_timeout"" : 20000, ""label"" : ""01 50 39 57 76"", ""possibility"" : ""SAN_LEVEL"", ""uui"" : ""SAN_LEVEL"", ""spn_mode"" : ""DEFAULT"", ""call_transfer_mode"" : ""NO_DELAYED_OFFER"", ""int_dc"" : ""B"", ""header_list"" : []}"
10004949,55622,"{""id"" : 55622, ""hkh_nr_id"" : ""55622"", ""vpn_id"" : 10004949, ""public_number"" : ""33557018104"", ""global_call_limiter"" : 10, ""no_answer_timeout"" : 20000, ""label"" : ""33557018104"", ""possibility"" : ""TRUE"", ""uui"" : ""TRUE"", ""spn_mode"" : ""DEFAULT"", ""call_transfer_mode"" : ""NO_DELAYED_OFFER"", ""int_dc"" : ""G"", ""header_list"" : []}"
10004949,55627,"{""id"" : 55627, ""hkh_nr_id"" : ""55627"", ""vpn_id"" : 10004949, ""public_number"" : ""33557018105"", ""global_call_limiter"" : 10, ""no_answer_timeout"" : 20000, ""label"" : ""33557018105"", ""possibility"" : ""TRUE"", ""uui"" : ""TRUE"", ""spn_mode"" : ""DEFAULT"", ""call_transfer_mode"" : ""NO_DELAYED_OFFER"", ""int_dc"" : ""G"", ""header_list"" : []}"
10004976,55631,"{""id"" : 55631, ""hkh_nr_id"" : ""55631"", ""vpn_id"" : 10004976, ""public_number"" : ""33999011441"", ""global_call_limiter"" : 255, ""no_answer_timeout"" : 20000, ""label"" : ""09 99 01 14 41"", ""possibility"" : ""SAN_LEVEL"", ""uui"" : ""SAN_LEVEL"", ""spn_mode"" : ""SPN_STANDARD"", ""call_transfer_mode"" : ""NO_DELAYED_OFFER"", ""int_dc"" : ""F"", ""header_list"" : []}"
10004983,55633,"{""id"" : 55633, ""hkh_nr_id"" : ""55633"", ""vpn_id"" : 10004983, ""public_number"" : ""33556293781"", ""global_call_limiter"" : 10, ""no_answer_timeout"" : 20000, ""label"" : ""33556293781"", ""possibility"" : ""TRUE"", ""uui"" : ""TRUE"", ""spn_mode"" : ""DEFAULT"", ""call_transfer_mode"" : ""NO_DELAYED_OFFER"", ""int_dc"" : ""G"", ""header_list"" : []}"
10004797,55642,"{""id"" : 55642, ""hkh_nr_id"" : ""55642"", ""vpn_id"" : 10004797, ""public_number"" : ""33203040506"", ""global_call_limiter"" : null, ""no_answer_timeout"" : 20000, ""label"" : ""Centre Contact Lille"", ""possibility"" : ""SAN_LEVEL"", ""uui"" : ""SAN_LEVEL"", ""spn_mode"" : ""DEFAULT"", ""call_transfer_mode"" : ""NO_DELAYED_OFFER"", ""int_dc"" : ""B"", ""header_list"" : []}"
10004797,55643,"{""id"" : 55643, ""hkh_nr_id"" : ""55643"", ""vpn_id"" : 10004797, ""public_number"" : ""33405060708"", ""global_call_limiter"" : 100, ""no_answer_timeout"" : 20000, ""label"" : ""SVI GV"", ""possibility"" : ""SAN_LEVEL"", ""uui"" : ""SAN_LEVEL"", ""spn_mode"" : ""DEFAULT"", ""call_transfer_mode"" : ""NO_DELAYED_OFFER"", ""int_dc"" : ""B"", ""header_list"" : []}"
10003728,55666,"{""id"" : 55666, ""hkh_nr_id"" : ""55666"", ""vpn_id"" : 10003728, ""public_number"" : ""33682699776"", ""global_call_limiter"" : 100, ""no_answer_timeout"" : 20000, ""label"" : ""mobXavier"", ""possibility"" : ""SAN_LEVEL"", ""uui"" : ""SAN_LEVEL"", ""spn_mode"" : ""DEFAULT"", ""call_transfer_mode"" : ""NO_DELAYED_OFFER"", ""int_dc"" : ""B"", ""header_list"" : []}"
10004646,55667,"{""id"" : 55667, ""hkh_nr_id"" : ""55667"", ""vpn_id"" : 10004646, ""public_number"" : ""33659581483"", ""global_call_limiter"" : 100, ""no_answer_timeout"" : 10000, ""label"" : ""Mon mobile"", ""possibility"" : ""SAN_LEVEL"", ""uui"" : ""SAN_LEVEL"", ""spn_mode"" : ""DEFAULT"", ""call_transfer_mode"" : ""NO_DELAYED_OFFER"", ""int_dc"" : ""B"", ""header_list"" : []}"
10004646,55668,"{""id"" : 55668, ""hkh_nr_id"" : ""55668"", ""vpn_id"" : 10004646, ""public_number"" : ""33155540251"", ""global_call_limiter"" : 100, ""no_answer_timeout"" : 10000, ""label"" : ""Poste Benjamin"", ""possibility"" : ""SAN_LEVEL"", ""uui"" : ""SAN_LEVEL"", ""spn_mode"" : ""DEFAULT"", ""call_transfer_mode"" : ""NO_DELAYED_OFFER"", ""int_dc"" : ""B"", ""header_list"" : []}"
10003963,55669,"{""id"" : 55669, ""hkh_nr_id"" : ""55669"", ""vpn_id"" : 10003963, ""public_number"" : ""33149749312"", ""global_call_limiter"" : 100, ""no_answer_timeout"" : 20000, ""label"" : ""01 49 74 93 12"", ""possibility"" : ""SAN_LEVEL"", ""uui"" : ""SAN_LEVEL"", ""spn_mode"" : ""DEFAULT"", ""call_transfer_mode"" : ""NO_DELAYED_OFFER"", ""int_dc"" : ""B"", ""header_list"" : []}"
10005004,55675,"{""id"" : 55675, ""hkh_nr_id"" : ""55675"", ""vpn_id"" : 10005004, ""public_number"" : ""33140152722"", ""global_call_limiter"" : 100, ""no_answer_timeout"" : 20000, ""label"" : ""FranceLoisirs Paris"", ""possibility"" : ""SAN_LEVEL"", ""uui"" : ""SAN_LEVEL"", ""spn_mode"" : ""DEFAULT"", ""call_transfer_mode"" : ""NO_DELAYED_OFFER"", ""int_dc"" : ""B"", ""header_list"" : []}"
10005004,55681,"{""id"" : 55681, ""hkh_nr_id"" : ""55681"", ""vpn_id"" : 10005004, ""public_number"" : ""33140152735"", ""global_call_limiter"" : 100, ""no_answer_timeout"" : 20000, ""label"" : ""Carrefour Paris"", ""possibility"" : ""SAN_LEVEL"", ""uui"" : ""SAN_LEVEL"", ""spn_mode"" : ""DEFAULT"", ""call_transfer_mode"" : ""NO_DELAYED_OFFER"", ""int_dc"" : ""B"", ""header_list"" : []}"
10005004,55684,"{""id"" : 55684, ""hkh_nr_id"" : ""55684"", ""vpn_id"" : 10005004, ""public_number"" : ""442392676163"", ""global_call_limiter"" : 10, ""no_answer_timeout"" : 20000, ""label"" : ""VGB UK"", ""possibility"" : ""SAN_LEVEL"", ""uui"" : ""SAN_LEVEL"", ""spn_mode"" : ""DEFAULT"", ""call_transfer_mode"" : ""NO_DELAYED_OFFER"", ""int_dc"" : ""B"", ""header_list"" : []}"
10005004,55687,"{""id"" : 55687, ""hkh_nr_id"" : ""55687"", ""vpn_id"" : 10005004, ""public_number"" : ""33140152757"", ""global_call_limiter"" : 10, ""no_answer_timeout"" : 20000, ""label"" : ""Old Sentinel Paris"", ""possibility"" : ""SAN_LEVEL"", ""uui"" : ""SAN_LEVEL"", ""spn_mode"" : ""DEFAULT"", ""call_transfer_mode"" : ""NO_DELAYED_OFFER"", ""int_dc"" : ""B"", ""header_list"" : []}"
10003728,55161,"{""id"" : 55161, ""hkh_nr_id"" : ""55161"", ""vpn_id"" : 10003728, ""public_number"" : ""33240388700"", ""global_call_limiter"" : 100, ""no_answer_timeout"" : 20000, ""label"" : ""0240388700"", ""possibility"" : ""SAN_LEVEL"", ""uui"" : ""SAN_LEVEL"", ""spn_mode"" : ""DEFAULT"", ""call_transfer_mode"" : ""NO_DELAYED_OFFER"", ""int_dc"" : ""B"", ""header_list"" : []}"
10003728,55162,"{""id"" : 55162, ""hkh_nr_id"" : ""55162"", ""vpn_id"" : 10003728, ""public_number"" : ""33240434777"", ""global_call_limiter"" : 100, ""no_answer_timeout"" : 20000, ""label"" : ""0240434777"", ""possibility"" : ""SAN_LEVEL"", ""uui"" : ""SAN_LEVEL"", ""spn_mode"" : ""DEFAULT"", ""call_transfer_mode"" : ""NO_DELAYED_OFFER"", ""int_dc"" : ""B"", ""header_list"" : []}"
10005004,55688,"{""id"" : 55688, ""hkh_nr_id"" : ""55688"", ""vpn_id"" : 10005004, ""public_number"" : ""442392676157"", ""global_call_limiter"" : 10, ""no_answer_timeout"" : 20000, ""label"" : ""Old Sentinel UK"", ""possibility"" : ""SAN_LEVEL"", ""uui"" : ""SAN_LEVEL"", ""spn_mode"" : ""DEFAULT"", ""call_transfer_mode"" : ""NO_DELAYED_OFFER"", ""int_dc"" : ""B"", ""header_list"" : []}"
10005004,55726,"{""id"" : 55726, ""hkh_nr_id"" : ""55726"", ""vpn_id"" : 10005004, ""public_number"" : ""33140152691"", ""global_call_limiter"" : 10, ""no_answer_timeout"" : 20000, ""label"" : ""Fax Paris"", ""possibility"" : ""SAN_LEVEL"", ""uui"" : ""SAN_LEVEL"", ""spn_mode"" : ""DEFAULT"", ""call_transfer_mode"" : ""NO_DELAYED_OFFER"", ""int_dc"" : ""B"", ""header_list"" : []}"
10005006,55703,"{""id"" : 55703, ""hkh_nr_id"" : ""55703"", ""vpn_id"" : 10005006, ""public_number"" : ""33556296344"", ""global_call_limiter"" : 10, ""no_answer_timeout"" : 20000, ""label"" : ""GV"", ""possibility"" : ""TRUE"", ""uui"" : ""TRUE"", ""spn_mode"" : ""DEFAULT"", ""call_transfer_mode"" : ""NO_DELAYED_OFFER"", ""int_dc"" : ""G"", ""header_list"" : []}"
10003728,55767,"{""id"" : 55767, ""hkh_nr_id"" : ""55767"", ""vpn_id"" : 10003728, ""public_number"" : ""33557133366"", ""global_call_limiter"" : 10, ""no_answer_timeout"" : 20000, ""label"" : ""Test NR GV Nlle Tranche"", ""possibility"" : ""TRUE"", ""uui"" : ""TRUE"", ""spn_mode"" : ""DEFAULT"", ""call_transfer_mode"" : ""NO_DELAYED_OFFER"", ""int_dc"" : ""G"", ""header_list"" : []}"
10005042,55770,"{""id"" : 55770, ""hkh_nr_id"" : ""55770"", ""vpn_id"" : 10005042, ""public_number"" : ""33556297704"", ""global_call_limiter"" : 10, ""no_answer_timeout"" : 20000, ""label"" : ""05 56 29 77 04"", ""possibility"" : ""TRUE"", ""uui"" : ""TRUE"", ""spn_mode"" : ""DEFAULT"", ""call_transfer_mode"" : ""NO_DELAYED_OFFER"", ""int_dc"" : ""G"", ""header_list"" : []}"
10004796,55778,"{""id"" : 55778, ""hkh_nr_id"" : ""55778"", ""vpn_id"" : 10004796, ""public_number"" : ""33304050607"", ""global_call_limiter"" : null, ""no_answer_timeout"" : 20000, ""label"" : ""Centre Alsace"", ""possibility"" : ""SAN_LEVEL"", ""uui"" : ""SAN_LEVEL"", ""spn_mode"" : ""DEFAULT"", ""call_transfer_mode"" : ""NO_DELAYED_OFFER"", ""int_dc"" : ""B"", ""header_list"" : []}"
10004797,55780,"{""id"" : 55780, ""hkh_nr_id"" : ""55780"", ""vpn_id"" : 10004797, ""public_number"" : ""33487609455"", ""global_call_limiter"" : 100, ""no_answer_timeout"" : 20000, ""label"" : ""04 87 60 94 55"", ""possibility"" : ""SAN_LEVEL"", ""uui"" : ""SAN_LEVEL"", ""spn_mode"" : ""DEFAULT"", ""call_transfer_mode"" : ""NO_DELAYED_OFFER"", ""int_dc"" : ""B"", ""header_list"" : []}"
10004797,55781,"{""id"" : 55781, ""hkh_nr_id"" : ""55781"", ""vpn_id"" : 10004797, ""public_number"" : ""33156667898"", ""global_call_limiter"" : null, ""no_answer_timeout"" : 20000, ""label"" : ""01 56 66 78 98"", ""possibility"" : ""SAN_LEVEL"", ""uui"" : ""SAN_LEVEL"", ""spn_mode"" : ""DEFAULT"", ""call_transfer_mode"" : ""NO_DELAYED_OFFER"", ""int_dc"" : ""B"", ""header_list"" : []}"
10004797,55782,"{""id"" : 55782, ""hkh_nr_id"" : ""55782"", ""vpn_id"" : 10004797, ""public_number"" : ""33304050607"", ""global_call_limiter"" : null, ""no_answer_timeout"" : 20000, ""label"" : ""03 04 05 06 07"", ""possibility"" : ""SAN_LEVEL"", ""uui"" : ""SAN_LEVEL"", ""spn_mode"" : ""DEFAULT"", ""call_transfer_mode"" : ""NO_DELAYED_OFFER"", ""int_dc"" : ""B"", ""header_list"" : []}"
10004425,55783,"{""id"" : 55783, ""hkh_nr_id"" : ""55783"", ""vpn_id"" : 10004425, ""public_number"" : ""33149897727"", ""global_call_limiter"" : 100, ""no_answer_timeout"" : 20000, ""label"" : ""PNEUS PIRELLI 01 49 89 77 27"", ""possibility"" : ""SAN_LEVEL"", ""uui"" : ""SAN_LEVEL"", ""spn_mode"" : ""DEFAULT"", ""call_transfer_mode"" : ""NO_DELAYED_OFFER"", ""int_dc"" : ""B"", ""header_list"" : []}"
10005032,55801,"{""id"" : 55801, ""hkh_nr_id"" : ""55801"", ""vpn_id"" : 10005032, ""public_number"" : ""33970774006"", ""global_call_limiter"" : null, ""no_answer_timeout"" : 20000, ""label"" : ""09 70 77 40 06"", ""possibility"" : ""SAN_LEVEL"", ""uui"" : ""SAN_LEVEL"", ""spn_mode"" : ""DEFAULT"", ""call_transfer_mode"" : ""NO_DELAYED_OFFER"", ""int_dc"" : ""B"", ""header_list"" : []}"
10005032,55802,"{""id"" : 55802, ""hkh_nr_id"" : ""55802"", ""vpn_id"" : 10005032, ""public_number"" : ""33251645840"", ""global_call_limiter"" : 20, ""no_answer_timeout"" : 20000, ""label"" : ""02 51 64 58 40"", ""possibility"" : ""SAN_LEVEL"", ""uui"" : ""SAN_LEVEL"", ""spn_mode"" : ""DEFAULT"", ""call_transfer_mode"" : ""NO_DELAYED_OFFER"", ""int_dc"" : ""B"", ""header_list"" : []}"
10005032,55803,"{""id"" : 55803, ""hkh_nr_id"" : ""55803"", ""vpn_id"" : 10005032, ""public_number"" : ""33970774005"", ""global_call_limiter"" : null, ""no_answer_timeout"" : 20000, ""label"" : ""09 70 77 40 05"", ""possibility"" : ""SAN_LEVEL"", ""uui"" : ""SAN_LEVEL"", ""spn_mode"" : ""DEFAULT"", ""call_transfer_mode"" : ""NO_DELAYED_OFFER"", ""int_dc"" : ""B"", ""header_list"" : []}"
10005032,55804,"{""id"" : 55804, ""hkh_nr_id"" : ""55804"", ""vpn_id"" : 10005032, ""public_number"" : ""33251645841"", ""global_call_limiter"" : 250, ""no_answer_timeout"" : 20000, ""label"" : ""02 51 64 58 41"", ""possibility"" : ""SAN_LEVEL"", ""uui"" : ""SAN_LEVEL"", ""spn_mode"" : ""DEFAULT"", ""call_transfer_mode"" : ""NO_DELAYED_OFFER"", ""int_dc"" : ""B"", ""header_list"" : []}"
10005032,55805,"{""id"" : 55805, ""hkh_nr_id"" : ""55805"", ""vpn_id"" : 10005032, ""public_number"" : ""33134306641"", ""global_call_limiter"" : null, ""no_answer_timeout"" : 20000, ""label"" : ""01 34 30 66 41"", ""possibility"" : ""SAN_LEVEL"", ""uui"" : ""SAN_LEVEL"", ""spn_mode"" : ""DEFAULT"", ""call_transfer_mode"" : ""NO_DELAYED_OFFER"", ""int_dc"" : ""B"", ""header_list"" : []}"
10005032,55806,"{""id"" : 55806, ""hkh_nr_id"" : ""55806"", ""vpn_id"" : 10005032, ""public_number"" : ""33299734849"", ""global_call_limiter"" : 2, ""no_answer_timeout"" : 20000, ""label"" : ""02 99 73 48 49"", ""possibility"" : ""SAN_LEVEL"", ""uui"" : ""SAN_LEVEL"", ""spn_mode"" : ""DEFAULT"", ""call_transfer_mode"" : ""NO_DELAYED_OFFER"", ""int_dc"" : ""B"", ""header_list"" : []}"
10005032,55807,"{""id"" : 55807, ""hkh_nr_id"" : ""55807"", ""vpn_id"" : 10005032, ""public_number"" : ""33172865965"", ""global_call_limiter"" : null, ""no_answer_timeout"" : 20000, ""label"" : ""01 72 86 59 65"", ""possibility"" : ""SAN_LEVEL"", ""uui"" : ""SAN_LEVEL"", ""spn_mode"" : ""DEFAULT"", ""call_transfer_mode"" : ""NO_DELAYED_OFFER"", ""int_dc"" : ""B"", ""header_list"" : []}"
10005032,55808,"{""id"" : 55808, ""hkh_nr_id"" : ""55808"", ""vpn_id"" : 10005032, ""public_number"" : ""33299459729"", ""global_call_limiter"" : null, ""no_answer_timeout"" : 20000, ""label"" : ""02 99 45 97 29"", ""possibility"" : ""SAN_LEVEL"", ""uui"" : ""SAN_LEVEL"", ""spn_mode"" : ""DEFAULT"", ""call_transfer_mode"" : ""NO_DELAYED_OFFER"", ""int_dc"" : ""B"", ""header_list"" : []}"
10005032,55809,"{""id"" : 55809, ""hkh_nr_id"" : ""55809"", ""vpn_id"" : 10005032, ""public_number"" : ""33299734852"", ""global_call_limiter"" : 2, ""no_answer_timeout"" : 20000, ""label"" : ""02 99 73 48 52"", ""possibility"" : ""SAN_LEVEL"", ""uui"" : ""SAN_LEVEL"", ""spn_mode"" : ""DEFAULT"", ""call_transfer_mode"" : ""NO_DELAYED_OFFER"", ""int_dc"" : ""B"", ""header_list"" : []}"
10005032,55810,"{""id"" : 55810, ""hkh_nr_id"" : ""55810"", ""vpn_id"" : 10005032, ""public_number"" : ""33970774001"", ""global_call_limiter"" : 25, ""no_answer_timeout"" : 20000, ""label"" : ""09 70 77 40 01"", ""possibility"" : ""SAN_LEVEL"", ""uui"" : ""SAN_LEVEL"", ""spn_mode"" : ""DEFAULT"", ""call_transfer_mode"" : ""NO_DELAYED_OFFER"", ""int_dc"" : ""B"", ""header_list"" : []}"
10005032,55811,"{""id"" : 55811, ""hkh_nr_id"" : ""55811"", ""vpn_id"" : 10005032, ""public_number"" : ""33299734950"", ""global_call_limiter"" : 10, ""no_answer_timeout"" : 20000, ""label"" : ""02 99 73 49 50"", ""possibility"" : ""SAN_LEVEL"", ""uui"" : ""SAN_LEVEL"", ""spn_mode"" : ""DEFAULT"", ""call_transfer_mode"" : ""NO_DELAYED_OFFER"", ""int_dc"" : ""B"", ""header_list"" : []}"
10005032,55812,"{""id"" : 55812, ""hkh_nr_id"" : ""55812"", ""vpn_id"" : 10005032, ""public_number"" : ""33970774000"", ""global_call_limiter"" : 20, ""no_answer_timeout"" : 20000, ""label"" : ""09 70 77 40 00"", ""possibility"" : ""SAN_LEVEL"", ""uui"" : ""SAN_LEVEL"", ""spn_mode"" : ""DEFAULT"", ""call_transfer_mode"" : ""NO_DELAYED_OFFER"", ""int_dc"" : ""B"", ""header_list"" : []}"
10005032,55813,"{""id"" : 55813, ""hkh_nr_id"" : ""55813"", ""vpn_id"" : 10005032, ""public_number"" : ""33299734949"", ""global_call_limiter"" : 20, ""no_answer_timeout"" : 20000, ""label"" : ""02 99 73 49 49"", ""possibility"" : ""SAN_LEVEL"", ""uui"" : ""SAN_LEVEL"", ""spn_mode"" : ""DEFAULT"", ""call_transfer_mode"" : ""NO_DELAYED_OFFER"", ""int_dc"" : ""B"", ""header_list"" : []}"
10005032,55814,"{""id"" : 55814, ""hkh_nr_id"" : ""55814"", ""vpn_id"" : 10005032, ""public_number"" : ""33223160313"", ""global_call_limiter"" : 2, ""no_answer_timeout"" : 20000, ""label"" : ""02 23 16 03 13"", ""possibility"" : ""SAN_LEVEL"", ""uui"" : ""SAN_LEVEL"", ""spn_mode"" : ""DEFAULT"", ""call_transfer_mode"" : ""NO_DELAYED_OFFER"", ""int_dc"" : ""B"", ""header_list"" : []}"
10004593,55128,"{""id"" : 55128, ""hkh_nr_id"" : ""55128"", ""vpn_id"" : 10004593, ""public_number"" : ""33608370270"", ""global_call_limiter"" : 2, ""no_answer_timeout"" : 20000, ""label"" : ""33608370270"", ""possibility"" : ""SAN_LEVEL"", ""uui"" : ""SAN_LEVEL"", ""spn_mode"" : ""DEFAULT"", ""call_transfer_mode"" : ""NO_DELAYED_OFFER"", ""int_dc"" : ""B"", ""header_list"" : []}"
10003728,55167,"{""id"" : 55167, ""hkh_nr_id"" : ""55167"", ""vpn_id"" : 10003728, ""public_number"" : ""33324388811"", ""global_call_limiter"" : 100, ""no_answer_timeout"" : 20000, ""label"" : ""0324388811"", ""possibility"" : ""SAN_LEVEL"", ""uui"" : ""SAN_LEVEL"", ""spn_mode"" : ""DEFAULT"", ""call_transfer_mode"" : ""NO_DELAYED_OFFER"", ""int_dc"" : ""B"", ""header_list"" : []}"
10004425,55699,"{""id"" : 55699, ""hkh_nr_id"" : ""55699"", ""vpn_id"" : 10004425, ""public_number"" : ""33130701694"", ""global_call_limiter"" : 100, ""no_answer_timeout"" : 20000, ""label"" : ""T2 ORA CONTACTID01 30 70 16 94"", ""possibility"" : ""SAN_LEVEL"", ""uui"" : ""SAN_LEVEL"", ""spn_mode"" : ""DEFAULT"", ""call_transfer_mode"" : ""NO_DELAYED_OFFER"", ""int_dc"" : ""B"", ""header_list"" : []}"
10005011,55702,"{""id"" : 55702, ""hkh_nr_id"" : ""55702"", ""vpn_id"" : 10005011, ""public_number"" : ""33555987361"", ""global_call_limiter"" : 20, ""no_answer_timeout"" : 20000, ""label"" : ""05 55 98 73 61"", ""possibility"" : ""SAN_LEVEL"", ""uui"" : ""SAN_LEVEL"", ""spn_mode"" : ""DEFAULT"", ""call_transfer_mode"" : ""NO_DELAYED_OFFER"", ""int_dc"" : ""B"", ""header_list"" : []}"
10005032,55766,"{""id"" : 55766, ""hkh_nr_id"" : ""55766"", ""vpn_id"" : 10005032, ""public_number"" : ""33172865908"", ""global_call_limiter"" : 10, ""no_answer_timeout"" : 20000, ""label"" : ""0970774007"", ""possibility"" : ""SAN_LEVEL"", ""uui"" : ""SAN_LEVEL"", ""spn_mode"" : ""DEFAULT"", ""call_transfer_mode"" : ""NO_DELAYED_OFFER"", ""int_dc"" : ""B"", ""header_list"" : []}"
10004797,55779,"{""id"" : 55779, ""hkh_nr_id"" : ""55779"", ""vpn_id"" : 10004797, ""public_number"" : ""33231635275"", ""global_call_limiter"" : null, ""no_answer_timeout"" : 20000, ""label"" : ""02 31 63 52 75"", ""possibility"" : ""SAN_LEVEL"", ""uui"" : ""SAN_LEVEL"", ""spn_mode"" : ""DEFAULT"", ""call_transfer_mode"" : ""NO_DELAYED_OFFER"", ""int_dc"" : ""B"", ""header_list"" : []}"
10005032,55815,"{""id"" : 55815, ""hkh_nr_id"" : ""55815"", ""vpn_id"" : 10005032, ""public_number"" : ""33970774002"", ""global_call_limiter"" : null, ""no_answer_timeout"" : 20000, ""label"" : ""09 70 77 40 02"", ""possibility"" : ""SAN_LEVEL"", ""uui"" : ""SAN_LEVEL"", ""spn_mode"" : ""DEFAULT"", ""call_transfer_mode"" : ""NO_DELAYED_OFFER"", ""int_dc"" : ""B"", ""header_list"" : []}"
10005032,55818,"{""id"" : 55818, ""hkh_nr_id"" : ""55818"", ""vpn_id"" : 10005032, ""public_number"" : ""33223160031"", ""global_call_limiter"" : 5, ""no_answer_timeout"" : 20000, ""label"" : ""02 23 16 00 31"", ""possibility"" : ""SAN_LEVEL"", ""uui"" : ""SAN_LEVEL"", ""spn_mode"" : ""DEFAULT"", ""call_transfer_mode"" : ""NO_DELAYED_OFFER"", ""int_dc"" : ""B"", ""header_list"" : []}"
10005032,55820,"{""id"" : 55820, ""hkh_nr_id"" : ""55820"", ""vpn_id"" : 10005032, ""public_number"" : ""33476248280"", ""global_call_limiter"" : 250, ""no_answer_timeout"" : 20000, ""label"" : ""04 76 24 82 80"", ""possibility"" : ""SAN_LEVEL"", ""uui"" : ""SAN_LEVEL"", ""spn_mode"" : ""DEFAULT"", ""call_transfer_mode"" : ""NO_DELAYED_OFFER"", ""int_dc"" : ""B"", ""header_list"" : []}"
10005040,55822,"{""id"" : 55822, ""hkh_nr_id"" : ""55822"", ""vpn_id"" : 10005040, ""public_number"" : ""33169598839"", ""global_call_limiter"" : 100, ""no_answer_timeout"" : 20000, ""label"" : ""01 69 59 88 39"", ""possibility"" : ""SAN_LEVEL"", ""uui"" : ""SAN_LEVEL"", ""spn_mode"" : ""DEFAULT"", ""call_transfer_mode"" : ""NO_DELAYED_OFFER"", ""int_dc"" : ""B"", ""header_list"" : []}"
10005040,55826,"{""id"" : 55826, ""hkh_nr_id"" : ""55826"", ""vpn_id"" : 10005040, ""public_number"" : ""33169598835"", ""global_call_limiter"" : 100, ""no_answer_timeout"" : 20000, ""label"" : ""01 69 59 88 35"", ""possibility"" : ""SAN_LEVEL"", ""uui"" : ""SAN_LEVEL"", ""spn_mode"" : ""DEFAULT"", ""call_transfer_mode"" : ""NO_DELAYED_OFFER"", ""int_dc"" : ""B"", ""header_list"" : []}"
10005040,55827,"{""id"" : 55827, ""hkh_nr_id"" : ""55827"", ""vpn_id"" : 10005040, ""public_number"" : ""33169598833"", ""global_call_limiter"" : 100, ""no_answer_timeout"" : 20000, ""label"" : ""01 69 59 88 33"", ""possibility"" : ""SAN_LEVEL"", ""uui"" : ""SAN_LEVEL"", ""spn_mode"" : ""DEFAULT"", ""call_transfer_mode"" : ""NO_DELAYED_OFFER"", ""int_dc"" : ""B"", ""header_list"" : []}"
10005040,55830,"{""id"" : 55830, ""hkh_nr_id"" : ""55830"", ""vpn_id"" : 10005040, ""public_number"" : ""33169598843"", ""global_call_limiter"" : 1, ""no_answer_timeout"" : 20000, ""label"" : ""01 69 59 88 43"", ""possibility"" : ""SAN_LEVEL"", ""uui"" : ""SAN_LEVEL"", ""spn_mode"" : ""DEFAULT"", ""call_transfer_mode"" : ""NO_DELAYED_OFFER"", ""int_dc"" : ""B"", ""header_list"" : []}"
10005040,55832,"{""id"" : 55832, ""hkh_nr_id"" : ""55832"", ""vpn_id"" : 10005040, ""public_number"" : ""33169598849"", ""global_call_limiter"" : 1, ""no_answer_timeout"" : 20000, ""label"" : ""01 69 59 88 49"", ""possibility"" : ""SAN_LEVEL"", ""uui"" : ""SAN_LEVEL"", ""spn_mode"" : ""DEFAULT"", ""call_transfer_mode"" : ""NO_DELAYED_OFFER"", ""int_dc"" : ""B"", ""header_list"" : []}"
10005040,55833,"{""id"" : 55833, ""hkh_nr_id"" : ""55833"", ""vpn_id"" : 10005040, ""public_number"" : ""33169598845"", ""global_call_limiter"" : 5, ""no_answer_timeout"" : 20000, ""label"" : ""01 69 59 88 45"", ""possibility"" : ""SAN_LEVEL"", ""uui"" : ""SAN_LEVEL"", ""spn_mode"" : ""DEFAULT"", ""call_transfer_mode"" : ""NO_DELAYED_OFFER"", ""int_dc"" : ""B"", ""header_list"" : []}"
10005040,55836,"{""id"" : 55836, ""hkh_nr_id"" : ""55836"", ""vpn_id"" : 10005040, ""public_number"" : ""33169598838"", ""global_call_limiter"" : 1, ""no_answer_timeout"" : 20000, ""label"" : ""01 69 59 88 38"", ""possibility"" : ""SAN_LEVEL"", ""uui"" : ""SAN_LEVEL"", ""spn_mode"" : ""DEFAULT"", ""call_transfer_mode"" : ""NO_DELAYED_OFFER"", ""int_dc"" : ""B"", ""header_list"" : []}"
10003957,55870,"{""id"" : 55870, ""hkh_nr_id"" : ""55870"", ""vpn_id"" : 10003957, ""public_number"" : ""33156669920"", ""global_call_limiter"" : 100, ""no_answer_timeout"" : 20000, ""label"" : ""NR1"", ""possibility"" : ""SAN_LEVEL"", ""uui"" : ""SAN_LEVEL"", ""spn_mode"" : ""DEFAULT"", ""call_transfer_mode"" : ""NO_DELAYED_OFFER"", ""int_dc"" : ""B"", ""header_list"" : []}"
10004928,55465,"{""id"" : 55465, ""hkh_nr_id"" : ""55465"", ""vpn_id"" : 10004928, ""public_number"" : ""33148356066"", ""global_call_limiter"" : 100, ""no_answer_timeout"" : 20000, ""label"" : ""PROXI OPERA"", ""possibility"" : ""SAN_LEVEL"", ""uui"" : ""SAN_LEVEL"", ""spn_mode"" : ""DEFAULT"", ""call_transfer_mode"" : ""NO_DELAYED_OFFER"", ""int_dc"" : ""B"", ""header_list"" : []}"
10004928,55464,"{""id"" : 55464, ""hkh_nr_id"" : ""55464"", ""vpn_id"" : 10004928, ""public_number"" : ""33148356080"", ""global_call_limiter"" : 50, ""no_answer_timeout"" : 20000, ""label"" : ""NATIONAL DISPATCH DHL"", ""possibility"" : ""SAN_LEVEL"", ""uui"" : ""SAN_LEVEL"", ""spn_mode"" : ""DEFAULT"", ""call_transfer_mode"" : ""NO_DELAYED_OFFER"", ""int_dc"" : ""B"", ""header_list"" : []}"
10004928,55468,"{""id"" : 55468, ""hkh_nr_id"" : ""55468"", ""vpn_id"" : 10004928, ""public_number"" : ""33472168416"", ""global_call_limiter"" : 100, ""no_answer_timeout"" : 20000, ""label"" : ""CAC PROXI COURSIERS"", ""possibility"" : ""SAN_LEVEL"", ""uui"" : ""SAN_LEVEL"", ""spn_mode"" : ""DEFAULT"", ""call_transfer_mode"" : ""NO_DELAYED_OFFER"", ""int_dc"" : ""B"", ""header_list"" : []}"
10004928,55483,"{""id"" : 55483, ""hkh_nr_id"" : ""55483"", ""vpn_id"" : 10004928, ""public_number"" : ""33437723640"", ""global_call_limiter"" : 100, ""no_answer_timeout"" : 20000, ""label"" : ""OLD CAC"", ""possibility"" : ""SAN_LEVEL"", ""uui"" : ""SAN_LEVEL"", ""spn_mode"" : ""DEFAULT"", ""call_transfer_mode"" : ""NO_DELAYED_OFFER"", ""int_dc"" : ""B"", ""header_list"" : []}"
10004928,55482,"{""id"" : 55482, ""hkh_nr_id"" : ""55482"", ""vpn_id"" : 10004928, ""public_number"" : ""33472168419"", ""global_call_limiter"" : 100, ""no_answer_timeout"" : 20000, ""label"" : ""CAC EXPRESS"", ""possibility"" : ""SAN_LEVEL"", ""uui"" : ""SAN_LEVEL"", ""spn_mode"" : ""DEFAULT"", ""call_transfer_mode"" : ""NO_DELAYED_OFFER"", ""int_dc"" : ""B"", ""header_list"" : []}"
10004928,55490,"{""id"" : 55490, ""hkh_nr_id"" : ""55490"", ""vpn_id"" : 10004928, ""public_number"" : ""33141629177"", ""global_call_limiter"" : 100, ""no_answer_timeout"" : 20000, ""label"" : ""33141629177"", ""possibility"" : ""SAN_LEVEL"", ""uui"" : ""SAN_LEVEL"", ""spn_mode"" : ""DEFAULT"", ""call_transfer_mode"" : ""NO_DELAYED_OFFER"", ""int_dc"" : ""B"", ""header_list"" : []}"
10004928,55491,"{""id"" : 55491, ""hkh_nr_id"" : ""55491"", ""vpn_id"" : 10004928, ""public_number"" : ""33141629353"", ""global_call_limiter"" : 100, ""no_answer_timeout"" : 20000, ""label"" : ""33141629353"", ""possibility"" : ""SAN_LEVEL"", ""uui"" : ""SAN_LEVEL"", ""spn_mode"" : ""DEFAULT"", ""call_transfer_mode"" : ""NO_DELAYED_OFFER"", ""int_dc"" : ""B"", ""header_list"" : []}"
10004928,55501,"{""id"" : 55501, ""hkh_nr_id"" : ""55501"", ""vpn_id"" : 10004928, ""public_number"" : ""33141629193"", ""global_call_limiter"" : 100, ""no_answer_timeout"" : 20000, ""label"" : ""CS MMZ"", ""possibility"" : ""SAN_LEVEL"", ""uui"" : ""SAN_LEVEL"", ""spn_mode"" : ""DEFAULT"", ""call_transfer_mode"" : ""NO_DELAYED_OFFER"", ""int_dc"" : ""B"", ""header_list"" : []}"
10004949,55505,"{""id"" : 55505, ""hkh_nr_id"" : ""55505"", ""vpn_id"" : 10004949, ""public_number"" : ""33298292963"", ""global_call_limiter"" : 100, ""no_answer_timeout"" : 20000, ""label"" : ""33298292963"", ""possibility"" : ""SAN_LEVEL"", ""uui"" : ""SAN_LEVEL"", ""spn_mode"" : ""DEFAULT"", ""call_transfer_mode"" : ""NO_DELAYED_OFFER"", ""int_dc"" : ""B"", ""header_list"" : []}"
10004949,55506,"{""id"" : 55506, ""hkh_nr_id"" : ""55506"", ""vpn_id"" : 10004949, ""public_number"" : ""33298292965"", ""global_call_limiter"" : 100, ""no_answer_timeout"" : 20000, ""label"" : ""33298292965"", ""possibility"" : ""SAN_LEVEL"", ""uui"" : ""SAN_LEVEL"", ""spn_mode"" : ""DEFAULT"", ""call_transfer_mode"" : ""NO_DELAYED_OFFER"", ""int_dc"" : ""B"", ""header_list"" : []}"
10004958,55545,"{""id"" : 55545, ""hkh_nr_id"" : ""55545"", ""vpn_id"" : 10004958, ""public_number"" : ""33238143061"", ""global_call_limiter"" : 255, ""no_answer_timeout"" : 20000, ""label"" : ""DELONGHI 33238143061"", ""possibility"" : ""SAN_LEVEL"", ""uui"" : ""SAN_LEVEL"", ""spn_mode"" : ""DEFAULT"", ""call_transfer_mode"" : ""NO_DELAYED_OFFER"", ""int_dc"" : ""B"", ""header_list"" : []}"
10004958,55552,"{""id"" : 55552, ""hkh_nr_id"" : ""55552"", ""vpn_id"" : 10004958, ""public_number"" : ""33150392344"", ""global_call_limiter"" : 100, ""no_answer_timeout"" : 20000, ""label"" : ""33150392344"", ""possibility"" : ""SAN_LEVEL"", ""uui"" : ""SAN_LEVEL"", ""spn_mode"" : ""DEFAULT"", ""call_transfer_mode"" : ""NO_DELAYED_OFFER"", ""int_dc"" : ""B"", ""header_list"" : []}"
10004958,55556,"{""id"" : 55556, ""hkh_nr_id"" : ""55556"", ""vpn_id"" : 10004958, ""public_number"" : ""33238143069"", ""global_call_limiter"" : 100, ""no_answer_timeout"" : 20000, ""label"" : ""CONFORAMA 33238143069"", ""possibility"" : ""SAN_LEVEL"", ""uui"" : ""SAN_LEVEL"", ""spn_mode"" : ""DEFAULT"", ""call_transfer_mode"" : ""NO_DELAYED_OFFER"", ""int_dc"" : ""B"", ""header_list"" : []}"
10004976,55564,"{""id"" : 55564, ""hkh_nr_id"" : ""55564"", ""vpn_id"" : 10004976, ""public_number"" : ""33999011443"", ""global_call_limiter"" : 255, ""no_answer_timeout"" : 20000, ""label"" : ""33999011443"", ""possibility"" : ""SAN_LEVEL"", ""uui"" : ""SAN_LEVEL"", ""spn_mode"" : ""SPN_STANDARD"", ""call_transfer_mode"" : ""NO_DELAYED_OFFER"", ""int_dc"" : ""F"", ""header_list"" : []}"
10004976,55575,"{""id"" : 55575, ""hkh_nr_id"" : ""55575"", ""vpn_id"" : 10004976, ""public_number"" : ""33999011442"", ""global_call_limiter"" : 255, ""no_answer_timeout"" : 20000, ""label"" : ""09 99 01 14 42"", ""possibility"" : ""SAN_LEVEL"", ""uui"" : ""SAN_LEVEL"", ""spn_mode"" : ""SPN_STANDARD"", ""call_transfer_mode"" : ""NO_DELAYED_OFFER"", ""int_dc"" : ""F"", ""header_list"" : []}"
10004983,55579,"{""id"" : 55579, ""hkh_nr_id"" : ""55579"", ""vpn_id"" : 10004983, ""public_number"" : ""33155476707"", ""global_call_limiter"" : 10, ""no_answer_timeout"" : 20000, ""label"" : ""33155476707"", ""possibility"" : ""SAN_LEVEL"", ""uui"" : ""SAN_LEVEL"", ""spn_mode"" : ""DEFAULT"", ""call_transfer_mode"" : ""NO_DELAYED_OFFER"", ""int_dc"" : ""B"", ""header_list"" : []}"
10004983,55583,"{""id"" : 55583, ""hkh_nr_id"" : ""55583"", ""vpn_id"" : 10004983, ""public_number"" : ""33155476600"", ""global_call_limiter"" : 10, ""no_answer_timeout"" : 20000, ""label"" : ""33155476600"", ""possibility"" : ""SAN_LEVEL"", ""uui"" : ""SAN_LEVEL"", ""spn_mode"" : ""DEFAULT"", ""call_transfer_mode"" : ""NO_DELAYED_OFFER"", ""int_dc"" : ""B"", ""header_list"" : []}"
10004984,55585,"{""id"" : 55585, ""hkh_nr_id"" : ""55585"", ""vpn_id"" : 10004984, ""public_number"" : ""33534616951"", ""global_call_limiter"" : null, ""no_answer_timeout"" : 20000, ""label"" : ""33534616951"", ""possibility"" : ""SAN_LEVEL"", ""uui"" : ""SAN_LEVEL"", ""spn_mode"" : ""DEFAULT"", ""call_transfer_mode"" : ""NO_DELAYED_OFFER"", ""int_dc"" : ""B"", ""header_list"" : []}"
10004976,55590,"{""id"" : 55590, ""hkh_nr_id"" : ""55590"", ""vpn_id"" : 10004976, ""public_number"" : ""33174377279"", ""global_call_limiter"" : 100, ""no_answer_timeout"" : 20000, ""label"" : ""01 74 37 72 79"", ""possibility"" : ""SAN_LEVEL"", ""uui"" : ""SAN_LEVEL"", ""spn_mode"" : ""DEFAULT"", ""call_transfer_mode"" : ""NO_DELAYED_OFFER"", ""int_dc"" : ""B"", ""header_list"" : []}"
10004976,55608,"{""id"" : 55608, ""hkh_nr_id"" : ""55608"", ""vpn_id"" : 10004976, ""public_number"" : ""33491480318"", ""global_call_limiter"" : 100, ""no_answer_timeout"" : 20000, ""label"" : ""04 91 48 03 18"", ""possibility"" : ""SAN_LEVEL"", ""uui"" : ""SAN_LEVEL"", ""spn_mode"" : ""DEFAULT"", ""call_transfer_mode"" : ""NO_DELAYED_OFFER"", ""int_dc"" : ""B"", ""header_list"" : []}"
10004949,55624,"{""id"" : 55624, ""hkh_nr_id"" : ""55624"", ""vpn_id"" : 10004949, ""public_number"" : ""33556294875"", ""global_call_limiter"" : 10, ""no_answer_timeout"" : 20000, ""label"" : ""33556294875"", ""possibility"" : ""TRUE"", ""uui"" : ""TRUE"", ""spn_mode"" : ""DEFAULT"", ""call_transfer_mode"" : ""NO_DELAYED_OFFER"", ""int_dc"" : ""G"", ""header_list"" : []}"
10004631,55634,"{""id"" : 55634, ""hkh_nr_id"" : ""55634"", ""vpn_id"" : 10004631, ""public_number"" : ""33327738213"", ""global_call_limiter"" : null, ""no_answer_timeout"" : 0, ""label"" : ""Notre logis"", ""possibility"" : ""SAN_LEVEL"", ""uui"" : ""SAN_LEVEL"", ""spn_mode"" : ""DEFAULT"", ""call_transfer_mode"" : ""NO_DELAYED_OFFER"", ""int_dc"" : ""B"", ""header_list"" : []}"
10005004,55682,"{""id"" : 55682, ""hkh_nr_id"" : ""55682"", ""vpn_id"" : 10005004, ""public_number"" : ""442392676135"", ""global_call_limiter"" : 25, ""no_answer_timeout"" : 20000, ""label"" : ""Carrefour UK"", ""possibility"" : ""SAN_LEVEL"", ""uui"" : ""SAN_LEVEL"", ""spn_mode"" : ""DEFAULT"", ""call_transfer_mode"" : ""NO_DELAYED_OFFER"", ""int_dc"" : ""B"", ""header_list"" : []}"
10003728,55662,"{""id"" : 55662, ""hkh_nr_id"" : ""55662"", ""vpn_id"" : 10003728, ""public_number"" : ""33556297414"", ""global_call_limiter"" : 10, ""no_answer_timeout"" : 20000, ""label"" : ""GV1 (0556297414 id-0438428205)"", ""possibility"" : ""TRUE"", ""uui"" : ""TRUE"", ""spn_mode"" : ""DEFAULT"", ""call_transfer_mode"" : ""NO_DELAYED_OFFER"", ""int_dc"" : ""G"", ""header_list"" : []}"
10005004,55683,"{""id"" : 55683, ""hkh_nr_id"" : ""55683"", ""vpn_id"" : 10005004, ""public_number"" : ""33140152763"", ""global_call_limiter"" : 10, ""no_answer_timeout"" : 20000, ""label"" : ""VGB Paris Master"", ""possibility"" : ""SAN_LEVEL"", ""uui"" : ""SAN_LEVEL"", ""spn_mode"" : ""DEFAULT"", ""call_transfer_mode"" : ""NO_DELAYED_OFFER"", ""int_dc"" : ""B"", ""header_list"" : []}"
10005004,55686,"{""id"" : 55686, ""hkh_nr_id"" : ""55686"", ""vpn_id"" : 10005004, ""public_number"" : ""442392676143"", ""global_call_limiter"" : 10, ""no_answer_timeout"" : 20000, ""label"" : ""BPACA UK"", ""possibility"" : ""SAN_LEVEL"", ""uui"" : ""SAN_LEVEL"", ""spn_mode"" : ""DEFAULT"", ""call_transfer_mode"" : ""NO_DELAYED_OFFER"", ""int_dc"" : ""B"", ""header_list"" : []}"
10005032,55816,"{""id"" : 55816, ""hkh_nr_id"" : ""55816"", ""vpn_id"" : 10005032, ""public_number"" : ""33223160315"", ""global_call_limiter"" : 2, ""no_answer_timeout"" : 20000, ""label"" : ""02 23 16 03 15"", ""possibility"" : ""SAN_LEVEL"", ""uui"" : ""SAN_LEVEL"", ""spn_mode"" : ""DEFAULT"", ""call_transfer_mode"" : ""NO_DELAYED_OFFER"", ""int_dc"" : ""B"", ""header_list"" : []}"
10005032,55817,"{""id"" : 55817, ""hkh_nr_id"" : ""55817"", ""vpn_id"" : 10005032, ""public_number"" : ""33970771704"", ""global_call_limiter"" : 5, ""no_answer_timeout"" : 20000, ""label"" : ""Foliateam 0970771704"", ""possibility"" : ""SAN_LEVEL"", ""uui"" : ""SAN_LEVEL"", ""spn_mode"" : ""DEFAULT"", ""call_transfer_mode"" : ""NO_DELAYED_OFFER"", ""int_dc"" : ""B"", ""header_list"" : []}"
10004847,55421,"{""id"" : 55421, ""hkh_nr_id"" : ""55421"", ""vpn_id"" : 10004847, ""public_number"" : ""33329050707"", ""global_call_limiter"" : 100, ""no_answer_timeout"" : 20000, ""label"" : ""33329050707"", ""possibility"" : ""SAN_LEVEL"", ""uui"" : ""SAN_LEVEL"", ""spn_mode"" : ""DEFAULT"", ""call_transfer_mode"" : ""NO_DELAYED_OFFER"", ""int_dc"" : ""B"", ""header_list"" : []}"
10004928,55461,"{""id"" : 55461, ""hkh_nr_id"" : ""55461"", ""vpn_id"" : 10004928, ""public_number"" : ""33148356100"", ""global_call_limiter"" : 100, ""no_answer_timeout"" : 20000, ""label"" : ""PROXI RETAIL IENA"", ""possibility"" : ""SAN_LEVEL"", ""uui"" : ""SAN_LEVEL"", ""spn_mode"" : ""DEFAULT"", ""call_transfer_mode"" : ""NO_DELAYED_OFFER"", ""int_dc"" : ""B"", ""header_list"" : []}"
10004928,55462,"{""id"" : 55462, ""hkh_nr_id"" : ""55462"", ""vpn_id"" : 10004928, ""public_number"" : ""420288888617"", ""global_call_limiter"" : 100, ""no_answer_timeout"" : 20000, ""label"" : ""HELPDESK AVIATION"", ""possibility"" : ""SAN_LEVEL"", ""uui"" : ""SAN_LEVEL"", ""spn_mode"" : ""DEFAULT"", ""call_transfer_mode"" : ""NO_DELAYED_OFFER"", ""int_dc"" : ""B"", ""header_list"" : []}"
10004928,55463,"{""id"" : 55463, ""hkh_nr_id"" : ""55463"", ""vpn_id"" : 10004928, ""public_number"" : ""420288888863"", ""global_call_limiter"" : 100, ""no_answer_timeout"" : 20000, ""label"" : ""HELPDESK EXPRESS"", ""possibility"" : ""SAN_LEVEL"", ""uui"" : ""SAN_LEVEL"", ""spn_mode"" : ""DEFAULT"", ""call_transfer_mode"" : ""NO_DELAYED_OFFER"", ""int_dc"" : ""B"", ""header_list"" : []}"
10004932,55474,"{""id"" : 55474, ""hkh_nr_id"" : ""55474"", ""vpn_id"" : 10004932, ""public_number"" : ""33478568068"", ""global_call_limiter"" : 100, ""no_answer_timeout"" : 20000, ""label"" : ""33478568068"", ""possibility"" : ""SAN_LEVEL"", ""uui"" : ""SAN_LEVEL"", ""spn_mode"" : ""DEFAULT"", ""call_transfer_mode"" : ""NO_DELAYED_OFFER"", ""int_dc"" : ""B"", ""header_list"" : []}"
10004928,55485,"{""id"" : 55485, ""hkh_nr_id"" : ""55485"", ""vpn_id"" : 10004928, ""public_number"" : ""33141629167"", ""global_call_limiter"" : 100, ""no_answer_timeout"" : 20000, ""label"" : ""SERVICE PRIVILEGE"", ""possibility"" : ""SAN_LEVEL"", ""uui"" : ""SAN_LEVEL"", ""spn_mode"" : ""DEFAULT"", ""call_transfer_mode"" : ""NO_DELAYED_OFFER"", ""int_dc"" : ""B"", ""header_list"" : []}"
10004928,55489,"{""id"" : 55489, ""hkh_nr_id"" : ""55489"", ""vpn_id"" : 10004928, ""public_number"" : ""33141629093"", ""global_call_limiter"" : 200, ""no_answer_timeout"" : 20000, ""label"" : ""NE PAS UTILISER MsM 0141629093"", ""possibility"" : ""SAN_LEVEL"", ""uui"" : ""SAN_LEVEL"", ""spn_mode"" : ""DEFAULT"", ""call_transfer_mode"" : ""NO_DELAYED_OFFER"", ""int_dc"" : ""B"", ""header_list"" : []}"
10004425,55521,"{""id"" : 55521, ""hkh_nr_id"" : ""55521"", ""vpn_id"" : 10004425, ""public_number"" : ""33149400479"", ""global_call_limiter"" : 100, ""no_answer_timeout"" : 20000, ""label"" : ""NR UVET FRANCE"", ""possibility"" : ""SAN_LEVEL"", ""uui"" : ""SAN_LEVEL"", ""spn_mode"" : ""DEFAULT"", ""call_transfer_mode"" : ""NO_DELAYED_OFFER"", ""int_dc"" : ""B"", ""header_list"" : []}"
10004949,55524,"{""id"" : 55524, ""hkh_nr_id"" : ""55524"", ""vpn_id"" : 10004949, ""public_number"" : ""33231363636"", ""global_call_limiter"" : 7, ""no_answer_timeout"" : 20000, ""label"" : ""33231363636 ( ouistreham)"", ""possibility"" : ""SAN_LEVEL"", ""uui"" : ""SAN_LEVEL"", ""spn_mode"" : ""DEFAULT"", ""call_transfer_mode"" : ""NO_DELAYED_OFFER"", ""int_dc"" : ""B"", ""header_list"" : []}"
10004958,55551,"{""id"" : 55551, ""hkh_nr_id"" : ""55551"", ""vpn_id"" : 10004958, ""public_number"" : ""33238143073"", ""global_call_limiter"" : 100, ""no_answer_timeout"" : 20000, ""label"" : ""SAVEO 33238143073"", ""possibility"" : ""SAN_LEVEL"", ""uui"" : ""SAN_LEVEL"", ""spn_mode"" : ""DEFAULT"", ""call_transfer_mode"" : ""NO_DELAYED_OFFER"", ""int_dc"" : ""B"", ""header_list"" : []}"
10004976,55563,"{""id"" : 55563, ""hkh_nr_id"" : ""55563"", ""vpn_id"" : 10004976, ""public_number"" : ""33999011449"", ""global_call_limiter"" : 255, ""no_answer_timeout"" : 20000, ""label"" : ""33999011449"", ""possibility"" : ""SAN_LEVEL"", ""uui"" : ""SAN_LEVEL"", ""spn_mode"" : ""SPN_STANDARD"", ""call_transfer_mode"" : ""NO_DELAYED_OFFER"", ""int_dc"" : ""F"", ""header_list"" : []}"
10004974,55567,"{""id"" : 55567, ""hkh_nr_id"" : ""55567"", ""vpn_id"" : 10004974, ""public_number"" : ""33442325485"", ""global_call_limiter"" : 100, ""no_answer_timeout"" : 20000, ""label"" : ""33442325485"", ""possibility"" : ""SAN_LEVEL"", ""uui"" : ""SAN_LEVEL"", ""spn_mode"" : ""DEFAULT"", ""call_transfer_mode"" : ""NO_DELAYED_OFFER"", ""int_dc"" : ""B"", ""header_list"" : []}"
10004976,55572,"{""id"" : 55572, ""hkh_nr_id"" : ""55572"", ""vpn_id"" : 10004976, ""public_number"" : ""33999011439"", ""global_call_limiter"" : 255, ""no_answer_timeout"" : 20000, ""label"" : ""33999011439"", ""possibility"" : ""SAN_LEVEL"", ""uui"" : ""SAN_LEVEL"", ""spn_mode"" : ""SPN_STANDARD"", ""call_transfer_mode"" : ""NO_DELAYED_OFFER"", ""int_dc"" : ""F"", ""header_list"" : []}"
10004976,55574,"{""id"" : 55574, ""hkh_nr_id"" : ""55574"", ""vpn_id"" : 10004976, ""public_number"" : ""33999012099"", ""global_call_limiter"" : 255, ""no_answer_timeout"" : 20000, ""label"" : ""09 99 01 20 99"", ""possibility"" : ""SAN_LEVEL"", ""uui"" : ""SAN_LEVEL"", ""spn_mode"" : ""SPN_STANDARD"", ""call_transfer_mode"" : ""NO_DELAYED_OFFER"", ""int_dc"" : ""F"", ""header_list"" : []}"
10004983,55578,"{""id"" : 55578, ""hkh_nr_id"" : ""55578"", ""vpn_id"" : 10004983, ""public_number"" : ""33155476363"", ""global_call_limiter"" : 2, ""no_answer_timeout"" : 20000, ""label"" : ""33155476363"", ""possibility"" : ""SAN_LEVEL"", ""uui"" : ""SAN_LEVEL"", ""spn_mode"" : ""DEFAULT"", ""call_transfer_mode"" : ""NO_DELAYED_OFFER"", ""int_dc"" : ""B"", ""header_list"" : []}"
10004983,55580,"{""id"" : 55580, ""hkh_nr_id"" : ""55580"", ""vpn_id"" : 10004983, ""public_number"" : ""33147517864"", ""global_call_limiter"" : 8, ""no_answer_timeout"" : 20000, ""label"" : ""33147517864"", ""possibility"" : ""SAN_LEVEL"", ""uui"" : ""SAN_LEVEL"", ""spn_mode"" : ""DEFAULT"", ""call_transfer_mode"" : ""NO_DELAYED_OFFER"", ""int_dc"" : ""B"", ""header_list"" : []}"
10004958,55584,"{""id"" : 55584, ""hkh_nr_id"" : ""55584"", ""vpn_id"" : 10004958, ""public_number"" : ""33238143067"", ""global_call_limiter"" : 100, ""no_answer_timeout"" : 20000, ""label"" : ""FNAC 33238143067"", ""possibility"" : ""SAN_LEVEL"", ""uui"" : ""SAN_LEVEL"", ""spn_mode"" : ""DEFAULT"", ""call_transfer_mode"" : ""NO_DELAYED_OFFER"", ""int_dc"" : ""B"", ""header_list"" : []}"
10013971,192629,"{""id"" : 192629, ""hkh_nr_id"" : ""192629"", ""vpn_id"" : 10013971, ""public_number"" : ""33187520096"", ""global_call_limiter"" : null, ""no_answer_timeout"" : 20000, ""label"" : ""SUCCESSION CE DIABOLOCOM"", ""possibility"" : ""SAN_LEVEL"", ""uui"" : ""SAN_LEVEL"", ""spn_mode"" : ""DEFAULT"", ""call_transfer_mode"" : ""NO_DELAYED_OFFER"", ""int_dc"" : ""B"", ""header_list"" : []}"
10004976,55604,"{""id"" : 55604, ""hkh_nr_id"" : ""55604"", ""vpn_id"" : 10004976, ""public_number"" : ""33153892801"", ""global_call_limiter"" : 100, ""no_answer_timeout"" : 20000, ""label"" : ""01 53 89 28 01"", ""possibility"" : ""SAN_LEVEL"", ""uui"" : ""SAN_LEVEL"", ""spn_mode"" : ""DEFAULT"", ""call_transfer_mode"" : ""NO_DELAYED_OFFER"", ""int_dc"" : ""B"", ""header_list"" : []}"
10004976,55605,"{""id"" : 55605, ""hkh_nr_id"" : ""55605"", ""vpn_id"" : 10004976, ""public_number"" : ""33153892806"", ""global_call_limiter"" : 100, ""no_answer_timeout"" : 20000, ""label"" : ""01 53 89 28 06"", ""possibility"" : ""SAN_LEVEL"", ""uui"" : ""SAN_LEVEL"", ""spn_mode"" : ""DEFAULT"", ""call_transfer_mode"" : ""NO_DELAYED_OFFER"", ""int_dc"" : ""B"", ""header_list"" : []}"
10004949,55621,"{""id"" : 55621, ""hkh_nr_id"" : ""55621"", ""vpn_id"" : 10004949, ""public_number"" : ""33556100008"", ""global_call_limiter"" : 10, ""no_answer_timeout"" : 20000, ""label"" : ""33556100008"", ""possibility"" : ""TRUE"", ""uui"" : ""TRUE"", ""spn_mode"" : ""DEFAULT"", ""call_transfer_mode"" : ""NO_DELAYED_OFFER"", ""int_dc"" : ""G"", ""header_list"" : []}"
10004949,55625,"{""id"" : 55625, ""hkh_nr_id"" : ""55625"", ""vpn_id"" : 10004949, ""public_number"" : ""33556100253"", ""global_call_limiter"" : 10, ""no_answer_timeout"" : 20000, ""label"" : ""33556100253"", ""possibility"" : ""TRUE"", ""uui"" : ""TRUE"", ""spn_mode"" : ""DEFAULT"", ""call_transfer_mode"" : ""NO_DELAYED_OFFER"", ""int_dc"" : ""G"", ""header_list"" : []}"
10004949,55626,"{""id"" : 55626, ""hkh_nr_id"" : ""55626"", ""vpn_id"" : 10004949, ""public_number"" : ""33557018103"", ""global_call_limiter"" : 10, ""no_answer_timeout"" : 20000, ""label"" : ""33557018103"", ""possibility"" : ""TRUE"", ""uui"" : ""TRUE"", ""spn_mode"" : ""DEFAULT"", ""call_transfer_mode"" : ""NO_DELAYED_OFFER"", ""int_dc"" : ""G"", ""header_list"" : []}"
10004949,55628,"{""id"" : 55628, ""hkh_nr_id"" : ""55628"", ""vpn_id"" : 10004949, ""public_number"" : ""33556294876"", ""global_call_limiter"" : 10, ""no_answer_timeout"" : 20000, ""label"" : ""33556294876"", ""possibility"" : ""TRUE"", ""uui"" : ""TRUE"", ""spn_mode"" : ""DEFAULT"", ""call_transfer_mode"" : ""NO_DELAYED_OFFER"", ""int_dc"" : ""G"", ""header_list"" : []}"
10004976,55629,"{""id"" : 55629, ""hkh_nr_id"" : ""55629"", ""vpn_id"" : 10004976, ""public_number"" : ""33999011445"", ""global_call_limiter"" : 100, ""no_answer_timeout"" : 20000, ""label"" : ""33999011445"", ""possibility"" : ""SAN_LEVEL"", ""uui"" : ""SAN_LEVEL"", ""spn_mode"" : ""SPN_STANDARD"", ""call_transfer_mode"" : ""NO_DELAYED_OFFER"", ""int_dc"" : ""F"", ""header_list"" : []}"
10003963,55670,"{""id"" : 55670, ""hkh_nr_id"" : ""55670"", ""vpn_id"" : 10003963, ""public_number"" : ""33149749313"", ""global_call_limiter"" : 100, ""no_answer_timeout"" : 20000, ""label"" : ""01 49 74 93 13"", ""possibility"" : ""SAN_LEVEL"", ""uui"" : ""SAN_LEVEL"", ""spn_mode"" : ""DEFAULT"", ""call_transfer_mode"" : ""NO_DELAYED_OFFER"", ""int_dc"" : ""B"", ""header_list"" : []}"
10005004,55679,"{""id"" : 55679, ""hkh_nr_id"" : ""55679"", ""vpn_id"" : 10005004, ""public_number"" : ""33140152725"", ""global_call_limiter"" : 10, ""no_answer_timeout"" : 20000, ""label"" : ""01 40 15 27 25"", ""possibility"" : ""SAN_LEVEL"", ""uui"" : ""SAN_LEVEL"", ""spn_mode"" : ""DEFAULT"", ""call_transfer_mode"" : ""NO_DELAYED_OFFER"", ""int_dc"" : ""B"", ""header_list"" : []}"
10004425,55689,"{""id"" : 55689, ""hkh_nr_id"" : ""55689"", ""vpn_id"" : 10004425, ""public_number"" : ""33181793902"", ""global_call_limiter"" : 100, ""no_answer_timeout"" : 20000, ""label"" : ""SERENITE 24-24"", ""possibility"" : ""SAN_LEVEL"", ""uui"" : ""SAN_LEVEL"", ""spn_mode"" : ""DEFAULT"", ""call_transfer_mode"" : ""NO_DELAYED_OFFER"", ""int_dc"" : ""B"", ""header_list"" : []}"
10005004,55724,"{""id"" : 55724, ""hkh_nr_id"" : ""55724"", ""vpn_id"" : 10005004, ""public_number"" : ""33140152765"", ""global_call_limiter"" : 10, ""no_answer_timeout"" : 20000, ""label"" : ""Standard Paris"", ""possibility"" : ""SAN_LEVEL"", ""uui"" : ""SAN_LEVEL"", ""spn_mode"" : ""DEFAULT"", ""call_transfer_mode"" : ""NO_DELAYED_OFFER"", ""int_dc"" : ""B"", ""header_list"" : []}"
10005032,55819,"{""id"" : 55819, ""hkh_nr_id"" : ""55819"", ""vpn_id"" : 10005032, ""public_number"" : ""33299734956"", ""global_call_limiter"" : null, ""no_answer_timeout"" : 20000, ""label"" : ""02 99 73 49 56"", ""possibility"" : ""SAN_LEVEL"", ""uui"" : ""SAN_LEVEL"", ""spn_mode"" : ""DEFAULT"", ""call_transfer_mode"" : ""NO_DELAYED_OFFER"", ""int_dc"" : ""B"", ""header_list"" : []}"
10005032,55821,"{""id"" : 55821, ""hkh_nr_id"" : ""55821"", ""vpn_id"" : 10005032, ""public_number"" : ""33145216100"", ""global_call_limiter"" : 250, ""no_answer_timeout"" : 20000, ""label"" : ""01 45 21 61 00"", ""possibility"" : ""SAN_LEVEL"", ""uui"" : ""SAN_LEVEL"", ""spn_mode"" : ""DEFAULT"", ""call_transfer_mode"" : ""NO_DELAYED_OFFER"", ""int_dc"" : ""B"", ""header_list"" : []}"
10005040,55823,"{""id"" : 55823, ""hkh_nr_id"" : ""55823"", ""vpn_id"" : 10005040, ""public_number"" : ""33169598832"", ""global_call_limiter"" : 100, ""no_answer_timeout"" : 20000, ""label"" : ""01 69 59 88 32"", ""possibility"" : ""SAN_LEVEL"", ""uui"" : ""SAN_LEVEL"", ""spn_mode"" : ""DEFAULT"", ""call_transfer_mode"" : ""NO_DELAYED_OFFER"", ""int_dc"" : ""B"", ""header_list"" : []}"
10005040,55824,"{""id"" : 55824, ""hkh_nr_id"" : ""55824"", ""vpn_id"" : 10005040, ""public_number"" : ""33169598842"", ""global_call_limiter"" : 100, ""no_answer_timeout"" : 20000, ""label"" : ""01 69 59 88 42"", ""possibility"" : ""SAN_LEVEL"", ""uui"" : ""SAN_LEVEL"", ""spn_mode"" : ""DEFAULT"", ""call_transfer_mode"" : ""NO_DELAYED_OFFER"", ""int_dc"" : ""B"", ""header_list"" : []}"
10005040,55825,"{""id"" : 55825, ""hkh_nr_id"" : ""55825"", ""vpn_id"" : 10005040, ""public_number"" : ""33169598700"", ""global_call_limiter"" : 100, ""no_answer_timeout"" : 20000, ""label"" : ""01 69 59 87 00"", ""possibility"" : ""SAN_LEVEL"", ""uui"" : ""SAN_LEVEL"", ""spn_mode"" : ""DEFAULT"", ""call_transfer_mode"" : ""NO_DELAYED_OFFER"", ""int_dc"" : ""B"", ""header_list"" : []}"
10005040,55828,"{""id"" : 55828, ""hkh_nr_id"" : ""55828"", ""vpn_id"" : 10005040, ""public_number"" : ""33169598841"", ""global_call_limiter"" : 4, ""no_answer_timeout"" : 20000, ""label"" : ""01 69 59 88 41"", ""possibility"" : ""SAN_LEVEL"", ""uui"" : ""SAN_LEVEL"", ""spn_mode"" : ""DEFAULT"", ""call_transfer_mode"" : ""NO_DELAYED_OFFER"", ""int_dc"" : ""B"", ""header_list"" : []}"
10005040,55829,"{""id"" : 55829, ""hkh_nr_id"" : ""55829"", ""vpn_id"" : 10005040, ""public_number"" : ""33169598840"", ""global_call_limiter"" : 4, ""no_answer_timeout"" : 20000, ""label"" : ""01 69 59 88 40"", ""possibility"" : ""SAN_LEVEL"", ""uui"" : ""SAN_LEVEL"", ""spn_mode"" : ""DEFAULT"", ""call_transfer_mode"" : ""NO_DELAYED_OFFER"", ""int_dc"" : ""B"", ""header_list"" : []}"
10005040,55831,"{""id"" : 55831, ""hkh_nr_id"" : ""55831"", ""vpn_id"" : 10005040, ""public_number"" : ""33169598844"", ""global_call_limiter"" : 1, ""no_answer_timeout"" : 20000, ""label"" : ""01 69 59 88 44"", ""possibility"" : ""SAN_LEVEL"", ""uui"" : ""SAN_LEVEL"", ""spn_mode"" : ""DEFAULT"", ""call_transfer_mode"" : ""NO_DELAYED_OFFER"", ""int_dc"" : ""B"", ""header_list"" : []}"
10005040,55834,"{""id"" : 55834, ""hkh_nr_id"" : ""55834"", ""vpn_id"" : 10005040, ""public_number"" : ""33169598836"", ""global_call_limiter"" : 1, ""no_answer_timeout"" : 20000, ""label"" : ""01 69 59 88 36"", ""possibility"" : ""SAN_LEVEL"", ""uui"" : ""SAN_LEVEL"", ""spn_mode"" : ""DEFAULT"", ""call_transfer_mode"" : ""NO_DELAYED_OFFER"", ""int_dc"" : ""B"", ""header_list"" : []}"
10005040,55835,"{""id"" : 55835, ""hkh_nr_id"" : ""55835"", ""vpn_id"" : 10005040, ""public_number"" : ""33169598837"", ""global_call_limiter"" : 1, ""no_answer_timeout"" : 20000, ""label"" : ""01 69 59 88 37"", ""possibility"" : ""SAN_LEVEL"", ""uui"" : ""SAN_LEVEL"", ""spn_mode"" : ""DEFAULT"", ""call_transfer_mode"" : ""NO_DELAYED_OFFER"", ""int_dc"" : ""B"", ""header_list"" : []}"
10005040,55837,"{""id"" : 55837, ""hkh_nr_id"" : ""55837"", ""vpn_id"" : 10005040, ""public_number"" : ""33169598846"", ""global_call_limiter"" : 5, ""no_answer_timeout"" : 20000, ""label"" : ""01 69 59 88 46"", ""possibility"" : ""SAN_LEVEL"", ""uui"" : ""SAN_LEVEL"", ""spn_mode"" : ""DEFAULT"", ""call_transfer_mode"" : ""NO_DELAYED_OFFER"", ""int_dc"" : ""B"", ""header_list"" : []}"
10005040,55838,"{""id"" : 55838, ""hkh_nr_id"" : ""55838"", ""vpn_id"" : 10005040, ""public_number"" : ""33169598847"", ""global_call_limiter"" : 5, ""no_answer_timeout"" : 20000, ""label"" : ""01 69 59 88 47"", ""possibility"" : ""SAN_LEVEL"", ""uui"" : ""SAN_LEVEL"", ""spn_mode"" : ""DEFAULT"", ""call_transfer_mode"" : ""NO_DELAYED_OFFER"", ""int_dc"" : ""B"", ""header_list"" : []}"
10005006,55842,"{""id"" : 55842, ""hkh_nr_id"" : ""55842"", ""vpn_id"" : 10005006, ""public_number"" : ""33120192024"", ""global_call_limiter"" : 100, ""no_answer_timeout"" : 20000, ""label"" : ""01 20 19 20 24"", ""possibility"" : ""SAN_LEVEL"", ""uui"" : ""SAN_LEVEL"", ""spn_mode"" : ""DEFAULT"", ""call_transfer_mode"" : ""NO_DELAYED_OFFER"", ""int_dc"" : ""B"", ""header_list"" : []}"
10004958,55881,"{""id"" : 55881, ""hkh_nr_id"" : ""55881"", ""vpn_id"" : 10004958, ""public_number"" : ""33238143077"", ""global_call_limiter"" : 100, ""no_answer_timeout"" : 20000, ""label"" : ""CONFO MAG 33238143077"", ""possibility"" : ""SAN_LEVEL"", ""uui"" : ""SAN_LEVEL"", ""spn_mode"" : ""DEFAULT"", ""call_transfer_mode"" : ""NO_DELAYED_OFFER"", ""int_dc"" : ""B"", ""header_list"" : []}"
10004958,55882,"{""id"" : 55882, ""hkh_nr_id"" : ""55882"", ""vpn_id"" : 10004958, ""public_number"" : ""33238143078"", ""global_call_limiter"" : 100, ""no_answer_timeout"" : 20000, ""label"" : ""CASH MAGASIN 33238143078"", ""possibility"" : ""SAN_LEVEL"", ""uui"" : ""SAN_LEVEL"", ""spn_mode"" : ""DEFAULT"", ""call_transfer_mode"" : ""NO_DELAYED_OFFER"", ""int_dc"" : ""B"", ""header_list"" : []}"
10004797,55242,"{""id"" : 55242, ""hkh_nr_id"" : ""55242"", ""vpn_id"" : 10004797, ""public_number"" : ""33155546363"", ""global_call_limiter"" : 100, ""no_answer_timeout"" : 20000, ""label"" : ""33155546363"", ""possibility"" : ""SAN_LEVEL"", ""uui"" : ""SAN_LEVEL"", ""spn_mode"" : ""DEFAULT"", ""call_transfer_mode"" : ""NO_DELAYED_OFFER"", ""int_dc"" : ""B"", ""header_list"" : []}"
10005070,55883,"{""id"" : 55883, ""hkh_nr_id"" : ""55883"", ""vpn_id"" : 10005070, ""public_number"" : ""33179675278"", ""global_call_limiter"" : 10, ""no_answer_timeout"" : 20000, ""label"" : ""01 79 67 52 78"", ""possibility"" : ""SAN_LEVEL"", ""uui"" : ""SAN_LEVEL"", ""spn_mode"" : ""DEFAULT"", ""call_transfer_mode"" : ""NO_DELAYED_OFFER"", ""int_dc"" : ""B"", ""header_list"" : []}"
10003728,55903,"{""id"" : 55903, ""hkh_nr_id"" : ""55903"", ""vpn_id"" : 10003728, ""public_number"" : ""33476212207"", ""global_call_limiter"" : 100, ""no_answer_timeout"" : 20000, ""label"" : ""04 76 21 22 07"", ""possibility"" : ""SAN_LEVEL"", ""uui"" : ""SAN_LEVEL"", ""spn_mode"" : ""DEFAULT"", ""call_transfer_mode"" : ""NO_DELAYED_OFFER"", ""int_dc"" : ""B"", ""header_list"" : []}"
10005070,55921,"{""id"" : 55921, ""hkh_nr_id"" : ""55921"", ""vpn_id"" : 10005070, ""public_number"" : ""33139683843"", ""global_call_limiter"" : 1, ""no_answer_timeout"" : 20000, ""label"" : ""01 39 68 38 43"", ""possibility"" : ""SAN_LEVEL"", ""uui"" : ""SAN_LEVEL"", ""spn_mode"" : ""DEFAULT"", ""call_transfer_mode"" : ""NO_DELAYED_OFFER"", ""int_dc"" : ""B"", ""header_list"" : []}"
10005070,55922,"{""id"" : 55922, ""hkh_nr_id"" : ""55922"", ""vpn_id"" : 10005070, ""public_number"" : ""33139471872"", ""global_call_limiter"" : 255, ""no_answer_timeout"" : 20000, ""label"" : ""01 39 47 18 72"", ""possibility"" : ""SAN_LEVEL"", ""uui"" : ""SAN_LEVEL"", ""spn_mode"" : ""DEFAULT"", ""call_transfer_mode"" : ""NO_DELAYED_OFFER"", ""int_dc"" : ""B"", ""header_list"" : []}"
10005070,55923,"{""id"" : 55923, ""hkh_nr_id"" : ""55923"", ""vpn_id"" : 10005070, ""public_number"" : ""33139982640"", ""global_call_limiter"" : 1, ""no_answer_timeout"" : 20000, ""label"" : ""01 39 98 26 40"", ""possibility"" : ""SAN_LEVEL"", ""uui"" : ""SAN_LEVEL"", ""spn_mode"" : ""DEFAULT"", ""call_transfer_mode"" : ""NO_DELAYED_OFFER"", ""int_dc"" : ""B"", ""header_list"" : []}"
10005070,55924,"{""id"" : 55924, ""hkh_nr_id"" : ""55924"", ""vpn_id"" : 10005070, ""public_number"" : ""33139470199"", ""global_call_limiter"" : 1, ""no_answer_timeout"" : 20000, ""label"" : ""01 39 47 01 99"", ""possibility"" : ""SAN_LEVEL"", ""uui"" : ""SAN_LEVEL"", ""spn_mode"" : ""DEFAULT"", ""call_transfer_mode"" : ""NO_DELAYED_OFFER"", ""int_dc"" : ""B"", ""header_list"" : []}"
10005004,55925,"{""id"" : 55925, ""hkh_nr_id"" : ""55925"", ""vpn_id"" : 10005004, ""public_number"" : ""33148632417"", ""global_call_limiter"" : 100, ""no_answer_timeout"" : 20000, ""label"" : ""Fax Direct"", ""possibility"" : ""SAN_LEVEL"", ""uui"" : ""SAN_LEVEL"", ""spn_mode"" : ""DEFAULT"", ""call_transfer_mode"" : ""NO_DELAYED_OFFER"", ""int_dc"" : ""B"", ""header_list"" : []}"
10005085,55929,"{""id"" : 55929, ""hkh_nr_id"" : ""55929"", ""vpn_id"" : 10005085, ""public_number"" : ""33467046660"", ""global_call_limiter"" : 100, ""no_answer_timeout"" : 20000, ""label"" : ""04 67 04 66 60"", ""possibility"" : ""SAN_LEVEL"", ""uui"" : ""SAN_LEVEL"", ""spn_mode"" : ""DEFAULT"", ""call_transfer_mode"" : ""NO_DELAYED_OFFER"", ""int_dc"" : ""B"", ""header_list"" : []}"
10004425,55941,"{""id"" : 55941, ""hkh_nr_id"" : ""55941"", ""vpn_id"" : 10004425, ""public_number"" : ""33426035659"", ""global_call_limiter"" : 100, ""no_answer_timeout"" : 20000, ""label"" : ""NR TNT EXPRESS"", ""possibility"" : ""SAN_LEVEL"", ""uui"" : ""SAN_LEVEL"", ""spn_mode"" : ""DEFAULT"", ""call_transfer_mode"" : ""NO_DELAYED_OFFER"", ""int_dc"" : ""B"", ""header_list"" : []}"
10005004,55942,"{""id"" : 55942, ""hkh_nr_id"" : ""55942"", ""vpn_id"" : 10005004, ""public_number"" : ""3271698074"", ""global_call_limiter"" : 100, ""no_answer_timeout"" : 20000, ""label"" : ""Jazz Oppo N-Allo"", ""possibility"" : ""SAN_LEVEL"", ""uui"" : ""SAN_LEVEL"", ""spn_mode"" : ""DEFAULT"", ""call_transfer_mode"" : ""NO_DELAYED_OFFER"", ""int_dc"" : ""B"", ""header_list"" : []}"
10005004,55943,"{""id"" : 55943, ""hkh_nr_id"" : ""55943"", ""vpn_id"" : 10005004, ""public_number"" : ""3271698086"", ""global_call_limiter"" : 100, ""no_answer_timeout"" : 20000, ""label"" : ""Jazz Memo N-Allo"", ""possibility"" : ""SAN_LEVEL"", ""uui"" : ""SAN_LEVEL"", ""spn_mode"" : ""DEFAULT"", ""call_transfer_mode"" : ""NO_DELAYED_OFFER"", ""int_dc"" : ""B"", ""header_list"" : []}"
10005004,55944,"{""id"" : 55944, ""hkh_nr_id"" : ""55944"", ""vpn_id"" : 10005004, ""public_number"" : ""3271698088"", ""global_call_limiter"" : 100, ""no_answer_timeout"" : 20000, ""label"" : ""Jazz GPrix N-Allo"", ""possibility"" : ""SAN_LEVEL"", ""uui"" : ""SAN_LEVEL"", ""spn_mode"" : ""DEFAULT"", ""call_transfer_mode"" : ""NO_DELAYED_OFFER"", ""int_dc"" : ""B"", ""header_list"" : []}"
10005004,55945,"{""id"" : 55945, ""hkh_nr_id"" : ""55945"", ""vpn_id"" : 10005004, ""public_number"" : ""3271698089"", ""global_call_limiter"" : 100, ""no_answer_timeout"" : 20000, ""label"" : ""VGB N-Allo"", ""possibility"" : ""SAN_LEVEL"", ""uui"" : ""SAN_LEVEL"", ""spn_mode"" : ""DEFAULT"", ""call_transfer_mode"" : ""NO_DELAYED_OFFER"", ""int_dc"" : ""B"", ""header_list"" : []}"
10005004,55946,"{""id"" : 55946, ""hkh_nr_id"" : ""55946"", ""vpn_id"" : 10005004, ""public_number"" : ""3281809581"", ""global_call_limiter"" : 100, ""no_answer_timeout"" : 20000, ""label"" : ""Jazz Nuit N-Allo"", ""possibility"" : ""SAN_LEVEL"", ""uui"" : ""SAN_LEVEL"", ""spn_mode"" : ""DEFAULT"", ""call_transfer_mode"" : ""NO_DELAYED_OFFER"", ""int_dc"" : ""B"", ""header_list"" : []}"
10005004,55947,"{""id"" : 55947, ""hkh_nr_id"" : ""55947"", ""vpn_id"" : 10005004, ""public_number"" : ""3281809584"", ""global_call_limiter"" : 100, ""no_answer_timeout"" : 20000, ""label"" : ""HSBC N-Allo"", ""possibility"" : ""SAN_LEVEL"", ""uui"" : ""SAN_LEVEL"", ""spn_mode"" : ""DEFAULT"", ""call_transfer_mode"" : ""NO_DELAYED_OFFER"", ""int_dc"" : ""B"", ""header_list"" : []}"
10005004,55948,"{""id"" : 55948, ""hkh_nr_id"" : ""55948"", ""vpn_id"" : 10005004, ""public_number"" : ""3281809587"", ""global_call_limiter"" : 100, ""no_answer_timeout"" : 20000, ""label"" : ""Carrefour N-Allo"", ""possibility"" : ""SAN_LEVEL"", ""uui"" : ""SAN_LEVEL"", ""spn_mode"" : ""DEFAULT"", ""call_transfer_mode"" : ""NO_DELAYED_OFFER"", ""int_dc"" : ""B"", ""header_list"" : []}"
10005004,55949,"{""id"" : 55949, ""hkh_nr_id"" : ""55949"", ""vpn_id"" : 10005004, ""public_number"" : ""3281809588"", ""global_call_limiter"" : 100, ""no_answer_timeout"" : 20000, ""label"" : ""SOS Oppo N-Allo"", ""possibility"" : ""SAN_LEVEL"", ""uui"" : ""SAN_LEVEL"", ""spn_mode"" : ""DEFAULT"", ""call_transfer_mode"" : ""NO_DELAYED_OFFER"", ""int_dc"" : ""B"", ""header_list"" : []}"
10005004,55950,"{""id"" : 55950, ""hkh_nr_id"" : ""55950"", ""vpn_id"" : 10005004, ""public_number"" : ""33140152736"", ""global_call_limiter"" : 100, ""no_answer_timeout"" : 20000, ""label"" : ""Jazz Oppo Paris"", ""possibility"" : ""SAN_LEVEL"", ""uui"" : ""SAN_LEVEL"", ""spn_mode"" : ""DEFAULT"", ""call_transfer_mode"" : ""NO_DELAYED_OFFER"", ""int_dc"" : ""B"", ""header_list"" : []}"
10005004,55951,"{""id"" : 55951, ""hkh_nr_id"" : ""55951"", ""vpn_id"" : 10005004, ""public_number"" : ""33140152737"", ""global_call_limiter"" : 100, ""no_answer_timeout"" : 20000, ""label"" : ""Jazz Memo Paris"", ""possibility"" : ""SAN_LEVEL"", ""uui"" : ""SAN_LEVEL"", ""spn_mode"" : ""DEFAULT"", ""call_transfer_mode"" : ""NO_DELAYED_OFFER"", ""int_dc"" : ""B"", ""header_list"" : []}"
10005004,55952,"{""id"" : 55952, ""hkh_nr_id"" : ""55952"", ""vpn_id"" : 10005004, ""public_number"" : ""33140152738"", ""global_call_limiter"" : 100, ""no_answer_timeout"" : 20000, ""label"" : ""Jazz GPrix Paris"", ""possibility"" : ""SAN_LEVEL"", ""uui"" : ""SAN_LEVEL"", ""spn_mode"" : ""DEFAULT"", ""call_transfer_mode"" : ""NO_DELAYED_OFFER"", ""int_dc"" : ""B"", ""header_list"" : []}"
10005088,55953,"{""id"" : 55953, ""hkh_nr_id"" : ""55953"", ""vpn_id"" : 10005088, ""public_number"" : ""33549259989"", ""global_call_limiter"" : 100, ""no_answer_timeout"" : 20000, ""label"" : ""05 49 25 99 89"", ""possibility"" : ""SAN_LEVEL"", ""uui"" : ""SAN_LEVEL"", ""spn_mode"" : ""DEFAULT"", ""call_transfer_mode"" : ""NO_DELAYED_OFFER"", ""int_dc"" : ""B"", ""header_list"" : []}"
10005088,55954,"{""id"" : 55954, ""hkh_nr_id"" : ""55954"", ""vpn_id"" : 10005088, ""public_number"" : ""33549259990"", ""global_call_limiter"" : 100, ""no_answer_timeout"" : 20000, ""label"" : ""05 49 25 99 90"", ""possibility"" : ""SAN_LEVEL"", ""uui"" : ""SAN_LEVEL"", ""spn_mode"" : ""DEFAULT"", ""call_transfer_mode"" : ""NO_DELAYED_OFFER"", ""int_dc"" : ""B"", ""header_list"" : []}"
10005016,55962,"{""id"" : 55962, ""hkh_nr_id"" : ""55962"", ""vpn_id"" : 10005016, ""public_number"" : ""33164727881"", ""global_call_limiter"" : 100, ""no_answer_timeout"" : 20000, ""label"" : ""01 64 72 78 81"", ""possibility"" : ""SAN_LEVEL"", ""uui"" : ""SAN_LEVEL"", ""spn_mode"" : ""DEFAULT"", ""call_transfer_mode"" : ""NO_DELAYED_OFFER"", ""int_dc"" : ""B"", ""header_list"" : []}"
10004425,55261,"{""id"" : 55261, ""hkh_nr_id"" : ""55261"", ""vpn_id"" : 10004425, ""public_number"" : ""33475755881"", ""global_call_limiter"" : 100, ""no_answer_timeout"" : 20000, ""label"" : ""NR Test Cient MARKEM"", ""possibility"" : ""SAN_LEVEL"", ""uui"" : ""SAN_LEVEL"", ""spn_mode"" : ""DEFAULT"", ""call_transfer_mode"" : ""NO_DELAYED_OFFER"", ""int_dc"" : ""B"", ""header_list"" : []}"
10004425,55698,"{""id"" : 55698, ""hkh_nr_id"" : ""55698"", ""vpn_id"" : 10004425, ""public_number"" : ""33130701693"", ""global_call_limiter"" : 100, ""no_answer_timeout"" : 20000, ""label"" : ""T2 ORANGE CESA 01 30 70 16 93"", ""possibility"" : ""SAN_LEVEL"", ""uui"" : ""SAN_LEVEL"", ""spn_mode"" : ""DEFAULT"", ""call_transfer_mode"" : ""NO_DELAYED_OFFER"", ""int_dc"" : ""B"", ""header_list"" : []}"
10005004,55725,"{""id"" : 55725, ""hkh_nr_id"" : ""55725"", ""vpn_id"" : 10005004, ""public_number"" : ""33140152768"", ""global_call_limiter"" : 10, ""no_answer_timeout"" : 20000, ""label"" : ""HSBC Paris"", ""possibility"" : ""SAN_LEVEL"", ""uui"" : ""SAN_LEVEL"", ""spn_mode"" : ""DEFAULT"", ""call_transfer_mode"" : ""NO_DELAYED_OFFER"", ""int_dc"" : ""B"", ""header_list"" : []}"
10004425,55982,"{""id"" : 55982, ""hkh_nr_id"" : ""55982"", ""vpn_id"" : 10004425, ""public_number"" : ""33562882513"", ""global_call_limiter"" : 100, ""no_answer_timeout"" : 20000, ""label"" : ""LYRA NETWORK"", ""possibility"" : ""SAN_LEVEL"", ""uui"" : ""SAN_LEVEL"", ""spn_mode"" : ""DEFAULT"", ""call_transfer_mode"" : ""NO_DELAYED_OFFER"", ""int_dc"" : ""B"", ""header_list"" : []}"
10004631,55983,"{""id"" : 55983, ""hkh_nr_id"" : ""55983"", ""vpn_id"" : 10004631, ""public_number"" : ""33327738827"", ""global_call_limiter"" : 110, ""no_answer_timeout"" : 20000, ""label"" : ""03 27 73 88 27"", ""possibility"" : ""SAN_LEVEL"", ""uui"" : ""SAN_LEVEL"", ""spn_mode"" : ""DEFAULT"", ""call_transfer_mode"" : ""NO_DELAYED_OFFER"", ""int_dc"" : ""B"", ""header_list"" : []}"
10004845,55301,"{""id"" : 55301, ""hkh_nr_id"" : ""55301"", ""vpn_id"" : 10004845, ""public_number"" : ""33442175100"", ""global_call_limiter"" : 10, ""no_answer_timeout"" : 20000, ""label"" : ""33442175100"", ""possibility"" : ""SAN_LEVEL"", ""uui"" : ""SAN_LEVEL"", ""spn_mode"" : ""DEFAULT"", ""call_transfer_mode"" : ""NO_DELAYED_OFFER"", ""int_dc"" : ""B"", ""header_list"" : []}"
10003728,55345,"{""id"" : 55345, ""hkh_nr_id"" : ""55345"", ""vpn_id"" : 10003728, ""public_number"" : ""33557133000"", ""global_call_limiter"" : 100, ""no_answer_timeout"" : 20000, ""label"" : ""05 57 13 30 00"", ""possibility"" : ""TRUE"", ""uui"" : ""TRUE"", ""spn_mode"" : ""DEFAULT"", ""call_transfer_mode"" : ""NO_DELAYED_OFFER"", ""int_dc"" : ""G"", ""header_list"" : []}"
10004861,55364,"{""id"" : 55364, ""hkh_nr_id"" : ""55364"", ""vpn_id"" : 10004861, ""public_number"" : ""33556294978"", ""global_call_limiter"" : 30, ""no_answer_timeout"" : 20000, ""label"" : ""33556294978"", ""possibility"" : ""TRUE"", ""uui"" : ""TRUE"", ""spn_mode"" : ""DEFAULT"", ""call_transfer_mode"" : ""NO_DELAYED_OFFER"", ""int_dc"" : ""G"", ""header_list"" : []}"
10004861,55373,"{""id"" : 55373, ""hkh_nr_id"" : ""55373"", ""vpn_id"" : 10004861, ""public_number"" : ""33556293647"", ""global_call_limiter"" : 30, ""no_answer_timeout"" : 20000, ""label"" : ""33556293647"", ""possibility"" : ""TRUE"", ""uui"" : ""TRUE"", ""spn_mode"" : ""DEFAULT"", ""call_transfer_mode"" : ""NO_DELAYED_OFFER"", ""int_dc"" : ""G"", ""header_list"" : []}"
10004861,55374,"{""id"" : 55374, ""hkh_nr_id"" : ""55374"", ""vpn_id"" : 10004861, ""public_number"" : ""33556109449"", ""global_call_limiter"" : 30, ""no_answer_timeout"" : 20000, ""label"" : ""33556109449"", ""possibility"" : ""TRUE"", ""uui"" : ""TRUE"", ""spn_mode"" : ""DEFAULT"", ""call_transfer_mode"" : ""NO_DELAYED_OFFER"", ""int_dc"" : ""G"", ""header_list"" : []}"
10004861,55380,"{""id"" : 55380, ""hkh_nr_id"" : ""55380"", ""vpn_id"" : 10004861, ""public_number"" : ""33556297841"", ""global_call_limiter"" : 30, ""no_answer_timeout"" : 20000, ""label"" : ""33556297841"", ""possibility"" : ""TRUE"", ""uui"" : ""TRUE"", ""spn_mode"" : ""DEFAULT"", ""call_transfer_mode"" : ""NO_DELAYED_OFFER"", ""int_dc"" : ""G"", ""header_list"" : []}"
10004861,55381,"{""id"" : 55381, ""hkh_nr_id"" : ""55381"", ""vpn_id"" : 10004861, ""public_number"" : ""33557018317"", ""global_call_limiter"" : 30, ""no_answer_timeout"" : 20000, ""label"" : ""33557018317"", ""possibility"" : ""TRUE"", ""uui"" : ""TRUE"", ""spn_mode"" : ""DEFAULT"", ""call_transfer_mode"" : ""NO_DELAYED_OFFER"", ""int_dc"" : ""G"", ""header_list"" : []}"
10004928,55467,"{""id"" : 55467, ""hkh_nr_id"" : ""55467"", ""vpn_id"" : 10004928, ""public_number"" : ""33148356099"", ""global_call_limiter"" : 100, ""no_answer_timeout"" : 20000, ""label"" : ""PROXI BOETIE"", ""possibility"" : ""SAN_LEVEL"", ""uui"" : ""SAN_LEVEL"", ""spn_mode"" : ""DEFAULT"", ""call_transfer_mode"" : ""NO_DELAYED_OFFER"", ""int_dc"" : ""B"", ""header_list"" : []}"
10004928,55470,"{""id"" : 55470, ""hkh_nr_id"" : ""55470"", ""vpn_id"" : 10004928, ""public_number"" : ""33472168417"", ""global_call_limiter"" : 100, ""no_answer_timeout"" : 20000, ""label"" : ""CAC PROXI CLIENTS"", ""possibility"" : ""SAN_LEVEL"", ""uui"" : ""SAN_LEVEL"", ""spn_mode"" : ""DEFAULT"", ""call_transfer_mode"" : ""NO_DELAYED_OFFER"", ""int_dc"" : ""B"", ""header_list"" : []}"
10004949,55507,"{""id"" : 55507, ""hkh_nr_id"" : ""55507"", ""vpn_id"" : 10004949, ""public_number"" : ""33298291746"", ""global_call_limiter"" : 100, ""no_answer_timeout"" : 20000, ""label"" : ""33298291746"", ""possibility"" : ""SAN_LEVEL"", ""uui"" : ""SAN_LEVEL"", ""spn_mode"" : ""DEFAULT"", ""call_transfer_mode"" : ""NO_DELAYED_OFFER"", ""int_dc"" : ""B"", ""header_list"" : []}"
10004949,55523,"{""id"" : 55523, ""hkh_nr_id"" : ""55523"", ""vpn_id"" : 10004949, ""public_number"" : ""33298292688"", ""global_call_limiter"" : 5, ""no_answer_timeout"" : 20000, ""label"" : ""33298292688"", ""possibility"" : ""SAN_LEVEL"", ""uui"" : ""SAN_LEVEL"", ""spn_mode"" : ""DEFAULT"", ""call_transfer_mode"" : ""NO_DELAYED_OFFER"", ""int_dc"" : ""B"", ""header_list"" : []}"
10004949,55525,"{""id"" : 55525, ""hkh_nr_id"" : ""55525"", ""vpn_id"" : 10004949, ""public_number"" : ""33299166264"", ""global_call_limiter"" : 255, ""no_answer_timeout"" : 20000, ""label"" : ""33299166264"", ""possibility"" : ""SAN_LEVEL"", ""uui"" : ""SAN_LEVEL"", ""spn_mode"" : ""DEFAULT"", ""call_transfer_mode"" : ""NO_DELAYED_OFFER"", ""int_dc"" : ""B"", ""header_list"" : []}"
10004949,55527,"{""id"" : 55527, ""hkh_nr_id"" : ""55527"", ""vpn_id"" : 10004949, ""public_number"" : ""33298292800"", ""global_call_limiter"" : 25, ""no_answer_timeout"" : 20000, ""label"" : ""33298292800"", ""possibility"" : ""SAN_LEVEL"", ""uui"" : ""SAN_LEVEL"", ""spn_mode"" : ""DEFAULT"", ""call_transfer_mode"" : ""NO_DELAYED_OFFER"", ""int_dc"" : ""B"", ""header_list"" : []}"
10005170,56117,"{""id"" : 56117, ""hkh_nr_id"" : ""56117"", ""vpn_id"" : 10005170, ""public_number"" : ""33493724096"", ""global_call_limiter"" : 4, ""no_answer_timeout"" : 40000, ""label"" : ""Réseau Ulysse"", ""possibility"" : ""SAN_LEVEL"", ""uui"" : ""SAN_LEVEL"", ""spn_mode"" : ""DEFAULT"", ""call_transfer_mode"" : ""NO_DELAYED_OFFER"", ""int_dc"" : ""B"", ""header_list"" : []}"
10005168,56147,"{""id"" : 56147, ""hkh_nr_id"" : ""56147"", ""vpn_id"" : 10005168, ""public_number"" : ""33320675034"", ""global_call_limiter"" : 1, ""no_answer_timeout"" : 20000, ""label"" : ""03 20 67 50 34"", ""possibility"" : ""SAN_LEVEL"", ""uui"" : ""SAN_LEVEL"", ""spn_mode"" : ""DEFAULT"", ""call_transfer_mode"" : ""NO_DELAYED_OFFER"", ""int_dc"" : ""B"", ""header_list"" : []}"
10005168,56163,"{""id"" : 56163, ""hkh_nr_id"" : ""56163"", ""vpn_id"" : 10005168, ""public_number"" : ""33321100330"", ""global_call_limiter"" : 1, ""no_answer_timeout"" : 20000, ""label"" : ""03 21 10 03 30"", ""possibility"" : ""SAN_LEVEL"", ""uui"" : ""SAN_LEVEL"", ""spn_mode"" : ""DEFAULT"", ""call_transfer_mode"" : ""NO_DELAYED_OFFER"", ""int_dc"" : ""B"", ""header_list"" : []}"
10005168,56167,"{""id"" : 56167, ""hkh_nr_id"" : ""56167"", ""vpn_id"" : 10005168, ""public_number"" : ""33321161616"", ""global_call_limiter"" : 1, ""no_answer_timeout"" : 20000, ""label"" : ""03 21 16 16 16"", ""possibility"" : ""SAN_LEVEL"", ""uui"" : ""SAN_LEVEL"", ""spn_mode"" : ""DEFAULT"", ""call_transfer_mode"" : ""NO_DELAYED_OFFER"", ""int_dc"" : ""B"", ""header_list"" : []}"
10005168,56180,"{""id"" : 56180, ""hkh_nr_id"" : ""56180"", ""vpn_id"" : 10005168, ""public_number"" : ""33321469999"", ""global_call_limiter"" : 1, ""no_answer_timeout"" : 20000, ""label"" : ""03 21 46 99 99"", ""possibility"" : ""SAN_LEVEL"", ""uui"" : ""SAN_LEVEL"", ""spn_mode"" : ""DEFAULT"", ""call_transfer_mode"" : ""NO_DELAYED_OFFER"", ""int_dc"" : ""B"", ""header_list"" : []}"
10005168,56206,"{""id"" : 56206, ""hkh_nr_id"" : ""56206"", ""vpn_id"" : 10005168, ""public_number"" : ""33327822323"", ""global_call_limiter"" : 1, ""no_answer_timeout"" : 20000, ""label"" : ""03 27 82 23 23"", ""possibility"" : ""SAN_LEVEL"", ""uui"" : ""SAN_LEVEL"", ""spn_mode"" : ""DEFAULT"", ""call_transfer_mode"" : ""NO_DELAYED_OFFER"", ""int_dc"" : ""B"", ""header_list"" : []}"
10005168,56220,"{""id"" : 56220, ""hkh_nr_id"" : ""56220"", ""vpn_id"" : 10005168, ""public_number"" : ""33328550585"", ""global_call_limiter"" : 1, ""no_answer_timeout"" : 20000, ""label"" : ""03 28 55 05 85"", ""possibility"" : ""SAN_LEVEL"", ""uui"" : ""SAN_LEVEL"", ""spn_mode"" : ""DEFAULT"", ""call_transfer_mode"" : ""NO_DELAYED_OFFER"", ""int_dc"" : ""B"", ""header_list"" : []}"
10005170,56230,"{""id"" : 56230, ""hkh_nr_id"" : ""56230"", ""vpn_id"" : 10005170, ""public_number"" : ""33493832789"", ""global_call_limiter"" : 1, ""no_answer_timeout"" : 20000, ""label"" : ""Non Attribué"", ""possibility"" : ""SAN_LEVEL"", ""uui"" : ""SAN_LEVEL"", ""spn_mode"" : ""DEFAULT"", ""call_transfer_mode"" : ""NO_DELAYED_OFFER"", ""int_dc"" : ""B"", ""header_list"" : []}"
10005174,56238,"{""id"" : 56238, ""hkh_nr_id"" : ""56238"", ""vpn_id"" : 10005174, ""public_number"" : ""33687171706"", ""global_call_limiter"" : 1, ""no_answer_timeout"" : 20000, ""label"" : ""06 87 17 17 06"", ""possibility"" : ""SAN_LEVEL"", ""uui"" : ""SAN_LEVEL"", ""spn_mode"" : ""DEFAULT"", ""call_transfer_mode"" : ""NO_DELAYED_OFFER"", ""int_dc"" : ""B"", ""header_list"" : []}"
10005286,56407,"{""id"" : 56407, ""hkh_nr_id"" : ""56407"", ""vpn_id"" : 10005286, ""public_number"" : ""33320059393"", ""global_call_limiter"" : 5, ""no_answer_timeout"" : 20000, ""label"" : ""03 20 05 93 93"", ""possibility"" : ""SAN_LEVEL"", ""uui"" : ""SAN_LEVEL"", ""spn_mode"" : ""DEFAULT"", ""call_transfer_mode"" : ""NO_DELAYED_OFFER"", ""int_dc"" : ""B"", ""header_list"" : []}"
10005100,56406,"{""id"" : 56406, ""hkh_nr_id"" : ""56406"", ""vpn_id"" : 10005100, ""public_number"" : ""33557133080"", ""global_call_limiter"" : 10, ""no_answer_timeout"" : 20000, ""label"" : ""05 57 13 30 80"", ""possibility"" : ""TRUE"", ""uui"" : ""TRUE"", ""spn_mode"" : ""DEFAULT"", ""call_transfer_mode"" : ""NO_DELAYED_OFFER"", ""int_dc"" : ""G"", ""header_list"" : []}"
10005304,56450,"{""id"" : 56450, ""hkh_nr_id"" : ""56450"", ""vpn_id"" : 10005304, ""public_number"" : ""33299656991"", ""global_call_limiter"" : 512, ""no_answer_timeout"" : 30000, ""label"" : ""02 99 65 69 91"", ""possibility"" : ""SAN_LEVEL"", ""uui"" : ""SAN_LEVEL"", ""spn_mode"" : ""DEFAULT"", ""call_transfer_mode"" : ""NO_DELAYED_OFFER"", ""int_dc"" : ""B"", ""header_list"" : []}"
10005304,56487,"{""id"" : 56487, ""hkh_nr_id"" : ""56487"", ""vpn_id"" : 10005304, ""public_number"" : ""33320992809"", ""global_call_limiter"" : 0, ""no_answer_timeout"" : 20000, ""label"" : ""0320992809"", ""possibility"" : ""SAN_LEVEL"", ""uui"" : ""SAN_LEVEL"", ""spn_mode"" : ""DEFAULT"", ""call_transfer_mode"" : ""NO_DELAYED_OFFER"", ""int_dc"" : ""B"", ""header_list"" : []}"
10005304,56493,"{""id"" : 56493, ""hkh_nr_id"" : ""56493"", ""vpn_id"" : 10005304, ""public_number"" : ""33176490340"", ""global_call_limiter"" : 100, ""no_answer_timeout"" : 20000, ""label"" : ""0176490340"", ""possibility"" : ""SAN_LEVEL"", ""uui"" : ""SAN_LEVEL"", ""spn_mode"" : ""DEFAULT"", ""call_transfer_mode"" : ""NO_DELAYED_OFFER"", ""int_dc"" : ""B"", ""header_list"" : []}"
10005330,56496,"{""id"" : 56496, ""hkh_nr_id"" : ""56496"", ""vpn_id"" : 10005330, ""public_number"" : ""33147929767"", ""global_call_limiter"" : 5, ""no_answer_timeout"" : 20000, ""label"" : ""01 47 92 97 67"", ""possibility"" : ""SAN_LEVEL"", ""uui"" : ""SAN_LEVEL"", ""spn_mode"" : ""DEFAULT"", ""call_transfer_mode"" : ""NO_DELAYED_OFFER"", ""int_dc"" : ""B"", ""header_list"" : []}"
10005330,56506,"{""id"" : 56506, ""hkh_nr_id"" : ""56506"", ""vpn_id"" : 10005330, ""public_number"" : ""33476041139"", ""global_call_limiter"" : 12, ""no_answer_timeout"" : 20000, ""label"" : ""04 76 04 11 39"", ""possibility"" : ""SAN_LEVEL"", ""uui"" : ""SAN_LEVEL"", ""spn_mode"" : ""DEFAULT"", ""call_transfer_mode"" : ""NO_DELAYED_OFFER"", ""int_dc"" : ""B"", ""header_list"" : []}"
10005330,56523,"{""id"" : 56523, ""hkh_nr_id"" : ""56523"", ""vpn_id"" : 10005330, ""public_number"" : ""33169185263"", ""global_call_limiter"" : 10, ""no_answer_timeout"" : 20000, ""label"" : ""01 69 18 52 63"", ""possibility"" : ""SAN_LEVEL"", ""uui"" : ""SAN_LEVEL"", ""spn_mode"" : ""DEFAULT"", ""call_transfer_mode"" : ""NO_DELAYED_OFFER"", ""int_dc"" : ""B"", ""header_list"" : []}"
10005328,56524,"{""id"" : 56524, ""hkh_nr_id"" : ""56524"", ""vpn_id"" : 10005328, ""public_number"" : ""33149907554"", ""global_call_limiter"" : 15, ""no_answer_timeout"" : 20000, ""label"" : ""01 49 90 75 54"", ""possibility"" : ""SAN_LEVEL"", ""uui"" : ""SAN_LEVEL"", ""spn_mode"" : ""DEFAULT"", ""call_transfer_mode"" : ""NO_DELAYED_OFFER"", ""int_dc"" : ""B"", ""header_list"" : []}"
10005328,56525,"{""id"" : 56525, ""hkh_nr_id"" : ""56525"", ""vpn_id"" : 10005328, ""public_number"" : ""33178789001"", ""global_call_limiter"" : 15, ""no_answer_timeout"" : 20000, ""label"" : ""01 78 78 90 01"", ""possibility"" : ""SAN_LEVEL"", ""uui"" : ""SAN_LEVEL"", ""spn_mode"" : ""DEFAULT"", ""call_transfer_mode"" : ""NO_DELAYED_OFFER"", ""int_dc"" : ""B"", ""header_list"" : []}"
10005328,56526,"{""id"" : 56526, ""hkh_nr_id"" : ""56526"", ""vpn_id"" : 10005328, ""public_number"" : ""33149907453"", ""global_call_limiter"" : 15, ""no_answer_timeout"" : 20000, ""label"" : ""01 49 90 74 53"", ""possibility"" : ""SAN_LEVEL"", ""uui"" : ""SAN_LEVEL"", ""spn_mode"" : ""DEFAULT"", ""call_transfer_mode"" : ""NO_DELAYED_OFFER"", ""int_dc"" : ""B"", ""header_list"" : []}"
10005328,56527,"{""id"" : 56527, ""hkh_nr_id"" : ""56527"", ""vpn_id"" : 10005328, ""public_number"" : ""33178789000"", ""global_call_limiter"" : 15, ""no_answer_timeout"" : 20000, ""label"" : ""01 78 78 90 00"", ""possibility"" : ""SAN_LEVEL"", ""uui"" : ""SAN_LEVEL"", ""spn_mode"" : ""DEFAULT"", ""call_transfer_mode"" : ""NO_DELAYED_OFFER"", ""int_dc"" : ""B"", ""header_list"" : []}"
10005140,55453,"{""id"" : 55453, ""hkh_nr_id"" : ""55453"", ""vpn_id"" : 10005140, ""public_number"" : ""33150391828"", ""global_call_limiter"" : null, ""no_answer_timeout"" : 20000, ""label"" : ""0150391828"", ""possibility"" : ""SAN_LEVEL"", ""uui"" : ""SAN_LEVEL"", ""spn_mode"" : ""DEFAULT"", ""call_transfer_mode"" : ""NO_DELAYED_OFFER"", ""int_dc"" : ""B"", ""header_list"" : []}"
10005140,55454,"{""id"" : 55454, ""hkh_nr_id"" : ""55454"", ""vpn_id"" : 10005140, ""public_number"" : ""33450967507"", ""global_call_limiter"" : 1, ""no_answer_timeout"" : 20000, ""label"" : ""0450967507"", ""possibility"" : ""SAN_LEVEL"", ""uui"" : ""SAN_LEVEL"", ""spn_mode"" : ""DEFAULT"", ""call_transfer_mode"" : ""NO_DELAYED_OFFER"", ""int_dc"" : ""B"", ""header_list"" : []}"
10005140,55496,"{""id"" : 55496, ""hkh_nr_id"" : ""55496"", ""vpn_id"" : 10005140, ""public_number"" : ""33150395839"", ""global_call_limiter"" : null, ""no_answer_timeout"" : 20000, ""label"" : ""0150395839"", ""possibility"" : ""SAN_LEVEL"", ""uui"" : ""SAN_LEVEL"", ""spn_mode"" : ""DEFAULT"", ""call_transfer_mode"" : ""NO_DELAYED_OFFER"", ""int_dc"" : ""B"", ""header_list"" : []}"
10005140,55533,"{""id"" : 55533, ""hkh_nr_id"" : ""55533"", ""vpn_id"" : 10005140, ""public_number"" : ""33150392327"", ""global_call_limiter"" : null, ""no_answer_timeout"" : 20000, ""label"" : ""0150392327"", ""possibility"" : ""SAN_LEVEL"", ""uui"" : ""SAN_LEVEL"", ""spn_mode"" : ""DEFAULT"", ""call_transfer_mode"" : ""NO_DELAYED_OFFER"", ""int_dc"" : ""B"", ""header_list"" : []}"
10000001,55710,"{""id"" : 55710, ""hkh_nr_id"" : ""55710"", ""vpn_id"" : 10000001, ""public_number"" : ""33556293647"", ""global_call_limiter"" : 10, ""no_answer_timeout"" : 20000, ""label"" : ""test"", ""possibility"" : ""TRUE"", ""uui"" : ""TRUE"", ""spn_mode"" : ""DEFAULT"", ""call_transfer_mode"" : ""NO_DELAYED_OFFER"", ""int_dc"" : ""G"", ""header_list"" : []}"
10003728,56045,"{""id"" : 56045, ""hkh_nr_id"" : ""56045"", ""vpn_id"" : 10003728, ""public_number"" : ""33123456788"", ""global_call_limiter"" : 100, ""no_answer_timeout"" : 20000, ""label"" : ""01 23 45 67 88"", ""possibility"" : ""SAN_LEVEL"", ""uui"" : ""SAN_LEVEL"", ""spn_mode"" : ""DEFAULT"", ""call_transfer_mode"" : ""NO_DELAYED_OFFER"", ""int_dc"" : ""B"", ""header_list"" : []}"
10005173,56081,"{""id"" : 56081, ""hkh_nr_id"" : ""56081"", ""vpn_id"" : 10005173, ""public_number"" : ""33169362003"", ""global_call_limiter"" : 1, ""no_answer_timeout"" : 20000, ""label"" : ""01 69 36 20 03"", ""possibility"" : ""SAN_LEVEL"", ""uui"" : ""SAN_LEVEL"", ""spn_mode"" : ""DEFAULT"", ""call_transfer_mode"" : ""NO_DELAYED_OFFER"", ""int_dc"" : ""B"", ""header_list"" : []}"
10005177,56085,"{""id"" : 56085, ""hkh_nr_id"" : ""56085"", ""vpn_id"" : 10005177, ""public_number"" : ""33553295871"", ""global_call_limiter"" : 1, ""no_answer_timeout"" : 20000, ""label"" : ""05 53 29 58 71"", ""possibility"" : ""SAN_LEVEL"", ""uui"" : ""SAN_LEVEL"", ""spn_mode"" : ""DEFAULT"", ""call_transfer_mode"" : ""NO_DELAYED_OFFER"", ""int_dc"" : ""B"", ""header_list"" : []}"
10005206,56112,"{""id"" : 56112, ""hkh_nr_id"" : ""56112"", ""vpn_id"" : 10005206, ""public_number"" : ""33142249203"", ""global_call_limiter"" : 2, ""no_answer_timeout"" : 20000, ""label"" : ""01 42 24 92 03"", ""possibility"" : ""SAN_LEVEL"", ""uui"" : ""SAN_LEVEL"", ""spn_mode"" : ""DEFAULT"", ""call_transfer_mode"" : ""NO_DELAYED_OFFER"", ""int_dc"" : ""B"", ""header_list"" : []}"
10005168,56136,"{""id"" : 56136, ""hkh_nr_id"" : ""56136"", ""vpn_id"" : 10005168, ""public_number"" : ""33320298905"", ""global_call_limiter"" : 1, ""no_answer_timeout"" : 20000, ""label"" : ""03 20 29 89 05"", ""possibility"" : ""SAN_LEVEL"", ""uui"" : ""SAN_LEVEL"", ""spn_mode"" : ""DEFAULT"", ""call_transfer_mode"" : ""NO_DELAYED_OFFER"", ""int_dc"" : ""B"", ""header_list"" : []}"
10005168,56169,"{""id"" : 56169, ""hkh_nr_id"" : ""56169"", ""vpn_id"" : 10005168, ""public_number"" : ""33321220022"", ""global_call_limiter"" : 1, ""no_answer_timeout"" : 20000, ""label"" : ""03 21 22 00 22"", ""possibility"" : ""SAN_LEVEL"", ""uui"" : ""SAN_LEVEL"", ""spn_mode"" : ""DEFAULT"", ""call_transfer_mode"" : ""NO_DELAYED_OFFER"", ""int_dc"" : ""B"", ""header_list"" : []}"
10005168,56175,"{""id"" : 56175, ""hkh_nr_id"" : ""56175"", ""vpn_id"" : 10005168, ""public_number"" : ""33321366400"", ""global_call_limiter"" : 1, ""no_answer_timeout"" : 20000, ""label"" : ""03 21 36 64 00"", ""possibility"" : ""SAN_LEVEL"", ""uui"" : ""SAN_LEVEL"", ""spn_mode"" : ""DEFAULT"", ""call_transfer_mode"" : ""NO_DELAYED_OFFER"", ""int_dc"" : ""B"", ""header_list"" : []}"
10005168,56182,"{""id"" : 56182, ""hkh_nr_id"" : ""56182"", ""vpn_id"" : 10005168, ""public_number"" : ""33321504591"", ""global_call_limiter"" : 1, ""no_answer_timeout"" : 20000, ""label"" : ""03 21 50 45 91"", ""possibility"" : ""SAN_LEVEL"", ""uui"" : ""SAN_LEVEL"", ""spn_mode"" : ""DEFAULT"", ""call_transfer_mode"" : ""NO_DELAYED_OFFER"", ""int_dc"" : ""B"", ""header_list"" : []}"
10005168,56208,"{""id"" : 56208, ""hkh_nr_id"" : ""56208"", ""vpn_id"" : 10005168, ""public_number"" : ""33327888605"", ""global_call_limiter"" : 1, ""no_answer_timeout"" : 20000, ""label"" : ""03 27 88 86 05"", ""possibility"" : ""SAN_LEVEL"", ""uui"" : ""SAN_LEVEL"", ""spn_mode"" : ""DEFAULT"", ""call_transfer_mode"" : ""NO_DELAYED_OFFER"", ""int_dc"" : ""B"", ""header_list"" : []}"
10005168,56215,"{""id"" : 56215, ""hkh_nr_id"" : ""56215"", ""vpn_id"" : 10005168, ""public_number"" : ""33328429202"", ""global_call_limiter"" : 1, ""no_answer_timeout"" : 20000, ""label"" : ""03 28 42 92 02"", ""possibility"" : ""SAN_LEVEL"", ""uui"" : ""SAN_LEVEL"", ""spn_mode"" : ""DEFAULT"", ""call_transfer_mode"" : ""NO_DELAYED_OFFER"", ""int_dc"" : ""B"", ""header_list"" : []}"
10005168,56222,"{""id"" : 56222, ""hkh_nr_id"" : ""56222"", ""vpn_id"" : 10005168, ""public_number"" : ""33328666022"", ""global_call_limiter"" : 1, ""no_answer_timeout"" : 20000, ""label"" : ""03 28 66 60 22"", ""possibility"" : ""SAN_LEVEL"", ""uui"" : ""SAN_LEVEL"", ""spn_mode"" : ""DEFAULT"", ""call_transfer_mode"" : ""NO_DELAYED_OFFER"", ""int_dc"" : ""B"", ""header_list"" : []}"
10005174,56235,"{""id"" : 56235, ""hkh_nr_id"" : ""56235"", ""vpn_id"" : 10005174, ""public_number"" : ""33472524018"", ""global_call_limiter"" : 1, ""no_answer_timeout"" : 20000, ""label"" : ""04 72 52 40 18"", ""possibility"" : ""SAN_LEVEL"", ""uui"" : ""SAN_LEVEL"", ""spn_mode"" : ""DEFAULT"", ""call_transfer_mode"" : ""NO_DELAYED_OFFER"", ""int_dc"" : ""B"", ""header_list"" : []}"
10005233,56283,"{""id"" : 56283, ""hkh_nr_id"" : ""56283"", ""vpn_id"" : 10005233, ""public_number"" : ""33156637011"", ""global_call_limiter"" : 100, ""no_answer_timeout"" : 20000, ""label"" : ""01 56 63 70 11"", ""possibility"" : ""SAN_LEVEL"", ""uui"" : ""SAN_LEVEL"", ""spn_mode"" : ""DEFAULT"", ""call_transfer_mode"" : ""NO_DELAYED_OFFER"", ""int_dc"" : ""B"", ""header_list"" : []}"
10005233,56287,"{""id"" : 56287, ""hkh_nr_id"" : ""56287"", ""vpn_id"" : 10005233, ""public_number"" : ""33156637000"", ""global_call_limiter"" : 1, ""no_answer_timeout"" : 20000, ""label"" : ""0156637000"", ""possibility"" : ""SAN_LEVEL"", ""uui"" : ""SAN_LEVEL"", ""spn_mode"" : ""DEFAULT"", ""call_transfer_mode"" : ""NO_DELAYED_OFFER"", ""int_dc"" : ""B"", ""header_list"" : []}"
10005156,56309,"{""id"" : 56309, ""hkh_nr_id"" : ""56309"", ""vpn_id"" : 10005156, ""public_number"" : ""33468359815"", ""global_call_limiter"" : 100, ""no_answer_timeout"" : 20000, ""label"" : ""04 68 35 98 15"", ""possibility"" : ""SAN_LEVEL"", ""uui"" : ""SAN_LEVEL"", ""spn_mode"" : ""DEFAULT"", ""call_transfer_mode"" : ""NO_DELAYED_OFFER"", ""int_dc"" : ""B"", ""header_list"" : []}"
10005156,56320,"{""id"" : 56320, ""hkh_nr_id"" : ""56320"", ""vpn_id"" : 10005156, ""public_number"" : ""33553033100"", ""global_call_limiter"" : null, ""no_answer_timeout"" : 20000, ""label"" : ""05 53 03 31 00"", ""possibility"" : ""SAN_LEVEL"", ""uui"" : ""SAN_LEVEL"", ""spn_mode"" : ""DEFAULT"", ""call_transfer_mode"" : ""NO_DELAYED_OFFER"", ""int_dc"" : ""B"", ""header_list"" : []}"
10004425,56363,"{""id"" : 56363, ""hkh_nr_id"" : ""56363"", ""vpn_id"" : 10004425, ""public_number"" : ""33149952733"", ""global_call_limiter"" : 100, ""no_answer_timeout"" : 20000, ""label"" : ""NR GIE ARCADE SERVICES"", ""possibility"" : ""SAN_LEVEL"", ""uui"" : ""SAN_LEVEL"", ""spn_mode"" : ""DEFAULT"", ""call_transfer_mode"" : ""NO_DELAYED_OFFER"", ""int_dc"" : ""B"", ""header_list"" : []}"
10005286,56405,"{""id"" : 56405, ""hkh_nr_id"" : ""56405"", ""vpn_id"" : 10005286, ""public_number"" : ""33359560599"", ""global_call_limiter"" : 20, ""no_answer_timeout"" : 20000, ""label"" : ""03 59 56 05 99"", ""possibility"" : ""SAN_LEVEL"", ""uui"" : ""SAN_LEVEL"", ""spn_mode"" : ""DEFAULT"", ""call_transfer_mode"" : ""NO_DELAYED_OFFER"", ""int_dc"" : ""B"", ""header_list"" : []}"
10005293,56409,"{""id"" : 56409, ""hkh_nr_id"" : ""56409"", ""vpn_id"" : 10005293, ""public_number"" : ""33169361540"", ""global_call_limiter"" : 100, ""no_answer_timeout"" : 20000, ""label"" : ""01 69 36 15 40"", ""possibility"" : ""SAN_LEVEL"", ""uui"" : ""SAN_LEVEL"", ""spn_mode"" : ""DEFAULT"", ""call_transfer_mode"" : ""NO_DELAYED_OFFER"", ""int_dc"" : ""B"", ""header_list"" : []}"
10005293,56410,"{""id"" : 56410, ""hkh_nr_id"" : ""56410"", ""vpn_id"" : 10005293, ""public_number"" : ""33169361639"", ""global_call_limiter"" : 100, ""no_answer_timeout"" : 20000, ""label"" : ""Acova Gratuit"", ""possibility"" : ""SAN_LEVEL"", ""uui"" : ""SAN_LEVEL"", ""spn_mode"" : ""DEFAULT"", ""call_transfer_mode"" : ""NO_DELAYED_OFFER"", ""int_dc"" : ""B"", ""header_list"" : []}"
10005140,55458,"{""id"" : 55458, ""hkh_nr_id"" : ""55458"", ""vpn_id"" : 10005140, ""public_number"" : ""33140801003"", ""global_call_limiter"" : 0, ""no_answer_timeout"" : 20000, ""label"" : ""0140801003"", ""possibility"" : ""SAN_LEVEL"", ""uui"" : ""SAN_LEVEL"", ""spn_mode"" : ""DEFAULT"", ""call_transfer_mode"" : ""NO_DELAYED_OFFER"", ""int_dc"" : ""B"", ""header_list"" : []}"
10005140,55478,"{""id"" : 55478, ""hkh_nr_id"" : ""55478"", ""vpn_id"" : 10005140, ""public_number"" : ""33150391827"", ""global_call_limiter"" : null, ""no_answer_timeout"" : 20000, ""label"" : ""0150391827"", ""possibility"" : ""SAN_LEVEL"", ""uui"" : ""SAN_LEVEL"", ""spn_mode"" : ""DEFAULT"", ""call_transfer_mode"" : ""NO_DELAYED_OFFER"", ""int_dc"" : ""B"", ""header_list"" : []}"
10005140,55498,"{""id"" : 55498, ""hkh_nr_id"" : ""55498"", ""vpn_id"" : 10005140, ""public_number"" : ""33150395843"", ""global_call_limiter"" : null, ""no_answer_timeout"" : 20000, ""label"" : ""0150395843"", ""possibility"" : ""SAN_LEVEL"", ""uui"" : ""SAN_LEVEL"", ""spn_mode"" : ""DEFAULT"", ""call_transfer_mode"" : ""NO_DELAYED_OFFER"", ""int_dc"" : ""B"", ""header_list"" : []}"
10005140,55499,"{""id"" : 55499, ""hkh_nr_id"" : ""55499"", ""vpn_id"" : 10005140, ""public_number"" : ""33450963510"", ""global_call_limiter"" : 100, ""no_answer_timeout"" : 20000, ""label"" : ""0450963510"", ""possibility"" : ""SAN_LEVEL"", ""uui"" : ""SAN_LEVEL"", ""spn_mode"" : ""DEFAULT"", ""call_transfer_mode"" : ""NO_DELAYED_OFFER"", ""int_dc"" : ""B"", ""header_list"" : []}"
10005139,55539,"{""id"" : 55539, ""hkh_nr_id"" : ""55539"", ""vpn_id"" : 10005139, ""public_number"" : ""33359356181"", ""global_call_limiter"" : 100, ""no_answer_timeout"" : 20000, ""label"" : ""03 59 35 61 81"", ""possibility"" : ""SAN_LEVEL"", ""uui"" : ""SAN_LEVEL"", ""spn_mode"" : ""DEFAULT"", ""call_transfer_mode"" : ""NO_DELAYED_OFFER"", ""int_dc"" : ""B"", ""header_list"" : []}"
10005140,55617,"{""id"" : 55617, ""hkh_nr_id"" : ""55617"", ""vpn_id"" : 10005140, ""public_number"" : ""33150392461"", ""global_call_limiter"" : null, ""no_answer_timeout"" : 20000, ""label"" : ""0150392461"", ""possibility"" : ""SAN_LEVEL"", ""uui"" : ""SAN_LEVEL"", ""spn_mode"" : ""DEFAULT"", ""call_transfer_mode"" : ""NO_DELAYED_OFFER"", ""int_dc"" : ""B"", ""header_list"" : []}"
10005182,56090,"{""id"" : 56090, ""hkh_nr_id"" : ""56090"", ""vpn_id"" : 10005182, ""public_number"" : ""33297880150"", ""global_call_limiter"" : 3, ""no_answer_timeout"" : 20000, ""label"" : ""02 97 88 01 50"", ""possibility"" : ""SAN_LEVEL"", ""uui"" : ""SAN_LEVEL"", ""spn_mode"" : ""DEFAULT"", ""call_transfer_mode"" : ""NO_DELAYED_OFFER"", ""int_dc"" : ""B"", ""header_list"" : []}"
10005208,56102,"{""id"" : 56102, ""hkh_nr_id"" : ""56102"", ""vpn_id"" : 10005208, ""public_number"" : ""33325832398"", ""global_call_limiter"" : 1, ""no_answer_timeout"" : 20000, ""label"" : ""03 25 83 23 98"", ""possibility"" : ""SAN_LEVEL"", ""uui"" : ""SAN_LEVEL"", ""spn_mode"" : ""DEFAULT"", ""call_transfer_mode"" : ""NO_DELAYED_OFFER"", ""int_dc"" : ""B"", ""header_list"" : []}"
10005167,56133,"{""id"" : 56133, ""hkh_nr_id"" : ""56133"", ""vpn_id"" : 10005167, ""public_number"" : ""33468637656"", ""global_call_limiter"" : 2, ""no_answer_timeout"" : 20000, ""label"" : ""04 68 63 76 56"", ""possibility"" : ""SAN_LEVEL"", ""uui"" : ""SAN_LEVEL"", ""spn_mode"" : ""DEFAULT"", ""call_transfer_mode"" : ""NO_DELAYED_OFFER"", ""int_dc"" : ""B"", ""header_list"" : []}"
10005168,56140,"{""id"" : 56140, ""hkh_nr_id"" : ""56140"", ""vpn_id"" : 10005168, ""public_number"" : ""33320578421"", ""global_call_limiter"" : 1, ""no_answer_timeout"" : 20000, ""label"" : ""03 20 57 84 21"", ""possibility"" : ""SAN_LEVEL"", ""uui"" : ""SAN_LEVEL"", ""spn_mode"" : ""DEFAULT"", ""call_transfer_mode"" : ""NO_DELAYED_OFFER"", ""int_dc"" : ""B"", ""header_list"" : []}"
10005168,56155,"{""id"" : 56155, ""hkh_nr_id"" : ""56155"", ""vpn_id"" : 10005168, ""public_number"" : ""33320894545"", ""global_call_limiter"" : 1, ""no_answer_timeout"" : 20000, ""label"" : ""03 20 89 45 45"", ""possibility"" : ""SAN_LEVEL"", ""uui"" : ""SAN_LEVEL"", ""spn_mode"" : ""DEFAULT"", ""call_transfer_mode"" : ""NO_DELAYED_OFFER"", ""int_dc"" : ""B"", ""header_list"" : []}"
10005168,56160,"{""id"" : 56160, ""hkh_nr_id"" : ""56160"", ""vpn_id"" : 10005168, ""public_number"" : ""33321071061"", ""global_call_limiter"" : 1, ""no_answer_timeout"" : 20000, ""label"" : ""03 21 07 10 61"", ""possibility"" : ""SAN_LEVEL"", ""uui"" : ""SAN_LEVEL"", ""spn_mode"" : ""DEFAULT"", ""call_transfer_mode"" : ""NO_DELAYED_OFFER"", ""int_dc"" : ""B"", ""header_list"" : []}"
10005168,56170,"{""id"" : 56170, ""hkh_nr_id"" : ""56170"", ""vpn_id"" : 10005168, ""public_number"" : ""33321236288"", ""global_call_limiter"" : 1, ""no_answer_timeout"" : 20000, ""label"" : ""03 21 23 62 88"", ""possibility"" : ""SAN_LEVEL"", ""uui"" : ""SAN_LEVEL"", ""spn_mode"" : ""DEFAULT"", ""call_transfer_mode"" : ""NO_DELAYED_OFFER"", ""int_dc"" : ""B"", ""header_list"" : []}"
10005168,56173,"{""id"" : 56173, ""hkh_nr_id"" : ""56173"", ""vpn_id"" : 10005168, ""public_number"" : ""33321313738"", ""global_call_limiter"" : 1, ""no_answer_timeout"" : 20000, ""label"" : ""03 21 31 37 38"", ""possibility"" : ""SAN_LEVEL"", ""uui"" : ""SAN_LEVEL"", ""spn_mode"" : ""DEFAULT"", ""call_transfer_mode"" : ""NO_DELAYED_OFFER"", ""int_dc"" : ""B"", ""header_list"" : []}"
10005168,56195,"{""id"" : 56195, ""hkh_nr_id"" : ""56195"", ""vpn_id"" : 10005168, ""public_number"" : ""33327330602"", ""global_call_limiter"" : 1, ""no_answer_timeout"" : 20000, ""label"" : ""03 27 33 06 02"", ""possibility"" : ""SAN_LEVEL"", ""uui"" : ""SAN_LEVEL"", ""spn_mode"" : ""DEFAULT"", ""call_transfer_mode"" : ""NO_DELAYED_OFFER"", ""int_dc"" : ""B"", ""header_list"" : []}"
10005330,56528,"{""id"" : 56528, ""hkh_nr_id"" : ""56528"", ""vpn_id"" : 10005330, ""public_number"" : ""33169184774"", ""global_call_limiter"" : 5, ""no_answer_timeout"" : 20000, ""label"" : ""01 69 18 47 74"", ""possibility"" : ""SAN_LEVEL"", ""uui"" : ""SAN_LEVEL"", ""spn_mode"" : ""DEFAULT"", ""call_transfer_mode"" : ""NO_DELAYED_OFFER"", ""int_dc"" : ""B"", ""header_list"" : []}"
10005168,56209,"{""id"" : 56209, ""hkh_nr_id"" : ""56209"", ""vpn_id"" : 10005168, ""public_number"" : ""33327893850"", ""global_call_limiter"" : 1, ""no_answer_timeout"" : 20000, ""label"" : ""03 27 89 38 50"", ""possibility"" : ""SAN_LEVEL"", ""uui"" : ""SAN_LEVEL"", ""spn_mode"" : ""DEFAULT"", ""call_transfer_mode"" : ""NO_DELAYED_OFFER"", ""int_dc"" : ""B"", ""header_list"" : []}"
10005168,56212,"{""id"" : 56212, ""hkh_nr_id"" : ""56212"", ""vpn_id"" : 10005168, ""public_number"" : ""33327997700"", ""global_call_limiter"" : 1, ""no_answer_timeout"" : 20000, ""label"" : ""03 27 99 77 00"", ""possibility"" : ""SAN_LEVEL"", ""uui"" : ""SAN_LEVEL"", ""spn_mode"" : ""DEFAULT"", ""call_transfer_mode"" : ""NO_DELAYED_OFFER"", ""int_dc"" : ""B"", ""header_list"" : []}"
10005168,56213,"{""id"" : 56213, ""hkh_nr_id"" : ""56213"", ""vpn_id"" : 10005168, ""public_number"" : ""33328099050"", ""global_call_limiter"" : 1, ""no_answer_timeout"" : 20000, ""label"" : ""03 28 09 90 50"", ""possibility"" : ""SAN_LEVEL"", ""uui"" : ""SAN_LEVEL"", ""spn_mode"" : ""DEFAULT"", ""call_transfer_mode"" : ""NO_DELAYED_OFFER"", ""int_dc"" : ""B"", ""header_list"" : []}"
10005172,56231,"{""id"" : 56231, ""hkh_nr_id"" : ""56231"", ""vpn_id"" : 10005172, ""public_number"" : ""33561474400"", ""global_call_limiter"" : 1, ""no_answer_timeout"" : 20000, ""label"" : ""05 61 47 44 00"", ""possibility"" : ""SAN_LEVEL"", ""uui"" : ""SAN_LEVEL"", ""spn_mode"" : ""DEFAULT"", ""call_transfer_mode"" : ""NO_DELAYED_OFFER"", ""int_dc"" : ""B"", ""header_list"" : []}"
10005227,56264,"{""id"" : 56264, ""hkh_nr_id"" : ""56264"", ""vpn_id"" : 10005227, ""public_number"" : ""33144376263"", ""global_call_limiter"" : 100, ""no_answer_timeout"" : 20000, ""label"" : ""01 44 37 62 63"", ""possibility"" : ""SAN_LEVEL"", ""uui"" : ""SAN_LEVEL"", ""spn_mode"" : ""DEFAULT"", ""call_transfer_mode"" : ""NO_DELAYED_OFFER"", ""int_dc"" : ""B"", ""header_list"" : []}"
10005146,56269,"{""id"" : 56269, ""hkh_nr_id"" : ""56269"", ""vpn_id"" : 10005146, ""public_number"" : ""33553463223"", ""global_call_limiter"" : 1, ""no_answer_timeout"" : 20000, ""label"" : ""05 53 46 32 23"", ""possibility"" : ""SAN_LEVEL"", ""uui"" : ""SAN_LEVEL"", ""spn_mode"" : ""DEFAULT"", ""call_transfer_mode"" : ""NO_DELAYED_OFFER"", ""int_dc"" : ""B"", ""header_list"" : []}"
10003860,56311,"{""id"" : 56311, ""hkh_nr_id"" : ""56311"", ""vpn_id"" : 10003860, ""public_number"" : ""33687519207"", ""global_call_limiter"" : 2, ""no_answer_timeout"" : 20000, ""label"" : ""06 87 51 92 07"", ""possibility"" : ""SAN_LEVEL"", ""uui"" : ""SAN_LEVEL"", ""spn_mode"" : ""DEFAULT"", ""call_transfer_mode"" : ""NO_DELAYED_OFFER"", ""int_dc"" : ""B"", ""header_list"" : []}"
10005168,56314,"{""id"" : 56314, ""hkh_nr_id"" : ""56314"", ""vpn_id"" : 10005168, ""public_number"" : ""33321604400"", ""global_call_limiter"" : 100, ""no_answer_timeout"" : 20000, ""label"" : ""03 21 60 44 00"", ""possibility"" : ""SAN_LEVEL"", ""uui"" : ""SAN_LEVEL"", ""spn_mode"" : ""DEFAULT"", ""call_transfer_mode"" : ""NO_DELAYED_OFFER"", ""int_dc"" : ""B"", ""header_list"" : []}"
10005140,55449,"{""id"" : 55449, ""hkh_nr_id"" : ""55449"", ""vpn_id"" : 10005140, ""public_number"" : ""33150395841"", ""global_call_limiter"" : null, ""no_answer_timeout"" : 20000, ""label"" : ""0150395841"", ""possibility"" : ""SAN_LEVEL"", ""uui"" : ""SAN_LEVEL"", ""spn_mode"" : ""DEFAULT"", ""call_transfer_mode"" : ""NO_DELAYED_OFFER"", ""int_dc"" : ""B"", ""header_list"" : []}"
10005140,55455,"{""id"" : 55455, ""hkh_nr_id"" : ""55455"", ""vpn_id"" : 10005140, ""public_number"" : ""33450967514"", ""global_call_limiter"" : 0, ""no_answer_timeout"" : 20000, ""label"" : ""0450967514"", ""possibility"" : ""SAN_LEVEL"", ""uui"" : ""SAN_LEVEL"", ""spn_mode"" : ""DEFAULT"", ""call_transfer_mode"" : ""NO_DELAYED_OFFER"", ""int_dc"" : ""B"", ""header_list"" : []}"
10005140,55512,"{""id"" : 55512, ""hkh_nr_id"" : ""55512"", ""vpn_id"" : 10005140, ""public_number"" : ""33450183592"", ""global_call_limiter"" : 30, ""no_answer_timeout"" : 20000, ""label"" : ""0450183592"", ""possibility"" : ""SAN_LEVEL"", ""uui"" : ""SAN_LEVEL"", ""spn_mode"" : ""DEFAULT"", ""call_transfer_mode"" : ""NO_DELAYED_OFFER"", ""int_dc"" : ""B"", ""header_list"" : []}"
10005183,56091,"{""id"" : 56091, ""hkh_nr_id"" : ""56091"", ""vpn_id"" : 10005183, ""public_number"" : ""33491241351"", ""global_call_limiter"" : 2, ""no_answer_timeout"" : 20000, ""label"" : ""04 91 24 13 51"", ""possibility"" : ""SAN_LEVEL"", ""uui"" : ""SAN_LEVEL"", ""spn_mode"" : ""DEFAULT"", ""call_transfer_mode"" : ""NO_DELAYED_OFFER"", ""int_dc"" : ""B"", ""header_list"" : []}"
10005167,56132,"{""id"" : 56132, ""hkh_nr_id"" : ""56132"", ""vpn_id"" : 10005167, ""public_number"" : ""33468637638"", ""global_call_limiter"" : 1, ""no_answer_timeout"" : 20000, ""label"" : ""04 68 63 76 38"", ""possibility"" : ""SAN_LEVEL"", ""uui"" : ""SAN_LEVEL"", ""spn_mode"" : ""DEFAULT"", ""call_transfer_mode"" : ""NO_DELAYED_OFFER"", ""int_dc"" : ""B"", ""header_list"" : []}"
10005168,56138,"{""id"" : 56138, ""hkh_nr_id"" : ""56138"", ""vpn_id"" : 10005168, ""public_number"" : ""33320308090"", ""global_call_limiter"" : 1, ""no_answer_timeout"" : 20000, ""label"" : ""03 20 30 80 90"", ""possibility"" : ""SAN_LEVEL"", ""uui"" : ""SAN_LEVEL"", ""spn_mode"" : ""DEFAULT"", ""call_transfer_mode"" : ""NO_DELAYED_OFFER"", ""int_dc"" : ""B"", ""header_list"" : []}"
10005168,56159,"{""id"" : 56159, ""hkh_nr_id"" : ""56159"", ""vpn_id"" : 10005168, ""public_number"" : ""33321020541"", ""global_call_limiter"" : 1, ""no_answer_timeout"" : 20000, ""label"" : ""03 21 02 05 41"", ""possibility"" : ""SAN_LEVEL"", ""uui"" : ""SAN_LEVEL"", ""spn_mode"" : ""DEFAULT"", ""call_transfer_mode"" : ""NO_DELAYED_OFFER"", ""int_dc"" : ""B"", ""header_list"" : []}"
10005168,56181,"{""id"" : 56181, ""hkh_nr_id"" : ""56181"", ""vpn_id"" : 10005168, ""public_number"" : ""33321504000"", ""global_call_limiter"" : 1, ""no_answer_timeout"" : 20000, ""label"" : ""03 21 50 40 00"", ""possibility"" : ""SAN_LEVEL"", ""uui"" : ""SAN_LEVEL"", ""spn_mode"" : ""DEFAULT"", ""call_transfer_mode"" : ""NO_DELAYED_OFFER"", ""int_dc"" : ""B"", ""header_list"" : []}"
10005168,56190,"{""id"" : 56190, ""hkh_nr_id"" : ""56190"", ""vpn_id"" : 10005168, ""public_number"" : ""33321992300"", ""global_call_limiter"" : 1, ""no_answer_timeout"" : 20000, ""label"" : ""03 21 99 23 00"", ""possibility"" : ""SAN_LEVEL"", ""uui"" : ""SAN_LEVEL"", ""spn_mode"" : ""DEFAULT"", ""call_transfer_mode"" : ""NO_DELAYED_OFFER"", ""int_dc"" : ""B"", ""header_list"" : []}"
10005168,56194,"{""id"" : 56194, ""hkh_nr_id"" : ""56194"", ""vpn_id"" : 10005168, ""public_number"" : ""33327322600"", ""global_call_limiter"" : 1, ""no_answer_timeout"" : 20000, ""label"" : ""03 27 32 26 00"", ""possibility"" : ""SAN_LEVEL"", ""uui"" : ""SAN_LEVEL"", ""spn_mode"" : ""DEFAULT"", ""call_transfer_mode"" : ""NO_DELAYED_OFFER"", ""int_dc"" : ""B"", ""header_list"" : []}"
10005168,56221,"{""id"" : 56221, ""hkh_nr_id"" : ""56221"", ""vpn_id"" : 10005168, ""public_number"" : ""33328592900"", ""global_call_limiter"" : 1, ""no_answer_timeout"" : 20000, ""label"" : ""03 28 59 29 00"", ""possibility"" : ""SAN_LEVEL"", ""uui"" : ""SAN_LEVEL"", ""spn_mode"" : ""DEFAULT"", ""call_transfer_mode"" : ""NO_DELAYED_OFFER"", ""int_dc"" : ""B"", ""header_list"" : []}"
10005156,56315,"{""id"" : 56315, ""hkh_nr_id"" : ""56315"", ""vpn_id"" : 10005156, ""public_number"" : ""33468359864"", ""global_call_limiter"" : 255, ""no_answer_timeout"" : 20000, ""label"" : ""04 68 35 98 64"", ""possibility"" : ""SAN_LEVEL"", ""uui"" : ""SAN_LEVEL"", ""spn_mode"" : ""DEFAULT"", ""call_transfer_mode"" : ""NO_DELAYED_OFFER"", ""int_dc"" : ""B"", ""header_list"" : []}"
10005156,56317,"{""id"" : 56317, ""hkh_nr_id"" : ""56317"", ""vpn_id"" : 10005156, ""public_number"" : ""33468359835"", ""global_call_limiter"" : null, ""no_answer_timeout"" : 20000, ""label"" : ""04 68 35 98 35"", ""possibility"" : ""SAN_LEVEL"", ""uui"" : ""SAN_LEVEL"", ""spn_mode"" : ""DEFAULT"", ""call_transfer_mode"" : ""NO_DELAYED_OFFER"", ""int_dc"" : ""B"", ""header_list"" : []}"
10005156,56319,"{""id"" : 56319, ""hkh_nr_id"" : ""56319"", ""vpn_id"" : 10005156, ""public_number"" : ""33468359730"", ""global_call_limiter"" : null, ""no_answer_timeout"" : 20000, ""label"" : ""04 68 35 97 30"", ""possibility"" : ""SAN_LEVEL"", ""uui"" : ""SAN_LEVEL"", ""spn_mode"" : ""DEFAULT"", ""call_transfer_mode"" : ""NO_DELAYED_OFFER"", ""int_dc"" : ""B"", ""header_list"" : []}"
10005156,56322,"{""id"" : 56322, ""hkh_nr_id"" : ""56322"", ""vpn_id"" : 10005156, ""public_number"" : ""33468359866"", ""global_call_limiter"" : 100, ""no_answer_timeout"" : 20000, ""label"" : ""04 68 35 98 66"", ""possibility"" : ""SAN_LEVEL"", ""uui"" : ""SAN_LEVEL"", ""spn_mode"" : ""DEFAULT"", ""call_transfer_mode"" : ""NO_DELAYED_OFFER"", ""int_dc"" : ""B"", ""header_list"" : []}"
10005156,56328,"{""id"" : 56328, ""hkh_nr_id"" : ""56328"", ""vpn_id"" : 10005156, ""public_number"" : ""33468359865"", ""global_call_limiter"" : 100, ""no_answer_timeout"" : 20000, ""label"" : ""04 68 35 98 65"", ""possibility"" : ""SAN_LEVEL"", ""uui"" : ""SAN_LEVEL"", ""spn_mode"" : ""DEFAULT"", ""call_transfer_mode"" : ""NO_DELAYED_OFFER"", ""int_dc"" : ""B"", ""header_list"" : []}"
10005261,56345,"{""id"" : 56345, ""hkh_nr_id"" : ""56345"", ""vpn_id"" : 10005261, ""public_number"" : ""33557133117"", ""global_call_limiter"" : 10, ""no_answer_timeout"" : 20000, ""label"" : ""05 57 13 31 17"", ""possibility"" : ""TRUE"", ""uui"" : ""TRUE"", ""spn_mode"" : ""DEFAULT"", ""call_transfer_mode"" : ""NO_DELAYED_OFFER"", ""int_dc"" : ""G"", ""header_list"" : []}"
10005264,56351,"{""id"" : 56351, ""hkh_nr_id"" : ""56351"", ""vpn_id"" : 10005264, ""public_number"" : ""33155545817"", ""global_call_limiter"" : 0, ""no_answer_timeout"" : 20000, ""label"" : ""01 55 54 58 17"", ""possibility"" : ""SAN_LEVEL"", ""uui"" : ""SAN_LEVEL"", ""spn_mode"" : ""DEFAULT"", ""call_transfer_mode"" : ""NO_DELAYED_OFFER"", ""int_dc"" : ""B"", ""header_list"" : []}"
10005100,56544,"{""id"" : 56544, ""hkh_nr_id"" : ""56544"", ""vpn_id"" : 10005100, ""public_number"" : ""33557133144"", ""global_call_limiter"" : 10, ""no_answer_timeout"" : 20000, ""label"" : ""05 57 13 31 44"", ""possibility"" : ""TRUE"", ""uui"" : ""TRUE"", ""spn_mode"" : ""DEFAULT"", ""call_transfer_mode"" : ""NO_DELAYED_OFFER"", ""int_dc"" : ""G"", ""header_list"" : []}"
10005291,56565,"{""id"" : 56565, ""hkh_nr_id"" : ""56565"", ""vpn_id"" : 10005291, ""public_number"" : ""33277673400"", ""global_call_limiter"" : null, ""no_answer_timeout"" : 20000, ""label"" : ""02 77 67 34 00"", ""possibility"" : ""SAN_LEVEL"", ""uui"" : ""SAN_LEVEL"", ""spn_mode"" : ""DEFAULT"", ""call_transfer_mode"" : ""NO_DELAYED_OFFER"", ""int_dc"" : ""B"", ""header_list"" : []}"
10005291,56581,"{""id"" : 56581, ""hkh_nr_id"" : ""56581"", ""vpn_id"" : 10005291, ""public_number"" : ""33235219925"", ""global_call_limiter"" : null, ""no_answer_timeout"" : 20000, ""label"" : ""02 35 21 99 25"", ""possibility"" : ""SAN_LEVEL"", ""uui"" : ""SAN_LEVEL"", ""spn_mode"" : ""DEFAULT"", ""call_transfer_mode"" : ""NO_DELAYED_OFFER"", ""int_dc"" : ""B"", ""header_list"" : []}"
10005291,56587,"{""id"" : 56587, ""hkh_nr_id"" : ""56587"", ""vpn_id"" : 10005291, ""public_number"" : ""33232742163"", ""global_call_limiter"" : null, ""no_answer_timeout"" : 20000, ""label"" : ""02 32 74 21 63"", ""possibility"" : ""SAN_LEVEL"", ""uui"" : ""SAN_LEVEL"", ""spn_mode"" : ""DEFAULT"", ""call_transfer_mode"" : ""NO_DELAYED_OFFER"", ""int_dc"" : ""B"", ""header_list"" : []}"
10005291,56599,"{""id"" : 56599, ""hkh_nr_id"" : ""56599"", ""vpn_id"" : 10005291, ""public_number"" : ""33277673584"", ""global_call_limiter"" : 100, ""no_answer_timeout"" : 20000, ""label"" : ""02 77 67 35 84"", ""possibility"" : ""SAN_LEVEL"", ""uui"" : ""SAN_LEVEL"", ""spn_mode"" : ""DEFAULT"", ""call_transfer_mode"" : ""NO_DELAYED_OFFER"", ""int_dc"" : ""B"", ""header_list"" : []}"
10005291,56637,"{""id"" : 56637, ""hkh_nr_id"" : ""56637"", ""vpn_id"" : 10005291, ""public_number"" : ""33235219671"", ""global_call_limiter"" : null, ""no_answer_timeout"" : 20000, ""label"" : ""02 35 21 96 71"", ""possibility"" : ""SAN_LEVEL"", ""uui"" : ""SAN_LEVEL"", ""spn_mode"" : ""DEFAULT"", ""call_transfer_mode"" : ""NO_DELAYED_OFFER"", ""int_dc"" : ""B"", ""header_list"" : []}"
10005291,56658,"{""id"" : 56658, ""hkh_nr_id"" : ""56658"", ""vpn_id"" : 10005291, ""public_number"" : ""33277673594"", ""global_call_limiter"" : null, ""no_answer_timeout"" : 20000, ""label"" : ""02 77 67 35 94"", ""possibility"" : ""SAN_LEVEL"", ""uui"" : ""SAN_LEVEL"", ""spn_mode"" : ""DEFAULT"", ""call_transfer_mode"" : ""NO_DELAYED_OFFER"", ""int_dc"" : ""B"", ""header_list"" : []}"
10005291,56664,"{""id"" : 56664, ""hkh_nr_id"" : ""56664"", ""vpn_id"" : 10005291, ""public_number"" : ""33277673551"", ""global_call_limiter"" : null, ""no_answer_timeout"" : 20000, ""label"" : ""02 77 67 35 51"", ""possibility"" : ""SAN_LEVEL"", ""uui"" : ""SAN_LEVEL"", ""spn_mode"" : ""DEFAULT"", ""call_transfer_mode"" : ""NO_DELAYED_OFFER"", ""int_dc"" : ""B"", ""header_list"" : []}"
10005140,55530,"{""id"" : 55530, ""hkh_nr_id"" : ""55530"", ""vpn_id"" : 10005140, ""public_number"" : ""33450183559"", ""global_call_limiter"" : null, ""no_answer_timeout"" : 20000, ""label"" : ""0450183559"", ""possibility"" : ""SAN_LEVEL"", ""uui"" : ""SAN_LEVEL"", ""spn_mode"" : ""DEFAULT"", ""call_transfer_mode"" : ""NO_DELAYED_OFFER"", ""int_dc"" : ""B"", ""header_list"" : []}"
10005156,56321,"{""id"" : 56321, ""hkh_nr_id"" : ""56321"", ""vpn_id"" : 10005156, ""public_number"" : ""33565735803"", ""global_call_limiter"" : 100, ""no_answer_timeout"" : 20000, ""label"" : ""05 65 73 58 03"", ""possibility"" : ""SAN_LEVEL"", ""uui"" : ""SAN_LEVEL"", ""spn_mode"" : ""DEFAULT"", ""call_transfer_mode"" : ""NO_DELAYED_OFFER"", ""int_dc"" : ""B"", ""header_list"" : []}"
10000001,56063,"{""id"" : 56063, ""hkh_nr_id"" : ""56063"", ""vpn_id"" : 10000001, ""public_number"" : ""33296041035"", ""global_call_limiter"" : null, ""no_answer_timeout"" : 20000, ""label"" : ""test_maquetteLannion"", ""possibility"" : ""SAN_LEVEL"", ""uui"" : ""SAN_LEVEL"", ""spn_mode"" : ""DEFAULT"", ""call_transfer_mode"" : ""NO_DELAYED_OFFER"", ""int_dc"" : ""B"", ""header_list"" : []}"
10005150,56067,"{""id"" : 56067, ""hkh_nr_id"" : ""56067"", ""vpn_id"" : 10005150, ""public_number"" : ""33384573986"", ""global_call_limiter"" : 4, ""no_answer_timeout"" : 20000, ""label"" : ""03 84 57 39 86"", ""possibility"" : ""SAN_LEVEL"", ""uui"" : ""SAN_LEVEL"", ""spn_mode"" : ""DEFAULT"", ""call_transfer_mode"" : ""NO_DELAYED_OFFER"", ""int_dc"" : ""B"", ""header_list"" : []}"
10005171,56079,"{""id"" : 56079, ""hkh_nr_id"" : ""56079"", ""vpn_id"" : 10005171, ""public_number"" : ""33321804878"", ""global_call_limiter"" : 1, ""no_answer_timeout"" : 20000, ""label"" : ""03 21 80 48 78"", ""possibility"" : ""SAN_LEVEL"", ""uui"" : ""SAN_LEVEL"", ""spn_mode"" : ""DEFAULT"", ""call_transfer_mode"" : ""NO_DELAYED_OFFER"", ""int_dc"" : ""B"", ""header_list"" : []}"
10005198,56105,"{""id"" : 56105, ""hkh_nr_id"" : ""56105"", ""vpn_id"" : 10005198, ""public_number"" : ""33321728803"", ""global_call_limiter"" : 2, ""no_answer_timeout"" : 20000, ""label"" : ""03 21 72 88 03"", ""possibility"" : ""SAN_LEVEL"", ""uui"" : ""SAN_LEVEL"", ""spn_mode"" : ""DEFAULT"", ""call_transfer_mode"" : ""NO_DELAYED_OFFER"", ""int_dc"" : ""B"", ""header_list"" : []}"
10005165,56128,"{""id"" : 56128, ""hkh_nr_id"" : ""56128"", ""vpn_id"" : 10005165, ""public_number"" : ""33494109494"", ""global_call_limiter"" : 2, ""no_answer_timeout"" : 20000, ""label"" : ""04 94 10 94 94"", ""possibility"" : ""SAN_LEVEL"", ""uui"" : ""SAN_LEVEL"", ""spn_mode"" : ""DEFAULT"", ""call_transfer_mode"" : ""NO_DELAYED_OFFER"", ""int_dc"" : ""B"", ""header_list"" : []}"
10005165,56129,"{""id"" : 56129, ""hkh_nr_id"" : ""56129"", ""vpn_id"" : 10005165, ""public_number"" : ""33494143488"", ""global_call_limiter"" : 2, ""no_answer_timeout"" : 20000, ""label"" : ""04 94 14 34 88"", ""possibility"" : ""SAN_LEVEL"", ""uui"" : ""SAN_LEVEL"", ""spn_mode"" : ""DEFAULT"", ""call_transfer_mode"" : ""NO_DELAYED_OFFER"", ""int_dc"" : ""B"", ""header_list"" : []}"
10005168,56151,"{""id"" : 56151, ""hkh_nr_id"" : ""56151"", ""vpn_id"" : 10005168, ""public_number"" : ""33320794055"", ""global_call_limiter"" : 1, ""no_answer_timeout"" : 20000, ""label"" : ""03 20 79 40 55"", ""possibility"" : ""SAN_LEVEL"", ""uui"" : ""SAN_LEVEL"", ""spn_mode"" : ""DEFAULT"", ""call_transfer_mode"" : ""NO_DELAYED_OFFER"", ""int_dc"" : ""B"", ""header_list"" : []}"
10005168,56152,"{""id"" : 56152, ""hkh_nr_id"" : ""56152"", ""vpn_id"" : 10005168, ""public_number"" : ""33320807474"", ""global_call_limiter"" : 1, ""no_answer_timeout"" : 20000, ""label"" : ""03 20 80 74 74"", ""possibility"" : ""SAN_LEVEL"", ""uui"" : ""SAN_LEVEL"", ""spn_mode"" : ""DEFAULT"", ""call_transfer_mode"" : ""NO_DELAYED_OFFER"", ""int_dc"" : ""B"", ""header_list"" : []}"
10005168,56168,"{""id"" : 56168, ""hkh_nr_id"" : ""56168"", ""vpn_id"" : 10005168, ""public_number"" : ""33321217122"", ""global_call_limiter"" : 1, ""no_answer_timeout"" : 20000, ""label"" : ""03 21 21 71 22"", ""possibility"" : ""SAN_LEVEL"", ""uui"" : ""SAN_LEVEL"", ""spn_mode"" : ""DEFAULT"", ""call_transfer_mode"" : ""NO_DELAYED_OFFER"", ""int_dc"" : ""B"", ""header_list"" : []}"
10005168,56186,"{""id"" : 56186, ""hkh_nr_id"" : ""56186"", ""vpn_id"" : 10005168, ""public_number"" : ""33321692345"", ""global_call_limiter"" : 1, ""no_answer_timeout"" : 20000, ""label"" : ""03 21 69 23 45"", ""possibility"" : ""SAN_LEVEL"", ""uui"" : ""SAN_LEVEL"", ""spn_mode"" : ""DEFAULT"", ""call_transfer_mode"" : ""NO_DELAYED_OFFER"", ""int_dc"" : ""B"", ""header_list"" : []}"
10005168,56187,"{""id"" : 56187, ""hkh_nr_id"" : ""56187"", ""vpn_id"" : 10005168, ""public_number"" : ""33321894999"", ""global_call_limiter"" : 1, ""no_answer_timeout"" : 20000, ""label"" : ""03 21 89 49 99"", ""possibility"" : ""SAN_LEVEL"", ""uui"" : ""SAN_LEVEL"", ""spn_mode"" : ""DEFAULT"", ""call_transfer_mode"" : ""NO_DELAYED_OFFER"", ""int_dc"" : ""B"", ""header_list"" : []}"
10005168,56207,"{""id"" : 56207, ""hkh_nr_id"" : ""56207"", ""vpn_id"" : 10005168, ""public_number"" : ""33327874119"", ""global_call_limiter"" : 1, ""no_answer_timeout"" : 20000, ""label"" : ""03 27 87 41 19"", ""possibility"" : ""SAN_LEVEL"", ""uui"" : ""SAN_LEVEL"", ""spn_mode"" : ""DEFAULT"", ""call_transfer_mode"" : ""NO_DELAYED_OFFER"", ""int_dc"" : ""B"", ""header_list"" : []}"
10005168,56226,"{""id"" : 56226, ""hkh_nr_id"" : ""56226"", ""vpn_id"" : 10005168, ""public_number"" : ""33391800800"", ""global_call_limiter"" : 1, ""no_answer_timeout"" : 20000, ""label"" : ""03 91 80 08 00"", ""possibility"" : ""SAN_LEVEL"", ""uui"" : ""SAN_LEVEL"", ""spn_mode"" : ""DEFAULT"", ""call_transfer_mode"" : ""NO_DELAYED_OFFER"", ""int_dc"" : ""B"", ""header_list"" : []}"
10005168,56227,"{""id"" : 56227, ""hkh_nr_id"" : ""56227"", ""vpn_id"" : 10005168, ""public_number"" : ""33640748674"", ""global_call_limiter"" : 1, ""no_answer_timeout"" : 20000, ""label"" : ""06 40 74 86 74"", ""possibility"" : ""SAN_LEVEL"", ""uui"" : ""SAN_LEVEL"", ""spn_mode"" : ""DEFAULT"", ""call_transfer_mode"" : ""NO_DELAYED_OFFER"", ""int_dc"" : ""B"", ""header_list"" : []}"
10005100,56385,"{""id"" : 56385, ""hkh_nr_id"" : ""56385"", ""vpn_id"" : 10005100, ""public_number"" : ""33557133081"", ""global_call_limiter"" : 10, ""no_answer_timeout"" : 20000, ""label"" : ""05 57 13 30 81"", ""possibility"" : ""TRUE"", ""uui"" : ""TRUE"", ""spn_mode"" : ""DEFAULT"", ""call_transfer_mode"" : ""NO_DELAYED_OFFER"", ""int_dc"" : ""G"", ""header_list"" : []}"
10003860,56312,"{""id"" : 56312, ""hkh_nr_id"" : ""56312"", ""vpn_id"" : 10003860, ""public_number"" : ""590590412388"", ""global_call_limiter"" : 1, ""no_answer_timeout"" : 20000, ""label"" : ""+590590412388"", ""possibility"" : ""SAN_LEVEL"", ""uui"" : ""SAN_LEVEL"", ""spn_mode"" : ""DEFAULT"", ""call_transfer_mode"" : ""NO_DELAYED_OFFER"", ""int_dc"" : ""B"", ""header_list"" : []}"
10005168,56331,"{""id"" : 56331, ""hkh_nr_id"" : ""56331"", ""vpn_id"" : 10005168, ""public_number"" : ""33320210808"", ""global_call_limiter"" : null, ""no_answer_timeout"" : 20000, ""label"" : ""03 20 21 08 08"", ""possibility"" : ""SAN_LEVEL"", ""uui"" : ""SAN_LEVEL"", ""spn_mode"" : ""DEFAULT"", ""call_transfer_mode"" : ""NO_DELAYED_OFFER"", ""int_dc"" : ""B"", ""header_list"" : []}"
10005100,56384,"{""id"" : 56384, ""hkh_nr_id"" : ""56384"", ""vpn_id"" : 10005100, ""public_number"" : ""33557133084"", ""global_call_limiter"" : 10, ""no_answer_timeout"" : 20000, ""label"" : ""05 57 13 30 84"", ""possibility"" : ""TRUE"", ""uui"" : ""TRUE"", ""spn_mode"" : ""DEFAULT"", ""call_transfer_mode"" : ""NO_DELAYED_OFFER"", ""int_dc"" : ""G"", ""header_list"" : []}"
10005100,56408,"{""id"" : 56408, ""hkh_nr_id"" : ""56408"", ""vpn_id"" : 10005100, ""public_number"" : ""33557133064"", ""global_call_limiter"" : 10, ""no_answer_timeout"" : 20000, ""label"" : ""05 57 13 30 64"", ""possibility"" : ""TRUE"", ""uui"" : ""TRUE"", ""spn_mode"" : ""DEFAULT"", ""call_transfer_mode"" : ""NO_DELAYED_OFFER"", ""int_dc"" : ""G"", ""header_list"" : []}"
10005140,55456,"{""id"" : 55456, ""hkh_nr_id"" : ""55456"", ""vpn_id"" : 10005140, ""public_number"" : ""33450967594"", ""global_call_limiter"" : 1, ""no_answer_timeout"" : 20000, ""label"" : ""0450967594"", ""possibility"" : ""SAN_LEVEL"", ""uui"" : ""SAN_LEVEL"", ""spn_mode"" : ""DEFAULT"", ""call_transfer_mode"" : ""NO_DELAYED_OFFER"", ""int_dc"" : ""B"", ""header_list"" : []}"
10005140,55616,"{""id"" : 55616, ""hkh_nr_id"" : ""55616"", ""vpn_id"" : 10005140, ""public_number"" : ""33999014425"", ""global_call_limiter"" : null, ""no_answer_timeout"" : 20000, ""label"" : ""09 99 01 44 25"", ""possibility"" : ""SAN_LEVEL"", ""uui"" : ""SAN_LEVEL"", ""spn_mode"" : ""SPN_STANDARD"", ""call_transfer_mode"" : ""NO_DELAYED_OFFER"", ""int_dc"" : ""F"", ""header_list"" : []}"
10003728,56050,"{""id"" : 56050, ""hkh_nr_id"" : ""56050"", ""vpn_id"" : 10003728, ""public_number"" : ""262262123456"", ""global_call_limiter"" : 100, ""no_answer_timeout"" : 20000, ""label"" : ""Réunion en format +33"", ""possibility"" : ""SAN_LEVEL"", ""uui"" : ""SAN_LEVEL"", ""spn_mode"" : ""DEFAULT"", ""call_transfer_mode"" : ""NO_DELAYED_OFFER"", ""int_dc"" : ""B"", ""header_list"" : []}"
10005174,56082,"{""id"" : 56082, ""hkh_nr_id"" : ""56082"", ""vpn_id"" : 10005174, ""public_number"" : ""33472533219"", ""global_call_limiter"" : null, ""no_answer_timeout"" : 20000, ""label"" : ""04 72 53 32 19"", ""possibility"" : ""SAN_LEVEL"", ""uui"" : ""SAN_LEVEL"", ""spn_mode"" : ""DEFAULT"", ""call_transfer_mode"" : ""NO_DELAYED_OFFER"", ""int_dc"" : ""B"", ""header_list"" : []}"
10005214,56115,"{""id"" : 56115, ""hkh_nr_id"" : ""56115"", ""vpn_id"" : 10005214, ""public_number"" : ""33546860216"", ""global_call_limiter"" : null, ""no_answer_timeout"" : 30000, ""label"" : ""05 46 86 02 16"", ""possibility"" : ""SAN_LEVEL"", ""uui"" : ""SAN_LEVEL"", ""spn_mode"" : ""DEFAULT"", ""call_transfer_mode"" : ""NO_DELAYED_OFFER"", ""int_dc"" : ""B"", ""header_list"" : []}"
10005159,56121,"{""id"" : 56121, ""hkh_nr_id"" : ""56121"", ""vpn_id"" : 10005159, ""public_number"" : ""34932225125"", ""global_call_limiter"" : 2, ""no_answer_timeout"" : 20000, ""label"" : ""+34932225125"", ""possibility"" : ""SAN_LEVEL"", ""uui"" : ""SAN_LEVEL"", ""spn_mode"" : ""DEFAULT"", ""call_transfer_mode"" : ""NO_DELAYED_OFFER"", ""int_dc"" : ""B"", ""header_list"" : []}"
10005168,56134,"{""id"" : 56134, ""hkh_nr_id"" : ""56134"", ""vpn_id"" : 10005168, ""public_number"" : ""33320128383"", ""global_call_limiter"" : 1, ""no_answer_timeout"" : 20000, ""label"" : ""03 20 12 83 83"", ""possibility"" : ""SAN_LEVEL"", ""uui"" : ""SAN_LEVEL"", ""spn_mode"" : ""DEFAULT"", ""call_transfer_mode"" : ""NO_DELAYED_OFFER"", ""int_dc"" : ""B"", ""header_list"" : []}"
10005168,56142,"{""id"" : 56142, ""hkh_nr_id"" : ""56142"", ""vpn_id"" : 10005168, ""public_number"" : ""33320581777"", ""global_call_limiter"" : 1, ""no_answer_timeout"" : 20000, ""label"" : ""03 20 58 17 77"", ""possibility"" : ""SAN_LEVEL"", ""uui"" : ""SAN_LEVEL"", ""spn_mode"" : ""DEFAULT"", ""call_transfer_mode"" : ""NO_DELAYED_OFFER"", ""int_dc"" : ""B"", ""header_list"" : []}"
10005168,56157,"{""id"" : 56157, ""hkh_nr_id"" : ""56157"", ""vpn_id"" : 10005168, ""public_number"" : ""33320962000"", ""global_call_limiter"" : 1, ""no_answer_timeout"" : 20000, ""label"" : ""03 20 96 20 00"", ""possibility"" : ""SAN_LEVEL"", ""uui"" : ""SAN_LEVEL"", ""spn_mode"" : ""DEFAULT"", ""call_transfer_mode"" : ""NO_DELAYED_OFFER"", ""int_dc"" : ""B"", ""header_list"" : []}"
10005168,56158,"{""id"" : 56158, ""hkh_nr_id"" : ""56158"", ""vpn_id"" : 10005168, ""public_number"" : ""33320966546"", ""global_call_limiter"" : 1, ""no_answer_timeout"" : 20000, ""label"" : ""03 20 96 65 46"", ""possibility"" : ""SAN_LEVEL"", ""uui"" : ""SAN_LEVEL"", ""spn_mode"" : ""DEFAULT"", ""call_transfer_mode"" : ""NO_DELAYED_OFFER"", ""int_dc"" : ""B"", ""header_list"" : []}"
10005168,56161,"{""id"" : 56161, ""hkh_nr_id"" : ""56161"", ""vpn_id"" : 10005168, ""public_number"" : ""33321089090"", ""global_call_limiter"" : 1, ""no_answer_timeout"" : 20000, ""label"" : ""03 21 08 90 90"", ""possibility"" : ""SAN_LEVEL"", ""uui"" : ""SAN_LEVEL"", ""spn_mode"" : ""DEFAULT"", ""call_transfer_mode"" : ""NO_DELAYED_OFFER"", ""int_dc"" : ""B"", ""header_list"" : []}"
10005168,56177,"{""id"" : 56177, ""hkh_nr_id"" : ""56177"", ""vpn_id"" : 10005168, ""public_number"" : ""33321432056"", ""global_call_limiter"" : 1, ""no_answer_timeout"" : 20000, ""label"" : ""03 21 43 20 56"", ""possibility"" : ""SAN_LEVEL"", ""uui"" : ""SAN_LEVEL"", ""spn_mode"" : ""DEFAULT"", ""call_transfer_mode"" : ""NO_DELAYED_OFFER"", ""int_dc"" : ""B"", ""header_list"" : []}"
10005168,56192,"{""id"" : 56192, ""hkh_nr_id"" : ""56192"", ""vpn_id"" : 10005168, ""public_number"" : ""33327193150"", ""global_call_limiter"" : 1, ""no_answer_timeout"" : 20000, ""label"" : ""03 27 19 31 50"", ""possibility"" : ""SAN_LEVEL"", ""uui"" : ""SAN_LEVEL"", ""spn_mode"" : ""DEFAULT"", ""call_transfer_mode"" : ""NO_DELAYED_OFFER"", ""int_dc"" : ""B"", ""header_list"" : []}"
10005168,56214,"{""id"" : 56214, ""hkh_nr_id"" : ""56214"", ""vpn_id"" : 10005168, ""public_number"" : ""33328428338"", ""global_call_limiter"" : 1, ""no_answer_timeout"" : 20000, ""label"" : ""03 28 42 83 38"", ""possibility"" : ""SAN_LEVEL"", ""uui"" : ""SAN_LEVEL"", ""spn_mode"" : ""DEFAULT"", ""call_transfer_mode"" : ""NO_DELAYED_OFFER"", ""int_dc"" : ""B"", ""header_list"" : []}"
10005168,56217,"{""id"" : 56217, ""hkh_nr_id"" : ""56217"", ""vpn_id"" : 10005168, ""public_number"" : ""33328498458"", ""global_call_limiter"" : 1, ""no_answer_timeout"" : 20000, ""label"" : ""03 28 49 84 58"", ""possibility"" : ""SAN_LEVEL"", ""uui"" : ""SAN_LEVEL"", ""spn_mode"" : ""DEFAULT"", ""call_transfer_mode"" : ""NO_DELAYED_OFFER"", ""int_dc"" : ""B"", ""header_list"" : []}"
10005156,56308,"{""id"" : 56308, ""hkh_nr_id"" : ""56308"", ""vpn_id"" : 10005156, ""public_number"" : ""33468359808"", ""global_call_limiter"" : 100, ""no_answer_timeout"" : 20000, ""label"" : ""04 68 35 98 08"", ""possibility"" : ""SAN_LEVEL"", ""uui"" : ""SAN_LEVEL"", ""spn_mode"" : ""DEFAULT"", ""call_transfer_mode"" : ""NO_DELAYED_OFFER"", ""int_dc"" : ""B"", ""header_list"" : []}"
10005140,55479,"{""id"" : 55479, ""hkh_nr_id"" : ""55479"", ""vpn_id"" : 10005140, ""public_number"" : ""33450968990"", ""global_call_limiter"" : 30, ""no_answer_timeout"" : 20000, ""label"" : ""0450968990"", ""possibility"" : ""SAN_LEVEL"", ""uui"" : ""SAN_LEVEL"", ""spn_mode"" : ""DEFAULT"", ""call_transfer_mode"" : ""NO_DELAYED_OFFER"", ""int_dc"" : ""B"", ""header_list"" : []}"
10005140,55494,"{""id"" : 55494, ""hkh_nr_id"" : ""55494"", ""vpn_id"" : 10005140, ""public_number"" : ""33150391830"", ""global_call_limiter"" : null, ""no_answer_timeout"" : 20000, ""label"" : ""0150391830"", ""possibility"" : ""SAN_LEVEL"", ""uui"" : ""SAN_LEVEL"", ""spn_mode"" : ""DEFAULT"", ""call_transfer_mode"" : ""NO_DELAYED_OFFER"", ""int_dc"" : ""B"", ""header_list"" : []}"
10005139,55540,"{""id"" : 55540, ""hkh_nr_id"" : ""55540"", ""vpn_id"" : 10005139, ""public_number"" : ""33359355646"", ""global_call_limiter"" : 100, ""no_answer_timeout"" : 20000, ""label"" : ""03 59 35 56 46"", ""possibility"" : ""SAN_LEVEL"", ""uui"" : ""SAN_LEVEL"", ""spn_mode"" : ""DEFAULT"", ""call_transfer_mode"" : ""NO_DELAYED_OFFER"", ""int_dc"" : ""B"", ""header_list"" : []}"
10005145,56042,"{""id"" : 56042, ""hkh_nr_id"" : ""56042"", ""vpn_id"" : 10005145, ""public_number"" : ""33978973242"", ""global_call_limiter"" : null, ""no_answer_timeout"" : 20000, ""label"" : ""09 78 97 32 42"", ""possibility"" : ""SAN_LEVEL"", ""uui"" : ""SAN_LEVEL"", ""spn_mode"" : ""DEFAULT"", ""call_transfer_mode"" : ""NO_DELAYED_OFFER"", ""int_dc"" : ""B"", ""header_list"" : []}"
10005201,56107,"{""id"" : 56107, ""hkh_nr_id"" : ""56107"", ""vpn_id"" : 10005201, ""public_number"" : ""33326973522"", ""global_call_limiter"" : null, ""no_answer_timeout"" : 20000, ""label"" : ""03 26 97 35 22"", ""possibility"" : ""SAN_LEVEL"", ""uui"" : ""SAN_LEVEL"", ""spn_mode"" : ""DEFAULT"", ""call_transfer_mode"" : ""NO_DELAYED_OFFER"", ""int_dc"" : ""B"", ""header_list"" : []}"
10005168,56171,"{""id"" : 56171, ""hkh_nr_id"" : ""56171"", ""vpn_id"" : 10005168, ""public_number"" : ""33321270120"", ""global_call_limiter"" : 1, ""no_answer_timeout"" : 20000, ""label"" : ""03 21 27 01 20"", ""possibility"" : ""SAN_LEVEL"", ""uui"" : ""SAN_LEVEL"", ""spn_mode"" : ""DEFAULT"", ""call_transfer_mode"" : ""NO_DELAYED_OFFER"", ""int_dc"" : ""B"", ""header_list"" : []}"
10005168,56172,"{""id"" : 56172, ""hkh_nr_id"" : ""56172"", ""vpn_id"" : 10005168, ""public_number"" : ""33321279210"", ""global_call_limiter"" : 1, ""no_answer_timeout"" : 20000, ""label"" : ""03 21 27 92 10"", ""possibility"" : ""SAN_LEVEL"", ""uui"" : ""SAN_LEVEL"", ""spn_mode"" : ""DEFAULT"", ""call_transfer_mode"" : ""NO_DELAYED_OFFER"", ""int_dc"" : ""B"", ""header_list"" : []}"
10005168,56210,"{""id"" : 56210, ""hkh_nr_id"" : ""56210"", ""vpn_id"" : 10005168, ""public_number"" : ""33327943530"", ""global_call_limiter"" : 1, ""no_answer_timeout"" : 20000, ""label"" : ""03 27 94 35 30"", ""possibility"" : ""SAN_LEVEL"", ""uui"" : ""SAN_LEVEL"", ""spn_mode"" : ""DEFAULT"", ""call_transfer_mode"" : ""NO_DELAYED_OFFER"", ""int_dc"" : ""B"", ""header_list"" : []}"
10005168,56211,"{""id"" : 56211, ""hkh_nr_id"" : ""56211"", ""vpn_id"" : 10005168, ""public_number"" : ""33327958081"", ""global_call_limiter"" : 1, ""no_answer_timeout"" : 20000, ""label"" : ""03 27 95 80 81"", ""possibility"" : ""SAN_LEVEL"", ""uui"" : ""SAN_LEVEL"", ""spn_mode"" : ""DEFAULT"", ""call_transfer_mode"" : ""NO_DELAYED_OFFER"", ""int_dc"" : ""B"", ""header_list"" : []}"
10005207,56260,"{""id"" : 56260, ""hkh_nr_id"" : ""56260"", ""vpn_id"" : 10005207, ""public_number"" : ""33156580614"", ""global_call_limiter"" : 2, ""no_answer_timeout"" : 20000, ""label"" : ""01 56 58 06 14"", ""possibility"" : ""SAN_LEVEL"", ""uui"" : ""SAN_LEVEL"", ""spn_mode"" : ""DEFAULT"", ""call_transfer_mode"" : ""NO_DELAYED_OFFER"", ""int_dc"" : ""B"", ""header_list"" : []}"
10005233,56284,"{""id"" : 56284, ""hkh_nr_id"" : ""56284"", ""vpn_id"" : 10005233, ""public_number"" : ""33148559317"", ""global_call_limiter"" : 100, ""no_answer_timeout"" : 20000, ""label"" : ""01 48 55 93 17"", ""possibility"" : ""SAN_LEVEL"", ""uui"" : ""SAN_LEVEL"", ""spn_mode"" : ""DEFAULT"", ""call_transfer_mode"" : ""NO_DELAYED_OFFER"", ""int_dc"" : ""B"", ""header_list"" : []}"
10004425,56307,"{""id"" : 56307, ""hkh_nr_id"" : ""56307"", ""vpn_id"" : 10004425, ""public_number"" : ""33169026344"", ""global_call_limiter"" : 100, ""no_answer_timeout"" : 20000, ""label"" : ""CHOMETTE"", ""possibility"" : ""SAN_LEVEL"", ""uui"" : ""SAN_LEVEL"", ""spn_mode"" : ""DEFAULT"", ""call_transfer_mode"" : ""NO_DELAYED_OFFER"", ""int_dc"" : ""B"", ""header_list"" : []}"
10003860,56310,"{""id"" : 56310, ""hkh_nr_id"" : ""56310"", ""vpn_id"" : 10003860, ""public_number"" : ""33144376078"", ""global_call_limiter"" : 4, ""no_answer_timeout"" : 20000, ""label"" : ""01 44 37 60 78"", ""possibility"" : ""SAN_LEVEL"", ""uui"" : ""SAN_LEVEL"", ""spn_mode"" : ""DEFAULT"", ""call_transfer_mode"" : ""NO_DELAYED_OFFER"", ""int_dc"" : ""B"", ""header_list"" : []}"
10005227,56329,"{""id"" : 56329, ""hkh_nr_id"" : ""56329"", ""vpn_id"" : 10005227, ""public_number"" : ""33296482786"", ""global_call_limiter"" : null, ""no_answer_timeout"" : 0, ""label"" : ""YOAN HAMON"", ""possibility"" : ""SAN_LEVEL"", ""uui"" : ""SAN_LEVEL"", ""spn_mode"" : ""DEFAULT"", ""call_transfer_mode"" : ""NO_DELAYED_OFFER"", ""int_dc"" : ""B"", ""header_list"" : []}"
10004425,56383,"{""id"" : 56383, ""hkh_nr_id"" : ""56383"", ""vpn_id"" : 10004425, ""public_number"" : ""33296283698"", ""global_call_limiter"" : 100, ""no_answer_timeout"" : 20000, ""label"" : ""NR VITAL CONCEPT"", ""possibility"" : ""SAN_LEVEL"", ""uui"" : ""SAN_LEVEL"", ""spn_mode"" : ""DEFAULT"", ""call_transfer_mode"" : ""NO_DELAYED_OFFER"", ""int_dc"" : ""B"", ""header_list"" : []}"
10005254,56347,"{""id"" : 56347, ""hkh_nr_id"" : ""56347"", ""vpn_id"" : 10005254, ""public_number"" : ""33143117049"", ""global_call_limiter"" : 100, ""no_answer_timeout"" : 20000, ""label"" : ""principal"", ""possibility"" : ""SAN_LEVEL"", ""uui"" : ""SAN_LEVEL"", ""spn_mode"" : ""DEFAULT"", ""call_transfer_mode"" : ""NO_DELAYED_OFFER"", ""int_dc"" : ""B"", ""header_list"" : []}"
10005010,56386,"{""id"" : 56386, ""hkh_nr_id"" : ""56386"", ""vpn_id"" : 10005010, ""public_number"" : ""33169598432"", ""global_call_limiter"" : 100, ""no_answer_timeout"" : 20000, ""label"" : ""Plu"", ""possibility"" : ""SAN_LEVEL"", ""uui"" : ""SAN_LEVEL"", ""spn_mode"" : ""DEFAULT"", ""call_transfer_mode"" : ""NO_DELAYED_OFFER"", ""int_dc"" : ""B"", ""header_list"" : []}"
10005286,56404,"{""id"" : 56404, ""hkh_nr_id"" : ""56404"", ""vpn_id"" : 10005286, ""public_number"" : ""33359560598"", ""global_call_limiter"" : 50, ""no_answer_timeout"" : 20000, ""label"" : ""03 59 56 05 98"", ""possibility"" : ""SAN_LEVEL"", ""uui"" : ""SAN_LEVEL"", ""spn_mode"" : ""DEFAULT"", ""call_transfer_mode"" : ""NO_DELAYED_OFFER"", ""int_dc"" : ""B"", ""header_list"" : []}"
10005286,56415,"{""id"" : 56415, ""hkh_nr_id"" : ""56415"", ""vpn_id"" : 10005286, ""public_number"" : ""33359560535"", ""global_call_limiter"" : 50, ""no_answer_timeout"" : 20000, ""label"" : ""03 59 56 05 35"", ""possibility"" : ""SAN_LEVEL"", ""uui"" : ""SAN_LEVEL"", ""spn_mode"" : ""DEFAULT"", ""call_transfer_mode"" : ""NO_DELAYED_OFFER"", ""int_dc"" : ""B"", ""header_list"" : []}"
10005286,56416,"{""id"" : 56416, ""hkh_nr_id"" : ""56416"", ""vpn_id"" : 10005286, ""public_number"" : ""33359560530"", ""global_call_limiter"" : 100, ""no_answer_timeout"" : 20000, ""label"" : ""03 59 56 05 30"", ""possibility"" : ""SAN_LEVEL"", ""uui"" : ""SAN_LEVEL"", ""spn_mode"" : ""DEFAULT"", ""call_transfer_mode"" : ""NO_DELAYED_OFFER"", ""int_dc"" : ""B"", ""header_list"" : []}"
10005140,55495,"{""id"" : 55495, ""hkh_nr_id"" : ""55495"", ""vpn_id"" : 10005140, ""public_number"" : ""33450968991"", ""global_call_limiter"" : 100, ""no_answer_timeout"" : 20000, ""label"" : ""0450968991"", ""possibility"" : ""SAN_LEVEL"", ""uui"" : ""SAN_LEVEL"", ""spn_mode"" : ""DEFAULT"", ""call_transfer_mode"" : ""NO_DELAYED_OFFER"", ""int_dc"" : ""B"", ""header_list"" : []}"
10005140,55517,"{""id"" : 55517, ""hkh_nr_id"" : ""55517"", ""vpn_id"" : 10005140, ""public_number"" : ""33450968966"", ""global_call_limiter"" : null, ""no_answer_timeout"" : 20000, ""label"" : ""0450968966"", ""possibility"" : ""SAN_LEVEL"", ""uui"" : ""SAN_LEVEL"", ""spn_mode"" : ""DEFAULT"", ""call_transfer_mode"" : ""NO_DELAYED_OFFER"", ""int_dc"" : ""B"", ""header_list"" : []}"
10005140,55532,"{""id"" : 55532, ""hkh_nr_id"" : ""55532"", ""vpn_id"" : 10005140, ""public_number"" : ""33450967120"", ""global_call_limiter"" : null, ""no_answer_timeout"" : 20000, ""label"" : ""0450967120"", ""possibility"" : ""SAN_LEVEL"", ""uui"" : ""SAN_LEVEL"", ""spn_mode"" : ""DEFAULT"", ""call_transfer_mode"" : ""NO_DELAYED_OFFER"", ""int_dc"" : ""B"", ""header_list"" : []}"
10005140,55534,"{""id"" : 55534, ""hkh_nr_id"" : ""55534"", ""vpn_id"" : 10005140, ""public_number"" : ""33450968967"", ""global_call_limiter"" : 50, ""no_answer_timeout"" : 20000, ""label"" : ""0450968967"", ""possibility"" : ""SAN_LEVEL"", ""uui"" : ""SAN_LEVEL"", ""spn_mode"" : ""DEFAULT"", ""call_transfer_mode"" : ""NO_DELAYED_OFFER"", ""int_dc"" : ""B"", ""header_list"" : []}"
10005146,56078,"{""id"" : 56078, ""hkh_nr_id"" : ""56078"", ""vpn_id"" : 10005146, ""public_number"" : ""33553467979"", ""global_call_limiter"" : 1, ""no_answer_timeout"" : 20000, ""label"" : ""05 53 46 79 79"", ""possibility"" : ""SAN_LEVEL"", ""uui"" : ""SAN_LEVEL"", ""spn_mode"" : ""DEFAULT"", ""call_transfer_mode"" : ""NO_DELAYED_OFFER"", ""int_dc"" : ""B"", ""header_list"" : []}"
10005168,56193,"{""id"" : 56193, ""hkh_nr_id"" : ""56193"", ""vpn_id"" : 10005168, ""public_number"" : ""33327273520"", ""global_call_limiter"" : 1, ""no_answer_timeout"" : 20000, ""label"" : ""03 27 27 35 20"", ""possibility"" : ""SAN_LEVEL"", ""uui"" : ""SAN_LEVEL"", ""spn_mode"" : ""DEFAULT"", ""call_transfer_mode"" : ""NO_DELAYED_OFFER"", ""int_dc"" : ""B"", ""header_list"" : []}"
10005168,56196,"{""id"" : 56196, ""hkh_nr_id"" : ""56196"", ""vpn_id"" : 10005168, ""public_number"" : ""33327333222"", ""global_call_limiter"" : 1, ""no_answer_timeout"" : 20000, ""label"" : ""03 27 33 32 22"", ""possibility"" : ""SAN_LEVEL"", ""uui"" : ""SAN_LEVEL"", ""spn_mode"" : ""DEFAULT"", ""call_transfer_mode"" : ""NO_DELAYED_OFFER"", ""int_dc"" : ""B"", ""header_list"" : []}"
10005156,56267,"{""id"" : 56267, ""hkh_nr_id"" : ""56267"", ""vpn_id"" : 10005156, ""public_number"" : ""33468359736"", ""global_call_limiter"" : 100, ""no_answer_timeout"" : 20000, ""label"" : ""04 68 35 97 36"", ""possibility"" : ""SAN_LEVEL"", ""uui"" : ""SAN_LEVEL"", ""spn_mode"" : ""DEFAULT"", ""call_transfer_mode"" : ""NO_DELAYED_OFFER"", ""int_dc"" : ""B"", ""header_list"" : []}"
10003860,56313,"{""id"" : 56313, ""hkh_nr_id"" : ""56313"", ""vpn_id"" : 10003860, ""public_number"" : ""590690589094"", ""global_call_limiter"" : 2, ""no_answer_timeout"" : 20000, ""label"" : ""+590690589094"", ""possibility"" : ""SAN_LEVEL"", ""uui"" : ""SAN_LEVEL"", ""spn_mode"" : ""DEFAULT"", ""call_transfer_mode"" : ""NO_DELAYED_OFFER"", ""int_dc"" : ""B"", ""header_list"" : []}"
10004640,56355,"{""id"" : 56355, ""hkh_nr_id"" : ""56355"", ""vpn_id"" : 10004640, ""public_number"" : ""33557133189"", ""global_call_limiter"" : 10, ""no_answer_timeout"" : 20000, ""label"" : ""GV test 2ieme"", ""possibility"" : ""TRUE"", ""uui"" : ""TRUE"", ""spn_mode"" : ""DEFAULT"", ""call_transfer_mode"" : ""NO_DELAYED_OFFER"", ""int_dc"" : ""G"", ""header_list"" : []}"
10005304,56446,"{""id"" : 56446, ""hkh_nr_id"" : ""56446"", ""vpn_id"" : 10005304, ""public_number"" : ""33320663762"", ""global_call_limiter"" : 8, ""no_answer_timeout"" : 15000, ""label"" : ""03 20 66 37 62"", ""possibility"" : ""SAN_LEVEL"", ""uui"" : ""SAN_LEVEL"", ""spn_mode"" : ""DEFAULT"", ""call_transfer_mode"" : ""NO_DELAYED_OFFER"", ""int_dc"" : ""B"", ""header_list"" : []}"
10005304,56453,"{""id"" : 56453, ""hkh_nr_id"" : ""56453"", ""vpn_id"" : 10005304, ""public_number"" : ""33556293613"", ""global_call_limiter"" : 10, ""no_answer_timeout"" : 20000, ""label"" : ""05 56 29 36 13"", ""possibility"" : ""TRUE"", ""uui"" : ""TRUE"", ""spn_mode"" : ""DEFAULT"", ""call_transfer_mode"" : ""NO_DELAYED_OFFER"", ""int_dc"" : ""G"", ""header_list"" : []}"
10005304,56459,"{""id"" : 56459, ""hkh_nr_id"" : ""56459"", ""vpn_id"" : 10005304, ""public_number"" : ""33320058299"", ""global_call_limiter"" : 90, ""no_answer_timeout"" : 20000, ""label"" : ""03 20 05 82 99"", ""possibility"" : ""SAN_LEVEL"", ""uui"" : ""SAN_LEVEL"", ""spn_mode"" : ""DEFAULT"", ""call_transfer_mode"" : ""NO_DELAYED_OFFER"", ""int_dc"" : ""B"", ""header_list"" : []}"
10005304,56461,"{""id"" : 56461, ""hkh_nr_id"" : ""56461"", ""vpn_id"" : 10005304, ""public_number"" : ""33320992808"", ""global_call_limiter"" : 0, ""no_answer_timeout"" : 20000, ""label"" : ""0320992808"", ""possibility"" : ""SAN_LEVEL"", ""uui"" : ""SAN_LEVEL"", ""spn_mode"" : ""DEFAULT"", ""call_transfer_mode"" : ""NO_DELAYED_OFFER"", ""int_dc"" : ""B"", ""header_list"" : []}"
10005304,56463,"{""id"" : 56463, ""hkh_nr_id"" : ""56463"", ""vpn_id"" : 10005304, ""public_number"" : ""33320058292"", ""global_call_limiter"" : 512, ""no_answer_timeout"" : 20000, ""label"" : ""03 20 05 82 92"", ""possibility"" : ""SAN_LEVEL"", ""uui"" : ""SAN_LEVEL"", ""spn_mode"" : ""DEFAULT"", ""call_transfer_mode"" : ""NO_DELAYED_OFFER"", ""int_dc"" : ""B"", ""header_list"" : []}"
10005313,56470,"{""id"" : 56470, ""hkh_nr_id"" : ""56470"", ""vpn_id"" : 10005313, ""public_number"" : ""33557133547"", ""global_call_limiter"" : 10, ""no_answer_timeout"" : 20000, ""label"" : ""05 57 13 35 47"", ""possibility"" : ""TRUE"", ""uui"" : ""TRUE"", ""spn_mode"" : ""DEFAULT"", ""call_transfer_mode"" : ""NO_DELAYED_OFFER"", ""int_dc"" : ""G"", ""header_list"" : []}"
10005100,56471,"{""id"" : 56471, ""hkh_nr_id"" : ""56471"", ""vpn_id"" : 10005100, ""public_number"" : ""33557133082"", ""global_call_limiter"" : 10, ""no_answer_timeout"" : 20000, ""label"" : ""05 57 13 30 82"", ""possibility"" : ""TRUE"", ""uui"" : ""TRUE"", ""spn_mode"" : ""DEFAULT"", ""call_transfer_mode"" : ""NO_DELAYED_OFFER"", ""int_dc"" : ""G"", ""header_list"" : []}"
10005100,56476,"{""id"" : 56476, ""hkh_nr_id"" : ""56476"", ""vpn_id"" : 10005100, ""public_number"" : ""33557133155"", ""global_call_limiter"" : 10, ""no_answer_timeout"" : 20000, ""label"" : ""05 57 13 31 55"", ""possibility"" : ""TRUE"", ""uui"" : ""TRUE"", ""spn_mode"" : ""DEFAULT"", ""call_transfer_mode"" : ""NO_DELAYED_OFFER"", ""int_dc"" : ""G"", ""header_list"" : []}"
10005140,55492,"{""id"" : 55492, ""hkh_nr_id"" : ""55492"", ""vpn_id"" : 10005140, ""public_number"" : ""33150391825"", ""global_call_limiter"" : null, ""no_answer_timeout"" : 20000, ""label"" : ""0150391825"", ""possibility"" : ""SAN_LEVEL"", ""uui"" : ""SAN_LEVEL"", ""spn_mode"" : ""DEFAULT"", ""call_transfer_mode"" : ""NO_DELAYED_OFFER"", ""int_dc"" : ""B"", ""header_list"" : []}"
10005140,55497,"{""id"" : 55497, ""hkh_nr_id"" : ""55497"", ""vpn_id"" : 10005140, ""public_number"" : ""33450968921"", ""global_call_limiter"" : 100, ""no_answer_timeout"" : 20000, ""label"" : ""0450968921"", ""possibility"" : ""SAN_LEVEL"", ""uui"" : ""SAN_LEVEL"", ""spn_mode"" : ""DEFAULT"", ""call_transfer_mode"" : ""NO_DELAYED_OFFER"", ""int_dc"" : ""B"", ""header_list"" : []}"
10005140,55531,"{""id"" : 55531, ""hkh_nr_id"" : ""55531"", ""vpn_id"" : 10005140, ""public_number"" : ""33150395845"", ""global_call_limiter"" : null, ""no_answer_timeout"" : 20000, ""label"" : ""0150395845"", ""possibility"" : ""SAN_LEVEL"", ""uui"" : ""SAN_LEVEL"", ""spn_mode"" : ""DEFAULT"", ""call_transfer_mode"" : ""NO_DELAYED_OFFER"", ""int_dc"" : ""B"", ""header_list"" : []}"
10005140,55536,"{""id"" : 55536, ""hkh_nr_id"" : ""55536"", ""vpn_id"" : 10005140, ""public_number"" : ""33150395836"", ""global_call_limiter"" : null, ""no_answer_timeout"" : 20000, ""label"" : ""0150395836"", ""possibility"" : ""SAN_LEVEL"", ""uui"" : ""SAN_LEVEL"", ""spn_mode"" : ""DEFAULT"", ""call_transfer_mode"" : ""NO_DELAYED_OFFER"", ""int_dc"" : ""B"", ""header_list"" : []}"
10004861,55620,"{""id"" : 55620, ""hkh_nr_id"" : ""55620"", ""vpn_id"" : 10004861, ""public_number"" : ""33321182271"", ""global_call_limiter"" : null, ""no_answer_timeout"" : 20000, ""label"" : ""03 21 18 22 71"", ""possibility"" : ""SAN_LEVEL"", ""uui"" : ""SAN_LEVEL"", ""spn_mode"" : ""DEFAULT"", ""call_transfer_mode"" : ""NO_DELAYED_OFFER"", ""int_dc"" : ""B"", ""header_list"" : []}"
10003728,55711,"{""id"" : 55711, ""hkh_nr_id"" : ""55711"", ""vpn_id"" : 10003728, ""public_number"" : ""33101000101"", ""global_call_limiter"" : 100, ""no_answer_timeout"" : 21000, ""label"" : ""01 01 00 01 01"", ""possibility"" : ""SAN_LEVEL"", ""uui"" : ""SAN_LEVEL"", ""spn_mode"" : ""DEFAULT"", ""call_transfer_mode"" : ""NO_DELAYED_OFFER"", ""int_dc"" : ""B"", ""header_list"" : []}"
10005165,56073,"{""id"" : 56073, ""hkh_nr_id"" : ""56073"", ""vpn_id"" : 10005165, ""public_number"" : ""33561303480"", ""global_call_limiter"" : 1, ""no_answer_timeout"" : 20000, ""label"" : ""05 61 30 34 80"", ""possibility"" : ""SAN_LEVEL"", ""uui"" : ""SAN_LEVEL"", ""spn_mode"" : ""DEFAULT"", ""call_transfer_mode"" : ""NO_DELAYED_OFFER"", ""int_dc"" : ""B"", ""header_list"" : []}"
10005168,56076,"{""id"" : 56076, ""hkh_nr_id"" : ""56076"", ""vpn_id"" : 10005168, ""public_number"" : ""33320468350"", ""global_call_limiter"" : 1, ""no_answer_timeout"" : 20000, ""label"" : ""03 20 46 83 50"", ""possibility"" : ""SAN_LEVEL"", ""uui"" : ""SAN_LEVEL"", ""spn_mode"" : ""DEFAULT"", ""call_transfer_mode"" : ""NO_DELAYED_OFFER"", ""int_dc"" : ""B"", ""header_list"" : []}"
10005184,56092,"{""id"" : 56092, ""hkh_nr_id"" : ""56092"", ""vpn_id"" : 10005184, ""public_number"" : ""33450731709"", ""global_call_limiter"" : 1, ""no_answer_timeout"" : 20000, ""label"" : ""04 50 73 17 09"", ""possibility"" : ""SAN_LEVEL"", ""uui"" : ""SAN_LEVEL"", ""spn_mode"" : ""DEFAULT"", ""call_transfer_mode"" : ""NO_DELAYED_OFFER"", ""int_dc"" : ""B"", ""header_list"" : []}"
10005193,56099,"{""id"" : 56099, ""hkh_nr_id"" : ""56099"", ""vpn_id"" : 10005193, ""public_number"" : ""33494999957"", ""global_call_limiter"" : 2, ""no_answer_timeout"" : 20000, ""label"" : ""04 94 99 99 57"", ""possibility"" : ""SAN_LEVEL"", ""uui"" : ""SAN_LEVEL"", ""spn_mode"" : ""DEFAULT"", ""call_transfer_mode"" : ""NO_DELAYED_OFFER"", ""int_dc"" : ""B"", ""header_list"" : []}"
10005168,56143,"{""id"" : 56143, ""hkh_nr_id"" : ""56143"", ""vpn_id"" : 10005168, ""public_number"" : ""33320593088"", ""global_call_limiter"" : 1, ""no_answer_timeout"" : 20000, ""label"" : ""03 20 59 30 88"", ""possibility"" : ""SAN_LEVEL"", ""uui"" : ""SAN_LEVEL"", ""spn_mode"" : ""DEFAULT"", ""call_transfer_mode"" : ""NO_DELAYED_OFFER"", ""int_dc"" : ""B"", ""header_list"" : []}"
10005168,56150,"{""id"" : 56150, ""hkh_nr_id"" : ""56150"", ""vpn_id"" : 10005168, ""public_number"" : ""33320734112"", ""global_call_limiter"" : 1, ""no_answer_timeout"" : 20000, ""label"" : ""03 20 73 41 12"", ""possibility"" : ""SAN_LEVEL"", ""uui"" : ""SAN_LEVEL"", ""spn_mode"" : ""DEFAULT"", ""call_transfer_mode"" : ""NO_DELAYED_OFFER"", ""int_dc"" : ""B"", ""header_list"" : []}"
10005168,56153,"{""id"" : 56153, ""hkh_nr_id"" : ""56153"", ""vpn_id"" : 10005168, ""public_number"" : ""33320817474"", ""global_call_limiter"" : 1, ""no_answer_timeout"" : 20000, ""label"" : ""03 20 81 74 74"", ""possibility"" : ""SAN_LEVEL"", ""uui"" : ""SAN_LEVEL"", ""spn_mode"" : ""DEFAULT"", ""call_transfer_mode"" : ""NO_DELAYED_OFFER"", ""int_dc"" : ""B"", ""header_list"" : []}"
10005168,56185,"{""id"" : 56185, ""hkh_nr_id"" : ""56185"", ""vpn_id"" : 10005168, ""public_number"" : ""33321613250"", ""global_call_limiter"" : 1, ""no_answer_timeout"" : 20000, ""label"" : ""03 21 61 32 50"", ""possibility"" : ""SAN_LEVEL"", ""uui"" : ""SAN_LEVEL"", ""spn_mode"" : ""DEFAULT"", ""call_transfer_mode"" : ""NO_DELAYED_OFFER"", ""int_dc"" : ""B"", ""header_list"" : []}"
10005168,56188,"{""id"" : 56188, ""hkh_nr_id"" : ""56188"", ""vpn_id"" : 10005168, ""public_number"" : ""33321903254"", ""global_call_limiter"" : 1, ""no_answer_timeout"" : 20000, ""label"" : ""03 21 90 32 54"", ""possibility"" : ""SAN_LEVEL"", ""uui"" : ""SAN_LEVEL"", ""spn_mode"" : ""DEFAULT"", ""call_transfer_mode"" : ""NO_DELAYED_OFFER"", ""int_dc"" : ""B"", ""header_list"" : []}"
10005168,56198,"{""id"" : 56198, ""hkh_nr_id"" : ""56198"", ""vpn_id"" : 10005168, ""public_number"" : ""33327463644"", ""global_call_limiter"" : 1, ""no_answer_timeout"" : 20000, ""label"" : ""03 27 46 36 44"", ""possibility"" : ""SAN_LEVEL"", ""uui"" : ""SAN_LEVEL"", ""spn_mode"" : ""DEFAULT"", ""call_transfer_mode"" : ""NO_DELAYED_OFFER"", ""int_dc"" : ""B"", ""header_list"" : []}"
10005168,56225,"{""id"" : 56225, ""hkh_nr_id"" : ""56225"", ""vpn_id"" : 10005168, ""public_number"" : ""33366211800"", ""global_call_limiter"" : 1, ""no_answer_timeout"" : 20000, ""label"" : ""03 66 21 18 00"", ""possibility"" : ""SAN_LEVEL"", ""uui"" : ""SAN_LEVEL"", ""spn_mode"" : ""DEFAULT"", ""call_transfer_mode"" : ""NO_DELAYED_OFFER"", ""int_dc"" : ""B"", ""header_list"" : []}"
10005168,56228,"{""id"" : 56228, ""hkh_nr_id"" : ""56228"", ""vpn_id"" : 10005168, ""public_number"" : ""33646401449"", ""global_call_limiter"" : 1, ""no_answer_timeout"" : 20000, ""label"" : ""06 46 40 14 49"", ""possibility"" : ""SAN_LEVEL"", ""uui"" : ""SAN_LEVEL"", ""spn_mode"" : ""DEFAULT"", ""call_transfer_mode"" : ""NO_DELAYED_OFFER"", ""int_dc"" : ""B"", ""header_list"" : []}"
10005176,56242,"{""id"" : 56242, ""hkh_nr_id"" : ""56242"", ""vpn_id"" : 10005176, ""public_number"" : ""33442521857"", ""global_call_limiter"" : 1, ""no_answer_timeout"" : 20000, ""label"" : ""04 42 52 18 57"", ""possibility"" : ""SAN_LEVEL"", ""uui"" : ""SAN_LEVEL"", ""spn_mode"" : ""DEFAULT"", ""call_transfer_mode"" : ""NO_DELAYED_OFFER"", ""int_dc"" : ""B"", ""header_list"" : []}"
10005208,56261,"{""id"" : 56261, ""hkh_nr_id"" : ""56261"", ""vpn_id"" : 10005208, ""public_number"" : ""33325832399"", ""global_call_limiter"" : 1, ""no_answer_timeout"" : 20000, ""label"" : ""03 25 83 23 99"", ""possibility"" : ""SAN_LEVEL"", ""uui"" : ""SAN_LEVEL"", ""spn_mode"" : ""DEFAULT"", ""call_transfer_mode"" : ""NO_DELAYED_OFFER"", ""int_dc"" : ""B"", ""header_list"" : []}"
10005233,56286,"{""id"" : 56286, ""hkh_nr_id"" : ""56286"", ""vpn_id"" : 10005233, ""public_number"" : ""33156637012"", ""global_call_limiter"" : null, ""no_answer_timeout"" : 20000, ""label"" : ""01 56 63 70 12"", ""possibility"" : ""SAN_LEVEL"", ""uui"" : ""SAN_LEVEL"", ""spn_mode"" : ""DEFAULT"", ""call_transfer_mode"" : ""NO_DELAYED_OFFER"", ""int_dc"" : ""B"", ""header_list"" : []}"
10005156,56316,"{""id"" : 56316, ""hkh_nr_id"" : ""56316"", ""vpn_id"" : 10005156, ""public_number"" : ""33468359854"", ""global_call_limiter"" : 100, ""no_answer_timeout"" : 20000, ""label"" : ""04 68 35 98 54"", ""possibility"" : ""SAN_LEVEL"", ""uui"" : ""SAN_LEVEL"", ""spn_mode"" : ""DEFAULT"", ""call_transfer_mode"" : ""NO_DELAYED_OFFER"", ""int_dc"" : ""B"", ""header_list"" : []}"
10005168,56425,"{""id"" : 56425, ""hkh_nr_id"" : ""56425"", ""vpn_id"" : 10005168, ""public_number"" : ""33327149000"", ""global_call_limiter"" : 100, ""no_answer_timeout"" : 20000, ""label"" : ""0327149000"", ""possibility"" : ""SAN_LEVEL"", ""uui"" : ""SAN_LEVEL"", ""spn_mode"" : ""DEFAULT"", ""call_transfer_mode"" : ""NO_DELAYED_OFFER"", ""int_dc"" : ""B"", ""header_list"" : []}"
10005140,55451,"{""id"" : 55451, ""hkh_nr_id"" : ""55451"", ""vpn_id"" : 10005140, ""public_number"" : ""33450968993"", ""global_call_limiter"" : 100, ""no_answer_timeout"" : 20000, ""label"" : ""0450968993"", ""possibility"" : ""SAN_LEVEL"", ""uui"" : ""SAN_LEVEL"", ""spn_mode"" : ""DEFAULT"", ""call_transfer_mode"" : ""NO_DELAYED_OFFER"", ""int_dc"" : ""B"", ""header_list"" : []}"
10005140,55477,"{""id"" : 55477, ""hkh_nr_id"" : ""55477"", ""vpn_id"" : 10005140, ""public_number"" : ""33150391832"", ""global_call_limiter"" : null, ""no_answer_timeout"" : 20000, ""label"" : ""0150391832"", ""possibility"" : ""SAN_LEVEL"", ""uui"" : ""SAN_LEVEL"", ""spn_mode"" : ""DEFAULT"", ""call_transfer_mode"" : ""NO_DELAYED_OFFER"", ""int_dc"" : ""B"", ""header_list"" : []}"
10005140,55493,"{""id"" : 55493, ""hkh_nr_id"" : ""55493"", ""vpn_id"" : 10005140, ""public_number"" : ""33450964100"", ""global_call_limiter"" : 4, ""no_answer_timeout"" : 20000, ""label"" : ""0450964100"", ""possibility"" : ""SAN_LEVEL"", ""uui"" : ""SAN_LEVEL"", ""spn_mode"" : ""DEFAULT"", ""call_transfer_mode"" : ""NO_DELAYED_OFFER"", ""int_dc"" : ""B"", ""header_list"" : []}"
10005140,55500,"{""id"" : 55500, ""hkh_nr_id"" : ""55500"", ""vpn_id"" : 10005140, ""public_number"" : ""33150391826"", ""global_call_limiter"" : null, ""no_answer_timeout"" : 20000, ""label"" : ""0150391826"", ""possibility"" : ""SAN_LEVEL"", ""uui"" : ""SAN_LEVEL"", ""spn_mode"" : ""DEFAULT"", ""call_transfer_mode"" : ""NO_DELAYED_OFFER"", ""int_dc"" : ""B"", ""header_list"" : []}"
10004823,55712,"{""id"" : 55712, ""hkh_nr_id"" : ""55712"", ""vpn_id"" : 10004823, ""public_number"" : ""33234595090"", ""global_call_limiter"" : 100, ""no_answer_timeout"" : 20000, ""label"" : ""NR Test MNH"", ""possibility"" : ""SAN_LEVEL"", ""uui"" : ""SAN_LEVEL"", ""spn_mode"" : ""DEFAULT"", ""call_transfer_mode"" : ""NO_DELAYED_OFFER"", ""int_dc"" : ""B"", ""header_list"" : []}"
10005166,56074,"{""id"" : 56074, ""hkh_nr_id"" : ""56074"", ""vpn_id"" : 10005166, ""public_number"" : ""33241434087"", ""global_call_limiter"" : 3, ""no_answer_timeout"" : 20000, ""label"" : ""02 41 43 40 87"", ""possibility"" : ""SAN_LEVEL"", ""uui"" : ""SAN_LEVEL"", ""spn_mode"" : ""DEFAULT"", ""call_transfer_mode"" : ""NO_DELAYED_OFFER"", ""int_dc"" : ""B"", ""header_list"" : []}"
10005205,56111,"{""id"" : 56111, ""hkh_nr_id"" : ""56111"", ""vpn_id"" : 10005205, ""public_number"" : ""33491456358"", ""global_call_limiter"" : 4, ""no_answer_timeout"" : 20000, ""label"" : ""04 91 45 63 58"", ""possibility"" : ""SAN_LEVEL"", ""uui"" : ""SAN_LEVEL"", ""spn_mode"" : ""DEFAULT"", ""call_transfer_mode"" : ""NO_DELAYED_OFFER"", ""int_dc"" : ""B"", ""header_list"" : []}"
10004861,56122,"{""id"" : 56122, ""hkh_nr_id"" : ""56122"", ""vpn_id"" : 10004861, ""public_number"" : ""33587192157"", ""global_call_limiter"" : 200, ""no_answer_timeout"" : 20000, ""label"" : ""05 87 19 21 57"", ""possibility"" : ""SAN_LEVEL"", ""uui"" : ""SAN_LEVEL"", ""spn_mode"" : ""DEFAULT"", ""call_transfer_mode"" : ""NO_DELAYED_OFFER"", ""int_dc"" : ""B"", ""header_list"" : []}"
10005168,56148,"{""id"" : 56148, ""hkh_nr_id"" : ""56148"", ""vpn_id"" : 10005168, ""public_number"" : ""33320676478"", ""global_call_limiter"" : 1, ""no_answer_timeout"" : 20000, ""label"" : ""03 20 67 64 78"", ""possibility"" : ""SAN_LEVEL"", ""uui"" : ""SAN_LEVEL"", ""spn_mode"" : ""DEFAULT"", ""call_transfer_mode"" : ""NO_DELAYED_OFFER"", ""int_dc"" : ""B"", ""header_list"" : []}"
10005168,56178,"{""id"" : 56178, ""hkh_nr_id"" : ""56178"", ""vpn_id"" : 10005168, ""public_number"" : ""33321441717"", ""global_call_limiter"" : 1, ""no_answer_timeout"" : 20000, ""label"" : ""03 21 44 17 17"", ""possibility"" : ""SAN_LEVEL"", ""uui"" : ""SAN_LEVEL"", ""spn_mode"" : ""DEFAULT"", ""call_transfer_mode"" : ""NO_DELAYED_OFFER"", ""int_dc"" : ""B"", ""header_list"" : []}"
10005168,56200,"{""id"" : 56200, ""hkh_nr_id"" : ""56200"", ""vpn_id"" : 10005168, ""public_number"" : ""33327485227"", ""global_call_limiter"" : 1, ""no_answer_timeout"" : 20000, ""label"" : ""03 27 48 52 27"", ""possibility"" : ""SAN_LEVEL"", ""uui"" : ""SAN_LEVEL"", ""spn_mode"" : ""DEFAULT"", ""call_transfer_mode"" : ""NO_DELAYED_OFFER"", ""int_dc"" : ""B"", ""header_list"" : []}"
10005168,56218,"{""id"" : 56218, ""hkh_nr_id"" : ""56218"", ""vpn_id"" : 10005168, ""public_number"" : ""33328499645"", ""global_call_limiter"" : 1, ""no_answer_timeout"" : 20000, ""label"" : ""03 28 49 96 45"", ""possibility"" : ""SAN_LEVEL"", ""uui"" : ""SAN_LEVEL"", ""spn_mode"" : ""DEFAULT"", ""call_transfer_mode"" : ""NO_DELAYED_OFFER"", ""int_dc"" : ""B"", ""header_list"" : []}"
10005156,56333,"{""id"" : 56333, ""hkh_nr_id"" : ""56333"", ""vpn_id"" : 10005156, ""public_number"" : ""33553030042"", ""global_call_limiter"" : 255, ""no_answer_timeout"" : 20000, ""label"" : ""05 53 03 00 42"", ""possibility"" : ""SAN_LEVEL"", ""uui"" : ""SAN_LEVEL"", ""spn_mode"" : ""DEFAULT"", ""call_transfer_mode"" : ""NO_DELAYED_OFFER"", ""int_dc"" : ""B"", ""header_list"" : []}"
10004640,56354,"{""id"" : 56354, ""hkh_nr_id"" : ""56354"", ""vpn_id"" : 10004640, ""public_number"" : ""33557133191"", ""global_call_limiter"" : 10, ""no_answer_timeout"" : 20000, ""label"" : ""SDA TEST DUTEXDORE"", ""possibility"" : ""TRUE"", ""uui"" : ""TRUE"", ""spn_mode"" : ""DEFAULT"", ""call_transfer_mode"" : ""NO_DELAYED_OFFER"", ""int_dc"" : ""G"", ""header_list"" : []}"
10003938,56443,"{""id"" : 56443, ""hkh_nr_id"" : ""56443"", ""vpn_id"" : 10003938, ""public_number"" : ""33478792912"", ""global_call_limiter"" : 100, ""no_answer_timeout"" : 20000, ""label"" : ""tests pour Jean Luc Barriol"", ""possibility"" : ""SAN_LEVEL"", ""uui"" : ""SAN_LEVEL"", ""spn_mode"" : ""DEFAULT"", ""call_transfer_mode"" : ""NO_DELAYED_OFFER"", ""int_dc"" : ""B"", ""header_list"" : []}"
10005227,56445,"{""id"" : 56445, ""hkh_nr_id"" : ""56445"", ""vpn_id"" : 10005227, ""public_number"" : ""33296482788"", ""global_call_limiter"" : 100, ""no_answer_timeout"" : 20000, ""label"" : ""test fixe 2 debord"", ""possibility"" : ""SAN_LEVEL"", ""uui"" : ""SAN_LEVEL"", ""spn_mode"" : ""DEFAULT"", ""call_transfer_mode"" : ""NO_DELAYED_OFFER"", ""int_dc"" : ""B"", ""header_list"" : []}"
10005304,56449,"{""id"" : 56449, ""hkh_nr_id"" : ""56449"", ""vpn_id"" : 10005304, ""public_number"" : ""33176490342"", ""global_call_limiter"" : 20, ""no_answer_timeout"" : 20000, ""label"" : ""01 76 49 03 42"", ""possibility"" : ""SAN_LEVEL"", ""uui"" : ""SAN_LEVEL"", ""spn_mode"" : ""DEFAULT"", ""call_transfer_mode"" : ""NO_DELAYED_OFFER"", ""int_dc"" : ""B"", ""header_list"" : []}"
10005304,56460,"{""id"" : 56460, ""hkh_nr_id"" : ""56460"", ""vpn_id"" : 10005304, ""public_number"" : ""33557017980"", ""global_call_limiter"" : 10, ""no_answer_timeout"" : 20000, ""label"" : ""05 57 01 79 80"", ""possibility"" : ""TRUE"", ""uui"" : ""TRUE"", ""spn_mode"" : ""DEFAULT"", ""call_transfer_mode"" : ""NO_DELAYED_OFFER"", ""int_dc"" : ""G"", ""header_list"" : []}"
10005305,56462,"{""id"" : 56462, ""hkh_nr_id"" : ""56462"", ""vpn_id"" : 10005305, ""public_number"" : ""33173053313"", ""global_call_limiter"" : 255, ""no_answer_timeout"" : 20000, ""label"" : ""01 73 05 33 13"", ""possibility"" : ""SAN_LEVEL"", ""uui"" : ""SAN_LEVEL"", ""spn_mode"" : ""DEFAULT"", ""call_transfer_mode"" : ""NO_DELAYED_OFFER"", ""int_dc"" : ""B"", ""header_list"" : []}"
10004576,56472,"{""id"" : 56472, ""hkh_nr_id"" : ""56472"", ""vpn_id"" : 10004576, ""public_number"" : ""33140694037"", ""global_call_limiter"" : 100, ""no_answer_timeout"" : 20000, ""label"" : ""33140694037 (01 40 69 40 37)"", ""possibility"" : ""SAN_LEVEL"", ""uui"" : ""SAN_LEVEL"", ""spn_mode"" : ""DEFAULT"", ""call_transfer_mode"" : ""NO_DELAYED_OFFER"", ""int_dc"" : ""B"", ""header_list"" : []}"
10005168,56477,"{""id"" : 56477, ""hkh_nr_id"" : ""56477"", ""vpn_id"" : 10005168, ""public_number"" : ""33321279261"", ""global_call_limiter"" : 100, ""no_answer_timeout"" : 20000, ""label"" : ""CLEUET 0321279261"", ""possibility"" : ""SAN_LEVEL"", ""uui"" : ""SAN_LEVEL"", ""spn_mode"" : ""DEFAULT"", ""call_transfer_mode"" : ""NO_DELAYED_OFFER"", ""int_dc"" : ""B"", ""header_list"" : []}"
10005168,56478,"{""id"" : 56478, ""hkh_nr_id"" : ""56478"", ""vpn_id"" : 10005168, ""public_number"" : ""33321279214"", ""global_call_limiter"" : 100, ""no_answer_timeout"" : 20000, ""label"" : ""0321279214"", ""possibility"" : ""SAN_LEVEL"", ""uui"" : ""SAN_LEVEL"", ""spn_mode"" : ""DEFAULT"", ""call_transfer_mode"" : ""NO_DELAYED_OFFER"", ""int_dc"" : ""B"", ""header_list"" : []}"
10005140,55452,"{""id"" : 55452, ""hkh_nr_id"" : ""55452"", ""vpn_id"" : 10005140, ""public_number"" : ""33150477975"", ""global_call_limiter"" : null, ""no_answer_timeout"" : 20000, ""label"" : ""0150477975"", ""possibility"" : ""SAN_LEVEL"", ""uui"" : ""SAN_LEVEL"", ""spn_mode"" : ""DEFAULT"", ""call_transfer_mode"" : ""NO_DELAYED_OFFER"", ""int_dc"" : ""B"", ""header_list"" : []}"
10005140,55459,"{""id"" : 55459, ""hkh_nr_id"" : ""55459"", ""vpn_id"" : 10005140, ""public_number"" : ""33450183510"", ""global_call_limiter"" : 100, ""no_answer_timeout"" : 20000, ""label"" : ""0450183510"", ""possibility"" : ""SAN_LEVEL"", ""uui"" : ""SAN_LEVEL"", ""spn_mode"" : ""DEFAULT"", ""call_transfer_mode"" : ""NO_DELAYED_OFFER"", ""int_dc"" : ""B"", ""header_list"" : []}"
10005140,55519,"{""id"" : 55519, ""hkh_nr_id"" : ""55519"", ""vpn_id"" : 10005140, ""public_number"" : ""33450183523"", ""global_call_limiter"" : 1, ""no_answer_timeout"" : 20000, ""label"" : ""0450183523"", ""possibility"" : ""SAN_LEVEL"", ""uui"" : ""SAN_LEVEL"", ""spn_mode"" : ""DEFAULT"", ""call_transfer_mode"" : ""NO_DELAYED_OFFER"", ""int_dc"" : ""B"", ""header_list"" : []}"
10005139,55538,"{""id"" : 55538, ""hkh_nr_id"" : ""55538"", ""vpn_id"" : 10005139, ""public_number"" : ""33359355498"", ""global_call_limiter"" : 100, ""no_answer_timeout"" : 20000, ""label"" : ""03 59 35 54 98"", ""possibility"" : ""SAN_LEVEL"", ""uui"" : ""SAN_LEVEL"", ""spn_mode"" : ""DEFAULT"", ""call_transfer_mode"" : ""NO_DELAYED_OFFER"", ""int_dc"" : ""B"", ""header_list"" : []}"
10005167,56075,"{""id"" : 56075, ""hkh_nr_id"" : ""56075"", ""vpn_id"" : 10005167, ""public_number"" : ""33468525253"", ""global_call_limiter"" : 2, ""no_answer_timeout"" : 20000, ""label"" : ""04 68 52 52 53"", ""possibility"" : ""SAN_LEVEL"", ""uui"" : ""SAN_LEVEL"", ""spn_mode"" : ""DEFAULT"", ""call_transfer_mode"" : ""NO_DELAYED_OFFER"", ""int_dc"" : ""B"", ""header_list"" : []}"
10005207,56113,"{""id"" : 56113, ""hkh_nr_id"" : ""56113"", ""vpn_id"" : 10005207, ""public_number"" : ""33156581074"", ""global_call_limiter"" : 2, ""no_answer_timeout"" : 20000, ""label"" : ""01 56 58 10 74"", ""possibility"" : ""SAN_LEVEL"", ""uui"" : ""SAN_LEVEL"", ""spn_mode"" : ""DEFAULT"", ""call_transfer_mode"" : ""NO_DELAYED_OFFER"", ""int_dc"" : ""B"", ""header_list"" : []}"
10005166,56130,"{""id"" : 56130, ""hkh_nr_id"" : ""56130"", ""vpn_id"" : 10005166, ""public_number"" : ""33241436263"", ""global_call_limiter"" : 3, ""no_answer_timeout"" : 20000, ""label"" : ""02 41 43 62 63"", ""possibility"" : ""SAN_LEVEL"", ""uui"" : ""SAN_LEVEL"", ""spn_mode"" : ""DEFAULT"", ""call_transfer_mode"" : ""NO_DELAYED_OFFER"", ""int_dc"" : ""B"", ""header_list"" : []}"
10005168,56144,"{""id"" : 56144, ""hkh_nr_id"" : ""56144"", ""vpn_id"" : 10005168, ""public_number"" : ""33320616303"", ""global_call_limiter"" : 1, ""no_answer_timeout"" : 20000, ""label"" : ""03 20 61 63 03"", ""possibility"" : ""SAN_LEVEL"", ""uui"" : ""SAN_LEVEL"", ""spn_mode"" : ""DEFAULT"", ""call_transfer_mode"" : ""NO_DELAYED_OFFER"", ""int_dc"" : ""B"", ""header_list"" : []}"
10005168,56146,"{""id"" : 56146, ""hkh_nr_id"" : ""56146"", ""vpn_id"" : 10005168, ""public_number"" : ""33320646340"", ""global_call_limiter"" : 1, ""no_answer_timeout"" : 20000, ""label"" : ""03 20 64 63 40"", ""possibility"" : ""SAN_LEVEL"", ""uui"" : ""SAN_LEVEL"", ""spn_mode"" : ""DEFAULT"", ""call_transfer_mode"" : ""NO_DELAYED_OFFER"", ""int_dc"" : ""B"", ""header_list"" : []}"
10005168,56165,"{""id"" : 56165, ""hkh_nr_id"" : ""56165"", ""vpn_id"" : 10005168, ""public_number"" : ""33321123335"", ""global_call_limiter"" : 1, ""no_answer_timeout"" : 20000, ""label"" : ""03 21 12 33 35"", ""possibility"" : ""SAN_LEVEL"", ""uui"" : ""SAN_LEVEL"", ""spn_mode"" : ""DEFAULT"", ""call_transfer_mode"" : ""NO_DELAYED_OFFER"", ""int_dc"" : ""B"", ""header_list"" : []}"
10005168,56179,"{""id"" : 56179, ""hkh_nr_id"" : ""56179"", ""vpn_id"" : 10005168, ""public_number"" : ""33321460360"", ""global_call_limiter"" : 1, ""no_answer_timeout"" : 20000, ""label"" : ""03 21 46 03 60"", ""possibility"" : ""SAN_LEVEL"", ""uui"" : ""SAN_LEVEL"", ""spn_mode"" : ""DEFAULT"", ""call_transfer_mode"" : ""NO_DELAYED_OFFER"", ""int_dc"" : ""B"", ""header_list"" : []}"
10005168,56202,"{""id"" : 56202, ""hkh_nr_id"" : ""56202"", ""vpn_id"" : 10005168, ""public_number"" : ""33327617525"", ""global_call_limiter"" : 1, ""no_answer_timeout"" : 20000, ""label"" : ""03 27 61 75 25"", ""possibility"" : ""SAN_LEVEL"", ""uui"" : ""SAN_LEVEL"", ""spn_mode"" : ""DEFAULT"", ""call_transfer_mode"" : ""NO_DELAYED_OFFER"", ""int_dc"" : ""B"", ""header_list"" : []}"
10005168,56204,"{""id"" : 56204, ""hkh_nr_id"" : ""56204"", ""vpn_id"" : 10005168, ""public_number"" : ""33327716804"", ""global_call_limiter"" : 1, ""no_answer_timeout"" : 20000, ""label"" : ""03 27 71 68 04"", ""possibility"" : ""SAN_LEVEL"", ""uui"" : ""SAN_LEVEL"", ""spn_mode"" : ""DEFAULT"", ""call_transfer_mode"" : ""NO_DELAYED_OFFER"", ""int_dc"" : ""B"", ""header_list"" : []}"
10005168,56219,"{""id"" : 56219, ""hkh_nr_id"" : ""56219"", ""vpn_id"" : 10005168, ""public_number"" : ""33328518210"", ""global_call_limiter"" : 1, ""no_answer_timeout"" : 20000, ""label"" : ""03 28 51 82 10"", ""possibility"" : ""SAN_LEVEL"", ""uui"" : ""SAN_LEVEL"", ""spn_mode"" : ""DEFAULT"", ""call_transfer_mode"" : ""NO_DELAYED_OFFER"", ""int_dc"" : ""B"", ""header_list"" : []}"
10005193,56249,"{""id"" : 56249, ""hkh_nr_id"" : ""56249"", ""vpn_id"" : 10005193, ""public_number"" : ""33494994486"", ""global_call_limiter"" : 1, ""no_answer_timeout"" : 20000, ""label"" : ""04 94 99 44 86"", ""possibility"" : ""SAN_LEVEL"", ""uui"" : ""SAN_LEVEL"", ""spn_mode"" : ""DEFAULT"", ""call_transfer_mode"" : ""NO_DELAYED_OFFER"", ""int_dc"" : ""B"", ""header_list"" : []}"
10005168,56366,"{""id"" : 56366, ""hkh_nr_id"" : ""56366"", ""vpn_id"" : 10005168, ""public_number"" : ""33327420045"", ""global_call_limiter"" : 100, ""no_answer_timeout"" : 20000, ""label"" : ""POYER"", ""possibility"" : ""SAN_LEVEL"", ""uui"" : ""SAN_LEVEL"", ""spn_mode"" : ""DEFAULT"", ""call_transfer_mode"" : ""NO_DELAYED_OFFER"", ""int_dc"" : ""B"", ""header_list"" : []}"
10005286,56403,"{""id"" : 56403, ""hkh_nr_id"" : ""56403"", ""vpn_id"" : 10005286, ""public_number"" : ""33359560531"", ""global_call_limiter"" : 50, ""no_answer_timeout"" : 20000, ""label"" : ""03 59 56 05 31"", ""possibility"" : ""SAN_LEVEL"", ""uui"" : ""SAN_LEVEL"", ""spn_mode"" : ""DEFAULT"", ""call_transfer_mode"" : ""NO_DELAYED_OFFER"", ""int_dc"" : ""B"", ""header_list"" : []}"
10005286,56414,"{""id"" : 56414, ""hkh_nr_id"" : ""56414"", ""vpn_id"" : 10005286, ""public_number"" : ""33359560534"", ""global_call_limiter"" : 50, ""no_answer_timeout"" : 20000, ""label"" : ""03 59 56 05 34"", ""possibility"" : ""SAN_LEVEL"", ""uui"" : ""SAN_LEVEL"", ""spn_mode"" : ""DEFAULT"", ""call_transfer_mode"" : ""NO_DELAYED_OFFER"", ""int_dc"" : ""B"", ""header_list"" : []}"
10004865,55709,"{""id"" : 55709, ""hkh_nr_id"" : ""55709"", ""vpn_id"" : 10004865, ""public_number"" : ""33144496600"", ""global_call_limiter"" : 100, ""no_answer_timeout"" : 20000, ""label"" : ""Callbot SVI"", ""possibility"" : ""SAN_LEVEL"", ""uui"" : ""SAN_LEVEL"", ""spn_mode"" : ""DEFAULT"", ""call_transfer_mode"" : ""NO_DELAYED_OFFER"", ""int_dc"" : ""B"", ""header_list"" : []}"
10005227,56444,"{""id"" : 56444, ""hkh_nr_id"" : ""56444"", ""vpn_id"" : 10005227, ""public_number"" : ""33637552518"", ""global_call_limiter"" : 100, ""no_answer_timeout"" : 20000, ""label"" : ""mob Yoann"", ""possibility"" : ""SAN_LEVEL"", ""uui"" : ""SAN_LEVEL"", ""spn_mode"" : ""DEFAULT"", ""call_transfer_mode"" : ""NO_DELAYED_OFFER"", ""int_dc"" : ""B"", ""header_list"" : []}"
10005304,56452,"{""id"" : 56452, ""hkh_nr_id"" : ""56452"", ""vpn_id"" : 10005304, ""public_number"" : ""33478620363"", ""global_call_limiter"" : 512, ""no_answer_timeout"" : 30000, ""label"" : ""04 78 62 03 63"", ""possibility"" : ""SAN_LEVEL"", ""uui"" : ""SAN_LEVEL"", ""spn_mode"" : ""DEFAULT"", ""call_transfer_mode"" : ""NO_DELAYED_OFFER"", ""int_dc"" : ""B"", ""header_list"" : []}"
10005304,56458,"{""id"" : 56458, ""hkh_nr_id"" : ""56458"", ""vpn_id"" : 10005304, ""public_number"" : ""33320056890"", ""global_call_limiter"" : 512, ""no_answer_timeout"" : 20000, ""label"" : ""03 20 05 68 90"", ""possibility"" : ""SAN_LEVEL"", ""uui"" : ""SAN_LEVEL"", ""spn_mode"" : ""DEFAULT"", ""call_transfer_mode"" : ""NO_DELAYED_OFFER"", ""int_dc"" : ""B"", ""header_list"" : []}"
10005140,55450,"{""id"" : 55450, ""hkh_nr_id"" : ""55450"", ""vpn_id"" : 10005140, ""public_number"" : ""33150391841"", ""global_call_limiter"" : null, ""no_answer_timeout"" : 20000, ""label"" : ""0150391841"", ""possibility"" : ""SAN_LEVEL"", ""uui"" : ""SAN_LEVEL"", ""spn_mode"" : ""DEFAULT"", ""call_transfer_mode"" : ""NO_DELAYED_OFFER"", ""int_dc"" : ""B"", ""header_list"" : []}"
10005140,55511,"{""id"" : 55511, ""hkh_nr_id"" : ""55511"", ""vpn_id"" : 10005140, ""public_number"" : ""33140801030"", ""global_call_limiter"" : 30, ""no_answer_timeout"" : 20000, ""label"" : ""0140801030"", ""possibility"" : ""SAN_LEVEL"", ""uui"" : ""SAN_LEVEL"", ""spn_mode"" : ""DEFAULT"", ""call_transfer_mode"" : ""NO_DELAYED_OFFER"", ""int_dc"" : ""B"", ""header_list"" : []}"
10005140,55560,"{""id"" : 55560, ""hkh_nr_id"" : ""55560"", ""vpn_id"" : 10005140, ""public_number"" : ""33556293718"", ""global_call_limiter"" : 30, ""no_answer_timeout"" : 20000, ""label"" : ""0556293718"", ""possibility"" : ""TRUE"", ""uui"" : ""TRUE"", ""spn_mode"" : ""DEFAULT"", ""call_transfer_mode"" : ""NO_DELAYED_OFFER"", ""int_dc"" : ""G"", ""header_list"" : []}"
10005172,56080,"{""id"" : 56080, ""hkh_nr_id"" : ""56080"", ""vpn_id"" : 10005172, ""public_number"" : ""33680665389"", ""global_call_limiter"" : 1, ""no_answer_timeout"" : 20000, ""label"" : ""06 80 66 53 89"", ""possibility"" : ""SAN_LEVEL"", ""uui"" : ""SAN_LEVEL"", ""spn_mode"" : ""DEFAULT"", ""call_transfer_mode"" : ""NO_DELAYED_OFFER"", ""int_dc"" : ""B"", ""header_list"" : []}"
10005175,56083,"{""id"" : 56083, ""hkh_nr_id"" : ""56083"", ""vpn_id"" : 10005175, ""public_number"" : ""33563316328"", ""global_call_limiter"" : 1, ""no_answer_timeout"" : 20000, ""label"" : ""05 63 31 63 28"", ""possibility"" : ""SAN_LEVEL"", ""uui"" : ""SAN_LEVEL"", ""spn_mode"" : ""DEFAULT"", ""call_transfer_mode"" : ""NO_DELAYED_OFFER"", ""int_dc"" : ""B"", ""header_list"" : []}"
10005187,56094,"{""id"" : 56094, ""hkh_nr_id"" : ""56094"", ""vpn_id"" : 10005187, ""public_number"" : ""33161044175"", ""global_call_limiter"" : 2, ""no_answer_timeout"" : 20000, ""label"" : ""01 61 04 41 75"", ""possibility"" : ""SAN_LEVEL"", ""uui"" : ""SAN_LEVEL"", ""spn_mode"" : ""DEFAULT"", ""call_transfer_mode"" : ""NO_DELAYED_OFFER"", ""int_dc"" : ""B"", ""header_list"" : []}"
10005196,56103,"{""id"" : 56103, ""hkh_nr_id"" : ""56103"", ""vpn_id"" : 10005196, ""public_number"" : ""33556965041"", ""global_call_limiter"" : 2, ""no_answer_timeout"" : 20000, ""label"" : ""05 56 96 50 41"", ""possibility"" : ""SAN_LEVEL"", ""uui"" : ""SAN_LEVEL"", ""spn_mode"" : ""DEFAULT"", ""call_transfer_mode"" : ""NO_DELAYED_OFFER"", ""int_dc"" : ""B"", ""header_list"" : []}"
10005168,56135,"{""id"" : 56135, ""hkh_nr_id"" : ""56135"", ""vpn_id"" : 10005168, ""public_number"" : ""33320135353"", ""global_call_limiter"" : 1, ""no_answer_timeout"" : 20000, ""label"" : ""03 20 13 53 53"", ""possibility"" : ""SAN_LEVEL"", ""uui"" : ""SAN_LEVEL"", ""spn_mode"" : ""DEFAULT"", ""call_transfer_mode"" : ""NO_DELAYED_OFFER"", ""int_dc"" : ""B"", ""header_list"" : []}"
10005168,56139,"{""id"" : 56139, ""hkh_nr_id"" : ""56139"", ""vpn_id"" : 10005168, ""public_number"" : ""33320540124"", ""global_call_limiter"" : 1, ""no_answer_timeout"" : 20000, ""label"" : ""03 20 54 01 24"", ""possibility"" : ""SAN_LEVEL"", ""uui"" : ""SAN_LEVEL"", ""spn_mode"" : ""DEFAULT"", ""call_transfer_mode"" : ""NO_DELAYED_OFFER"", ""int_dc"" : ""B"", ""header_list"" : []}"
10005168,56149,"{""id"" : 56149, ""hkh_nr_id"" : ""56149"", ""vpn_id"" : 10005168, ""public_number"" : ""33320678678"", ""global_call_limiter"" : 1, ""no_answer_timeout"" : 20000, ""label"" : ""03 20 67 86 78"", ""possibility"" : ""SAN_LEVEL"", ""uui"" : ""SAN_LEVEL"", ""spn_mode"" : ""DEFAULT"", ""call_transfer_mode"" : ""NO_DELAYED_OFFER"", ""int_dc"" : ""B"", ""header_list"" : []}"
10005168,56154,"{""id"" : 56154, ""hkh_nr_id"" : ""56154"", ""vpn_id"" : 10005168, ""public_number"" : ""33320832002"", ""global_call_limiter"" : 1, ""no_answer_timeout"" : 20000, ""label"" : ""03 20 83 20 02"", ""possibility"" : ""SAN_LEVEL"", ""uui"" : ""SAN_LEVEL"", ""spn_mode"" : ""DEFAULT"", ""call_transfer_mode"" : ""NO_DELAYED_OFFER"", ""int_dc"" : ""B"", ""header_list"" : []}"
10005168,56162,"{""id"" : 56162, ""hkh_nr_id"" : ""56162"", ""vpn_id"" : 10005168, ""public_number"" : ""33321089094"", ""global_call_limiter"" : 1, ""no_answer_timeout"" : 20000, ""label"" : ""03 21 08 90 94"", ""possibility"" : ""SAN_LEVEL"", ""uui"" : ""SAN_LEVEL"", ""spn_mode"" : ""DEFAULT"", ""call_transfer_mode"" : ""NO_DELAYED_OFFER"", ""int_dc"" : ""B"", ""header_list"" : []}"
10005168,56164,"{""id"" : 56164, ""hkh_nr_id"" : ""56164"", ""vpn_id"" : 10005168, ""public_number"" : ""33321104054"", ""global_call_limiter"" : 1, ""no_answer_timeout"" : 20000, ""label"" : ""03 21 10 40 54"", ""possibility"" : ""SAN_LEVEL"", ""uui"" : ""SAN_LEVEL"", ""spn_mode"" : ""DEFAULT"", ""call_transfer_mode"" : ""NO_DELAYED_OFFER"", ""int_dc"" : ""B"", ""header_list"" : []}"
10005168,56183,"{""id"" : 56183, ""hkh_nr_id"" : ""56183"", ""vpn_id"" : 10005168, ""public_number"" : ""33321527353"", ""global_call_limiter"" : 1, ""no_answer_timeout"" : 20000, ""label"" : ""03 21 52 73 53"", ""possibility"" : ""SAN_LEVEL"", ""uui"" : ""SAN_LEVEL"", ""spn_mode"" : ""DEFAULT"", ""call_transfer_mode"" : ""NO_DELAYED_OFFER"", ""int_dc"" : ""B"", ""header_list"" : []}"
10005168,56189,"{""id"" : 56189, ""hkh_nr_id"" : ""56189"", ""vpn_id"" : 10005168, ""public_number"" : ""33321905254"", ""global_call_limiter"" : 1, ""no_answer_timeout"" : 20000, ""label"" : ""03 21 90 52 54"", ""possibility"" : ""SAN_LEVEL"", ""uui"" : ""SAN_LEVEL"", ""spn_mode"" : ""DEFAULT"", ""call_transfer_mode"" : ""NO_DELAYED_OFFER"", ""int_dc"" : ""B"", ""header_list"" : []}"
10005168,56197,"{""id"" : 56197, ""hkh_nr_id"" : ""56197"", ""vpn_id"" : 10005168, ""public_number"" : ""33327357255"", ""global_call_limiter"" : 1, ""no_answer_timeout"" : 20000, ""label"" : ""03 27 35 72 55"", ""possibility"" : ""SAN_LEVEL"", ""uui"" : ""SAN_LEVEL"", ""spn_mode"" : ""DEFAULT"", ""call_transfer_mode"" : ""NO_DELAYED_OFFER"", ""int_dc"" : ""B"", ""header_list"" : []}"
10005168,56203,"{""id"" : 56203, ""hkh_nr_id"" : ""56203"", ""vpn_id"" : 10005168, ""public_number"" : ""33327692769"", ""global_call_limiter"" : 1, ""no_answer_timeout"" : 20000, ""label"" : ""03 27 69 27 69"", ""possibility"" : ""SAN_LEVEL"", ""uui"" : ""SAN_LEVEL"", ""spn_mode"" : ""DEFAULT"", ""call_transfer_mode"" : ""NO_DELAYED_OFFER"", ""int_dc"" : ""B"", ""header_list"" : []}"
10005168,56223,"{""id"" : 56223, ""hkh_nr_id"" : ""56223"", ""vpn_id"" : 10005168, ""public_number"" : ""33328666511"", ""global_call_limiter"" : 1, ""no_answer_timeout"" : 20000, ""label"" : ""03 28 66 65 11"", ""possibility"" : ""SAN_LEVEL"", ""uui"" : ""SAN_LEVEL"", ""spn_mode"" : ""DEFAULT"", ""call_transfer_mode"" : ""NO_DELAYED_OFFER"", ""int_dc"" : ""B"", ""header_list"" : []}"
10005176,56241,"{""id"" : 56241, ""hkh_nr_id"" : ""56241"", ""vpn_id"" : 10005176, ""public_number"" : ""33442150946"", ""global_call_limiter"" : 1, ""no_answer_timeout"" : 20000, ""label"" : ""04 42 15 09 46"", ""possibility"" : ""SAN_LEVEL"", ""uui"" : ""SAN_LEVEL"", ""spn_mode"" : ""DEFAULT"", ""call_transfer_mode"" : ""NO_DELAYED_OFFER"", ""int_dc"" : ""B"", ""header_list"" : []}"
10005193,56250,"{""id"" : 56250, ""hkh_nr_id"" : ""56250"", ""vpn_id"" : 10005193, ""public_number"" : ""33494999920"", ""global_call_limiter"" : 2, ""no_answer_timeout"" : 20000, ""label"" : ""04 94 99 99 20"", ""possibility"" : ""SAN_LEVEL"", ""uui"" : ""SAN_LEVEL"", ""spn_mode"" : ""DEFAULT"", ""call_transfer_mode"" : ""NO_DELAYED_OFFER"", ""int_dc"" : ""B"", ""header_list"" : []}"
10004865,56263,"{""id"" : 56263, ""hkh_nr_id"" : ""56263"", ""vpn_id"" : 10004865, ""public_number"" : ""33134329116"", ""global_call_limiter"" : 100, ""no_answer_timeout"" : 20000, ""label"" : ""Newton"", ""possibility"" : ""SAN_LEVEL"", ""uui"" : ""SAN_LEVEL"", ""spn_mode"" : ""DEFAULT"", ""call_transfer_mode"" : ""NO_DELAYED_OFFER"", ""int_dc"" : ""B"", ""header_list"" : []}"
10005156,56266,"{""id"" : 56266, ""hkh_nr_id"" : ""56266"", ""vpn_id"" : 10005156, ""public_number"" : ""33468359735"", ""global_call_limiter"" : 100, ""no_answer_timeout"" : 20000, ""label"" : ""04 68 35 97 35"", ""possibility"" : ""SAN_LEVEL"", ""uui"" : ""SAN_LEVEL"", ""spn_mode"" : ""DEFAULT"", ""call_transfer_mode"" : ""NO_DELAYED_OFFER"", ""int_dc"" : ""B"", ""header_list"" : []}"
10005140,55457,"{""id"" : 55457, ""hkh_nr_id"" : ""55457"", ""vpn_id"" : 10005140, ""public_number"" : ""33450967552"", ""global_call_limiter"" : 0, ""no_answer_timeout"" : 20000, ""label"" : ""0450967552"", ""possibility"" : ""SAN_LEVEL"", ""uui"" : ""SAN_LEVEL"", ""spn_mode"" : ""DEFAULT"", ""call_transfer_mode"" : ""NO_DELAYED_OFFER"", ""int_dc"" : ""B"", ""header_list"" : []}"
10005140,55535,"{""id"" : 55535, ""hkh_nr_id"" : ""55535"", ""vpn_id"" : 10005140, ""public_number"" : ""33150395840"", ""global_call_limiter"" : null, ""no_answer_timeout"" : 20000, ""label"" : ""0150395840"", ""possibility"" : ""SAN_LEVEL"", ""uui"" : ""SAN_LEVEL"", ""spn_mode"" : ""DEFAULT"", ""call_transfer_mode"" : ""NO_DELAYED_OFFER"", ""int_dc"" : ""B"", ""header_list"" : []}"
10005168,56145,"{""id"" : 56145, ""hkh_nr_id"" : ""56145"", ""vpn_id"" : 10005168, ""public_number"" : ""33320630984"", ""global_call_limiter"" : 1, ""no_answer_timeout"" : 20000, ""label"" : ""03 20 63 09 84"", ""possibility"" : ""SAN_LEVEL"", ""uui"" : ""SAN_LEVEL"", ""spn_mode"" : ""DEFAULT"", ""call_transfer_mode"" : ""NO_DELAYED_OFFER"", ""int_dc"" : ""B"", ""header_list"" : []}"
10005168,56201,"{""id"" : 56201, ""hkh_nr_id"" : ""56201"", ""vpn_id"" : 10005168, ""public_number"" : ""33327600663"", ""global_call_limiter"" : 1, ""no_answer_timeout"" : 20000, ""label"" : ""03 27 60 06 63"", ""possibility"" : ""SAN_LEVEL"", ""uui"" : ""SAN_LEVEL"", ""spn_mode"" : ""DEFAULT"", ""call_transfer_mode"" : ""NO_DELAYED_OFFER"", ""int_dc"" : ""B"", ""header_list"" : []}"
10005168,56205,"{""id"" : 56205, ""hkh_nr_id"" : ""56205"", ""vpn_id"" : 10005168, ""public_number"" : ""33327765470"", ""global_call_limiter"" : 1, ""no_answer_timeout"" : 20000, ""label"" : ""03 27 76 54 70"", ""possibility"" : ""SAN_LEVEL"", ""uui"" : ""SAN_LEVEL"", ""spn_mode"" : ""DEFAULT"", ""call_transfer_mode"" : ""NO_DELAYED_OFFER"", ""int_dc"" : ""B"", ""header_list"" : []}"
10005168,56268,"{""id"" : 56268, ""hkh_nr_id"" : ""56268"", ""vpn_id"" : 10005168, ""public_number"" : ""33328424250"", ""global_call_limiter"" : 1, ""no_answer_timeout"" : 20000, ""label"" : ""0328424250"", ""possibility"" : ""SAN_LEVEL"", ""uui"" : ""SAN_LEVEL"", ""spn_mode"" : ""DEFAULT"", ""call_transfer_mode"" : ""NO_DELAYED_OFFER"", ""int_dc"" : ""B"", ""header_list"" : []}"
10005237,56327,"{""id"" : 56327, ""hkh_nr_id"" : ""56327"", ""vpn_id"" : 10005237, ""public_number"" : ""33787939864"", ""global_call_limiter"" : 2, ""no_answer_timeout"" : 20000, ""label"" : ""0787939864"", ""possibility"" : ""SAN_LEVEL"", ""uui"" : ""SAN_LEVEL"", ""spn_mode"" : ""DEFAULT"", ""call_transfer_mode"" : ""NO_DELAYED_OFFER"", ""int_dc"" : ""B"", ""header_list"" : []}"
10005250,56338,"{""id"" : 56338, ""hkh_nr_id"" : ""56338"", ""vpn_id"" : 10005250, ""public_number"" : ""33413911330"", ""global_call_limiter"" : 100, ""no_answer_timeout"" : 20000, ""label"" : ""04 13 91 13 30"", ""possibility"" : ""SAN_LEVEL"", ""uui"" : ""SAN_LEVEL"", ""spn_mode"" : ""DEFAULT"", ""call_transfer_mode"" : ""NO_DELAYED_OFFER"", ""int_dc"" : ""B"", ""header_list"" : []}"
10005140,56357,"{""id"" : 56357, ""hkh_nr_id"" : ""56357"", ""vpn_id"" : 10005140, ""public_number"" : ""33556296878"", ""global_call_limiter"" : 10, ""no_answer_timeout"" : 20000, ""label"" : ""Migration MV Diffu vers GV"", ""possibility"" : ""TRUE"", ""uui"" : ""TRUE"", ""spn_mode"" : ""DEFAULT"", ""call_transfer_mode"" : ""NO_DELAYED_OFFER"", ""int_dc"" : ""G"", ""header_list"" : []}"
10005139,56352,"{""id"" : 56352, ""hkh_nr_id"" : ""56352"", ""vpn_id"" : 10005139, ""public_number"" : ""33321219321"", ""global_call_limiter"" : 100, ""no_answer_timeout"" : 20000, ""label"" : ""03 21 21 93 21"", ""possibility"" : ""SAN_LEVEL"", ""uui"" : ""SAN_LEVEL"", ""spn_mode"" : ""DEFAULT"", ""call_transfer_mode"" : ""NO_DELAYED_OFFER"", ""int_dc"" : ""B"", ""header_list"" : []}"
10005293,56411,"{""id"" : 56411, ""hkh_nr_id"" : ""56411"", ""vpn_id"" : 10005293, ""public_number"" : ""33169361572"", ""global_call_limiter"" : 100, ""no_answer_timeout"" : 20000, ""label"" : ""01 69 36 15 72"", ""possibility"" : ""SAN_LEVEL"", ""uui"" : ""SAN_LEVEL"", ""spn_mode"" : ""DEFAULT"", ""call_transfer_mode"" : ""NO_DELAYED_OFFER"", ""int_dc"" : ""B"", ""header_list"" : []}"
10005286,56387,"{""id"" : 56387, ""hkh_nr_id"" : ""56387"", ""vpn_id"" : 10005286, ""public_number"" : ""33359560532"", ""global_call_limiter"" : 50, ""no_answer_timeout"" : 20000, ""label"" : ""03 59 56 05 32"", ""possibility"" : ""SAN_LEVEL"", ""uui"" : ""SAN_LEVEL"", ""spn_mode"" : ""DEFAULT"", ""call_transfer_mode"" : ""NO_DELAYED_OFFER"", ""int_dc"" : ""B"", ""header_list"" : []}"
10005264,56412,"{""id"" : 56412, ""hkh_nr_id"" : ""56412"", ""vpn_id"" : 10005264, ""public_number"" : ""33156665636"", ""global_call_limiter"" : 2, ""no_answer_timeout"" : 20000, ""label"" : ""RSC"", ""possibility"" : ""SAN_LEVEL"", ""uui"" : ""SAN_LEVEL"", ""spn_mode"" : ""DEFAULT"", ""call_transfer_mode"" : ""NO_DELAYED_OFFER"", ""int_dc"" : ""B"", ""header_list"" : []}"
10005286,56413,"{""id"" : 56413, ""hkh_nr_id"" : ""56413"", ""vpn_id"" : 10005286, ""public_number"" : ""33359560533"", ""global_call_limiter"" : 50, ""no_answer_timeout"" : 20000, ""label"" : ""03 59 56 05 33"", ""possibility"" : ""SAN_LEVEL"", ""uui"" : ""SAN_LEVEL"", ""spn_mode"" : ""DEFAULT"", ""call_transfer_mode"" : ""NO_DELAYED_OFFER"", ""int_dc"" : ""B"", ""header_list"" : []}"
10005100,56423,"{""id"" : 56423, ""hkh_nr_id"" : ""56423"", ""vpn_id"" : 10005100, ""public_number"" : ""33557133190"", ""global_call_limiter"" : 10, ""no_answer_timeout"" : 20000, ""label"" : ""05 57 13 31 90"", ""possibility"" : ""TRUE"", ""uui"" : ""TRUE"", ""spn_mode"" : ""DEFAULT"", ""call_transfer_mode"" : ""NO_DELAYED_OFFER"", ""int_dc"" : ""G"", ""header_list"" : []}"
10005304,56455,"{""id"" : 56455, ""hkh_nr_id"" : ""56455"", ""vpn_id"" : 10005304, ""public_number"" : ""33176490344"", ""global_call_limiter"" : 20, ""no_answer_timeout"" : 20000, ""label"" : ""01 76 49 03 44"", ""possibility"" : ""SAN_LEVEL"", ""uui"" : ""SAN_LEVEL"", ""spn_mode"" : ""DEFAULT"", ""call_transfer_mode"" : ""NO_DELAYED_OFFER"", ""int_dc"" : ""B"", ""header_list"" : []}"
10005304,56457,"{""id"" : 56457, ""hkh_nr_id"" : ""56457"", ""vpn_id"" : 10005304, ""public_number"" : ""33320056891"", ""global_call_limiter"" : null, ""no_answer_timeout"" : 20000, ""label"" : ""03 20 05 68 91"", ""possibility"" : ""SAN_LEVEL"", ""uui"" : ""SAN_LEVEL"", ""spn_mode"" : ""DEFAULT"", ""call_transfer_mode"" : ""NO_DELAYED_OFFER"", ""int_dc"" : ""B"", ""header_list"" : []}"
10005305,56464,"{""id"" : 56464, ""hkh_nr_id"" : ""56464"", ""vpn_id"" : 10005305, ""public_number"" : ""33155907655"", ""global_call_limiter"" : 255, ""no_answer_timeout"" : 20000, ""label"" : ""01 55 90 76 55"", ""possibility"" : ""SAN_LEVEL"", ""uui"" : ""SAN_LEVEL"", ""spn_mode"" : ""DEFAULT"", ""call_transfer_mode"" : ""NO_DELAYED_OFFER"", ""int_dc"" : ""B"", ""header_list"" : []}"
10005100,56465,"{""id"" : 56465, ""hkh_nr_id"" : ""56465"", ""vpn_id"" : 10005100, ""public_number"" : ""33557133169"", ""global_call_limiter"" : 10, ""no_answer_timeout"" : 20000, ""label"" : ""05 57 13 31 69"", ""possibility"" : ""TRUE"", ""uui"" : ""TRUE"", ""spn_mode"" : ""DEFAULT"", ""call_transfer_mode"" : ""NO_DELAYED_OFFER"", ""int_dc"" : ""G"", ""header_list"" : []}"
10005100,56469,"{""id"" : 56469, ""hkh_nr_id"" : ""56469"", ""vpn_id"" : 10005100, ""public_number"" : ""33557133170"", ""global_call_limiter"" : 10, ""no_answer_timeout"" : 20000, ""label"" : ""05 57 13 31 70"", ""possibility"" : ""TRUE"", ""uui"" : ""TRUE"", ""spn_mode"" : ""DEFAULT"", ""call_transfer_mode"" : ""NO_DELAYED_OFFER"", ""int_dc"" : ""G"", ""header_list"" : []}"
10005304,56479,"{""id"" : 56479, ""hkh_nr_id"" : ""56479"", ""vpn_id"" : 10005304, ""public_number"" : ""33320053434"", ""global_call_limiter"" : 512, ""no_answer_timeout"" : 20000, ""label"" : ""03 20 05 34 34"", ""possibility"" : ""SAN_LEVEL"", ""uui"" : ""SAN_LEVEL"", ""spn_mode"" : ""DEFAULT"", ""call_transfer_mode"" : ""NO_DELAYED_OFFER"", ""int_dc"" : ""B"", ""header_list"" : []}"
10005304,56480,"{""id"" : 56480, ""hkh_nr_id"" : ""56480"", ""vpn_id"" : 10005304, ""public_number"" : ""33320056889"", ""global_call_limiter"" : 512, ""no_answer_timeout"" : 15000, ""label"" : ""03 20 05 68 89"", ""possibility"" : ""SAN_LEVEL"", ""uui"" : ""SAN_LEVEL"", ""spn_mode"" : ""DEFAULT"", ""call_transfer_mode"" : ""NO_DELAYED_OFFER"", ""int_dc"" : ""B"", ""header_list"" : []}"
10005161,56069,"{""id"" : 56069, ""hkh_nr_id"" : ""56069"", ""vpn_id"" : 10005161, ""public_number"" : ""33174056388"", ""global_call_limiter"" : null, ""no_answer_timeout"" : 20000, ""label"" : ""01 74 05 63 88"", ""possibility"" : ""SAN_LEVEL"", ""uui"" : ""SAN_LEVEL"", ""spn_mode"" : ""DEFAULT"", ""call_transfer_mode"" : ""NO_DELAYED_OFFER"", ""int_dc"" : ""B"", ""header_list"" : []}"
10005167,56131,"{""id"" : 56131, ""hkh_nr_id"" : ""56131"", ""vpn_id"" : 10005167, ""public_number"" : ""33254535556"", ""global_call_limiter"" : 1, ""no_answer_timeout"" : 20000, ""label"" : ""02 54 53 55 56"", ""possibility"" : ""SAN_LEVEL"", ""uui"" : ""SAN_LEVEL"", ""spn_mode"" : ""DEFAULT"", ""call_transfer_mode"" : ""NO_DELAYED_OFFER"", ""int_dc"" : ""B"", ""header_list"" : []}"
10005168,56141,"{""id"" : 56141, ""hkh_nr_id"" : ""56141"", ""vpn_id"" : 10005168, ""public_number"" : ""33320578528"", ""global_call_limiter"" : 1, ""no_answer_timeout"" : 20000, ""label"" : ""03 20 57 85 28"", ""possibility"" : ""SAN_LEVEL"", ""uui"" : ""SAN_LEVEL"", ""spn_mode"" : ""DEFAULT"", ""call_transfer_mode"" : ""NO_DELAYED_OFFER"", ""int_dc"" : ""B"", ""header_list"" : []}"
10005168,56156,"{""id"" : 56156, ""hkh_nr_id"" : ""56156"", ""vpn_id"" : 10005168, ""public_number"" : ""33320920134"", ""global_call_limiter"" : 1, ""no_answer_timeout"" : 20000, ""label"" : ""03 20 92 01 34"", ""possibility"" : ""SAN_LEVEL"", ""uui"" : ""SAN_LEVEL"", ""spn_mode"" : ""DEFAULT"", ""call_transfer_mode"" : ""NO_DELAYED_OFFER"", ""int_dc"" : ""B"", ""header_list"" : []}"
10005168,56166,"{""id"" : 56166, ""hkh_nr_id"" : ""56166"", ""vpn_id"" : 10005168, ""public_number"" : ""33321123336"", ""global_call_limiter"" : 1, ""no_answer_timeout"" : 20000, ""label"" : ""03 21 12 33 36"", ""possibility"" : ""SAN_LEVEL"", ""uui"" : ""SAN_LEVEL"", ""spn_mode"" : ""DEFAULT"", ""call_transfer_mode"" : ""NO_DELAYED_OFFER"", ""int_dc"" : ""B"", ""header_list"" : []}"
10005168,56184,"{""id"" : 56184, ""hkh_nr_id"" : ""56184"", ""vpn_id"" : 10005168, ""public_number"" : ""33321604405"", ""global_call_limiter"" : 1, ""no_answer_timeout"" : 20000, ""label"" : ""03 21 60 44 05"", ""possibility"" : ""SAN_LEVEL"", ""uui"" : ""SAN_LEVEL"", ""spn_mode"" : ""DEFAULT"", ""call_transfer_mode"" : ""NO_DELAYED_OFFER"", ""int_dc"" : ""B"", ""header_list"" : []}"
10005168,56191,"{""id"" : 56191, ""hkh_nr_id"" : ""56191"", ""vpn_id"" : 10005168, ""public_number"" : ""33327091011"", ""global_call_limiter"" : 1, ""no_answer_timeout"" : 20000, ""label"" : ""03 27 09 10 11"", ""possibility"" : ""SAN_LEVEL"", ""uui"" : ""SAN_LEVEL"", ""spn_mode"" : ""DEFAULT"", ""call_transfer_mode"" : ""NO_DELAYED_OFFER"", ""int_dc"" : ""B"", ""header_list"" : []}"
10005168,56224,"{""id"" : 56224, ""hkh_nr_id"" : ""56224"", ""vpn_id"" : 10005168, ""public_number"" : ""33328686093"", ""global_call_limiter"" : 1, ""no_answer_timeout"" : 20000, ""label"" : ""03 28 68 60 93"", ""possibility"" : ""SAN_LEVEL"", ""uui"" : ""SAN_LEVEL"", ""spn_mode"" : ""DEFAULT"", ""call_transfer_mode"" : ""NO_DELAYED_OFFER"", ""int_dc"" : ""B"", ""header_list"" : []}"
10005173,56232,"{""id"" : 56232, ""hkh_nr_id"" : ""56232"", ""vpn_id"" : 10005173, ""public_number"" : ""33160791062"", ""global_call_limiter"" : 2, ""no_answer_timeout"" : 20000, ""label"" : ""01 60 79 10 62"", ""possibility"" : ""SAN_LEVEL"", ""uui"" : ""SAN_LEVEL"", ""spn_mode"" : ""DEFAULT"", ""call_transfer_mode"" : ""NO_DELAYED_OFFER"", ""int_dc"" : ""B"", ""header_list"" : []}"
10005201,56254,"{""id"" : 56254, ""hkh_nr_id"" : ""56254"", ""vpn_id"" : 10005201, ""public_number"" : ""33326886957"", ""global_call_limiter"" : 1, ""no_answer_timeout"" : 20000, ""label"" : ""03 26 88 69 57"", ""possibility"" : ""SAN_LEVEL"", ""uui"" : ""SAN_LEVEL"", ""spn_mode"" : ""DEFAULT"", ""call_transfer_mode"" : ""NO_DELAYED_OFFER"", ""int_dc"" : ""B"", ""header_list"" : []}"
10005233,56285,"{""id"" : 56285, ""hkh_nr_id"" : ""56285"", ""vpn_id"" : 10005233, ""public_number"" : ""33156637010"", ""global_call_limiter"" : 100, ""no_answer_timeout"" : 20000, ""label"" : ""01 56 63 70 10"", ""possibility"" : ""SAN_LEVEL"", ""uui"" : ""SAN_LEVEL"", ""spn_mode"" : ""DEFAULT"", ""call_transfer_mode"" : ""NO_DELAYED_OFFER"", ""int_dc"" : ""B"", ""header_list"" : []}"
10005237,56325,"{""id"" : 56325, ""hkh_nr_id"" : ""56325"", ""vpn_id"" : 10005237, ""public_number"" : ""33607766112"", ""global_call_limiter"" : 2, ""no_answer_timeout"" : 20000, ""label"" : ""06 07 76 61 12"", ""possibility"" : ""SAN_LEVEL"", ""uui"" : ""SAN_LEVEL"", ""spn_mode"" : ""DEFAULT"", ""call_transfer_mode"" : ""NO_DELAYED_OFFER"", ""int_dc"" : ""B"", ""header_list"" : []}"
10005140,56356,"{""id"" : 56356, ""hkh_nr_id"" : ""56356"", ""vpn_id"" : 10005140, ""public_number"" : ""33556296879"", ""global_call_limiter"" : 10, ""no_answer_timeout"" : 20000, ""label"" : ""Migration MV Diffusion vers GV"", ""possibility"" : ""TRUE"", ""uui"" : ""TRUE"", ""spn_mode"" : ""DEFAULT"", ""call_transfer_mode"" : ""NO_DELAYED_OFFER"", ""int_dc"" : ""G"", ""header_list"" : []}"
10004425,56473,"{""id"" : 56473, ""hkh_nr_id"" : ""56473"", ""vpn_id"" : 10004425, ""public_number"" : ""33182883671"", ""global_call_limiter"" : 100, ""no_answer_timeout"" : 20000, ""label"" : ""NR SYNERGIE MUTUELLES"", ""possibility"" : ""SAN_LEVEL"", ""uui"" : ""SAN_LEVEL"", ""spn_mode"" : ""DEFAULT"", ""call_transfer_mode"" : ""NO_DELAYED_OFFER"", ""int_dc"" : ""B"", ""header_list"" : []}"
10005304,56481,"{""id"" : 56481, ""hkh_nr_id"" : ""56481"", ""vpn_id"" : 10005304, ""public_number"" : ""33362594223"", ""global_call_limiter"" : 90, ""no_answer_timeout"" : 15000, ""label"" : ""03 62 59 42 23"", ""possibility"" : ""SAN_LEVEL"", ""uui"" : ""SAN_LEVEL"", ""spn_mode"" : ""DEFAULT"", ""call_transfer_mode"" : ""NO_DELAYED_OFFER"", ""int_dc"" : ""B"", ""header_list"" : []}"
10005100,56482,"{""id"" : 56482, ""hkh_nr_id"" : ""56482"", ""vpn_id"" : 10005100, ""public_number"" : ""33557133168"", ""global_call_limiter"" : 10, ""no_answer_timeout"" : 20000, ""label"" : ""05 57 13 31 68"", ""possibility"" : ""TRUE"", ""uui"" : ""TRUE"", ""spn_mode"" : ""DEFAULT"", ""call_transfer_mode"" : ""NO_DELAYED_OFFER"", ""int_dc"" : ""G"", ""header_list"" : []}"
10005304,56483,"{""id"" : 56483, ""hkh_nr_id"" : ""56483"", ""vpn_id"" : 10005304, ""public_number"" : ""33176490341"", ""global_call_limiter"" : 25, ""no_answer_timeout"" : 20000, ""label"" : ""0176490341"", ""possibility"" : ""SAN_LEVEL"", ""uui"" : ""SAN_LEVEL"", ""spn_mode"" : ""DEFAULT"", ""call_transfer_mode"" : ""NO_DELAYED_OFFER"", ""int_dc"" : ""B"", ""header_list"" : []}"
10005304,56484,"{""id"" : 56484, ""hkh_nr_id"" : ""56484"", ""vpn_id"" : 10005304, ""public_number"" : ""33176716314"", ""global_call_limiter"" : 6, ""no_answer_timeout"" : 20000, ""label"" : ""0176716314"", ""possibility"" : ""SAN_LEVEL"", ""uui"" : ""SAN_LEVEL"", ""spn_mode"" : ""DEFAULT"", ""call_transfer_mode"" : ""NO_DELAYED_OFFER"", ""int_dc"" : ""B"", ""header_list"" : []}"
10005100,56485,"{""id"" : 56485, ""hkh_nr_id"" : ""56485"", ""vpn_id"" : 10005100, ""public_number"" : ""33557133560"", ""global_call_limiter"" : 10, ""no_answer_timeout"" : 20000, ""label"" : ""05 57 13 35 60"", ""possibility"" : ""TRUE"", ""uui"" : ""TRUE"", ""spn_mode"" : ""DEFAULT"", ""call_transfer_mode"" : ""NO_DELAYED_OFFER"", ""int_dc"" : ""G"", ""header_list"" : []}"
10005304,56488,"{""id"" : 56488, ""hkh_nr_id"" : ""56488"", ""vpn_id"" : 10005304, ""public_number"" : ""33320663765"", ""global_call_limiter"" : 0, ""no_answer_timeout"" : 20000, ""label"" : ""0320663765"", ""possibility"" : ""SAN_LEVEL"", ""uui"" : ""SAN_LEVEL"", ""spn_mode"" : ""DEFAULT"", ""call_transfer_mode"" : ""NO_DELAYED_OFFER"", ""int_dc"" : ""B"", ""header_list"" : []}"
10005304,56489,"{""id"" : 56489, ""hkh_nr_id"" : ""56489"", ""vpn_id"" : 10005304, ""public_number"" : ""33320663764"", ""global_call_limiter"" : 0, ""no_answer_timeout"" : 15000, ""label"" : ""0320663764"", ""possibility"" : ""SAN_LEVEL"", ""uui"" : ""SAN_LEVEL"", ""spn_mode"" : ""DEFAULT"", ""call_transfer_mode"" : ""NO_DELAYED_OFFER"", ""int_dc"" : ""B"", ""header_list"" : []}"
