vpn_code,id_equip,data
10005069,61694,"{""id"" : 61694, ""name"" : ""2246737"", ""t1t7"" : ""2246737"", ""vpn_id"" : ""10005069"", ""id_default_site"" : 363924, ""csp_customer_identifier"" : null, ""global_call_limiter"" : null, ""scl_id"" : null, ""number_pre_analysis_name"" : ""CLI_FRA_Default"", ""trusted_cli_policy"" : false, ""calling_cli_match_all_sites"" : false, ""equipment_type"" : ""SIPDA"", ""calling_site_cli_algo"" : ""DIV_FROM""}"
10008890,62768,"{""id"" : 62768, ""name"" : ""2250438"", ""t1t7"" : ""2250438"", ""vpn_id"" : ""10008890"", ""id_default_site"" : 371649, ""csp_customer_identifier"" : null, ""global_call_limiter"" : null, ""scl_id"" : null, ""number_pre_analysis_name"" : ""CLI_FRA_Default"", ""trusted_cli_policy"" : false, ""calling_cli_match_all_sites"" : false, ""equipment_type"" : ""SIPDA"", ""calling_site_cli_algo"" : ""DIV_FROM""}"
3250,145581,"{""id"" : 145581, ""name"" : ""MVP Mumbai1"", ""t1t7"" : ""2398400"", ""vpn_id"" : ""3250"", ""id_default_site"" : 389612, ""csp_customer_identifier"" : null, ""global_call_limiter"" : null, ""scl_id"" : null, ""number_pre_analysis_name"" : ""CLI_IND_Default"", ""trusted_cli_policy"" : false, ""calling_cli_match_all_sites"" : false, ""equipment_type"" : ""SIPDA"", ""calling_site_cli_algo"" : ""DIV_FROM""}"
20000001,58093,"{""id"" : 58093, ""name"" : ""2265004"", ""t1t7"" : ""2265004"", ""vpn_id"" : ""20000001"", ""id_default_site"" : 348306, ""csp_customer_identifier"" : null, ""global_call_limiter"" : null, ""scl_id"" : null, ""number_pre_analysis_name"" : ""CLI_FRA_Default"", ""trusted_cli_policy"" : false, ""calling_cli_match_all_sites"" : false, ""equipment_type"" : ""SIPDA"", ""calling_site_cli_algo"" : ""DIV_FROM""}"
10009274,66213,"{""id"" : 66213, ""name"" : ""2218532"", ""t1t7"" : ""2218532"", ""vpn_id"" : ""10009274"", ""id_default_site"" : 397534, ""csp_customer_identifier"" : null, ""global_call_limiter"" : null, ""scl_id"" : null, ""number_pre_analysis_name"" : ""CLI_FRA_Default"", ""trusted_cli_policy"" : false, ""calling_cli_match_all_sites"" : false, ""equipment_type"" : ""SIPDA"", ""calling_site_cli_algo"" : ""DIV_FROM""}"
3610,143988,"{""id"" : 143988, ""name"" : ""298_Amman_SIP"", ""t1t7"" : ""2385582"", ""vpn_id"" : ""3610"", ""id_default_site"" : 40766, ""csp_customer_identifier"" : null, ""global_call_limiter"" : null, ""scl_id"" : null, ""number_pre_analysis_name"" : ""CLI_JOR_Default"", ""trusted_cli_policy"" : false, ""calling_cli_match_all_sites"" : false, ""equipment_type"" : ""SIPDA"", ""calling_site_cli_algo"" : ""DIV_FROM""}"
10000255,55312,"{""id"" : 55312, ""name"" : ""2220387"", ""t1t7"" : ""2220387"", ""vpn_id"" : ""10000255"", ""id_default_site"" : 336942, ""csp_customer_identifier"" : null, ""global_call_limiter"" : null, ""scl_id"" : null, ""number_pre_analysis_name"" : ""CLI_FRA_Default"", ""trusted_cli_policy"" : false, ""calling_cli_match_all_sites"" : false, ""equipment_type"" : ""SIPDA"", ""calling_site_cli_algo"" : ""DIV_FROM""}"
3286,74041,"{""id"" : 74041, ""name"" : ""2325466"", ""t1t7"" : ""2325466"", ""vpn_id"" : ""3286"", ""id_default_site"" : 11302, ""csp_customer_identifier"" : null, ""global_call_limiter"" : null, ""scl_id"" : null, ""number_pre_analysis_name"" : ""CLI_FRA_Default"", ""trusted_cli_policy"" : false, ""calling_cli_match_all_sites"" : false, ""equipment_type"" : ""SIPDA"", ""calling_site_cli_algo"" : ""DIV_FROM""}"
10002761,120805,"{""id"" : 120805, ""name"" : ""2216748"", ""t1t7"" : ""2216748"", ""vpn_id"" : ""10002761"", ""id_default_site"" : 195616, ""csp_customer_identifier"" : null, ""global_call_limiter"" : null, ""scl_id"" : null, ""number_pre_analysis_name"" : ""CLI_FRA_Default"", ""trusted_cli_policy"" : false, ""calling_cli_match_all_sites"" : false, ""equipment_type"" : ""SIPDA"", ""calling_site_cli_algo"" : ""DIV_FROM""}"
3998,50117,"{""id"" : 50117, ""name"" : ""8014097_CME_US_Prim"", ""t1t7"" : ""8014097"", ""vpn_id"" : ""3998"", ""id_default_site"" : 312902, ""csp_customer_identifier"" : null, ""global_call_limiter"" : null, ""scl_id"" : null, ""number_pre_analysis_name"" : ""USA_Default"", ""trusted_cli_policy"" : false, ""calling_cli_match_all_sites"" : false, ""equipment_type"" : ""SIPDA"", ""calling_site_cli_algo"" : ""DIV_FROM""}"
4187,85141,"{""id"" : 85141, ""name"" : ""2330560"", ""t1t7"" : ""2330560"", ""vpn_id"" : ""4187"", ""id_default_site"" : 15204, ""csp_customer_identifier"" : null, ""global_call_limiter"" : null, ""scl_id"" : null, ""number_pre_analysis_name"" : ""CLI_FRA_Default"", ""trusted_cli_policy"" : false, ""calling_cli_match_all_sites"" : false, ""equipment_type"" : ""SIPDA"", ""calling_site_cli_algo"" : ""DIV_FROM""}"
10004607,65070,"{""id"" : 65070, ""name"" : ""2245433"", ""t1t7"" : ""2245433"", ""vpn_id"" : ""10004607"", ""id_default_site"" : 388401, ""csp_customer_identifier"" : null, ""global_call_limiter"" : null, ""scl_id"" : null, ""number_pre_analysis_name"" : ""CLI_FRA_Default"", ""trusted_cli_policy"" : false, ""calling_cli_match_all_sites"" : false, ""equipment_type"" : ""SIPDA"", ""calling_site_cli_algo"" : ""DIV_FROM""}"
4985,64228,"{""id"" : 64228, ""name"" : ""RBC_PSYD3202_VGW204"", ""t1t7"" : ""2365238"", ""vpn_id"" : ""4985"", ""id_default_site"" : 380873, ""csp_customer_identifier"" : null, ""global_call_limiter"" : 2, ""scl_id"" : null, ""number_pre_analysis_name"" : ""GENERIC_CLI_PROCESSING"", ""trusted_cli_policy"" : false, ""calling_cli_match_all_sites"" : false, ""equipment_type"" : ""SIPDA"", ""calling_site_cli_algo"" : ""DIV_FROM""}"
10005633,68432,"{""id"" : 68432, ""name"" : ""2214232"", ""t1t7"" : ""2214232"", ""vpn_id"" : ""10005633"", ""id_default_site"" : 413050, ""csp_customer_identifier"" : null, ""global_call_limiter"" : null, ""scl_id"" : null, ""number_pre_analysis_name"" : ""CLI_FRA_Default"", ""trusted_cli_policy"" : false, ""calling_cli_match_all_sites"" : false, ""equipment_type"" : ""SIPDA"", ""calling_site_cli_algo"" : ""DIV_FROM""}"
10006473,67614,"{""id"" : 67614, ""name"" : ""2245860"", ""t1t7"" : ""2245860"", ""vpn_id"" : ""10006473"", ""id_default_site"" : 407590, ""csp_customer_identifier"" : null, ""global_call_limiter"" : null, ""scl_id"" : null, ""number_pre_analysis_name"" : ""CLI_FRA_Default"", ""trusted_cli_policy"" : false, ""calling_cli_match_all_sites"" : false, ""equipment_type"" : ""SIPDA"", ""calling_site_cli_algo"" : ""DIV_FROM""}"
5779,69103,"{""id"" : 69103, ""name"" : ""2325135"", ""t1t7"" : ""2325135"", ""vpn_id"" : ""5779"", ""id_default_site"" : 48622, ""csp_customer_identifier"" : null, ""global_call_limiter"" : null, ""scl_id"" : null, ""number_pre_analysis_name"" : ""CLI_FRA_Default"", ""trusted_cli_policy"" : false, ""calling_cli_match_all_sites"" : false, ""equipment_type"" : ""SIPDA"", ""calling_site_cli_algo"" : ""DIV_FROM""}"
10006924,70975,"{""id"" : 70975, ""name"" : ""2215046"", ""t1t7"" : ""2215046"", ""vpn_id"" : ""10006924"", ""id_default_site"" : 429545, ""csp_customer_identifier"" : null, ""global_call_limiter"" : null, ""scl_id"" : null, ""number_pre_analysis_name"" : ""CLI_FRA_Default"", ""trusted_cli_policy"" : false, ""calling_cli_match_all_sites"" : false, ""equipment_type"" : ""SIPDA"", ""calling_site_cli_algo"" : ""DIV_FROM""}"
10002094,48996,"{""id"" : 48996, ""name"" : ""OCTA_AWCP_Backup_v1"", ""t1t7"" : ""8160001"", ""vpn_id"" : ""10002094"", ""id_default_site"" : 27654, ""csp_customer_identifier"" : null, ""global_call_limiter"" : null, ""scl_id"" : null, ""number_pre_analysis_name"" : ""zzz_CLI_FRA_na_na_"", ""trusted_cli_policy"" : false, ""calling_cli_match_all_sites"" : false, ""equipment_type"" : ""SIPDA"", ""calling_site_cli_algo"" : ""DIV_FROM""}"
3861,139122,"{""id"" : 139122, ""name"" : ""PAMM242_SIP"", ""t1t7"" : ""2385539"", ""vpn_id"" : ""3861"", ""id_default_site"" : 216794, ""csp_customer_identifier"" : null, ""global_call_limiter"" : null, ""scl_id"" : null, ""number_pre_analysis_name"" : ""CLI_JOR_Default"", ""trusted_cli_policy"" : false, ""calling_cli_match_all_sites"" : false, ""equipment_type"" : ""SIPDA"", ""calling_site_cli_algo"" : ""DIV_FROM""}"
10001152,66882,"{""id"" : 66882, ""name"" : ""2325061"", ""t1t7"" : ""2325061"", ""vpn_id"" : ""10001152"", ""id_default_site"" : 70174, ""csp_customer_identifier"" : null, ""global_call_limiter"" : null, ""scl_id"" : null, ""number_pre_analysis_name"" : ""CLI_FRA_Default"", ""trusted_cli_policy"" : false, ""calling_cli_match_all_sites"" : false, ""equipment_type"" : ""SIPDA"", ""calling_site_cli_algo"" : ""DIV_FROM""}"
10002046,134885,"{""id"" : 134885, ""name"" : ""2325495"", ""t1t7"" : ""2325495"", ""vpn_id"" : ""10002046"", ""id_default_site"" : 211857, ""csp_customer_identifier"" : null, ""global_call_limiter"" : null, ""scl_id"" : null, ""number_pre_analysis_name"" : ""CLI_FRA_Default"", ""trusted_cli_policy"" : false, ""calling_cli_match_all_sites"" : false, ""equipment_type"" : ""SIPDA"", ""calling_site_cli_algo"" : ""DIV_FROM""}"
10006391,66417,"{""id"" : 66417, ""name"" : ""2218329"", ""t1t7"" : ""2218329"", ""vpn_id"" : ""10006391"", ""id_default_site"" : 399665, ""csp_customer_identifier"" : null, ""global_call_limiter"" : null, ""scl_id"" : null, ""number_pre_analysis_name"" : ""CLI_FRA_Default"", ""trusted_cli_policy"" : false, ""calling_cli_match_all_sites"" : false, ""equipment_type"" : ""SIPDA"", ""calling_site_cli_algo"" : ""DIV_FROM""}"
10002135,142741,"{""id"" : 142741, ""name"" : ""2235706"", ""t1t7"" : ""2235706"", ""vpn_id"" : ""10002135"", ""id_default_site"" : 220974, ""csp_customer_identifier"" : null, ""global_call_limiter"" : null, ""scl_id"" : null, ""number_pre_analysis_name"" : ""CLI_FRA_Default"", ""trusted_cli_policy"" : false, ""calling_cli_match_all_sites"" : false, ""equipment_type"" : ""SIPDA"", ""calling_site_cli_algo"" : ""DIV_FROM""}"
10003295,137242,"{""id"" : 137242, ""name"" : ""2315368"", ""t1t7"" : ""2315368"", ""vpn_id"" : ""10003295"", ""id_default_site"" : 214576, ""csp_customer_identifier"" : null, ""global_call_limiter"" : null, ""scl_id"" : null, ""number_pre_analysis_name"" : ""CLI_FRA_Default"", ""trusted_cli_policy"" : false, ""calling_cli_match_all_sites"" : false, ""equipment_type"" : ""SIPDA"", ""calling_site_cli_algo"" : ""DIV_FROM""}"
3634,60845,"{""id"" : 60845, ""name"" : ""Malaysia-DR"", ""t1t7"" : ""2365212"", ""vpn_id"" : ""3634"", ""id_default_site"" : 19700, ""csp_customer_identifier"" : null, ""global_call_limiter"" : 22, ""scl_id"" : null, ""number_pre_analysis_name"" : ""CLI_MYS_Default"", ""trusted_cli_policy"" : false, ""calling_cli_match_all_sites"" : false, ""equipment_type"" : ""SIPDA"", ""calling_site_cli_algo"" : ""DIV_FROM""}"
10001038,60024,"{""id"" : 60024, ""name"" : ""2310814"", ""t1t7"" : ""2310814"", ""vpn_id"" : ""10001038"", ""id_default_site"" : 202773, ""csp_customer_identifier"" : null, ""global_call_limiter"" : null, ""scl_id"" : null, ""number_pre_analysis_name"" : ""CLI_FRA_Default"", ""trusted_cli_policy"" : false, ""calling_cli_match_all_sites"" : false, ""equipment_type"" : ""SIPDA"", ""calling_site_cli_algo"" : ""DIV_FROM""}"
10014001,61085,"{""id"" : 61085, ""name"" : ""2223362"", ""t1t7"" : ""2223362"", ""vpn_id"" : ""10014001"", ""id_default_site"" : 360272, ""csp_customer_identifier"" : null, ""global_call_limiter"" : null, ""scl_id"" : null, ""number_pre_analysis_name"" : ""CLI_FRA_Default"", ""trusted_cli_policy"" : false, ""calling_cli_match_all_sites"" : false, ""equipment_type"" : ""SIPDA"", ""calling_site_cli_algo"" : ""DIV_FROM""}"
10002830,53854,"{""id"" : 53854, ""name"" : ""2221885"", ""t1t7"" : ""2221885"", ""vpn_id"" : ""10002830"", ""id_default_site"" : 330654, ""csp_customer_identifier"" : null, ""global_call_limiter"" : null, ""scl_id"" : null, ""number_pre_analysis_name"" : ""CLI_FRA_Default"", ""trusted_cli_policy"" : false, ""calling_cli_match_all_sites"" : false, ""equipment_type"" : ""SIPDA"", ""calling_site_cli_algo"" : ""DIV_FROM""}"
3117,157821,"{""id"" : 157821, ""name"" : ""PLCC021_SIP_CUB"", ""t1t7"" : ""2385731"", ""vpn_id"" : ""3117"", ""id_default_site"" : -1, ""csp_customer_identifier"" : null, ""global_call_limiter"" : 30, ""scl_id"" : null, ""number_pre_analysis_name"" : ""CLI_ITA_Default"", ""trusted_cli_policy"" : false, ""calling_cli_match_all_sites"" : false, ""equipment_type"" : ""SIPDA"", ""calling_site_cli_algo"" : ""DIV_FROM""}"
10004816,51696,"{""id"" : 51696, ""name"" : ""2246318"", ""t1t7"" : ""2246318"", ""vpn_id"" : ""10004816"", ""id_default_site"" : 320475, ""csp_customer_identifier"" : null, ""global_call_limiter"" : null, ""scl_id"" : null, ""number_pre_analysis_name"" : ""CLI_FRA_Default"", ""trusted_cli_policy"" : false, ""calling_cli_match_all_sites"" : false, ""equipment_type"" : ""SIPDA"", ""calling_site_cli_algo"" : ""DIV_FROM""}"
10009430,71090,"{""id"" : 71090, ""name"" : ""2350534"", ""t1t7"" : ""2350534"", ""vpn_id"" : ""10009430"", ""id_default_site"" : 430648, ""csp_customer_identifier"" : null, ""global_call_limiter"" : null, ""scl_id"" : null, ""number_pre_analysis_name"" : ""CLI_FRA_Default"", ""trusted_cli_policy"" : false, ""calling_cli_match_all_sites"" : false, ""equipment_type"" : ""SIPDA"", ""calling_site_cli_algo"" : ""DIV_FROM""}"
10004314,179782,"{""id"" : 179782, ""name"" : ""2350977"", ""t1t7"" : ""2350977"", ""vpn_id"" : ""10004314"", ""id_default_site"" : 270492, ""csp_customer_identifier"" : null, ""global_call_limiter"" : null, ""scl_id"" : null, ""number_pre_analysis_name"" : ""CLI_FRA_Default"", ""trusted_cli_policy"" : false, ""calling_cli_match_all_sites"" : false, ""equipment_type"" : ""SIPDA"", ""calling_site_cli_algo"" : ""DIV_FROM""}"
10016431,63610,"{""id"" : 63610, ""name"" : ""2246760"", ""t1t7"" : ""2246760"", ""vpn_id"" : ""10016431"", ""id_default_site"" : 376549, ""csp_customer_identifier"" : null, ""global_call_limiter"" : null, ""scl_id"" : null, ""number_pre_analysis_name"" : ""CLI_FRA_Default"", ""trusted_cli_policy"" : false, ""calling_cli_match_all_sites"" : false, ""equipment_type"" : ""SIPDA"", ""calling_site_cli_algo"" : ""DIV_FROM""}"
10000719,71142,"{""id"" : 71142, ""name"" : ""2345003"", ""t1t7"" : ""2345003"", ""vpn_id"" : ""10000719"", ""id_default_site"" : 73338, ""csp_customer_identifier"" : null, ""global_call_limiter"" : null, ""scl_id"" : null, ""number_pre_analysis_name"" : ""CLI_FRA_Default"", ""trusted_cli_policy"" : false, ""calling_cli_match_all_sites"" : false, ""equipment_type"" : ""SIPDA"", ""calling_site_cli_algo"" : ""DIV_FROM""}"
10005223,61950,"{""id"" : 61950, ""name"" : ""2211000"", ""t1t7"" : ""2211000"", ""vpn_id"" : ""10005223"", ""id_default_site"" : 366046, ""csp_customer_identifier"" : null, ""global_call_limiter"" : 5, ""scl_id"" : null, ""number_pre_analysis_name"" : ""CLI_FRA_Default"", ""trusted_cli_policy"" : false, ""calling_cli_match_all_sites"" : false, ""equipment_type"" : ""SIPDA"", ""calling_site_cli_algo"" : ""DIV_FROM""}"
7299,73423,"{""id"" : 73423, ""name"" : ""MSOPC_EMEA_8820052"", ""t1t7"" : ""8820052"", ""vpn_id"" : ""7299"", ""id_default_site"" : -1, ""csp_customer_identifier"" : null, ""global_call_limiter"" : 30, ""scl_id"" : null, ""number_pre_analysis_name"" : ""GENERIC_CLI_PROCESSING"", ""trusted_cli_policy"" : false, ""calling_cli_match_all_sites"" : false, ""equipment_type"" : ""SIPDA"", ""calling_site_cli_algo"" : ""DIV_FROM""}"
3235,67291,"{""id"" : 67291, ""name"" : ""FRA_Val_De_Reuil_DR"", ""t1t7"" : ""2400209"", ""vpn_id"" : ""3235"", ""id_default_site"" : -1, ""csp_customer_identifier"" : null, ""global_call_limiter"" : 150, ""scl_id"" : null, ""number_pre_analysis_name"" : ""GENERIC_CLI_PROCESSING"", ""trusted_cli_policy"" : false, ""calling_cli_match_all_sites"" : false, ""equipment_type"" : ""SIPDA"", ""calling_site_cli_algo"" : ""DIV_FROM""}"
10004816,53079,"{""id"" : 53079, ""name"" : ""2299060"", ""t1t7"" : ""2299060"", ""vpn_id"" : ""10004816"", ""id_default_site"" : 325416, ""csp_customer_identifier"" : null, ""global_call_limiter"" : null, ""scl_id"" : null, ""number_pre_analysis_name"" : ""CLI_FRA_Default"", ""trusted_cli_policy"" : false, ""calling_cli_match_all_sites"" : false, ""equipment_type"" : ""SIPDA"", ""calling_site_cli_algo"" : ""DIV_FROM""}"
5098,69118,"{""id"" : 69118, ""name"" : ""2223067"", ""t1t7"" : ""2223067"", ""vpn_id"" : ""5098"", ""id_default_site"" : 418270, ""csp_customer_identifier"" : null, ""global_call_limiter"" : null, ""scl_id"" : null, ""number_pre_analysis_name"" : ""CLI_FRA_Default"", ""trusted_cli_policy"" : false, ""calling_cli_match_all_sites"" : false, ""equipment_type"" : ""SIPDA"", ""calling_site_cli_algo"" : ""DIV_FROM""}"
4916,145184,"{""id"" : 145184, ""name"" : ""PATH1943"", ""t1t7"" : ""2385606"", ""vpn_id"" : ""4916"", ""id_default_site"" : -1, ""csp_customer_identifier"" : null, ""global_call_limiter"" : null, ""scl_id"" : null, ""number_pre_analysis_name"" : ""CLI_GRC_Default"", ""trusted_cli_policy"" : false, ""calling_cli_match_all_sites"" : false, ""equipment_type"" : ""SIPDA"", ""calling_site_cli_algo"" : ""DIV_FROM""}"
10002705,12761,"{""id"" : 12761, ""name"" : ""5104206"", ""t1t7"" : ""5104206"", ""vpn_id"" : ""10002705"", ""id_default_site"" : 98741, ""csp_customer_identifier"" : null, ""global_call_limiter"" : null, ""scl_id"" : null, ""number_pre_analysis_name"" : ""CLI_FRA_Default"", ""trusted_cli_policy"" : false, ""calling_cli_match_all_sites"" : false, ""equipment_type"" : ""SIPDA"", ""calling_site_cli_algo"" : ""DIV_FROM""}"
10012979,24781,"{""id"" : 24781, ""name"" : ""2315060"", ""t1t7"" : ""2315060"", ""vpn_id"" : ""10012979"", ""id_default_site"" : 200761, ""csp_customer_identifier"" : null, ""global_call_limiter"" : null, ""scl_id"" : null, ""number_pre_analysis_name"" : ""CLI_FRA_Default"", ""trusted_cli_policy"" : false, ""calling_cli_match_all_sites"" : false, ""equipment_type"" : ""SIPDA"", ""calling_site_cli_algo"" : ""DIV_FROM""}"
10009177,73993,"{""id"" : 73993, ""name"" : ""5105158"", ""t1t7"" : ""5105158"", ""vpn_id"" : ""10009177"", ""id_default_site"" : 448097, ""csp_customer_identifier"" : null, ""global_call_limiter"" : null, ""scl_id"" : null, ""number_pre_analysis_name"" : ""CLI_FRA_Default"", ""trusted_cli_policy"" : false, ""calling_cli_match_all_sites"" : false, ""equipment_type"" : ""SIPDA"", ""calling_site_cli_algo"" : ""DIV_FROM""}"
4671,53881,"{""id"" : 53881, ""name"" : ""HEI-SG-OBS-01"", ""t1t7"" : ""2365098"", ""vpn_id"" : ""4671"", ""id_default_site"" : -1, ""csp_customer_identifier"" : null, ""global_call_limiter"" : 20, ""scl_id"" : null, ""number_pre_analysis_name"" : ""CLI_USA_Default"", ""trusted_cli_policy"" : false, ""calling_cli_match_all_sites"" : false, ""equipment_type"" : ""SIPDA"", ""calling_site_cli_algo"" : ""DIV_FROM""}"
7132,66633,"{""id"" : 66633, ""name"" : ""GMF-US-to-JAPAN"", ""t1t7"" : ""8801297"", ""vpn_id"" : ""7132"", ""id_default_site"" : 401421, ""csp_customer_identifier"" : null, ""global_call_limiter"" : null, ""scl_id"" : null, ""number_pre_analysis_name"" : ""USA_Default"", ""trusted_cli_policy"" : false, ""calling_cli_match_all_sites"" : false, ""equipment_type"" : ""SIPDA"", ""calling_site_cli_algo"" : ""DIV_FROM""}"
4056,52609,"{""id"" : 52609, ""name"" : ""2250499"", ""t1t7"" : ""2250499"", ""vpn_id"" : ""4056"", ""id_default_site"" : 17457, ""csp_customer_identifier"" : null, ""global_call_limiter"" : null, ""scl_id"" : null, ""number_pre_analysis_name"" : ""CLI_FRA_Default"", ""trusted_cli_policy"" : false, ""calling_cli_match_all_sites"" : false, ""equipment_type"" : ""SIPDA"", ""calling_site_cli_algo"" : ""DIV_FROM""}"
10018698,67669,"{""id"" : 67669, ""name"" : ""2214300"", ""t1t7"" : ""2214300"", ""vpn_id"" : ""10018698"", ""id_default_site"" : 407904, ""csp_customer_identifier"" : null, ""global_call_limiter"" : null, ""scl_id"" : null, ""number_pre_analysis_name"" : ""CLI_FRA_Default"", ""trusted_cli_policy"" : false, ""calling_cli_match_all_sites"" : false, ""equipment_type"" : ""SIPDA"", ""calling_site_cli_algo"" : ""DIV_FROM""}"
3778,73952,"{""id"" : 73952, ""name"" : ""2316039"", ""t1t7"" : ""2316039"", ""vpn_id"" : ""3778"", ""id_default_site"" : 77016, ""csp_customer_identifier"" : null, ""global_call_limiter"" : null, ""scl_id"" : null, ""number_pre_analysis_name"" : ""CLI_FRA_Default"", ""trusted_cli_policy"" : false, ""calling_cli_match_all_sites"" : false, ""equipment_type"" : ""SIPDA"", ""calling_site_cli_algo"" : ""DIV_FROM""}"
10002227,93241,"{""id"" : 93241, ""name"" : ""2330667"", ""t1t7"" : ""2330667"", ""vpn_id"" : ""10002227"", ""id_default_site"" : 111156, ""csp_customer_identifier"" : null, ""global_call_limiter"" : null, ""scl_id"" : null, ""number_pre_analysis_name"" : ""CLI_FRA_Default"", ""trusted_cli_policy"" : false, ""calling_cli_match_all_sites"" : false, ""equipment_type"" : ""SIPDA"", ""calling_site_cli_algo"" : ""DIV_FROM""}"
10005440,14641,"{""id"" : 14641, ""name"" : ""5105169"", ""t1t7"" : ""5105169"", ""vpn_id"" : ""10005440"", ""id_default_site"" : 118861, ""csp_customer_identifier"" : null, ""global_call_limiter"" : null, ""scl_id"" : null, ""number_pre_analysis_name"" : ""CLI_FRA_Default"", ""trusted_cli_policy"" : false, ""calling_cli_match_all_sites"" : false, ""equipment_type"" : ""SIPDA"", ""calling_site_cli_algo"" : ""DIV_FROM""}"
6334,129961,"{""id"" : 129961, ""name"" : ""2216955"", ""t1t7"" : ""2216955"", ""vpn_id"" : ""6334"", ""id_default_site"" : 205314, ""csp_customer_identifier"" : null, ""global_call_limiter"" : null, ""scl_id"" : null, ""number_pre_analysis_name"" : ""CLI_FRA_Default"", ""trusted_cli_policy"" : false, ""calling_cli_match_all_sites"" : false, ""equipment_type"" : ""SIPDA"", ""calling_site_cli_algo"" : ""DIV_FROM""}"
10005356,72316,"{""id"" : 72316, ""name"" : ""2265180"", ""t1t7"" : ""2265180"", ""vpn_id"" : ""10005356"", ""id_default_site"" : -1, ""csp_customer_identifier"" : null, ""global_call_limiter"" : null, ""scl_id"" : null, ""number_pre_analysis_name"" : ""CLI_FRA_Default"", ""trusted_cli_policy"" : false, ""calling_cli_match_all_sites"" : false, ""equipment_type"" : ""SIPDA"", ""calling_site_cli_algo"" : ""DIV_FROM""}"
10000127,25863,"{""id"" : 25863, ""name"" : ""2305699"", ""t1t7"" : ""2305699"", ""vpn_id"" : ""10000127"", ""id_default_site"" : 12469, ""csp_customer_identifier"" : null, ""global_call_limiter"" : null, ""scl_id"" : null, ""number_pre_analysis_name"" : ""CLI_FRA_Default"", ""trusted_cli_policy"" : false, ""calling_cli_match_all_sites"" : false, ""equipment_type"" : ""SIPDA"", ""calling_site_cli_algo"" : ""DIV_FROM""}"
10003861,173182,"{""id"" : 173182, ""name"" : ""2350565"", ""t1t7"" : ""2350565"", ""vpn_id"" : ""10003861"", ""id_default_site"" : 262856, ""csp_customer_identifier"" : null, ""global_call_limiter"" : null, ""scl_id"" : null, ""number_pre_analysis_name"" : ""CLI_FRA_Default"", ""trusted_cli_policy"" : false, ""calling_cli_match_all_sites"" : false, ""equipment_type"" : ""SIPDA"", ""calling_site_cli_algo"" : ""DIV_FROM""}"
4820,52455,"{""id"" : 52455, ""name"" : ""PMIL3932_Anadarko"", ""t1t7"" : ""2360329"", ""vpn_id"" : ""4820"", ""id_default_site"" : 323438, ""csp_customer_identifier"" : null, ""global_call_limiter"" : 40, ""scl_id"" : null, ""number_pre_analysis_name"" : ""GENERIC_CLI_PROCESSING"", ""trusted_cli_policy"" : false, ""calling_cli_match_all_sites"" : false, ""equipment_type"" : ""SIPDA"", ""calling_site_cli_algo"" : ""DIV_FROM""}"
10018796,74158,"{""id"" : 74158, ""name"" : ""5106034"", ""t1t7"" : ""5106034"", ""vpn_id"" : ""10018796"", ""id_default_site"" : 448966, ""csp_customer_identifier"" : null, ""global_call_limiter"" : null, ""scl_id"" : null, ""number_pre_analysis_name"" : ""CLI_FRA_Default"", ""trusted_cli_policy"" : false, ""calling_cli_match_all_sites"" : false, ""equipment_type"" : ""SIPDA"", ""calling_site_cli_algo"" : ""DIV_FROM""}"
10012030,26053,"{""id"" : 26053, ""name"" : ""2291082"", ""t1t7"" : ""2291082"", ""vpn_id"" : ""10012030"", ""id_default_site"" : 207422, ""csp_customer_identifier"" : null, ""global_call_limiter"" : null, ""scl_id"" : null, ""number_pre_analysis_name"" : ""CLI_FRA_Default"", ""trusted_cli_policy"" : false, ""calling_cli_match_all_sites"" : false, ""equipment_type"" : ""SIPDA"", ""calling_site_cli_algo"" : ""DIV_FROM""}"
4876,52497,"{""id"" : 52497, ""name"" : ""8210005_PGIEU_Prim"", ""t1t7"" : ""8210005"", ""vpn_id"" : ""4876"", ""id_default_site"" : 208180, ""csp_customer_identifier"" : null, ""global_call_limiter"" : null, ""scl_id"" : null, ""number_pre_analysis_name"" : ""zzz_CLI_FRA_na_na_"", ""trusted_cli_policy"" : false, ""calling_cli_match_all_sites"" : false, ""equipment_type"" : ""SIPDA"", ""calling_site_cli_algo"" : ""DIV_FROM""}"
10000949,58569,"{""id"" : 58569, ""name"" : ""2320237"", ""t1t7"" : ""2320237"", ""vpn_id"" : ""10000949"", ""id_default_site"" : 62315, ""csp_customer_identifier"" : null, ""global_call_limiter"" : null, ""scl_id"" : null, ""number_pre_analysis_name"" : ""CLI_FRA_Default"", ""trusted_cli_policy"" : false, ""calling_cli_match_all_sites"" : false, ""equipment_type"" : ""SIPDA"", ""calling_site_cli_algo"" : ""DIV_FROM""}"
7499,25881,"{""id"" : 25881, ""name"" : ""Phili_2368836"", ""t1t7"" : ""2368836"", ""vpn_id"" : ""7499"", ""id_default_site"" : -1, ""csp_customer_identifier"" : null, ""global_call_limiter"" : 30, ""scl_id"" : null, ""number_pre_analysis_name"" : ""GENERIC_CLI_PROCESSING"", ""trusted_cli_policy"" : false, ""calling_cli_match_all_sites"" : false, ""equipment_type"" : ""SIPDA"", ""calling_site_cli_algo"" : ""DIV_FROM""}"
10007714,53693,"{""id"" : 53693, ""name"" : ""2250815"", ""t1t7"" : ""2250815"", ""vpn_id"" : ""10007714"", ""id_default_site"" : 329765, ""csp_customer_identifier"" : null, ""global_call_limiter"" : null, ""scl_id"" : null, ""number_pre_analysis_name"" : ""CLI_FRA_Default"", ""trusted_cli_policy"" : false, ""calling_cli_match_all_sites"" : false, ""equipment_type"" : ""SIPDA"", ""calling_site_cli_algo"" : ""DIV_FROM""}"
10000675,34024,"{""id"" : 34024, ""name"" : ""2305723"", ""t1t7"" : ""2305723"", ""vpn_id"" : ""10000675"", ""id_default_site"" : 17059, ""csp_customer_identifier"" : null, ""global_call_limiter"" : null, ""scl_id"" : null, ""number_pre_analysis_name"" : ""CLI_FRA_Default"", ""trusted_cli_policy"" : false, ""calling_cli_match_all_sites"" : false, ""equipment_type"" : ""SIPDA"", ""calling_site_cli_algo"" : ""DIV_FROM""}"
10014669,62527,"{""id"" : 62527, ""name"" : ""2316695"", ""t1t7"" : ""2316695"", ""vpn_id"" : ""10014669"", ""id_default_site"" : 370035, ""csp_customer_identifier"" : null, ""global_call_limiter"" : null, ""scl_id"" : null, ""number_pre_analysis_name"" : ""CLI_FRA_Default"", ""trusted_cli_policy"" : false, ""calling_cli_match_all_sites"" : false, ""equipment_type"" : ""SIPDA"", ""calling_site_cli_algo"" : ""DIV_FROM""}"
10003441,138541,"{""id"" : 138541, ""name"" : ""2235376"", ""t1t7"" : ""2235376"", ""vpn_id"" : ""10003441"", ""id_default_site"" : 216153, ""csp_customer_identifier"" : null, ""global_call_limiter"" : null, ""scl_id"" : null, ""number_pre_analysis_name"" : ""CLI_FRA_Default"", ""trusted_cli_policy"" : false, ""calling_cli_match_all_sites"" : false, ""equipment_type"" : ""SIPDA"", ""calling_site_cli_algo"" : ""DIV_FROM""}"
10006216,71257,"{""id"" : 71257, ""name"" : ""2218848"", ""t1t7"" : ""2218848"", ""vpn_id"" : ""10006216"", ""id_default_site"" : 431840, ""csp_customer_identifier"" : null, ""global_call_limiter"" : null, ""scl_id"" : null, ""number_pre_analysis_name"" : ""CLI_FRA_Default"", ""trusted_cli_policy"" : false, ""calling_cli_match_all_sites"" : false, ""equipment_type"" : ""SIPDA"", ""calling_site_cli_algo"" : ""DIV_FROM""}"
3993,48905,"{""id"" : 48905, ""name"" : ""CCVpass_VEL_2388343"", ""t1t7"" : ""2388343"", ""vpn_id"" : ""3993"", ""id_default_site"" : 314138, ""csp_customer_identifier"" : null, ""global_call_limiter"" : null, ""scl_id"" : null, ""number_pre_analysis_name"" : ""CLI_FRA_Default"", ""trusted_cli_policy"" : false, ""calling_cli_match_all_sites"" : false, ""equipment_type"" : ""SIPDA"", ""calling_site_cli_algo"" : ""DIV_FROM""}"
7352,23521,"{""id"" : 23521, ""name"" : ""wbx_EUR_0026039725"", ""t1t7"" : ""8860555"", ""vpn_id"" : ""7352"", ""id_default_site"" : -1, ""csp_customer_identifier"" : null, ""global_call_limiter"" : 250, ""scl_id"" : null, ""number_pre_analysis_name"" : ""GENERIC_CLI_PROCESSING"", ""trusted_cli_policy"" : false, ""calling_cli_match_all_sites"" : false, ""equipment_type"" : ""SIPDA"", ""calling_site_cli_algo"" : ""DIV_FROM""}"
10003932,50060,"{""id"" : 50060, ""name"" : ""2245880"", ""t1t7"" : ""2245880"", ""vpn_id"" : ""10003932"", ""id_default_site"" : 33750, ""csp_customer_identifier"" : null, ""global_call_limiter"" : null, ""scl_id"" : null, ""number_pre_analysis_name"" : ""CLI_FRA_Default"", ""trusted_cli_policy"" : false, ""calling_cli_match_all_sites"" : false, ""equipment_type"" : ""SIPDA"", ""calling_site_cli_algo"" : ""DIV_FROM""}"
3934,123302,"{""id"" : 123302, ""name"" : ""2220844"", ""t1t7"" : ""2220844"", ""vpn_id"" : ""3934"", ""id_default_site"" : 8285, ""csp_customer_identifier"" : null, ""global_call_limiter"" : null, ""scl_id"" : null, ""number_pre_analysis_name"" : ""CLI_FRA_Default"", ""trusted_cli_policy"" : false, ""calling_cli_match_all_sites"" : false, ""equipment_type"" : ""SIPDA"", ""calling_site_cli_algo"" : ""DIV_FROM""}"
10016724,61311,"{""id"" : 61311, ""name"" : ""2246715"", ""t1t7"" : ""2246715"", ""vpn_id"" : ""10016724"", ""id_default_site"" : 361576, ""csp_customer_identifier"" : null, ""global_call_limiter"" : null, ""scl_id"" : null, ""number_pre_analysis_name"" : ""CLI_FRA_Default"", ""trusted_cli_policy"" : false, ""calling_cli_match_all_sites"" : false, ""equipment_type"" : ""SIPDA"", ""calling_site_cli_algo"" : ""DIV_FROM""}"
10004992,60604,"{""id"" : 60604, ""name"" : ""2245754"", ""t1t7"" : ""2245754"", ""vpn_id"" : ""10004992"", ""id_default_site"" : 40050, ""csp_customer_identifier"" : null, ""global_call_limiter"" : null, ""scl_id"" : null, ""number_pre_analysis_name"" : ""CLI_FRA_Default"", ""trusted_cli_policy"" : false, ""calling_cli_match_all_sites"" : false, ""equipment_type"" : ""SIPDA"", ""calling_site_cli_algo"" : ""DIV_FROM""}"
10002277,91381,"{""id"" : 91381, ""name"" : ""2220014"", ""t1t7"" : ""2220014"", ""vpn_id"" : ""10002277"", ""id_default_site"" : 202655, ""csp_customer_identifier"" : null, ""global_call_limiter"" : null, ""scl_id"" : null, ""number_pre_analysis_name"" : ""CLI_FRA_Default"", ""trusted_cli_policy"" : false, ""calling_cli_match_all_sites"" : false, ""equipment_type"" : ""SIPDA"", ""calling_site_cli_algo"" : ""DIV_FROM""}"
4633,50181,"{""id"" : 50181, ""name"" : ""Noida_India"", ""t1t7"" : ""2385120"", ""vpn_id"" : ""4633"", ""id_default_site"" : 54803, ""csp_customer_identifier"" : null, ""global_call_limiter"" : null, ""scl_id"" : null, ""number_pre_analysis_name"" : ""CLI_IND_Default"", ""trusted_cli_policy"" : false, ""calling_cli_match_all_sites"" : false, ""equipment_type"" : ""SIPDA"", ""calling_site_cli_algo"" : ""DIV_FROM""}"
10001294,57209,"{""id"" : 57209, ""name"" : ""2223124"", ""t1t7"" : ""2223124"", ""vpn_id"" : ""10001294"", ""id_default_site"" : 345792, ""csp_customer_identifier"" : null, ""global_call_limiter"" : null, ""scl_id"" : null, ""number_pre_analysis_name"" : ""CLI_FRA_Default"", ""trusted_cli_policy"" : false, ""calling_cli_match_all_sites"" : false, ""equipment_type"" : ""SIPDA"", ""calling_site_cli_algo"" : ""DIV_FROM""}"
10001179,71692,"{""id"" : 71692, ""name"" : ""2325110"", ""t1t7"" : ""2325110"", ""vpn_id"" : ""10001179"", ""id_default_site"" : 74335, ""csp_customer_identifier"" : null, ""global_call_limiter"" : null, ""scl_id"" : null, ""number_pre_analysis_name"" : ""CLI_FRA_Default"", ""trusted_cli_policy"" : false, ""calling_cli_match_all_sites"" : false, ""equipment_type"" : ""SIPDA"", ""calling_site_cli_algo"" : ""DIV_FROM""}"
10002697,52726,"{""id"" : 52726, ""name"" : ""2217052"", ""t1t7"" : ""2217052"", ""vpn_id"" : ""10002697"", ""id_default_site"" : 324400, ""csp_customer_identifier"" : null, ""global_call_limiter"" : null, ""scl_id"" : null, ""number_pre_analysis_name"" : ""CLI_FRA_Default"", ""trusted_cli_policy"" : false, ""calling_cli_match_all_sites"" : false, ""equipment_type"" : ""SIPDA"", ""calling_site_cli_algo"" : ""DIV_FROM""}"
10005850,53186,"{""id"" : 53186, ""name"" : ""2250647"", ""t1t7"" : ""2250647"", ""vpn_id"" : ""10005850"", ""id_default_site"" : 326357, ""csp_customer_identifier"" : null, ""global_call_limiter"" : null, ""scl_id"" : null, ""number_pre_analysis_name"" : ""CLI_FRA_Default"", ""trusted_cli_policy"" : false, ""calling_cli_match_all_sites"" : false, ""equipment_type"" : ""SIPDA"", ""calling_site_cli_algo"" : ""DIV_FROM""}"
10003597,54959,"{""id"" : 54959, ""name"" : ""2214005"", ""t1t7"" : ""2214005"", ""vpn_id"" : ""10003597"", ""id_default_site"" : 335602, ""csp_customer_identifier"" : null, ""global_call_limiter"" : null, ""scl_id"" : null, ""number_pre_analysis_name"" : ""CLI_FRA_Default"", ""trusted_cli_policy"" : false, ""calling_cli_match_all_sites"" : false, ""equipment_type"" : ""SIPDA"", ""calling_site_cli_algo"" : ""DIV_FROM""}"
10002965,123586,"{""id"" : 123586, ""name"" : ""2221323"", ""t1t7"" : ""2221323"", ""vpn_id"" : ""10002965"", ""id_default_site"" : 198658, ""csp_customer_identifier"" : null, ""global_call_limiter"" : null, ""scl_id"" : null, ""number_pre_analysis_name"" : ""CLI_FRA_Default"", ""trusted_cli_policy"" : false, ""calling_cli_match_all_sites"" : false, ""equipment_type"" : ""SIPDA"", ""calling_site_cli_algo"" : ""DIV_FROM""}"
10002421,97741,"{""id"" : 97741, ""name"" : ""2340368"", ""t1t7"" : ""2340368"", ""vpn_id"" : ""10002421"", ""id_default_site"" : 118374, ""csp_customer_identifier"" : null, ""global_call_limiter"" : null, ""scl_id"" : null, ""number_pre_analysis_name"" : ""CLI_FRA_Default"", ""trusted_cli_policy"" : false, ""calling_cli_match_all_sites"" : false, ""equipment_type"" : ""SIPDA"", ""calling_site_cli_algo"" : ""DIV_FROM""}"
10000277,58494,"{""id"" : 58494, ""name"" : ""2218134"", ""t1t7"" : ""2218134"", ""vpn_id"" : ""10000277"", ""id_default_site"" : 349724, ""csp_customer_identifier"" : null, ""global_call_limiter"" : null, ""scl_id"" : null, ""number_pre_analysis_name"" : ""GENERIC_CLI_PROCESSING"", ""trusted_cli_policy"" : false, ""calling_cli_match_all_sites"" : false, ""equipment_type"" : ""SIPDA"", ""calling_site_cli_algo"" : ""DIV_FROM""}"
10002308,93262,"{""id"" : 93262, ""name"" : ""2340065"", ""t1t7"" : ""2340065"", ""vpn_id"" : ""10002308"", ""id_default_site"" : 19379, ""csp_customer_identifier"" : null, ""global_call_limiter"" : null, ""scl_id"" : null, ""number_pre_analysis_name"" : ""GENERIC_CLI_PROCESSING"", ""trusted_cli_policy"" : false, ""calling_cli_match_all_sites"" : false, ""equipment_type"" : ""SIPDA"", ""calling_site_cli_algo"" : ""DIV_FROM""}"
3683,21761,"{""id"" : 21761, ""name"" : ""gsy_FRA_GC_NAM"", ""t1t7"" : ""8800126"", ""vpn_id"" : ""3683"", ""id_default_site"" : 200481, ""csp_customer_identifier"" : null, ""global_call_limiter"" : 200, ""scl_id"" : null, ""number_pre_analysis_name"" : ""GENERIC_CLI_PROCESSING"", ""trusted_cli_policy"" : false, ""calling_cli_match_all_sites"" : false, ""equipment_type"" : ""SIPDA"", ""calling_site_cli_algo"" : ""DIV_FROM""}"
10012959,59448,"{""id"" : 59448, ""name"" : ""2316248"", ""t1t7"" : ""2316248"", ""vpn_id"" : ""10012959"", ""id_default_site"" : 352486, ""csp_customer_identifier"" : null, ""global_call_limiter"" : null, ""scl_id"" : null, ""number_pre_analysis_name"" : ""CLI_FRA_Default"", ""trusted_cli_policy"" : false, ""calling_cli_match_all_sites"" : false, ""equipment_type"" : ""SIPDA"", ""calling_site_cli_algo"" : ""DIV_FROM""}"
10002046,155244,"{""id"" : 155244, ""name"" : ""2326767"", ""t1t7"" : ""2326767"", ""vpn_id"" : ""10002046"", ""id_default_site"" : 237936, ""csp_customer_identifier"" : null, ""global_call_limiter"" : null, ""scl_id"" : null, ""number_pre_analysis_name"" : ""CLI_FRA_Default"", ""trusted_cli_policy"" : false, ""calling_cli_match_all_sites"" : false, ""equipment_type"" : ""SIPDA"", ""calling_site_cli_algo"" : ""DIV_FROM""}"
10017952,68021,"{""id"" : 68021, ""name"" : ""2246602"", ""t1t7"" : ""2246602"", ""vpn_id"" : ""10017952"", ""id_default_site"" : 410162, ""csp_customer_identifier"" : null, ""global_call_limiter"" : null, ""scl_id"" : null, ""number_pre_analysis_name"" : ""CLI_FRA_Default"", ""trusted_cli_policy"" : false, ""calling_cli_match_all_sites"" : false, ""equipment_type"" : ""SIPDA"", ""calling_site_cli_algo"" : ""DIV_FROM""}"
10002046,141482,"{""id"" : 141482, ""name"" : ""2326433"", ""t1t7"" : ""2326433"", ""vpn_id"" : ""10002046"", ""id_default_site"" : 219574, ""csp_customer_identifier"" : null, ""global_call_limiter"" : null, ""scl_id"" : null, ""number_pre_analysis_name"" : ""CLI_FRA_Default"", ""trusted_cli_policy"" : false, ""calling_cli_match_all_sites"" : false, ""equipment_type"" : ""SIPDA"", ""calling_site_cli_algo"" : ""DIV_FROM""}"
3149,172721,"{""id"" : 172721, ""name"" : ""PLAX1680_SIP"", ""t1t7"" : ""2390303"", ""vpn_id"" : ""3149"", ""id_default_site"" : -1, ""csp_customer_identifier"" : null, ""global_call_limiter"" : null, ""scl_id"" : null, ""number_pre_analysis_name"" : ""CLI_USA_Default"", ""trusted_cli_policy"" : false, ""calling_cli_match_all_sites"" : false, ""equipment_type"" : ""SIPDA"", ""calling_site_cli_algo"" : ""DIV_FROM""}"
7130,71777,"{""id"" : 71777, ""name"" : ""OPC_EMEA_8980085"", ""t1t7"" : ""8980085"", ""vpn_id"" : ""7130"", ""id_default_site"" : -1, ""csp_customer_identifier"" : null, ""global_call_limiter"" : 10, ""scl_id"" : null, ""number_pre_analysis_name"" : ""GENERIC_CLI_PROCESSING"", ""trusted_cli_policy"" : false, ""calling_cli_match_all_sites"" : false, ""equipment_type"" : ""SIPDA"", ""calling_site_cli_algo"" : ""DIV_FROM""}"
10003819,151781,"{""id"" : 151781, ""name"" : ""2240632"", ""t1t7"" : ""2240632"", ""vpn_id"" : ""10003819"", ""id_default_site"" : 233533, ""csp_customer_identifier"" : null, ""global_call_limiter"" : null, ""scl_id"" : null, ""number_pre_analysis_name"" : ""CLI_FRA_Default"", ""trusted_cli_policy"" : false, ""calling_cli_match_all_sites"" : false, ""equipment_type"" : ""SIPDA"", ""calling_site_cli_algo"" : ""DIV_FROM""}"
4813,48416,"{""id"" : 48416, ""name"" : ""IPRTM73"", ""t1t7"" : ""2385049"", ""vpn_id"" : ""4813"", ""id_default_site"" : 9346, ""csp_customer_identifier"" : null, ""global_call_limiter"" : null, ""scl_id"" : null, ""number_pre_analysis_name"" : ""CLI_NLD_Default"", ""trusted_cli_policy"" : false, ""calling_cli_match_all_sites"" : false, ""equipment_type"" : ""SIPDA"", ""calling_site_cli_algo"" : ""DIV_FROM""}"
10002046,158862,"{""id"" : 158862, ""name"" : ""2327192"", ""t1t7"" : ""2327192"", ""vpn_id"" : ""10002046"", ""id_default_site"" : 242935, ""csp_customer_identifier"" : null, ""global_call_limiter"" : null, ""scl_id"" : null, ""number_pre_analysis_name"" : ""CLI_FRA_Default"", ""trusted_cli_policy"" : false, ""calling_cli_match_all_sites"" : false, ""equipment_type"" : ""SIPDA"", ""calling_site_cli_algo"" : ""DIV_FROM""}"
10000001,41426,"{""id"" : 41426, ""name"" : ""2299001"", ""t1t7"" : ""2299001"", ""vpn_id"" : ""10000001"", ""id_default_site"" : 49757, ""csp_customer_identifier"" : null, ""global_call_limiter"" : null, ""scl_id"" : null, ""number_pre_analysis_name"" : ""CLI_FRA_Default"", ""trusted_cli_policy"" : false, ""calling_cli_match_all_sites"" : false, ""equipment_type"" : ""SIPDA"", ""calling_site_cli_algo"" : ""DIV_FROM""}"
7352,11681,"{""id"" : 11681, ""name"" : ""wbx_EUR_0025995728"", ""t1t7"" : ""8860372"", ""vpn_id"" : ""7352"", ""id_default_site"" : -1, ""csp_customer_identifier"" : null, ""global_call_limiter"" : 250, ""scl_id"" : null, ""number_pre_analysis_name"" : ""GENERIC_CLI_PROCESSING"", ""trusted_cli_policy"" : false, ""calling_cli_match_all_sites"" : false, ""equipment_type"" : ""SIPDA"", ""calling_site_cli_algo"" : ""DIV_FROM""}"
10005283,61140,"{""id"" : 61140, ""name"" : ""2246668"", ""t1t7"" : ""2246668"", ""vpn_id"" : ""10005283"", ""id_default_site"" : 360522, ""csp_customer_identifier"" : null, ""global_call_limiter"" : null, ""scl_id"" : null, ""number_pre_analysis_name"" : ""CLI_FRA_Default"", ""trusted_cli_policy"" : false, ""calling_cli_match_all_sites"" : false, ""equipment_type"" : ""SIPDA"", ""calling_site_cli_algo"" : ""DIV_FROM""}"
4856,64032,"{""id"" : 64032, ""name"" : ""Manila_GW1"", ""t1t7"" : ""2365246"", ""vpn_id"" : ""4856"", ""id_default_site"" : 379495, ""csp_customer_identifier"" : null, ""global_call_limiter"" : 60, ""scl_id"" : null, ""number_pre_analysis_name"" : ""GENERIC_CLI_PROCESSING"", ""trusted_cli_policy"" : false, ""calling_cli_match_all_sites"" : false, ""equipment_type"" : ""SIPDA"", ""calling_site_cli_algo"" : ""DIV_FROM""}"
10007650,54086,"{""id"" : 54086, ""name"" : ""2250692"", ""t1t7"" : ""2250692"", ""vpn_id"" : ""10007650"", ""id_default_site"" : 331740, ""csp_customer_identifier"" : null, ""global_call_limiter"" : null, ""scl_id"" : null, ""number_pre_analysis_name"" : ""CLI_FRA_Default"", ""trusted_cli_policy"" : false, ""calling_cli_match_all_sites"" : false, ""equipment_type"" : ""SIPDA"", ""calling_site_cli_algo"" : ""DIV_FROM""}"
7352,24721,"{""id"" : 24721, ""name"" : ""wbx_EUR_0026045618"", ""t1t7"" : ""8860580"", ""vpn_id"" : ""7352"", ""id_default_site"" : -1, ""csp_customer_identifier"" : null, ""global_call_limiter"" : 250, ""scl_id"" : null, ""number_pre_analysis_name"" : ""GENERIC_CLI_PROCESSING"", ""trusted_cli_policy"" : false, ""calling_cli_match_all_sites"" : false, ""equipment_type"" : ""SIPDA"", ""calling_site_cli_algo"" : ""DIV_FROM""}"
3670,24041,"{""id"" : 24041, ""name"" : ""Osaka_2_Voice_POC"", ""t1t7"" : ""2405067"", ""vpn_id"" : ""3670"", ""id_default_site"" : -1, ""csp_customer_identifier"" : null, ""global_call_limiter"" : 10, ""scl_id"" : null, ""number_pre_analysis_name"" : ""GENERIC_CLI_PROCESSING"", ""trusted_cli_policy"" : false, ""calling_cli_match_all_sites"" : false, ""equipment_type"" : ""SIPDA"", ""calling_site_cli_algo"" : ""DIV_FROM""}"
10003425,140504,"{""id"" : 140504, ""name"" : ""2235412"", ""t1t7"" : ""2235412"", ""vpn_id"" : ""10003425"", ""id_default_site"" : 218470, ""csp_customer_identifier"" : null, ""global_call_limiter"" : null, ""scl_id"" : null, ""number_pre_analysis_name"" : ""CLI_FRA_Default"", ""trusted_cli_policy"" : false, ""calling_cli_match_all_sites"" : false, ""equipment_type"" : ""SIPDA"", ""calling_site_cli_algo"" : ""DIV_FROM""}"
10015672,71310,"{""id"" : 71310, ""name"" : ""2315025"", ""t1t7"" : ""2315025"", ""vpn_id"" : ""10015672"", ""id_default_site"" : 432181, ""csp_customer_identifier"" : null, ""global_call_limiter"" : null, ""scl_id"" : null, ""number_pre_analysis_name"" : ""CLI_FRA_Default"", ""trusted_cli_policy"" : false, ""calling_cli_match_all_sites"" : false, ""equipment_type"" : ""SIPDA"", ""calling_site_cli_algo"" : ""DIV_FROM""}"
7019,21281,"{""id"" : 21281, ""name"" : ""SantaClara_Outbound2"", ""t1t7"" : ""2373847"", ""vpn_id"" : ""7019"", ""id_default_site"" : -1, ""csp_customer_identifier"" : null, ""global_call_limiter"" : 50, ""scl_id"" : null, ""number_pre_analysis_name"" : ""GENERIC_CLI_PROCESSING"", ""trusted_cli_policy"" : false, ""calling_cli_match_all_sites"" : false, ""equipment_type"" : ""SIPDA"", ""calling_site_cli_algo"" : ""DIV_FROM""}"
7052,60262,"{""id"" : 60262, ""name"" : ""PZME005"", ""t1t7"" : ""2370201"", ""vpn_id"" : ""7052"", ""id_default_site"" : 356007, ""csp_customer_identifier"" : null, ""global_call_limiter"" : null, ""scl_id"" : null, ""number_pre_analysis_name"" : ""GENERIC_CLI_PROCESSING"", ""trusted_cli_policy"" : false, ""calling_cli_match_all_sites"" : false, ""equipment_type"" : ""SIPDA"", ""calling_site_cli_algo"" : ""DIV_FROM""}"
10002046,155561,"{""id"" : 155561, ""name"" : ""2326823"", ""t1t7"" : ""2326823"", ""vpn_id"" : ""10002046"", ""id_default_site"" : 238355, ""csp_customer_identifier"" : null, ""global_call_limiter"" : null, ""scl_id"" : null, ""number_pre_analysis_name"" : ""CLI_FRA_Default"", ""trusted_cli_policy"" : false, ""calling_cli_match_all_sites"" : false, ""equipment_type"" : ""SIPDA"", ""calling_site_cli_algo"" : ""DIV_FROM""}"
3213,61197,"{""id"" : 61197, ""name"" : ""2373222"", ""t1t7"" : ""2373222"", ""vpn_id"" : ""3213"", ""id_default_site"" : 316269, ""csp_customer_identifier"" : null, ""global_call_limiter"" : null, ""scl_id"" : null, ""number_pre_analysis_name"" : ""GENERIC_CLI_PROCESSING"", ""trusted_cli_policy"" : false, ""calling_cli_match_all_sites"" : false, ""equipment_type"" : ""SIPDA"", ""calling_site_cli_algo"" : ""DIV_FROM""}"
4856,73311,"{""id"" : 73311, ""name"" : ""EDO_Tokyo_SBC2"", ""t1t7"" : ""2365133"", ""vpn_id"" : ""4856"", ""id_default_site"" : -1, ""csp_customer_identifier"" : null, ""global_call_limiter"" : 20, ""scl_id"" : null, ""number_pre_analysis_name"" : ""GENERIC_CLI_PROCESSING"", ""trusted_cli_policy"" : false, ""calling_cli_match_all_sites"" : false, ""equipment_type"" : ""SIPDA"", ""calling_site_cli_algo"" : ""DIV_FROM""}"
10001182,68503,"{""id"" : 68503, ""name"" : ""2325118"", ""t1t7"" : ""2325118"", ""vpn_id"" : ""10001182"", ""id_default_site"" : 71361, ""csp_customer_identifier"" : null, ""global_call_limiter"" : null, ""scl_id"" : null, ""number_pre_analysis_name"" : ""CLI_FRA_Default"", ""trusted_cli_policy"" : false, ""calling_cli_match_all_sites"" : false, ""equipment_type"" : ""SIPDA"", ""calling_site_cli_algo"" : ""DIV_FROM""}"
10002958,68970,"{""id"" : 68970, ""name"" : ""2218745"", ""t1t7"" : ""2218745"", ""vpn_id"" : ""10002958"", ""id_default_site"" : 417230, ""csp_customer_identifier"" : null, ""global_call_limiter"" : null, ""scl_id"" : null, ""number_pre_analysis_name"" : ""CLI_FRA_Default"", ""trusted_cli_policy"" : false, ""calling_cli_match_all_sites"" : false, ""equipment_type"" : ""SIPDA"", ""calling_site_cli_algo"" : ""DIV_FROM""}"
10002046,49915,"{""id"" : 49915, ""name"" : ""2327500"", ""t1t7"" : ""2327500"", ""vpn_id"" : ""10002046"", ""id_default_site"" : 315873, ""csp_customer_identifier"" : null, ""global_call_limiter"" : null, ""scl_id"" : null, ""number_pre_analysis_name"" : ""CLI_FRA_Default"", ""trusted_cli_policy"" : false, ""calling_cli_match_all_sites"" : false, ""equipment_type"" : ""SIPDA"", ""calling_site_cli_algo"" : ""DIV_FROM""}"
10000701,49161,"{""id"" : 49161, ""name"" : ""2315978"", ""t1t7"" : ""2315978"", ""vpn_id"" : ""10000701"", ""id_default_site"" : 53473, ""csp_customer_identifier"" : null, ""global_call_limiter"" : null, ""scl_id"" : null, ""number_pre_analysis_name"" : ""CLI_FRA_Default"", ""trusted_cli_policy"" : false, ""calling_cli_match_all_sites"" : false, ""equipment_type"" : ""SIPDA"", ""calling_site_cli_algo"" : ""DIV_FROM""}"
10003986,65615,"{""id"" : 65615, ""name"" : ""2268953"", ""t1t7"" : ""2268953"", ""vpn_id"" : ""10003986"", ""id_default_site"" : -1, ""csp_customer_identifier"" : null, ""global_call_limiter"" : null, ""scl_id"" : null, ""number_pre_analysis_name"" : ""CLI_FRA_Default"", ""trusted_cli_policy"" : false, ""calling_cli_match_all_sites"" : false, ""equipment_type"" : ""SIPDA"", ""calling_site_cli_algo"" : ""DIV_FROM""}"
10005435,51957,"{""id"" : 51957, ""name"" : ""2250110"", ""t1t7"" : ""2250110"", ""vpn_id"" : ""10005435"", ""id_default_site"" : 321574, ""csp_customer_identifier"" : null, ""global_call_limiter"" : null, ""scl_id"" : null, ""number_pre_analysis_name"" : ""CLI_FRA_Default"", ""trusted_cli_policy"" : false, ""calling_cli_match_all_sites"" : false, ""equipment_type"" : ""SIPDA"", ""calling_site_cli_algo"" : ""DIV_FROM""}"
10002497,133823,"{""id"" : 133823, ""name"" : ""2341044"", ""t1t7"" : ""2341044"", ""vpn_id"" : ""10002497"", ""id_default_site"" : 210481, ""csp_customer_identifier"" : null, ""global_call_limiter"" : null, ""scl_id"" : null, ""number_pre_analysis_name"" : ""CLI_FRA_Default"", ""trusted_cli_policy"" : false, ""calling_cli_match_all_sites"" : false, ""equipment_type"" : ""SIPDA"", ""calling_site_cli_algo"" : ""DIV_FROM""}"
4424,60777,"{""id"" : 60777, ""name"" : ""AF - Velizy"", ""t1t7"" : ""2360400"", ""vpn_id"" : ""4424"", ""id_default_site"" : 360810, ""csp_customer_identifier"" : null, ""global_call_limiter"" : 2100, ""scl_id"" : null, ""number_pre_analysis_name"" : ""CLI_FRA_Default"", ""trusted_cli_policy"" : false, ""calling_cli_match_all_sites"" : false, ""equipment_type"" : ""SIPDA"", ""calling_site_cli_algo"" : ""DIV_FROM""}"
10005947,52539,"{""id"" : 52539, ""name"" : ""2250483"", ""t1t7"" : ""2250483"", ""vpn_id"" : ""10005947"", ""id_default_site"" : 323588, ""csp_customer_identifier"" : null, ""global_call_limiter"" : null, ""scl_id"" : null, ""number_pre_analysis_name"" : ""CLI_FRA_Default"", ""trusted_cli_policy"" : false, ""calling_cli_match_all_sites"" : false, ""equipment_type"" : ""SIPDA"", ""calling_site_cli_algo"" : ""DIV_FROM""}"
10002046,159556,"{""id"" : 159556, ""name"" : ""2327337"", ""t1t7"" : ""2327337"", ""vpn_id"" : ""10002046"", ""id_default_site"" : 243888, ""csp_customer_identifier"" : null, ""global_call_limiter"" : null, ""scl_id"" : null, ""number_pre_analysis_name"" : ""CLI_FRA_Default"", ""trusted_cli_policy"" : false, ""calling_cli_match_all_sites"" : false, ""equipment_type"" : ""SIPDA"", ""calling_site_cli_algo"" : ""DIV_FROM""}"
10008698,9441,"{""id"" : 9441, ""name"" : ""5106024"", ""t1t7"" : ""5106024"", ""vpn_id"" : ""10008698"", ""id_default_site"" : 74481, ""csp_customer_identifier"" : null, ""global_call_limiter"" : null, ""scl_id"" : null, ""number_pre_analysis_name"" : ""CLI_FRA_Default"", ""trusted_cli_policy"" : false, ""calling_cli_match_all_sites"" : false, ""equipment_type"" : ""SIPDA"", ""calling_site_cli_algo"" : ""DIV_FROM""}"
7089,66366,"{""id"" : 66366, ""name"" : ""sony-azameast2bc01"", ""t1t7"" : ""2373846"", ""vpn_id"" : ""7089"", ""id_default_site"" : -1, ""csp_customer_identifier"" : null, ""global_call_limiter"" : 100, ""scl_id"" : null, ""number_pre_analysis_name"" : ""GENERIC_CLI_PROCESSING"", ""trusted_cli_policy"" : false, ""calling_cli_match_all_sites"" : false, ""equipment_type"" : ""SIPDA"", ""calling_site_cli_algo"" : ""DIV_FROM""}"
10004536,50173,"{""id"" : 50173, ""name"" : ""2245029"", ""t1t7"" : ""2245029"", ""vpn_id"" : ""10004536"", ""id_default_site"" : 33865, ""csp_customer_identifier"" : null, ""global_call_limiter"" : null, ""scl_id"" : null, ""number_pre_analysis_name"" : ""CLI_FRA_Default"", ""trusted_cli_policy"" : false, ""calling_cli_match_all_sites"" : false, ""equipment_type"" : ""SIPDA"", ""calling_site_cli_algo"" : ""DIV_FROM""}"
7352,23681,"{""id"" : 23681, ""name"" : ""wbx_EUR_0026052918"", ""t1t7"" : ""8860558"", ""vpn_id"" : ""7352"", ""id_default_site"" : -1, ""csp_customer_identifier"" : null, ""global_call_limiter"" : 250, ""scl_id"" : null, ""number_pre_analysis_name"" : ""GENERIC_CLI_PROCESSING"", ""trusted_cli_policy"" : false, ""calling_cli_match_all_sites"" : false, ""equipment_type"" : ""SIPDA"", ""calling_site_cli_algo"" : ""DIV_FROM""}"
7377,72206,"{""id"" : 72206, ""name"" : ""Trunk3_TKO_2365284"", ""t1t7"" : ""2365284"", ""vpn_id"" : ""7377"", ""id_default_site"" : -1, ""csp_customer_identifier"" : null, ""global_call_limiter"" : 95, ""scl_id"" : null, ""number_pre_analysis_name"" : ""GENERIC_CLI_PROCESSING"", ""trusted_cli_policy"" : false, ""calling_cli_match_all_sites"" : false, ""equipment_type"" : ""SIPDA"", ""calling_site_cli_algo"" : ""DIV_FROM""}"
10018764,69169,"{""id"" : 69169, ""name"" : ""2315035"", ""t1t7"" : ""2315035"", ""vpn_id"" : ""10018764"", ""id_default_site"" : 418489, ""csp_customer_identifier"" : null, ""global_call_limiter"" : null, ""scl_id"" : null, ""number_pre_analysis_name"" : ""CLI_FRA_Default"", ""trusted_cli_policy"" : false, ""calling_cli_match_all_sites"" : false, ""equipment_type"" : ""SIPDA"", ""calling_site_cli_algo"" : ""DIV_FROM""}"
10004318,50843,"{""id"" : 50843, ""name"" : ""2292005"", ""t1t7"" : ""2292005"", ""vpn_id"" : ""10004318"", ""id_default_site"" : 33592, ""csp_customer_identifier"" : null, ""global_call_limiter"" : null, ""scl_id"" : null, ""number_pre_analysis_name"" : ""CLI_FRA_Default"", ""trusted_cli_policy"" : false, ""calling_cli_match_all_sites"" : false, ""equipment_type"" : ""SIPDA"", ""calling_site_cli_algo"" : ""DIV_FROM""}"
10000474,47641,"{""id"" : 47641, ""name"" : ""2310074"", ""t1t7"" : ""2310074"", ""vpn_id"" : ""10000474"", ""id_default_site"" : 51330, ""csp_customer_identifier"" : null, ""global_call_limiter"" : null, ""scl_id"" : null, ""number_pre_analysis_name"" : ""CLI_FRA_Default"", ""trusted_cli_policy"" : false, ""calling_cli_match_all_sites"" : false, ""equipment_type"" : ""SIPDA"", ""calling_site_cli_algo"" : ""DIV_FROM""}"
4455,47562,"{""id"" : 47562, ""name"" : ""2360065"", ""t1t7"" : ""2360065"", ""vpn_id"" : ""4455"", ""id_default_site"" : 107213, ""csp_customer_identifier"" : null, ""global_call_limiter"" : null, ""scl_id"" : null, ""number_pre_analysis_name"" : ""CLI_FRA_Default"", ""trusted_cli_policy"" : false, ""calling_cli_match_all_sites"" : false, ""equipment_type"" : ""SIPDA"", ""calling_site_cli_algo"" : ""DIV_FROM""}"
3993,114779,"{""id"" : 114779, ""name"" : ""PLON8577_2395136"", ""t1t7"" : ""2395136"", ""vpn_id"" : ""3993"", ""id_default_site"" : 52031, ""csp_customer_identifier"" : null, ""global_call_limiter"" : null, ""scl_id"" : null, ""number_pre_analysis_name"" : ""CLI_GBR_Default"", ""trusted_cli_policy"" : false, ""calling_cli_match_all_sites"" : false, ""equipment_type"" : ""SIPDA"", ""calling_site_cli_algo"" : ""DIV_FROM""}"
10008890,62887,"{""id"" : 62887, ""name"" : ""2251427"", ""t1t7"" : ""2251427"", ""vpn_id"" : ""10008890"", ""id_default_site"" : 372301, ""csp_customer_identifier"" : null, ""global_call_limiter"" : null, ""scl_id"" : null, ""number_pre_analysis_name"" : ""CLI_FRA_Default"", ""trusted_cli_policy"" : false, ""calling_cli_match_all_sites"" : false, ""equipment_type"" : ""SIPDA"", ""calling_site_cli_algo"" : ""DIV_FROM""}"
10000358,42184,"{""id"" : 42184, ""name"" : ""2305492"", ""t1t7"" : ""2305492"", ""vpn_id"" : ""10000358"", ""id_default_site"" : 46929, ""csp_customer_identifier"" : null, ""global_call_limiter"" : null, ""scl_id"" : null, ""number_pre_analysis_name"" : ""CLI_FRA_Default"", ""trusted_cli_policy"" : false, ""calling_cli_match_all_sites"" : false, ""equipment_type"" : ""SIPDA"", ""calling_site_cli_algo"" : ""DIV_FROM""}"
10004314,176481,"{""id"" : 176481, ""name"" : ""2350744"", ""t1t7"" : ""2350744"", ""vpn_id"" : ""10004314"", ""id_default_site"" : 266753, ""csp_customer_identifier"" : null, ""global_call_limiter"" : null, ""scl_id"" : null, ""number_pre_analysis_name"" : ""CLI_FRA_Default"", ""trusted_cli_policy"" : false, ""calling_cli_match_all_sites"" : false, ""equipment_type"" : ""SIPDA"", ""calling_site_cli_algo"" : ""DIV_FROM""}"
10002030,71004,"{""id"" : 71004, ""name"" : ""2335082"", ""t1t7"" : ""2335082"", ""vpn_id"" : ""10002030"", ""id_default_site"" : 215435, ""csp_customer_identifier"" : null, ""global_call_limiter"" : 250, ""scl_id"" : null, ""number_pre_analysis_name"" : ""CLI_FRA_Default"", ""trusted_cli_policy"" : false, ""calling_cli_match_all_sites"" : false, ""equipment_type"" : ""SIPDA"", ""calling_site_cli_algo"" : ""DIV_FROM""}"
4739,62224,"{""id"" : 62224, ""name"" : ""NICE_APA_8966002"", ""t1t7"" : ""8966002"", ""vpn_id"" : ""4739"", ""id_default_site"" : 368555, ""csp_customer_identifier"" : null, ""global_call_limiter"" : 150, ""scl_id"" : null, ""number_pre_analysis_name"" : ""DEU_Default"", ""trusted_cli_policy"" : false, ""calling_cli_match_all_sites"" : false, ""equipment_type"" : ""SIPDA"", ""calling_site_cli_algo"" : ""DIV_FROM""}"
5367,79783,"{""id"" : 79783, ""name"" : ""2325790"", ""t1t7"" : ""2325790"", ""vpn_id"" : ""5367"", ""id_default_site"" : 39619, ""csp_customer_identifier"" : null, ""global_call_limiter"" : null, ""scl_id"" : null, ""number_pre_analysis_name"" : ""CLI_FRA_Default"", ""trusted_cli_policy"" : false, ""calling_cli_match_all_sites"" : false, ""equipment_type"" : ""SIPDA"", ""calling_site_cli_algo"" : ""DIV_FROM""}"
10004598,72737,"{""id"" : 72737, ""name"" : ""2223939"", ""t1t7"" : ""2223939"", ""vpn_id"" : ""10004598"", ""id_default_site"" : 441325, ""csp_customer_identifier"" : null, ""global_call_limiter"" : null, ""scl_id"" : null, ""number_pre_analysis_name"" : ""CLI_FRA_Default"", ""trusted_cli_policy"" : false, ""calling_cli_match_all_sites"" : false, ""equipment_type"" : ""SIPDA"", ""calling_site_cli_algo"" : ""DIV_FROM""}"
7352,2967,"{""id"" : 2967, ""name"" : ""wbx_EUR_0025933183"", ""t1t7"" : ""8860257"", ""vpn_id"" : ""7352"", ""id_default_site"" : -1, ""csp_customer_identifier"" : null, ""global_call_limiter"" : 250, ""scl_id"" : null, ""number_pre_analysis_name"" : ""GENERIC_CLI_PROCESSING"", ""trusted_cli_policy"" : false, ""calling_cli_match_all_sites"" : false, ""equipment_type"" : ""SIPDA"", ""calling_site_cli_algo"" : ""DIV_FROM""}"
10012286,62547,"{""id"" : 62547, ""name"" : ""2316716"", ""t1t7"" : ""2316716"", ""vpn_id"" : ""10012286"", ""id_default_site"" : 370175, ""csp_customer_identifier"" : null, ""global_call_limiter"" : null, ""scl_id"" : null, ""number_pre_analysis_name"" : ""CLI_FRA_Default"", ""trusted_cli_policy"" : false, ""calling_cli_match_all_sites"" : false, ""equipment_type"" : ""SIPDA"", ""calling_site_cli_algo"" : ""DIV_FROM""}"
3105,70357,"{""id"" : 70357, ""name"" : ""US_Brazil_PQPE"", ""t1t7"" : ""2390082"", ""vpn_id"" : ""3105"", ""id_default_site"" : 208039, ""csp_customer_identifier"" : null, ""global_call_limiter"" : 500, ""scl_id"" : null, ""number_pre_analysis_name"" : ""GENERIC_CLI_PROCESSING"", ""trusted_cli_policy"" : false, ""calling_cli_match_all_sites"" : false, ""equipment_type"" : ""SIPDA"", ""calling_site_cli_algo"" : ""DIV_FROM""}"
10006927,10301,"{""id"" : 10301, ""name"" : ""2223623"", ""t1t7"" : ""2223623"", ""vpn_id"" : ""10006927"", ""id_default_site"" : 80282, ""csp_customer_identifier"" : null, ""global_call_limiter"" : null, ""scl_id"" : null, ""number_pre_analysis_name"" : ""CLI_FRA_Default"", ""trusted_cli_policy"" : false, ""calling_cli_match_all_sites"" : false, ""equipment_type"" : ""SIPDA"", ""calling_site_cli_algo"" : ""DIV_FROM""}"
10008077,63614,"{""id"" : 63614, ""name"" : ""2218347"", ""t1t7"" : ""2218347"", ""vpn_id"" : ""10008077"", ""id_default_site"" : 376597, ""csp_customer_identifier"" : null, ""global_call_limiter"" : null, ""scl_id"" : null, ""number_pre_analysis_name"" : ""CLI_FRA_Default"", ""trusted_cli_policy"" : false, ""calling_cli_match_all_sites"" : false, ""equipment_type"" : ""SIPDA"", ""calling_site_cli_algo"" : ""DIV_FROM""}"
10004766,70620,"{""id"" : 70620, ""name"" : ""2218811"", ""t1t7"" : ""2218811"", ""vpn_id"" : ""10004766"", ""id_default_site"" : 427207, ""csp_customer_identifier"" : null, ""global_call_limiter"" : null, ""scl_id"" : null, ""number_pre_analysis_name"" : ""CLI_FRA_Default"", ""trusted_cli_policy"" : false, ""calling_cli_match_all_sites"" : false, ""equipment_type"" : ""SIPDA"", ""calling_site_cli_algo"" : ""DIV_FROM""}"
7117,56805,"{""id"" : 56805, ""name"" : ""PQBH228"", ""t1t7"" : ""2400081"", ""vpn_id"" : ""7117"", ""id_default_site"" : -1, ""csp_customer_identifier"" : null, ""global_call_limiter"" : 116, ""scl_id"" : null, ""number_pre_analysis_name"" : ""GENERIC_CLI_PROCESSING"", ""trusted_cli_policy"" : false, ""calling_cli_match_all_sites"" : false, ""equipment_type"" : ""SIPDA"", ""calling_site_cli_algo"" : ""DIV_FROM""}"
10009491,73780,"{""id"" : 73780, ""name"" : ""2214199"", ""t1t7"" : ""2214199"", ""vpn_id"" : ""10009491"", ""id_default_site"" : 446811, ""csp_customer_identifier"" : null, ""global_call_limiter"" : null, ""scl_id"" : null, ""number_pre_analysis_name"" : ""CLI_FRA_Default"", ""trusted_cli_policy"" : false, ""calling_cli_match_all_sites"" : false, ""equipment_type"" : ""SIPDA"", ""calling_site_cli_algo"" : ""DIV_FROM""}"
10000890,53804,"{""id"" : 53804, ""name"" : ""2320180"", ""t1t7"" : ""2320180"", ""vpn_id"" : ""10000890"", ""id_default_site"" : 7840, ""csp_customer_identifier"" : null, ""global_call_limiter"" : null, ""scl_id"" : null, ""number_pre_analysis_name"" : ""CLI_FRA_Default"", ""trusted_cli_policy"" : false, ""calling_cli_match_all_sites"" : false, ""equipment_type"" : ""SIPDA"", ""calling_site_cli_algo"" : ""DIV_FROM""}"
10004785,50214,"{""id"" : 50214, ""name"" : ""2245814"", ""t1t7"" : ""2245814"", ""vpn_id"" : ""10004785"", ""id_default_site"" : 316975, ""csp_customer_identifier"" : null, ""global_call_limiter"" : null, ""scl_id"" : null, ""number_pre_analysis_name"" : ""CLI_FRA_Default"", ""trusted_cli_policy"" : false, ""calling_cli_match_all_sites"" : false, ""equipment_type"" : ""SIPDA"", ""calling_site_cli_algo"" : ""DIV_FROM""}"
10003491,71242,"{""id"" : 71242, ""name"" : ""2265162"", ""t1t7"" : ""2265162"", ""vpn_id"" : ""10003491"", ""id_default_site"" : 431723, ""csp_customer_identifier"" : null, ""global_call_limiter"" : null, ""scl_id"" : null, ""number_pre_analysis_name"" : ""CLI_FRA_Default"", ""trusted_cli_policy"" : false, ""calling_cli_match_all_sites"" : false, ""equipment_type"" : ""SIPDA"", ""calling_site_cli_algo"" : ""DIV_FROM""}"
10000805,73072,"{""id"" : 73072, ""name"" : ""2214223"", ""t1t7"" : ""2214223"", ""vpn_id"" : ""10000805"", ""id_default_site"" : 443170, ""csp_customer_identifier"" : null, ""global_call_limiter"" : null, ""scl_id"" : null, ""number_pre_analysis_name"" : ""CLI_FRA_Default"", ""trusted_cli_policy"" : false, ""calling_cli_match_all_sites"" : false, ""equipment_type"" : ""SIPDA"", ""calling_site_cli_algo"" : ""DIV_FROM""}"
3902,52260,"{""id"" : 52260, ""name"" : ""2315587"", ""t1t7"" : ""2315587"", ""vpn_id"" : ""3902"", ""id_default_site"" : 322528, ""csp_customer_identifier"" : null, ""global_call_limiter"" : null, ""scl_id"" : null, ""number_pre_analysis_name"" : ""CLI_FRA_Default"", ""trusted_cli_policy"" : false, ""calling_cli_match_all_sites"" : false, ""equipment_type"" : ""SIPDA"", ""calling_site_cli_algo"" : ""DIV_FROM""}"
7352,72749,"{""id"" : 72749, ""name"" : ""wbx_EUR_0025843638"", ""t1t7"" : ""8860036"", ""vpn_id"" : ""7352"", ""id_default_site"" : -1, ""csp_customer_identifier"" : null, ""global_call_limiter"" : 250, ""scl_id"" : null, ""number_pre_analysis_name"" : ""GENERIC_CLI_PROCESSING"", ""trusted_cli_policy"" : false, ""calling_cli_match_all_sites"" : false, ""equipment_type"" : ""SIPDA"", ""calling_site_cli_algo"" : ""DIV_FROM""}"
10008608,2521,"{""id"" : 2521, ""name"" : ""5105155"", ""t1t7"" : ""5105155"", ""vpn_id"" : ""10008608"", ""id_default_site"" : -1, ""csp_customer_identifier"" : null, ""global_call_limiter"" : null, ""scl_id"" : null, ""number_pre_analysis_name"" : ""CLI_FRA_Default"", ""trusted_cli_policy"" : false, ""calling_cli_match_all_sites"" : false, ""equipment_type"" : ""SIPDA"", ""calling_site_cli_algo"" : ""DIV_FROM""}"
10006642,53340,"{""id"" : 53340, ""name"" : ""2250649"", ""t1t7"" : ""2250649"", ""vpn_id"" : ""10006642"", ""id_default_site"" : 329787, ""csp_customer_identifier"" : null, ""global_call_limiter"" : null, ""scl_id"" : null, ""number_pre_analysis_name"" : ""GENERIC_CLI_PROCESSING"", ""trusted_cli_policy"" : false, ""calling_cli_match_all_sites"" : false, ""equipment_type"" : ""SIPDA"", ""calling_site_cli_algo"" : ""DIV_FROM""}"
10005469,53013,"{""id"" : 53013, ""name"" : ""2250329"", ""t1t7"" : ""2250329"", ""vpn_id"" : ""10005469"", ""id_default_site"" : 325252, ""csp_customer_identifier"" : null, ""global_call_limiter"" : null, ""scl_id"" : null, ""number_pre_analysis_name"" : ""CLI_FRA_Default"", ""trusted_cli_policy"" : false, ""calling_cli_match_all_sites"" : false, ""equipment_type"" : ""SIPDA"", ""calling_site_cli_algo"" : ""DIV_FROM""}"
4520,58850,"{""id"" : 58850, ""name"" : ""2368509"", ""t1t7"" : ""2368509"", ""vpn_id"" : ""4520"", ""id_default_site"" : 255475, ""csp_customer_identifier"" : null, ""global_call_limiter"" : null, ""scl_id"" : null, ""number_pre_analysis_name"" : ""GENERIC_CLI_PROCESSING"", ""trusted_cli_policy"" : false, ""calling_cli_match_all_sites"" : false, ""equipment_type"" : ""SIPDA"", ""calling_site_cli_algo"" : ""DIV_FROM""}"
3658,67310,"{""id"" : 67310, ""name"" : ""USA_2390410"", ""t1t7"" : ""2390410"", ""vpn_id"" : ""3658"", ""id_default_site"" : -1, ""csp_customer_identifier"" : null, ""global_call_limiter"" : 100, ""scl_id"" : null, ""number_pre_analysis_name"" : ""GENERIC_CLI_PROCESSING"", ""trusted_cli_policy"" : false, ""calling_cli_match_all_sites"" : false, ""equipment_type"" : ""SIPDA"", ""calling_site_cli_algo"" : ""DIV_FROM""}"
10003072,60402,"{""id"" : 60402, ""name"" : ""2223367"", ""t1t7"" : ""2223367"", ""vpn_id"" : ""10003072"", ""id_default_site"" : 356512, ""csp_customer_identifier"" : null, ""global_call_limiter"" : null, ""scl_id"" : null, ""number_pre_analysis_name"" : ""CLI_FRA_Default"", ""trusted_cli_policy"" : false, ""calling_cli_match_all_sites"" : false, ""equipment_type"" : ""SIPDA"", ""calling_site_cli_algo"" : ""DIV_FROM""}"
7352,12241,"{""id"" : 12241, ""name"" : ""wbx_EUR_0025967774"", ""t1t7"" : ""8860382"", ""vpn_id"" : ""7352"", ""id_default_site"" : -1, ""csp_customer_identifier"" : null, ""global_call_limiter"" : 250, ""scl_id"" : null, ""number_pre_analysis_name"" : ""GENERIC_CLI_PROCESSING"", ""trusted_cli_policy"" : false, ""calling_cli_match_all_sites"" : false, ""equipment_type"" : ""SIPDA"", ""calling_site_cli_algo"" : ""DIV_FROM""}"
4906,146422,"{""id"" : 146422, ""name"" : ""Resolute"", ""t1t7"" : ""2385663"", ""vpn_id"" : ""4906"", ""id_default_site"" : 226274, ""csp_customer_identifier"" : null, ""global_call_limiter"" : null, ""scl_id"" : null, ""number_pre_analysis_name"" : ""CLI_DNK_Default"", ""trusted_cli_policy"" : false, ""calling_cli_match_all_sites"" : false, ""equipment_type"" : ""SIPDA"", ""calling_site_cli_algo"" : ""DIV_FROM""}"
10003763,54309,"{""id"" : 54309, ""name"" : ""2241088"", ""t1t7"" : ""2241088"", ""vpn_id"" : ""10003763"", ""id_default_site"" : 333158, ""csp_customer_identifier"" : null, ""global_call_limiter"" : null, ""scl_id"" : null, ""number_pre_analysis_name"" : ""CLI_FRA_Default"", ""trusted_cli_policy"" : false, ""calling_cli_match_all_sites"" : false, ""equipment_type"" : ""SIPDA"", ""calling_site_cli_algo"" : ""DIV_FROM""}"
10000397,55288,"{""id"" : 55288, ""name"" : ""2225219"", ""t1t7"" : ""2225219"", ""vpn_id"" : ""10000397"", ""id_default_site"" : 336688, ""csp_customer_identifier"" : null, ""global_call_limiter"" : null, ""scl_id"" : null, ""number_pre_analysis_name"" : ""CLI_FRA_Default"", ""trusted_cli_policy"" : false, ""calling_cli_match_all_sites"" : false, ""equipment_type"" : ""SIPDA"", ""calling_site_cli_algo"" : ""DIV_FROM""}"
10004216,68192,"{""id"" : 68192, ""name"" : ""2214020"", ""t1t7"" : ""2214020"", ""vpn_id"" : ""10004216"", ""id_default_site"" : 411642, ""csp_customer_identifier"" : null, ""global_call_limiter"" : null, ""scl_id"" : null, ""number_pre_analysis_name"" : ""CLI_FRA_Default"", ""trusted_cli_policy"" : false, ""calling_cli_match_all_sites"" : false, ""equipment_type"" : ""SIPDA"", ""calling_site_cli_algo"" : ""DIV_FROM""}"
3998,52977,"{""id"" : 52977, ""name"" : ""8128097_PGIawcG_BkUp"", ""t1t7"" : ""8128097"", ""vpn_id"" : ""3998"", ""id_default_site"" : 325177, ""csp_customer_identifier"" : null, ""global_call_limiter"" : null, ""scl_id"" : null, ""number_pre_analysis_name"" : ""CLI_FRA_Default"", ""trusted_cli_policy"" : false, ""calling_cli_match_all_sites"" : false, ""equipment_type"" : ""SIPDA"", ""calling_site_cli_algo"" : ""DIV_FROM""}"
7513,54939,"{""id"" : 54939, ""name"" : ""PBKL012"", ""t1t7"" : ""2370130"", ""vpn_id"" : ""7513"", ""id_default_site"" : 342163, ""csp_customer_identifier"" : null, ""global_call_limiter"" : 1, ""scl_id"" : null, ""number_pre_analysis_name"" : ""GENERIC_CLI_PROCESSING"", ""trusted_cli_policy"" : false, ""calling_cli_match_all_sites"" : false, ""equipment_type"" : ""SIPDA"", ""calling_site_cli_algo"" : ""DIV_FROM""}"
10010730,67689,"{""id"" : 67689, ""name"" : ""2214881"", ""t1t7"" : ""2214881"", ""vpn_id"" : ""10010730"", ""id_default_site"" : 407997, ""csp_customer_identifier"" : null, ""global_call_limiter"" : null, ""scl_id"" : null, ""number_pre_analysis_name"" : ""CLI_FRA_Default"", ""trusted_cli_policy"" : false, ""calling_cli_match_all_sites"" : false, ""equipment_type"" : ""SIPDA"", ""calling_site_cli_algo"" : ""DIV_FROM""}"
10009549,72932,"{""id"" : 72932, ""name"" : ""2214201"", ""t1t7"" : ""2214201"", ""vpn_id"" : ""10009549"", ""id_default_site"" : 442478, ""csp_customer_identifier"" : null, ""global_call_limiter"" : null, ""scl_id"" : null, ""number_pre_analysis_name"" : ""CLI_FRA_Default"", ""trusted_cli_policy"" : false, ""calling_cli_match_all_sites"" : false, ""equipment_type"" : ""SIPDA"", ""calling_site_cli_algo"" : ""DIV_FROM""}"
10004397,49410,"{""id"" : 49410, ""name"" : ""2351272"", ""t1t7"" : ""2351272"", ""vpn_id"" : ""10004397"", ""id_default_site"" : 313691, ""csp_customer_identifier"" : null, ""global_call_limiter"" : null, ""scl_id"" : null, ""number_pre_analysis_name"" : ""CLI_FRA_Default"", ""trusted_cli_policy"" : false, ""calling_cli_match_all_sites"" : false, ""equipment_type"" : ""SIPDA"", ""calling_site_cli_algo"" : ""DIV_FROM""}"
10003547,142901,"{""id"" : 142901, ""name"" : ""2337011"", ""t1t7"" : ""2337011"", ""vpn_id"" : ""10003547"", ""id_default_site"" : 221165, ""csp_customer_identifier"" : null, ""global_call_limiter"" : 10, ""scl_id"" : null, ""number_pre_analysis_name"" : ""CLI_FRA_Default"", ""trusted_cli_policy"" : false, ""calling_cli_match_all_sites"" : false, ""equipment_type"" : ""SIPDA"", ""calling_site_cli_algo"" : ""DIV_FROM""}"
10003631,55146,"{""id"" : 55146, ""name"" : ""2241116"", ""t1t7"" : ""2241116"", ""vpn_id"" : ""10003631"", ""id_default_site"" : 336391, ""csp_customer_identifier"" : null, ""global_call_limiter"" : null, ""scl_id"" : null, ""number_pre_analysis_name"" : ""CLI_FRA_Default"", ""trusted_cli_policy"" : false, ""calling_cli_match_all_sites"" : false, ""equipment_type"" : ""SIPDA"", ""calling_site_cli_algo"" : ""DIV_FROM""}"
3250,178469,"{""id"" : 178469, ""name"" : ""PAUS291 probe"", ""t1t7"" : ""2370046"", ""vpn_id"" : ""3250"", ""id_default_site"" : -1, ""csp_customer_identifier"" : null, ""global_call_limiter"" : null, ""scl_id"" : null, ""number_pre_analysis_name"" : ""CLI_USA_Default"", ""trusted_cli_policy"" : false, ""calling_cli_match_all_sites"" : false, ""equipment_type"" : ""SIPDA"", ""calling_site_cli_algo"" : ""DIV_FROM""}"
5106,53005,"{""id"" : 53005, ""name"" : ""2320033"", ""t1t7"" : ""2320033"", ""vpn_id"" : ""5106"", ""id_default_site"" : 40095, ""csp_customer_identifier"" : null, ""global_call_limiter"" : null, ""scl_id"" : null, ""number_pre_analysis_name"" : ""CLI_FRA_Default"", ""trusted_cli_policy"" : false, ""calling_cli_match_all_sites"" : false, ""equipment_type"" : ""SIPDA"", ""calling_site_cli_algo"" : ""DIV_FROM""}"
10004621,48788,"{""id"" : 48788, ""name"" : ""2245121"", ""t1t7"" : ""2245121"", ""vpn_id"" : ""10004621"", ""id_default_site"" : 25922, ""csp_customer_identifier"" : null, ""global_call_limiter"" : null, ""scl_id"" : null, ""number_pre_analysis_name"" : ""CLI_FRA_Default"", ""trusted_cli_policy"" : false, ""calling_cli_match_all_sites"" : false, ""equipment_type"" : ""SIPDA"", ""calling_site_cli_algo"" : ""DIV_FROM""}"
10003454,140843,"{""id"" : 140843, ""name"" : ""2235454"", ""t1t7"" : ""2235454"", ""vpn_id"" : ""10003454"", ""id_default_site"" : 218784, ""csp_customer_identifier"" : null, ""global_call_limiter"" : null, ""scl_id"" : null, ""number_pre_analysis_name"" : ""CLI_FRA_Default"", ""trusted_cli_policy"" : false, ""calling_cli_match_all_sites"" : false, ""equipment_type"" : ""SIPDA"", ""calling_site_cli_algo"" : ""DIV_FROM""}"
3113,84242,"{""id"" : 84242, ""name"" : ""2390059_Pittsburgh_2"", ""t1t7"" : ""2390059"", ""vpn_id"" : ""3113"", ""id_default_site"" : -1, ""csp_customer_identifier"" : null, ""global_call_limiter"" : 200, ""scl_id"" : null, ""number_pre_analysis_name"" : ""CLI_USA_Default"", ""trusted_cli_policy"" : false, ""calling_cli_match_all_sites"" : false, ""equipment_type"" : ""SIPDA"", ""calling_site_cli_algo"" : ""DIV_FROM""}"
3955,69701,"{""id"" : 69701, ""name"" : ""2325169"", ""t1t7"" : ""2325169"", ""vpn_id"" : ""3955"", ""id_default_site"" : 24211, ""csp_customer_identifier"" : null, ""global_call_limiter"" : null, ""scl_id"" : null, ""number_pre_analysis_name"" : ""CLI_FRA_Default"", ""trusted_cli_policy"" : false, ""calling_cli_match_all_sites"" : false, ""equipment_type"" : ""SIPDA"", ""calling_site_cli_algo"" : ""DIV_FROM""}"
7056,68336,"{""id"" : 68336, ""name"" : ""Cisco_Dallas_2370275"", ""t1t7"" : ""2370275"", ""vpn_id"" : ""7056"", ""id_default_site"" : -1, ""csp_customer_identifier"" : null, ""global_call_limiter"" : 1500, ""scl_id"" : null, ""number_pre_analysis_name"" : ""GENERIC_CLI_PROCESSING"", ""trusted_cli_policy"" : false, ""calling_cli_match_all_sites"" : false, ""equipment_type"" : ""SIPDA"", ""calling_site_cli_algo"" : ""DIV_FROM""}"
10012979,65498,"{""id"" : 65498, ""name"" : ""2315776"", ""t1t7"" : ""2315776"", ""vpn_id"" : ""10012979"", ""id_default_site"" : 391945, ""csp_customer_identifier"" : null, ""global_call_limiter"" : null, ""scl_id"" : null, ""number_pre_analysis_name"" : ""CLI_FRA_Default"", ""trusted_cli_policy"" : false, ""calling_cli_match_all_sites"" : false, ""equipment_type"" : ""SIPDA"", ""calling_site_cli_algo"" : ""DIV_FROM""}"
7278,66389,"{""id"" : 66389, ""name"" : ""OPC_<EMEA>_8980058"", ""t1t7"" : ""8980058"", ""vpn_id"" : ""7278"", ""id_default_site"" : -1, ""csp_customer_identifier"" : null, ""global_call_limiter"" : 25, ""scl_id"" : null, ""number_pre_analysis_name"" : ""GENERIC_CLI_PROCESSING"", ""trusted_cli_policy"" : false, ""calling_cli_match_all_sites"" : false, ""equipment_type"" : ""SIPDA"", ""calling_site_cli_algo"" : ""DIV_FROM""}"
10005223,50638,"{""id"" : 50638, ""name"" : ""2294002"", ""t1t7"" : ""2294002"", ""vpn_id"" : ""10005223"", ""id_default_site"" : 35247, ""csp_customer_identifier"" : null, ""global_call_limiter"" : null, ""scl_id"" : null, ""number_pre_analysis_name"" : ""CLI_FRA_Default"", ""trusted_cli_policy"" : false, ""calling_cli_match_all_sites"" : false, ""equipment_type"" : ""SIPDA"", ""calling_site_cli_algo"" : ""DIV_FROM""}"
3929,47850,"{""id"" : 47850, ""name"" : ""2321898"", ""t1t7"" : ""2321898"", ""vpn_id"" : ""3929"", ""id_default_site"" : 290803, ""csp_customer_identifier"" : null, ""global_call_limiter"" : null, ""scl_id"" : null, ""number_pre_analysis_name"" : ""CLI_FRA_Default"", ""trusted_cli_policy"" : false, ""calling_cli_match_all_sites"" : false, ""equipment_type"" : ""SIPDA"", ""calling_site_cli_algo"" : ""DIV_FROM""}"
10004814,66060,"{""id"" : 66060, ""name"" : ""2245555"", ""t1t7"" : ""2245555"", ""vpn_id"" : ""10004814"", ""id_default_site"" : 36608, ""csp_customer_identifier"" : null, ""global_call_limiter"" : null, ""scl_id"" : null, ""number_pre_analysis_name"" : ""CLI_FRA_Default"", ""trusted_cli_policy"" : false, ""calling_cli_match_all_sites"" : false, ""equipment_type"" : ""SIPDA"", ""calling_site_cli_algo"" : ""DIV_FROM""}"
10005454,58275,"{""id"" : 58275, ""name"" : ""2250135"", ""t1t7"" : ""2250135"", ""vpn_id"" : ""10005454"", ""id_default_site"" : 348861, ""csp_customer_identifier"" : null, ""global_call_limiter"" : null, ""scl_id"" : null, ""number_pre_analysis_name"" : ""GENERIC_CLI_PROCESSING"", ""trusted_cli_policy"" : false, ""calling_cli_match_all_sites"" : false, ""equipment_type"" : ""SIPDA"", ""calling_site_cli_algo"" : ""DIV_FROM""}"
10003807,70261,"{""id"" : 70261, ""name"" : ""2215012"", ""t1t7"" : ""2215012"", ""vpn_id"" : ""10003807"", ""id_default_site"" : 424939, ""csp_customer_identifier"" : null, ""global_call_limiter"" : null, ""scl_id"" : null, ""number_pre_analysis_name"" : ""CLI_FRA_Default"", ""trusted_cli_policy"" : false, ""calling_cli_match_all_sites"" : false, ""equipment_type"" : ""SIPDA"", ""calling_site_cli_algo"" : ""DIV_FROM""}"
10005582,73794,"{""id"" : 73794, ""name"" : ""2218101"", ""t1t7"" : ""2218101"", ""vpn_id"" : ""10005582"", ""id_default_site"" : -1, ""csp_customer_identifier"" : null, ""global_call_limiter"" : null, ""scl_id"" : null, ""number_pre_analysis_name"" : ""CLI_FRA_Default"", ""trusted_cli_policy"" : false, ""calling_cli_match_all_sites"" : false, ""equipment_type"" : ""SIPDA"", ""calling_site_cli_algo"" : ""DIV_FROM""}"
7117,56806,"{""id"" : 56806, ""name"" : ""PXTT082"", ""t1t7"" : ""2400082"", ""vpn_id"" : ""7117"", ""id_default_site"" : -1, ""csp_customer_identifier"" : null, ""global_call_limiter"" : 116, ""scl_id"" : null, ""number_pre_analysis_name"" : ""GENERIC_CLI_PROCESSING"", ""trusted_cli_policy"" : false, ""calling_cli_match_all_sites"" : false, ""equipment_type"" : ""SIPDA"", ""calling_site_cli_algo"" : ""DIV_FROM""}"
10014860,59053,"{""id"" : 59053, ""name"" : ""2316512"", ""t1t7"" : ""2316512"", ""vpn_id"" : ""10014860"", ""id_default_site"" : -1, ""csp_customer_identifier"" : null, ""global_call_limiter"" : null, ""scl_id"" : null, ""number_pre_analysis_name"" : ""CLI_FRA_Default"", ""trusted_cli_policy"" : false, ""calling_cli_match_all_sites"" : false, ""equipment_type"" : ""SIPDA"", ""calling_site_cli_algo"" : ""DIV_FROM""}"
10003577,146141,"{""id"" : 146141, ""name"" : ""2240317"", ""t1t7"" : ""2240317"", ""vpn_id"" : ""10003577"", ""id_default_site"" : 225853, ""csp_customer_identifier"" : null, ""global_call_limiter"" : null, ""scl_id"" : null, ""number_pre_analysis_name"" : ""CLI_FRA_Default"", ""trusted_cli_policy"" : false, ""calling_cli_match_all_sites"" : false, ""equipment_type"" : ""SIPDA"", ""calling_site_cli_algo"" : ""DIV_FROM""}"
10004419,48026,"{""id"" : 48026, ""name"" : ""2351022"", ""t1t7"" : ""2351022"", ""vpn_id"" : ""10004419"", ""id_default_site"" : 311239, ""csp_customer_identifier"" : null, ""global_call_limiter"" : null, ""scl_id"" : null, ""number_pre_analysis_name"" : ""CLI_FRA_Default"", ""trusted_cli_policy"" : false, ""calling_cli_match_all_sites"" : false, ""equipment_type"" : ""SIPDA"", ""calling_site_cli_algo"" : ""DIV_FROM""}"
10007163,70249,"{""id"" : 70249, ""name"" : ""2218767"", ""t1t7"" : ""2218767"", ""vpn_id"" : ""10007163"", ""id_default_site"" : 424871, ""csp_customer_identifier"" : null, ""global_call_limiter"" : null, ""scl_id"" : null, ""number_pre_analysis_name"" : ""CLI_FRA_Default"", ""trusted_cli_policy"" : false, ""calling_cli_match_all_sites"" : false, ""equipment_type"" : ""SIPDA"", ""calling_site_cli_algo"" : ""DIV_FROM""}"
7352,11021,"{""id"" : 11021, ""name"" : ""wbx_EUR_0025808421"", ""t1t7"" : ""8860368"", ""vpn_id"" : ""7352"", ""id_default_site"" : -1, ""csp_customer_identifier"" : null, ""global_call_limiter"" : 250, ""scl_id"" : null, ""number_pre_analysis_name"" : ""GENERIC_CLI_PROCESSING"", ""trusted_cli_policy"" : false, ""calling_cli_match_all_sites"" : false, ""equipment_type"" : ""SIPDA"", ""calling_site_cli_algo"" : ""DIV_FROM""}"
10002046,129601,"{""id"" : 129601, ""name"" : ""2326266"", ""t1t7"" : ""2326266"", ""vpn_id"" : ""10002046"", ""id_default_site"" : 204653, ""csp_customer_identifier"" : null, ""global_call_limiter"" : null, ""scl_id"" : null, ""number_pre_analysis_name"" : ""CLI_FRA_Default"", ""trusted_cli_policy"" : false, ""calling_cli_match_all_sites"" : false, ""equipment_type"" : ""SIPDA"", ""calling_site_cli_algo"" : ""DIV_FROM""}"
10003746,69379,"{""id"" : 69379, ""name"" : ""2350689"", ""t1t7"" : ""2350689"", ""vpn_id"" : ""10003746"", ""id_default_site"" : 419384, ""csp_customer_identifier"" : null, ""global_call_limiter"" : null, ""scl_id"" : null, ""number_pre_analysis_name"" : ""CLI_FRA_Default"", ""trusted_cli_policy"" : false, ""calling_cli_match_all_sites"" : false, ""equipment_type"" : ""SIPDA"", ""calling_site_cli_algo"" : ""DIV_FROM""}"
10000450,45185,"{""id"" : 45185, ""name"" : ""2300502"", ""t1t7"" : ""2300502"", ""vpn_id"" : ""10000450"", ""id_default_site"" : 49547, ""csp_customer_identifier"" : null, ""global_call_limiter"" : null, ""scl_id"" : null, ""number_pre_analysis_name"" : ""CLI_FRA_Default"", ""trusted_cli_policy"" : false, ""calling_cli_match_all_sites"" : false, ""equipment_type"" : ""SIPDA"", ""calling_site_cli_algo"" : ""DIV_FROM""}"
10000213,118563,"{""id"" : 118563, ""name"" : ""2305129"", ""t1t7"" : ""2305129"", ""vpn_id"" : ""10000213"", ""id_default_site"" : 193056, ""csp_customer_identifier"" : null, ""global_call_limiter"" : null, ""scl_id"" : null, ""number_pre_analysis_name"" : ""CLI_FRA_Default"", ""trusted_cli_policy"" : false, ""calling_cli_match_all_sites"" : false, ""equipment_type"" : ""SIPDA"", ""calling_site_cli_algo"" : ""DIV_FROM""}"
3248,13261,"{""id"" : 13261, ""name"" : ""2350310"", ""t1t7"" : ""2350310"", ""vpn_id"" : ""3248"", ""id_default_site"" : 251677, ""csp_customer_identifier"" : null, ""global_call_limiter"" : null, ""scl_id"" : null, ""number_pre_analysis_name"" : ""CLI_FRA_NPV_Orange"", ""trusted_cli_policy"" : false, ""calling_cli_match_all_sites"" : false, ""equipment_type"" : ""SIPDA"", ""calling_site_cli_algo"" : ""DIV_FROM""}"
10007669,54133,"{""id"" : 54133, ""name"" : ""2250908"", ""t1t7"" : ""2250908"", ""vpn_id"" : ""10007669"", ""id_default_site"" : 331982, ""csp_customer_identifier"" : null, ""global_call_limiter"" : null, ""scl_id"" : null, ""number_pre_analysis_name"" : ""CLI_FRA_Default"", ""trusted_cli_policy"" : false, ""calling_cli_match_all_sites"" : false, ""equipment_type"" : ""SIPDA"", ""calling_site_cli_algo"" : ""DIV_FROM""}"
10004480,72913,"{""id"" : 72913, ""name"" : ""2265194"", ""t1t7"" : ""2265194"", ""vpn_id"" : ""10004480"", ""id_default_site"" : 442359, ""csp_customer_identifier"" : null, ""global_call_limiter"" : null, ""scl_id"" : null, ""number_pre_analysis_name"" : ""CLI_FRA_Default"", ""trusted_cli_policy"" : false, ""calling_cli_match_all_sites"" : false, ""equipment_type"" : ""SIPDA"", ""calling_site_cli_algo"" : ""DIV_FROM""}"
10007656,57212,"{""id"" : 57212, ""name"" : ""2250870"", ""t1t7"" : ""2250870"", ""vpn_id"" : ""10007656"", ""id_default_site"" : 345809, ""csp_customer_identifier"" : null, ""global_call_limiter"" : null, ""scl_id"" : null, ""number_pre_analysis_name"" : ""CLI_FRA_Default"", ""trusted_cli_policy"" : false, ""calling_cli_match_all_sites"" : false, ""equipment_type"" : ""SIPDA"", ""calling_site_cli_algo"" : ""DIV_FROM""}"
10002335,68314,"{""id"" : 68314, ""name"" : ""2351266"", ""t1t7"" : ""2351266"", ""vpn_id"" : ""10002335"", ""id_default_site"" : 412178, ""csp_customer_identifier"" : null, ""global_call_limiter"" : null, ""scl_id"" : null, ""number_pre_analysis_name"" : ""CLI_FRA_Default"", ""trusted_cli_policy"" : false, ""calling_cli_match_all_sites"" : false, ""equipment_type"" : ""SIPDA"", ""calling_site_cli_algo"" : ""DIV_FROM""}"
10000116,42028,"{""id"" : 42028, ""name"" : ""2300436"", ""t1t7"" : ""2300436"", ""vpn_id"" : ""10000116"", ""id_default_site"" : -1, ""csp_customer_identifier"" : null, ""global_call_limiter"" : null, ""scl_id"" : null, ""number_pre_analysis_name"" : ""CLI_FRA_Default"", ""trusted_cli_policy"" : false, ""calling_cli_match_all_sites"" : false, ""equipment_type"" : ""SIPDA"", ""calling_site_cli_algo"" : ""DIV_FROM""}"
10015335,60257,"{""id"" : 60257, ""name"" : ""2292010"", ""t1t7"" : ""2292010"", ""vpn_id"" : ""10015335"", ""id_default_site"" : 352167, ""csp_customer_identifier"" : null, ""global_call_limiter"" : null, ""scl_id"" : null, ""number_pre_analysis_name"" : ""CLI_FRA_Default"", ""trusted_cli_policy"" : false, ""calling_cli_match_all_sites"" : false, ""equipment_type"" : ""SIPDA"", ""calling_site_cli_algo"" : ""DIV_FROM""}"
5259,94181,"{""id"" : 94181, ""name"" : ""2340326"", ""t1t7"" : ""2340326"", ""vpn_id"" : ""5259"", ""id_default_site"" : -1, ""csp_customer_identifier"" : null, ""global_call_limiter"" : null, ""scl_id"" : null, ""number_pre_analysis_name"" : ""CLI_FRA_Default"", ""trusted_cli_policy"" : false, ""calling_cli_match_all_sites"" : false, ""equipment_type"" : ""SIPDA"", ""calling_site_cli_algo"" : ""DIV_FROM""}"
7352,15281,"{""id"" : 15281, ""name"" : ""wbx_EUR_0026016029"", ""t1t7"" : ""8860426"", ""vpn_id"" : ""7352"", ""id_default_site"" : -1, ""csp_customer_identifier"" : null, ""global_call_limiter"" : 250, ""scl_id"" : null, ""number_pre_analysis_name"" : ""GENERIC_CLI_PROCESSING"", ""trusted_cli_policy"" : false, ""calling_cli_match_all_sites"" : false, ""equipment_type"" : ""SIPDA"", ""calling_site_cli_algo"" : ""DIV_FROM""}"
7352,73620,"{""id"" : 73620, ""name"" : ""wbx_EUR_0025824601"", ""t1t7"" : ""8860152"", ""vpn_id"" : ""7352"", ""id_default_site"" : -1, ""csp_customer_identifier"" : null, ""global_call_limiter"" : 250, ""scl_id"" : null, ""number_pre_analysis_name"" : ""GENERIC_CLI_PROCESSING"", ""trusted_cli_policy"" : false, ""calling_cli_match_all_sites"" : false, ""equipment_type"" : ""SIPDA"", ""calling_site_cli_algo"" : ""DIV_FROM""}"
10008128,54905,"{""id"" : 54905, ""name"" : ""2250934"", ""t1t7"" : ""2250934"", ""vpn_id"" : ""10008128"", ""id_default_site"" : 335197, ""csp_customer_identifier"" : null, ""global_call_limiter"" : null, ""scl_id"" : null, ""number_pre_analysis_name"" : ""CLI_FRA_Default"", ""trusted_cli_policy"" : false, ""calling_cli_match_all_sites"" : false, ""equipment_type"" : ""SIPDA"", ""calling_site_cli_algo"" : ""DIV_FROM""}"
10001092,50389,"{""id"" : 50389, ""name"" : ""2320275"", ""t1t7"" : ""2320275"", ""vpn_id"" : ""10001092"", ""id_default_site"" : -1, ""csp_customer_identifier"" : null, ""global_call_limiter"" : null, ""scl_id"" : null, ""number_pre_analysis_name"" : ""CLI_FRA_Default"", ""trusted_cli_policy"" : false, ""calling_cli_match_all_sites"" : false, ""equipment_type"" : ""SIPDA"", ""calling_site_cli_algo"" : ""DIV_FROM""}"
3357,48464,"{""id"" : 48464, ""name"" : ""2315216"", ""t1t7"" : ""2315216"", ""vpn_id"" : ""3357"", ""id_default_site"" : 11142, ""csp_customer_identifier"" : null, ""global_call_limiter"" : null, ""scl_id"" : null, ""number_pre_analysis_name"" : ""CLI_FRA_Default"", ""trusted_cli_policy"" : false, ""calling_cli_match_all_sites"" : false, ""equipment_type"" : ""SIPDA"", ""calling_site_cli_algo"" : ""DIV_FROM""}"
10000869,124866,"{""id"" : 124866, ""name"" : ""2311065"", ""t1t7"" : ""2311065"", ""vpn_id"" : ""10000869"", ""id_default_site"" : -1, ""csp_customer_identifier"" : null, ""global_call_limiter"" : null, ""scl_id"" : null, ""number_pre_analysis_name"" : ""CLI_FRA_Default"", ""trusted_cli_policy"" : false, ""calling_cli_match_all_sites"" : false, ""equipment_type"" : ""SIPDA"", ""calling_site_cli_algo"" : ""DIV_FROM""}"
10000793,45196,"{""id"" : 45196, ""name"" : ""2300561"", ""t1t7"" : ""2300561"", ""vpn_id"" : ""10000793"", ""id_default_site"" : 45336, ""csp_customer_identifier"" : null, ""global_call_limiter"" : null, ""scl_id"" : null, ""number_pre_analysis_name"" : ""CLI_FRA_Default"", ""trusted_cli_policy"" : false, ""calling_cli_match_all_sites"" : false, ""equipment_type"" : ""SIPDA"", ""calling_site_cli_algo"" : ""DIV_FROM""}"
5779,69081,"{""id"" : 69081, ""name"" : ""2325136"", ""t1t7"" : ""2325136"", ""vpn_id"" : ""5779"", ""id_default_site"" : 39000, ""csp_customer_identifier"" : null, ""global_call_limiter"" : null, ""scl_id"" : null, ""number_pre_analysis_name"" : ""CLI_FRA_Default"", ""trusted_cli_policy"" : false, ""calling_cli_match_all_sites"" : false, ""equipment_type"" : ""SIPDA"", ""calling_site_cli_algo"" : ""DIV_FROM""}"
4934,149725,"{""id"" : 149725, ""name"" : ""IURO0001_Trk"", ""t1t7"" : ""2385693"", ""vpn_id"" : ""4934"", ""id_default_site"" : 230716, ""csp_customer_identifier"" : null, ""global_call_limiter"" : 1100, ""scl_id"" : null, ""number_pre_analysis_name"" : ""CLI_FRA_Default"", ""trusted_cli_policy"" : false, ""calling_cli_match_all_sites"" : false, ""equipment_type"" : ""SIPDA"", ""calling_site_cli_algo"" : ""DIV_FROM""}"
10013939,61401,"{""id"" : 61401, ""name"" : ""2223175"", ""t1t7"" : ""2223175"", ""vpn_id"" : ""10013939"", ""id_default_site"" : 362020, ""csp_customer_identifier"" : null, ""global_call_limiter"" : null, ""scl_id"" : null, ""number_pre_analysis_name"" : ""CLI_FRA_Default"", ""trusted_cli_policy"" : false, ""calling_cli_match_all_sites"" : false, ""equipment_type"" : ""SIPDA"", ""calling_site_cli_algo"" : ""DIV_FROM""}"
10000805,100921,"{""id"" : 100921, ""name"" : ""2310909"", ""t1t7"" : ""2310909"", ""vpn_id"" : ""10000805"", ""id_default_site"" : 123433, ""csp_customer_identifier"" : null, ""global_call_limiter"" : null, ""scl_id"" : null, ""number_pre_analysis_name"" : ""CLI_FRA_Default"", ""trusted_cli_policy"" : false, ""calling_cli_match_all_sites"" : false, ""equipment_type"" : ""SIPDA"", ""calling_site_cli_algo"" : ""DIV_FROM""}"
10002046,163203,"{""id"" : 163203, ""name"" : ""2327760"", ""t1t7"" : ""2327760"", ""vpn_id"" : ""10002046"", ""id_default_site"" : 248886, ""csp_customer_identifier"" : null, ""global_call_limiter"" : null, ""scl_id"" : null, ""number_pre_analysis_name"" : ""CLI_FRA_Default"", ""trusted_cli_policy"" : false, ""calling_cli_match_all_sites"" : false, ""equipment_type"" : ""SIPDA"", ""calling_site_cli_algo"" : ""DIV_FROM""}"
10003032,141662,"{""id"" : 141662, ""name"" : ""2222033"", ""t1t7"" : ""2222033"", ""vpn_id"" : ""10003032"", ""id_default_site"" : 219854, ""csp_customer_identifier"" : null, ""global_call_limiter"" : null, ""scl_id"" : null, ""number_pre_analysis_name"" : ""CLI_FRA_Default"", ""trusted_cli_policy"" : false, ""calling_cli_match_all_sites"" : false, ""equipment_type"" : ""SIPDA"", ""calling_site_cli_algo"" : ""DIV_FROM""}"
10002674,60219,"{""id"" : 60219, ""name"" : ""2214301"", ""t1t7"" : ""2214301"", ""vpn_id"" : ""10002674"", ""id_default_site"" : 421317, ""csp_customer_identifier"" : null, ""global_call_limiter"" : null, ""scl_id"" : null, ""number_pre_analysis_name"" : ""CLI_FRA_Default"", ""trusted_cli_policy"" : false, ""calling_cli_match_all_sites"" : false, ""equipment_type"" : ""SIPDA"", ""calling_site_cli_algo"" : ""DIV_FROM""}"
10000078,69264,"{""id"" : 69264, ""name"" : ""2300579"", ""t1t7"" : ""2300579"", ""vpn_id"" : ""10000078"", ""id_default_site"" : 71894, ""csp_customer_identifier"" : null, ""global_call_limiter"" : null, ""scl_id"" : null, ""number_pre_analysis_name"" : ""CLI_FRA_Default"", ""trusted_cli_policy"" : false, ""calling_cli_match_all_sites"" : false, ""equipment_type"" : ""SIPDA"", ""calling_site_cli_algo"" : ""DIV_FROM""}"
3250,178464,"{""id"" : 178464, ""name"" : ""PDAL657 probe"", ""t1t7"" : ""2370041"", ""vpn_id"" : ""3250"", ""id_default_site"" : -1, ""csp_customer_identifier"" : null, ""global_call_limiter"" : null, ""scl_id"" : null, ""number_pre_analysis_name"" : ""CLI_USA_Default"", ""trusted_cli_policy"" : false, ""calling_cli_match_all_sites"" : false, ""equipment_type"" : ""SIPDA"", ""calling_site_cli_algo"" : ""DIV_FROM""}"
5562,3349,"{""id"" : 3349, ""name"" : ""2310647"", ""t1t7"" : ""2310647"", ""vpn_id"" : ""5562"", ""id_default_site"" : 31613, ""csp_customer_identifier"" : null, ""global_call_limiter"" : null, ""scl_id"" : null, ""number_pre_analysis_name"" : ""CLI_FRA_Default"", ""trusted_cli_policy"" : false, ""calling_cli_match_all_sites"" : false, ""equipment_type"" : ""SIPDA"", ""calling_site_cli_algo"" : ""DIV_FROM""}"
10005107,50675,"{""id"" : 50675, ""name"" : ""2245937"", ""t1t7"" : ""2245937"", ""vpn_id"" : ""10005107"", ""id_default_site"" : 35794, ""csp_customer_identifier"" : null, ""global_call_limiter"" : null, ""scl_id"" : null, ""number_pre_analysis_name"" : ""CLI_FRA_Default"", ""trusted_cli_policy"" : false, ""calling_cli_match_all_sites"" : false, ""equipment_type"" : ""SIPDA"", ""calling_site_cli_algo"" : ""DIV_FROM""}"
7352,73090,"{""id"" : 73090, ""name"" : ""wbx_EUR_0025852782"", ""t1t7"" : ""8860078"", ""vpn_id"" : ""7352"", ""id_default_site"" : -1, ""csp_customer_identifier"" : null, ""global_call_limiter"" : 250, ""scl_id"" : null, ""number_pre_analysis_name"" : ""GENERIC_CLI_PROCESSING"", ""trusted_cli_policy"" : false, ""calling_cli_match_all_sites"" : false, ""equipment_type"" : ""SIPDA"", ""calling_site_cli_algo"" : ""DIV_FROM""}"
5518,66803,"{""id"" : 66803, ""name"" : ""2250511"", ""t1t7"" : ""2250511"", ""vpn_id"" : ""5518"", ""id_default_site"" : 402585, ""csp_customer_identifier"" : null, ""global_call_limiter"" : null, ""scl_id"" : null, ""number_pre_analysis_name"" : ""CLI_FRA_Default"", ""trusted_cli_policy"" : false, ""calling_cli_match_all_sites"" : false, ""equipment_type"" : ""SIPDA"", ""calling_site_cli_algo"" : ""DIV_FROM""}"
10003599,55795,"{""id"" : 55795, ""name"" : ""2214049"", ""t1t7"" : ""2214049"", ""vpn_id"" : ""10003599"", ""id_default_site"" : 338882, ""csp_customer_identifier"" : null, ""global_call_limiter"" : null, ""scl_id"" : null, ""number_pre_analysis_name"" : ""CLI_FRA_Default"", ""trusted_cli_policy"" : false, ""calling_cli_match_all_sites"" : false, ""equipment_type"" : ""SIPDA"", ""calling_site_cli_algo"" : ""DIV_FROM""}"
10003404,146161,"{""id"" : 146161, ""name"" : ""2235309"", ""t1t7"" : ""2235309"", ""vpn_id"" : ""10003404"", ""id_default_site"" : 225898, ""csp_customer_identifier"" : null, ""global_call_limiter"" : null, ""scl_id"" : null, ""number_pre_analysis_name"" : ""CLI_FRA_Default"", ""trusted_cli_policy"" : false, ""calling_cli_match_all_sites"" : false, ""equipment_type"" : ""SIPDA"", ""calling_site_cli_algo"" : ""DIV_FROM""}"
10005094,52383,"{""id"" : 52383, ""name"" : ""2351030"", ""t1t7"" : ""2351030"", ""vpn_id"" : ""10005094"", ""id_default_site"" : 322974, ""csp_customer_identifier"" : null, ""global_call_limiter"" : null, ""scl_id"" : null, ""number_pre_analysis_name"" : ""CLI_FRA_Default"", ""trusted_cli_policy"" : false, ""calling_cli_match_all_sites"" : false, ""equipment_type"" : ""SIPDA"", ""calling_site_cli_algo"" : ""DIV_FROM""}"
10003418,64285,"{""id"" : 64285, ""name"" : ""2223571"", ""t1t7"" : ""2223571"", ""vpn_id"" : ""10003418"", ""id_default_site"" : 381384, ""csp_customer_identifier"" : null, ""global_call_limiter"" : null, ""scl_id"" : null, ""number_pre_analysis_name"" : ""CLI_FRA_Default"", ""trusted_cli_policy"" : false, ""calling_cli_match_all_sites"" : false, ""equipment_type"" : ""SIPDA"", ""calling_site_cli_algo"" : ""DIV_FROM""}"
10013943,73882,"{""id"" : 73882, ""name"" : ""2223392"", ""t1t7"" : ""2223392"", ""vpn_id"" : ""10013943"", ""id_default_site"" : -1, ""csp_customer_identifier"" : null, ""global_call_limiter"" : null, ""scl_id"" : null, ""number_pre_analysis_name"" : ""CLI_FRA_Default"", ""trusted_cli_policy"" : false, ""calling_cli_match_all_sites"" : false, ""equipment_type"" : ""SIPDA"", ""calling_site_cli_algo"" : ""DIV_FROM""}"
10002046,9014,"{""id"" : 9014, ""name"" : ""2326011"", ""t1t7"" : ""2326011"", ""vpn_id"" : ""10002046"", ""id_default_site"" : 25337, ""csp_customer_identifier"" : null, ""global_call_limiter"" : null, ""scl_id"" : null, ""number_pre_analysis_name"" : ""CLI_FRA_Default"", ""trusted_cli_policy"" : false, ""calling_cli_match_all_sites"" : false, ""equipment_type"" : ""SIPDA"", ""calling_site_cli_algo"" : ""DIV_FROM""}"
4290,63965,"{""id"" : 63965, ""name"" : ""2310352"", ""t1t7"" : ""2310352"", ""vpn_id"" : ""4290"", ""id_default_site"" : 16348, ""csp_customer_identifier"" : null, ""global_call_limiter"" : null, ""scl_id"" : null, ""number_pre_analysis_name"" : ""CLI_FRA_Default"", ""trusted_cli_policy"" : false, ""calling_cli_match_all_sites"" : false, ""equipment_type"" : ""SIPDA"", ""calling_site_cli_algo"" : ""DIV_FROM""}"
10002792,118741,"{""id"" : 118741, ""name"" : ""2220103"", ""t1t7"" : ""2220103"", ""vpn_id"" : ""10002792"", ""id_default_site"" : 193538, ""csp_customer_identifier"" : null, ""global_call_limiter"" : null, ""scl_id"" : null, ""number_pre_analysis_name"" : ""CLI_FRA_Default"", ""trusted_cli_policy"" : false, ""calling_cli_match_all_sites"" : false, ""equipment_type"" : ""SIPDA"", ""calling_site_cli_algo"" : ""DIV_FROM""}"
7027,65735,"{""id"" : 65735, ""name"" : ""EUMA Genesys GMF SIP"", ""t1t7"" : ""8950035"", ""vpn_id"" : ""7027"", ""id_default_site"" : -1, ""csp_customer_identifier"" : null, ""global_call_limiter"" : null, ""scl_id"" : null, ""number_pre_analysis_name"" : ""GENERIC_CLI_PROCESSING"", ""trusted_cli_policy"" : false, ""calling_cli_match_all_sites"" : false, ""equipment_type"" : ""SIPDA"", ""calling_site_cli_algo"" : ""DIV_FROM""}"
10002233,87821,"{""id"" : 87821, ""name"" : ""2215005"", ""t1t7"" : ""2215005"", ""vpn_id"" : ""10002233"", ""id_default_site"" : 201144, ""csp_customer_identifier"" : null, ""global_call_limiter"" : null, ""scl_id"" : null, ""number_pre_analysis_name"" : ""CLI_FRA_Default"", ""trusted_cli_policy"" : false, ""calling_cli_match_all_sites"" : false, ""equipment_type"" : ""SIPDA"", ""calling_site_cli_algo"" : ""DIV_FROM""}"
10002046,158249,"{""id"" : 158249, ""name"" : ""2327099"", ""t1t7"" : ""2327099"", ""vpn_id"" : ""10002046"", ""id_default_site"" : 242127, ""csp_customer_identifier"" : null, ""global_call_limiter"" : null, ""scl_id"" : null, ""number_pre_analysis_name"" : ""CLI_FRA_Default"", ""trusted_cli_policy"" : false, ""calling_cli_match_all_sites"" : false, ""equipment_type"" : ""SIPDA"", ""calling_site_cli_algo"" : ""DIV_FROM""}"
5116,81141,"{""id"" : 81141, ""name"" : ""2330276"", ""t1t7"" : ""2330276"", ""vpn_id"" : ""5116"", ""id_default_site"" : 5251, ""csp_customer_identifier"" : null, ""global_call_limiter"" : null, ""scl_id"" : null, ""number_pre_analysis_name"" : ""CLI_FRA_Default"", ""trusted_cli_policy"" : false, ""calling_cli_match_all_sites"" : false, ""equipment_type"" : ""SIPDA"", ""calling_site_cli_algo"" : ""DIV_FROM""}"
4526,169901,"{""id"" : 169901, ""name"" : ""CCVPaaS_LAC_2388023"", ""t1t7"" : ""2388023"", ""vpn_id"" : ""4526"", ""id_default_site"" : 257256, ""csp_customer_identifier"" : null, ""global_call_limiter"" : null, ""scl_id"" : null, ""number_pre_analysis_name"" : ""CLI_USA_Default"", ""trusted_cli_policy"" : false, ""calling_cli_match_all_sites"" : false, ""equipment_type"" : ""SIPDA"", ""calling_site_cli_algo"" : ""DIV_FROM""}"
10001208,72382,"{""id"" : 72382, ""name"" : ""2325266"", ""t1t7"" : ""2325266"", ""vpn_id"" : ""10001208"", ""id_default_site"" : 75142, ""csp_customer_identifier"" : null, ""global_call_limiter"" : null, ""scl_id"" : null, ""number_pre_analysis_name"" : ""GENERIC_CLI_PROCESSING"", ""trusted_cli_policy"" : false, ""calling_cli_match_all_sites"" : false, ""equipment_type"" : ""SIPDA"", ""calling_site_cli_algo"" : ""DIV_FROM""}"
10003919,70932,"{""id"" : 70932, ""name"" : ""5105042"", ""t1t7"" : ""5105042"", ""vpn_id"" : ""10003919"", ""id_default_site"" : 429274, ""csp_customer_identifier"" : null, ""global_call_limiter"" : null, ""scl_id"" : null, ""number_pre_analysis_name"" : ""CLI_FRA_Default"", ""trusted_cli_policy"" : false, ""calling_cli_match_all_sites"" : false, ""equipment_type"" : ""SIPDA"", ""calling_site_cli_algo"" : ""DIV_FROM""}"
4847,51095,"{""id"" : 51095, ""name"" : ""PHMNL08"", ""t1t7"" : ""2365049"", ""vpn_id"" : ""4847"", ""id_default_site"" : 40810, ""csp_customer_identifier"" : null, ""global_call_limiter"" : 10, ""scl_id"" : null, ""number_pre_analysis_name"" : ""GENERIC_CLI_PROCESSING"", ""trusted_cli_policy"" : false, ""calling_cli_match_all_sites"" : false, ""equipment_type"" : ""SIPDA"", ""calling_site_cli_algo"" : ""DIV_FROM""}"
10000727,82862,"{""id"" : 82862, ""name"" : ""2316075"", ""t1t7"" : ""2316075"", ""vpn_id"" : ""10000727"", ""id_default_site"" : 91893, ""csp_customer_identifier"" : null, ""global_call_limiter"" : null, ""scl_id"" : null, ""number_pre_analysis_name"" : ""CLI_FRA_Default"", ""trusted_cli_policy"" : false, ""calling_cli_match_all_sites"" : false, ""equipment_type"" : ""SIPDA"", ""calling_site_cli_algo"" : ""DIV_FROM""}"
10000156,1541,"{""id"" : 1541, ""name"" : ""2300383"", ""t1t7"" : ""2300383"", ""vpn_id"" : ""10000156"", ""id_default_site"" : 5572, ""csp_customer_identifier"" : null, ""global_call_limiter"" : null, ""scl_id"" : null, ""number_pre_analysis_name"" : ""CLI_FRA_Default"", ""trusted_cli_policy"" : false, ""calling_cli_match_all_sites"" : false, ""equipment_type"" : ""SIPDA"", ""calling_site_cli_algo"" : ""DIV_FROM""}"
10001106,70813,"{""id"" : 70813, ""name"" : ""2218481"", ""t1t7"" : ""2218481"", ""vpn_id"" : ""10001106"", ""id_default_site"" : 428516, ""csp_customer_identifier"" : null, ""global_call_limiter"" : null, ""scl_id"" : null, ""number_pre_analysis_name"" : ""CLI_FRA_Default"", ""trusted_cli_policy"" : false, ""calling_cli_match_all_sites"" : false, ""equipment_type"" : ""SIPDA"", ""calling_site_cli_algo"" : ""DIV_FROM""}"
4756,62041,"{""id"" : 62041, ""name"" : ""MVP_CH1_JXSP533"", ""t1t7"" : ""2368503"", ""vpn_id"" : ""4756"", ""id_default_site"" : 380876, ""csp_customer_identifier"" : null, ""global_call_limiter"" : 10, ""scl_id"" : null, ""number_pre_analysis_name"" : ""CLI_MYS_Default"", ""trusted_cli_policy"" : false, ""calling_cli_match_all_sites"" : false, ""equipment_type"" : ""SIPDA"", ""calling_site_cli_algo"" : ""DIV_FROM""}"
3816,90141,"{""id"" : 90141, ""name"" : ""2330701"", ""t1t7"" : ""2330701"", ""vpn_id"" : ""3816"", ""id_default_site"" : 63295, ""csp_customer_identifier"" : null, ""global_call_limiter"" : null, ""scl_id"" : null, ""number_pre_analysis_name"" : ""CLI_FRA_Default"", ""trusted_cli_policy"" : false, ""calling_cli_match_all_sites"" : false, ""equipment_type"" : ""SIPDA"", ""calling_site_cli_algo"" : ""DIV_FROM""}"
10001029,59761,"{""id"" : 59761, ""name"" : ""2320448"", ""t1t7"" : ""2320448"", ""vpn_id"" : ""10001029"", ""id_default_site"" : 63284, ""csp_customer_identifier"" : null, ""global_call_limiter"" : null, ""scl_id"" : null, ""number_pre_analysis_name"" : ""CLI_FRA_Default"", ""trusted_cli_policy"" : false, ""calling_cli_match_all_sites"" : false, ""equipment_type"" : ""SIPDA"", ""calling_site_cli_algo"" : ""DIV_FROM""}"
7037,55074,"{""id"" : 55074, ""name"" : ""Montreal"", ""t1t7"" : ""2370129"", ""vpn_id"" : ""7037"", ""id_default_site"" : 315503, ""csp_customer_identifier"" : null, ""global_call_limiter"" : 20, ""scl_id"" : null, ""number_pre_analysis_name"" : ""CLI_AUT_Default"", ""trusted_cli_policy"" : false, ""calling_cli_match_all_sites"" : false, ""equipment_type"" : ""SIPDA"", ""calling_site_cli_algo"" : ""DIV_FROM""}"
10005069,66785,"{""id"" : 66785, ""name"" : ""2245370"", ""t1t7"" : ""2245370"", ""vpn_id"" : ""10005069"", ""id_default_site"" : 402276, ""csp_customer_identifier"" : null, ""global_call_limiter"" : null, ""scl_id"" : null, ""number_pre_analysis_name"" : ""CLI_FRA_Default"", ""trusted_cli_policy"" : false, ""calling_cli_match_all_sites"" : false, ""equipment_type"" : ""SIPDA"", ""calling_site_cli_algo"" : ""DIV_FROM""}"
10002314,56331,"{""id"" : 56331, ""name"" : ""2336600"", ""t1t7"" : ""2336600"", ""vpn_id"" : ""10002314"", ""id_default_site"" : 341747, ""csp_customer_identifier"" : null, ""global_call_limiter"" : 10, ""scl_id"" : null, ""number_pre_analysis_name"" : ""CLI_FRA_Default"", ""trusted_cli_policy"" : false, ""calling_cli_match_all_sites"" : false, ""equipment_type"" : ""SIPDA"", ""calling_site_cli_algo"" : ""DIV_FROM""}"
4765,65159,"{""id"" : 65159, ""name"" : ""BYOC-OBS-EU-PROD"", ""t1t7"" : ""8930008"", ""vpn_id"" : ""4765"", ""id_default_site"" : -1, ""csp_customer_identifier"" : null, ""global_call_limiter"" : 175, ""scl_id"" : null, ""number_pre_analysis_name"" : ""GENERIC_CLI_PROCESSING"", ""trusted_cli_policy"" : false, ""calling_cli_match_all_sites"" : false, ""equipment_type"" : ""SIPDA"", ""calling_site_cli_algo"" : ""DIV_FROM""}"
10008240,16421,"{""id"" : 16421, ""name"" : ""2223319"", ""t1t7"" : ""2223319"", ""vpn_id"" : ""10008240"", ""id_default_site"" : 135501, ""csp_customer_identifier"" : null, ""global_call_limiter"" : null, ""scl_id"" : null, ""number_pre_analysis_name"" : ""CLI_FRA_Default"", ""trusted_cli_policy"" : false, ""calling_cli_match_all_sites"" : false, ""equipment_type"" : ""SIPDA"", ""calling_site_cli_algo"" : ""DIV_FROM""}"
10002539,70970,"{""id"" : 70970, ""name"" : ""2215056"", ""t1t7"" : ""2215056"", ""vpn_id"" : ""10002539"", ""id_default_site"" : 429515, ""csp_customer_identifier"" : null, ""global_call_limiter"" : null, ""scl_id"" : null, ""number_pre_analysis_name"" : ""CLI_FRA_Default"", ""trusted_cli_policy"" : false, ""calling_cli_match_all_sites"" : false, ""equipment_type"" : ""SIPDA"", ""calling_site_cli_algo"" : ""DIV_FROM""}"
10006307,68168,"{""id"" : 68168, ""name"" : ""5104016"", ""t1t7"" : ""5104016"", ""vpn_id"" : ""10006307"", ""id_default_site"" : 411453, ""csp_customer_identifier"" : null, ""global_call_limiter"" : null, ""scl_id"" : null, ""number_pre_analysis_name"" : ""CLI_FRA_Default"", ""trusted_cli_policy"" : false, ""calling_cli_match_all_sites"" : false, ""equipment_type"" : ""SIPDA"", ""calling_site_cli_algo"" : ""DIV_FROM""}"
10002439,100301,"{""id"" : 100301, ""name"" : ""2340572"", ""t1t7"" : ""2340572"", ""vpn_id"" : ""10002439"", ""id_default_site"" : 121913, ""csp_customer_identifier"" : null, ""global_call_limiter"" : null, ""scl_id"" : null, ""number_pre_analysis_name"" : ""CLI_FRA_Default"", ""trusted_cli_policy"" : false, ""calling_cli_match_all_sites"" : false, ""equipment_type"" : ""SIPDA"", ""calling_site_cli_algo"" : ""DIV_FROM""}"
7558,62351,"{""id"" : 62351, ""name"" : ""APA_MSFT_Trunk"", ""t1t7"" : ""2365227"", ""vpn_id"" : ""7558"", ""id_default_site"" : 382163, ""csp_customer_identifier"" : null, ""global_call_limiter"" : 65, ""scl_id"" : null, ""number_pre_analysis_name"" : ""SGP_Default"", ""trusted_cli_policy"" : false, ""calling_cli_match_all_sites"" : false, ""equipment_type"" : ""SIPDA"", ""calling_site_cli_algo"" : ""DIV_FROM""}"
10003845,63648,"{""id"" : 63648, ""name"" : ""2214475"", ""t1t7"" : ""2214475"", ""vpn_id"" : ""10003845"", ""id_default_site"" : 376839, ""csp_customer_identifier"" : null, ""global_call_limiter"" : null, ""scl_id"" : null, ""number_pre_analysis_name"" : ""CLI_FRA_Default"", ""trusted_cli_policy"" : false, ""calling_cli_match_all_sites"" : false, ""equipment_type"" : ""SIPDA"", ""calling_site_cli_algo"" : ""DIV_FROM""}"
10002818,66260,"{""id"" : 66260, ""name"" : ""2218539"", ""t1t7"" : ""2218539"", ""vpn_id"" : ""10002818"", ""id_default_site"" : 397926, ""csp_customer_identifier"" : null, ""global_call_limiter"" : null, ""scl_id"" : null, ""number_pre_analysis_name"" : ""CLI_FRA_Default"", ""trusted_cli_policy"" : false, ""calling_cli_match_all_sites"" : false, ""equipment_type"" : ""SIPDA"", ""calling_site_cli_algo"" : ""DIV_FROM""}"
3105,71423,"{""id"" : 71423, ""name"" : ""MCC_PBOM2118"", ""t1t7"" : ""2405078"", ""vpn_id"" : ""3105"", ""id_default_site"" : -1, ""csp_customer_identifier"" : null, ""global_call_limiter"" : 100, ""scl_id"" : null, ""number_pre_analysis_name"" : ""GENERIC_CLI_PROCESSING"", ""trusted_cli_policy"" : false, ""calling_cli_match_all_sites"" : false, ""equipment_type"" : ""SIPDA"", ""calling_site_cli_algo"" : ""DIV_FROM""}"
10003557,149081,"{""id"" : 149081, ""name"" : ""2235709"", ""t1t7"" : ""2235709"", ""vpn_id"" : ""10003557"", ""id_default_site"" : 229738, ""csp_customer_identifier"" : null, ""global_call_limiter"" : null, ""scl_id"" : null, ""number_pre_analysis_name"" : ""CLI_FRA_Default"", ""trusted_cli_policy"" : false, ""calling_cli_match_all_sites"" : false, ""equipment_type"" : ""SIPDA"", ""calling_site_cli_algo"" : ""DIV_FROM""}"
10005383,72242,"{""id"" : 72242, ""name"" : ""2214938"", ""t1t7"" : ""2214938"", ""vpn_id"" : ""10005383"", ""id_default_site"" : 438251, ""csp_customer_identifier"" : null, ""global_call_limiter"" : null, ""scl_id"" : null, ""number_pre_analysis_name"" : ""CLI_FRA_Default"", ""trusted_cli_policy"" : false, ""calling_cli_match_all_sites"" : false, ""equipment_type"" : ""SIPDA"", ""calling_site_cli_algo"" : ""DIV_FROM""}"
5533,179804,"{""id"" : 179804, ""name"" : ""2350833"", ""t1t7"" : ""2350833"", ""vpn_id"" : ""5533"", ""id_default_site"" : 31733, ""csp_customer_identifier"" : null, ""global_call_limiter"" : null, ""scl_id"" : null, ""number_pre_analysis_name"" : ""CLI_FRA_Default"", ""trusted_cli_policy"" : false, ""calling_cli_match_all_sites"" : false, ""equipment_type"" : ""SIPDA"", ""calling_site_cli_algo"" : ""DIV_FROM""}"
10018698,67376,"{""id"" : 67376, ""name"" : ""2214871"", ""t1t7"" : ""2214871"", ""vpn_id"" : ""10018698"", ""id_default_site"" : 405991, ""csp_customer_identifier"" : null, ""global_call_limiter"" : null, ""scl_id"" : null, ""number_pre_analysis_name"" : ""CLI_FRA_Default"", ""trusted_cli_policy"" : false, ""calling_cli_match_all_sites"" : false, ""equipment_type"" : ""SIPDA"", ""calling_site_cli_algo"" : ""DIV_FROM""}"
10003845,179521,"{""id"" : 179521, ""name"" : ""2240705"", ""t1t7"" : ""2240705"", ""vpn_id"" : ""10003845"", ""id_default_site"" : 270273, ""csp_customer_identifier"" : null, ""global_call_limiter"" : null, ""scl_id"" : null, ""number_pre_analysis_name"" : ""CLI_FRA_Default"", ""trusted_cli_policy"" : false, ""calling_cli_match_all_sites"" : false, ""equipment_type"" : ""SIPDA"", ""calling_site_cli_algo"" : ""DIV_FROM""}"
10002046,55393,"{""id"" : 55393, ""name"" : ""2223060"", ""t1t7"" : ""2223060"", ""vpn_id"" : ""10002046"", ""id_default_site"" : 337437, ""csp_customer_identifier"" : null, ""global_call_limiter"" : null, ""scl_id"" : null, ""number_pre_analysis_name"" : ""CLI_FRA_Default"", ""trusted_cli_policy"" : false, ""calling_cli_match_all_sites"" : false, ""equipment_type"" : ""SIPDA"", ""calling_site_cli_algo"" : ""DIV_FROM""}"
10000904,50016,"{""id"" : 50016, ""name"" : ""2320656"", ""t1t7"" : ""2320656"", ""vpn_id"" : ""10000904"", ""id_default_site"" : 316234, ""csp_customer_identifier"" : null, ""global_call_limiter"" : null, ""scl_id"" : null, ""number_pre_analysis_name"" : ""CLI_FRA_Default"", ""trusted_cli_policy"" : false, ""calling_cli_match_all_sites"" : false, ""equipment_type"" : ""SIPDA"", ""calling_site_cli_algo"" : ""DIV_FROM""}"
10004613,68690,"{""id"" : 68690, ""name"" : ""2218717"", ""t1t7"" : ""2218717"", ""vpn_id"" : ""10004613"", ""id_default_site"" : 414853, ""csp_customer_identifier"" : null, ""global_call_limiter"" : null, ""scl_id"" : null, ""number_pre_analysis_name"" : ""CLI_FRA_Default"", ""trusted_cli_policy"" : false, ""calling_cli_match_all_sites"" : false, ""equipment_type"" : ""SIPDA"", ""calling_site_cli_algo"" : ""DIV_FROM""}"
10002068,92821,"{""id"" : 92821, ""name"" : ""2325917"", ""t1t7"" : ""2325917"", ""vpn_id"" : ""10002068"", ""id_default_site"" : 110673, ""csp_customer_identifier"" : null, ""global_call_limiter"" : null, ""scl_id"" : null, ""number_pre_analysis_name"" : ""CLI_FRA_Default"", ""trusted_cli_policy"" : false, ""calling_cli_match_all_sites"" : false, ""equipment_type"" : ""SIPDA"", ""calling_site_cli_algo"" : ""DIV_FROM""}"
10007373,55114,"{""id"" : 55114, ""name"" : ""2250634"", ""t1t7"" : ""2250634"", ""vpn_id"" : ""10007373"", ""id_default_site"" : 336253, ""csp_customer_identifier"" : null, ""global_call_limiter"" : null, ""scl_id"" : null, ""number_pre_analysis_name"" : ""CLI_FRA_Default"", ""trusted_cli_policy"" : false, ""calling_cli_match_all_sites"" : false, ""equipment_type"" : ""SIPDA"", ""calling_site_cli_algo"" : ""DIV_FROM""}"
10007584,67516,"{""id"" : 67516, ""name"" : ""2251266"", ""t1t7"" : ""2251266"", ""vpn_id"" : ""10007584"", ""id_default_site"" : 407021, ""csp_customer_identifier"" : null, ""global_call_limiter"" : null, ""scl_id"" : null, ""number_pre_analysis_name"" : ""CLI_FRA_Default"", ""trusted_cli_policy"" : false, ""calling_cli_match_all_sites"" : false, ""equipment_type"" : ""SIPDA"", ""calling_site_cli_algo"" : ""DIV_FROM""}"
10000343,49501,"{""id"" : 49501, ""name"" : ""2320000"", ""t1t7"" : ""2320000"", ""vpn_id"" : ""10000343"", ""id_default_site"" : 53893, ""csp_customer_identifier"" : null, ""global_call_limiter"" : null, ""scl_id"" : null, ""number_pre_analysis_name"" : ""CLI_FRA_Default"", ""trusted_cli_policy"" : false, ""calling_cli_match_all_sites"" : false, ""equipment_type"" : ""SIPDA"", ""calling_site_cli_algo"" : ""DIV_FROM""}"
10002165,7638,"{""id"" : 7638, ""name"" : ""2230001"", ""t1t7"" : ""2230001"", ""vpn_id"" : ""10002165"", ""id_default_site"" : 21251, ""csp_customer_identifier"" : null, ""global_call_limiter"" : null, ""scl_id"" : null, ""number_pre_analysis_name"" : ""CLI_FRA_Default"", ""trusted_cli_policy"" : false, ""calling_cli_match_all_sites"" : false, ""equipment_type"" : ""SIPDA"", ""calling_site_cli_algo"" : ""DIV_FROM""}"
10002394,174544,"{""id"" : 174544, ""name"" : ""2341098"", ""t1t7"" : ""2341098"", ""vpn_id"" : ""10002394"", ""id_default_site"" : 264345, ""csp_customer_identifier"" : null, ""global_call_limiter"" : null, ""scl_id"" : null, ""number_pre_analysis_name"" : ""CLI_FRA_Default"", ""trusted_cli_policy"" : false, ""calling_cli_match_all_sites"" : false, ""equipment_type"" : ""SIPDA"", ""calling_site_cli_algo"" : ""DIV_FROM""}"
10012979,70744,"{""id"" : 70744, ""name"" : ""2315016"", ""t1t7"" : ""2315016"", ""vpn_id"" : ""10012979"", ""id_default_site"" : 427918, ""csp_customer_identifier"" : null, ""global_call_limiter"" : null, ""scl_id"" : null, ""number_pre_analysis_name"" : ""CLI_FRA_Default"", ""trusted_cli_policy"" : false, ""calling_cli_match_all_sites"" : false, ""equipment_type"" : ""SIPDA"", ""calling_site_cli_algo"" : ""DIV_FROM""}"
10008396,69692,"{""id"" : 69692, ""name"" : ""2315669"", ""t1t7"" : ""2315669"", ""vpn_id"" : ""10008396"", ""id_default_site"" : 421158, ""csp_customer_identifier"" : null, ""global_call_limiter"" : null, ""scl_id"" : null, ""number_pre_analysis_name"" : ""CLI_FRA_Default"", ""trusted_cli_policy"" : false, ""calling_cli_match_all_sites"" : false, ""equipment_type"" : ""SIPDA"", ""calling_site_cli_algo"" : ""DIV_FROM""}"
10004466,50209,"{""id"" : 50209, ""name"" : ""2351178"", ""t1t7"" : ""2351178"", ""vpn_id"" : ""10004466"", ""id_default_site"" : 316962, ""csp_customer_identifier"" : null, ""global_call_limiter"" : null, ""scl_id"" : null, ""number_pre_analysis_name"" : ""CLI_FRA_Default"", ""trusted_cli_policy"" : false, ""calling_cli_match_all_sites"" : false, ""equipment_type"" : ""SIPDA"", ""calling_site_cli_algo"" : ""DIV_FROM""}"
4574,145984,"{""id"" : 145984, ""name"" : ""PKUL1655"", ""t1t7"" : ""2395188"", ""vpn_id"" : ""4574"", ""id_default_site"" : -1, ""csp_customer_identifier"" : null, ""global_call_limiter"" : 20, ""scl_id"" : null, ""number_pre_analysis_name"" : ""CLI_MYS_Default"", ""trusted_cli_policy"" : false, ""calling_cli_match_all_sites"" : false, ""equipment_type"" : ""SIPDA"", ""calling_site_cli_algo"" : ""DIV_FROM""}"
5203,3761,"{""id"" : 3761, ""name"" : ""2315497"", ""t1t7"" : ""2315497"", ""vpn_id"" : ""5203"", ""id_default_site"" : 27511, ""csp_customer_identifier"" : null, ""global_call_limiter"" : null, ""scl_id"" : null, ""number_pre_analysis_name"" : ""CLI_FRA_Default"", ""trusted_cli_policy"" : false, ""calling_cli_match_all_sites"" : false, ""equipment_type"" : ""SIPDA"", ""calling_site_cli_algo"" : ""DIV_FROM""}"
7352,73649,"{""id"" : 73649, ""name"" : ""wbx_EUR_0025877471"", ""t1t7"" : ""8860164"", ""vpn_id"" : ""7352"", ""id_default_site"" : -1, ""csp_customer_identifier"" : null, ""global_call_limiter"" : 250, ""scl_id"" : null, ""number_pre_analysis_name"" : ""GENERIC_CLI_PROCESSING"", ""trusted_cli_policy"" : false, ""calling_cli_match_all_sites"" : false, ""equipment_type"" : ""SIPDA"", ""calling_site_cli_algo"" : ""DIV_FROM""}"
10003350,138565,"{""id"" : 138565, ""name"" : ""2235430"", ""t1t7"" : ""2235430"", ""vpn_id"" : ""10003350"", ""id_default_site"" : 216194, ""csp_customer_identifier"" : null, ""global_call_limiter"" : null, ""scl_id"" : null, ""number_pre_analysis_name"" : ""CLI_FRA_Default"", ""trusted_cli_policy"" : false, ""calling_cli_match_all_sites"" : false, ""equipment_type"" : ""SIPDA"", ""calling_site_cli_algo"" : ""DIV_FROM""}"
3993,99967,"{""id"" : 99967, ""name"" : ""PXKT069_2390092"", ""t1t7"" : ""2390092"", ""vpn_id"" : ""3993"", ""id_default_site"" : 54916, ""csp_customer_identifier"" : null, ""global_call_limiter"" : 10, ""scl_id"" : null, ""number_pre_analysis_name"" : ""CLI_HKG_Default"", ""trusted_cli_policy"" : false, ""calling_cli_match_all_sites"" : false, ""equipment_type"" : ""SIPDA"", ""calling_site_cli_algo"" : ""DIV_FROM""}"
10012979,60978,"{""id"" : 60978, ""name"" : ""2316647"", ""t1t7"" : ""2316647"", ""vpn_id"" : ""10012979"", ""id_default_site"" : 359887, ""csp_customer_identifier"" : null, ""global_call_limiter"" : null, ""scl_id"" : null, ""number_pre_analysis_name"" : ""CLI_FRA_Default"", ""trusted_cli_policy"" : false, ""calling_cli_match_all_sites"" : false, ""equipment_type"" : ""SIPDA"", ""calling_site_cli_algo"" : ""DIV_FROM""}"
10003548,144905,"{""id"" : 144905, ""name"" : ""2235690"", ""t1t7"" : ""2235690"", ""vpn_id"" : ""10003548"", ""id_default_site"" : 223994, ""csp_customer_identifier"" : null, ""global_call_limiter"" : null, ""scl_id"" : null, ""number_pre_analysis_name"" : ""CLI_FRA_Default"", ""trusted_cli_policy"" : false, ""calling_cli_match_all_sites"" : false, ""equipment_type"" : ""SIPDA"", ""calling_site_cli_algo"" : ""DIV_FROM""}"
10002046,53482,"{""id"" : 53482, ""name"" : ""2328681"", ""t1t7"" : ""2328681"", ""vpn_id"" : ""10002046"", ""id_default_site"" : 327796, ""csp_customer_identifier"" : null, ""global_call_limiter"" : null, ""scl_id"" : null, ""number_pre_analysis_name"" : ""CLI_FRA_Default"", ""trusted_cli_policy"" : false, ""calling_cli_match_all_sites"" : false, ""equipment_type"" : ""SIPDA"", ""calling_site_cli_algo"" : ""DIV_FROM""}"
10012979,66840,"{""id"" : 66840, ""name"" : ""2315714"", ""t1t7"" : ""2315714"", ""vpn_id"" : ""10012979"", ""id_default_site"" : 402800, ""csp_customer_identifier"" : null, ""global_call_limiter"" : null, ""scl_id"" : null, ""number_pre_analysis_name"" : ""CLI_FRA_Default"", ""trusted_cli_policy"" : false, ""calling_cli_match_all_sites"" : false, ""equipment_type"" : ""SIPDA"", ""calling_site_cli_algo"" : ""DIV_FROM""}"
10000376,137623,"{""id"" : 137623, ""name"" : ""2300131"", ""t1t7"" : ""2300131"", ""vpn_id"" : ""10000376"", ""id_default_site"" : 215114, ""csp_customer_identifier"" : null, ""global_call_limiter"" : null, ""scl_id"" : null, ""number_pre_analysis_name"" : ""CLI_FRA_Default"", ""trusted_cli_policy"" : false, ""calling_cli_match_all_sites"" : false, ""equipment_type"" : ""SIPDA"", ""calling_site_cli_algo"" : ""DIV_FROM""}"
10011485,18341,"{""id"" : 18341, ""name"" : ""5105241"", ""t1t7"" : ""5105241"", ""vpn_id"" : ""10011485"", ""id_default_site"" : 150861, ""csp_customer_identifier"" : null, ""global_call_limiter"" : null, ""scl_id"" : null, ""number_pre_analysis_name"" : ""CLI_FRA_Default"", ""trusted_cli_policy"" : false, ""calling_cli_match_all_sites"" : false, ""equipment_type"" : ""SIPDA"", ""calling_site_cli_algo"" : ""DIV_FROM""}"
10004293,60071,"{""id"" : 60071, ""name"" : ""2251506"", ""t1t7"" : ""2251506"", ""vpn_id"" : ""10004293"", ""id_default_site"" : 354746, ""csp_customer_identifier"" : null, ""global_call_limiter"" : null, ""scl_id"" : null, ""number_pre_analysis_name"" : ""CLI_FRA_Default"", ""trusted_cli_policy"" : false, ""calling_cli_match_all_sites"" : false, ""equipment_type"" : ""SIPDA"", ""calling_site_cli_algo"" : ""DIV_FROM""}"
10004318,20451,"{""id"" : 20451, ""name"" : ""2291076"", ""t1t7"" : ""2291076"", ""vpn_id"" : ""10004318"", ""id_default_site"" : 166922, ""csp_customer_identifier"" : null, ""global_call_limiter"" : null, ""scl_id"" : null, ""number_pre_analysis_name"" : ""CLI_FRA_Default"", ""trusted_cli_policy"" : false, ""calling_cli_match_all_sites"" : false, ""equipment_type"" : ""SIPDA"", ""calling_site_cli_algo"" : ""DIV_FROM""}"
4875,57665,"{""id"" : 57665, ""name"" : ""EMEA_DC_New"", ""t1t7"" : ""2385925"", ""vpn_id"" : ""4875"", ""id_default_site"" : 401234, ""csp_customer_identifier"" : null, ""global_call_limiter"" : 60, ""scl_id"" : null, ""number_pre_analysis_name"" : ""CLI_FRA_Default"", ""trusted_cli_policy"" : false, ""calling_cli_match_all_sites"" : false, ""equipment_type"" : ""SIPDA"", ""calling_site_cli_algo"" : ""DIV_FROM""}"
10018780,67405,"{""id"" : 67405, ""name"" : ""2223690"", ""t1t7"" : ""2223690"", ""vpn_id"" : ""10018780"", ""id_default_site"" : 406173, ""csp_customer_identifier"" : null, ""global_call_limiter"" : null, ""scl_id"" : null, ""number_pre_analysis_name"" : ""CLI_FRA_Default"", ""trusted_cli_policy"" : false, ""calling_cli_match_all_sites"" : false, ""equipment_type"" : ""SIPDA"", ""calling_site_cli_algo"" : ""DIV_FROM""}"
10010486,19622,"{""id"" : 19622, ""name"" : ""2218661"", ""t1t7"" : ""2218661"", ""vpn_id"" : ""10010486"", ""id_default_site"" : 160861, ""csp_customer_identifier"" : null, ""global_call_limiter"" : null, ""scl_id"" : null, ""number_pre_analysis_name"" : ""CLI_FRA_Default"", ""trusted_cli_policy"" : false, ""calling_cli_match_all_sites"" : false, ""equipment_type"" : ""SIPDA"", ""calling_site_cli_algo"" : ""DIV_FROM""}"
10003445,138701,"{""id"" : 138701, ""name"" : ""2235427"", ""t1t7"" : ""2235427"", ""vpn_id"" : ""10003445"", ""id_default_site"" : -1, ""csp_customer_identifier"" : null, ""global_call_limiter"" : null, ""scl_id"" : null, ""number_pre_analysis_name"" : ""CLI_FRA_Default"", ""trusted_cli_policy"" : false, ""calling_cli_match_all_sites"" : false, ""equipment_type"" : ""SIPDA"", ""calling_site_cli_algo"" : ""DIV_FROM""}"
5106,53023,"{""id"" : 53023, ""name"" : ""2320006"", ""t1t7"" : ""2320006"", ""vpn_id"" : ""5106"", ""id_default_site"" : 37824, ""csp_customer_identifier"" : null, ""global_call_limiter"" : null, ""scl_id"" : null, ""number_pre_analysis_name"" : ""CLI_FRA_Default"", ""trusted_cli_policy"" : false, ""calling_cli_match_all_sites"" : false, ""equipment_type"" : ""SIPDA"", ""calling_site_cli_algo"" : ""DIV_FROM""}"
10003385,63967,"{""id"" : 63967, ""name"" : ""2223535"", ""t1t7"" : ""2223535"", ""vpn_id"" : ""10003385"", ""id_default_site"" : 379043, ""csp_customer_identifier"" : null, ""global_call_limiter"" : null, ""scl_id"" : null, ""number_pre_analysis_name"" : ""CLI_FRA_Default"", ""trusted_cli_policy"" : false, ""calling_cli_match_all_sites"" : false, ""equipment_type"" : ""SIPDA"", ""calling_site_cli_algo"" : ""DIV_FROM""}"
10002846,66730,"{""id"" : 66730, ""name"" : ""2285039"", ""t1t7"" : ""2285039"", ""vpn_id"" : ""10002846"", ""id_default_site"" : 401969, ""csp_customer_identifier"" : null, ""global_call_limiter"" : null, ""scl_id"" : null, ""number_pre_analysis_name"" : ""CLI_FRA_Default"", ""trusted_cli_policy"" : false, ""calling_cli_match_all_sites"" : false, ""equipment_type"" : ""SIPDA"", ""calling_site_cli_algo"" : ""DIV_FROM""}"
10018446,66229,"{""id"" : 66229, ""name"" : ""2223638"", ""t1t7"" : ""2223638"", ""vpn_id"" : ""10018446"", ""id_default_site"" : 397675, ""csp_customer_identifier"" : null, ""global_call_limiter"" : null, ""scl_id"" : null, ""number_pre_analysis_name"" : ""CLI_FRA_Default"", ""trusted_cli_policy"" : false, ""calling_cli_match_all_sites"" : false, ""equipment_type"" : ""SIPDA"", ""calling_site_cli_algo"" : ""DIV_FROM""}"
10016382,61779,"{""id"" : 61779, ""name"" : ""2246748"", ""t1t7"" : ""2246748"", ""vpn_id"" : ""10016382"", ""id_default_site"" : 364946, ""csp_customer_identifier"" : null, ""global_call_limiter"" : null, ""scl_id"" : null, ""number_pre_analysis_name"" : ""CLI_FRA_Default"", ""trusted_cli_policy"" : false, ""calling_cli_match_all_sites"" : false, ""equipment_type"" : ""SIPDA"", ""calling_site_cli_algo"" : ""DIV_FROM""}"
10014680,60304,"{""id"" : 60304, ""name"" : ""2316628"", ""t1t7"" : ""2316628"", ""vpn_id"" : ""10014680"", ""id_default_site"" : 354631, ""csp_customer_identifier"" : null, ""global_call_limiter"" : null, ""scl_id"" : null, ""number_pre_analysis_name"" : ""CLI_FRA_Default"", ""trusted_cli_policy"" : false, ""calling_cli_match_all_sites"" : false, ""equipment_type"" : ""SIPDA"", ""calling_site_cli_algo"" : ""DIV_FROM""}"
10000155,28581,"{""id"" : 28581, ""name"" : ""2300545"", ""t1t7"" : ""2300545"", ""vpn_id"" : ""10000155"", ""id_default_site"" : 15103, ""csp_customer_identifier"" : null, ""global_call_limiter"" : null, ""scl_id"" : null, ""number_pre_analysis_name"" : ""CLI_FRA_Default"", ""trusted_cli_policy"" : false, ""calling_cli_match_all_sites"" : false, ""equipment_type"" : ""SIPDA"", ""calling_site_cli_algo"" : ""DIV_FROM""}"
3117,35627,"{""id"" : 35627, ""name"" : ""PLEX028_SIP"", ""t1t7"" : ""2390030"", ""vpn_id"" : ""3117"", ""id_default_site"" : -1, ""csp_customer_identifier"" : null, ""global_call_limiter"" : 23, ""scl_id"" : null, ""number_pre_analysis_name"" : ""zzz_CLI_USA_0_000_"", ""trusted_cli_policy"" : false, ""calling_cli_match_all_sites"" : false, ""equipment_type"" : ""SIPDA"", ""calling_site_cli_algo"" : ""DIV_FROM""}"
10002439,134565,"{""id"" : 134565, ""name"" : ""2340905"", ""t1t7"" : ""2340905"", ""vpn_id"" : ""10002439"", ""id_default_site"" : 211493, ""csp_customer_identifier"" : null, ""global_call_limiter"" : null, ""scl_id"" : null, ""number_pre_analysis_name"" : ""CLI_FRA_Default"", ""trusted_cli_policy"" : false, ""calling_cli_match_all_sites"" : false, ""equipment_type"" : ""SIPDA"", ""calling_site_cli_algo"" : ""DIV_FROM""}"
10002806,47958,"{""id"" : 47958, ""name"" : ""2222428"", ""t1t7"" : ""2222428"", ""vpn_id"" : ""10002806"", ""id_default_site"" : 21017, ""csp_customer_identifier"" : null, ""global_call_limiter"" : null, ""scl_id"" : null, ""number_pre_analysis_name"" : ""CLI_FRA_Default"", ""trusted_cli_policy"" : false, ""calling_cli_match_all_sites"" : false, ""equipment_type"" : ""SIPDA"", ""calling_site_cli_algo"" : ""DIV_FROM""}"
7352,11741,"{""id"" : 11741, ""name"" : ""wbx_EUR_2019284746"", ""t1t7"" : ""8860374"", ""vpn_id"" : ""7352"", ""id_default_site"" : -1, ""csp_customer_identifier"" : null, ""global_call_limiter"" : 250, ""scl_id"" : null, ""number_pre_analysis_name"" : ""GENERIC_CLI_PROCESSING"", ""trusted_cli_policy"" : false, ""calling_cli_match_all_sites"" : false, ""equipment_type"" : ""SIPDA"", ""calling_site_cli_algo"" : ""DIV_FROM""}"
3257,46992,"{""id"" : 46992, ""name"" : ""2315126"", ""t1t7"" : ""2315126"", ""vpn_id"" : ""3257"", ""id_default_site"" : -1, ""csp_customer_identifier"" : null, ""global_call_limiter"" : null, ""scl_id"" : null, ""number_pre_analysis_name"" : ""CLI_FRA_Default"", ""trusted_cli_policy"" : false, ""calling_cli_match_all_sites"" : false, ""equipment_type"" : ""SIPDA"", ""calling_site_cli_algo"" : ""DIV_FROM""}"
10002211,55141,"{""id"" : 55141, ""name"" : ""2218031"", ""t1t7"" : ""2218031"", ""vpn_id"" : ""10002211"", ""id_default_site"" : 97074, ""csp_customer_identifier"" : null, ""global_call_limiter"" : null, ""scl_id"" : null, ""number_pre_analysis_name"" : ""CLI_FRA_Default"", ""trusted_cli_policy"" : false, ""calling_cli_match_all_sites"" : false, ""equipment_type"" : ""SIPDA"", ""calling_site_cli_algo"" : ""DIV_FROM""}"
10004917,50828,"{""id"" : 50828, ""name"" : ""2245657"", ""t1t7"" : ""2245657"", ""vpn_id"" : ""10004917"", ""id_default_site"" : 36977, ""csp_customer_identifier"" : null, ""global_call_limiter"" : null, ""scl_id"" : null, ""number_pre_analysis_name"" : ""CLI_FRA_Default"", ""trusted_cli_policy"" : false, ""calling_cli_match_all_sites"" : false, ""equipment_type"" : ""SIPDA"", ""calling_site_cli_algo"" : ""DIV_FROM""}"
10007764,54327,"{""id"" : 54327, ""name"" : ""2250855"", ""t1t7"" : ""2250855"", ""vpn_id"" : ""10007764"", ""id_default_site"" : 333214, ""csp_customer_identifier"" : null, ""global_call_limiter"" : null, ""scl_id"" : null, ""number_pre_analysis_name"" : ""CLI_FRA_Default"", ""trusted_cli_policy"" : false, ""calling_cli_match_all_sites"" : false, ""equipment_type"" : ""SIPDA"", ""calling_site_cli_algo"" : ""DIV_FROM""}"
10006009,62324,"{""id"" : 62324, ""name"" : ""2250305"", ""t1t7"" : ""2250305"", ""vpn_id"" : ""10006009"", ""id_default_site"" : 324065, ""csp_customer_identifier"" : null, ""global_call_limiter"" : null, ""scl_id"" : null, ""number_pre_analysis_name"" : ""CLI_FRA_Default"", ""trusted_cli_policy"" : false, ""calling_cli_match_all_sites"" : false, ""equipment_type"" : ""SIPDA"", ""calling_site_cli_algo"" : ""DIV_FROM""}"
10002741,134681,"{""id"" : 134681, ""name"" : ""2216725"", ""t1t7"" : ""2216725"", ""vpn_id"" : ""10002741"", ""id_default_site"" : 211634, ""csp_customer_identifier"" : null, ""global_call_limiter"" : null, ""scl_id"" : null, ""number_pre_analysis_name"" : ""CLI_FRA_Default"", ""trusted_cli_policy"" : false, ""calling_cli_match_all_sites"" : false, ""equipment_type"" : ""SIPDA"", ""calling_site_cli_algo"" : ""DIV_FROM""}"
10003535,141702,"{""id"" : 141702, ""name"" : ""2235618"", ""t1t7"" : ""2235618"", ""vpn_id"" : ""10003535"", ""id_default_site"" : 219885, ""csp_customer_identifier"" : null, ""global_call_limiter"" : null, ""scl_id"" : null, ""number_pre_analysis_name"" : ""CLI_FRA_Default"", ""trusted_cli_policy"" : false, ""calling_cli_match_all_sites"" : false, ""equipment_type"" : ""SIPDA"", ""calling_site_cli_algo"" : ""DIV_FROM""}"
7352,24341,"{""id"" : 24341, ""name"" : ""wbx_EUR_0026035461"", ""t1t7"" : ""8860572"", ""vpn_id"" : ""7352"", ""id_default_site"" : -1, ""csp_customer_identifier"" : null, ""global_call_limiter"" : 250, ""scl_id"" : null, ""number_pre_analysis_name"" : ""GENERIC_CLI_PROCESSING"", ""trusted_cli_policy"" : false, ""calling_cli_match_all_sites"" : false, ""equipment_type"" : ""SIPDA"", ""calling_site_cli_algo"" : ""DIV_FROM""}"
3998,47909,"{""id"" : 47909, ""name"" : ""PGI_AWCSG_Backup_v1_"", ""t1t7"" : ""8120097"", ""vpn_id"" : ""3998"", ""id_default_site"" : 20915, ""csp_customer_identifier"" : null, ""global_call_limiter"" : null, ""scl_id"" : null, ""number_pre_analysis_name"" : ""zzz_CLI_FRA_0__000"", ""trusted_cli_policy"" : false, ""calling_cli_match_all_sites"" : false, ""equipment_type"" : ""SIPDA"", ""calling_site_cli_algo"" : ""DIV_FROM""}"
10000078,47762,"{""id"" : 47762, ""name"" : ""2300531"", ""t1t7"" : ""2300531"", ""vpn_id"" : ""10000078"", ""id_default_site"" : 51525, ""csp_customer_identifier"" : null, ""global_call_limiter"" : null, ""scl_id"" : null, ""number_pre_analysis_name"" : ""CLI_FRA_Default"", ""trusted_cli_policy"" : false, ""calling_cli_match_all_sites"" : false, ""equipment_type"" : ""SIPDA"", ""calling_site_cli_algo"" : ""DIV_FROM""}"
10002701,64932,"{""id"" : 64932, ""name"" : ""2218458"", ""t1t7"" : ""2218458"", ""vpn_id"" : ""10002701"", ""id_default_site"" : 387092, ""csp_customer_identifier"" : null, ""global_call_limiter"" : null, ""scl_id"" : null, ""number_pre_analysis_name"" : ""CLI_FRA_Default"", ""trusted_cli_policy"" : false, ""calling_cli_match_all_sites"" : false, ""equipment_type"" : ""SIPDA"", ""calling_site_cli_algo"" : ""DIV_FROM""}"
10014893,63606,"{""id"" : 63606, ""name"" : ""2316861"", ""t1t7"" : ""2316861"", ""vpn_id"" : ""10014893"", ""id_default_site"" : 376489, ""csp_customer_identifier"" : null, ""global_call_limiter"" : null, ""scl_id"" : null, ""number_pre_analysis_name"" : ""CLI_FRA_Default"", ""trusted_cli_policy"" : false, ""calling_cli_match_all_sites"" : false, ""equipment_type"" : ""SIPDA"", ""calling_site_cli_algo"" : ""DIV_FROM""}"
7352,71889,"{""id"" : 71889, ""name"" : ""wbx_EUR_247400740"", ""t1t7"" : ""8940071"", ""vpn_id"" : ""7352"", ""id_default_site"" : -1, ""csp_customer_identifier"" : null, ""global_call_limiter"" : 250, ""scl_id"" : null, ""number_pre_analysis_name"" : ""GENERIC_CLI_PROCESSING"", ""trusted_cli_policy"" : false, ""calling_cli_match_all_sites"" : false, ""equipment_type"" : ""SIPDA"", ""calling_site_cli_algo"" : ""DIV_FROM""}"
10002046,173041,"{""id"" : 173041, ""name"" : ""2328636"", ""t1t7"" : ""2328636"", ""vpn_id"" : ""10002046"", ""id_default_site"" : 262673, ""csp_customer_identifier"" : null, ""global_call_limiter"" : null, ""scl_id"" : null, ""number_pre_analysis_name"" : ""CLI_FRA_Default"", ""trusted_cli_policy"" : false, ""calling_cli_match_all_sites"" : false, ""equipment_type"" : ""SIPDA"", ""calling_site_cli_algo"" : ""DIV_FROM""}"
10005283,61793,"{""id"" : 61793, ""name"" : ""2246620"", ""t1t7"" : ""2246620"", ""vpn_id"" : ""10005283"", ""id_default_site"" : 365043, ""csp_customer_identifier"" : null, ""global_call_limiter"" : null, ""scl_id"" : null, ""number_pre_analysis_name"" : ""CLI_FRA_Default"", ""trusted_cli_policy"" : false, ""calling_cli_match_all_sites"" : false, ""equipment_type"" : ""SIPDA"", ""calling_site_cli_algo"" : ""DIV_FROM""}"
10008121,55192,"{""id"" : 55192, ""name"" : ""2225228"", ""t1t7"" : ""2225228"", ""vpn_id"" : ""10008121"", ""id_default_site"" : 336549, ""csp_customer_identifier"" : null, ""global_call_limiter"" : null, ""scl_id"" : null, ""number_pre_analysis_name"" : ""CLI_FRA_Default"", ""trusted_cli_policy"" : false, ""calling_cli_match_all_sites"" : false, ""equipment_type"" : ""SIPDA"", ""calling_site_cli_algo"" : ""DIV_FROM""}"
10004197,51437,"{""id"" : 51437, ""name"" : ""2351604"", ""t1t7"" : ""2351604"", ""vpn_id"" : ""10004197"", ""id_default_site"" : 43587, ""csp_customer_identifier"" : null, ""global_call_limiter"" : null, ""scl_id"" : null, ""number_pre_analysis_name"" : ""CLI_FRA_Default"", ""trusted_cli_policy"" : false, ""calling_cli_match_all_sites"" : false, ""equipment_type"" : ""SIPDA"", ""calling_site_cli_algo"" : ""DIV_FROM""}"
10000636,23863,"{""id"" : 23863, ""name"" : ""2315646"", ""t1t7"" : ""2315646"", ""vpn_id"" : ""10000636"", ""id_default_site"" : 10744, ""csp_customer_identifier"" : null, ""global_call_limiter"" : null, ""scl_id"" : null, ""number_pre_analysis_name"" : ""CLI_FRA_Default"", ""trusted_cli_policy"" : false, ""calling_cli_match_all_sites"" : false, ""equipment_type"" : ""SIPDA"", ""calling_site_cli_algo"" : ""DIV_FROM""}"
10013940,65792,"{""id"" : 65792, ""name"" : ""2338019"", ""t1t7"" : ""2338019"", ""vpn_id"" : ""10013940"", ""id_default_site"" : 346935, ""csp_customer_identifier"" : null, ""global_call_limiter"" : 10, ""scl_id"" : null, ""number_pre_analysis_name"" : ""CLI_FRA_Default"", ""trusted_cli_policy"" : false, ""calling_cli_match_all_sites"" : false, ""equipment_type"" : ""SIPDA"", ""calling_site_cli_algo"" : ""DIV_FROM""}"
10018582,65993,"{""id"" : 65993, ""name"" : ""2223232"", ""t1t7"" : ""2223232"", ""vpn_id"" : ""10018582"", ""id_default_site"" : 395331, ""csp_customer_identifier"" : null, ""global_call_limiter"" : null, ""scl_id"" : null, ""number_pre_analysis_name"" : ""CLI_FRA_Default"", ""trusted_cli_policy"" : false, ""calling_cli_match_all_sites"" : false, ""equipment_type"" : ""SIPDA"", ""calling_site_cli_algo"" : ""DIV_FROM""}"
7035,61608,"{""id"" : 61608, ""name"" : ""2363544"", ""t1t7"" : ""2363544"", ""vpn_id"" : ""7035"", ""id_default_site"" : 314676, ""csp_customer_identifier"" : null, ""global_call_limiter"" : null, ""scl_id"" : null, ""number_pre_analysis_name"" : ""GENERIC_CLI_PROCESSING"", ""trusted_cli_policy"" : false, ""calling_cli_match_all_sites"" : false, ""equipment_type"" : ""SIPDA"", ""calling_site_cli_algo"" : ""DIV_FROM""}"
10011350,67481,"{""id"" : 67481, ""name"" : ""2315357"", ""t1t7"" : ""2315357"", ""vpn_id"" : ""10011350"", ""id_default_site"" : 406923, ""csp_customer_identifier"" : null, ""global_call_limiter"" : null, ""scl_id"" : null, ""number_pre_analysis_name"" : ""CLI_FRA_Default"", ""trusted_cli_policy"" : false, ""calling_cli_match_all_sites"" : false, ""equipment_type"" : ""SIPDA"", ""calling_site_cli_algo"" : ""DIV_FROM""}"
10004899,50374,"{""id"" : 50374, ""name"" : ""2245617"", ""t1t7"" : ""2245617"", ""vpn_id"" : ""10004899"", ""id_default_site"" : 317716, ""csp_customer_identifier"" : null, ""global_call_limiter"" : null, ""scl_id"" : null, ""number_pre_analysis_name"" : ""CLI_FRA_Default"", ""trusted_cli_policy"" : false, ""calling_cli_match_all_sites"" : false, ""equipment_type"" : ""SIPDA"", ""calling_site_cli_algo"" : ""DIV_FROM""}"
10012979,68770,"{""id"" : 68770, ""name"" : ""2315030"", ""t1t7"" : ""2315030"", ""vpn_id"" : ""10012979"", ""id_default_site"" : 415598, ""csp_customer_identifier"" : null, ""global_call_limiter"" : null, ""scl_id"" : null, ""number_pre_analysis_name"" : ""CLI_FRA_Default"", ""trusted_cli_policy"" : false, ""calling_cli_match_all_sites"" : false, ""equipment_type"" : ""SIPDA"", ""calling_site_cli_algo"" : ""DIV_FROM""}"
10004788,72757,"{""id"" : 72757, ""name"" : ""2293018"", ""t1t7"" : ""2293018"", ""vpn_id"" : ""10004788"", ""id_default_site"" : 441444, ""csp_customer_identifier"" : null, ""global_call_limiter"" : 6500, ""scl_id"" : null, ""number_pre_analysis_name"" : ""CLI_FRA_Default"", ""trusted_cli_policy"" : false, ""calling_cli_match_all_sites"" : false, ""equipment_type"" : ""SIPDA"", ""calling_site_cli_algo"" : ""DIV_FROM""}"
4935,65655,"{""id"" : 65655, ""name"" : ""OPC_EMEA_8980044"", ""t1t7"" : ""8980044"", ""vpn_id"" : ""4935"", ""id_default_site"" : 441792, ""csp_customer_identifier"" : null, ""global_call_limiter"" : 30, ""scl_id"" : null, ""number_pre_analysis_name"" : ""GENERIC_CLI_PROCESSING"", ""trusted_cli_policy"" : false, ""calling_cli_match_all_sites"" : false, ""equipment_type"" : ""SIPDA"", ""calling_site_cli_algo"" : ""DIV_FROM""}"
7135,70430,"{""id"" : 70430, ""name"" : ""Trunk_preprod_cmacgm"", ""t1t7"" : ""2403812"", ""vpn_id"" : ""7135"", ""id_default_site"" : -1, ""csp_customer_identifier"" : null, ""global_call_limiter"" : 10, ""scl_id"" : null, ""number_pre_analysis_name"" : ""GENERIC_CLI_PROCESSING"", ""trusted_cli_policy"" : false, ""calling_cli_match_all_sites"" : false, ""equipment_type"" : ""SIPDA"", ""calling_site_cli_algo"" : ""DIV_FROM""}"
3126,135622,"{""id"" : 135622, ""name"" : ""TRK_PIST482"", ""t1t7"" : ""2385498"", ""vpn_id"" : ""3126"", ""id_default_site"" : 212735, ""csp_customer_identifier"" : null, ""global_call_limiter"" : 180, ""scl_id"" : null, ""number_pre_analysis_name"" : ""CLI_TUR_Default"", ""trusted_cli_policy"" : false, ""calling_cli_match_all_sites"" : false, ""equipment_type"" : ""SIPDA"", ""calling_site_cli_algo"" : ""DIV_FROM""}"
10004159,179721,"{""id"" : 179721, ""name"" : ""2351043"", ""t1t7"" : ""2351043"", ""vpn_id"" : ""10004159"", ""id_default_site"" : 270364, ""csp_customer_identifier"" : null, ""global_call_limiter"" : null, ""scl_id"" : null, ""number_pre_analysis_name"" : ""CLI_FRA_Default"", ""trusted_cli_policy"" : false, ""calling_cli_match_all_sites"" : false, ""equipment_type"" : ""SIPDA"", ""calling_site_cli_algo"" : ""DIV_FROM""}"
10003390,65770,"{""id"" : 65770, ""name"" : ""2223652"", ""t1t7"" : ""2223652"", ""vpn_id"" : ""10003390"", ""id_default_site"" : 394038, ""csp_customer_identifier"" : null, ""global_call_limiter"" : null, ""scl_id"" : null, ""number_pre_analysis_name"" : ""CLI_FRA_Default"", ""trusted_cli_policy"" : false, ""calling_cli_match_all_sites"" : false, ""equipment_type"" : ""SIPDA"", ""calling_site_cli_algo"" : ""DIV_FROM""}"
10002332,69933,"{""id"" : 69933, ""name"" : ""2218509"", ""t1t7"" : ""2218509"", ""vpn_id"" : ""10002332"", ""id_default_site"" : 422411, ""csp_customer_identifier"" : null, ""global_call_limiter"" : null, ""scl_id"" : null, ""number_pre_analysis_name"" : ""CLI_FRA_Default"", ""trusted_cli_policy"" : false, ""calling_cli_match_all_sites"" : false, ""equipment_type"" : ""SIPDA"", ""calling_site_cli_algo"" : ""DIV_FROM""}"
10007651,54766,"{""id"" : 54766, ""name"" : ""2250983"", ""t1t7"" : ""2250983"", ""vpn_id"" : ""10007651"", ""id_default_site"" : 334669, ""csp_customer_identifier"" : null, ""global_call_limiter"" : null, ""scl_id"" : null, ""number_pre_analysis_name"" : ""CLI_FRA_Default"", ""trusted_cli_policy"" : false, ""calling_cli_match_all_sites"" : false, ""equipment_type"" : ""SIPDA"", ""calling_site_cli_algo"" : ""DIV_FROM""}"
6334,117682,"{""id"" : 117682, ""name"" : ""2216590"", ""t1t7"" : ""2216590"", ""vpn_id"" : ""6334"", ""id_default_site"" : 41086, ""csp_customer_identifier"" : null, ""global_call_limiter"" : null, ""scl_id"" : null, ""number_pre_analysis_name"" : ""CLI_FRA_Default"", ""trusted_cli_policy"" : false, ""calling_cli_match_all_sites"" : false, ""equipment_type"" : ""SIPDA"", ""calling_site_cli_algo"" : ""DIV_FROM""}"
10013898,57280,"{""id"" : 57280, ""name"" : ""2335059"", ""t1t7"" : ""2335059"", ""vpn_id"" : ""10013898"", ""id_default_site"" : 346032, ""csp_customer_identifier"" : null, ""global_call_limiter"" : 15, ""scl_id"" : null, ""number_pre_analysis_name"" : ""CLI_FRA_Default"", ""trusted_cli_policy"" : false, ""calling_cli_match_all_sites"" : false, ""equipment_type"" : ""SIPDA"", ""calling_site_cli_algo"" : ""DIV_FROM""}"
10010179,61788,"{""id"" : 61788, ""name"" : ""2316774"", ""t1t7"" : ""2316774"", ""vpn_id"" : ""10010179"", ""id_default_site"" : 365017, ""csp_customer_identifier"" : null, ""global_call_limiter"" : null, ""scl_id"" : null, ""number_pre_analysis_name"" : ""CLI_FRA_Default"", ""trusted_cli_policy"" : false, ""calling_cli_match_all_sites"" : false, ""equipment_type"" : ""SIPDA"", ""calling_site_cli_algo"" : ""DIV_FROM""}"
4832,61600,"{""id"" : 61600, ""name"" : ""2373225"", ""t1t7"" : ""2373225"", ""vpn_id"" : ""4832"", ""id_default_site"" : 331938, ""csp_customer_identifier"" : null, ""global_call_limiter"" : null, ""scl_id"" : null, ""number_pre_analysis_name"" : ""GENERIC_CLI_PROCESSING"", ""trusted_cli_policy"" : false, ""calling_cli_match_all_sites"" : false, ""equipment_type"" : ""SIPDA"", ""calling_site_cli_algo"" : ""DIV_FROM""}"
3634,118971,"{""id"" : 118971, ""name"" : ""IXBT1000"", ""t1t7"" : ""2385374"", ""vpn_id"" : ""3634"", ""id_default_site"" : 4288, ""csp_customer_identifier"" : null, ""global_call_limiter"" : null, ""scl_id"" : null, ""number_pre_analysis_name"" : ""zzz_CLI_FRA_na_00_"", ""trusted_cli_policy"" : false, ""calling_cli_match_all_sites"" : false, ""equipment_type"" : ""SIPDA"", ""calling_site_cli_algo"" : ""DIV_FROM""}"
10012826,65521,"{""id"" : 65521, ""name"" : ""2315250"", ""t1t7"" : ""2315250"", ""vpn_id"" : ""10012826"", ""id_default_site"" : 392071, ""csp_customer_identifier"" : null, ""global_call_limiter"" : null, ""scl_id"" : null, ""number_pre_analysis_name"" : ""CLI_FRA_Default"", ""trusted_cli_policy"" : false, ""calling_cli_match_all_sites"" : false, ""equipment_type"" : ""SIPDA"", ""calling_site_cli_algo"" : ""DIV_FROM""}"
3274,168588,"{""id"" : 168588, ""name"" : ""CCVPaaS_VEL_2398310"", ""t1t7"" : ""2398310"", ""vpn_id"" : ""3274"", ""id_default_site"" : 255551, ""csp_customer_identifier"" : null, ""global_call_limiter"" : null, ""scl_id"" : null, ""number_pre_analysis_name"" : ""CLI_MYS_Default"", ""trusted_cli_policy"" : false, ""calling_cli_match_all_sites"" : false, ""equipment_type"" : ""SIPDA"", ""calling_site_cli_algo"" : ""DIV_FROM""}"
10000798,46463,"{""id"" : 46463, ""name"" : ""2310364"", ""t1t7"" : ""2310364"", ""vpn_id"" : ""10000798"", ""id_default_site"" : 50313, ""csp_customer_identifier"" : null, ""global_call_limiter"" : null, ""scl_id"" : null, ""number_pre_analysis_name"" : ""CLI_FRA_Default"", ""trusted_cli_policy"" : false, ""calling_cli_match_all_sites"" : false, ""equipment_type"" : ""SIPDA"", ""calling_site_cli_algo"" : ""DIV_FROM""}"
3547,175224,"{""id"" : 175224, ""name"" : ""CCVPaaS_VEL_2398315"", ""t1t7"" : ""2398315"", ""vpn_id"" : ""3547"", ""id_default_site"" : -1, ""csp_customer_identifier"" : null, ""global_call_limiter"" : null, ""scl_id"" : null, ""number_pre_analysis_name"" : ""CLI_HUN_Default"", ""trusted_cli_policy"" : false, ""calling_cli_match_all_sites"" : false, ""equipment_type"" : ""SIPDA"", ""calling_site_cli_algo"" : ""DIV_FROM""}"
4187,82081,"{""id"" : 82081, ""name"" : ""2330237"", ""t1t7"" : ""2330237"", ""vpn_id"" : ""4187"", ""id_default_site"" : 15194, ""csp_customer_identifier"" : null, ""global_call_limiter"" : null, ""scl_id"" : null, ""number_pre_analysis_name"" : ""CLI_FRA_Default"", ""trusted_cli_policy"" : false, ""calling_cli_match_all_sites"" : false, ""equipment_type"" : ""SIPDA"", ""calling_site_cli_algo"" : ""DIV_FROM""}"
10003032,141663,"{""id"" : 141663, ""name"" : ""2222031"", ""t1t7"" : ""2222031"", ""vpn_id"" : ""10003032"", ""id_default_site"" : 219856, ""csp_customer_identifier"" : null, ""global_call_limiter"" : null, ""scl_id"" : null, ""number_pre_analysis_name"" : ""CLI_FRA_Default"", ""trusted_cli_policy"" : false, ""calling_cli_match_all_sites"" : false, ""equipment_type"" : ""SIPDA"", ""calling_site_cli_algo"" : ""DIV_FROM""}"
4188,36162,"{""id"" : 36162, ""name"" : ""2300092"", ""t1t7"" : ""2300092"", ""vpn_id"" : ""4188"", ""id_default_site"" : 14093, ""csp_customer_identifier"" : null, ""global_call_limiter"" : null, ""scl_id"" : null, ""number_pre_analysis_name"" : ""CLI_FRA_Default"", ""trusted_cli_policy"" : false, ""calling_cli_match_all_sites"" : false, ""equipment_type"" : ""SIPDA"", ""calling_site_cli_algo"" : ""DIV_FROM""}"
10005086,52426,"{""id"" : 52426, ""name"" : ""2246341"", ""t1t7"" : ""2246341"", ""vpn_id"" : ""10005086"", ""id_default_site"" : 323258, ""csp_customer_identifier"" : null, ""global_call_limiter"" : null, ""scl_id"" : null, ""number_pre_analysis_name"" : ""CLI_FRA_Default"", ""trusted_cli_policy"" : false, ""calling_cli_match_all_sites"" : false, ""equipment_type"" : ""SIPDA"", ""calling_site_cli_algo"" : ""DIV_FROM""}"
10003783,151181,"{""id"" : 151181, ""name"" : ""2240476"", ""t1t7"" : ""2240476"", ""vpn_id"" : ""10003783"", ""id_default_site"" : 232707, ""csp_customer_identifier"" : null, ""global_call_limiter"" : null, ""scl_id"" : null, ""number_pre_analysis_name"" : ""CLI_FRA_Default"", ""trusted_cli_policy"" : false, ""calling_cli_match_all_sites"" : false, ""equipment_type"" : ""SIPDA"", ""calling_site_cli_algo"" : ""DIV_FROM""}"
4929,170181,"{""id"" : 170181, ""name"" : ""UK_plhr1826_plhr1836"", ""t1t7"" : ""2385802"", ""vpn_id"" : ""4929"", ""id_default_site"" : -1, ""csp_customer_identifier"" : null, ""global_call_limiter"" : null, ""scl_id"" : null, ""number_pre_analysis_name"" : ""CLI_GBR_Default"", ""trusted_cli_policy"" : false, ""calling_cli_match_all_sites"" : false, ""equipment_type"" : ""SIPDA"", ""calling_site_cli_algo"" : ""DIV_FROM""}"
10013727,57267,"{""id"" : 57267, ""name"" : ""2316335"", ""t1t7"" : ""2316335"", ""vpn_id"" : ""10013727"", ""id_default_site"" : 345981, ""csp_customer_identifier"" : null, ""global_call_limiter"" : null, ""scl_id"" : null, ""number_pre_analysis_name"" : ""CLI_FRA_Default"", ""trusted_cli_policy"" : false, ""calling_cli_match_all_sites"" : false, ""equipment_type"" : ""SIPDA"", ""calling_site_cli_algo"" : ""DIV_FROM""}"
4405,50437,"{""id"" : 50437, ""name"" : ""8224009_PGIUS_BckUp"", ""t1t7"" : ""8224009"", ""vpn_id"" : ""4405"", ""id_default_site"" : 42097, ""csp_customer_identifier"" : null, ""global_call_limiter"" : null, ""scl_id"" : null, ""number_pre_analysis_name"" : ""zzz_CLI_USA_na_na_"", ""trusted_cli_policy"" : false, ""calling_cli_match_all_sites"" : false, ""equipment_type"" : ""SIPDA"", ""calling_site_cli_algo"" : ""DIV_FROM""}"
10006067,66699,"{""id"" : 66699, ""name"" : ""2223704"", ""t1t7"" : ""2223704"", ""vpn_id"" : ""10006067"", ""id_default_site"" : 401809, ""csp_customer_identifier"" : null, ""global_call_limiter"" : null, ""scl_id"" : null, ""number_pre_analysis_name"" : ""CLI_FRA_Default"", ""trusted_cli_policy"" : false, ""calling_cli_match_all_sites"" : false, ""equipment_type"" : ""SIPDA"", ""calling_site_cli_algo"" : ""DIV_FROM""}"
7086,58035,"{""id"" : 58035, ""name"" : ""2368809_SIN_SIP"", ""t1t7"" : ""2368809"", ""vpn_id"" : ""7086"", ""id_default_site"" : 348336, ""csp_customer_identifier"" : null, ""global_call_limiter"" : 50, ""scl_id"" : null, ""number_pre_analysis_name"" : ""GENERIC_CLI_PROCESSING"", ""trusted_cli_policy"" : false, ""calling_cli_match_all_sites"" : false, ""equipment_type"" : ""SIPDA"", ""calling_site_cli_algo"" : ""DIV_FROM""}"
3634,133941,"{""id"" : 133941, ""name"" : ""ILED1003"", ""t1t7"" : ""2385497"", ""vpn_id"" : ""3634"", ""id_default_site"" : 19716, ""csp_customer_identifier"" : null, ""global_call_limiter"" : null, ""scl_id"" : null, ""number_pre_analysis_name"" : ""zzz_CLI_RUS_0_00_"", ""trusted_cli_policy"" : false, ""calling_cli_match_all_sites"" : false, ""equipment_type"" : ""SIPDA"", ""calling_site_cli_algo"" : ""DIV_FROM""}"
10018689,66192,"{""id"" : 66192, ""name"" : ""2214777"", ""t1t7"" : ""2214777"", ""vpn_id"" : ""10018689"", ""id_default_site"" : 397458, ""csp_customer_identifier"" : null, ""global_call_limiter"" : null, ""scl_id"" : null, ""number_pre_analysis_name"" : ""CLI_FRA_Default"", ""trusted_cli_policy"" : false, ""calling_cli_match_all_sites"" : false, ""equipment_type"" : ""SIPDA"", ""calling_site_cli_algo"" : ""DIV_FROM""}"
10003598,145306,"{""id"" : 145306, ""name"" : ""2240062"", ""t1t7"" : ""2240062"", ""vpn_id"" : ""10003598"", ""id_default_site"" : 224515, ""csp_customer_identifier"" : null, ""global_call_limiter"" : null, ""scl_id"" : null, ""number_pre_analysis_name"" : ""CLI_FRA_Default"", ""trusted_cli_policy"" : false, ""calling_cli_match_all_sites"" : false, ""equipment_type"" : ""SIPDA"", ""calling_site_cli_algo"" : ""DIV_FROM""}"
10004308,175822,"{""id"" : 175822, ""name"" : ""2350729"", ""t1t7"" : ""2350729"", ""vpn_id"" : ""10004308"", ""id_default_site"" : 265735, ""csp_customer_identifier"" : null, ""global_call_limiter"" : null, ""scl_id"" : null, ""number_pre_analysis_name"" : ""CLI_FRA_Default"", ""trusted_cli_policy"" : false, ""calling_cli_match_all_sites"" : false, ""equipment_type"" : ""SIPDA"", ""calling_site_cli_algo"" : ""DIV_FROM""}"
10009129,25661,"{""id"" : 25661, ""name"" : ""5104226"", ""t1t7"" : ""5104226"", ""vpn_id"" : ""10009129"", ""id_default_site"" : 204603, ""csp_customer_identifier"" : null, ""global_call_limiter"" : null, ""scl_id"" : null, ""number_pre_analysis_name"" : ""CLI_FRA_Default"", ""trusted_cli_policy"" : false, ""calling_cli_match_all_sites"" : false, ""equipment_type"" : ""SIPDA"", ""calling_site_cli_algo"" : ""DIV_FROM""}"
10014438,58405,"{""id"" : 58405, ""name"" : ""2223291"", ""t1t7"" : ""2223291"", ""vpn_id"" : ""10014438"", ""id_default_site"" : 349391, ""csp_customer_identifier"" : null, ""global_call_limiter"" : null, ""scl_id"" : null, ""number_pre_analysis_name"" : ""GENERIC_CLI_PROCESSING"", ""trusted_cli_policy"" : false, ""calling_cli_match_all_sites"" : false, ""equipment_type"" : ""SIPDA"", ""calling_site_cli_algo"" : ""DIV_FROM""}"
10003724,16321,"{""id"" : 16321, ""name"" : ""5106048"", ""t1t7"" : ""5106048"", ""vpn_id"" : ""10003724"", ""id_default_site"" : -1, ""csp_customer_identifier"" : null, ""global_call_limiter"" : null, ""scl_id"" : null, ""number_pre_analysis_name"" : ""CLI_FRA_Default"", ""trusted_cli_policy"" : false, ""calling_cli_match_all_sites"" : false, ""equipment_type"" : ""SIPDA"", ""calling_site_cli_algo"" : ""DIV_FROM""}"
7352,2461,"{""id"" : 2461, ""name"" : ""wbx_EUR_0025937755"", ""t1t7"" : ""8860251"", ""vpn_id"" : ""7352"", ""id_default_site"" : -1, ""csp_customer_identifier"" : null, ""global_call_limiter"" : 250, ""scl_id"" : null, ""number_pre_analysis_name"" : ""GENERIC_CLI_PROCESSING"", ""trusted_cli_policy"" : false, ""calling_cli_match_all_sites"" : false, ""equipment_type"" : ""SIPDA"", ""calling_site_cli_algo"" : ""DIV_FROM""}"
10004122,174722,"{""id"" : 174722, ""name"" : ""2350428"", ""t1t7"" : ""2350428"", ""vpn_id"" : ""10004122"", ""id_default_site"" : 264518, ""csp_customer_identifier"" : null, ""global_call_limiter"" : null, ""scl_id"" : null, ""number_pre_analysis_name"" : ""CLI_FRA_Default"", ""trusted_cli_policy"" : false, ""calling_cli_match_all_sites"" : false, ""equipment_type"" : ""SIPDA"", ""calling_site_cli_algo"" : ""DIV_FROM""}"
5566,50702,"{""id"" : 50702, ""name"" : ""2341165"", ""t1t7"" : ""2341165"", ""vpn_id"" : ""5566"", ""id_default_site"" : 36130, ""csp_customer_identifier"" : null, ""global_call_limiter"" : null, ""scl_id"" : null, ""number_pre_analysis_name"" : ""CLI_FRA_Default"", ""trusted_cli_policy"" : false, ""calling_cli_match_all_sites"" : false, ""equipment_type"" : ""SIPDA"", ""calling_site_cli_algo"" : ""DIV_FROM""}"
10002806,123401,"{""id"" : 123401, ""name"" : ""2220260"", ""t1t7"" : ""2220260"", ""vpn_id"" : ""10002806"", ""id_default_site"" : 198386, ""csp_customer_identifier"" : null, ""global_call_limiter"" : null, ""scl_id"" : null, ""number_pre_analysis_name"" : ""CLI_FRA_Default"", ""trusted_cli_policy"" : false, ""calling_cli_match_all_sites"" : false, ""equipment_type"" : ""SIPDA"", ""calling_site_cli_algo"" : ""DIV_FROM""}"
10018698,66677,"{""id"" : 66677, ""name"" : ""2214803"", ""t1t7"" : ""2214803"", ""vpn_id"" : ""10018698"", ""id_default_site"" : 401717, ""csp_customer_identifier"" : null, ""global_call_limiter"" : null, ""scl_id"" : null, ""number_pre_analysis_name"" : ""CLI_FRA_Default"", ""trusted_cli_policy"" : false, ""calling_cli_match_all_sites"" : false, ""equipment_type"" : ""SIPDA"", ""calling_site_cli_algo"" : ""DIV_FROM""}"
10003775,164381,"{""id"" : 164381, ""name"" : ""2240583"", ""t1t7"" : ""2240583"", ""vpn_id"" : ""10003775"", ""id_default_site"" : 250314, ""csp_customer_identifier"" : null, ""global_call_limiter"" : null, ""scl_id"" : null, ""number_pre_analysis_name"" : ""CLI_FRA_Default"", ""trusted_cli_policy"" : false, ""calling_cli_match_all_sites"" : false, ""equipment_type"" : ""SIPDA"", ""calling_site_cli_algo"" : ""DIV_FROM""}"
3801,60919,"{""id"" : 60919, ""name"" : ""2373502"", ""t1t7"" : ""2373502"", ""vpn_id"" : ""3801"", ""id_default_site"" : 227535, ""csp_customer_identifier"" : null, ""global_call_limiter"" : null, ""scl_id"" : null, ""number_pre_analysis_name"" : ""GENERIC_CLI_PROCESSING"", ""trusted_cli_policy"" : false, ""calling_cli_match_all_sites"" : false, ""equipment_type"" : ""SIPDA"", ""calling_site_cli_algo"" : ""DIV_FROM""}"
7365,71460,"{""id"" : 71460, ""name"" : ""USA_BTOI"", ""t1t7"" : ""2373866"", ""vpn_id"" : ""7365"", ""id_default_site"" : -1, ""csp_customer_identifier"" : null, ""global_call_limiter"" : 150, ""scl_id"" : null, ""number_pre_analysis_name"" : ""GENERIC_CLI_PROCESSING"", ""trusted_cli_policy"" : false, ""calling_cli_match_all_sites"" : false, ""equipment_type"" : ""SIPDA"", ""calling_site_cli_algo"" : ""DIV_FROM""}"
10002046,159353,"{""id"" : 159353, ""name"" : ""2327238"", ""t1t7"" : ""2327238"", ""vpn_id"" : ""10002046"", ""id_default_site"" : 243597, ""csp_customer_identifier"" : null, ""global_call_limiter"" : null, ""scl_id"" : null, ""number_pre_analysis_name"" : ""CLI_FRA_Default"", ""trusted_cli_policy"" : false, ""calling_cli_match_all_sites"" : false, ""equipment_type"" : ""SIPDA"", ""calling_site_cli_algo"" : ""DIV_FROM""}"
10004468,70949,"{""id"" : 70949, ""name"" : ""5105043"", ""t1t7"" : ""5105043"", ""vpn_id"" : ""10004468"", ""id_default_site"" : 429339, ""csp_customer_identifier"" : null, ""global_call_limiter"" : null, ""scl_id"" : null, ""number_pre_analysis_name"" : ""CLI_FRA_Default"", ""trusted_cli_policy"" : false, ""calling_cli_match_all_sites"" : false, ""equipment_type"" : ""SIPDA"", ""calling_site_cli_algo"" : ""DIV_FROM""}"
3998,69119,"{""id"" : 69119, ""name"" : ""5106997_OCWS2_DRO"", ""t1t7"" : ""5106997"", ""vpn_id"" : ""3998"", ""id_default_site"" : 418281, ""csp_customer_identifier"" : null, ""global_call_limiter"" : null, ""scl_id"" : null, ""number_pre_analysis_name"" : ""FRA_Default"", ""trusted_cli_policy"" : false, ""calling_cli_match_all_sites"" : false, ""equipment_type"" : ""SIPDA"", ""calling_site_cli_algo"" : ""DIV_FROM""}"
10005917,58968,"{""id"" : 58968, ""name"" : ""2250567"", ""t1t7"" : ""2250567"", ""vpn_id"" : ""10005917"", ""id_default_site"" : 351080, ""csp_customer_identifier"" : null, ""global_call_limiter"" : null, ""scl_id"" : null, ""number_pre_analysis_name"" : ""GENERIC_CLI_PROCESSING"", ""trusted_cli_policy"" : false, ""calling_cli_match_all_sites"" : false, ""equipment_type"" : ""SIPDA"", ""calling_site_cli_algo"" : ""DIV_FROM""}"
10003681,71287,"{""id"" : 71287, ""name"" : ""2223466"", ""t1t7"" : ""2223466"", ""vpn_id"" : ""10003681"", ""id_default_site"" : 431988, ""csp_customer_identifier"" : null, ""global_call_limiter"" : null, ""scl_id"" : null, ""number_pre_analysis_name"" : ""CLI_FRA_Default"", ""trusted_cli_policy"" : false, ""calling_cli_match_all_sites"" : false, ""equipment_type"" : ""SIPDA"", ""calling_site_cli_algo"" : ""DIV_FROM""}"
10003746,69353,"{""id"" : 69353, ""name"" : ""2351242"", ""t1t7"" : ""2351242"", ""vpn_id"" : ""10003746"", ""id_default_site"" : 419352, ""csp_customer_identifier"" : null, ""global_call_limiter"" : null, ""scl_id"" : null, ""number_pre_analysis_name"" : ""CLI_FRA_Default"", ""trusted_cli_policy"" : false, ""calling_cli_match_all_sites"" : false, ""equipment_type"" : ""SIPDA"", ""calling_site_cli_algo"" : ""DIV_FROM""}"
3861,61598,"{""id"" : 61598, ""name"" : ""2373223"", ""t1t7"" : ""2373223"", ""vpn_id"" : ""3861"", ""id_default_site"" : 315655, ""csp_customer_identifier"" : null, ""global_call_limiter"" : null, ""scl_id"" : null, ""number_pre_analysis_name"" : ""GENERIC_CLI_PROCESSING"", ""trusted_cli_policy"" : false, ""calling_cli_match_all_sites"" : false, ""equipment_type"" : ""SIPDA"", ""calling_site_cli_algo"" : ""DIV_FROM""}"
10003862,51363,"{""id"" : 51363, ""name"" : ""2241068"", ""t1t7"" : ""2241068"", ""vpn_id"" : ""10003862"", ""id_default_site"" : 42752, ""csp_customer_identifier"" : null, ""global_call_limiter"" : null, ""scl_id"" : null, ""number_pre_analysis_name"" : ""CLI_FRA_Default"", ""trusted_cli_policy"" : false, ""calling_cli_match_all_sites"" : false, ""equipment_type"" : ""SIPDA"", ""calling_site_cli_algo"" : ""DIV_FROM""}"
10008419,73976,"{""id"" : 73976, ""name"" : ""5101040"", ""t1t7"" : ""5101040"", ""vpn_id"" : ""10008419"", ""id_default_site"" : 383029, ""csp_customer_identifier"" : null, ""global_call_limiter"" : null, ""scl_id"" : null, ""number_pre_analysis_name"" : ""CLI_FRA_Default"", ""trusted_cli_policy"" : false, ""calling_cli_match_all_sites"" : false, ""equipment_type"" : ""SIPDA"", ""calling_site_cli_algo"" : ""DIV_FROM""}"
10007599,66892,"{""id"" : 66892, ""name"" : ""2315185"", ""t1t7"" : ""2315185"", ""vpn_id"" : ""10007599"", ""id_default_site"" : 402978, ""csp_customer_identifier"" : null, ""global_call_limiter"" : null, ""scl_id"" : null, ""number_pre_analysis_name"" : ""CLI_FRA_Default"", ""trusted_cli_policy"" : false, ""calling_cli_match_all_sites"" : false, ""equipment_type"" : ""SIPDA"", ""calling_site_cli_algo"" : ""DIV_FROM""}"
7366,71452,"{""id"" : 71452, ""name"" : ""Genesys EMEA"", ""t1t7"" : ""8800066"", ""vpn_id"" : ""7366"", ""id_default_site"" : -1, ""csp_customer_identifier"" : null, ""global_call_limiter"" : 50, ""scl_id"" : null, ""number_pre_analysis_name"" : ""GENERIC_CLI_PROCESSING"", ""trusted_cli_policy"" : false, ""calling_cli_match_all_sites"" : false, ""equipment_type"" : ""SIPDA"", ""calling_site_cli_algo"" : ""DIV_FROM""}"
5808,135665,"{""id"" : 135665, ""name"" : ""2326370"", ""t1t7"" : ""2326370"", ""vpn_id"" : ""5808"", ""id_default_site"" : 212812, ""csp_customer_identifier"" : null, ""global_call_limiter"" : null, ""scl_id"" : null, ""number_pre_analysis_name"" : ""CLI_FRA_Default"", ""trusted_cli_policy"" : false, ""calling_cli_match_all_sites"" : false, ""equipment_type"" : ""SIPDA"", ""calling_site_cli_algo"" : ""DIV_FROM""}"
10003316,135003,"{""id"" : 135003, ""name"" : ""2235064"", ""t1t7"" : ""2235064"", ""vpn_id"" : ""10003316"", ""id_default_site"" : 219076, ""csp_customer_identifier"" : null, ""global_call_limiter"" : null, ""scl_id"" : null, ""number_pre_analysis_name"" : ""CLI_FRA_Default"", ""trusted_cli_policy"" : false, ""calling_cli_match_all_sites"" : false, ""equipment_type"" : ""SIPDA"", ""calling_site_cli_algo"" : ""DIV_FROM""}"
7363,73589,"{""id"" : 73589, ""name"" : ""OPC_NAM_8824003"", ""t1t7"" : ""8824003"", ""vpn_id"" : ""7363"", ""id_default_site"" : -1, ""csp_customer_identifier"" : null, ""global_call_limiter"" : 5, ""scl_id"" : null, ""number_pre_analysis_name"" : ""GENERIC_CLI_PROCESSING"", ""trusted_cli_policy"" : false, ""calling_cli_match_all_sites"" : false, ""equipment_type"" : ""SIPDA"", ""calling_site_cli_algo"" : ""DIV_FROM""}"
10003708,165541,"{""id"" : 165541, ""name"" : ""2240392"", ""t1t7"" : ""2240392"", ""vpn_id"" : ""10003708"", ""id_default_site"" : 251673, ""csp_customer_identifier"" : null, ""global_call_limiter"" : null, ""scl_id"" : null, ""number_pre_analysis_name"" : ""CLI_FRA_Default"", ""trusted_cli_policy"" : false, ""calling_cli_match_all_sites"" : false, ""equipment_type"" : ""SIPDA"", ""calling_site_cli_algo"" : ""DIV_FROM""}"
7052,60317,"{""id"" : 60317, ""name"" : ""ECL_SIPCAN_AMER"", ""t1t7"" : ""7052992"", ""vpn_id"" : ""7052"", ""id_default_site"" : 356003, ""csp_customer_identifier"" : null, ""global_call_limiter"" : null, ""scl_id"" : null, ""number_pre_analysis_name"" : ""Generic_CLI"", ""trusted_cli_policy"" : false, ""calling_cli_match_all_sites"" : false, ""equipment_type"" : ""SIPDA"", ""calling_site_cli_algo"" : ""DIV_FROM""}"
10000305,127325,"{""id"" : 127325, ""name"" : ""2305015"", ""t1t7"" : ""2305015"", ""vpn_id"" : ""10000305"", ""id_default_site"" : 202236, ""csp_customer_identifier"" : null, ""global_call_limiter"" : null, ""scl_id"" : null, ""number_pre_analysis_name"" : ""CLI_FRA_Default"", ""trusted_cli_policy"" : false, ""calling_cli_match_all_sites"" : false, ""equipment_type"" : ""SIPDA"", ""calling_site_cli_algo"" : ""DIV_FROM""}"
10005283,61143,"{""id"" : 61143, ""name"" : ""2246656"", ""t1t7"" : ""2246656"", ""vpn_id"" : ""10005283"", ""id_default_site"" : 360525, ""csp_customer_identifier"" : null, ""global_call_limiter"" : null, ""scl_id"" : null, ""number_pre_analysis_name"" : ""CLI_FRA_Default"", ""trusted_cli_policy"" : false, ""calling_cli_match_all_sites"" : false, ""equipment_type"" : ""SIPDA"", ""calling_site_cli_algo"" : ""DIV_FROM""}"
10002497,135387,"{""id"" : 135387, ""name"" : ""2341055"", ""t1t7"" : ""2341055"", ""vpn_id"" : ""10002497"", ""id_default_site"" : 212420, ""csp_customer_identifier"" : null, ""global_call_limiter"" : null, ""scl_id"" : null, ""number_pre_analysis_name"" : ""CLI_FRA_Default"", ""trusted_cli_policy"" : false, ""calling_cli_match_all_sites"" : false, ""equipment_type"" : ""SIPDA"", ""calling_site_cli_algo"" : ""DIV_FROM""}"
7027,68388,"{""id"" : 68388, ""name"" : ""GE_EMEA_GEMSCC03"", ""t1t7"" : ""8800015"", ""vpn_id"" : ""7027"", ""id_default_site"" : -1, ""csp_customer_identifier"" : null, ""global_call_limiter"" : 100, ""scl_id"" : null, ""number_pre_analysis_name"" : ""GENERIC_CLI_PROCESSING"", ""trusted_cli_policy"" : false, ""calling_cli_match_all_sites"" : false, ""equipment_type"" : ""SIPDA"", ""calling_site_cli_algo"" : ""DIV_FROM""}"
4950,66592,"{""id"" : 66592, ""name"" : ""OPC_AMER_8984066"", ""t1t7"" : ""8984066"", ""vpn_id"" : ""4950"", ""id_default_site"" : -1, ""csp_customer_identifier"" : null, ""global_call_limiter"" : 110, ""scl_id"" : null, ""number_pre_analysis_name"" : ""GENERIC_CLI_PROCESSING"", ""trusted_cli_policy"" : false, ""calling_cli_match_all_sites"" : false, ""equipment_type"" : ""SIPDA"", ""calling_site_cli_algo"" : ""DIV_FROM""}"
10007584,66812,"{""id"" : 66812, ""name"" : ""2250534"", ""t1t7"" : ""2250534"", ""vpn_id"" : ""10007584"", ""id_default_site"" : 402635, ""csp_customer_identifier"" : null, ""global_call_limiter"" : null, ""scl_id"" : null, ""number_pre_analysis_name"" : ""CLI_FRA_Default"", ""trusted_cli_policy"" : false, ""calling_cli_match_all_sites"" : false, ""equipment_type"" : ""SIPDA"", ""calling_site_cli_algo"" : ""DIV_FROM""}"
10008881,65583,"{""id"" : 65583, ""name"" : ""2250663"", ""t1t7"" : ""2250663"", ""vpn_id"" : ""10008881"", ""id_default_site"" : 392387, ""csp_customer_identifier"" : null, ""global_call_limiter"" : null, ""scl_id"" : null, ""number_pre_analysis_name"" : ""CLI_FRA_Default"", ""trusted_cli_policy"" : false, ""calling_cli_match_all_sites"" : false, ""equipment_type"" : ""SIPDA"", ""calling_site_cli_algo"" : ""DIV_FROM""}"
4825,56598,"{""id"" : 56598, ""name"" : ""PASQ004"", ""t1t7"" : ""2370150"", ""vpn_id"" : ""4825"", ""id_default_site"" : 376292, ""csp_customer_identifier"" : null, ""global_call_limiter"" : 500, ""scl_id"" : null, ""number_pre_analysis_name"" : ""CLI_USA_Default"", ""trusted_cli_policy"" : false, ""calling_cli_match_all_sites"" : false, ""equipment_type"" : ""SIPDA"", ""calling_site_cli_algo"" : ""DIV_FROM""}"
7027,11944,"{""id"" : 11944, ""name"" : ""gsy_DUB_MSC-DRP-APA"", ""t1t7"" : ""8801801"", ""vpn_id"" : ""7027"", ""id_default_site"" : -1, ""csp_customer_identifier"" : null, ""global_call_limiter"" : null, ""scl_id"" : null, ""number_pre_analysis_name"" : ""GENERIC_CLI_PROCESSING"", ""trusted_cli_policy"" : false, ""calling_cli_match_all_sites"" : false, ""equipment_type"" : ""SIPDA"", ""calling_site_cli_algo"" : ""DIV_FROM""}"
5263,91061,"{""id"" : 91061, ""name"" : ""2330266"", ""t1t7"" : ""2330266"", ""vpn_id"" : ""5263"", ""id_default_site"" : 107734, ""csp_customer_identifier"" : null, ""global_call_limiter"" : null, ""scl_id"" : null, ""number_pre_analysis_name"" : ""CLI_FRA_Default"", ""trusted_cli_policy"" : false, ""calling_cli_match_all_sites"" : false, ""equipment_type"" : ""SIPDA"", ""calling_site_cli_algo"" : ""DIV_FROM""}"
4779,137384,"{""id"" : 137384, ""name"" : ""PSIN4452_SIP"", ""t1t7"" : ""2395217"", ""vpn_id"" : ""4779"", ""id_default_site"" : 214750, ""csp_customer_identifier"" : null, ""global_call_limiter"" : null, ""scl_id"" : null, ""number_pre_analysis_name"" : ""CLI_SGP_Default"", ""trusted_cli_policy"" : false, ""calling_cli_match_all_sites"" : false, ""equipment_type"" : ""SIPDA"", ""calling_site_cli_algo"" : ""DIV_FROM""}"
10005340,66859,"{""id"" : 66859, ""name"" : ""2245752"", ""t1t7"" : ""2245752"", ""vpn_id"" : ""10005340"", ""id_default_site"" : 402857, ""csp_customer_identifier"" : null, ""global_call_limiter"" : null, ""scl_id"" : null, ""number_pre_analysis_name"" : ""CLI_FRA_Default"", ""trusted_cli_policy"" : false, ""calling_cli_match_all_sites"" : false, ""equipment_type"" : ""SIPDA"", ""calling_site_cli_algo"" : ""DIV_FROM""}"
7352,25341,"{""id"" : 25341, ""name"" : ""wbx_EUR_0026031943"", ""t1t7"" : ""8860590"", ""vpn_id"" : ""7352"", ""id_default_site"" : -1, ""csp_customer_identifier"" : null, ""global_call_limiter"" : 250, ""scl_id"" : null, ""number_pre_analysis_name"" : ""GENERIC_CLI_PROCESSING"", ""trusted_cli_policy"" : false, ""calling_cli_match_all_sites"" : false, ""equipment_type"" : ""SIPDA"", ""calling_site_cli_algo"" : ""DIV_FROM""}"
4861,50007,"{""id"" : 50007, ""name"" : ""NEW-UK_2360219"", ""t1t7"" : ""2360219"", ""vpn_id"" : ""4861"", ""id_default_site"" : -1, ""csp_customer_identifier"" : null, ""global_call_limiter"" : null, ""scl_id"" : null, ""number_pre_analysis_name"" : ""CLI_GBR_Default"", ""trusted_cli_policy"" : false, ""calling_cli_match_all_sites"" : false, ""equipment_type"" : ""SIPDA"", ""calling_site_cli_algo"" : ""DIV_FROM""}"
10008890,62995,"{""id"" : 62995, ""name"" : ""2251428"", ""t1t7"" : ""2251428"", ""vpn_id"" : ""10008890"", ""id_default_site"" : 372743, ""csp_customer_identifier"" : null, ""global_call_limiter"" : null, ""scl_id"" : null, ""number_pre_analysis_name"" : ""CLI_FRA_Default"", ""trusted_cli_policy"" : false, ""calling_cli_match_all_sites"" : false, ""equipment_type"" : ""SIPDA"", ""calling_site_cli_algo"" : ""DIV_FROM""}"
4907,56726,"{""id"" : 56726, ""name"" : ""PFRA3960-1"", ""t1t7"" : ""2360276"", ""vpn_id"" : ""4907"", ""id_default_site"" : 343882, ""csp_customer_identifier"" : null, ""global_call_limiter"" : 250, ""scl_id"" : null, ""number_pre_analysis_name"" : ""CLI_DEU_Default"", ""trusted_cli_policy"" : false, ""calling_cli_match_all_sites"" : false, ""equipment_type"" : ""SIPDA"", ""calling_site_cli_algo"" : ""DIV_FROM""}"
10010160,56353,"{""id"" : 56353, ""name"" : ""2315336"", ""t1t7"" : ""2315336"", ""vpn_id"" : ""10010160"", ""id_default_site"" : 341948, ""csp_customer_identifier"" : null, ""global_call_limiter"" : null, ""scl_id"" : null, ""number_pre_analysis_name"" : ""CLI_FRA_Default"", ""trusted_cli_policy"" : false, ""calling_cli_match_all_sites"" : false, ""equipment_type"" : ""SIPDA"", ""calling_site_cli_algo"" : ""DIV_FROM""}"
10000824,64256,"{""id"" : 64256, ""name"" : ""2214564"", ""t1t7"" : ""2214564"", ""vpn_id"" : ""10000824"", ""id_default_site"" : 381053, ""csp_customer_identifier"" : null, ""global_call_limiter"" : null, ""scl_id"" : null, ""number_pre_analysis_name"" : ""CLI_FRA_Default"", ""trusted_cli_policy"" : false, ""calling_cli_match_all_sites"" : false, ""equipment_type"" : ""SIPDA"", ""calling_site_cli_algo"" : ""DIV_FROM""}"
4671,136463,"{""id"" : 136463, ""name"" : ""PURO370_SIP"", ""t1t7"" : ""2385511"", ""vpn_id"" : ""4671"", ""id_default_site"" : 213721, ""csp_customer_identifier"" : null, ""global_call_limiter"" : 320, ""scl_id"" : null, ""number_pre_analysis_name"" : ""CLI_FRA_Default"", ""trusted_cli_policy"" : false, ""calling_cli_match_all_sites"" : false, ""equipment_type"" : ""SIPDA"", ""calling_site_cli_algo"" : ""DIV_FROM""}"
10003746,68263,"{""id"" : 68263, ""name"" : ""2351277"", ""t1t7"" : ""2351277"", ""vpn_id"" : ""10003746"", ""id_default_site"" : 411934, ""csp_customer_identifier"" : null, ""global_call_limiter"" : null, ""scl_id"" : null, ""number_pre_analysis_name"" : ""CLI_FRA_Default"", ""trusted_cli_policy"" : false, ""calling_cli_match_all_sites"" : false, ""equipment_type"" : ""SIPDA"", ""calling_site_cli_algo"" : ""DIV_FROM""}"
10003981,160081,"{""id"" : 160081, ""name"" : ""2240885"", ""t1t7"" : ""2240885"", ""vpn_id"" : ""10003981"", ""id_default_site"" : 244894, ""csp_customer_identifier"" : null, ""global_call_limiter"" : null, ""scl_id"" : null, ""number_pre_analysis_name"" : ""CLI_FRA_Default"", ""trusted_cli_policy"" : false, ""calling_cli_match_all_sites"" : false, ""equipment_type"" : ""SIPDA"", ""calling_site_cli_algo"" : ""DIV_FROM""}"
3552,190,"{""id"" : 190, ""name"" : ""EMEA_2403848"", ""t1t7"" : ""2403848"", ""vpn_id"" : ""3552"", ""id_default_site"" : -1, ""csp_customer_identifier"" : null, ""global_call_limiter"" : 200, ""scl_id"" : null, ""number_pre_analysis_name"" : ""GENERIC_CLI_PROCESSING"", ""trusted_cli_policy"" : false, ""calling_cli_match_all_sites"" : false, ""equipment_type"" : ""SIPDA"", ""calling_site_cli_algo"" : ""DIV_FROM""}"
10008125,55816,"{""id"" : 55816, ""name"" : ""2350211"", ""t1t7"" : ""2350211"", ""vpn_id"" : ""10008125"", ""id_default_site"" : 339032, ""csp_customer_identifier"" : null, ""global_call_limiter"" : null, ""scl_id"" : null, ""number_pre_analysis_name"" : ""CLI_FRA_Default"", ""trusted_cli_policy"" : false, ""calling_cli_match_all_sites"" : false, ""equipment_type"" : ""SIPDA"", ""calling_site_cli_algo"" : ""DIV_FROM""}"
10000078,132206,"{""id"" : 132206, ""name"" : ""2301620"", ""t1t7"" : ""2301620"", ""vpn_id"" : ""10000078"", ""id_default_site"" : 207663, ""csp_customer_identifier"" : null, ""global_call_limiter"" : null, ""scl_id"" : null, ""number_pre_analysis_name"" : ""CLI_FRA_Default"", ""trusted_cli_policy"" : false, ""calling_cli_match_all_sites"" : false, ""equipment_type"" : ""SIPDA"", ""calling_site_cli_algo"" : ""DIV_FROM""}"
10003599,55856,"{""id"" : 55856, ""name"" : ""2214033"", ""t1t7"" : ""2214033"", ""vpn_id"" : ""10003599"", ""id_default_site"" : 339235, ""csp_customer_identifier"" : null, ""global_call_limiter"" : null, ""scl_id"" : null, ""number_pre_analysis_name"" : ""CLI_FRA_Default"", ""trusted_cli_policy"" : false, ""calling_cli_match_all_sites"" : false, ""equipment_type"" : ""SIPDA"", ""calling_site_cli_algo"" : ""DIV_FROM""}"
4895,50204,"{""id"" : 50204, ""name"" : ""APA_DEMOVDRMVP"", ""t1t7"" : ""2368200"", ""vpn_id"" : ""4895"", ""id_default_site"" : 316955, ""csp_customer_identifier"" : null, ""global_call_limiter"" : null, ""scl_id"" : null, ""number_pre_analysis_name"" : ""CLI_SGP_Default"", ""trusted_cli_policy"" : false, ""calling_cli_match_all_sites"" : false, ""equipment_type"" : ""SIPDA"", ""calling_site_cli_algo"" : ""DIV_FROM""}"
10001038,59771,"{""id"" : 59771, ""name"" : ""2336744"", ""t1t7"" : ""2336744"", ""vpn_id"" : ""10001038"", ""id_default_site"" : 353732, ""csp_customer_identifier"" : null, ""global_call_limiter"" : null, ""scl_id"" : null, ""number_pre_analysis_name"" : ""CLI_FRA_Default"", ""trusted_cli_policy"" : false, ""calling_cli_match_all_sites"" : false, ""equipment_type"" : ""SIPDA"", ""calling_site_cli_algo"" : ""DIV_FROM""}"
10002334,64060,"{""id"" : 64060, ""name"" : ""2214535"", ""t1t7"" : ""2214535"", ""vpn_id"" : ""10002334"", ""id_default_site"" : 379664, ""csp_customer_identifier"" : null, ""global_call_limiter"" : null, ""scl_id"" : null, ""number_pre_analysis_name"" : ""CLI_FRA_Default"", ""trusted_cli_policy"" : false, ""calling_cli_match_all_sites"" : false, ""equipment_type"" : ""SIPDA"", ""calling_site_cli_algo"" : ""DIV_FROM""}"
3610,47653,"{""id"" : 47653, ""name"" : ""259-SIP-PDEL852"", ""t1t7"" : ""2395378"", ""vpn_id"" : ""3610"", ""id_default_site"" : 36692, ""csp_customer_identifier"" : null, ""global_call_limiter"" : null, ""scl_id"" : null, ""number_pre_analysis_name"" : ""GENERIC_CLI_PROCESSING"", ""trusted_cli_policy"" : false, ""calling_cli_match_all_sites"" : false, ""equipment_type"" : ""SIPDA"", ""calling_site_cli_algo"" : ""DIV_FROM""}"
10012372,58030,"{""id"" : 58030, ""name"" : ""2315578"", ""t1t7"" : ""2315578"", ""vpn_id"" : ""10012372"", ""id_default_site"" : 348201, ""csp_customer_identifier"" : null, ""global_call_limiter"" : null, ""scl_id"" : null, ""number_pre_analysis_name"" : ""GENERIC_CLI_PROCESSING"", ""trusted_cli_policy"" : false, ""calling_cli_match_all_sites"" : false, ""equipment_type"" : ""SIPDA"", ""calling_site_cli_algo"" : ""DIV_FROM""}"
10013730,60129,"{""id"" : 60129, ""name"" : ""2316582"", ""t1t7"" : ""2316582"", ""vpn_id"" : ""10013730"", ""id_default_site"" : 355229, ""csp_customer_identifier"" : null, ""global_call_limiter"" : null, ""scl_id"" : null, ""number_pre_analysis_name"" : ""CLI_FRA_Default"", ""trusted_cli_policy"" : false, ""calling_cli_match_all_sites"" : false, ""equipment_type"" : ""SIPDA"", ""calling_site_cli_algo"" : ""DIV_FROM""}"
10004799,67699,"{""id"" : 67699, ""name"" : ""2246916"", ""t1t7"" : ""2246916"", ""vpn_id"" : ""10004799"", ""id_default_site"" : -1, ""csp_customer_identifier"" : null, ""global_call_limiter"" : null, ""scl_id"" : null, ""number_pre_analysis_name"" : ""CLI_FRA_Default"", ""trusted_cli_policy"" : false, ""calling_cli_match_all_sites"" : false, ""equipment_type"" : ""SIPDA"", ""calling_site_cli_algo"" : ""DIV_FROM""}"
3996,51511,"{""id"" : 51511, ""name"" : ""SIGTRAN IMSS APA"", ""t1t7"" : ""1999041"", ""vpn_id"" : ""3996"", ""id_default_site"" : 319874, ""csp_customer_identifier"" : null, ""global_call_limiter"" : null, ""scl_id"" : null, ""number_pre_analysis_name"" : ""zzz_CLI_SGP_0__000"", ""trusted_cli_policy"" : true, ""calling_cli_match_all_sites"" : false, ""equipment_type"" : ""SIPDA"", ""calling_site_cli_algo"" : ""DIV_FROM""}"
10014860,59198,"{""id"" : 59198, ""name"" : ""2316520"", ""t1t7"" : ""2316520"", ""vpn_id"" : ""10014860"", ""id_default_site"" : -1, ""csp_customer_identifier"" : null, ""global_call_limiter"" : null, ""scl_id"" : null, ""number_pre_analysis_name"" : ""CLI_FRA_Default"", ""trusted_cli_policy"" : false, ""calling_cli_match_all_sites"" : false, ""equipment_type"" : ""SIPDA"", ""calling_site_cli_algo"" : ""DIV_FROM""}"
3250,47747,"{""id"" : 47747, ""name"" : ""PPHX310 probe"", ""t1t7"" : ""2370056"", ""vpn_id"" : ""3250"", ""id_default_site"" : -1, ""csp_customer_identifier"" : null, ""global_call_limiter"" : null, ""scl_id"" : null, ""number_pre_analysis_name"" : ""CLI_USA_Default"", ""trusted_cli_policy"" : false, ""calling_cli_match_all_sites"" : false, ""equipment_type"" : ""SIPDA"", ""calling_site_cli_algo"" : ""DIV_FROM""}"
10014705,62016,"{""id"" : 62016, ""name"" : ""2291012"", ""t1t7"" : ""2291012"", ""vpn_id"" : ""10014705"", ""id_default_site"" : 356196, ""csp_customer_identifier"" : null, ""global_call_limiter"" : null, ""scl_id"" : null, ""number_pre_analysis_name"" : ""CLI_FRA_Default"", ""trusted_cli_policy"" : false, ""calling_cli_match_all_sites"" : false, ""equipment_type"" : ""SIPDA"", ""calling_site_cli_algo"" : ""DIV_FROM""}"
10010132,14541,"{""id"" : 14541, ""name"" : ""2250025"", ""t1t7"" : ""2250025"", ""vpn_id"" : ""10010132"", ""id_default_site"" : 117124, ""csp_customer_identifier"" : null, ""global_call_limiter"" : null, ""scl_id"" : null, ""number_pre_analysis_name"" : ""CLI_FRA_Default"", ""trusted_cli_policy"" : false, ""calling_cli_match_all_sites"" : false, ""equipment_type"" : ""SIPDA"", ""calling_site_cli_algo"" : ""DIV_FROM""}"
10013730,64462,"{""id"" : 64462, ""name"" : ""2315191"", ""t1t7"" : ""2315191"", ""vpn_id"" : ""10013730"", ""id_default_site"" : 382843, ""csp_customer_identifier"" : null, ""global_call_limiter"" : null, ""scl_id"" : null, ""number_pre_analysis_name"" : ""CLI_FRA_Default"", ""trusted_cli_policy"" : false, ""calling_cli_match_all_sites"" : false, ""equipment_type"" : ""SIPDA"", ""calling_site_cli_algo"" : ""DIV_FROM""}"
10005445,60430,"{""id"" : 60430, ""name"" : ""2260070"", ""t1t7"" : ""2260070"", ""vpn_id"" : ""10005445"", ""id_default_site"" : 356604, ""csp_customer_identifier"" : null, ""global_call_limiter"" : null, ""scl_id"" : null, ""number_pre_analysis_name"" : ""CLI_FRA_Default"", ""trusted_cli_policy"" : false, ""calling_cli_match_all_sites"" : false, ""equipment_type"" : ""SIPDA"", ""calling_site_cli_algo"" : ""DIV_FROM""}"
10003582,144162,"{""id"" : 144162, ""name"" : ""2240097"", ""t1t7"" : ""2240097"", ""vpn_id"" : ""10003582"", ""id_default_site"" : 222926, ""csp_customer_identifier"" : null, ""global_call_limiter"" : null, ""scl_id"" : null, ""number_pre_analysis_name"" : ""CLI_FRA_Default"", ""trusted_cli_policy"" : false, ""calling_cli_match_all_sites"" : false, ""equipment_type"" : ""SIPDA"", ""calling_site_cli_algo"" : ""DIV_FROM""}"
10016384,60603,"{""id"" : 60603, ""name"" : ""2246640"", ""t1t7"" : ""2246640"", ""vpn_id"" : ""10016384"", ""id_default_site"" : 357395, ""csp_customer_identifier"" : null, ""global_call_limiter"" : null, ""scl_id"" : null, ""number_pre_analysis_name"" : ""CLI_FRA_Default"", ""trusted_cli_policy"" : false, ""calling_cli_match_all_sites"" : false, ""equipment_type"" : ""SIPDA"", ""calling_site_cli_algo"" : ""DIV_FROM""}"
10003629,145945,"{""id"" : 145945, ""name"" : ""2240248"", ""t1t7"" : ""2240248"", ""vpn_id"" : ""10003629"", ""id_default_site"" : 225502, ""csp_customer_identifier"" : null, ""global_call_limiter"" : null, ""scl_id"" : null, ""number_pre_analysis_name"" : ""CLI_FRA_Default"", ""trusted_cli_policy"" : false, ""calling_cli_match_all_sites"" : false, ""equipment_type"" : ""SIPDA"", ""calling_site_cli_algo"" : ""DIV_FROM""}"
10003072,56655,"{""id"" : 56655, ""name"" : ""2225158"", ""t1t7"" : ""2225158"", ""vpn_id"" : ""10003072"", ""id_default_site"" : 343173, ""csp_customer_identifier"" : null, ""global_call_limiter"" : null, ""scl_id"" : null, ""number_pre_analysis_name"" : ""CLI_FRA_Default"", ""trusted_cli_policy"" : false, ""calling_cli_match_all_sites"" : false, ""equipment_type"" : ""SIPDA"", ""calling_site_cli_algo"" : ""DIV_FROM""}"
10005445,63272,"{""id"" : 63272, ""name"" : ""2246869"", ""t1t7"" : ""2246869"", ""vpn_id"" : ""10005445"", ""id_default_site"" : 374137, ""csp_customer_identifier"" : null, ""global_call_limiter"" : null, ""scl_id"" : null, ""number_pre_analysis_name"" : ""CLI_FRA_Default"", ""trusted_cli_policy"" : false, ""calling_cli_match_all_sites"" : false, ""equipment_type"" : ""SIPDA"", ""calling_site_cli_algo"" : ""DIV_FROM""}"
5168,8943,"{""id"" : 8943, ""name"" : ""2340289"", ""t1t7"" : ""2340289"", ""vpn_id"" : ""5168"", ""id_default_site"" : 19764, ""csp_customer_identifier"" : null, ""global_call_limiter"" : null, ""scl_id"" : null, ""number_pre_analysis_name"" : ""CLI_FRA_Default"", ""trusted_cli_policy"" : false, ""calling_cli_match_all_sites"" : false, ""equipment_type"" : ""SIPDA"", ""calling_site_cli_algo"" : ""DIV_FROM""}"
10002046,156712,"{""id"" : 156712, ""name"" : ""2326921"", ""t1t7"" : ""2326921"", ""vpn_id"" : ""10002046"", ""id_default_site"" : 239966, ""csp_customer_identifier"" : null, ""global_call_limiter"" : null, ""scl_id"" : null, ""number_pre_analysis_name"" : ""CLI_FRA_Default"", ""trusted_cli_policy"" : false, ""calling_cli_match_all_sites"" : false, ""equipment_type"" : ""SIPDA"", ""calling_site_cli_algo"" : ""DIV_FROM""}"
10005283,66089,"{""id"" : 66089, ""name"" : ""2246892"", ""t1t7"" : ""2246892"", ""vpn_id"" : ""10005283"", ""id_default_site"" : 396605, ""csp_customer_identifier"" : null, ""global_call_limiter"" : null, ""scl_id"" : null, ""number_pre_analysis_name"" : ""CLI_FRA_Default"", ""trusted_cli_policy"" : false, ""calling_cli_match_all_sites"" : false, ""equipment_type"" : ""SIPDA"", ""calling_site_cli_algo"" : ""DIV_FROM""}"
5261,47264,"{""id"" : 47264, ""name"" : ""2315180"", ""t1t7"" : ""2315180"", ""vpn_id"" : ""5261"", ""id_default_site"" : 50707, ""csp_customer_identifier"" : null, ""global_call_limiter"" : null, ""scl_id"" : null, ""number_pre_analysis_name"" : ""CLI_FRA_Default"", ""trusted_cli_policy"" : false, ""calling_cli_match_all_sites"" : false, ""equipment_type"" : ""SIPDA"", ""calling_site_cli_algo"" : ""DIV_FROM""}"
10004978,51713,"{""id"" : 51713, ""name"" : ""2245733"", ""t1t7"" : ""2245733"", ""vpn_id"" : ""10004978"", ""id_default_site"" : 320540, ""csp_customer_identifier"" : null, ""global_call_limiter"" : null, ""scl_id"" : null, ""number_pre_analysis_name"" : ""CLI_FRA_Default"", ""trusted_cli_policy"" : false, ""calling_cli_match_all_sites"" : false, ""equipment_type"" : ""SIPDA"", ""calling_site_cli_algo"" : ""DIV_FROM""}"
4276,43212,"{""id"" : 43212, ""name"" : ""2310207"", ""t1t7"" : ""2310207"", ""vpn_id"" : ""4276"", ""id_default_site"" : 17000, ""csp_customer_identifier"" : null, ""global_call_limiter"" : null, ""scl_id"" : null, ""number_pre_analysis_name"" : ""CLI_FRA_Default"", ""trusted_cli_policy"" : false, ""calling_cli_match_all_sites"" : false, ""equipment_type"" : ""SIPDA"", ""calling_site_cli_algo"" : ""DIV_FROM""}"
10000096,3541,"{""id"" : 3541, ""name"" : ""2300046"", ""t1t7"" : ""2300046"", ""vpn_id"" : ""10000096"", ""id_default_site"" : -1, ""csp_customer_identifier"" : null, ""global_call_limiter"" : null, ""scl_id"" : null, ""number_pre_analysis_name"" : ""GENERIC_CLI_PROCESSING"", ""trusted_cli_policy"" : false, ""calling_cli_match_all_sites"" : false, ""equipment_type"" : ""SIPDA"", ""calling_site_cli_algo"" : ""DIV_FROM""}"
10009088,69754,"{""id"" : 69754, ""name"" : ""2223411"", ""t1t7"" : ""2223411"", ""vpn_id"" : ""10009088"", ""id_default_site"" : 421502, ""csp_customer_identifier"" : null, ""global_call_limiter"" : null, ""scl_id"" : null, ""number_pre_analysis_name"" : ""CLI_FRA_Default"", ""trusted_cli_policy"" : false, ""calling_cli_match_all_sites"" : false, ""equipment_type"" : ""SIPDA"", ""calling_site_cli_algo"" : ""DIV_FROM""}"
10002524,113963,"{""id"" : 113963, ""name"" : ""2340783"", ""t1t7"" : ""2340783"", ""vpn_id"" : ""10002524"", ""id_default_site"" : 185334, ""csp_customer_identifier"" : null, ""global_call_limiter"" : null, ""scl_id"" : null, ""number_pre_analysis_name"" : ""CLI_FRA_Default"", ""trusted_cli_policy"" : false, ""calling_cli_match_all_sites"" : false, ""equipment_type"" : ""SIPDA"", ""calling_site_cli_algo"" : ""DIV_FROM""}"
10013898,59619,"{""id"" : 59619, ""name"" : ""2285006"", ""t1t7"" : ""2285006"", ""vpn_id"" : ""10013898"", ""id_default_site"" : 353266, ""csp_customer_identifier"" : null, ""global_call_limiter"" : null, ""scl_id"" : null, ""number_pre_analysis_name"" : ""CLI_FRA_Default"", ""trusted_cli_policy"" : false, ""calling_cli_match_all_sites"" : false, ""equipment_type"" : ""SIPDA"", ""calling_site_cli_algo"" : ""DIV_FROM""}"
10007669,53413,"{""id"" : 53413, ""name"" : ""2250773"", ""t1t7"" : ""2250773"", ""vpn_id"" : ""10007669"", ""id_default_site"" : 327469, ""csp_customer_identifier"" : null, ""global_call_limiter"" : null, ""scl_id"" : null, ""number_pre_analysis_name"" : ""CLI_FRA_Default"", ""trusted_cli_policy"" : false, ""calling_cli_match_all_sites"" : false, ""equipment_type"" : ""SIPDA"", ""calling_site_cli_algo"" : ""DIV_FROM""}"
7352,6061,"{""id"" : 6061, ""name"" : ""wbx_EUR_0025980996"", ""t1t7"" : ""8860295"", ""vpn_id"" : ""7352"", ""id_default_site"" : -1, ""csp_customer_identifier"" : null, ""global_call_limiter"" : 250, ""scl_id"" : null, ""number_pre_analysis_name"" : ""GENERIC_CLI_PROCESSING"", ""trusted_cli_policy"" : false, ""calling_cli_match_all_sites"" : false, ""equipment_type"" : ""SIPDA"", ""calling_site_cli_algo"" : ""DIV_FROM""}"
4895,56881,"{""id"" : 56881, ""name"" : ""MVP_AME_VDR_PreProd1"", ""t1t7"" : ""2373499"", ""vpn_id"" : ""4895"", ""id_default_site"" : 344124, ""csp_customer_identifier"" : null, ""global_call_limiter"" : null, ""scl_id"" : null, ""number_pre_analysis_name"" : ""CLI_FRA_Default"", ""trusted_cli_policy"" : false, ""calling_cli_match_all_sites"" : false, ""equipment_type"" : ""SIPDA"", ""calling_site_cli_algo"" : ""DIV_FROM""}"
10004099,48187,"{""id"" : 48187, ""name"" : ""2339006"", ""t1t7"" : ""2339006"", ""vpn_id"" : ""10004099"", ""id_default_site"" : 311683, ""csp_customer_identifier"" : null, ""global_call_limiter"" : 1, ""scl_id"" : null, ""number_pre_analysis_name"" : ""CLI_FRA_NPV_Orange"", ""trusted_cli_policy"" : false, ""calling_cli_match_all_sites"" : false, ""equipment_type"" : ""SIPDA"", ""calling_site_cli_algo"" : ""DIV_FROM""}"
10003758,173820,"{""id"" : 173820, ""name"" : ""2300695"", ""t1t7"" : ""2300695"", ""vpn_id"" : ""10003758"", ""id_default_site"" : 263685, ""csp_customer_identifier"" : null, ""global_call_limiter"" : null, ""scl_id"" : null, ""number_pre_analysis_name"" : ""CLI_FRA_Default"", ""trusted_cli_policy"" : false, ""calling_cli_match_all_sites"" : false, ""equipment_type"" : ""SIPDA"", ""calling_site_cli_algo"" : ""DIV_FROM""}"
10010931,73312,"{""id"" : 73312, ""name"" : ""5104153"", ""t1t7"" : ""5104153"", ""vpn_id"" : ""10010931"", ""id_default_site"" : 444468, ""csp_customer_identifier"" : null, ""global_call_limiter"" : null, ""scl_id"" : null, ""number_pre_analysis_name"" : ""CLI_FRA_Default"", ""trusted_cli_policy"" : false, ""calling_cli_match_all_sites"" : false, ""equipment_type"" : ""SIPDA"", ""calling_site_cli_algo"" : ""DIV_FROM""}"
10003631,55222,"{""id"" : 55222, ""name"" : ""2214040"", ""t1t7"" : ""2214040"", ""vpn_id"" : ""10003631"", ""id_default_site"" : 336603, ""csp_customer_identifier"" : null, ""global_call_limiter"" : null, ""scl_id"" : null, ""number_pre_analysis_name"" : ""CLI_FRA_Default"", ""trusted_cli_policy"" : false, ""calling_cli_match_all_sites"" : false, ""equipment_type"" : ""SIPDA"", ""calling_site_cli_algo"" : ""DIV_FROM""}"
7328,18701,"{""id"" : 18701, ""name"" : ""opc_EUR_0026019799"", ""t1t7"" : ""8820092"", ""vpn_id"" : ""7328"", ""id_default_site"" : -1, ""csp_customer_identifier"" : null, ""global_call_limiter"" : 50, ""scl_id"" : null, ""number_pre_analysis_name"" : ""GENERIC_CLI_PROCESSING"", ""trusted_cli_policy"" : false, ""calling_cli_match_all_sites"" : false, ""equipment_type"" : ""SIPDA"", ""calling_site_cli_algo"" : ""DIV_FROM""}"
10009504,55399,"{""id"" : 55399, ""name"" : ""2251181"", ""t1t7"" : ""2251181"", ""vpn_id"" : ""10009504"", ""id_default_site"" : 337468, ""csp_customer_identifier"" : null, ""global_call_limiter"" : null, ""scl_id"" : null, ""number_pre_analysis_name"" : ""CLI_FRA_Default"", ""trusted_cli_policy"" : false, ""calling_cli_match_all_sites"" : false, ""equipment_type"" : ""SIPDA"", ""calling_site_cli_algo"" : ""DIV_FROM""}"
10003183,63849,"{""id"" : 63849, ""name"" : ""2218322"", ""t1t7"" : ""2218322"", ""vpn_id"" : ""10003183"", ""id_default_site"" : 378200, ""csp_customer_identifier"" : null, ""global_call_limiter"" : null, ""scl_id"" : null, ""number_pre_analysis_name"" : ""CLI_FRA_Default"", ""trusted_cli_policy"" : false, ""calling_cli_match_all_sites"" : false, ""equipment_type"" : ""SIPDA"", ""calling_site_cli_algo"" : ""DIV_FROM""}"
10003286,72112,"{""id"" : 72112, ""name"" : ""2265176"", ""t1t7"" : ""2265176"", ""vpn_id"" : ""10003286"", ""id_default_site"" : 437178, ""csp_customer_identifier"" : null, ""global_call_limiter"" : null, ""scl_id"" : null, ""number_pre_analysis_name"" : ""CLI_FRA_Default"", ""trusted_cli_policy"" : false, ""calling_cli_match_all_sites"" : false, ""equipment_type"" : ""SIPDA"", ""calling_site_cli_algo"" : ""DIV_FROM""}"
4861,50008,"{""id"" : 50008, ""name"" : ""NEW-UK_2360220"", ""t1t7"" : ""2360220"", ""vpn_id"" : ""4861"", ""id_default_site"" : -1, ""csp_customer_identifier"" : null, ""global_call_limiter"" : null, ""scl_id"" : null, ""number_pre_analysis_name"" : ""GENERIC_CLI_PROCESSING"", ""trusted_cli_policy"" : false, ""calling_cli_match_all_sites"" : false, ""equipment_type"" : ""SIPDA"", ""calling_site_cli_algo"" : ""DIV_FROM""}"
3419,43259,"{""id"" : 43259, ""name"" : ""iSYD1962_HQ1"", ""t1t7"" : ""2395018"", ""vpn_id"" : ""3419"", ""id_default_site"" : 47705, ""csp_customer_identifier"" : null, ""global_call_limiter"" : null, ""scl_id"" : null, ""number_pre_analysis_name"" : ""zzz_CLI_AUS_00_00011_000"", ""trusted_cli_policy"" : false, ""calling_cli_match_all_sites"" : false, ""equipment_type"" : ""SIPDA"", ""calling_site_cli_algo"" : ""DIV_FROM""}"
5566,65995,"{""id"" : 65995, ""name"" : ""2214269"", ""t1t7"" : ""2214269"", ""vpn_id"" : ""5566"", ""id_default_site"" : 395349, ""csp_customer_identifier"" : null, ""global_call_limiter"" : null, ""scl_id"" : null, ""number_pre_analysis_name"" : ""CLI_FRA_Default"", ""trusted_cli_policy"" : false, ""calling_cli_match_all_sites"" : false, ""equipment_type"" : ""SIPDA"", ""calling_site_cli_algo"" : ""DIV_FROM""}"
7358,69531,"{""id"" : 69531, ""name"" : ""Rennes-Cessons_Lab2"", ""t1t7"" : ""2400219"", ""vpn_id"" : ""7358"", ""id_default_site"" : -1, ""csp_customer_identifier"" : null, ""global_call_limiter"" : 10, ""scl_id"" : null, ""number_pre_analysis_name"" : ""GENERIC_CLI_PROCESSING"", ""trusted_cli_policy"" : false, ""calling_cli_match_all_sites"" : false, ""equipment_type"" : ""SIPDA"", ""calling_site_cli_algo"" : ""DIV_FROM""}"
10017260,62163,"{""id"" : 62163, ""name"" : ""2316235"", ""t1t7"" : ""2316235"", ""vpn_id"" : ""10017260"", ""id_default_site"" : 367250, ""csp_customer_identifier"" : null, ""global_call_limiter"" : null, ""scl_id"" : null, ""number_pre_analysis_name"" : ""CLI_FRA_Default"", ""trusted_cli_policy"" : false, ""calling_cli_match_all_sites"" : false, ""equipment_type"" : ""SIPDA"", ""calling_site_cli_algo"" : ""DIV_FROM""}"
4984,67853,"{""id"" : 67853, ""name"" : ""OPC_EUMA_8980081"", ""t1t7"" : ""8980081"", ""vpn_id"" : ""4984"", ""id_default_site"" : -1, ""csp_customer_identifier"" : null, ""global_call_limiter"" : 30, ""scl_id"" : null, ""number_pre_analysis_name"" : ""GENERIC_CLI_PROCESSING"", ""trusted_cli_policy"" : false, ""calling_cli_match_all_sites"" : false, ""equipment_type"" : ""SIPDA"", ""calling_site_cli_algo"" : ""DIV_FROM""}"
7352,8321,"{""id"" : 8321, ""name"" : ""wbx_EUR_0025984570"", ""t1t7"" : ""8860334"", ""vpn_id"" : ""7352"", ""id_default_site"" : -1, ""csp_customer_identifier"" : null, ""global_call_limiter"" : 250, ""scl_id"" : null, ""number_pre_analysis_name"" : ""GENERIC_CLI_PROCESSING"", ""trusted_cli_policy"" : false, ""calling_cli_match_all_sites"" : false, ""equipment_type"" : ""SIPDA"", ""calling_site_cli_algo"" : ""DIV_FROM""}"
10001023,68900,"{""id"" : 68900, ""name"" : ""2218716"", ""t1t7"" : ""2218716"", ""vpn_id"" : ""10001023"", ""id_default_site"" : 416697, ""csp_customer_identifier"" : null, ""global_call_limiter"" : null, ""scl_id"" : null, ""number_pre_analysis_name"" : ""CLI_FRA_Default"", ""trusted_cli_policy"" : false, ""calling_cli_match_all_sites"" : false, ""equipment_type"" : ""SIPDA"", ""calling_site_cli_algo"" : ""DIV_FROM""}"
3993,71999,"{""id"" : 71999, ""name"" : ""eSMC_Genesys_Mumbai"", ""t1t7"" : ""8801900"", ""vpn_id"" : ""3993"", ""id_default_site"" : 438703, ""csp_customer_identifier"" : null, ""global_call_limiter"" : 10, ""scl_id"" : null, ""number_pre_analysis_name"" : ""GENERIC_CLI_PROCESSING"", ""trusted_cli_policy"" : false, ""calling_cli_match_all_sites"" : false, ""equipment_type"" : ""SIPDA"", ""calling_site_cli_algo"" : ""DIV_FROM""}"
10002046,173801,"{""id"" : 173801, ""name"" : ""2328641"", ""t1t7"" : ""2328641"", ""vpn_id"" : ""10002046"", ""id_default_site"" : 263664, ""csp_customer_identifier"" : null, ""global_call_limiter"" : null, ""scl_id"" : null, ""number_pre_analysis_name"" : ""CLI_FRA_Default"", ""trusted_cli_policy"" : false, ""calling_cli_match_all_sites"" : false, ""equipment_type"" : ""SIPDA"", ""calling_site_cli_algo"" : ""DIV_FROM""}"
3149,164844,"{""id"" : 164844, ""name"" : ""PBUD1639_SIP"", ""t1t7"" : ""2385770"", ""vpn_id"" : ""3149"", ""id_default_site"" : -1, ""csp_customer_identifier"" : null, ""global_call_limiter"" : null, ""scl_id"" : null, ""number_pre_analysis_name"" : ""CLI_HUN_Default"", ""trusted_cli_policy"" : false, ""calling_cli_match_all_sites"" : false, ""equipment_type"" : ""SIPDA"", ""calling_site_cli_algo"" : ""DIV_FROM""}"
10002753,118665,"{""id"" : 118665, ""name"" : ""2216735"", ""t1t7"" : ""2216735"", ""vpn_id"" : ""10002753"", ""id_default_site"" : 381711, ""csp_customer_identifier"" : null, ""global_call_limiter"" : null, ""scl_id"" : null, ""number_pre_analysis_name"" : ""CLI_FRA_Default"", ""trusted_cli_policy"" : false, ""calling_cli_match_all_sites"" : false, ""equipment_type"" : ""SIPDA"", ""calling_site_cli_algo"" : ""DIV_FROM""}"
10002046,163162,"{""id"" : 163162, ""name"" : ""2327769"", ""t1t7"" : ""2327769"", ""vpn_id"" : ""10002046"", ""id_default_site"" : 248855, ""csp_customer_identifier"" : null, ""global_call_limiter"" : null, ""scl_id"" : null, ""number_pre_analysis_name"" : ""CLI_FRA_Default"", ""trusted_cli_policy"" : false, ""calling_cli_match_all_sites"" : false, ""equipment_type"" : ""SIPDA"", ""calling_site_cli_algo"" : ""DIV_FROM""}"
10008137,72132,"{""id"" : 72132, ""name"" : ""2223918"", ""t1t7"" : ""2223918"", ""vpn_id"" : ""10008137"", ""id_default_site"" : 437300, ""csp_customer_identifier"" : null, ""global_call_limiter"" : null, ""scl_id"" : null, ""number_pre_analysis_name"" : ""CLI_FRA_Default"", ""trusted_cli_policy"" : false, ""calling_cli_match_all_sites"" : false, ""equipment_type"" : ""SIPDA"", ""calling_site_cli_algo"" : ""DIV_FROM""}"
10003273,53612,"{""id"" : 53612, ""name"" : ""2250817"", ""t1t7"" : ""2250817"", ""vpn_id"" : ""10003273"", ""id_default_site"" : -1, ""csp_customer_identifier"" : null, ""global_call_limiter"" : null, ""scl_id"" : null, ""number_pre_analysis_name"" : ""GENERIC_CLI_PROCESSING"", ""trusted_cli_policy"" : false, ""calling_cli_match_all_sites"" : false, ""equipment_type"" : ""SIPDA"", ""calling_site_cli_algo"" : ""DIV_FROM""}"
5566,68874,"{""id"" : 68874, ""name"" : ""2214908"", ""t1t7"" : ""2214908"", ""vpn_id"" : ""5566"", ""id_default_site"" : 416420, ""csp_customer_identifier"" : null, ""global_call_limiter"" : null, ""scl_id"" : null, ""number_pre_analysis_name"" : ""CLI_FRA_Default"", ""trusted_cli_policy"" : false, ""calling_cli_match_all_sites"" : false, ""equipment_type"" : ""SIPDA"", ""calling_site_cli_algo"" : ""DIV_FROM""}"
10002030,71001,"{""id"" : 71001, ""name"" : ""2335006"", ""t1t7"" : ""2335006"", ""vpn_id"" : ""10002030"", ""id_default_site"" : 215435, ""csp_customer_identifier"" : null, ""global_call_limiter"" : 250, ""scl_id"" : null, ""number_pre_analysis_name"" : ""CLI_FRA_Default"", ""trusted_cli_policy"" : false, ""calling_cli_match_all_sites"" : false, ""equipment_type"" : ""SIPDA"", ""calling_site_cli_algo"" : ""DIV_FROM""}"
10003449,70196,"{""id"" : 70196, ""name"" : ""2218787"", ""t1t7"" : ""2218787"", ""vpn_id"" : ""10003449"", ""id_default_site"" : 424564, ""csp_customer_identifier"" : null, ""global_call_limiter"" : null, ""scl_id"" : null, ""number_pre_analysis_name"" : ""CLI_FRA_Default"", ""trusted_cli_policy"" : false, ""calling_cli_match_all_sites"" : false, ""equipment_type"" : ""SIPDA"", ""calling_site_cli_algo"" : ""DIV_FROM""}"
5231,49533,"{""id"" : 49533, ""name"" : ""2316121"", ""t1t7"" : ""2316121"", ""vpn_id"" : ""5231"", ""id_default_site"" : 314241, ""csp_customer_identifier"" : null, ""global_call_limiter"" : null, ""scl_id"" : null, ""number_pre_analysis_name"" : ""CLI_FRA_Default"", ""trusted_cli_policy"" : false, ""calling_cli_match_all_sites"" : false, ""equipment_type"" : ""SIPDA"", ""calling_site_cli_algo"" : ""DIV_FROM""}"
10004790,52856,"{""id"" : 52856, ""name"" : ""2245424"", ""t1t7"" : ""2245424"", ""vpn_id"" : ""10004790"", ""id_default_site"" : 324764, ""csp_customer_identifier"" : null, ""global_call_limiter"" : null, ""scl_id"" : null, ""number_pre_analysis_name"" : ""CLI_FRA_Default"", ""trusted_cli_policy"" : false, ""calling_cli_match_all_sites"" : false, ""equipment_type"" : ""SIPDA"", ""calling_site_cli_algo"" : ""DIV_FROM""}"
10006265,52737,"{""id"" : 52737, ""name"" : ""2250507"", ""t1t7"" : ""2250507"", ""vpn_id"" : ""10006265"", ""id_default_site"" : 324427, ""csp_customer_identifier"" : null, ""global_call_limiter"" : null, ""scl_id"" : null, ""number_pre_analysis_name"" : ""CLI_FRA_Default"", ""trusted_cli_policy"" : false, ""calling_cli_match_all_sites"" : false, ""equipment_type"" : ""SIPDA"", ""calling_site_cli_algo"" : ""DIV_FROM""}"
10003994,70776,"{""id"" : 70776, ""name"" : ""5102004"", ""t1t7"" : ""5102004"", ""vpn_id"" : ""10003994"", ""id_default_site"" : -1, ""csp_customer_identifier"" : null, ""global_call_limiter"" : null, ""scl_id"" : null, ""number_pre_analysis_name"" : ""CLI_FRA_Default"", ""trusted_cli_policy"" : false, ""calling_cli_match_all_sites"" : false, ""equipment_type"" : ""SIPDA"", ""calling_site_cli_algo"" : ""DIV_FROM""}"
3769,52036,"{""id"" : 52036, ""name"" : ""2250267"", ""t1t7"" : ""2250267"", ""vpn_id"" : ""3769"", ""id_default_site"" : 5809, ""csp_customer_identifier"" : null, ""global_call_limiter"" : null, ""scl_id"" : null, ""number_pre_analysis_name"" : ""CLI_FRA_Default"", ""trusted_cli_policy"" : false, ""calling_cli_match_all_sites"" : false, ""equipment_type"" : ""SIPDA"", ""calling_site_cli_algo"" : ""DIV_FROM""}"
4223,157341,"{""id"" : 157341, ""name"" : ""2240790"", ""t1t7"" : ""2240790"", ""vpn_id"" : ""4223"", ""id_default_site"" : 14784, ""csp_customer_identifier"" : null, ""global_call_limiter"" : null, ""scl_id"" : null, ""number_pre_analysis_name"" : ""CLI_FRA_Default"", ""trusted_cli_policy"" : false, ""calling_cli_match_all_sites"" : false, ""equipment_type"" : ""SIPDA"", ""calling_site_cli_algo"" : ""DIV_FROM""}"
10011365,60122,"{""id"" : 60122, ""name"" : ""2316167"", ""t1t7"" : ""2316167"", ""vpn_id"" : ""10011365"", ""id_default_site"" : 355216, ""csp_customer_identifier"" : null, ""global_call_limiter"" : null, ""scl_id"" : null, ""number_pre_analysis_name"" : ""CLI_FRA_Default"", ""trusted_cli_policy"" : false, ""calling_cli_match_all_sites"" : false, ""equipment_type"" : ""SIPDA"", ""calling_site_cli_algo"" : ""DIV_FROM""}"
3126,170906,"{""id"" : 170906, ""name"" : ""CCVPaaS_VEL_2398314"", ""t1t7"" : ""2398314"", ""vpn_id"" : ""3126"", ""id_default_site"" : 259175, ""csp_customer_identifier"" : null, ""global_call_limiter"" : null, ""scl_id"" : null, ""number_pre_analysis_name"" : ""CLI_TUR_Default"", ""trusted_cli_policy"" : false, ""calling_cli_match_all_sites"" : false, ""equipment_type"" : ""SIPDA"", ""calling_site_cli_algo"" : ""DIV_FROM""}"
10004138,172262,"{""id"" : 172262, ""name"" : ""2350367"", ""t1t7"" : ""2350367"", ""vpn_id"" : ""10004138"", ""id_default_site"" : 261338, ""csp_customer_identifier"" : null, ""global_call_limiter"" : null, ""scl_id"" : null, ""number_pre_analysis_name"" : ""CLI_FRA_Default"", ""trusted_cli_policy"" : false, ""calling_cli_match_all_sites"" : false, ""equipment_type"" : ""SIPDA"", ""calling_site_cli_algo"" : ""DIV_FROM""}"
10012369,57515,"{""id"" : 57515, ""name"" : ""2315530"", ""t1t7"" : ""2315530"", ""vpn_id"" : ""10012369"", ""id_default_site"" : 346900, ""csp_customer_identifier"" : null, ""global_call_limiter"" : null, ""scl_id"" : null, ""number_pre_analysis_name"" : ""CLI_FRA_Default"", ""trusted_cli_policy"" : false, ""calling_cli_match_all_sites"" : false, ""equipment_type"" : ""SIPDA"", ""calling_site_cli_algo"" : ""DIV_FROM""}"
7352,16381,"{""id"" : 16381, ""name"" : ""wbx_EUR_0026018302"", ""t1t7"" : ""8860451"", ""vpn_id"" : ""7352"", ""id_default_site"" : -1, ""csp_customer_identifier"" : null, ""global_call_limiter"" : 250, ""scl_id"" : null, ""number_pre_analysis_name"" : ""GENERIC_CLI_PROCESSING"", ""trusted_cli_policy"" : false, ""calling_cli_match_all_sites"" : false, ""equipment_type"" : ""SIPDA"", ""calling_site_cli_algo"" : ""DIV_FROM""}"
10013686,57075,"{""id"" : 57075, ""name"" : ""2316291"", ""t1t7"" : ""2316291"", ""vpn_id"" : ""10013686"", ""id_default_site"" : 345270, ""csp_customer_identifier"" : null, ""global_call_limiter"" : null, ""scl_id"" : null, ""number_pre_analysis_name"" : ""CLI_FRA_Default"", ""trusted_cli_policy"" : false, ""calling_cli_match_all_sites"" : false, ""equipment_type"" : ""SIPDA"", ""calling_site_cli_algo"" : ""DIV_FROM""}"
10002046,158844,"{""id"" : 158844, ""name"" : ""2327156"", ""t1t7"" : ""2327156"", ""vpn_id"" : ""10002046"", ""id_default_site"" : 242917, ""csp_customer_identifier"" : null, ""global_call_limiter"" : null, ""scl_id"" : null, ""number_pre_analysis_name"" : ""CLI_FRA_Default"", ""trusted_cli_policy"" : false, ""calling_cli_match_all_sites"" : false, ""equipment_type"" : ""SIPDA"", ""calling_site_cli_algo"" : ""DIV_FROM""}"
3250,64449,"{""id"" : 64449, ""name"" : ""AMER-OAK-PROD"", ""t1t7"" : ""2370263"", ""vpn_id"" : ""3250"", ""id_default_site"" : 389569, ""csp_customer_identifier"" : null, ""global_call_limiter"" : null, ""scl_id"" : null, ""number_pre_analysis_name"" : ""GENERIC_CLI_PROCESSING"", ""trusted_cli_policy"" : true, ""calling_cli_match_all_sites"" : false, ""equipment_type"" : ""SIPDA"", ""calling_site_cli_algo"" : ""DIV_FROM""}"
10004184,171606,"{""id"" : 171606, ""name"" : ""2350519"", ""t1t7"" : ""2350519"", ""vpn_id"" : ""10004184"", ""id_default_site"" : 260561, ""csp_customer_identifier"" : null, ""global_call_limiter"" : null, ""scl_id"" : null, ""number_pre_analysis_name"" : ""CLI_FRA_Default"", ""trusted_cli_policy"" : false, ""calling_cli_match_all_sites"" : false, ""equipment_type"" : ""SIPDA"", ""calling_site_cli_algo"" : ""DIV_FROM""}"
4356,52684,"{""id"" : 52684, ""name"" : ""APA_Singapore_SIP"", ""t1t7"" : ""2395056"", ""vpn_id"" : ""4356"", ""id_default_site"" : 39893, ""csp_customer_identifier"" : null, ""global_call_limiter"" : null, ""scl_id"" : null, ""number_pre_analysis_name"" : ""CLI_SGP_Default"", ""trusted_cli_policy"" : false, ""calling_cli_match_all_sites"" : false, ""equipment_type"" : ""SIPDA"", ""calling_site_cli_algo"" : ""DIV_FROM""}"
3902,52259,"{""id"" : 52259, ""name"" : ""2315272"", ""t1t7"" : ""2315272"", ""vpn_id"" : ""3902"", ""id_default_site"" : 322527, ""csp_customer_identifier"" : null, ""global_call_limiter"" : null, ""scl_id"" : null, ""number_pre_analysis_name"" : ""CLI_FRA_Default"", ""trusted_cli_policy"" : false, ""calling_cli_match_all_sites"" : false, ""equipment_type"" : ""SIPDA"", ""calling_site_cli_algo"" : ""DIV_FROM""}"
10005404,51237,"{""id"" : 51237, ""name"" : ""2250086"", ""t1t7"" : ""2250086"", ""vpn_id"" : ""10005404"", ""id_default_site"" : 42035, ""csp_customer_identifier"" : null, ""global_call_limiter"" : null, ""scl_id"" : null, ""number_pre_analysis_name"" : ""CLI_FRA_Default"", ""trusted_cli_policy"" : false, ""calling_cli_match_all_sites"" : false, ""equipment_type"" : ""SIPDA"", ""calling_site_cli_algo"" : ""DIV_FROM""}"
7538,52838,"{""id"" : 52838, ""name"" : ""Hainan_PHAK047"", ""t1t7"" : ""2365086"", ""vpn_id"" : ""7538"", ""id_default_site"" : 324717, ""csp_customer_identifier"" : null, ""global_call_limiter"" : 20, ""scl_id"" : null, ""number_pre_analysis_name"" : ""CLI_CHN_Default"", ""trusted_cli_policy"" : false, ""calling_cli_match_all_sites"" : false, ""equipment_type"" : ""SIPDA"", ""calling_site_cli_algo"" : ""DIV_FROM""}"
10002497,135661,"{""id"" : 135661, ""name"" : ""2341061"", ""t1t7"" : ""2341061"", ""vpn_id"" : ""10002497"", ""id_default_site"" : 212764, ""csp_customer_identifier"" : null, ""global_call_limiter"" : null, ""scl_id"" : null, ""number_pre_analysis_name"" : ""CLI_FRA_Default"", ""trusted_cli_policy"" : false, ""calling_cli_match_all_sites"" : false, ""equipment_type"" : ""SIPDA"", ""calling_site_cli_algo"" : ""DIV_FROM""}"
7352,19741,"{""id"" : 19741, ""name"" : ""wbx_EUR_0026022336"", ""t1t7"" : ""8860501"", ""vpn_id"" : ""7352"", ""id_default_site"" : -1, ""csp_customer_identifier"" : null, ""global_call_limiter"" : 250, ""scl_id"" : null, ""number_pre_analysis_name"" : ""GENERIC_CLI_PROCESSING"", ""trusted_cli_policy"" : false, ""calling_cli_match_all_sites"" : false, ""equipment_type"" : ""SIPDA"", ""calling_site_cli_algo"" : ""DIV_FROM""}"
4937,50844,"{""id"" : 50844, ""name"" : ""PPSC004_2390351"", ""t1t7"" : ""2390351"", ""vpn_id"" : ""4937"", ""id_default_site"" : 37228, ""csp_customer_identifier"" : null, ""global_call_limiter"" : null, ""scl_id"" : null, ""number_pre_analysis_name"" : ""CLI_USA_Default"", ""trusted_cli_policy"" : false, ""calling_cli_match_all_sites"" : false, ""equipment_type"" : ""SIPDA"", ""calling_site_cli_algo"" : ""DIV_FROM""}"
10000714,31542,"{""id"" : 31542, ""name"" : ""2315821"", ""t1t7"" : ""2315821"", ""vpn_id"" : ""10000714"", ""id_default_site"" : -1, ""csp_customer_identifier"" : null, ""global_call_limiter"" : null, ""scl_id"" : null, ""number_pre_analysis_name"" : ""CLI_FRA_Default"", ""trusted_cli_policy"" : false, ""calling_cli_match_all_sites"" : false, ""equipment_type"" : ""SIPDA"", ""calling_site_cli_algo"" : ""DIV_FROM""}"
10009321,63930,"{""id"" : 63930, ""name"" : ""2218393"", ""t1t7"" : ""2218393"", ""vpn_id"" : ""10009321"", ""id_default_site"" : 378541, ""csp_customer_identifier"" : null, ""global_call_limiter"" : null, ""scl_id"" : null, ""number_pre_analysis_name"" : ""CLI_FRA_Default"", ""trusted_cli_policy"" : false, ""calling_cli_match_all_sites"" : false, ""equipment_type"" : ""SIPDA"", ""calling_site_cli_algo"" : ""DIV_FROM""}"
10005210,53942,"{""id"" : 53942, ""name"" : ""2246036"", ""t1t7"" : ""2246036"", ""vpn_id"" : ""10005210"", ""id_default_site"" : 331081, ""csp_customer_identifier"" : null, ""global_call_limiter"" : null, ""scl_id"" : null, ""number_pre_analysis_name"" : ""CLI_FRA_Default"", ""trusted_cli_policy"" : false, ""calling_cli_match_all_sites"" : false, ""equipment_type"" : ""SIPDA"", ""calling_site_cli_algo"" : ""DIV_FROM""}"
7352,17161,"{""id"" : 17161, ""name"" : ""wbx_EUR_0026003001"", ""t1t7"" : ""8860465"", ""vpn_id"" : ""7352"", ""id_default_site"" : -1, ""csp_customer_identifier"" : null, ""global_call_limiter"" : 250, ""scl_id"" : null, ""number_pre_analysis_name"" : ""GENERIC_CLI_PROCESSING"", ""trusted_cli_policy"" : false, ""calling_cli_match_all_sites"" : false, ""equipment_type"" : ""SIPDA"", ""calling_site_cli_algo"" : ""DIV_FROM""}"
10003953,53796,"{""id"" : 53796, ""name"" : ""2351662"", ""t1t7"" : ""2351662"", ""vpn_id"" : ""10003953"", ""id_default_site"" : 330536, ""csp_customer_identifier"" : null, ""global_call_limiter"" : null, ""scl_id"" : null, ""number_pre_analysis_name"" : ""CLI_FRA_Default"", ""trusted_cli_policy"" : false, ""calling_cli_match_all_sites"" : false, ""equipment_type"" : ""SIPDA"", ""calling_site_cli_algo"" : ""DIV_FROM""}"
10003274,63750,"{""id"" : 63750, ""name"" : ""2315867"", ""t1t7"" : ""2315867"", ""vpn_id"" : ""10003274"", ""id_default_site"" : 377378, ""csp_customer_identifier"" : null, ""global_call_limiter"" : null, ""scl_id"" : null, ""number_pre_analysis_name"" : ""CLI_FRA_Default"", ""trusted_cli_policy"" : false, ""calling_cli_match_all_sites"" : false, ""equipment_type"" : ""SIPDA"", ""calling_site_cli_algo"" : ""DIV_FROM""}"
3289,16161,"{""id"" : 16161, ""name"" : ""5105105"", ""t1t7"" : ""5105105"", ""vpn_id"" : ""3289"", ""id_default_site"" : 134081, ""csp_customer_identifier"" : null, ""global_call_limiter"" : null, ""scl_id"" : null, ""number_pre_analysis_name"" : ""CLI_FRA_Default"", ""trusted_cli_policy"" : false, ""calling_cli_match_all_sites"" : false, ""equipment_type"" : ""SIPDA"", ""calling_site_cli_algo"" : ""DIV_FROM""}"
10002739,123626,"{""id"" : 123626, ""name"" : ""2216715"", ""t1t7"" : ""2216715"", ""vpn_id"" : ""10002739"", ""id_default_site"" : 198701, ""csp_customer_identifier"" : null, ""global_call_limiter"" : null, ""scl_id"" : null, ""number_pre_analysis_name"" : ""CLI_FRA_Default"", ""trusted_cli_policy"" : false, ""calling_cli_match_all_sites"" : false, ""equipment_type"" : ""SIPDA"", ""calling_site_cli_algo"" : ""DIV_FROM""}"
10007128,54469,"{""id"" : 54469, ""name"" : ""2250617"", ""t1t7"" : ""2250617"", ""vpn_id"" : ""10007128"", ""id_default_site"" : 339349, ""csp_customer_identifier"" : null, ""global_call_limiter"" : null, ""scl_id"" : null, ""number_pre_analysis_name"" : ""GENERIC_CLI_PROCESSING"", ""trusted_cli_policy"" : false, ""calling_cli_match_all_sites"" : false, ""equipment_type"" : ""SIPDA"", ""calling_site_cli_algo"" : ""DIV_FROM""}"
10005067,52368,"{""id"" : 52368, ""name"" : ""2245891"", ""t1t7"" : ""2245891"", ""vpn_id"" : ""10005067"", ""id_default_site"" : 322907, ""csp_customer_identifier"" : null, ""global_call_limiter"" : null, ""scl_id"" : null, ""number_pre_analysis_name"" : ""CLI_FRA_Default"", ""trusted_cli_policy"" : false, ""calling_cli_match_all_sites"" : false, ""equipment_type"" : ""SIPDA"", ""calling_site_cli_algo"" : ""DIV_FROM""}"
10003969,65705,"{""id"" : 65705, ""name"" : ""2214559"", ""t1t7"" : ""2214559"", ""vpn_id"" : ""10003969"", ""id_default_site"" : 393398, ""csp_customer_identifier"" : null, ""global_call_limiter"" : null, ""scl_id"" : null, ""number_pre_analysis_name"" : ""CLI_FRA_Default"", ""trusted_cli_policy"" : false, ""calling_cli_match_all_sites"" : false, ""equipment_type"" : ""SIPDA"", ""calling_site_cli_algo"" : ""DIV_FROM""}"
10000719,58713,"{""id"" : 58713, ""name"" : ""2336206"", ""t1t7"" : ""2336206"", ""vpn_id"" : ""10000719"", ""id_default_site"" : 350361, ""csp_customer_identifier"" : null, ""global_call_limiter"" : null, ""scl_id"" : null, ""number_pre_analysis_name"" : ""CLI_FRA_Default"", ""trusted_cli_policy"" : false, ""calling_cli_match_all_sites"" : false, ""equipment_type"" : ""SIPDA"", ""calling_site_cli_algo"" : ""DIV_FROM""}"
10006709,19221,"{""id"" : 19221, ""name"" : ""2225011"", ""t1t7"" : ""2225011"", ""vpn_id"" : ""10006709"", ""id_default_site"" : 156941, ""csp_customer_identifier"" : null, ""global_call_limiter"" : null, ""scl_id"" : null, ""number_pre_analysis_name"" : ""CLI_FRA_Default"", ""trusted_cli_policy"" : false, ""calling_cli_match_all_sites"" : false, ""equipment_type"" : ""SIPDA"", ""calling_site_cli_algo"" : ""DIV_FROM""}"
7352,73536,"{""id"" : 73536, ""name"" : ""wbx_EUR_0025852914"", ""t1t7"" : ""8860142"", ""vpn_id"" : ""7352"", ""id_default_site"" : -1, ""csp_customer_identifier"" : null, ""global_call_limiter"" : 250, ""scl_id"" : null, ""number_pre_analysis_name"" : ""GENERIC_CLI_PROCESSING"", ""trusted_cli_policy"" : false, ""calling_cli_match_all_sites"" : false, ""equipment_type"" : ""SIPDA"", ""calling_site_cli_algo"" : ""DIV_FROM""}"
7107,56073,"{""id"" : 56073, ""name"" : ""Zoom_EUMA_backup"", ""t1t7"" : ""8920000"", ""vpn_id"" : ""7107"", ""id_default_site"" : 341814, ""csp_customer_identifier"" : null, ""global_call_limiter"" : 10, ""scl_id"" : null, ""number_pre_analysis_name"" : ""zzz_CLI_USA_1__000"", ""trusted_cli_policy"" : false, ""calling_cli_match_all_sites"" : false, ""equipment_type"" : ""SIPDA"", ""calling_site_cli_algo"" : ""DIV_FROM""}"
10000869,47201,"{""id"" : 47201, ""name"" : ""2311077"", ""t1t7"" : ""2311077"", ""vpn_id"" : ""10000869"", ""id_default_site"" : 54210, ""csp_customer_identifier"" : null, ""global_call_limiter"" : null, ""scl_id"" : null, ""number_pre_analysis_name"" : ""CLI_FRA_Default"", ""trusted_cli_policy"" : false, ""calling_cli_match_all_sites"" : false, ""equipment_type"" : ""SIPDA"", ""calling_site_cli_algo"" : ""DIV_FROM""}"
10000964,57565,"{""id"" : 57565, ""name"" : ""2300236"", ""t1t7"" : ""2300236"", ""vpn_id"" : ""10000964"", ""id_default_site"" : 202214, ""csp_customer_identifier"" : null, ""global_call_limiter"" : null, ""scl_id"" : null, ""number_pre_analysis_name"" : ""CLI_FRA_Default"", ""trusted_cli_policy"" : false, ""calling_cli_match_all_sites"" : false, ""equipment_type"" : ""SIPDA"", ""calling_site_cli_algo"" : ""DIV_FROM""}"
10008801,13581,"{""id"" : 13581, ""name"" : ""8944092"", ""t1t7"" : ""8944092"", ""vpn_id"" : ""10008801"", ""id_default_site"" : 107282, ""csp_customer_identifier"" : null, ""global_call_limiter"" : 250, ""scl_id"" : null, ""number_pre_analysis_name"" : ""FRA_DROM_Default"", ""trusted_cli_policy"" : false, ""calling_cli_match_all_sites"" : false, ""equipment_type"" : ""SIPDA"", ""calling_site_cli_algo"" : ""DIV_FROM""}"
4223,158362,"{""id"" : 158362, ""name"" : ""2240794"", ""t1t7"" : ""2240794"", ""vpn_id"" : ""4223"", ""id_default_site"" : 14787, ""csp_customer_identifier"" : null, ""global_call_limiter"" : null, ""scl_id"" : null, ""number_pre_analysis_name"" : ""CLI_FRA_Default"", ""trusted_cli_policy"" : false, ""calling_cli_match_all_sites"" : false, ""equipment_type"" : ""SIPDA"", ""calling_site_cli_algo"" : ""DIV_FROM""}"
10003669,67311,"{""id"" : 67311, ""name"" : ""2214878"", ""t1t7"" : ""2214878"", ""vpn_id"" : ""10003669"", ""id_default_site"" : 405611, ""csp_customer_identifier"" : null, ""global_call_limiter"" : null, ""scl_id"" : null, ""number_pre_analysis_name"" : ""CLI_FRA_Default"", ""trusted_cli_policy"" : false, ""calling_cli_match_all_sites"" : false, ""equipment_type"" : ""SIPDA"", ""calling_site_cli_algo"" : ""DIV_FROM""}"
10010098,74091,"{""id"" : 74091, ""name"" : ""2250064"", ""t1t7"" : ""2250064"", ""vpn_id"" : ""10010098"", ""id_default_site"" : 448604, ""csp_customer_identifier"" : null, ""global_call_limiter"" : null, ""scl_id"" : null, ""number_pre_analysis_name"" : ""CLI_FRA_Default"", ""trusted_cli_policy"" : false, ""calling_cli_match_all_sites"" : false, ""equipment_type"" : ""SIPDA"", ""calling_site_cli_algo"" : ""DIV_FROM""}"
10000719,58714,"{""id"" : 58714, ""name"" : ""2336205"", ""t1t7"" : ""2336205"", ""vpn_id"" : ""10000719"", ""id_default_site"" : 350362, ""csp_customer_identifier"" : null, ""global_call_limiter"" : null, ""scl_id"" : null, ""number_pre_analysis_name"" : ""CLI_FRA_Default"", ""trusted_cli_policy"" : false, ""calling_cli_match_all_sites"" : false, ""equipment_type"" : ""SIPDA"", ""calling_site_cli_algo"" : ""DIV_FROM""}"
10007686,64969,"{""id"" : 64969, ""name"" : ""2316841"", ""t1t7"" : ""2316841"", ""vpn_id"" : ""10007686"", ""id_default_site"" : 387243, ""csp_customer_identifier"" : null, ""global_call_limiter"" : null, ""scl_id"" : null, ""number_pre_analysis_name"" : ""CLI_FRA_Default"", ""trusted_cli_policy"" : false, ""calling_cli_match_all_sites"" : false, ""equipment_type"" : ""SIPDA"", ""calling_site_cli_algo"" : ""DIV_FROM""}"
3149,50530,"{""id"" : 50530, ""name"" : ""PNYC2763_SIP"", ""t1t7"" : ""2390355"", ""vpn_id"" : ""3149"", ""id_default_site"" : -1, ""csp_customer_identifier"" : null, ""global_call_limiter"" : null, ""scl_id"" : null, ""number_pre_analysis_name"" : ""CLI_USA_Default"", ""trusted_cli_policy"" : false, ""calling_cli_match_all_sites"" : false, ""equipment_type"" : ""SIPDA"", ""calling_site_cli_algo"" : ""DIV_FROM""}"
5709,47235,"{""id"" : 47235, ""name"" : ""2310490"", ""t1t7"" : ""2310490"", ""vpn_id"" : ""5709"", ""id_default_site"" : 37678, ""csp_customer_identifier"" : null, ""global_call_limiter"" : null, ""scl_id"" : null, ""number_pre_analysis_name"" : ""CLI_FRA_Default"", ""trusted_cli_policy"" : false, ""calling_cli_match_all_sites"" : false, ""equipment_type"" : ""SIPDA"", ""calling_site_cli_algo"" : ""DIV_FROM""}"
7106,70682,"{""id"" : 70682, ""name"" : ""Italy_2360075"", ""t1t7"" : ""2360075"", ""vpn_id"" : ""7106"", ""id_default_site"" : -1, ""csp_customer_identifier"" : null, ""global_call_limiter"" : 20, ""scl_id"" : null, ""number_pre_analysis_name"" : ""GENERIC_CLI_PROCESSING"", ""trusted_cli_policy"" : false, ""calling_cli_match_all_sites"" : false, ""equipment_type"" : ""SIPDA"", ""calling_site_cli_algo"" : ""DIV_FROM""}"
10018617,65820,"{""id"" : 65820, ""name"" : ""2218518"", ""t1t7"" : ""2218518"", ""vpn_id"" : ""10018617"", ""id_default_site"" : 394369, ""csp_customer_identifier"" : null, ""global_call_limiter"" : null, ""scl_id"" : null, ""number_pre_analysis_name"" : ""CLI_FRA_Default"", ""trusted_cli_policy"" : false, ""calling_cli_match_all_sites"" : false, ""equipment_type"" : ""SIPDA"", ""calling_site_cli_algo"" : ""DIV_FROM""}"
7352,71969,"{""id"" : 71969, ""name"" : ""wbx_EUR_0025765146"", ""t1t7"" : ""8940072"", ""vpn_id"" : ""7352"", ""id_default_site"" : -1, ""csp_customer_identifier"" : null, ""global_call_limiter"" : 250, ""scl_id"" : null, ""number_pre_analysis_name"" : ""GENERIC_CLI_PROCESSING"", ""trusted_cli_policy"" : false, ""calling_cli_match_all_sites"" : false, ""equipment_type"" : ""SIPDA"", ""calling_site_cli_algo"" : ""DIV_FROM""}"
7319,68258,"{""id"" : 68258, ""name"" : ""OPC NAM MS IVT"", ""t1t7"" : ""8984002"", ""vpn_id"" : ""7319"", ""id_default_site"" : -1, ""csp_customer_identifier"" : null, ""global_call_limiter"" : 30, ""scl_id"" : null, ""number_pre_analysis_name"" : ""GENERIC_CLI_PROCESSING"", ""trusted_cli_policy"" : false, ""calling_cli_match_all_sites"" : false, ""equipment_type"" : ""SIPDA"", ""calling_site_cli_algo"" : ""DIV_FROM""}"
10003383,138633,"{""id"" : 138633, ""name"" : ""2235285"", ""t1t7"" : ""2235285"", ""vpn_id"" : ""10003383"", ""id_default_site"" : 216248, ""csp_customer_identifier"" : null, ""global_call_limiter"" : null, ""scl_id"" : null, ""number_pre_analysis_name"" : ""CLI_FRA_Default"", ""trusted_cli_policy"" : false, ""calling_cli_match_all_sites"" : false, ""equipment_type"" : ""SIPDA"", ""calling_site_cli_algo"" : ""DIV_FROM""}"
10003248,146166,"{""id"" : 146166, ""name"" : ""2225712"", ""t1t7"" : ""2225712"", ""vpn_id"" : ""10003248"", ""id_default_site"" : 225909, ""csp_customer_identifier"" : null, ""global_call_limiter"" : null, ""scl_id"" : null, ""number_pre_analysis_name"" : ""CLI_FRA_Default"", ""trusted_cli_policy"" : false, ""calling_cli_match_all_sites"" : false, ""equipment_type"" : ""SIPDA"", ""calling_site_cli_algo"" : ""DIV_FROM""}"
7352,7401,"{""id"" : 7401, ""name"" : ""wbx_EUR_0025997639"", ""t1t7"" : ""8860314"", ""vpn_id"" : ""7352"", ""id_default_site"" : -1, ""csp_customer_identifier"" : null, ""global_call_limiter"" : 250, ""scl_id"" : null, ""number_pre_analysis_name"" : ""GENERIC_CLI_PROCESSING"", ""trusted_cli_policy"" : false, ""calling_cli_match_all_sites"" : false, ""equipment_type"" : ""SIPDA"", ""calling_site_cli_algo"" : ""DIV_FROM""}"
10000403,165921,"{""id"" : 165921, ""name"" : ""2310795"", ""t1t7"" : ""2310795"", ""vpn_id"" : ""10000403"", ""id_default_site"" : 252014, ""csp_customer_identifier"" : null, ""global_call_limiter"" : null, ""scl_id"" : null, ""number_pre_analysis_name"" : ""CLI_FRA_Default"", ""trusted_cli_policy"" : false, ""calling_cli_match_all_sites"" : false, ""equipment_type"" : ""SIPDA"", ""calling_site_cli_algo"" : ""DIV_FROM""}"
10003807,63714,"{""id"" : 63714, ""name"" : ""2214540"", ""t1t7"" : ""2214540"", ""vpn_id"" : ""10003807"", ""id_default_site"" : 377168, ""csp_customer_identifier"" : null, ""global_call_limiter"" : null, ""scl_id"" : null, ""number_pre_analysis_name"" : ""CLI_FRA_Default"", ""trusted_cli_policy"" : false, ""calling_cli_match_all_sites"" : false, ""equipment_type"" : ""SIPDA"", ""calling_site_cli_algo"" : ""DIV_FROM""}"
10011365,61632,"{""id"" : 61632, ""name"" : ""2316169"", ""t1t7"" : ""2316169"", ""vpn_id"" : ""10011365"", ""id_default_site"" : 363388, ""csp_customer_identifier"" : null, ""global_call_limiter"" : null, ""scl_id"" : null, ""number_pre_analysis_name"" : ""CLI_FRA_Default"", ""trusted_cli_policy"" : false, ""calling_cli_match_all_sites"" : false, ""equipment_type"" : ""SIPDA"", ""calling_site_cli_algo"" : ""DIV_FROM""}"
4950,71531,"{""id"" : 71531, ""name"" : ""IIAD1024"", ""t1t7"" : ""2370021"", ""vpn_id"" : ""4950"", ""id_default_site"" : 368449, ""csp_customer_identifier"" : null, ""global_call_limiter"" : 700, ""scl_id"" : null, ""number_pre_analysis_name"" : ""GENERIC_CLI_PROCESSING"", ""trusted_cli_policy"" : false, ""calling_cli_match_all_sites"" : false, ""equipment_type"" : ""SIPDA"", ""calling_site_cli_algo"" : ""DIV_FROM""}"
10002603,112021,"{""id"" : 112021, ""name"" : ""2215253"", ""t1t7"" : ""2215253"", ""vpn_id"" : ""10002603"", ""id_default_site"" : 173233, ""csp_customer_identifier"" : null, ""global_call_limiter"" : null, ""scl_id"" : null, ""number_pre_analysis_name"" : ""CLI_FRA_Default"", ""trusted_cli_policy"" : false, ""calling_cli_match_all_sites"" : false, ""equipment_type"" : ""SIPDA"", ""calling_site_cli_algo"" : ""DIV_FROM""}"
7009,57435,"{""id"" : 57435, ""name"" : ""CLync SIN class 5"", ""t1t7"" : ""2395053"", ""vpn_id"" : ""7009"", ""id_default_site"" : -1, ""csp_customer_identifier"" : null, ""global_call_limiter"" : null, ""scl_id"" : null, ""number_pre_analysis_name"" : ""CLI_SGP_Default"", ""trusted_cli_policy"" : false, ""calling_cli_match_all_sites"" : false, ""equipment_type"" : ""SIPDA"", ""calling_site_cli_algo"" : ""DIV_FROM""}"
10003043,48805,"{""id"" : 48805, ""name"" : ""2225802"", ""t1t7"" : ""2225802"", ""vpn_id"" : ""10003043"", ""id_default_site"" : 26223, ""csp_customer_identifier"" : null, ""global_call_limiter"" : null, ""scl_id"" : null, ""number_pre_analysis_name"" : ""CLI_FRA_Default"", ""trusted_cli_policy"" : false, ""calling_cli_match_all_sites"" : false, ""equipment_type"" : ""SIPDA"", ""calling_site_cli_algo"" : ""DIV_FROM""}"
10000603,62270,"{""id"" : 62270, ""name"" : ""2316722"", ""t1t7"" : ""2316722"", ""vpn_id"" : ""10000603"", ""id_default_site"" : 372988, ""csp_customer_identifier"" : null, ""global_call_limiter"" : null, ""scl_id"" : null, ""number_pre_analysis_name"" : ""CLI_FRA_Default"", ""trusted_cli_policy"" : false, ""calling_cli_match_all_sites"" : false, ""equipment_type"" : ""SIPDA"", ""calling_site_cli_algo"" : ""DIV_FROM""}"
3117,56272,"{""id"" : 56272, ""name"" : ""PRNS769_Backup"", ""t1t7"" : ""2400066"", ""vpn_id"" : ""3117"", ""id_default_site"" : -1, ""csp_customer_identifier"" : null, ""global_call_limiter"" : 6, ""scl_id"" : null, ""number_pre_analysis_name"" : ""CLI_FRA_Default"", ""trusted_cli_policy"" : false, ""calling_cli_match_all_sites"" : false, ""equipment_type"" : ""SIPDA"", ""calling_site_cli_algo"" : ""DIV_FROM""}"
10012979,63950,"{""id"" : 63950, ""name"" : ""2316623"", ""t1t7"" : ""2316623"", ""vpn_id"" : ""10012979"", ""id_default_site"" : 378983, ""csp_customer_identifier"" : null, ""global_call_limiter"" : null, ""scl_id"" : null, ""number_pre_analysis_name"" : ""CLI_FRA_Default"", ""trusted_cli_policy"" : false, ""calling_cli_match_all_sites"" : false, ""equipment_type"" : ""SIPDA"", ""calling_site_cli_algo"" : ""DIV_FROM""}"
10002830,63552,"{""id"" : 63552, ""name"" : ""2218379"", ""t1t7"" : ""2218379"", ""vpn_id"" : ""10002830"", ""id_default_site"" : 376245, ""csp_customer_identifier"" : null, ""global_call_limiter"" : null, ""scl_id"" : null, ""number_pre_analysis_name"" : ""CLI_FRA_Default"", ""trusted_cli_policy"" : false, ""calling_cli_match_all_sites"" : false, ""equipment_type"" : ""SIPDA"", ""calling_site_cli_algo"" : ""DIV_FROM""}"
7352,10800,"{""id"" : 10800, ""name"" : ""wbx_EUR_0026012125"", ""t1t7"" : ""8860365"", ""vpn_id"" : ""7352"", ""id_default_site"" : -1, ""csp_customer_identifier"" : null, ""global_call_limiter"" : 250, ""scl_id"" : null, ""number_pre_analysis_name"" : ""GENERIC_CLI_PROCESSING"", ""trusted_cli_policy"" : false, ""calling_cli_match_all_sites"" : false, ""equipment_type"" : ""SIPDA"", ""calling_site_cli_algo"" : ""DIV_FROM""}"
10006093,70761,"{""id"" : 70761, ""name"" : ""2285063"", ""t1t7"" : ""2285063"", ""vpn_id"" : ""10006093"", ""id_default_site"" : 428138, ""csp_customer_identifier"" : null, ""global_call_limiter"" : null, ""scl_id"" : null, ""number_pre_analysis_name"" : ""CLI_FRA_Default"", ""trusted_cli_policy"" : false, ""calling_cli_match_all_sites"" : false, ""equipment_type"" : ""SIPDA"", ""calling_site_cli_algo"" : ""DIV_FROM""}"
4261,58527,"{""id"" : 58527, ""name"" : ""2320274"", ""t1t7"" : ""2320274"", ""vpn_id"" : ""4261"", ""id_default_site"" : 15951, ""csp_customer_identifier"" : null, ""global_call_limiter"" : null, ""scl_id"" : null, ""number_pre_analysis_name"" : ""CLI_FRA_Default"", ""trusted_cli_policy"" : false, ""calling_cli_match_all_sites"" : false, ""equipment_type"" : ""SIPDA"", ""calling_site_cli_algo"" : ""DIV_FROM""}"
10011350,68040,"{""id"" : 68040, ""name"" : ""2315335"", ""t1t7"" : ""2315335"", ""vpn_id"" : ""10011350"", ""id_default_site"" : 410302, ""csp_customer_identifier"" : null, ""global_call_limiter"" : null, ""scl_id"" : null, ""number_pre_analysis_name"" : ""CLI_FRA_Default"", ""trusted_cli_policy"" : false, ""calling_cli_match_all_sites"" : false, ""equipment_type"" : ""SIPDA"", ""calling_site_cli_algo"" : ""DIV_FROM""}"
10003826,152561,"{""id"" : 152561, ""name"" : ""2240630"", ""t1t7"" : ""2240630"", ""vpn_id"" : ""10003826"", ""id_default_site"" : 234555, ""csp_customer_identifier"" : null, ""global_call_limiter"" : null, ""scl_id"" : null, ""number_pre_analysis_name"" : ""CLI_FRA_Default"", ""trusted_cli_policy"" : false, ""calling_cli_match_all_sites"" : false, ""equipment_type"" : ""SIPDA"", ""calling_site_cli_algo"" : ""DIV_FROM""}"
7475,21882,"{""id"" : 21882, ""name"" : ""GBR_BRACKNELL"", ""t1t7"" : ""2362945"", ""vpn_id"" : ""7475"", ""id_default_site"" : -1, ""csp_customer_identifier"" : null, ""global_call_limiter"" : 200, ""scl_id"" : null, ""number_pre_analysis_name"" : ""GENERIC_CLI_PROCESSING"", ""trusted_cli_policy"" : false, ""calling_cli_match_all_sites"" : false, ""equipment_type"" : ""SIPDA"", ""calling_site_cli_algo"" : ""DIV_FROM""}"
5411,51262,"{""id"" : 51262, ""name"" : ""2310627"", ""t1t7"" : ""2310627"", ""vpn_id"" : ""5411"", ""id_default_site"" : 28975, ""csp_customer_identifier"" : null, ""global_call_limiter"" : null, ""scl_id"" : null, ""number_pre_analysis_name"" : ""CLI_FRA_Default"", ""trusted_cli_policy"" : false, ""calling_cli_match_all_sites"" : false, ""equipment_type"" : ""SIPDA"", ""calling_site_cli_algo"" : ""DIV_FROM""}"
10004625,49768,"{""id"" : 49768, ""name"" : ""2245128"", ""t1t7"" : ""2245128"", ""vpn_id"" : ""10004625"", ""id_default_site"" : 315278, ""csp_customer_identifier"" : null, ""global_call_limiter"" : null, ""scl_id"" : null, ""number_pre_analysis_name"" : ""CLI_FRA_Default"", ""trusted_cli_policy"" : false, ""calling_cli_match_all_sites"" : false, ""equipment_type"" : ""SIPDA"", ""calling_site_cli_algo"" : ""DIV_FROM""}"
10014462,58992,"{""id"" : 58992, ""name"" : ""2223330"", ""t1t7"" : ""2223330"", ""vpn_id"" : ""10014462"", ""id_default_site"" : 351136, ""csp_customer_identifier"" : null, ""global_call_limiter"" : null, ""scl_id"" : null, ""number_pre_analysis_name"" : ""GENERIC_CLI_PROCESSING"", ""trusted_cli_policy"" : false, ""calling_cli_match_all_sites"" : false, ""equipment_type"" : ""SIPDA"", ""calling_site_cli_algo"" : ""DIV_FROM""}"
10001179,71753,"{""id"" : 71753, ""name"" : ""2325111"", ""t1t7"" : ""2325111"", ""vpn_id"" : ""10001179"", ""id_default_site"" : 74393, ""csp_customer_identifier"" : null, ""global_call_limiter"" : null, ""scl_id"" : null, ""number_pre_analysis_name"" : ""CLI_FRA_Default"", ""trusted_cli_policy"" : false, ""calling_cli_match_all_sites"" : false, ""equipment_type"" : ""SIPDA"", ""calling_site_cli_algo"" : ""DIV_FROM""}"
7071,61315,"{""id"" : 61315, ""name"" : ""8026012_APAC_2_TEST"", ""t1t7"" : ""8026012"", ""vpn_id"" : ""7071"", ""id_default_site"" : 361584, ""csp_customer_identifier"" : null, ""global_call_limiter"" : null, ""scl_id"" : null, ""number_pre_analysis_name"" : ""zzz_CLI_SGP_0__000"", ""trusted_cli_policy"" : false, ""calling_cli_match_all_sites"" : false, ""equipment_type"" : ""SIPDA"", ""calling_site_cli_algo"" : ""DIV_FROM""}"
10005853,58106,"{""id"" : 58106, ""name"" : ""IPAR009"", ""t1t7"" : ""2400123"", ""vpn_id"" : ""10005853"", ""id_default_site"" : -1, ""csp_customer_identifier"" : null, ""global_call_limiter"" : 30, ""scl_id"" : null, ""number_pre_analysis_name"" : ""FRA_Default"", ""trusted_cli_policy"" : false, ""calling_cli_match_all_sites"" : false, ""equipment_type"" : ""SIPDA"", ""calling_site_cli_algo"" : ""DIV_FROM""}"
7081,53311,"{""id"" : 53311, ""name"" : ""2360356_SIP"", ""t1t7"" : ""2360356"", ""vpn_id"" : ""7081"", ""id_default_site"" : 327494, ""csp_customer_identifier"" : null, ""global_call_limiter"" : 50, ""scl_id"" : null, ""number_pre_analysis_name"" : ""CLI_GBR_Default"", ""trusted_cli_policy"" : false, ""calling_cli_match_all_sites"" : false, ""equipment_type"" : ""SIPDA"", ""calling_site_cli_algo"" : ""DIV_FROM""}"
10009491,24601,"{""id"" : 24601, ""name"" : ""2215151"", ""t1t7"" : ""2215151"", ""vpn_id"" : ""10009491"", ""id_default_site"" : 200361, ""csp_customer_identifier"" : null, ""global_call_limiter"" : null, ""scl_id"" : null, ""number_pre_analysis_name"" : ""CLI_FRA_Default"", ""trusted_cli_policy"" : false, ""calling_cli_match_all_sites"" : false, ""equipment_type"" : ""SIPDA"", ""calling_site_cli_algo"" : ""DIV_FROM""}"
10005302,4682,"{""id"" : 4682, ""name"" : ""5104166"", ""t1t7"" : ""5104166"", ""vpn_id"" : ""10005302"", ""id_default_site"" : 38821, ""csp_customer_identifier"" : null, ""global_call_limiter"" : null, ""scl_id"" : null, ""number_pre_analysis_name"" : ""CLI_FRA_Default"", ""trusted_cli_policy"" : false, ""calling_cli_match_all_sites"" : false, ""equipment_type"" : ""SIPDA"", ""calling_site_cli_algo"" : ""DIV_FROM""}"
10013730,59575,"{""id"" : 59575, ""name"" : ""2316548"", ""t1t7"" : ""2316548"", ""vpn_id"" : ""10013730"", ""id_default_site"" : 353161, ""csp_customer_identifier"" : null, ""global_call_limiter"" : null, ""scl_id"" : null, ""number_pre_analysis_name"" : ""CLI_FRA_Default"", ""trusted_cli_policy"" : false, ""calling_cli_match_all_sites"" : false, ""equipment_type"" : ""SIPDA"", ""calling_site_cli_algo"" : ""DIV_FROM""}"
10003819,152041,"{""id"" : 152041, ""name"" : ""2240587"", ""t1t7"" : ""2240587"", ""vpn_id"" : ""10003819"", ""id_default_site"" : 233844, ""csp_customer_identifier"" : null, ""global_call_limiter"" : null, ""scl_id"" : null, ""number_pre_analysis_name"" : ""CLI_FRA_Default"", ""trusted_cli_policy"" : false, ""calling_cli_match_all_sites"" : false, ""equipment_type"" : ""SIPDA"", ""calling_site_cli_algo"" : ""DIV_FROM""}"
10004810,51122,"{""id"" : 51122, ""name"" : ""2245436"", ""t1t7"" : ""2245436"", ""vpn_id"" : ""10004810"", ""id_default_site"" : 40331, ""csp_customer_identifier"" : null, ""global_call_limiter"" : null, ""scl_id"" : null, ""number_pre_analysis_name"" : ""CLI_FRA_Default"", ""trusted_cli_policy"" : false, ""calling_cli_match_all_sites"" : false, ""equipment_type"" : ""SIPDA"", ""calling_site_cli_algo"" : ""DIV_FROM""}"
7352,73533,"{""id"" : 73533, ""name"" : ""wbx_EUR_0025839363"", ""t1t7"" : ""8860140"", ""vpn_id"" : ""7352"", ""id_default_site"" : -1, ""csp_customer_identifier"" : null, ""global_call_limiter"" : 250, ""scl_id"" : null, ""number_pre_analysis_name"" : ""GENERIC_CLI_PROCESSING"", ""trusted_cli_policy"" : false, ""calling_cli_match_all_sites"" : false, ""equipment_type"" : ""SIPDA"", ""calling_site_cli_algo"" : ""DIV_FROM""}"
10004270,61727,"{""id"" : 61727, ""name"" : ""2351175"", ""t1t7"" : ""2351175"", ""vpn_id"" : ""10004270"", ""id_default_site"" : 364441, ""csp_customer_identifier"" : null, ""global_call_limiter"" : null, ""scl_id"" : null, ""number_pre_analysis_name"" : ""CLI_FRA_Default"", ""trusted_cli_policy"" : false, ""calling_cli_match_all_sites"" : false, ""equipment_type"" : ""SIPDA"", ""calling_site_cli_algo"" : ""DIV_FROM""}"
10000001,69819,"{""id"" : 69819, ""name"" : ""2336222"", ""t1t7"" : ""2336222"", ""vpn_id"" : ""10000001"", ""id_default_site"" : 421786, ""csp_customer_identifier"" : null, ""global_call_limiter"" : null, ""scl_id"" : null, ""number_pre_analysis_name"" : ""CLI_FRA_Default"", ""trusted_cli_policy"" : false, ""calling_cli_match_all_sites"" : false, ""equipment_type"" : ""SIPDA"", ""calling_site_cli_algo"" : ""DIV_FROM""}"
10004918,50205,"{""id"" : 50205, ""name"" : ""2245813"", ""t1t7"" : ""2245813"", ""vpn_id"" : ""10004918"", ""id_default_site"" : 316957, ""csp_customer_identifier"" : null, ""global_call_limiter"" : null, ""scl_id"" : null, ""number_pre_analysis_name"" : ""CLI_FRA_Default"", ""trusted_cli_policy"" : false, ""calling_cli_match_all_sites"" : false, ""equipment_type"" : ""SIPDA"", ""calling_site_cli_algo"" : ""DIV_FROM""}"
10008892,58158,"{""id"" : 58158, ""name"" : ""2251096"", ""t1t7"" : ""2251096"", ""vpn_id"" : ""10008892"", ""id_default_site"" : 348487, ""csp_customer_identifier"" : null, ""global_call_limiter"" : null, ""scl_id"" : null, ""number_pre_analysis_name"" : ""GENERIC_CLI_PROCESSING"", ""trusted_cli_policy"" : false, ""calling_cli_match_all_sites"" : false, ""equipment_type"" : ""SIPDA"", ""calling_site_cli_algo"" : ""DIV_FROM""}"
10000719,62632,"{""id"" : 62632, ""name"" : ""TGRP_GETSVI04"", ""t1t7"" : ""8950020"", ""vpn_id"" : ""10000719"", ""id_default_site"" : 370133, ""csp_customer_identifier"" : null, ""global_call_limiter"" : null, ""scl_id"" : null, ""number_pre_analysis_name"" : ""CLI_FRA_Default"", ""trusted_cli_policy"" : false, ""calling_cli_match_all_sites"" : false, ""equipment_type"" : ""SIPDA"", ""calling_site_cli_algo"" : ""DIV_FROM""}"
10005350,51583,"{""id"" : 51583, ""name"" : ""2246169"", ""t1t7"" : ""2246169"", ""vpn_id"" : ""10005350"", ""id_default_site"" : 320105, ""csp_customer_identifier"" : null, ""global_call_limiter"" : null, ""scl_id"" : null, ""number_pre_analysis_name"" : ""CLI_FRA_Default"", ""trusted_cli_policy"" : false, ""calling_cli_match_all_sites"" : false, ""equipment_type"" : ""SIPDA"", ""calling_site_cli_algo"" : ""DIV_FROM""}"
10004162,169781,"{""id"" : 169781, ""name"" : ""2350410"", ""t1t7"" : ""2350410"", ""vpn_id"" : ""10004162"", ""id_default_site"" : 257097, ""csp_customer_identifier"" : null, ""global_call_limiter"" : null, ""scl_id"" : null, ""number_pre_analysis_name"" : ""CLI_FRA_Default"", ""trusted_cli_policy"" : false, ""calling_cli_match_all_sites"" : false, ""equipment_type"" : ""SIPDA"", ""calling_site_cli_algo"" : ""DIV_FROM""}"
10004556,51019,"{""id"" : 51019, ""name"" : ""2246168"", ""t1t7"" : ""2246168"", ""vpn_id"" : ""10004556"", ""id_default_site"" : 39645, ""csp_customer_identifier"" : null, ""global_call_limiter"" : null, ""scl_id"" : null, ""number_pre_analysis_name"" : ""CLI_FRA_Default"", ""trusted_cli_policy"" : false, ""calling_cli_match_all_sites"" : false, ""equipment_type"" : ""SIPDA"", ""calling_site_cli_algo"" : ""DIV_FROM""}"
3250,67801,"{""id"" : 67801, ""name"" : ""GC_US_pre_8800103"", ""t1t7"" : ""8800103"", ""vpn_id"" : ""3250"", ""id_default_site"" : 389569, ""csp_customer_identifier"" : null, ""global_call_limiter"" : 20, ""scl_id"" : null, ""number_pre_analysis_name"" : ""GENERIC_CLI_PROCESSING"", ""trusted_cli_policy"" : false, ""calling_cli_match_all_sites"" : false, ""equipment_type"" : ""SIPDA"", ""calling_site_cli_algo"" : ""DIV_FROM""}"
10002262,114397,"{""id"" : 114397, ""name"" : ""2330755"", ""t1t7"" : ""2330755"", ""vpn_id"" : ""10002262"", ""id_default_site"" : 186354, ""csp_customer_identifier"" : null, ""global_call_limiter"" : null, ""scl_id"" : null, ""number_pre_analysis_name"" : ""CLI_FRA_Default"", ""trusted_cli_policy"" : false, ""calling_cli_match_all_sites"" : false, ""equipment_type"" : ""SIPDA"", ""calling_site_cli_algo"" : ""DIV_FROM""}"
10013663,56926,"{""id"" : 56926, ""name"" : ""2316263"", ""t1t7"" : ""2316263"", ""vpn_id"" : ""10013663"", ""id_default_site"" : 347368, ""csp_customer_identifier"" : null, ""global_call_limiter"" : null, ""scl_id"" : null, ""number_pre_analysis_name"" : ""CLI_FRA_Default"", ""trusted_cli_policy"" : false, ""calling_cli_match_all_sites"" : false, ""equipment_type"" : ""SIPDA"", ""calling_site_cli_algo"" : ""DIV_FROM""}"
10002949,135624,"{""id"" : 135624, ""name"" : ""2220564"", ""t1t7"" : ""2220564"", ""vpn_id"" : ""10002949"", ""id_default_site"" : 212737, ""csp_customer_identifier"" : null, ""global_call_limiter"" : null, ""scl_id"" : null, ""number_pre_analysis_name"" : ""CLI_FRA_Default"", ""trusted_cli_policy"" : false, ""calling_cli_match_all_sites"" : false, ""equipment_type"" : ""SIPDA"", ""calling_site_cli_algo"" : ""DIV_FROM""}"
10005445,55711,"{""id"" : 55711, ""name"" : ""2260032"", ""t1t7"" : ""2260032"", ""vpn_id"" : ""10005445"", ""id_default_site"" : 338616, ""csp_customer_identifier"" : null, ""global_call_limiter"" : null, ""scl_id"" : null, ""number_pre_analysis_name"" : ""CLI_FRA_Default"", ""trusted_cli_policy"" : false, ""calling_cli_match_all_sites"" : false, ""equipment_type"" : ""SIPDA"", ""calling_site_cli_algo"" : ""DIV_FROM""}"
3767,52352,"{""id"" : 52352, ""name"" : ""PCLON_SIP_EUMA"", ""t1t7"" : ""2360322"", ""vpn_id"" : ""3767"", ""id_default_site"" : 320681, ""csp_customer_identifier"" : null, ""global_call_limiter"" : null, ""scl_id"" : null, ""number_pre_analysis_name"" : ""CLI_GBR_Default"", ""trusted_cli_policy"" : false, ""calling_cli_match_all_sites"" : false, ""equipment_type"" : ""SIPDA"", ""calling_site_cli_algo"" : ""DIV_FROM""}"
10002046,158255,"{""id"" : 158255, ""name"" : ""2327141"", ""t1t7"" : ""2327141"", ""vpn_id"" : ""10002046"", ""id_default_site"" : 242133, ""csp_customer_identifier"" : null, ""global_call_limiter"" : null, ""scl_id"" : null, ""number_pre_analysis_name"" : ""CLI_FRA_Default"", ""trusted_cli_policy"" : false, ""calling_cli_match_all_sites"" : false, ""equipment_type"" : ""SIPDA"", ""calling_site_cli_algo"" : ""DIV_FROM""}"
7027,49587,"{""id"" : 49587, ""name"" : ""ATLX01"", ""t1t7"" : ""2390201"", ""vpn_id"" : ""7027"", ""id_default_site"" : -1, ""csp_customer_identifier"" : null, ""global_call_limiter"" : 500, ""scl_id"" : null, ""number_pre_analysis_name"" : ""CLI_USA_Default"", ""trusted_cli_policy"" : false, ""calling_cli_match_all_sites"" : false, ""equipment_type"" : ""SIPDA"", ""calling_site_cli_algo"" : ""DIV_FROM""}"
7333,3261,"{""id"" : 3261, ""name"" : ""opc_ASP_Singapore"", ""t1t7"" : ""8986047"", ""vpn_id"" : ""7333"", ""id_default_site"" : -1, ""csp_customer_identifier"" : null, ""global_call_limiter"" : 5, ""scl_id"" : null, ""number_pre_analysis_name"" : ""GENERIC_CLI_PROCESSING"", ""trusted_cli_policy"" : false, ""calling_cli_match_all_sites"" : false, ""equipment_type"" : ""SIPDA"", ""calling_site_cli_algo"" : ""DIV_FROM""}"
10017932,66490,"{""id"" : 66490, ""name"" : ""2223683"", ""t1t7"" : ""2223683"", ""vpn_id"" : ""10017932"", ""id_default_site"" : 400547, ""csp_customer_identifier"" : null, ""global_call_limiter"" : null, ""scl_id"" : null, ""number_pre_analysis_name"" : ""CLI_FRA_Default"", ""trusted_cli_policy"" : false, ""calling_cli_match_all_sites"" : false, ""equipment_type"" : ""SIPDA"", ""calling_site_cli_algo"" : ""DIV_FROM""}"
7352,73277,"{""id"" : 73277, ""name"" : ""wbx_EUR_0025843727"", ""t1t7"" : ""8860099"", ""vpn_id"" : ""7352"", ""id_default_site"" : -1, ""csp_customer_identifier"" : null, ""global_call_limiter"" : 250, ""scl_id"" : null, ""number_pre_analysis_name"" : ""GENERIC_CLI_PROCESSING"", ""trusted_cli_policy"" : false, ""calling_cli_match_all_sites"" : false, ""equipment_type"" : ""SIPDA"", ""calling_site_cli_algo"" : ""DIV_FROM""}"
4520,168489,"{""id"" : 168489, ""name"" : ""CCVPAAS_VEL_2398309"", ""t1t7"" : ""2398309"", ""vpn_id"" : ""4520"", ""id_default_site"" : 255475, ""csp_customer_identifier"" : null, ""global_call_limiter"" : null, ""scl_id"" : null, ""number_pre_analysis_name"" : ""CLI_FRA_Default"", ""trusted_cli_policy"" : false, ""calling_cli_match_all_sites"" : false, ""equipment_type"" : ""SIPDA"", ""calling_site_cli_algo"" : ""DIV_FROM""}"
10005350,52056,"{""id"" : 52056, ""name"" : ""2246171"", ""t1t7"" : ""2246171"", ""vpn_id"" : ""10005350"", ""id_default_site"" : 321927, ""csp_customer_identifier"" : null, ""global_call_limiter"" : null, ""scl_id"" : null, ""number_pre_analysis_name"" : ""CLI_FRA_Default"", ""trusted_cli_policy"" : false, ""calling_cli_match_all_sites"" : false, ""equipment_type"" : ""SIPDA"", ""calling_site_cli_algo"" : ""DIV_FROM""}"
10017238,62031,"{""id"" : 62031, ""name"" : ""2316754"", ""t1t7"" : ""2316754"", ""vpn_id"" : ""10017238"", ""id_default_site"" : 366534, ""csp_customer_identifier"" : null, ""global_call_limiter"" : null, ""scl_id"" : null, ""number_pre_analysis_name"" : ""CLI_FRA_Default"", ""trusted_cli_policy"" : false, ""calling_cli_match_all_sites"" : false, ""equipment_type"" : ""SIPDA"", ""calling_site_cli_algo"" : ""DIV_FROM""}"
10004026,177681,"{""id"" : 177681, ""name"" : ""2350169"", ""t1t7"" : ""2350169"", ""vpn_id"" : ""10004026"", ""id_default_site"" : 268194, ""csp_customer_identifier"" : null, ""global_call_limiter"" : null, ""scl_id"" : null, ""number_pre_analysis_name"" : ""CLI_FRA_Default"", ""trusted_cli_policy"" : false, ""calling_cli_match_all_sites"" : false, ""equipment_type"" : ""SIPDA"", ""calling_site_cli_algo"" : ""DIV_FROM""}"
10000719,49941,"{""id"" : 49941, ""name"" : ""2316009"", ""t1t7"" : ""2316009"", ""vpn_id"" : ""10000719"", ""id_default_site"" : 54735, ""csp_customer_identifier"" : null, ""global_call_limiter"" : null, ""scl_id"" : null, ""number_pre_analysis_name"" : ""CLI_FRA_Default"", ""trusted_cli_policy"" : false, ""calling_cli_match_all_sites"" : false, ""equipment_type"" : ""SIPDA"", ""calling_site_cli_algo"" : ""DIV_FROM""}"
10009519,71251,"{""id"" : 71251, ""name"" : ""2285067"", ""t1t7"" : ""2285067"", ""vpn_id"" : ""10009519"", ""id_default_site"" : -1, ""csp_customer_identifier"" : null, ""global_call_limiter"" : null, ""scl_id"" : null, ""number_pre_analysis_name"" : ""CLI_FRA_Default"", ""trusted_cli_policy"" : false, ""calling_cli_match_all_sites"" : false, ""equipment_type"" : ""SIPDA"", ""calling_site_cli_algo"" : ""DIV_FROM""}"
3992,55689,"{""id"" : 55689, ""name"" : ""Preprod"", ""t1t7"" : ""2388202"", ""vpn_id"" : ""3992"", ""id_default_site"" : 338003, ""csp_customer_identifier"" : null, ""global_call_limiter"" : null, ""scl_id"" : null, ""number_pre_analysis_name"" : ""CLI_PHL_Default"", ""trusted_cli_policy"" : true, ""calling_cli_match_all_sites"" : false, ""equipment_type"" : ""SIPDA"", ""calling_site_cli_algo"" : ""DIV_FROM""}"
7352,15701,"{""id"" : 15701, ""name"" : ""wbx_EUR_0026020371"", ""t1t7"" : ""8860437"", ""vpn_id"" : ""7352"", ""id_default_site"" : -1, ""csp_customer_identifier"" : null, ""global_call_limiter"" : 250, ""scl_id"" : null, ""number_pre_analysis_name"" : ""GENERIC_CLI_PROCESSING"", ""trusted_cli_policy"" : false, ""calling_cli_match_all_sites"" : false, ""equipment_type"" : ""SIPDA"", ""calling_site_cli_algo"" : ""DIV_FROM""}"
10004704,64072,"{""id"" : 64072, ""name"" : ""2246358"", ""t1t7"" : ""2246358"", ""vpn_id"" : ""10004704"", ""id_default_site"" : 313284, ""csp_customer_identifier"" : null, ""global_call_limiter"" : null, ""scl_id"" : null, ""number_pre_analysis_name"" : ""CLI_FRA_Default"", ""trusted_cli_policy"" : false, ""calling_cli_match_all_sites"" : false, ""equipment_type"" : ""SIPDA"", ""calling_site_cli_algo"" : ""DIV_FROM""}"
10005445,68665,"{""id"" : 68665, ""name"" : ""2260099"", ""t1t7"" : ""2260099"", ""vpn_id"" : ""10005445"", ""id_default_site"" : 414768, ""csp_customer_identifier"" : null, ""global_call_limiter"" : null, ""scl_id"" : null, ""number_pre_analysis_name"" : ""CLI_FRA_Default"", ""trusted_cli_policy"" : false, ""calling_cli_match_all_sites"" : false, ""equipment_type"" : ""SIPDA"", ""calling_site_cli_algo"" : ""DIV_FROM""}"
7101,62688,"{""id"" : 62688, ""name"" : ""AP_GS_FRK_Genesys_PR"", ""t1t7"" : ""8950016"", ""vpn_id"" : ""7101"", ""id_default_site"" : 381328, ""csp_customer_identifier"" : null, ""global_call_limiter"" : 50, ""scl_id"" : null, ""number_pre_analysis_name"" : ""GENERIC_CLI_PROCESSING"", ""trusted_cli_policy"" : false, ""calling_cli_match_all_sites"" : false, ""equipment_type"" : ""SIPDA"", ""calling_site_cli_algo"" : ""DIV_FROM""}"
7041,69849,"{""id"" : 69849, ""name"" : ""BTOI _Singapore1"", ""t1t7"" : ""2368818"", ""vpn_id"" : ""7041"", ""id_default_site"" : -1, ""csp_customer_identifier"" : null, ""global_call_limiter"" : 30, ""scl_id"" : null, ""number_pre_analysis_name"" : ""CLI_SGP_Default"", ""trusted_cli_policy"" : false, ""calling_cli_match_all_sites"" : false, ""equipment_type"" : ""SIPDA"", ""calling_site_cli_algo"" : ""DIV_FROM""}"
10003385,138104,"{""id"" : 138104, ""name"" : ""2235250"", ""t1t7"" : ""2235250"", ""vpn_id"" : ""10003385"", ""id_default_site"" : 215710, ""csp_customer_identifier"" : null, ""global_call_limiter"" : null, ""scl_id"" : null, ""number_pre_analysis_name"" : ""CLI_FRA_Default"", ""trusted_cli_policy"" : false, ""calling_cli_match_all_sites"" : false, ""equipment_type"" : ""SIPDA"", ""calling_site_cli_algo"" : ""DIV_FROM""}"
10003468,143601,"{""id"" : 143601, ""name"" : ""2235722"", ""t1t7"" : ""2235722"", ""vpn_id"" : ""10003468"", ""id_default_site"" : 221980, ""csp_customer_identifier"" : null, ""global_call_limiter"" : null, ""scl_id"" : null, ""number_pre_analysis_name"" : ""CLI_FRA_Default"", ""trusted_cli_policy"" : false, ""calling_cli_match_all_sites"" : false, ""equipment_type"" : ""SIPDA"", ""calling_site_cli_algo"" : ""DIV_FROM""}"
7352,18401,"{""id"" : 18401, ""name"" : ""wbx_EUR_0026000604"", ""t1t7"" : ""8860481"", ""vpn_id"" : ""7352"", ""id_default_site"" : -1, ""csp_customer_identifier"" : null, ""global_call_limiter"" : 250, ""scl_id"" : null, ""number_pre_analysis_name"" : ""GENERIC_CLI_PROCESSING"", ""trusted_cli_policy"" : false, ""calling_cli_match_all_sites"" : false, ""equipment_type"" : ""SIPDA"", ""calling_site_cli_algo"" : ""DIV_FROM""}"
10012694,68845,"{""id"" : 68845, ""name"" : ""2265117"", ""t1t7"" : ""2265117"", ""vpn_id"" : ""10012694"", ""id_default_site"" : 416155, ""csp_customer_identifier"" : null, ""global_call_limiter"" : null, ""scl_id"" : null, ""number_pre_analysis_name"" : ""CLI_FRA_Default"", ""trusted_cli_policy"" : false, ""calling_cli_match_all_sites"" : false, ""equipment_type"" : ""SIPDA"", ""calling_site_cli_algo"" : ""DIV_FROM""}"
7352,73066,"{""id"" : 73066, ""name"" : ""wbx_EUR_0025852972"", ""t1t7"" : ""8860072"", ""vpn_id"" : ""7352"", ""id_default_site"" : -1, ""csp_customer_identifier"" : null, ""global_call_limiter"" : 250, ""scl_id"" : null, ""number_pre_analysis_name"" : ""GENERIC_CLI_PROCESSING"", ""trusted_cli_policy"" : false, ""calling_cli_match_all_sites"" : false, ""equipment_type"" : ""SIPDA"", ""calling_site_cli_algo"" : ""DIV_FROM""}"
5665,67221,"{""id"" : 67221, ""name"" : ""2320755"", ""t1t7"" : ""2320755"", ""vpn_id"" : ""5665"", ""id_default_site"" : 40981, ""csp_customer_identifier"" : null, ""global_call_limiter"" : null, ""scl_id"" : null, ""number_pre_analysis_name"" : ""CLI_FRA_Default"", ""trusted_cli_policy"" : false, ""calling_cli_match_all_sites"" : false, ""equipment_type"" : ""SIPDA"", ""calling_site_cli_algo"" : ""DIV_FROM""}"
10002874,52467,"{""id"" : 52467, ""name"" : ""2220224"", ""t1t7"" : ""2220224"", ""vpn_id"" : ""10002874"", ""id_default_site"" : 323409, ""csp_customer_identifier"" : null, ""global_call_limiter"" : null, ""scl_id"" : null, ""number_pre_analysis_name"" : ""CLI_FRA_Default"", ""trusted_cli_policy"" : false, ""calling_cli_match_all_sites"" : false, ""equipment_type"" : ""SIPDA"", ""calling_site_cli_algo"" : ""DIV_FROM""}"
10004536,49833,"{""id"" : 49833, ""name"" : ""2245031"", ""t1t7"" : ""2245031"", ""vpn_id"" : ""10004536"", ""id_default_site"" : 33323, ""csp_customer_identifier"" : null, ""global_call_limiter"" : null, ""scl_id"" : null, ""number_pre_analysis_name"" : ""CLI_FRA_Default"", ""trusted_cli_policy"" : false, ""calling_cli_match_all_sites"" : false, ""equipment_type"" : ""SIPDA"", ""calling_site_cli_algo"" : ""DIV_FROM""}"
5288,175523,"{""id"" : 175523, ""name"" : ""2350723"", ""t1t7"" : ""2350723"", ""vpn_id"" : ""5288"", ""id_default_site"" : 265364, ""csp_customer_identifier"" : null, ""global_call_limiter"" : null, ""scl_id"" : null, ""number_pre_analysis_name"" : ""CLI_FRA_Default"", ""trusted_cli_policy"" : false, ""calling_cli_match_all_sites"" : false, ""equipment_type"" : ""SIPDA"", ""calling_site_cli_algo"" : ""DIV_FROM""}"
10004873,55359,"{""id"" : 55359, ""name"" : ""2246518"", ""t1t7"" : ""2246518"", ""vpn_id"" : ""10004873"", ""id_default_site"" : 337045, ""csp_customer_identifier"" : null, ""global_call_limiter"" : null, ""scl_id"" : null, ""number_pre_analysis_name"" : ""CLI_FRA_Default"", ""trusted_cli_policy"" : false, ""calling_cli_match_all_sites"" : false, ""equipment_type"" : ""SIPDA"", ""calling_site_cli_algo"" : ""DIV_FROM""}"
10016724,67840,"{""id"" : 67840, ""name"" : ""2246910"", ""t1t7"" : ""2246910"", ""vpn_id"" : ""10016724"", ""id_default_site"" : 408881, ""csp_customer_identifier"" : null, ""global_call_limiter"" : null, ""scl_id"" : null, ""number_pre_analysis_name"" : ""CLI_FRA_Default"", ""trusted_cli_policy"" : false, ""calling_cli_match_all_sites"" : false, ""equipment_type"" : ""SIPDA"", ""calling_site_cli_algo"" : ""DIV_FROM""}"
3998,50119,"{""id"" : 50119, ""name"" : ""8014297_CME_US_Prim"", ""t1t7"" : ""8014297"", ""vpn_id"" : ""3998"", ""id_default_site"" : 312902, ""csp_customer_identifier"" : null, ""global_call_limiter"" : null, ""scl_id"" : null, ""number_pre_analysis_name"" : ""zzz_CLI_USA_1__000"", ""trusted_cli_policy"" : true, ""calling_cli_match_all_sites"" : false, ""equipment_type"" : ""SIPDA"", ""calling_site_cli_algo"" : ""DIV_FROM""}"
10004624,50035,"{""id"" : 50035, ""name"" : ""2245631"", ""t1t7"" : ""2245631"", ""vpn_id"" : ""10004624"", ""id_default_site"" : 316288, ""csp_customer_identifier"" : null, ""global_call_limiter"" : null, ""scl_id"" : null, ""number_pre_analysis_name"" : ""CLI_FRA_Default"", ""trusted_cli_policy"" : false, ""calling_cli_match_all_sites"" : false, ""equipment_type"" : ""SIPDA"", ""calling_site_cli_algo"" : ""DIV_FROM""}"
10006897,21681,"{""id"" : 21681, ""name"" : ""5105256"", ""t1t7"" : ""5105256"", ""vpn_id"" : ""10006897"", ""id_default_site"" : 177021, ""csp_customer_identifier"" : null, ""global_call_limiter"" : null, ""scl_id"" : null, ""number_pre_analysis_name"" : ""CLI_FRA_Default"", ""trusted_cli_policy"" : false, ""calling_cli_match_all_sites"" : false, ""equipment_type"" : ""SIPDA"", ""calling_site_cli_algo"" : ""DIV_FROM""}"
5288,48728,"{""id"" : 48728, ""name"" : ""2351381"", ""t1t7"" : ""2351381"", ""vpn_id"" : ""5288"", ""id_default_site"" : 25344, ""csp_customer_identifier"" : null, ""global_call_limiter"" : null, ""scl_id"" : null, ""number_pre_analysis_name"" : ""CLI_FRA_Default"", ""trusted_cli_policy"" : false, ""calling_cli_match_all_sites"" : false, ""equipment_type"" : ""SIPDA"", ""calling_site_cli_algo"" : ""DIV_FROM""}"
5212,144606,"{""id"" : 144606, ""name"" : ""2330219"", ""t1t7"" : ""2330219"", ""vpn_id"" : ""5212"", ""id_default_site"" : 223502, ""csp_customer_identifier"" : null, ""global_call_limiter"" : null, ""scl_id"" : null, ""number_pre_analysis_name"" : ""CLI_FRA_Default"", ""trusted_cli_policy"" : false, ""calling_cli_match_all_sites"" : false, ""equipment_type"" : ""SIPDA"", ""calling_site_cli_algo"" : ""DIV_FROM""}"
7002,11562,"{""id"" : 11562, ""name"" : ""gsy_FRA_NEWRANGETRY"", ""t1t7"" : ""8802201"", ""vpn_id"" : ""7002"", ""id_default_site"" : -1, ""csp_customer_identifier"" : null, ""global_call_limiter"" : 1, ""scl_id"" : null, ""number_pre_analysis_name"" : ""GENERIC_CLI_PROCESSING"", ""trusted_cli_policy"" : false, ""calling_cli_match_all_sites"" : false, ""equipment_type"" : ""SIPDA"", ""calling_site_cli_algo"" : ""DIV_FROM""}"
7352,28241,"{""id"" : 28241, ""name"" : ""wbx_EUR_0026056449"", ""t1t7"" : ""8860644"", ""vpn_id"" : ""7352"", ""id_default_site"" : -1, ""csp_customer_identifier"" : null, ""global_call_limiter"" : 250, ""scl_id"" : null, ""number_pre_analysis_name"" : ""GENERIC_CLI_PROCESSING"", ""trusted_cli_policy"" : false, ""calling_cli_match_all_sites"" : false, ""equipment_type"" : ""SIPDA"", ""calling_site_cli_algo"" : ""DIV_FROM""}"
10009306,9781,"{""id"" : 9781, ""name"" : ""5104201"", ""t1t7"" : ""5104201"", ""vpn_id"" : ""10009306"", ""id_default_site"" : 76321, ""csp_customer_identifier"" : null, ""global_call_limiter"" : null, ""scl_id"" : null, ""number_pre_analysis_name"" : ""CLI_FRA_Default"", ""trusted_cli_policy"" : false, ""calling_cli_match_all_sites"" : false, ""equipment_type"" : ""SIPDA"", ""calling_site_cli_algo"" : ""DIV_FROM""}"
10002046,160723,"{""id"" : 160723, ""name"" : ""2327541"", ""t1t7"" : ""2327541"", ""vpn_id"" : ""10002046"", ""id_default_site"" : 245884, ""csp_customer_identifier"" : null, ""global_call_limiter"" : null, ""scl_id"" : null, ""number_pre_analysis_name"" : ""CLI_FRA_Default"", ""trusted_cli_policy"" : false, ""calling_cli_match_all_sites"" : false, ""equipment_type"" : ""SIPDA"", ""calling_site_cli_algo"" : ""DIV_FROM""}"
10005335,2241,"{""id"" : 2241, ""name"" : ""2223828"", ""t1t7"" : ""2223828"", ""vpn_id"" : ""10005335"", ""id_default_site"" : 10561, ""csp_customer_identifier"" : null, ""global_call_limiter"" : null, ""scl_id"" : null, ""number_pre_analysis_name"" : ""CLI_FRA_Default"", ""trusted_cli_policy"" : false, ""calling_cli_match_all_sites"" : false, ""equipment_type"" : ""SIPDA"", ""calling_site_cli_algo"" : ""DIV_FROM""}"
10004361,59799,"{""id"" : 59799, ""name"" : ""2351753"", ""t1t7"" : ""2351753"", ""vpn_id"" : ""10004361"", ""id_default_site"" : 353784, ""csp_customer_identifier"" : null, ""global_call_limiter"" : null, ""scl_id"" : null, ""number_pre_analysis_name"" : ""CLI_FRA_Default"", ""trusted_cli_policy"" : false, ""calling_cli_match_all_sites"" : false, ""equipment_type"" : ""SIPDA"", ""calling_site_cli_algo"" : ""DIV_FROM""}"
3547,175225,"{""id"" : 175225, ""name"" : ""CCVPaaS_LAC_2393017"", ""t1t7"" : ""2393017"", ""vpn_id"" : ""3547"", ""id_default_site"" : -1, ""csp_customer_identifier"" : null, ""global_call_limiter"" : null, ""scl_id"" : null, ""number_pre_analysis_name"" : ""CLI_HUN_Default"", ""trusted_cli_policy"" : false, ""calling_cli_match_all_sites"" : false, ""equipment_type"" : ""SIPDA"", ""calling_site_cli_algo"" : ""DIV_FROM""}"
4985,56754,"{""id"" : 56754, ""name"" : ""RBC_psyd3092_VG204"", ""t1t7"" : ""2365129"", ""vpn_id"" : ""4985"", ""id_default_site"" : 343017, ""csp_customer_identifier"" : null, ""global_call_limiter"" : 2, ""scl_id"" : null, ""number_pre_analysis_name"" : ""CLI_AUS_Default"", ""trusted_cli_policy"" : false, ""calling_cli_match_all_sites"" : false, ""equipment_type"" : ""SIPDA"", ""calling_site_cli_algo"" : ""DIV_FROM""}"
10006067,64795,"{""id"" : 64795, ""name"" : ""2223264"", ""t1t7"" : ""2223264"", ""vpn_id"" : ""10006067"", ""id_default_site"" : 385885, ""csp_customer_identifier"" : null, ""global_call_limiter"" : null, ""scl_id"" : null, ""number_pre_analysis_name"" : ""CLI_FRA_Default"", ""trusted_cli_policy"" : false, ""calling_cli_match_all_sites"" : false, ""equipment_type"" : ""SIPDA"", ""calling_site_cli_algo"" : ""DIV_FROM""}"
7076,55420,"{""id"" : 55420, ""name"" : ""PAMS2775_Backup_SIP"", ""t1t7"" : ""2400045"", ""vpn_id"" : ""7076"", ""id_default_site"" : 337702, ""csp_customer_identifier"" : null, ""global_call_limiter"" : 300, ""scl_id"" : null, ""number_pre_analysis_name"" : ""CLI_DEU_Default"", ""trusted_cli_policy"" : false, ""calling_cli_match_all_sites"" : false, ""equipment_type"" : ""SIPDA"", ""calling_site_cli_algo"" : ""DIV_FROM""}"
10000092,33343,"{""id"" : 33343, ""name"" : ""2300211"", ""t1t7"" : ""2300211"", ""vpn_id"" : ""10000092"", ""id_default_site"" : 38617, ""csp_customer_identifier"" : null, ""global_call_limiter"" : null, ""scl_id"" : null, ""number_pre_analysis_name"" : ""CLI_FRA_Default"", ""trusted_cli_policy"" : false, ""calling_cli_match_all_sites"" : false, ""equipment_type"" : ""SIPDA"", ""calling_site_cli_algo"" : ""DIV_FROM""}"
10003697,150128,"{""id"" : 150128, ""name"" : ""2240284"", ""t1t7"" : ""2240284"", ""vpn_id"" : ""10003697"", ""id_default_site"" : 231243, ""csp_customer_identifier"" : null, ""global_call_limiter"" : null, ""scl_id"" : null, ""number_pre_analysis_name"" : ""CLI_FRA_Default"", ""trusted_cli_policy"" : false, ""calling_cli_match_all_sites"" : false, ""equipment_type"" : ""SIPDA"", ""calling_site_cli_algo"" : ""DIV_FROM""}"
10005379,51071,"{""id"" : 51071, ""name"" : ""2250176"", ""t1t7"" : ""2250176"", ""vpn_id"" : ""10005379"", ""id_default_site"" : -1, ""csp_customer_identifier"" : null, ""global_call_limiter"" : null, ""scl_id"" : null, ""number_pre_analysis_name"" : ""CLI_FRA_Default"", ""trusted_cli_policy"" : false, ""calling_cli_match_all_sites"" : false, ""equipment_type"" : ""SIPDA"", ""calling_site_cli_algo"" : ""DIV_FROM""}"
10008833,10141,"{""id"" : 10141, ""name"" : ""5105199"", ""t1t7"" : ""5105199"", ""vpn_id"" : ""10008833"", ""id_default_site"" : 78701, ""csp_customer_identifier"" : null, ""global_call_limiter"" : null, ""scl_id"" : null, ""number_pre_analysis_name"" : ""CLI_FRA_Default"", ""trusted_cli_policy"" : false, ""calling_cli_match_all_sites"" : false, ""equipment_type"" : ""SIPDA"", ""calling_site_cli_algo"" : ""DIV_FROM""}"
10009790,71125,"{""id"" : 71125, ""name"" : ""2223819"", ""t1t7"" : ""2223819"", ""vpn_id"" : ""10009790"", ""id_default_site"" : 430882, ""csp_customer_identifier"" : null, ""global_call_limiter"" : null, ""scl_id"" : null, ""number_pre_analysis_name"" : ""CLI_FRA_Default"", ""trusted_cli_policy"" : false, ""calling_cli_match_all_sites"" : false, ""equipment_type"" : ""SIPDA"", ""calling_site_cli_algo"" : ""DIV_FROM""}"
10004816,51399,"{""id"" : 51399, ""name"" : ""2246240"", ""t1t7"" : ""2246240"", ""vpn_id"" : ""10004816"", ""id_default_site"" : 43217, ""csp_customer_identifier"" : null, ""global_call_limiter"" : null, ""scl_id"" : null, ""number_pre_analysis_name"" : ""CLI_FRA_Default"", ""trusted_cli_policy"" : false, ""calling_cli_match_all_sites"" : false, ""equipment_type"" : ""SIPDA"", ""calling_site_cli_algo"" : ""DIV_FROM""}"
3961,62823,"{""id"" : 62823, ""name"" : ""2320560"", ""t1t7"" : ""2320560"", ""vpn_id"" : ""3961"", ""id_default_site"" : 46130, ""csp_customer_identifier"" : null, ""global_call_limiter"" : null, ""scl_id"" : null, ""number_pre_analysis_name"" : ""CLI_FRA_Default"", ""trusted_cli_policy"" : false, ""calling_cli_match_all_sites"" : false, ""equipment_type"" : ""SIPDA"", ""calling_site_cli_algo"" : ""DIV_FROM""}"
10000110,33994,"{""id"" : 33994, ""name"" : ""2300232"", ""t1t7"" : ""2300232"", ""vpn_id"" : ""10000110"", ""id_default_site"" : 39615, ""csp_customer_identifier"" : null, ""global_call_limiter"" : null, ""scl_id"" : null, ""number_pre_analysis_name"" : ""CLI_FRA_Default"", ""trusted_cli_policy"" : false, ""calling_cli_match_all_sites"" : false, ""equipment_type"" : ""SIPDA"", ""calling_site_cli_algo"" : ""DIV_FROM""}"
10008290,73925,"{""id"" : 73925, ""name"" : ""2265171"", ""t1t7"" : ""2265171"", ""vpn_id"" : ""10008290"", ""id_default_site"" : 447737, ""csp_customer_identifier"" : null, ""global_call_limiter"" : null, ""scl_id"" : null, ""number_pre_analysis_name"" : ""CLI_FRA_Default"", ""trusted_cli_policy"" : false, ""calling_cli_match_all_sites"" : false, ""equipment_type"" : ""SIPDA"", ""calling_site_cli_algo"" : ""DIV_FROM""}"
10013838,65515,"{""id"" : 65515, ""name"" : ""2214718"", ""t1t7"" : ""2214718"", ""vpn_id"" : ""10013838"", ""id_default_site"" : 392038, ""csp_customer_identifier"" : null, ""global_call_limiter"" : null, ""scl_id"" : null, ""number_pre_analysis_name"" : ""CLI_FRA_Default"", ""trusted_cli_policy"" : false, ""calling_cli_match_all_sites"" : false, ""equipment_type"" : ""SIPDA"", ""calling_site_cli_algo"" : ""DIV_FROM""}"
3634,60416,"{""id"" : 60416, ""name"" : ""Germany-DR"", ""t1t7"" : ""2400154"", ""vpn_id"" : ""3634"", ""id_default_site"" : 15975, ""csp_customer_identifier"" : null, ""global_call_limiter"" : 32, ""scl_id"" : null, ""number_pre_analysis_name"" : ""CLI_DEU_Default"", ""trusted_cli_policy"" : false, ""calling_cli_match_all_sites"" : false, ""equipment_type"" : ""SIPDA"", ""calling_site_cli_algo"" : ""DIV_FROM""}"
10015400,61281,"{""id"" : 61281, ""name"" : ""2316642"", ""t1t7"" : ""2316642"", ""vpn_id"" : ""10015400"", ""id_default_site"" : 361119, ""csp_customer_identifier"" : null, ""global_call_limiter"" : null, ""scl_id"" : null, ""number_pre_analysis_name"" : ""CLI_FRA_Default"", ""trusted_cli_policy"" : false, ""calling_cli_match_all_sites"" : false, ""equipment_type"" : ""SIPDA"", ""calling_site_cli_algo"" : ""DIV_FROM""}"
10004239,174704,"{""id"" : 174704, ""name"" : ""2350550"", ""t1t7"" : ""2350550"", ""vpn_id"" : ""10004239"", ""id_default_site"" : 264497, ""csp_customer_identifier"" : null, ""global_call_limiter"" : null, ""scl_id"" : null, ""number_pre_analysis_name"" : ""CLI_FRA_Default"", ""trusted_cli_policy"" : false, ""calling_cli_match_all_sites"" : false, ""equipment_type"" : ""SIPDA"", ""calling_site_cli_algo"" : ""DIV_FROM""}"
10005283,69110,"{""id"" : 69110, ""name"" : ""2246652"", ""t1t7"" : ""2246652"", ""vpn_id"" : ""10005283"", ""id_default_site"" : -1, ""csp_customer_identifier"" : null, ""global_call_limiter"" : null, ""scl_id"" : null, ""number_pre_analysis_name"" : ""CLI_FRA_Default"", ""trusted_cli_policy"" : false, ""calling_cli_match_all_sites"" : false, ""equipment_type"" : ""SIPDA"", ""calling_site_cli_algo"" : ""DIV_FROM""}"
10003024,62147,"{""id"" : 62147, ""name"" : ""2218056"", ""t1t7"" : ""2218056"", ""vpn_id"" : ""10003024"", ""id_default_site"" : 367109, ""csp_customer_identifier"" : null, ""global_call_limiter"" : null, ""scl_id"" : null, ""number_pre_analysis_name"" : ""CLI_FRA_Default"", ""trusted_cli_policy"" : false, ""calling_cli_match_all_sites"" : false, ""equipment_type"" : ""SIPDA"", ""calling_site_cli_algo"" : ""DIV_FROM""}"
7372,70899,"{""id"" : 70899, ""name"" : ""DR-BTOI-EMEA"", ""t1t7"" : ""2403834"", ""vpn_id"" : ""7372"", ""id_default_site"" : 422994, ""csp_customer_identifier"" : null, ""global_call_limiter"" : 100, ""scl_id"" : null, ""number_pre_analysis_name"" : ""GENERIC_CLI_PROCESSING"", ""trusted_cli_policy"" : false, ""calling_cli_match_all_sites"" : false, ""equipment_type"" : ""SIPDA"", ""calling_site_cli_algo"" : ""DIV_FROM""}"
5566,68633,"{""id"" : 68633, ""name"" : ""2214053"", ""t1t7"" : ""2214053"", ""vpn_id"" : ""5566"", ""id_default_site"" : 414490, ""csp_customer_identifier"" : null, ""global_call_limiter"" : null, ""scl_id"" : null, ""number_pre_analysis_name"" : ""CLI_FRA_Default"", ""trusted_cli_policy"" : false, ""calling_cli_match_all_sites"" : false, ""equipment_type"" : ""SIPDA"", ""calling_site_cli_algo"" : ""DIV_FROM""}"
5517,144222,"{""id"" : 144222, ""name"" : ""2315322"", ""t1t7"" : ""2315322"", ""vpn_id"" : ""5517"", ""id_default_site"" : 223019, ""csp_customer_identifier"" : null, ""global_call_limiter"" : null, ""scl_id"" : null, ""number_pre_analysis_name"" : ""CLI_FRA_Default"", ""trusted_cli_policy"" : false, ""calling_cli_match_all_sites"" : false, ""equipment_type"" : ""SIPDA"", ""calling_site_cli_algo"" : ""DIV_FROM""}"
10015687,61935,"{""id"" : 61935, ""name"" : ""2316718"", ""t1t7"" : ""2316718"", ""vpn_id"" : ""10015687"", ""id_default_site"" : 365975, ""csp_customer_identifier"" : null, ""global_call_limiter"" : null, ""scl_id"" : null, ""number_pre_analysis_name"" : ""CLI_FRA_Default"", ""trusted_cli_policy"" : false, ""calling_cli_match_all_sites"" : false, ""equipment_type"" : ""SIPDA"", ""calling_site_cli_algo"" : ""DIV_FROM""}"
10002648,58267,"{""id"" : 58267, ""name"" : ""2214120"", ""t1t7"" : ""2214120"", ""vpn_id"" : ""10002648"", ""id_default_site"" : 348824, ""csp_customer_identifier"" : null, ""global_call_limiter"" : null, ""scl_id"" : null, ""number_pre_analysis_name"" : ""GENERIC_CLI_PROCESSING"", ""trusted_cli_policy"" : false, ""calling_cli_match_all_sites"" : false, ""equipment_type"" : ""SIPDA"", ""calling_site_cli_algo"" : ""DIV_FROM""}"
10013898,57369,"{""id"" : 57369, ""name"" : ""2336201"", ""t1t7"" : ""2336201"", ""vpn_id"" : ""10013898"", ""id_default_site"" : 346203, ""csp_customer_identifier"" : null, ""global_call_limiter"" : 6, ""scl_id"" : null, ""number_pre_analysis_name"" : ""CLI_FRA_Default"", ""trusted_cli_policy"" : false, ""calling_cli_match_all_sites"" : false, ""equipment_type"" : ""SIPDA"", ""calling_site_cli_algo"" : ""DIV_FROM""}"
10008890,58066,"{""id"" : 58066, ""name"" : ""2251348"", ""t1t7"" : ""2251348"", ""vpn_id"" : ""10008890"", ""id_default_site"" : 348276, ""csp_customer_identifier"" : null, ""global_call_limiter"" : null, ""scl_id"" : null, ""number_pre_analysis_name"" : ""GENERIC_CLI_PROCESSING"", ""trusted_cli_policy"" : false, ""calling_cli_match_all_sites"" : false, ""equipment_type"" : ""SIPDA"", ""calling_site_cli_algo"" : ""DIV_FROM""}"
3103,42227,"{""id"" : 42227, ""name"" : ""PGVA1036"", ""t1t7"" : ""2385115"", ""vpn_id"" : ""3103"", ""id_default_site"" : 41273, ""csp_customer_identifier"" : null, ""global_call_limiter"" : 20, ""scl_id"" : null, ""number_pre_analysis_name"" : ""CLI_CHE_Default"", ""trusted_cli_policy"" : false, ""calling_cli_match_all_sites"" : false, ""equipment_type"" : ""SIPDA"", ""calling_site_cli_algo"" : ""DIV_FROM""}"
10003090,130865,"{""id"" : 130865, ""name"" : ""2225136"", ""t1t7"" : ""2225136"", ""vpn_id"" : ""10003090"", ""id_default_site"" : 206235, ""csp_customer_identifier"" : null, ""global_call_limiter"" : null, ""scl_id"" : null, ""number_pre_analysis_name"" : ""CLI_FRA_Default"", ""trusted_cli_policy"" : false, ""calling_cli_match_all_sites"" : false, ""equipment_type"" : ""SIPDA"", ""calling_site_cli_algo"" : ""DIV_FROM""}"
10003060,133983,"{""id"" : 133983, ""name"" : ""2225112"", ""t1t7"" : ""2225112"", ""vpn_id"" : ""10003060"", ""id_default_site"" : 210698, ""csp_customer_identifier"" : null, ""global_call_limiter"" : null, ""scl_id"" : null, ""number_pre_analysis_name"" : ""CLI_FRA_Default"", ""trusted_cli_policy"" : false, ""calling_cli_match_all_sites"" : false, ""equipment_type"" : ""SIPDA"", ""calling_site_cli_algo"" : ""DIV_FROM""}"
10015395,67809,"{""id"" : 67809, ""name"" : ""2316543"", ""t1t7"" : ""2316543"", ""vpn_id"" : ""10015395"", ""id_default_site"" : 408674, ""csp_customer_identifier"" : null, ""global_call_limiter"" : null, ""scl_id"" : null, ""number_pre_analysis_name"" : ""CLI_FRA_Default"", ""trusted_cli_policy"" : false, ""calling_cli_match_all_sites"" : false, ""equipment_type"" : ""SIPDA"", ""calling_site_cli_algo"" : ""DIV_FROM""}"
10003120,146290,"{""id"" : 146290, ""name"" : ""2225725"", ""t1t7"" : ""2225725"", ""vpn_id"" : ""10003120"", ""id_default_site"" : 226101, ""csp_customer_identifier"" : null, ""global_call_limiter"" : null, ""scl_id"" : null, ""number_pre_analysis_name"" : ""CLI_FRA_Default"", ""trusted_cli_policy"" : false, ""calling_cli_match_all_sites"" : false, ""equipment_type"" : ""SIPDA"", ""calling_site_cli_algo"" : ""DIV_FROM""}"
10000127,66959,"{""id"" : 66959, ""name"" : ""2218605"", ""t1t7"" : ""2218605"", ""vpn_id"" : ""10000127"", ""id_default_site"" : 403385, ""csp_customer_identifier"" : null, ""global_call_limiter"" : null, ""scl_id"" : null, ""number_pre_analysis_name"" : ""CLI_FRA_Default"", ""trusted_cli_policy"" : false, ""calling_cli_match_all_sites"" : false, ""equipment_type"" : ""SIPDA"", ""calling_site_cli_algo"" : ""DIV_FROM""}"
10013666,57300,"{""id"" : 57300, ""name"" : ""2316315"", ""t1t7"" : ""2316315"", ""vpn_id"" : ""10013666"", ""id_default_site"" : 346070, ""csp_customer_identifier"" : null, ""global_call_limiter"" : null, ""scl_id"" : null, ""number_pre_analysis_name"" : ""CLI_FRA_Default"", ""trusted_cli_policy"" : false, ""calling_cli_match_all_sites"" : false, ""equipment_type"" : ""SIPDA"", ""calling_site_cli_algo"" : ""DIV_FROM""}"
10014893,61581,"{""id"" : 61581, ""name"" : ""2315997"", ""t1t7"" : ""2315997"", ""vpn_id"" : ""10014893"", ""id_default_site"" : 363232, ""csp_customer_identifier"" : null, ""global_call_limiter"" : null, ""scl_id"" : null, ""number_pre_analysis_name"" : ""CLI_FRA_Default"", ""trusted_cli_policy"" : false, ""calling_cli_match_all_sites"" : false, ""equipment_type"" : ""SIPDA"", ""calling_site_cli_algo"" : ""DIV_FROM""}"
4861,60580,"{""id"" : 60580, ""name"" : ""ZZZ_SIPCAN_APAC"", ""t1t7"" : ""4861964"", ""vpn_id"" : ""4861"", ""id_default_site"" : 357353, ""csp_customer_identifier"" : null, ""global_call_limiter"" : null, ""scl_id"" : null, ""number_pre_analysis_name"" : ""GENERIC_CLI_PROCESSING"", ""trusted_cli_policy"" : false, ""calling_cli_match_all_sites"" : false, ""equipment_type"" : ""SIPDA"", ""calling_site_cli_algo"" : ""DIV_FROM""}"
10010781,27581,"{""id"" : 27581, ""name"" : ""5105229"", ""t1t7"" : ""5105229"", ""vpn_id"" : ""10010781"", ""id_default_site"" : 215601, ""csp_customer_identifier"" : null, ""global_call_limiter"" : null, ""scl_id"" : null, ""number_pre_analysis_name"" : ""CLI_FRA_Default"", ""trusted_cli_policy"" : false, ""calling_cli_match_all_sites"" : false, ""equipment_type"" : ""SIPDA"", ""calling_site_cli_algo"" : ""DIV_FROM""}"
10005943,52459,"{""id"" : 52459, ""name"" : ""2250469"", ""t1t7"" : ""2250469"", ""vpn_id"" : ""10005943"", ""id_default_site"" : 323366, ""csp_customer_identifier"" : null, ""global_call_limiter"" : null, ""scl_id"" : null, ""number_pre_analysis_name"" : ""CLI_FRA_Default"", ""trusted_cli_policy"" : false, ""calling_cli_match_all_sites"" : false, ""equipment_type"" : ""SIPDA"", ""calling_site_cli_algo"" : ""DIV_FROM""}"
10003816,161481,"{""id"" : 161481, ""name"" : ""2240581"", ""t1t7"" : ""2240581"", ""vpn_id"" : ""10003816"", ""id_default_site"" : 246853, ""csp_customer_identifier"" : null, ""global_call_limiter"" : null, ""scl_id"" : null, ""number_pre_analysis_name"" : ""CLI_FRA_Default"", ""trusted_cli_policy"" : false, ""calling_cli_match_all_sites"" : false, ""equipment_type"" : ""SIPDA"", ""calling_site_cli_algo"" : ""DIV_FROM""}"
10008890,63400,"{""id"" : 63400, ""name"" : ""2251360"", ""t1t7"" : ""2251360"", ""vpn_id"" : ""10008890"", ""id_default_site"" : 374951, ""csp_customer_identifier"" : null, ""global_call_limiter"" : null, ""scl_id"" : null, ""number_pre_analysis_name"" : ""CLI_FRA_Default"", ""trusted_cli_policy"" : false, ""calling_cli_match_all_sites"" : false, ""equipment_type"" : ""SIPDA"", ""calling_site_cli_algo"" : ""DIV_FROM""}"
4297,86723,"{""id"" : 86723, ""name"" : ""2330611"", ""t1t7"" : ""2330611"", ""vpn_id"" : ""4297"", ""id_default_site"" : 18309, ""csp_customer_identifier"" : null, ""global_call_limiter"" : null, ""scl_id"" : null, ""number_pre_analysis_name"" : ""CLI_FRA_Default"", ""trusted_cli_policy"" : false, ""calling_cli_match_all_sites"" : false, ""equipment_type"" : ""SIPDA"", ""calling_site_cli_algo"" : ""DIV_FROM""}"
10018764,68582,"{""id"" : 68582, ""name"" : ""2315457"", ""t1t7"" : ""2315457"", ""vpn_id"" : ""10018764"", ""id_default_site"" : 414026, ""csp_customer_identifier"" : null, ""global_call_limiter"" : null, ""scl_id"" : null, ""number_pre_analysis_name"" : ""CLI_FRA_Default"", ""trusted_cli_policy"" : false, ""calling_cli_match_all_sites"" : false, ""equipment_type"" : ""SIPDA"", ""calling_site_cli_algo"" : ""DIV_FROM""}"
10013953,66801,"{""id"" : 66801, ""name"" : ""2350192"", ""t1t7"" : ""2350192"", ""vpn_id"" : ""10013953"", ""id_default_site"" : 402583, ""csp_customer_identifier"" : null, ""global_call_limiter"" : null, ""scl_id"" : null, ""number_pre_analysis_name"" : ""CLI_FRA_Default"", ""trusted_cli_policy"" : false, ""calling_cli_match_all_sites"" : false, ""equipment_type"" : ""SIPDA"", ""calling_site_cli_algo"" : ""DIV_FROM""}"
3634,61111,"{""id"" : 61111, ""name"" : ""Russia-DR"", ""t1t7"" : ""2400168"", ""vpn_id"" : ""3634"", ""id_default_site"" : 334940, ""csp_customer_identifier"" : null, ""global_call_limiter"" : 20, ""scl_id"" : null, ""number_pre_analysis_name"" : ""GENERIC_CLI_PROCESSING"", ""trusted_cli_policy"" : false, ""calling_cli_match_all_sites"" : false, ""equipment_type"" : ""SIPDA"", ""calling_site_cli_algo"" : ""DIV_FROM""}"
10005946,17401,"{""id"" : 17401, ""name"" : ""2251154"", ""t1t7"" : ""2251154"", ""vpn_id"" : ""10005946"", ""id_default_site"" : 35063, ""csp_customer_identifier"" : null, ""global_call_limiter"" : null, ""scl_id"" : null, ""number_pre_analysis_name"" : ""CLI_FRA_Default"", ""trusted_cli_policy"" : false, ""calling_cli_match_all_sites"" : false, ""equipment_type"" : ""SIPDA"", ""calling_site_cli_algo"" : ""DIV_FROM""}"
10014028,59365,"{""id"" : 59365, ""name"" : ""2223226"", ""t1t7"" : ""2223226"", ""vpn_id"" : ""10014028"", ""id_default_site"" : 352301, ""csp_customer_identifier"" : null, ""global_call_limiter"" : null, ""scl_id"" : null, ""number_pre_analysis_name"" : ""CLI_FRA_Default"", ""trusted_cli_policy"" : false, ""calling_cli_match_all_sites"" : false, ""equipment_type"" : ""SIPDA"", ""calling_site_cli_algo"" : ""DIV_FROM""}"
10004708,50634,"{""id"" : 50634, ""name"" : ""2245278"", ""t1t7"" : ""2245278"", ""vpn_id"" : ""10004708"", ""id_default_site"" : 35223, ""csp_customer_identifier"" : null, ""global_call_limiter"" : null, ""scl_id"" : null, ""number_pre_analysis_name"" : ""CLI_FRA_Default"", ""trusted_cli_policy"" : false, ""calling_cli_match_all_sites"" : false, ""equipment_type"" : ""SIPDA"", ""calling_site_cli_algo"" : ""DIV_FROM""}"
10017463,72465,"{""id"" : 72465, ""name"" : ""2315365"", ""t1t7"" : ""2315365"", ""vpn_id"" : ""10017463"", ""id_default_site"" : 439639, ""csp_customer_identifier"" : null, ""global_call_limiter"" : null, ""scl_id"" : null, ""number_pre_analysis_name"" : ""CLI_FRA_Default"", ""trusted_cli_policy"" : false, ""calling_cli_match_all_sites"" : false, ""equipment_type"" : ""SIPDA"", ""calling_site_cli_algo"" : ""DIV_FROM""}"
10009056,69385,"{""id"" : 69385, ""name"" : ""2214949"", ""t1t7"" : ""2214949"", ""vpn_id"" : ""10009056"", ""id_default_site"" : 419390, ""csp_customer_identifier"" : null, ""global_call_limiter"" : null, ""scl_id"" : null, ""number_pre_analysis_name"" : ""CLI_FRA_Default"", ""trusted_cli_policy"" : false, ""calling_cli_match_all_sites"" : false, ""equipment_type"" : ""SIPDA"", ""calling_site_cli_algo"" : ""DIV_FROM""}"
10003590,69215,"{""id"" : 69215, ""name"" : ""2265127"", ""t1t7"" : ""2265127"", ""vpn_id"" : ""10003590"", ""id_default_site"" : 418856, ""csp_customer_identifier"" : null, ""global_call_limiter"" : null, ""scl_id"" : null, ""number_pre_analysis_name"" : ""CLI_FRA_Default"", ""trusted_cli_policy"" : false, ""calling_cli_match_all_sites"" : false, ""equipment_type"" : ""SIPDA"", ""calling_site_cli_algo"" : ""DIV_FROM""}"
4125,46714,"{""id"" : 46714, ""name"" : ""2315108"", ""t1t7"" : ""2315108"", ""vpn_id"" : ""4125"", ""id_default_site"" : 13559, ""csp_customer_identifier"" : null, ""global_call_limiter"" : null, ""scl_id"" : null, ""number_pre_analysis_name"" : ""CLI_FRA_Default"", ""trusted_cli_policy"" : false, ""calling_cli_match_all_sites"" : false, ""equipment_type"" : ""SIPDA"", ""calling_site_cli_algo"" : ""DIV_FROM""}"
10004312,50191,"{""id"" : 50191, ""name"" : ""2351435"", ""t1t7"" : ""2351435"", ""vpn_id"" : ""10004312"", ""id_default_site"" : 316904, ""csp_customer_identifier"" : null, ""global_call_limiter"" : null, ""scl_id"" : null, ""number_pre_analysis_name"" : ""GENERIC_CLI_PROCESSING"", ""trusted_cli_policy"" : false, ""calling_cli_match_all_sites"" : false, ""equipment_type"" : ""SIPDA"", ""calling_site_cli_algo"" : ""DIV_FROM""}"
10002292,59665,"{""id"" : 59665, ""name"" : ""2336530"", ""t1t7"" : ""2336530"", ""vpn_id"" : ""10002292"", ""id_default_site"" : 353394, ""csp_customer_identifier"" : null, ""global_call_limiter"" : null, ""scl_id"" : null, ""number_pre_analysis_name"" : ""CLI_FRA_Default"", ""trusted_cli_policy"" : false, ""calling_cli_match_all_sites"" : false, ""equipment_type"" : ""SIPDA"", ""calling_site_cli_algo"" : ""DIV_FROM""}"
7036,61670,"{""id"" : 61670, ""name"" : ""Trk_EUR_CHE_2363505"", ""t1t7"" : ""2363505"", ""vpn_id"" : ""7036"", ""id_default_site"" : -1, ""csp_customer_identifier"" : null, ""global_call_limiter"" : 100, ""scl_id"" : null, ""number_pre_analysis_name"" : ""CLI_AUT_Default"", ""trusted_cli_policy"" : false, ""calling_cli_match_all_sites"" : false, ""equipment_type"" : ""SIPDA"", ""calling_site_cli_algo"" : ""DIV_FROM""}"
10008155,60305,"{""id"" : 60305, ""name"" : ""2251390"", ""t1t7"" : ""2251390"", ""vpn_id"" : ""10008155"", ""id_default_site"" : 356167, ""csp_customer_identifier"" : null, ""global_call_limiter"" : null, ""scl_id"" : null, ""number_pre_analysis_name"" : ""CLI_FRA_Default"", ""trusted_cli_policy"" : false, ""calling_cli_match_all_sites"" : false, ""equipment_type"" : ""SIPDA"", ""calling_site_cli_algo"" : ""DIV_FROM""}"
3949,39995,"{""id"" : 39995, ""name"" : ""2305267"", ""t1t7"" : ""2305267"", ""vpn_id"" : ""3949"", ""id_default_site"" : 45070, ""csp_customer_identifier"" : null, ""global_call_limiter"" : null, ""scl_id"" : null, ""number_pre_analysis_name"" : ""CLI_FRA_Default"", ""trusted_cli_policy"" : false, ""calling_cli_match_all_sites"" : false, ""equipment_type"" : ""SIPDA"", ""calling_site_cli_algo"" : ""DIV_FROM""}"
10005157,71079,"{""id"" : 71079, ""name"" : ""2245758"", ""t1t7"" : ""2245758"", ""vpn_id"" : ""10005157"", ""id_default_site"" : 430522, ""csp_customer_identifier"" : null, ""global_call_limiter"" : null, ""scl_id"" : null, ""number_pre_analysis_name"" : ""CLI_FRA_Default"", ""trusted_cli_policy"" : false, ""calling_cli_match_all_sites"" : false, ""equipment_type"" : ""SIPDA"", ""calling_site_cli_algo"" : ""DIV_FROM""}"
3610,4661,"{""id"" : 4661, ""name"" : ""305_Pune"", ""t1t7"" : ""2395104"", ""vpn_id"" : ""3610"", ""id_default_site"" : -1, ""csp_customer_identifier"" : null, ""global_call_limiter"" : null, ""scl_id"" : null, ""number_pre_analysis_name"" : ""CLI_IND_Default"", ""trusted_cli_policy"" : false, ""calling_cli_match_all_sites"" : false, ""equipment_type"" : ""SIPDA"", ""calling_site_cli_algo"" : ""DIV_FROM""}"
10003565,143711,"{""id"" : 143711, ""name"" : ""2235724"", ""t1t7"" : ""2235724"", ""vpn_id"" : ""10003565"", ""id_default_site"" : 222278, ""csp_customer_identifier"" : null, ""global_call_limiter"" : null, ""scl_id"" : null, ""number_pre_analysis_name"" : ""CLI_FRA_Default"", ""trusted_cli_policy"" : false, ""calling_cli_match_all_sites"" : false, ""equipment_type"" : ""SIPDA"", ""calling_site_cli_algo"" : ""DIV_FROM""}"
10003315,151842,"{""id"" : 151842, ""name"" : ""2235063"", ""t1t7"" : ""2235063"", ""vpn_id"" : ""10003315"", ""id_default_site"" : 233633, ""csp_customer_identifier"" : null, ""global_call_limiter"" : null, ""scl_id"" : null, ""number_pre_analysis_name"" : ""CLI_FRA_Default"", ""trusted_cli_policy"" : false, ""calling_cli_match_all_sites"" : false, ""equipment_type"" : ""SIPDA"", ""calling_site_cli_algo"" : ""DIV_FROM""}"
10008128,54935,"{""id"" : 54935, ""name"" : ""2250945"", ""t1t7"" : ""2250945"", ""vpn_id"" : ""10008128"", ""id_default_site"" : 335530, ""csp_customer_identifier"" : null, ""global_call_limiter"" : null, ""scl_id"" : null, ""number_pre_analysis_name"" : ""CLI_FRA_Default"", ""trusted_cli_policy"" : false, ""calling_cli_match_all_sites"" : false, ""equipment_type"" : ""SIPDA"", ""calling_site_cli_algo"" : ""DIV_FROM""}"
10007114,54696,"{""id"" : 54696, ""name"" : ""2250015"", ""t1t7"" : ""2250015"", ""vpn_id"" : ""10007114"", ""id_default_site"" : 334356, ""csp_customer_identifier"" : null, ""global_call_limiter"" : null, ""scl_id"" : null, ""number_pre_analysis_name"" : ""CLI_FRA_Default"", ""trusted_cli_policy"" : false, ""calling_cli_match_all_sites"" : false, ""equipment_type"" : ""SIPDA"", ""calling_site_cli_algo"" : ""DIV_FROM""}"
10003572,145904,"{""id"" : 145904, ""name"" : ""2235737"", ""t1t7"" : ""2235737"", ""vpn_id"" : ""10003572"", ""id_default_site"" : 225382, ""csp_customer_identifier"" : null, ""global_call_limiter"" : null, ""scl_id"" : null, ""number_pre_analysis_name"" : ""CLI_FRA_Default"", ""trusted_cli_policy"" : false, ""calling_cli_match_all_sites"" : false, ""equipment_type"" : ""SIPDA"", ""calling_site_cli_algo"" : ""DIV_FROM""}"
10002142,63743,"{""id"" : 63743, ""name"" : ""2214560"", ""t1t7"" : ""2214560"", ""vpn_id"" : ""10002142"", ""id_default_site"" : 377305, ""csp_customer_identifier"" : null, ""global_call_limiter"" : null, ""scl_id"" : null, ""number_pre_analysis_name"" : ""CLI_FRA_Default"", ""trusted_cli_policy"" : false, ""calling_cli_match_all_sites"" : false, ""equipment_type"" : ""SIPDA"", ""calling_site_cli_algo"" : ""DIV_FROM""}"
3305,82443,"{""id"" : 82443, ""name"" : ""2330245"", ""t1t7"" : ""2330245"", ""vpn_id"" : ""3305"", ""id_default_site"" : 7161, ""csp_customer_identifier"" : null, ""global_call_limiter"" : null, ""scl_id"" : null, ""number_pre_analysis_name"" : ""CLI_FRA_Default"", ""trusted_cli_policy"" : false, ""calling_cli_match_all_sites"" : false, ""equipment_type"" : ""SIPDA"", ""calling_site_cli_algo"" : ""DIV_FROM""}"
10010062,56800,"{""id"" : 56800, ""name"" : ""2251313"", ""t1t7"" : ""2251313"", ""vpn_id"" : ""10010062"", ""id_default_site"" : 343685, ""csp_customer_identifier"" : null, ""global_call_limiter"" : null, ""scl_id"" : null, ""number_pre_analysis_name"" : ""CLI_FRA_Default"", ""trusted_cli_policy"" : false, ""calling_cli_match_all_sites"" : false, ""equipment_type"" : ""SIPDA"", ""calling_site_cli_algo"" : ""DIV_FROM""}"
10004774,50129,"{""id"" : 50129, ""name"" : ""2245398"", ""t1t7"" : ""2245398"", ""vpn_id"" : ""10004774"", ""id_default_site"" : 316683, ""csp_customer_identifier"" : null, ""global_call_limiter"" : null, ""scl_id"" : null, ""number_pre_analysis_name"" : ""CLI_FRA_Default"", ""trusted_cli_policy"" : false, ""calling_cli_match_all_sites"" : false, ""equipment_type"" : ""SIPDA"", ""calling_site_cli_algo"" : ""DIV_FROM""}"
4846,132121,"{""id"" : 132121, ""name"" : ""ISIN4429_SHP"", ""t1t7"" : ""2385480"", ""vpn_id"" : ""4846"", ""id_default_site"" : 207575, ""csp_customer_identifier"" : null, ""global_call_limiter"" : null, ""scl_id"" : null, ""number_pre_analysis_name"" : ""CLI_SGP_Default"", ""trusted_cli_policy"" : false, ""calling_cli_match_all_sites"" : false, ""equipment_type"" : ""SIPDA"", ""calling_site_cli_algo"" : ""DIV_FROM""}"
4762,70677,"{""id"" : 70677, ""name"" : ""TWN_GW"", ""t1t7"" : ""2365096"", ""vpn_id"" : ""4762"", ""id_default_site"" : 432546, ""csp_customer_identifier"" : null, ""global_call_limiter"" : 10, ""scl_id"" : null, ""number_pre_analysis_name"" : ""GENERIC_CLI_PROCESSING"", ""trusted_cli_policy"" : false, ""calling_cli_match_all_sites"" : false, ""equipment_type"" : ""SIPDA"", ""calling_site_cli_algo"" : ""DIV_FROM""}"
7292,67431,"{""id"" : 67431, ""name"" : ""OPC_APAC_8986042"", ""t1t7"" : ""8986042"", ""vpn_id"" : ""7292"", ""id_default_site"" : -1, ""csp_customer_identifier"" : null, ""global_call_limiter"" : 30, ""scl_id"" : null, ""number_pre_analysis_name"" : ""GENERIC_CLI_PROCESSING"", ""trusted_cli_policy"" : false, ""calling_cli_match_all_sites"" : false, ""equipment_type"" : ""SIPDA"", ""calling_site_cli_algo"" : ""DIV_FROM""}"
3274,62983,"{""id"" : 62983, ""name"" : ""AVG_SIPCAN_EUMA"", ""t1t7"" : ""3274893"", ""vpn_id"" : ""3274"", ""id_default_site"" : 372651, ""csp_customer_identifier"" : null, ""global_call_limiter"" : null, ""scl_id"" : null, ""number_pre_analysis_name"" : ""GENERIC_CLI_PROCESSING"", ""trusted_cli_policy"" : false, ""calling_cli_match_all_sites"" : false, ""equipment_type"" : ""SIPDA"", ""calling_site_cli_algo"" : ""DIV_FROM""}"
5833,65081,"{""id"" : 65081, ""name"" : ""2320718"", ""t1t7"" : ""2320718"", ""vpn_id"" : ""5833"", ""id_default_site"" : 67634, ""csp_customer_identifier"" : null, ""global_call_limiter"" : null, ""scl_id"" : null, ""number_pre_analysis_name"" : ""CLI_FRA_Default"", ""trusted_cli_policy"" : false, ""calling_cli_match_all_sites"" : false, ""equipment_type"" : ""SIPDA"", ""calling_site_cli_algo"" : ""DIV_FROM""}"
10003629,145933,"{""id"" : 145933, ""name"" : ""2240243"", ""t1t7"" : ""2240243"", ""vpn_id"" : ""10003629"", ""id_default_site"" : 225469, ""csp_customer_identifier"" : null, ""global_call_limiter"" : null, ""scl_id"" : null, ""number_pre_analysis_name"" : ""CLI_FRA_Default"", ""trusted_cli_policy"" : false, ""calling_cli_match_all_sites"" : false, ""equipment_type"" : ""SIPDA"", ""calling_site_cli_algo"" : ""DIV_FROM""}"
3369,145522,"{""id"" : 145522, ""name"" : ""2320101"", ""t1t7"" : ""2320101"", ""vpn_id"" : ""3369"", ""id_default_site"" : 224755, ""csp_customer_identifier"" : null, ""global_call_limiter"" : null, ""scl_id"" : null, ""number_pre_analysis_name"" : ""CLI_FRA_Default"", ""trusted_cli_policy"" : false, ""calling_cli_match_all_sites"" : false, ""equipment_type"" : ""SIPDA"", ""calling_site_cli_algo"" : ""DIV_FROM""}"
10003418,138762,"{""id"" : 138762, ""name"" : ""2235447"", ""t1t7"" : ""2235447"", ""vpn_id"" : ""10003418"", ""id_default_site"" : 216394, ""csp_customer_identifier"" : null, ""global_call_limiter"" : null, ""scl_id"" : null, ""number_pre_analysis_name"" : ""CLI_FRA_Default"", ""trusted_cli_policy"" : false, ""calling_cli_match_all_sites"" : false, ""equipment_type"" : ""SIPDA"", ""calling_site_cli_algo"" : ""DIV_FROM""}"
10016102,62075,"{""id"" : 62075, ""name"" : ""2246617"", ""t1t7"" : ""2246617"", ""vpn_id"" : ""10016102"", ""id_default_site"" : 366918, ""csp_customer_identifier"" : null, ""global_call_limiter"" : null, ""scl_id"" : null, ""number_pre_analysis_name"" : ""CLI_FRA_Default"", ""trusted_cli_policy"" : false, ""calling_cli_match_all_sites"" : false, ""equipment_type"" : ""SIPDA"", ""calling_site_cli_algo"" : ""DIV_FROM""}"
5262,46243,"{""id"" : 46243, ""name"" : ""2310420"", ""t1t7"" : ""2310420"", ""vpn_id"" : ""5262"", ""id_default_site"" : 24886, ""csp_customer_identifier"" : null, ""global_call_limiter"" : null, ""scl_id"" : null, ""number_pre_analysis_name"" : ""CLI_FRA_Default"", ""trusted_cli_policy"" : false, ""calling_cli_match_all_sites"" : false, ""equipment_type"" : ""SIPDA"", ""calling_site_cli_algo"" : ""DIV_FROM""}"
10011850,21401,"{""id"" : 21401, ""name"" : ""2214476"", ""t1t7"" : ""2214476"", ""vpn_id"" : ""10011850"", ""id_default_site"" : 174223, ""csp_customer_identifier"" : null, ""global_call_limiter"" : null, ""scl_id"" : null, ""number_pre_analysis_name"" : ""CLI_FRA_Default"", ""trusted_cli_policy"" : false, ""calling_cli_match_all_sites"" : false, ""equipment_type"" : ""SIPDA"", ""calling_site_cli_algo"" : ""DIV_FROM""}"
5106,53448,"{""id"" : 53448, ""name"" : ""2320021"", ""t1t7"" : ""2320021"", ""vpn_id"" : ""5106"", ""id_default_site"" : 53148, ""csp_customer_identifier"" : null, ""global_call_limiter"" : null, ""scl_id"" : null, ""number_pre_analysis_name"" : ""CLI_FRA_Default"", ""trusted_cli_policy"" : false, ""calling_cli_match_all_sites"" : false, ""equipment_type"" : ""SIPDA"", ""calling_site_cli_algo"" : ""DIV_FROM""}"
6334,117561,"{""id"" : 117561, ""name"" : ""2216598"", ""t1t7"" : ""2216598"", ""vpn_id"" : ""6334"", ""id_default_site"" : 41064, ""csp_customer_identifier"" : null, ""global_call_limiter"" : null, ""scl_id"" : null, ""number_pre_analysis_name"" : ""CLI_FRA_Default"", ""trusted_cli_policy"" : false, ""calling_cli_match_all_sites"" : false, ""equipment_type"" : ""SIPDA"", ""calling_site_cli_algo"" : ""DIV_FROM""}"
7222,64727,"{""id"" : 64727, ""name"" : ""Nice_AMER_8964007"", ""t1t7"" : ""8964007"", ""vpn_id"" : ""7222"", ""id_default_site"" : 389241, ""csp_customer_identifier"" : null, ""global_call_limiter"" : 250, ""scl_id"" : null, ""number_pre_analysis_name"" : ""GENERIC_CLI_PROCESSING"", ""trusted_cli_policy"" : false, ""calling_cli_match_all_sites"" : false, ""equipment_type"" : ""SIPDA"", ""calling_site_cli_algo"" : ""DIV_FROM""}"
10004084,72401,"{""id"" : 72401, ""name"" : ""2350284"", ""t1t7"" : ""2350284"", ""vpn_id"" : ""10004084"", ""id_default_site"" : 439064, ""csp_customer_identifier"" : null, ""global_call_limiter"" : null, ""scl_id"" : null, ""number_pre_analysis_name"" : ""CLI_FRA_Default"", ""trusted_cli_policy"" : false, ""calling_cli_match_all_sites"" : false, ""equipment_type"" : ""SIPDA"", ""calling_site_cli_algo"" : ""DIV_FROM""}"
7352,14702,"{""id"" : 14702, ""name"" : ""wbx_EUR_0025991723"", ""t1t7"" : ""8860415"", ""vpn_id"" : ""7352"", ""id_default_site"" : -1, ""csp_customer_identifier"" : null, ""global_call_limiter"" : 250, ""scl_id"" : null, ""number_pre_analysis_name"" : ""GENERIC_CLI_PROCESSING"", ""trusted_cli_policy"" : false, ""calling_cli_match_all_sites"" : false, ""equipment_type"" : ""SIPDA"", ""calling_site_cli_algo"" : ""DIV_FROM""}"
10004758,49190,"{""id"" : 49190, ""name"" : ""2245353"", ""t1t7"" : ""2245353"", ""vpn_id"" : ""10004758"", ""id_default_site"" : 313182, ""csp_customer_identifier"" : null, ""global_call_limiter"" : null, ""scl_id"" : null, ""number_pre_analysis_name"" : ""CLI_FRA_Default"", ""trusted_cli_policy"" : false, ""calling_cli_match_all_sites"" : false, ""equipment_type"" : ""SIPDA"", ""calling_site_cli_algo"" : ""DIV_FROM""}"
10004239,64281,"{""id"" : 64281, ""name"" : ""2350188"", ""t1t7"" : ""2350188"", ""vpn_id"" : ""10004239"", ""id_default_site"" : 379456, ""csp_customer_identifier"" : null, ""global_call_limiter"" : null, ""scl_id"" : null, ""number_pre_analysis_name"" : ""CLI_FRA_Default"", ""trusted_cli_policy"" : false, ""calling_cli_match_all_sites"" : false, ""equipment_type"" : ""SIPDA"", ""calling_site_cli_algo"" : ""DIV_FROM""}"
10004153,168405,"{""id"" : 168405, ""name"" : ""2350391"", ""t1t7"" : ""2350391"", ""vpn_id"" : ""10004153"", ""id_default_site"" : 255334, ""csp_customer_identifier"" : null, ""global_call_limiter"" : null, ""scl_id"" : null, ""number_pre_analysis_name"" : ""CLI_FRA_Default"", ""trusted_cli_policy"" : false, ""calling_cli_match_all_sites"" : false, ""equipment_type"" : ""SIPDA"", ""calling_site_cli_algo"" : ""DIV_FROM""}"
4852,27661,"{""id"" : 27661, ""name"" : ""opc_NAM_NOAM"", ""t1t7"" : ""8824018"", ""vpn_id"" : ""4852"", ""id_default_site"" : -1, ""csp_customer_identifier"" : null, ""global_call_limiter"" : 10, ""scl_id"" : null, ""number_pre_analysis_name"" : ""GENERIC_CLI_PROCESSING"", ""trusted_cli_policy"" : false, ""calling_cli_match_all_sites"" : false, ""equipment_type"" : ""SIPDA"", ""calling_site_cli_algo"" : ""DIV_FROM""}"
10004908,51754,"{""id"" : 51754, ""name"" : ""2245627"", ""t1t7"" : ""2245627"", ""vpn_id"" : ""10004908"", ""id_default_site"" : 320655, ""csp_customer_identifier"" : null, ""global_call_limiter"" : null, ""scl_id"" : null, ""number_pre_analysis_name"" : ""CLI_FRA_Default"", ""trusted_cli_policy"" : false, ""calling_cli_match_all_sites"" : false, ""equipment_type"" : ""SIPDA"", ""calling_site_cli_algo"" : ""DIV_FROM""}"
3658,66369,"{""id"" : 66369, ""name"" : ""OPC_NAM_8984057"", ""t1t7"" : ""8984057"", ""vpn_id"" : ""3658"", ""id_default_site"" : -1, ""csp_customer_identifier"" : null, ""global_call_limiter"" : 120, ""scl_id"" : null, ""number_pre_analysis_name"" : ""GENERIC_CLI_PROCESSING"", ""trusted_cli_policy"" : false, ""calling_cli_match_all_sites"" : false, ""equipment_type"" : ""SIPDA"", ""calling_site_cli_algo"" : ""DIV_FROM""}"
10005101,53832,"{""id"" : 53832, ""name"" : ""2250587"", ""t1t7"" : ""2250587"", ""vpn_id"" : ""10005101"", ""id_default_site"" : 330586, ""csp_customer_identifier"" : null, ""global_call_limiter"" : null, ""scl_id"" : null, ""number_pre_analysis_name"" : ""CLI_FRA_Default"", ""trusted_cli_policy"" : false, ""calling_cli_match_all_sites"" : false, ""equipment_type"" : ""SIPDA"", ""calling_site_cli_algo"" : ""DIV_FROM""}"
10004588,48777,"{""id"" : 48777, ""name"" : ""2245332"", ""t1t7"" : ""2245332"", ""vpn_id"" : ""10004588"", ""id_default_site"" : 312579, ""csp_customer_identifier"" : null, ""global_call_limiter"" : null, ""scl_id"" : null, ""number_pre_analysis_name"" : ""CLI_FRA_Default"", ""trusted_cli_policy"" : false, ""calling_cli_match_all_sites"" : false, ""equipment_type"" : ""SIPDA"", ""calling_site_cli_algo"" : ""DIV_FROM""}"
7352,13401,"{""id"" : 13401, ""name"" : ""wbx_EUR_0026014416"", ""t1t7"" : ""8860399"", ""vpn_id"" : ""7352"", ""id_default_site"" : -1, ""csp_customer_identifier"" : null, ""global_call_limiter"" : 250, ""scl_id"" : null, ""number_pre_analysis_name"" : ""GENERIC_CLI_PROCESSING"", ""trusted_cli_policy"" : false, ""calling_cli_match_all_sites"" : false, ""equipment_type"" : ""SIPDA"", ""calling_site_cli_algo"" : ""DIV_FROM""}"
10002046,54669,"{""id"" : 54669, ""name"" : ""2225572"", ""t1t7"" : ""2225572"", ""vpn_id"" : ""10002046"", ""id_default_site"" : 334326, ""csp_customer_identifier"" : null, ""global_call_limiter"" : null, ""scl_id"" : null, ""number_pre_analysis_name"" : ""CLI_FRA_Default"", ""trusted_cli_policy"" : false, ""calling_cli_match_all_sites"" : false, ""equipment_type"" : ""SIPDA"", ""calling_site_cli_algo"" : ""DIV_FROM""}"
10009219,72685,"{""id"" : 72685, ""name"" : ""5104127"", ""t1t7"" : ""5104127"", ""vpn_id"" : ""10009219"", ""id_default_site"" : 440851, ""csp_customer_identifier"" : null, ""global_call_limiter"" : null, ""scl_id"" : null, ""number_pre_analysis_name"" : ""CLI_FRA_Default"", ""trusted_cli_policy"" : false, ""calling_cli_match_all_sites"" : false, ""equipment_type"" : ""SIPDA"", ""calling_site_cli_algo"" : ""DIV_FROM""}"
10002165,146184,"{""id"" : 146184, ""name"" : ""2338000"", ""t1t7"" : ""2338000"", ""vpn_id"" : ""10002165"", ""id_default_site"" : 225943, ""csp_customer_identifier"" : null, ""global_call_limiter"" : 2, ""scl_id"" : null, ""number_pre_analysis_name"" : ""CLI_FRA_Default"", ""trusted_cli_policy"" : false, ""calling_cli_match_all_sites"" : false, ""equipment_type"" : ""SIPDA"", ""calling_site_cli_algo"" : ""DIV_FROM""}"
10001014,59580,"{""id"" : 59580, ""name"" : ""2218141"", ""t1t7"" : ""2218141"", ""vpn_id"" : ""10001014"", ""id_default_site"" : 353171, ""csp_customer_identifier"" : null, ""global_call_limiter"" : null, ""scl_id"" : null, ""number_pre_analysis_name"" : ""CLI_FRA_Default"", ""trusted_cli_policy"" : false, ""calling_cli_match_all_sites"" : false, ""equipment_type"" : ""SIPDA"", ""calling_site_cli_algo"" : ""DIV_FROM""}"
10012369,63989,"{""id"" : 63989, ""name"" : ""2315569"", ""t1t7"" : ""2315569"", ""vpn_id"" : ""10012369"", ""id_default_site"" : 346895, ""csp_customer_identifier"" : null, ""global_call_limiter"" : null, ""scl_id"" : null, ""number_pre_analysis_name"" : ""CLI_FRA_Default"", ""trusted_cli_policy"" : false, ""calling_cli_match_all_sites"" : false, ""equipment_type"" : ""SIPDA"", ""calling_site_cli_algo"" : ""DIV_FROM""}"
10007153,64110,"{""id"" : 64110, ""name"" : ""2214592"", ""t1t7"" : ""2214592"", ""vpn_id"" : ""10007153"", ""id_default_site"" : 380041, ""csp_customer_identifier"" : null, ""global_call_limiter"" : null, ""scl_id"" : null, ""number_pre_analysis_name"" : ""CLI_FRA_Default"", ""trusted_cli_policy"" : false, ""calling_cli_match_all_sites"" : false, ""equipment_type"" : ""SIPDA"", ""calling_site_cli_algo"" : ""DIV_FROM""}"
7029,70691,"{""id"" : 70691, ""name"" : ""GC_APAC_GEWLJPN3"", ""t1t7"" : ""8801003"", ""vpn_id"" : ""7029"", ""id_default_site"" : -1, ""csp_customer_identifier"" : null, ""global_call_limiter"" : 100, ""scl_id"" : null, ""number_pre_analysis_name"" : ""GENERIC_CLI_PROCESSING"", ""trusted_cli_policy"" : false, ""calling_cli_match_all_sites"" : false, ""equipment_type"" : ""SIPDA"", ""calling_site_cli_algo"" : ""DIV_FROM""}"
10002046,166690,"{""id"" : 166690, ""name"" : ""2328197"", ""t1t7"" : ""2328197"", ""vpn_id"" : ""10002046"", ""id_default_site"" : 252943, ""csp_customer_identifier"" : null, ""global_call_limiter"" : null, ""scl_id"" : null, ""number_pre_analysis_name"" : ""CLI_FRA_Default"", ""trusted_cli_policy"" : false, ""calling_cli_match_all_sites"" : false, ""equipment_type"" : ""SIPDA"", ""calling_site_cli_algo"" : ""DIV_FROM""}"
10003905,48891,"{""id"" : 48891, ""name"" : ""2241026"", ""t1t7"" : ""2241026"", ""vpn_id"" : ""10003905"", ""id_default_site"" : 312703, ""csp_customer_identifier"" : null, ""global_call_limiter"" : null, ""scl_id"" : null, ""number_pre_analysis_name"" : ""CLI_FRA_Default"", ""trusted_cli_policy"" : false, ""calling_cli_match_all_sites"" : false, ""equipment_type"" : ""SIPDA"", ""calling_site_cli_algo"" : ""DIV_FROM""}"
10000121,59169,"{""id"" : 59169, ""name"" : ""2223329"", ""t1t7"" : ""2223329"", ""vpn_id"" : ""10000121"", ""id_default_site"" : 351812, ""csp_customer_identifier"" : null, ""global_call_limiter"" : null, ""scl_id"" : null, ""number_pre_analysis_name"" : ""CLI_FRA_Default"", ""trusted_cli_policy"" : false, ""calling_cli_match_all_sites"" : false, ""equipment_type"" : ""SIPDA"", ""calling_site_cli_algo"" : ""DIV_FROM""}"
10003864,156502,"{""id"" : 156502, ""name"" : ""2240745"", ""t1t7"" : ""2240745"", ""vpn_id"" : ""10003864"", ""id_default_site"" : 239695, ""csp_customer_identifier"" : null, ""global_call_limiter"" : null, ""scl_id"" : null, ""number_pre_analysis_name"" : ""CLI_FRA_Default"", ""trusted_cli_policy"" : false, ""calling_cli_match_all_sites"" : false, ""equipment_type"" : ""SIPDA"", ""calling_site_cli_algo"" : ""DIV_FROM""}"
3673,60994,"{""id"" : 60994, ""name"" : ""SIPCAN_EUMA_HP"", ""t1t7"" : ""3673501"", ""vpn_id"" : ""3673"", ""id_default_site"" : -1, ""csp_customer_identifier"" : null, ""global_call_limiter"" : null, ""scl_id"" : null, ""number_pre_analysis_name"" : ""GBR_Default"", ""trusted_cli_policy"" : false, ""calling_cli_match_all_sites"" : false, ""equipment_type"" : ""SIPDA"", ""calling_site_cli_algo"" : ""DIV_FROM""}"
4914,51379,"{""id"" : 51379, ""name"" : ""PRTM1215"", ""t1t7"" : ""2360284"", ""vpn_id"" : ""4914"", ""id_default_site"" : 223345, ""csp_customer_identifier"" : null, ""global_call_limiter"" : 15, ""scl_id"" : null, ""number_pre_analysis_name"" : ""CLI_NLD_Default"", ""trusted_cli_policy"" : false, ""calling_cli_match_all_sites"" : false, ""equipment_type"" : ""SIPDA"", ""calling_site_cli_algo"" : ""DIV_FROM""}"
10002221,51891,"{""id"" : 51891, ""name"" : ""2222237"", ""t1t7"" : ""2222237"", ""vpn_id"" : ""10002221"", ""id_default_site"" : 336399, ""csp_customer_identifier"" : null, ""global_call_limiter"" : null, ""scl_id"" : null, ""number_pre_analysis_name"" : ""CLI_FRA_Default"", ""trusted_cli_policy"" : false, ""calling_cli_match_all_sites"" : false, ""equipment_type"" : ""SIPDA"", ""calling_site_cli_algo"" : ""DIV_FROM""}"
10002912,124429,"{""id"" : 124429, ""name"" : ""2221757"", ""t1t7"" : ""2221757"", ""vpn_id"" : ""10002912"", ""id_default_site"" : 198926, ""csp_customer_identifier"" : null, ""global_call_limiter"" : null, ""scl_id"" : null, ""number_pre_analysis_name"" : ""CLI_FRA_Default"", ""trusted_cli_policy"" : false, ""calling_cli_match_all_sites"" : false, ""equipment_type"" : ""SIPDA"", ""calling_site_cli_algo"" : ""DIV_FROM""}"
10001050,60983,"{""id"" : 60983, ""name"" : ""2310816"", ""t1t7"" : ""2310816"", ""vpn_id"" : ""10001050"", ""id_default_site"" : 202322, ""csp_customer_identifier"" : null, ""global_call_limiter"" : null, ""scl_id"" : null, ""number_pre_analysis_name"" : ""CLI_FRA_Default"", ""trusted_cli_policy"" : false, ""calling_cli_match_all_sites"" : false, ""equipment_type"" : ""SIPDA"", ""calling_site_cli_algo"" : ""DIV_FROM""}"
10005480,52436,"{""id"" : 52436, ""name"" : ""2250195"", ""t1t7"" : ""2250195"", ""vpn_id"" : ""10005480"", ""id_default_site"" : 323297, ""csp_customer_identifier"" : null, ""global_call_limiter"" : null, ""scl_id"" : null, ""number_pre_analysis_name"" : ""CLI_FRA_Default"", ""trusted_cli_policy"" : false, ""calling_cli_match_all_sites"" : false, ""equipment_type"" : ""SIPDA"", ""calling_site_cli_algo"" : ""DIV_FROM""}"
10008155,56041,"{""id"" : 56041, ""name"" : ""2251386"", ""t1t7"" : ""2251386"", ""vpn_id"" : ""10008155"", ""id_default_site"" : 340315, ""csp_customer_identifier"" : null, ""global_call_limiter"" : null, ""scl_id"" : null, ""number_pre_analysis_name"" : ""CLI_FRA_Default"", ""trusted_cli_policy"" : false, ""calling_cli_match_all_sites"" : false, ""equipment_type"" : ""SIPDA"", ""calling_site_cli_algo"" : ""DIV_FROM""}"
10002911,68586,"{""id"" : 68586, ""name"" : ""2218019"", ""t1t7"" : ""2218019"", ""vpn_id"" : ""10002911"", ""id_default_site"" : 414034, ""csp_customer_identifier"" : null, ""global_call_limiter"" : null, ""scl_id"" : null, ""number_pre_analysis_name"" : ""CLI_FRA_Default"", ""trusted_cli_policy"" : false, ""calling_cli_match_all_sites"" : false, ""equipment_type"" : ""SIPDA"", ""calling_site_cli_algo"" : ""DIV_FROM""}"
10012024,26221,"{""id"" : 26221, ""name"" : ""2223157"", ""t1t7"" : ""2223157"", ""vpn_id"" : ""10012024"", ""id_default_site"" : 208701, ""csp_customer_identifier"" : null, ""global_call_limiter"" : null, ""scl_id"" : null, ""number_pre_analysis_name"" : ""CLI_FRA_Default"", ""trusted_cli_policy"" : false, ""calling_cli_match_all_sites"" : false, ""equipment_type"" : ""SIPDA"", ""calling_site_cli_algo"" : ""DIV_FROM""}"
10003352,144425,"{""id"" : 144425, ""name"" : ""2235324"", ""t1t7"" : ""2235324"", ""vpn_id"" : ""10003352"", ""id_default_site"" : 223302, ""csp_customer_identifier"" : null, ""global_call_limiter"" : null, ""scl_id"" : null, ""number_pre_analysis_name"" : ""CLI_FRA_Default"", ""trusted_cli_policy"" : false, ""calling_cli_match_all_sites"" : false, ""equipment_type"" : ""SIPDA"", ""calling_site_cli_algo"" : ""DIV_FROM""}"
5590,66609,"{""id"" : 66609, ""name"" : ""2218533"", ""t1t7"" : ""2218533"", ""vpn_id"" : ""5590"", ""id_default_site"" : 33622, ""csp_customer_identifier"" : null, ""global_call_limiter"" : null, ""scl_id"" : null, ""number_pre_analysis_name"" : ""CLI_FRA_Default"", ""trusted_cli_policy"" : false, ""calling_cli_match_all_sites"" : false, ""equipment_type"" : ""SIPDA"", ""calling_site_cli_algo"" : ""DIV_FROM""}"
7101,59534,"{""id"" : 59534, ""name"" : ""EMEA_SDNPOPs_Trunk"", ""t1t7"" : ""2360378"", ""vpn_id"" : ""7101"", ""id_default_site"" : 393947, ""csp_customer_identifier"" : null, ""global_call_limiter"" : 200, ""scl_id"" : null, ""number_pre_analysis_name"" : ""CLI_BEL_Default"", ""trusted_cli_policy"" : false, ""calling_cli_match_all_sites"" : false, ""equipment_type"" : ""SIPDA"", ""calling_site_cli_algo"" : ""DIV_FROM""}"
10003462,143347,"{""id"" : 143347, ""name"" : ""2235596"", ""t1t7"" : ""2235596"", ""vpn_id"" : ""10003462"", ""id_default_site"" : 221751, ""csp_customer_identifier"" : null, ""global_call_limiter"" : null, ""scl_id"" : null, ""number_pre_analysis_name"" : ""CLI_FRA_Default"", ""trusted_cli_policy"" : false, ""calling_cli_match_all_sites"" : false, ""equipment_type"" : ""SIPDA"", ""calling_site_cli_algo"" : ""DIV_FROM""}"
10003589,73374,"{""id"" : 73374, ""name"" : ""2223109"", ""t1t7"" : ""2223109"", ""vpn_id"" : ""10003589"", ""id_default_site"" : 444709, ""csp_customer_identifier"" : null, ""global_call_limiter"" : null, ""scl_id"" : null, ""number_pre_analysis_name"" : ""CLI_FRA_Default"", ""trusted_cli_policy"" : false, ""calling_cli_match_all_sites"" : false, ""equipment_type"" : ""SIPDA"", ""calling_site_cli_algo"" : ""DIV_FROM""}"
3993,99901,"{""id"" : 99901, ""name"" : ""PLON8577_2390088"", ""t1t7"" : ""2390088"", ""vpn_id"" : ""3993"", ""id_default_site"" : 52031, ""csp_customer_identifier"" : null, ""global_call_limiter"" : 10, ""scl_id"" : null, ""number_pre_analysis_name"" : ""CLI_GBR_Default"", ""trusted_cli_policy"" : false, ""calling_cli_match_all_sites"" : false, ""equipment_type"" : ""SIPDA"", ""calling_site_cli_algo"" : ""DIV_FROM""}"
10002135,54162,"{""id"" : 54162, ""name"" : ""2336077"", ""t1t7"" : ""2336077"", ""vpn_id"" : ""10002135"", ""id_default_site"" : 332157, ""csp_customer_identifier"" : null, ""global_call_limiter"" : 100, ""scl_id"" : null, ""number_pre_analysis_name"" : ""CLI_FRA_Default"", ""trusted_cli_policy"" : false, ""calling_cli_match_all_sites"" : false, ""equipment_type"" : ""SIPDA"", ""calling_site_cli_algo"" : ""DIV_FROM""}"
10002362,6652,"{""id"" : 6652, ""name"" : ""2340180"", ""t1t7"" : ""2340180"", ""vpn_id"" : ""10002362"", ""id_default_site"" : 19279, ""csp_customer_identifier"" : null, ""global_call_limiter"" : null, ""scl_id"" : null, ""number_pre_analysis_name"" : ""CLI_FRA_Default"", ""trusted_cli_policy"" : false, ""calling_cli_match_all_sites"" : false, ""equipment_type"" : ""SIPDA"", ""calling_site_cli_algo"" : ""DIV_FROM""}"
4574,127761,"{""id"" : 127761, ""name"" : ""PRNE016"", ""t1t7"" : ""2385460"", ""vpn_id"" : ""4574"", ""id_default_site"" : 202673, ""csp_customer_identifier"" : null, ""global_call_limiter"" : 8, ""scl_id"" : null, ""number_pre_analysis_name"" : ""CLI_FRA_Default"", ""trusted_cli_policy"" : false, ""calling_cli_match_all_sites"" : false, ""equipment_type"" : ""SIPDA"", ""calling_site_cli_algo"" : ""DIV_FROM""}"
10016437,68751,"{""id"" : 68751, ""name"" : ""2245089"", ""t1t7"" : ""2245089"", ""vpn_id"" : ""10016437"", ""id_default_site"" : 415523, ""csp_customer_identifier"" : null, ""global_call_limiter"" : null, ""scl_id"" : null, ""number_pre_analysis_name"" : ""CLI_FRA_Default"", ""trusted_cli_policy"" : false, ""calling_cli_match_all_sites"" : false, ""equipment_type"" : ""SIPDA"", ""calling_site_cli_algo"" : ""DIV_FROM""}"
10012959,57604,"{""id"" : 57604, ""name"" : ""2316241"", ""t1t7"" : ""2316241"", ""vpn_id"" : ""10012959"", ""id_default_site"" : 347180, ""csp_customer_identifier"" : null, ""global_call_limiter"" : null, ""scl_id"" : null, ""number_pre_analysis_name"" : ""GENERIC_CLI_PROCESSING"", ""trusted_cli_policy"" : false, ""calling_cli_match_all_sites"" : false, ""equipment_type"" : ""SIPDA"", ""calling_site_cli_algo"" : ""DIV_FROM""}"
10004788,50138,"{""id"" : 50138, ""name"" : ""2293006"", ""t1t7"" : ""2293006"", ""vpn_id"" : ""10004788"", ""id_default_site"" : 316711, ""csp_customer_identifier"" : null, ""global_call_limiter"" : 6500, ""scl_id"" : null, ""number_pre_analysis_name"" : ""CLI_FRA_Default"", ""trusted_cli_policy"" : false, ""calling_cli_match_all_sites"" : false, ""equipment_type"" : ""SIPDA"", ""calling_site_cli_algo"" : ""DIV_FROM""}"
10003599,55818,"{""id"" : 55818, ""name"" : ""2214050"", ""t1t7"" : ""2214050"", ""vpn_id"" : ""10003599"", ""id_default_site"" : 339034, ""csp_customer_identifier"" : null, ""global_call_limiter"" : null, ""scl_id"" : null, ""number_pre_analysis_name"" : ""CLI_FRA_Default"", ""trusted_cli_policy"" : false, ""calling_cli_match_all_sites"" : false, ""equipment_type"" : ""SIPDA"", ""calling_site_cli_algo"" : ""DIV_FROM""}"
10003523,50835,"{""id"" : 50835, ""name"" : ""2235684"", ""t1t7"" : ""2235684"", ""vpn_id"" : ""10003523"", ""id_default_site"" : 37169, ""csp_customer_identifier"" : null, ""global_call_limiter"" : null, ""scl_id"" : null, ""number_pre_analysis_name"" : ""CLI_FRA_Default"", ""trusted_cli_policy"" : false, ""calling_cli_match_all_sites"" : false, ""equipment_type"" : ""SIPDA"", ""calling_site_cli_algo"" : ""DIV_FROM""}"
5771,64759,"{""id"" : 64759, ""name"" : ""2214664"", ""t1t7"" : ""2214664"", ""vpn_id"" : ""5771"", ""id_default_site"" : 385485, ""csp_customer_identifier"" : null, ""global_call_limiter"" : null, ""scl_id"" : null, ""number_pre_analysis_name"" : ""CLI_FRA_Default"", ""trusted_cli_policy"" : false, ""calling_cli_match_all_sites"" : false, ""equipment_type"" : ""SIPDA"", ""calling_site_cli_algo"" : ""DIV_FROM""}"
10002666,114893,"{""id"" : 114893, ""name"" : ""2215463"", ""t1t7"" : ""2215463"", ""vpn_id"" : ""10002666"", ""id_default_site"" : 187230, ""csp_customer_identifier"" : null, ""global_call_limiter"" : null, ""scl_id"" : null, ""number_pre_analysis_name"" : ""CLI_FRA_Default"", ""trusted_cli_policy"" : false, ""calling_cli_match_all_sites"" : false, ""equipment_type"" : ""SIPDA"", ""calling_site_cli_algo"" : ""DIV_FROM""}"
10000376,72344,"{""id"" : 72344, ""name"" : ""2300578"", ""t1t7"" : ""2300578"", ""vpn_id"" : ""10000376"", ""id_default_site"" : 75074, ""csp_customer_identifier"" : null, ""global_call_limiter"" : null, ""scl_id"" : null, ""number_pre_analysis_name"" : ""CLI_FRA_Default"", ""trusted_cli_policy"" : false, ""calling_cli_match_all_sites"" : false, ""equipment_type"" : ""SIPDA"", ""calling_site_cli_algo"" : ""DIV_FROM""}"
7352,3501,"{""id"" : 3501, ""name"" : ""wbx_EUR_0025964694"", ""t1t7"" : ""8860269"", ""vpn_id"" : ""7352"", ""id_default_site"" : -1, ""csp_customer_identifier"" : null, ""global_call_limiter"" : 250, ""scl_id"" : null, ""number_pre_analysis_name"" : ""GENERIC_CLI_PROCESSING"", ""trusted_cli_policy"" : false, ""calling_cli_match_all_sites"" : false, ""equipment_type"" : ""SIPDA"", ""calling_site_cli_algo"" : ""DIV_FROM""}"
3547,175223,"{""id"" : 175223, ""name"" : ""CCVPaaS_LAC_2398015"", ""t1t7"" : ""2398015"", ""vpn_id"" : ""3547"", ""id_default_site"" : -1, ""csp_customer_identifier"" : null, ""global_call_limiter"" : null, ""scl_id"" : null, ""number_pre_analysis_name"" : ""CLI_HUN_Default"", ""trusted_cli_policy"" : false, ""calling_cli_match_all_sites"" : false, ""equipment_type"" : ""SIPDA"", ""calling_site_cli_algo"" : ""DIV_FROM""}"
10003043,177641,"{""id"" : 177641, ""name"" : ""2225757"", ""t1t7"" : ""2225757"", ""vpn_id"" : ""10003043"", ""id_default_site"" : 268137, ""csp_customer_identifier"" : null, ""global_call_limiter"" : null, ""scl_id"" : null, ""number_pre_analysis_name"" : ""CLI_FRA_Default"", ""trusted_cli_policy"" : false, ""calling_cli_match_all_sites"" : false, ""equipment_type"" : ""SIPDA"", ""calling_site_cli_algo"" : ""DIV_FROM""}"
4643,8181,"{""id"" : 8181, ""name"" : ""gsy_FRA_WSP"", ""t1t7"" : ""8800067"", ""vpn_id"" : ""4643"", ""id_default_site"" : 65621, ""csp_customer_identifier"" : null, ""global_call_limiter"" : 35, ""scl_id"" : null, ""number_pre_analysis_name"" : ""GENERIC_CLI_PROCESSING"", ""trusted_cli_policy"" : false, ""calling_cli_match_all_sites"" : false, ""equipment_type"" : ""SIPDA"", ""calling_site_cli_algo"" : ""DIV_FROM""}"
3673,60752,"{""id"" : 60752, ""name"" : ""DXC_APJ_PSIN5265"", ""t1t7"" : ""2365195"", ""vpn_id"" : ""3673"", ""id_default_site"" : -1, ""csp_customer_identifier"" : null, ""global_call_limiter"" : null, ""scl_id"" : null, ""number_pre_analysis_name"" : ""SGP_Default"", ""trusted_cli_policy"" : false, ""calling_cli_match_all_sites"" : false, ""equipment_type"" : ""SIPDA"", ""calling_site_cli_algo"" : ""DIV_FROM""}"
10013692,67254,"{""id"" : 67254, ""name"" : ""2246219"", ""t1t7"" : ""2246219"", ""vpn_id"" : ""10013692"", ""id_default_site"" : -1, ""csp_customer_identifier"" : null, ""global_call_limiter"" : null, ""scl_id"" : null, ""number_pre_analysis_name"" : ""CLI_FRA_Default"", ""trusted_cli_policy"" : false, ""calling_cli_match_all_sites"" : false, ""equipment_type"" : ""SIPDA"", ""calling_site_cli_algo"" : ""DIV_FROM""}"
10003237,133565,"{""id"" : 133565, ""name"" : ""2225428"", ""t1t7"" : ""2225428"", ""vpn_id"" : ""10003237"", ""id_default_site"" : 209843, ""csp_customer_identifier"" : null, ""global_call_limiter"" : null, ""scl_id"" : null, ""number_pre_analysis_name"" : ""CLI_FRA_Default"", ""trusted_cli_policy"" : false, ""calling_cli_match_all_sites"" : false, ""equipment_type"" : ""SIPDA"", ""calling_site_cli_algo"" : ""DIV_FROM""}"
10000862,51722,"{""id"" : 51722, ""name"" : ""2310543"", ""t1t7"" : ""2310543"", ""vpn_id"" : ""10000862"", ""id_default_site"" : 56814, ""csp_customer_identifier"" : null, ""global_call_limiter"" : null, ""scl_id"" : null, ""number_pre_analysis_name"" : ""CLI_FRA_Default"", ""trusted_cli_policy"" : false, ""calling_cli_match_all_sites"" : false, ""equipment_type"" : ""SIPDA"", ""calling_site_cli_algo"" : ""DIV_FROM""}"
10003602,14941,"{""id"" : 14941, ""name"" : ""2350290"", ""t1t7"" : ""2350290"", ""vpn_id"" : ""10003602"", ""id_default_site"" : 122761, ""csp_customer_identifier"" : null, ""global_call_limiter"" : null, ""scl_id"" : null, ""number_pre_analysis_name"" : ""CLI_FRA_Default"", ""trusted_cli_policy"" : false, ""calling_cli_match_all_sites"" : false, ""equipment_type"" : ""SIPDA"", ""calling_site_cli_algo"" : ""DIV_FROM""}"
5106,85601,"{""id"" : 85601, ""name"" : ""2320898"", ""t1t7"" : ""2320898"", ""vpn_id"" : ""5106"", ""id_default_site"" : 95919, ""csp_customer_identifier"" : null, ""global_call_limiter"" : null, ""scl_id"" : null, ""number_pre_analysis_name"" : ""CLI_FRA_Default"", ""trusted_cli_policy"" : false, ""calling_cli_match_all_sites"" : false, ""equipment_type"" : ""SIPDA"", ""calling_site_cli_algo"" : ""DIV_FROM""}"
10005225,63672,"{""id"" : 63672, ""name"" : ""2246019"", ""t1t7"" : ""2246019"", ""vpn_id"" : ""10005225"", ""id_default_site"" : 376975, ""csp_customer_identifier"" : null, ""global_call_limiter"" : null, ""scl_id"" : null, ""number_pre_analysis_name"" : ""CLI_FRA_Default"", ""trusted_cli_policy"" : false, ""calling_cli_match_all_sites"" : false, ""equipment_type"" : ""SIPDA"", ""calling_site_cli_algo"" : ""DIV_FROM""}"
5190,134961,"{""id"" : 134961, ""name"" : ""2235125"", ""t1t7"" : ""2235125"", ""vpn_id"" : ""5190"", ""id_default_site"" : 22167, ""csp_customer_identifier"" : null, ""global_call_limiter"" : null, ""scl_id"" : null, ""number_pre_analysis_name"" : ""CLI_FRA_Default"", ""trusted_cli_policy"" : false, ""calling_cli_match_all_sites"" : false, ""equipment_type"" : ""SIPDA"", ""calling_site_cli_algo"" : ""DIV_FROM""}"
7146,62819,"{""id"" : 62819, ""name"" : ""VDR"", ""t1t7"" : ""2360436"", ""vpn_id"" : ""7146"", ""id_default_site"" : 373867, ""csp_customer_identifier"" : null, ""global_call_limiter"" : 15, ""scl_id"" : null, ""number_pre_analysis_name"" : ""GENERIC_CLI_PROCESSING"", ""trusted_cli_policy"" : false, ""calling_cli_match_all_sites"" : false, ""equipment_type"" : ""SIPDA"", ""calling_site_cli_algo"" : ""DIV_FROM""}"
10008211,60631,"{""id"" : 60631, ""name"" : ""2220082"", ""t1t7"" : ""2220082"", ""vpn_id"" : ""10008211"", ""id_default_site"" : 358072, ""csp_customer_identifier"" : null, ""global_call_limiter"" : null, ""scl_id"" : null, ""number_pre_analysis_name"" : ""CLI_FRA_Default"", ""trusted_cli_policy"" : false, ""calling_cli_match_all_sites"" : false, ""equipment_type"" : ""SIPDA"", ""calling_site_cli_algo"" : ""DIV_FROM""}"
10002284,59502,"{""id"" : 59502, ""name"" : ""2336520"", ""t1t7"" : ""2336520"", ""vpn_id"" : ""10002284"", ""id_default_site"" : 352569, ""csp_customer_identifier"" : null, ""global_call_limiter"" : null, ""scl_id"" : null, ""number_pre_analysis_name"" : ""CLI_FRA_Default"", ""trusted_cli_policy"" : false, ""calling_cli_match_all_sites"" : false, ""equipment_type"" : ""SIPDA"", ""calling_site_cli_algo"" : ""DIV_FROM""}"
3314,129101,"{""id"" : 129101, ""name"" : ""HKG_DC_2395164"", ""t1t7"" : ""2395164"", ""vpn_id"" : ""3314"", ""id_default_site"" : 2443, ""csp_customer_identifier"" : null, ""global_call_limiter"" : null, ""scl_id"" : null, ""number_pre_analysis_name"" : ""CLI_HKG_Default"", ""trusted_cli_policy"" : false, ""calling_cli_match_all_sites"" : false, ""equipment_type"" : ""SIPDA"", ""calling_site_cli_algo"" : ""DIV_FROM""}"
5106,53443,"{""id"" : 53443, ""name"" : ""2320030"", ""t1t7"" : ""2320030"", ""vpn_id"" : ""5106"", ""id_default_site"" : 39585, ""csp_customer_identifier"" : null, ""global_call_limiter"" : null, ""scl_id"" : null, ""number_pre_analysis_name"" : ""CLI_FRA_Default"", ""trusted_cli_policy"" : false, ""calling_cli_match_all_sites"" : false, ""equipment_type"" : ""SIPDA"", ""calling_site_cli_algo"" : ""DIV_FROM""}"
10003028,132548,"{""id"" : 132548, ""name"" : ""2221989"", ""t1t7"" : ""2221989"", ""vpn_id"" : ""10003028"", ""id_default_site"" : 208182, ""csp_customer_identifier"" : null, ""global_call_limiter"" : null, ""scl_id"" : null, ""number_pre_analysis_name"" : ""GENERIC_CLI_PROCESSING"", ""trusted_cli_policy"" : false, ""calling_cli_match_all_sites"" : false, ""equipment_type"" : ""SIPDA"", ""calling_site_cli_algo"" : ""DIV_FROM""}"
10014860,67233,"{""id"" : 67233, ""name"" : ""NAM_2373850_BTOI"", ""t1t7"" : ""2373850"", ""vpn_id"" : ""10014860"", ""id_default_site"" : -1, ""csp_customer_identifier"" : null, ""global_call_limiter"" : 100, ""scl_id"" : null, ""number_pre_analysis_name"" : ""GENERIC_CLI_PROCESSING"", ""trusted_cli_policy"" : false, ""calling_cli_match_all_sites"" : false, ""equipment_type"" : ""SIPDA"", ""calling_site_cli_algo"" : ""DIV_FROM""}"
10004626,50371,"{""id"" : 50371, ""name"" : ""2245136"", ""t1t7"" : ""2245136"", ""vpn_id"" : ""10004626"", ""id_default_site"" : 317682, ""csp_customer_identifier"" : null, ""global_call_limiter"" : null, ""scl_id"" : null, ""number_pre_analysis_name"" : ""CLI_FRA_Default"", ""trusted_cli_policy"" : false, ""calling_cli_match_all_sites"" : false, ""equipment_type"" : ""SIPDA"", ""calling_site_cli_algo"" : ""DIV_FROM""}"
10000474,46886,"{""id"" : 46886, ""name"" : ""2310033"", ""t1t7"" : ""2310033"", ""vpn_id"" : ""10000474"", ""id_default_site"" : 50211, ""csp_customer_identifier"" : null, ""global_call_limiter"" : null, ""scl_id"" : null, ""number_pre_analysis_name"" : ""CLI_FRA_Default"", ""trusted_cli_policy"" : false, ""calling_cli_match_all_sites"" : false, ""equipment_type"" : ""SIPDA"", ""calling_site_cli_algo"" : ""DIV_FROM""}"
10014523,58654,"{""id"" : 58654, ""name"" : ""2315220"", ""t1t7"" : ""2315220"", ""vpn_id"" : ""10014523"", ""id_default_site"" : 350124, ""csp_customer_identifier"" : null, ""global_call_limiter"" : null, ""scl_id"" : null, ""number_pre_analysis_name"" : ""GENERIC_CLI_PROCESSING"", ""trusted_cli_policy"" : false, ""calling_cli_match_all_sites"" : false, ""equipment_type"" : ""SIPDA"", ""calling_site_cli_algo"" : ""DIV_FROM""}"
5665,67401,"{""id"" : 67401, ""name"" : ""2320754"", ""t1t7"" : ""2320754"", ""vpn_id"" : ""5665"", ""id_default_site"" : 40984, ""csp_customer_identifier"" : null, ""global_call_limiter"" : null, ""scl_id"" : null, ""number_pre_analysis_name"" : ""CLI_FRA_Default"", ""trusted_cli_policy"" : false, ""calling_cli_match_all_sites"" : false, ""equipment_type"" : ""SIPDA"", ""calling_site_cli_algo"" : ""DIV_FROM""}"
10003628,70874,"{""id"" : 70874, ""name"" : ""2335005"", ""t1t7"" : ""2335005"", ""vpn_id"" : ""10003628"", ""id_default_site"" : 223498, ""csp_customer_identifier"" : null, ""global_call_limiter"" : 20, ""scl_id"" : null, ""number_pre_analysis_name"" : ""CLI_FRA_Default"", ""trusted_cli_policy"" : false, ""calling_cli_match_all_sites"" : false, ""equipment_type"" : ""SIPDA"", ""calling_site_cli_algo"" : ""DIV_FROM""}"
10005967,57112,"{""id"" : 57112, ""name"" : ""2250844"", ""t1t7"" : ""2250844"", ""vpn_id"" : ""10005967"", ""id_default_site"" : 345474, ""csp_customer_identifier"" : null, ""global_call_limiter"" : null, ""scl_id"" : null, ""number_pre_analysis_name"" : ""CLI_FRA_Default"", ""trusted_cli_policy"" : false, ""calling_cli_match_all_sites"" : false, ""equipment_type"" : ""SIPDA"", ""calling_site_cli_algo"" : ""DIV_FROM""}"
10003032,50584,"{""id"" : 50584, ""name"" : ""2222030"", ""t1t7"" : ""2222030"", ""vpn_id"" : ""10003032"", ""id_default_site"" : 318555, ""csp_customer_identifier"" : null, ""global_call_limiter"" : null, ""scl_id"" : null, ""number_pre_analysis_name"" : ""CLI_FRA_Default"", ""trusted_cli_policy"" : false, ""calling_cli_match_all_sites"" : false, ""equipment_type"" : ""SIPDA"", ""calling_site_cli_algo"" : ""DIV_FROM""}"
7352,73652,"{""id"" : 73652, ""name"" : ""wbx_EUR_0025849754"", ""t1t7"" : ""8860165"", ""vpn_id"" : ""7352"", ""id_default_site"" : -1, ""csp_customer_identifier"" : null, ""global_call_limiter"" : 250, ""scl_id"" : null, ""number_pre_analysis_name"" : ""GENERIC_CLI_PROCESSING"", ""trusted_cli_policy"" : false, ""calling_cli_match_all_sites"" : false, ""equipment_type"" : ""SIPDA"", ""calling_site_cli_algo"" : ""DIV_FROM""}"
3701,177363,"{""id"" : 177363, ""name"" : ""PHKG3468_SIP"", ""t1t7"" : ""2395376"", ""vpn_id"" : ""3701"", ""id_default_site"" : -1, ""csp_customer_identifier"" : null, ""global_call_limiter"" : 15, ""scl_id"" : null, ""number_pre_analysis_name"" : ""CLI_HKG_Default"", ""trusted_cli_policy"" : false, ""calling_cli_match_all_sites"" : false, ""equipment_type"" : ""SIPDA"", ""calling_site_cli_algo"" : ""DIV_FROM""}"
10002168,64225,"{""id"" : 64225, ""name"" : ""2218273"", ""t1t7"" : ""2218273"", ""vpn_id"" : ""10002168"", ""id_default_site"" : -1, ""csp_customer_identifier"" : null, ""global_call_limiter"" : null, ""scl_id"" : null, ""number_pre_analysis_name"" : ""CLI_FRA_Default"", ""trusted_cli_policy"" : false, ""calling_cli_match_all_sites"" : false, ""equipment_type"" : ""SIPDA"", ""calling_site_cli_algo"" : ""DIV_FROM""}"
10003432,143261,"{""id"" : 143261, ""name"" : ""2235397"", ""t1t7"" : ""2235397"", ""vpn_id"" : ""10003432"", ""id_default_site"" : -1, ""csp_customer_identifier"" : null, ""global_call_limiter"" : null, ""scl_id"" : null, ""number_pre_analysis_name"" : ""CLI_FRA_Default"", ""trusted_cli_policy"" : false, ""calling_cli_match_all_sites"" : false, ""equipment_type"" : ""SIPDA"", ""calling_site_cli_algo"" : ""DIV_FROM""}"
7428,73255,"{""id"" : 73255, ""name"" : ""MSOPC_EMEA_8820048"", ""t1t7"" : ""8820048"", ""vpn_id"" : ""7428"", ""id_default_site"" : -1, ""csp_customer_identifier"" : null, ""global_call_limiter"" : 207, ""scl_id"" : null, ""number_pre_analysis_name"" : ""GENERIC_CLI_PROCESSING"", ""trusted_cli_policy"" : false, ""calling_cli_match_all_sites"" : false, ""equipment_type"" : ""SIPDA"", ""calling_site_cli_algo"" : ""DIV_FROM""}"
10008084,222,"{""id"" : 222, ""name"" : ""8944016"", ""t1t7"" : ""8944016"", ""vpn_id"" : ""10008084"", ""id_default_site"" : 443336, ""csp_customer_identifier"" : null, ""global_call_limiter"" : null, ""scl_id"" : null, ""number_pre_analysis_name"" : ""CLI_FRA_Default"", ""trusted_cli_policy"" : false, ""calling_cli_match_all_sites"" : false, ""equipment_type"" : ""SIPDA"", ""calling_site_cli_algo"" : ""DIV_FROM""}"
7011,60592,"{""id"" : 60592, ""name"" : ""NBI_SIPCAN_APAC"", ""t1t7"" : ""7011993"", ""vpn_id"" : ""7011"", ""id_default_site"" : -1, ""csp_customer_identifier"" : null, ""global_call_limiter"" : null, ""scl_id"" : null, ""number_pre_analysis_name"" : ""GENERIC_CLI_PROCESSING"", ""trusted_cli_policy"" : false, ""calling_cli_match_all_sites"" : false, ""equipment_type"" : ""SIPDA"", ""calling_site_cli_algo"" : ""DIV_FROM""}"
10002046,169176,"{""id"" : 169176, ""name"" : ""2328477"", ""t1t7"" : ""2328477"", ""vpn_id"" : ""10002046"", ""id_default_site"" : 256389, ""csp_customer_identifier"" : null, ""global_call_limiter"" : null, ""scl_id"" : null, ""number_pre_analysis_name"" : ""CLI_FRA_Default"", ""trusted_cli_policy"" : false, ""calling_cli_match_all_sites"" : false, ""equipment_type"" : ""SIPDA"", ""calling_site_cli_algo"" : ""DIV_FROM""}"
3895,70071,"{""id"" : 70071, ""name"" : ""APAC_GC_INT_8800205"", ""t1t7"" : ""8800205"", ""vpn_id"" : ""3895"", ""id_default_site"" : 424570, ""csp_customer_identifier"" : null, ""global_call_limiter"" : 10, ""scl_id"" : null, ""number_pre_analysis_name"" : ""GENERIC_CLI_PROCESSING"", ""trusted_cli_policy"" : false, ""calling_cli_match_all_sites"" : false, ""equipment_type"" : ""SIPDA"", ""calling_site_cli_algo"" : ""DIV_FROM""}"
10004476,66932,"{""id"" : 66932, ""name"" : ""2350476"", ""t1t7"" : ""2350476"", ""vpn_id"" : ""10004476"", ""id_default_site"" : 311265, ""csp_customer_identifier"" : null, ""global_call_limiter"" : null, ""scl_id"" : null, ""number_pre_analysis_name"" : ""CLI_FRA_Default"", ""trusted_cli_policy"" : false, ""calling_cli_match_all_sites"" : false, ""equipment_type"" : ""SIPDA"", ""calling_site_cli_algo"" : ""DIV_FROM""}"
10003138,150661,"{""id"" : 150661, ""name"" : ""2305326"", ""t1t7"" : ""2305326"", ""vpn_id"" : ""10003138"", ""id_default_site"" : 231954, ""csp_customer_identifier"" : null, ""global_call_limiter"" : null, ""scl_id"" : null, ""number_pre_analysis_name"" : ""GENERIC_CLI_PROCESSING"", ""trusted_cli_policy"" : false, ""calling_cli_match_all_sites"" : false, ""equipment_type"" : ""SIPDA"", ""calling_site_cli_algo"" : ""DIV_FROM""}"
3293,66503,"{""id"" : 66503, ""name"" : ""2315995"", ""t1t7"" : ""2315995"", ""vpn_id"" : ""3293"", ""id_default_site"" : 69281, ""csp_customer_identifier"" : null, ""global_call_limiter"" : null, ""scl_id"" : null, ""number_pre_analysis_name"" : ""CLI_FRA_Default"", ""trusted_cli_policy"" : false, ""calling_cli_match_all_sites"" : false, ""equipment_type"" : ""SIPDA"", ""calling_site_cli_algo"" : ""DIV_FROM""}"
7089,59916,"{""id"" : 59916, ""name"" : ""PMIA1002"", ""t1t7"" : ""2370196"", ""vpn_id"" : ""7089"", ""id_default_site"" : -1, ""csp_customer_identifier"" : null, ""global_call_limiter"" : 10, ""scl_id"" : null, ""number_pre_analysis_name"" : ""GENERIC_CLI_PROCESSING"", ""trusted_cli_policy"" : false, ""calling_cli_match_all_sites"" : false, ""equipment_type"" : ""SIPDA"", ""calling_site_cli_algo"" : ""DIV_FROM""}"
10003315,156284,"{""id"" : 156284, ""name"" : ""2235057"", ""t1t7"" : ""2235057"", ""vpn_id"" : ""10003315"", ""id_default_site"" : 239454, ""csp_customer_identifier"" : null, ""global_call_limiter"" : null, ""scl_id"" : null, ""number_pre_analysis_name"" : ""CLI_FRA_Default"", ""trusted_cli_policy"" : false, ""calling_cli_match_all_sites"" : false, ""equipment_type"" : ""SIPDA"", ""calling_site_cli_algo"" : ""DIV_FROM""}"
10003989,53350,"{""id"" : 53350, ""name"" : ""2351655"", ""t1t7"" : ""2351655"", ""vpn_id"" : ""10003989"", ""id_default_site"" : 327174, ""csp_customer_identifier"" : null, ""global_call_limiter"" : null, ""scl_id"" : null, ""number_pre_analysis_name"" : ""CLI_FRA_Default"", ""trusted_cli_policy"" : false, ""calling_cli_match_all_sites"" : false, ""equipment_type"" : ""SIPDA"", ""calling_site_cli_algo"" : ""DIV_FROM""}"
10007586,67175,"{""id"" : 67175, ""name"" : ""2218590"", ""t1t7"" : ""2218590"", ""vpn_id"" : ""10007586"", ""id_default_site"" : 404273, ""csp_customer_identifier"" : null, ""global_call_limiter"" : null, ""scl_id"" : null, ""number_pre_analysis_name"" : ""CLI_FRA_Default"", ""trusted_cli_policy"" : false, ""calling_cli_match_all_sites"" : false, ""equipment_type"" : ""SIPDA"", ""calling_site_cli_algo"" : ""DIV_FROM""}"
10003746,69354,"{""id"" : 69354, ""name"" : ""2351297"", ""t1t7"" : ""2351297"", ""vpn_id"" : ""10003746"", ""id_default_site"" : 419353, ""csp_customer_identifier"" : null, ""global_call_limiter"" : null, ""scl_id"" : null, ""number_pre_analysis_name"" : ""CLI_FRA_Default"", ""trusted_cli_policy"" : false, ""calling_cli_match_all_sites"" : false, ""equipment_type"" : ""SIPDA"", ""calling_site_cli_algo"" : ""DIV_FROM""}"
10007780,54255,"{""id"" : 54255, ""name"" : ""2250879"", ""t1t7"" : ""2250879"", ""vpn_id"" : ""10007780"", ""id_default_site"" : 332660, ""csp_customer_identifier"" : null, ""global_call_limiter"" : null, ""scl_id"" : null, ""number_pre_analysis_name"" : ""CLI_FRA_Default"", ""trusted_cli_policy"" : false, ""calling_cli_match_all_sites"" : false, ""equipment_type"" : ""SIPDA"", ""calling_site_cli_algo"" : ""DIV_FROM""}"
10002770,71909,"{""id"" : 71909, ""name"" : ""2215083"", ""t1t7"" : ""2215083"", ""vpn_id"" : ""10002770"", ""id_default_site"" : 436168, ""csp_customer_identifier"" : null, ""global_call_limiter"" : null, ""scl_id"" : null, ""number_pre_analysis_name"" : ""CLI_FRA_Default"", ""trusted_cli_policy"" : false, ""calling_cli_match_all_sites"" : false, ""equipment_type"" : ""SIPDA"", ""calling_site_cli_algo"" : ""DIV_FROM""}"
7352,6365,"{""id"" : 6365, ""name"" : ""wbx_EUR_0025959081"", ""t1t7"" : ""8860297"", ""vpn_id"" : ""7352"", ""id_default_site"" : -1, ""csp_customer_identifier"" : null, ""global_call_limiter"" : 250, ""scl_id"" : null, ""number_pre_analysis_name"" : ""GENERIC_CLI_PROCESSING"", ""trusted_cli_policy"" : false, ""calling_cli_match_all_sites"" : false, ""equipment_type"" : ""SIPDA"", ""calling_site_cli_algo"" : ""DIV_FROM""}"
10000138,34806,"{""id"" : 34806, ""name"" : ""2300315"", ""t1t7"" : ""2300315"", ""vpn_id"" : ""10000138"", ""id_default_site"" : 40684, ""csp_customer_identifier"" : null, ""global_call_limiter"" : null, ""scl_id"" : null, ""number_pre_analysis_name"" : ""CLI_FRA_Default"", ""trusted_cli_policy"" : false, ""calling_cli_match_all_sites"" : false, ""equipment_type"" : ""SIPDA"", ""calling_site_cli_algo"" : ""DIV_FROM""}"
10003165,71198,"{""id"" : 71198, ""name"" : ""2223905"", ""t1t7"" : ""2223905"", ""vpn_id"" : ""10003165"", ""id_default_site"" : 431419, ""csp_customer_identifier"" : null, ""global_call_limiter"" : null, ""scl_id"" : null, ""number_pre_analysis_name"" : ""CLI_FRA_Default"", ""trusted_cli_policy"" : false, ""calling_cli_match_all_sites"" : false, ""equipment_type"" : ""SIPDA"", ""calling_site_cli_algo"" : ""DIV_FROM""}"
3966,141201,"{""id"" : 141201, ""name"" : ""Gouda_2385544"", ""t1t7"" : ""2385544"", ""vpn_id"" : ""3966"", ""id_default_site"" : -1, ""csp_customer_identifier"" : null, ""global_call_limiter"" : 10, ""scl_id"" : null, ""number_pre_analysis_name"" : ""CLI_NLD_Default"", ""trusted_cli_policy"" : false, ""calling_cli_match_all_sites"" : false, ""equipment_type"" : ""SIPDA"", ""calling_site_cli_algo"" : ""DIV_FROM""}"
10013876,60333,"{""id"" : 60333, ""name"" : ""2316364"", ""t1t7"" : ""2316364"", ""vpn_id"" : ""10013876"", ""id_default_site"" : 356305, ""csp_customer_identifier"" : null, ""global_call_limiter"" : null, ""scl_id"" : null, ""number_pre_analysis_name"" : ""CLI_FRA_Default"", ""trusted_cli_policy"" : false, ""calling_cli_match_all_sites"" : false, ""equipment_type"" : ""SIPDA"", ""calling_site_cli_algo"" : ""DIV_FROM""}"
10007842,64589,"{""id"" : 64589, ""name"" : ""2214009"", ""t1t7"" : ""2214009"", ""vpn_id"" : ""10007842"", ""id_default_site"" : 385593, ""csp_customer_identifier"" : null, ""global_call_limiter"" : null, ""scl_id"" : null, ""number_pre_analysis_name"" : ""CLI_FRA_Default"", ""trusted_cli_policy"" : false, ""calling_cli_match_all_sites"" : false, ""equipment_type"" : ""SIPDA"", ""calling_site_cli_algo"" : ""DIV_FROM""}"
5790,64835,"{""id"" : 64835, ""name"" : ""2315559"", ""t1t7"" : ""2315559"", ""vpn_id"" : ""5790"", ""id_default_site"" : 386321, ""csp_customer_identifier"" : null, ""global_call_limiter"" : null, ""scl_id"" : null, ""number_pre_analysis_name"" : ""CLI_FRA_Default"", ""trusted_cli_policy"" : false, ""calling_cli_match_all_sites"" : false, ""equipment_type"" : ""SIPDA"", ""calling_site_cli_algo"" : ""DIV_FROM""}"
4375,62546,"{""id"" : 62546, ""name"" : ""Japan_2405060"", ""t1t7"" : ""2405060"", ""vpn_id"" : ""4375"", ""id_default_site"" : 370678, ""csp_customer_identifier"" : null, ""global_call_limiter"" : 150, ""scl_id"" : null, ""number_pre_analysis_name"" : ""GENERIC_CLI_PROCESSING"", ""trusted_cli_policy"" : false, ""calling_cli_match_all_sites"" : false, ""equipment_type"" : ""SIPDA"", ""calling_site_cli_algo"" : ""DIV_FROM""}"
5779,69093,"{""id"" : 69093, ""name"" : ""2325140"", ""t1t7"" : ""2325140"", ""vpn_id"" : ""5779"", ""id_default_site"" : 39002, ""csp_customer_identifier"" : null, ""global_call_limiter"" : null, ""scl_id"" : null, ""number_pre_analysis_name"" : ""CLI_FRA_Default"", ""trusted_cli_policy"" : false, ""calling_cli_match_all_sites"" : false, ""equipment_type"" : ""SIPDA"", ""calling_site_cli_algo"" : ""DIV_FROM""}"
10002165,157082,"{""id"" : 157082, ""name"" : ""2290001"", ""t1t7"" : ""2290001"", ""vpn_id"" : ""10002165"", ""id_default_site"" : 240413, ""csp_customer_identifier"" : null, ""global_call_limiter"" : 2, ""scl_id"" : null, ""number_pre_analysis_name"" : ""CLI_FRA_Default"", ""trusted_cli_policy"" : false, ""calling_cli_match_all_sites"" : false, ""equipment_type"" : ""SIPDA"", ""calling_site_cli_algo"" : ""DIV_FROM""}"
10000790,43182,"{""id"" : 43182, ""name"" : ""2310344"", ""t1t7"" : ""2310344"", ""vpn_id"" : ""10000790"", ""id_default_site"" : 42095, ""csp_customer_identifier"" : null, ""global_call_limiter"" : null, ""scl_id"" : null, ""number_pre_analysis_name"" : ""CLI_FRA_Default"", ""trusted_cli_policy"" : false, ""calling_cli_match_all_sites"" : false, ""equipment_type"" : ""SIPDA"", ""calling_site_cli_algo"" : ""DIV_FROM""}"
3861,118362,"{""id"" : 118362, ""name"" : ""CH_SIP"", ""t1t7"" : ""2385346"", ""vpn_id"" : ""3861"", ""id_default_site"" : 8704, ""csp_customer_identifier"" : null, ""global_call_limiter"" : null, ""scl_id"" : null, ""number_pre_analysis_name"" : ""CLI_CHE_Default"", ""trusted_cli_policy"" : false, ""calling_cli_match_all_sites"" : false, ""equipment_type"" : ""SIPDA"", ""calling_site_cli_algo"" : ""DIV_FROM""}"
10002766,143602,"{""id"" : 143602, ""name"" : ""2215080"", ""t1t7"" : ""2215080"", ""vpn_id"" : ""10002766"", ""id_default_site"" : 221991, ""csp_customer_identifier"" : null, ""global_call_limiter"" : null, ""scl_id"" : null, ""number_pre_analysis_name"" : ""CLI_FRA_Default"", ""trusted_cli_policy"" : false, ""calling_cli_match_all_sites"" : false, ""equipment_type"" : ""SIPDA"", ""calling_site_cli_algo"" : ""DIV_FROM""}"
10007316,73658,"{""id"" : 73658, ""name"" : ""2265206"", ""t1t7"" : ""2265206"", ""vpn_id"" : ""10007316"", ""id_default_site"" : 446025, ""csp_customer_identifier"" : null, ""global_call_limiter"" : null, ""scl_id"" : null, ""number_pre_analysis_name"" : ""CLI_FRA_Default"", ""trusted_cli_policy"" : false, ""calling_cli_match_all_sites"" : false, ""equipment_type"" : ""SIPDA"", ""calling_site_cli_algo"" : ""DIV_FROM""}"
10015399,59648,"{""id"" : 59648, ""name"" : ""2316553"", ""t1t7"" : ""2316553"", ""vpn_id"" : ""10015399"", ""id_default_site"" : 353351, ""csp_customer_identifier"" : null, ""global_call_limiter"" : null, ""scl_id"" : null, ""number_pre_analysis_name"" : ""CLI_FRA_Default"", ""trusted_cli_policy"" : false, ""calling_cli_match_all_sites"" : false, ""equipment_type"" : ""SIPDA"", ""calling_site_cli_algo"" : ""DIV_FROM""}"
7513,67769,"{""id"" : 67769, ""name"" : ""GC_EMEA_8800009"", ""t1t7"" : ""8800009"", ""vpn_id"" : ""7513"", ""id_default_site"" : -1, ""csp_customer_identifier"" : null, ""global_call_limiter"" : 20, ""scl_id"" : null, ""number_pre_analysis_name"" : ""GENERIC_CLI_PROCESSING"", ""trusted_cli_policy"" : false, ""calling_cli_match_all_sites"" : false, ""equipment_type"" : ""SIPDA"", ""calling_site_cli_algo"" : ""DIV_FROM""}"
10002741,140642,"{""id"" : 140642, ""name"" : ""2216722"", ""t1t7"" : ""2216722"", ""vpn_id"" : ""10002741"", ""id_default_site"" : 218598, ""csp_customer_identifier"" : null, ""global_call_limiter"" : null, ""scl_id"" : null, ""number_pre_analysis_name"" : ""CLI_FRA_Default"", ""trusted_cli_policy"" : false, ""calling_cli_match_all_sites"" : false, ""equipment_type"" : ""SIPDA"", ""calling_site_cli_algo"" : ""DIV_FROM""}"
10002567,114966,"{""id"" : 114966, ""name"" : ""2215155"", ""t1t7"" : ""2215155"", ""vpn_id"" : ""10002567"", ""id_default_site"" : 187860, ""csp_customer_identifier"" : null, ""global_call_limiter"" : null, ""scl_id"" : null, ""number_pre_analysis_name"" : ""CLI_FRA_Default"", ""trusted_cli_policy"" : false, ""calling_cli_match_all_sites"" : false, ""equipment_type"" : ""SIPDA"", ""calling_site_cli_algo"" : ""DIV_FROM""}"
10005188,67790,"{""id"" : 67790, ""name"" : ""2291037"", ""t1t7"" : ""2291037"", ""vpn_id"" : ""10005188"", ""id_default_site"" : 408624, ""csp_customer_identifier"" : null, ""global_call_limiter"" : 80, ""scl_id"" : null, ""number_pre_analysis_name"" : ""CLI_FRA_Default"", ""trusted_cli_policy"" : false, ""calling_cli_match_all_sites"" : false, ""equipment_type"" : ""SIPDA"", ""calling_site_cli_algo"" : ""DIV_FROM""}"
10005445,54214,"{""id"" : 54214, ""name"" : ""2260017"", ""t1t7"" : ""2260017"", ""vpn_id"" : ""10005445"", ""id_default_site"" : 332480, ""csp_customer_identifier"" : null, ""global_call_limiter"" : null, ""scl_id"" : null, ""number_pre_analysis_name"" : ""CLI_FRA_Default"", ""trusted_cli_policy"" : false, ""calling_cli_match_all_sites"" : false, ""equipment_type"" : ""SIPDA"", ""calling_site_cli_algo"" : ""DIV_FROM""}"
7190,64465,"{""id"" : 64465, ""name"" : ""OPC EmeaLabESCSTI"", ""t1t7"" : ""8980029"", ""vpn_id"" : ""7190"", ""id_default_site"" : 371792, ""csp_customer_identifier"" : null, ""global_call_limiter"" : 10, ""scl_id"" : null, ""number_pre_analysis_name"" : ""GENERIC_CLI_PROCESSING"", ""trusted_cli_policy"" : false, ""calling_cli_match_all_sites"" : false, ""equipment_type"" : ""SIPDA"", ""calling_site_cli_algo"" : ""DIV_FROM""}"
10004501,64037,"{""id"" : 64037, ""name"" : ""2246479"", ""t1t7"" : ""2246479"", ""vpn_id"" : ""10004501"", ""id_default_site"" : 379434, ""csp_customer_identifier"" : null, ""global_call_limiter"" : null, ""scl_id"" : null, ""number_pre_analysis_name"" : ""CLI_FRA_Default"", ""trusted_cli_policy"" : false, ""calling_cli_match_all_sites"" : false, ""equipment_type"" : ""SIPDA"", ""calling_site_cli_algo"" : ""DIV_FROM""}"
5517,142781,"{""id"" : 142781, ""name"" : ""2315456"", ""t1t7"" : ""2315456"", ""vpn_id"" : ""5517"", ""id_default_site"" : 221036, ""csp_customer_identifier"" : null, ""global_call_limiter"" : null, ""scl_id"" : null, ""number_pre_analysis_name"" : ""CLI_FRA_Default"", ""trusted_cli_policy"" : false, ""calling_cli_match_all_sites"" : false, ""equipment_type"" : ""SIPDA"", ""calling_site_cli_algo"" : ""DIV_FROM""}"
10018231,70117,"{""id"" : 70117, ""name"" : ""2223753"", ""t1t7"" : ""2223753"", ""vpn_id"" : ""10018231"", ""id_default_site"" : 423862, ""csp_customer_identifier"" : null, ""global_call_limiter"" : null, ""scl_id"" : null, ""number_pre_analysis_name"" : ""CLI_FRA_Default"", ""trusted_cli_policy"" : false, ""calling_cli_match_all_sites"" : false, ""equipment_type"" : ""SIPDA"", ""calling_site_cli_algo"" : ""DIV_FROM""}"
10002314,58214,"{""id"" : 58214, ""name"" : ""2335020"", ""t1t7"" : ""2335020"", ""vpn_id"" : ""10002314"", ""id_default_site"" : 348637, ""csp_customer_identifier"" : null, ""global_call_limiter"" : 14340, ""scl_id"" : null, ""number_pre_analysis_name"" : ""GENERIC_CLI_PROCESSING"", ""trusted_cli_policy"" : false, ""calling_cli_match_all_sites"" : false, ""equipment_type"" : ""SIPDA"", ""calling_site_cli_algo"" : ""DIV_FROM""}"
3221,35781,"{""id"" : 35781, ""name"" : ""2395034"", ""t1t7"" : ""2395034"", ""vpn_id"" : ""3221"", ""id_default_site"" : 34243, ""csp_customer_identifier"" : null, ""global_call_limiter"" : null, ""scl_id"" : null, ""number_pre_analysis_name"" : ""CLI_CHN_Default"", ""trusted_cli_policy"" : false, ""calling_cli_match_all_sites"" : false, ""equipment_type"" : ""SIPDA"", ""calling_site_cli_algo"" : ""DIV_FROM""}"
5511,129582,"{""id"" : 129582, ""name"" : ""2321811"", ""t1t7"" : ""2321811"", ""vpn_id"" : ""5511"", ""id_default_site"" : 204621, ""csp_customer_identifier"" : null, ""global_call_limiter"" : null, ""scl_id"" : null, ""number_pre_analysis_name"" : ""CLI_FRA_Default"", ""trusted_cli_policy"" : false, ""calling_cli_match_all_sites"" : false, ""equipment_type"" : ""SIPDA"", ""calling_site_cli_algo"" : ""DIV_FROM""}"
10000708,53690,"{""id"" : 53690, ""name"" : ""2316146"", ""t1t7"" : ""2316146"", ""vpn_id"" : ""10000708"", ""id_default_site"" : 329735, ""csp_customer_identifier"" : null, ""global_call_limiter"" : null, ""scl_id"" : null, ""number_pre_analysis_name"" : ""CLI_FRA_Default"", ""trusted_cli_policy"" : false, ""calling_cli_match_all_sites"" : false, ""equipment_type"" : ""SIPDA"", ""calling_site_cli_algo"" : ""DIV_FROM""}"
7194,72899,"{""id"" : 72899, ""name"" : ""dro_EUR_CONSTR"", ""t1t7"" : ""8810016"", ""vpn_id"" : ""7194"", ""id_default_site"" : -1, ""csp_customer_identifier"" : null, ""global_call_limiter"" : 65, ""scl_id"" : null, ""number_pre_analysis_name"" : ""GENERIC_CLI_PROCESSING"", ""trusted_cli_policy"" : false, ""calling_cli_match_all_sites"" : false, ""equipment_type"" : ""SIPDA"", ""calling_site_cli_algo"" : ""DIV_FROM""}"
7436,72889,"{""id"" : 72889, ""name"" : ""BEL_SIP_GENESYS"", ""t1t7"" : ""8800087"", ""vpn_id"" : ""7436"", ""id_default_site"" : -1, ""csp_customer_identifier"" : null, ""global_call_limiter"" : 20, ""scl_id"" : null, ""number_pre_analysis_name"" : ""GENERIC_CLI_PROCESSING"", ""trusted_cli_policy"" : false, ""calling_cli_match_all_sites"" : false, ""equipment_type"" : ""SIPDA"", ""calling_site_cli_algo"" : ""DIV_FROM""}"
4812,61455,"{""id"" : 61455, ""name"" : ""2363224"", ""t1t7"" : ""2363224"", ""vpn_id"" : ""4812"", ""id_default_site"" : 255536, ""csp_customer_identifier"" : null, ""global_call_limiter"" : null, ""scl_id"" : null, ""number_pre_analysis_name"" : ""GENERIC_CLI_PROCESSING"", ""trusted_cli_policy"" : false, ""calling_cli_match_all_sites"" : false, ""equipment_type"" : ""SIPDA"", ""calling_site_cli_algo"" : ""DIV_FROM""}"
10009126,65646,"{""id"" : 65646, ""name"" : ""2218432"", ""t1t7"" : ""2218432"", ""vpn_id"" : ""10009126"", ""id_default_site"" : 393018, ""csp_customer_identifier"" : null, ""global_call_limiter"" : null, ""scl_id"" : null, ""number_pre_analysis_name"" : ""CLI_FRA_Default"", ""trusted_cli_policy"" : false, ""calling_cli_match_all_sites"" : false, ""equipment_type"" : ""SIPDA"", ""calling_site_cli_algo"" : ""DIV_FROM""}"
10005445,55076,"{""id"" : 55076, ""name"" : ""2260027"", ""t1t7"" : ""2260027"", ""vpn_id"" : ""10005445"", ""id_default_site"" : 336079, ""csp_customer_identifier"" : null, ""global_call_limiter"" : null, ""scl_id"" : null, ""number_pre_analysis_name"" : ""CLI_FRA_Default"", ""trusted_cli_policy"" : false, ""calling_cli_match_all_sites"" : false, ""equipment_type"" : ""SIPDA"", ""calling_site_cli_algo"" : ""DIV_FROM""}"
10015698,60036,"{""id"" : 60036, ""name"" : ""2336754"", ""t1t7"" : ""2336754"", ""vpn_id"" : ""10015698"", ""id_default_site"" : 354574, ""csp_customer_identifier"" : null, ""global_call_limiter"" : null, ""scl_id"" : null, ""number_pre_analysis_name"" : ""CLI_FRA_Default"", ""trusted_cli_policy"" : false, ""calling_cli_match_all_sites"" : false, ""equipment_type"" : ""SIPDA"", ""calling_site_cli_algo"" : ""DIV_FROM""}"
3996,51510,"{""id"" : 51510, ""name"" : ""PHS APA"", ""t1t7"" : ""1999040"", ""vpn_id"" : ""3996"", ""id_default_site"" : 319874, ""csp_customer_identifier"" : null, ""global_call_limiter"" : null, ""scl_id"" : null, ""number_pre_analysis_name"" : ""zzz_CLI_SGP_0__000"", ""trusted_cli_policy"" : true, ""calling_cli_match_all_sites"" : false, ""equipment_type"" : ""SIPDA"", ""calling_site_cli_algo"" : ""DIV_FROM""}"
10005445,63224,"{""id"" : 63224, ""name"" : ""2260078"", ""t1t7"" : ""2260078"", ""vpn_id"" : ""10005445"", ""id_default_site"" : 371041, ""csp_customer_identifier"" : null, ""global_call_limiter"" : null, ""scl_id"" : null, ""number_pre_analysis_name"" : ""CLI_FRA_Default"", ""trusted_cli_policy"" : false, ""calling_cli_match_all_sites"" : false, ""equipment_type"" : ""SIPDA"", ""calling_site_cli_algo"" : ""DIV_FROM""}"
5801,53368,"{""id"" : 53368, ""name"" : ""2351635"", ""t1t7"" : ""2351635"", ""vpn_id"" : ""5801"", ""id_default_site"" : 327390, ""csp_customer_identifier"" : null, ""global_call_limiter"" : null, ""scl_id"" : null, ""number_pre_analysis_name"" : ""GENERIC_CLI_PROCESSING"", ""trusted_cli_policy"" : false, ""calling_cli_match_all_sites"" : false, ""equipment_type"" : ""SIPDA"", ""calling_site_cli_algo"" : ""DIV_FROM""}"
10004466,50415,"{""id"" : 50415, ""name"" : ""2351179"", ""t1t7"" : ""2351179"", ""vpn_id"" : ""10004466"", ""id_default_site"" : 34419, ""csp_customer_identifier"" : null, ""global_call_limiter"" : null, ""scl_id"" : null, ""number_pre_analysis_name"" : ""CLI_FRA_Default"", ""trusted_cli_policy"" : false, ""calling_cli_match_all_sites"" : false, ""equipment_type"" : ""SIPDA"", ""calling_site_cli_algo"" : ""DIV_FROM""}"
10004176,13721,"{""id"" : 13721, ""name"" : ""2225032"", ""t1t7"" : ""2225032"", ""vpn_id"" : ""10004176"", ""id_default_site"" : 108661, ""csp_customer_identifier"" : null, ""global_call_limiter"" : null, ""scl_id"" : null, ""number_pre_analysis_name"" : ""CLI_FRA_Default"", ""trusted_cli_policy"" : false, ""calling_cli_match_all_sites"" : false, ""equipment_type"" : ""SIPDA"", ""calling_site_cli_algo"" : ""DIV_FROM""}"
10001056,139901,"{""id"" : 139901, ""name"" : ""2320208"", ""t1t7"" : ""2320208"", ""vpn_id"" : ""10001056"", ""id_default_site"" : 217495, ""csp_customer_identifier"" : null, ""global_call_limiter"" : null, ""scl_id"" : null, ""number_pre_analysis_name"" : ""CLI_FRA_Default"", ""trusted_cli_policy"" : false, ""calling_cli_match_all_sites"" : false, ""equipment_type"" : ""SIPDA"", ""calling_site_cli_algo"" : ""DIV_FROM""}"
4520,168486,"{""id"" : 168486, ""name"" : ""CCVPAAS_LAC_2393011"", ""t1t7"" : ""2393011"", ""vpn_id"" : ""4520"", ""id_default_site"" : 255474, ""csp_customer_identifier"" : null, ""global_call_limiter"" : null, ""scl_id"" : null, ""number_pre_analysis_name"" : ""CLI_FRA_Default"", ""trusted_cli_policy"" : false, ""calling_cli_match_all_sites"" : false, ""equipment_type"" : ""SIPDA"", ""calling_site_cli_algo"" : ""DIV_FROM""}"
10002599,70789,"{""id"" : 70789, ""name"" : ""2250096"", ""t1t7"" : ""2250096"", ""vpn_id"" : ""10002599"", ""id_default_site"" : 428359, ""csp_customer_identifier"" : null, ""global_call_limiter"" : null, ""scl_id"" : null, ""number_pre_analysis_name"" : ""CLI_FRA_Default"", ""trusted_cli_policy"" : false, ""calling_cli_match_all_sites"" : false, ""equipment_type"" : ""SIPDA"", ""calling_site_cli_algo"" : ""DIV_FROM""}"
10003886,157562,"{""id"" : 157562, ""name"" : ""2235812"", ""t1t7"" : ""2235812"", ""vpn_id"" : ""10003886"", ""id_default_site"" : 241365, ""csp_customer_identifier"" : null, ""global_call_limiter"" : null, ""scl_id"" : null, ""number_pre_analysis_name"" : ""CLI_FRA_Default"", ""trusted_cli_policy"" : false, ""calling_cli_match_all_sites"" : false, ""equipment_type"" : ""SIPDA"", ""calling_site_cli_algo"" : ""DIV_FROM""}"
10010204,56910,"{""id"" : 56910, ""name"" : ""2316271"", ""t1t7"" : ""2316271"", ""vpn_id"" : ""10010204"", ""id_default_site"" : 344249, ""csp_customer_identifier"" : null, ""global_call_limiter"" : null, ""scl_id"" : null, ""number_pre_analysis_name"" : ""CLI_FRA_Default"", ""trusted_cli_policy"" : false, ""calling_cli_match_all_sites"" : false, ""equipment_type"" : ""SIPDA"", ""calling_site_cli_algo"" : ""DIV_FROM""}"
10017912,63010,"{""id"" : 63010, ""name"" : ""2218301"", ""t1t7"" : ""2218301"", ""vpn_id"" : ""10017912"", ""id_default_site"" : 373055, ""csp_customer_identifier"" : null, ""global_call_limiter"" : null, ""scl_id"" : null, ""number_pre_analysis_name"" : ""FRA_Onnet_Empty"", ""trusted_cli_policy"" : false, ""calling_cli_match_all_sites"" : false, ""equipment_type"" : ""SIPDA"", ""calling_site_cli_algo"" : ""DIV_FROM""}"
10002046,165260,"{""id"" : 165260, ""name"" : ""2327976"", ""t1t7"" : ""2327976"", ""vpn_id"" : ""10002046"", ""id_default_site"" : 251401, ""csp_customer_identifier"" : null, ""global_call_limiter"" : null, ""scl_id"" : null, ""number_pre_analysis_name"" : ""CLI_FRA_Default"", ""trusted_cli_policy"" : false, ""calling_cli_match_all_sites"" : false, ""equipment_type"" : ""SIPDA"", ""calling_site_cli_algo"" : ""DIV_FROM""}"
7352,72293,"{""id"" : 72293, ""name"" : ""wbx_EUR_0025790961"", ""t1t7"" : ""8940079"", ""vpn_id"" : ""7352"", ""id_default_site"" : -1, ""csp_customer_identifier"" : null, ""global_call_limiter"" : 250, ""scl_id"" : null, ""number_pre_analysis_name"" : ""GENERIC_CLI_PROCESSING"", ""trusted_cli_policy"" : false, ""calling_cli_match_all_sites"" : false, ""equipment_type"" : ""SIPDA"", ""calling_site_cli_algo"" : ""DIV_FROM""}"
7036,67550,"{""id"" : 67550, ""name"" : ""Italy_BTOI_Covisian"", ""t1t7"" : ""2363887"", ""vpn_id"" : ""7036"", ""id_default_site"" : -1, ""csp_customer_identifier"" : null, ""global_call_limiter"" : 50, ""scl_id"" : null, ""number_pre_analysis_name"" : ""GENERIC_CLI_PROCESSING"", ""trusted_cli_policy"" : false, ""calling_cli_match_all_sites"" : false, ""equipment_type"" : ""SIPDA"", ""calling_site_cli_algo"" : ""DIV_FROM""}"
10011335,73285,"{""id"" : 73285, ""name"" : ""2214860"", ""t1t7"" : ""2214860"", ""vpn_id"" : ""10011335"", ""id_default_site"" : 444370, ""csp_customer_identifier"" : null, ""global_call_limiter"" : null, ""scl_id"" : null, ""number_pre_analysis_name"" : ""CLI_FRA_Default"", ""trusted_cli_policy"" : false, ""calling_cli_match_all_sites"" : false, ""equipment_type"" : ""SIPDA"", ""calling_site_cli_algo"" : ""DIV_FROM""}"
10002439,125322,"{""id"" : 125322, ""name"" : ""2340902"", ""t1t7"" : ""2340902"", ""vpn_id"" : ""10002439"", ""id_default_site"" : 199535, ""csp_customer_identifier"" : null, ""global_call_limiter"" : null, ""scl_id"" : null, ""number_pre_analysis_name"" : ""CLI_FRA_Default"", ""trusted_cli_policy"" : false, ""calling_cli_match_all_sites"" : false, ""equipment_type"" : ""SIPDA"", ""calling_site_cli_algo"" : ""DIV_FROM""}"
4920,144727,"{""id"" : 144727, ""name"" : ""2385579_CNIT"", ""t1t7"" : ""2385579"", ""vpn_id"" : ""4920"", ""id_default_site"" : 224334, ""csp_customer_identifier"" : null, ""global_call_limiter"" : 60, ""scl_id"" : null, ""number_pre_analysis_name"" : ""GENERIC_CLI_PROCESSING"", ""trusted_cli_policy"" : false, ""calling_cli_match_all_sites"" : false, ""equipment_type"" : ""SIPDA"", ""calling_site_cli_algo"" : ""DIV_FROM""}"
10005283,61375,"{""id"" : 61375, ""name"" : ""2246654"", ""t1t7"" : ""2246654"", ""vpn_id"" : ""10005283"", ""id_default_site"" : 362417, ""csp_customer_identifier"" : null, ""global_call_limiter"" : null, ""scl_id"" : null, ""number_pre_analysis_name"" : ""CLI_FRA_Default"", ""trusted_cli_policy"" : false, ""calling_cli_match_all_sites"" : false, ""equipment_type"" : ""SIPDA"", ""calling_site_cli_algo"" : ""DIV_FROM""}"
7352,23881,"{""id"" : 23881, ""name"" : ""wbx_EUR_0026048495"", ""t1t7"" : ""8860562"", ""vpn_id"" : ""7352"", ""id_default_site"" : -1, ""csp_customer_identifier"" : null, ""global_call_limiter"" : 250, ""scl_id"" : null, ""number_pre_analysis_name"" : ""GENERIC_CLI_PROCESSING"", ""trusted_cli_policy"" : false, ""calling_cli_match_all_sites"" : false, ""equipment_type"" : ""SIPDA"", ""calling_site_cli_algo"" : ""DIV_FROM""}"
10003815,59394,"{""id"" : 59394, ""name"" : ""2240661"", ""t1t7"" : ""2240661"", ""vpn_id"" : ""10003815"", ""id_default_site"" : 352327, ""csp_customer_identifier"" : null, ""global_call_limiter"" : null, ""scl_id"" : null, ""number_pre_analysis_name"" : ""CLI_FRA_Default"", ""trusted_cli_policy"" : false, ""calling_cli_match_all_sites"" : false, ""equipment_type"" : ""SIPDA"", ""calling_site_cli_algo"" : ""DIV_FROM""}"
4739,71476,"{""id"" : 71476, ""name"" : ""opc_NAM_Hunt411"", ""t1t7"" : ""8984088"", ""vpn_id"" : ""4739"", ""id_default_site"" : -1, ""csp_customer_identifier"" : null, ""global_call_limiter"" : 10, ""scl_id"" : null, ""number_pre_analysis_name"" : ""GENERIC_CLI_PROCESSING"", ""trusted_cli_policy"" : false, ""calling_cli_match_all_sites"" : false, ""equipment_type"" : ""SIPDA"", ""calling_site_cli_algo"" : ""DIV_FROM""}"
10002046,76961,"{""id"" : 76961, ""name"" : ""2325610"", ""t1t7"" : ""2325610"", ""vpn_id"" : ""10002046"", ""id_default_site"" : 81234, ""csp_customer_identifier"" : null, ""global_call_limiter"" : null, ""scl_id"" : null, ""number_pre_analysis_name"" : ""CLI_FRA_Default"", ""trusted_cli_policy"" : false, ""calling_cli_match_all_sites"" : false, ""equipment_type"" : ""SIPDA"", ""calling_site_cli_algo"" : ""DIV_FROM""}"
10005445,62179,"{""id"" : 62179, ""name"" : ""2251681"", ""t1t7"" : ""2251681"", ""vpn_id"" : ""10005445"", ""id_default_site"" : 367412, ""csp_customer_identifier"" : null, ""global_call_limiter"" : null, ""scl_id"" : null, ""number_pre_analysis_name"" : ""CLI_FRA_Default"", ""trusted_cli_policy"" : false, ""calling_cli_match_all_sites"" : false, ""equipment_type"" : ""SIPDA"", ""calling_site_cli_algo"" : ""DIV_FROM""}"
10003732,69032,"{""id"" : 69032, ""name"" : ""2218472"", ""t1t7"" : ""2218472"", ""vpn_id"" : ""10003732"", ""id_default_site"" : 417567, ""csp_customer_identifier"" : null, ""global_call_limiter"" : null, ""scl_id"" : null, ""number_pre_analysis_name"" : ""CLI_FRA_Default"", ""trusted_cli_policy"" : false, ""calling_cli_match_all_sites"" : false, ""equipment_type"" : ""SIPDA"", ""calling_site_cli_algo"" : ""DIV_FROM""}"
10005021,50511,"{""id"" : 50511, ""name"" : ""2245917"", ""t1t7"" : ""2245917"", ""vpn_id"" : ""10005021"", ""id_default_site"" : 318102, ""csp_customer_identifier"" : null, ""global_call_limiter"" : null, ""scl_id"" : null, ""number_pre_analysis_name"" : ""CLI_FRA_Default"", ""trusted_cli_policy"" : false, ""calling_cli_match_all_sites"" : false, ""equipment_type"" : ""SIPDA"", ""calling_site_cli_algo"" : ""DIV_FROM""}"
10002232,88281,"{""id"" : 88281, ""name"" : ""2345014"", ""t1t7"" : ""2345014"", ""vpn_id"" : ""10002232"", ""id_default_site"" : 202286, ""csp_customer_identifier"" : null, ""global_call_limiter"" : null, ""scl_id"" : null, ""number_pre_analysis_name"" : ""CLI_FRA_Default"", ""trusted_cli_policy"" : false, ""calling_cli_match_all_sites"" : false, ""equipment_type"" : ""SIPDA"", ""calling_site_cli_algo"" : ""DIV_FROM""}"
4857,8393,"{""id"" : 8393, ""name"" : ""PFRA3070"", ""t1t7"" : ""2385286"", ""vpn_id"" : ""4857"", ""id_default_site"" : 120233, ""csp_customer_identifier"" : null, ""global_call_limiter"" : 200, ""scl_id"" : null, ""number_pre_analysis_name"" : ""GENERIC_CLI_PROCESSING"", ""trusted_cli_policy"" : false, ""calling_cli_match_all_sites"" : false, ""equipment_type"" : ""SIPDA"", ""calling_site_cli_algo"" : ""DIV_FROM""}"
10018544,66420,"{""id"" : 66420, ""name"" : ""2275022"", ""t1t7"" : ""2275022"", ""vpn_id"" : ""10018544"", ""id_default_site"" : 399804, ""csp_customer_identifier"" : null, ""global_call_limiter"" : null, ""scl_id"" : null, ""number_pre_analysis_name"" : ""CLI_FRA_Default"", ""trusted_cli_policy"" : false, ""calling_cli_match_all_sites"" : false, ""equipment_type"" : ""SIPDA"", ""calling_site_cli_algo"" : ""DIV_FROM""}"
10003795,48841,"{""id"" : 48841, ""name"" : ""2241025"", ""t1t7"" : ""2241025"", ""vpn_id"" : ""10003795"", ""id_default_site"" : -1, ""csp_customer_identifier"" : null, ""global_call_limiter"" : null, ""scl_id"" : null, ""number_pre_analysis_name"" : ""CLI_FRA_Default"", ""trusted_cli_policy"" : false, ""calling_cli_match_all_sites"" : false, ""equipment_type"" : ""SIPDA"", ""calling_site_cli_algo"" : ""DIV_FROM""}"
10003994,70618,"{""id"" : 70618, ""name"" : ""5102003"", ""t1t7"" : ""5102003"", ""vpn_id"" : ""10003994"", ""id_default_site"" : 427197, ""csp_customer_identifier"" : null, ""global_call_limiter"" : null, ""scl_id"" : null, ""number_pre_analysis_name"" : ""CLI_FRA_Default"", ""trusted_cli_policy"" : false, ""calling_cli_match_all_sites"" : false, ""equipment_type"" : ""SIPDA"", ""calling_site_cli_algo"" : ""DIV_FROM""}"
10015716,60110,"{""id"" : 60110, ""name"" : ""2251511"", ""t1t7"" : ""2251511"", ""vpn_id"" : ""10015716"", ""id_default_site"" : 355162, ""csp_customer_identifier"" : null, ""global_call_limiter"" : null, ""scl_id"" : null, ""number_pre_analysis_name"" : ""CLI_FRA_Default"", ""trusted_cli_policy"" : false, ""calling_cli_match_all_sites"" : false, ""equipment_type"" : ""SIPDA"", ""calling_site_cli_algo"" : ""DIV_FROM""}"
10002277,91401,"{""id"" : 91401, ""name"" : ""2220015"", ""t1t7"" : ""2220015"", ""vpn_id"" : ""10002277"", ""id_default_site"" : 202656, ""csp_customer_identifier"" : null, ""global_call_limiter"" : null, ""scl_id"" : null, ""number_pre_analysis_name"" : ""CLI_FRA_Default"", ""trusted_cli_policy"" : false, ""calling_cli_match_all_sites"" : false, ""equipment_type"" : ""SIPDA"", ""calling_site_cli_algo"" : ""DIV_FROM""}"
3117,142684,"{""id"" : 142684, ""name"" : ""PEDI283_SIP_CUB"", ""t1t7"" : ""2385566"", ""vpn_id"" : ""3117"", ""id_default_site"" : -1, ""csp_customer_identifier"" : null, ""global_call_limiter"" : 23, ""scl_id"" : null, ""number_pre_analysis_name"" : ""zzz_CLI_GBR_0_000_"", ""trusted_cli_policy"" : false, ""calling_cli_match_all_sites"" : false, ""equipment_type"" : ""SIPDA"", ""calling_site_cli_algo"" : ""DIV_FROM""}"
10004024,72823,"{""id"" : 72823, ""name"" : ""5104133"", ""t1t7"" : ""5104133"", ""vpn_id"" : ""10004024"", ""id_default_site"" : 441784, ""csp_customer_identifier"" : null, ""global_call_limiter"" : null, ""scl_id"" : null, ""number_pre_analysis_name"" : ""CLI_FRA_Default"", ""trusted_cli_policy"" : false, ""calling_cli_match_all_sites"" : false, ""equipment_type"" : ""SIPDA"", ""calling_site_cli_algo"" : ""DIV_FROM""}"
5537,114705,"{""id"" : 114705, ""name"" : ""2215436"", ""t1t7"" : ""2215436"", ""vpn_id"" : ""5537"", ""id_default_site"" : 41120, ""csp_customer_identifier"" : null, ""global_call_limiter"" : null, ""scl_id"" : null, ""number_pre_analysis_name"" : ""CLI_FRA_Default"", ""trusted_cli_policy"" : false, ""calling_cli_match_all_sites"" : false, ""equipment_type"" : ""SIPDA"", ""calling_site_cli_algo"" : ""DIV_FROM""}"
4769,123447,"{""id"" : 123447, ""name"" : ""Portugal DC"", ""t1t7"" : ""2385435"", ""vpn_id"" : ""4769"", ""id_default_site"" : 198192, ""csp_customer_identifier"" : null, ""global_call_limiter"" : 30, ""scl_id"" : null, ""number_pre_analysis_name"" : ""CLI_PRT_Default"", ""trusted_cli_policy"" : false, ""calling_cli_match_all_sites"" : false, ""equipment_type"" : ""SIPDA"", ""calling_site_cli_algo"" : ""DIV_FROM""}"
10005508,73414,"{""id"" : 73414, ""name"" : ""2214275"", ""t1t7"" : ""2214275"", ""vpn_id"" : ""10005508"", ""id_default_site"" : 444869, ""csp_customer_identifier"" : null, ""global_call_limiter"" : null, ""scl_id"" : null, ""number_pre_analysis_name"" : ""CLI_FRA_Default"", ""trusted_cli_policy"" : false, ""calling_cli_match_all_sites"" : false, ""equipment_type"" : ""SIPDA"", ""calling_site_cli_algo"" : ""DIV_FROM""}"
3634,57814,"{""id"" : 57814, ""name"" : ""DR-APA"", ""t1t7"" : ""2365135"", ""vpn_id"" : ""3634"", ""id_default_site"" : 10430, ""csp_customer_identifier"" : null, ""global_call_limiter"" : 90, ""scl_id"" : null, ""number_pre_analysis_name"" : ""CLI_SGP_Default"", ""trusted_cli_policy"" : false, ""calling_cli_match_all_sites"" : false, ""equipment_type"" : ""SIPDA"", ""calling_site_cli_algo"" : ""DIV_FROM""}"
10004790,53143,"{""id"" : 53143, ""name"" : ""2245420"", ""t1t7"" : ""2245420"", ""vpn_id"" : ""10004790"", ""id_default_site"" : 326152, ""csp_customer_identifier"" : null, ""global_call_limiter"" : null, ""scl_id"" : null, ""number_pre_analysis_name"" : ""CLI_FRA_Default"", ""trusted_cli_policy"" : false, ""calling_cli_match_all_sites"" : false, ""equipment_type"" : ""SIPDA"", ""calling_site_cli_algo"" : ""DIV_FROM""}"
4390,146402,"{""id"" : 146402, ""name"" : ""CCVPAAS1_VEL"", ""t1t7"" : ""2393301"", ""vpn_id"" : ""4390"", ""id_default_site"" : -1, ""csp_customer_identifier"" : null, ""global_call_limiter"" : null, ""scl_id"" : null, ""number_pre_analysis_name"" : ""CLI_USA_Default"", ""trusted_cli_policy"" : false, ""calling_cli_match_all_sites"" : false, ""equipment_type"" : ""SIPDA"", ""calling_site_cli_algo"" : ""DIV_FROM""}"
3961,63710,"{""id"" : 63710, ""name"" : ""2320605"", ""t1t7"" : ""2320605"", ""vpn_id"" : ""3961"", ""id_default_site"" : 31674, ""csp_customer_identifier"" : null, ""global_call_limiter"" : null, ""scl_id"" : null, ""number_pre_analysis_name"" : ""CLI_FRA_Default"", ""trusted_cli_policy"" : false, ""calling_cli_match_all_sites"" : false, ""equipment_type"" : ""SIPDA"", ""calling_site_cli_algo"" : ""DIV_FROM""}"
10003538,72740,"{""id"" : 72740, ""name"" : ""5105102"", ""t1t7"" : ""5105102"", ""vpn_id"" : ""10003538"", ""id_default_site"" : 441347, ""csp_customer_identifier"" : null, ""global_call_limiter"" : null, ""scl_id"" : null, ""number_pre_analysis_name"" : ""CLI_FRA_Default"", ""trusted_cli_policy"" : false, ""calling_cli_match_all_sites"" : false, ""equipment_type"" : ""SIPDA"", ""calling_site_cli_algo"" : ""DIV_FROM""}"
10013834,67260,"{""id"" : 67260, ""name"" : ""2214328"", ""t1t7"" : ""2214328"", ""vpn_id"" : ""10013834"", ""id_default_site"" : 404741, ""csp_customer_identifier"" : null, ""global_call_limiter"" : null, ""scl_id"" : null, ""number_pre_analysis_name"" : ""CLI_FRA_Default"", ""trusted_cli_policy"" : false, ""calling_cli_match_all_sites"" : false, ""equipment_type"" : ""SIPDA"", ""calling_site_cli_algo"" : ""DIV_FROM""}"
10000739,73643,"{""id"" : 73643, ""name"" : ""2305741"", ""t1t7"" : ""2305741"", ""vpn_id"" : ""10000739"", ""id_default_site"" : 421724, ""csp_customer_identifier"" : null, ""global_call_limiter"" : null, ""scl_id"" : null, ""number_pre_analysis_name"" : ""CLI_FRA_Default"", ""trusted_cli_policy"" : false, ""calling_cli_match_all_sites"" : false, ""equipment_type"" : ""SIPDA"", ""calling_site_cli_algo"" : ""DIV_FROM""}"
10008890,64160,"{""id"" : 64160, ""name"" : ""2251192"", ""t1t7"" : ""2251192"", ""vpn_id"" : ""10008890"", ""id_default_site"" : 380515, ""csp_customer_identifier"" : null, ""global_call_limiter"" : null, ""scl_id"" : null, ""number_pre_analysis_name"" : ""CLI_FRA_Default"", ""trusted_cli_policy"" : false, ""calling_cli_match_all_sites"" : false, ""equipment_type"" : ""SIPDA"", ""calling_site_cli_algo"" : ""DIV_FROM""}"
10003404,146163,"{""id"" : 146163, ""name"" : ""2235302"", ""t1t7"" : ""2235302"", ""vpn_id"" : ""10003404"", ""id_default_site"" : 225900, ""csp_customer_identifier"" : null, ""global_call_limiter"" : null, ""scl_id"" : null, ""number_pre_analysis_name"" : ""CLI_FRA_Default"", ""trusted_cli_policy"" : false, ""calling_cli_match_all_sites"" : false, ""equipment_type"" : ""SIPDA"", ""calling_site_cli_algo"" : ""DIV_FROM""}"
10000001,72236,"{""id"" : 72236, ""name"" : ""GAME_Telethon"", ""t1t7"" : ""2291987"", ""vpn_id"" : ""10000001"", ""id_default_site"" : 289483, ""csp_customer_identifier"" : null, ""global_call_limiter"" : null, ""scl_id"" : null, ""number_pre_analysis_name"" : ""CLI_FRA_Default"", ""trusted_cli_policy"" : false, ""calling_cli_match_all_sites"" : false, ""equipment_type"" : ""SIPDA"", ""calling_site_cli_algo"" : ""DIV_FROM""}"
6334,117850,"{""id"" : 117850, ""name"" : ""2216596"", ""t1t7"" : ""2216596"", ""vpn_id"" : ""6334"", ""id_default_site"" : 139694, ""csp_customer_identifier"" : null, ""global_call_limiter"" : null, ""scl_id"" : null, ""number_pre_analysis_name"" : ""CLI_FRA_Default"", ""trusted_cli_policy"" : false, ""calling_cli_match_all_sites"" : false, ""equipment_type"" : ""SIPDA"", ""calling_site_cli_algo"" : ""DIV_FROM""}"
7130,57141,"{""id"" : 57141, ""name"" : ""APAC_SIP"", ""t1t7"" : ""2368807"", ""vpn_id"" : ""7130"", ""id_default_site"" : 345796, ""csp_customer_identifier"" : null, ""global_call_limiter"" : 12, ""scl_id"" : null, ""number_pre_analysis_name"" : ""GENERIC_CLI_PROCESSING"", ""trusted_cli_policy"" : false, ""calling_cli_match_all_sites"" : false, ""equipment_type"" : ""SIPDA"", ""calling_site_cli_algo"" : ""DIV_FROM""}"
10017475,61831,"{""id"" : 61831, ""name"" : ""2316776"", ""t1t7"" : ""2316776"", ""vpn_id"" : ""10017475"", ""id_default_site"" : 365178, ""csp_customer_identifier"" : null, ""global_call_limiter"" : null, ""scl_id"" : null, ""number_pre_analysis_name"" : ""CLI_FRA_Default"", ""trusted_cli_policy"" : false, ""calling_cli_match_all_sites"" : false, ""equipment_type"" : ""SIPDA"", ""calling_site_cli_algo"" : ""DIV_FROM""}"
10003554,144611,"{""id"" : 144611, ""name"" : ""2235702"", ""t1t7"" : ""2235702"", ""vpn_id"" : ""10003554"", ""id_default_site"" : 223513, ""csp_customer_identifier"" : null, ""global_call_limiter"" : null, ""scl_id"" : null, ""number_pre_analysis_name"" : ""CLI_FRA_Default"", ""trusted_cli_policy"" : false, ""calling_cli_match_all_sites"" : false, ""equipment_type"" : ""SIPDA"", ""calling_site_cli_algo"" : ""DIV_FROM""}"
10002451,20484,"{""id"" : 20484, ""name"" : ""2218055"", ""t1t7"" : ""2218055"", ""vpn_id"" : ""10002451"", ""id_default_site"" : 167581, ""csp_customer_identifier"" : null, ""global_call_limiter"" : null, ""scl_id"" : null, ""number_pre_analysis_name"" : ""CLI_FRA_Default"", ""trusted_cli_policy"" : false, ""calling_cli_match_all_sites"" : false, ""equipment_type"" : ""SIPDA"", ""calling_site_cli_algo"" : ""DIV_FROM""}"
4906,138384,"{""id"" : 138384, ""name"" : ""Resilient"", ""t1t7"" : ""2385531"", ""vpn_id"" : ""4906"", ""id_default_site"" : 215956, ""csp_customer_identifier"" : null, ""global_call_limiter"" : null, ""scl_id"" : null, ""number_pre_analysis_name"" : ""CLI_DNK_Default"", ""trusted_cli_policy"" : false, ""calling_cli_match_all_sites"" : false, ""equipment_type"" : ""SIPDA"", ""calling_site_cli_algo"" : ""DIV_FROM""}"
4362,122748,"{""id"" : 122748, ""name"" : ""PLON8831_trk"", ""t1t7"" : ""2385418"", ""vpn_id"" : ""4362"", ""id_default_site"" : 197298, ""csp_customer_identifier"" : null, ""global_call_limiter"" : null, ""scl_id"" : null, ""number_pre_analysis_name"" : ""CLI_GBR_Default"", ""trusted_cli_policy"" : false, ""calling_cli_match_all_sites"" : false, ""equipment_type"" : ""SIPDA"", ""calling_site_cli_algo"" : ""DIV_FROM""}"
4932,149101,"{""id"" : 149101, ""name"" : ""IFRA1464"", ""t1t7"" : ""2385688"", ""vpn_id"" : ""4932"", ""id_default_site"" : -1, ""csp_customer_identifier"" : null, ""global_call_limiter"" : 1, ""scl_id"" : null, ""number_pre_analysis_name"" : ""CLI_BEL_Default"", ""trusted_cli_policy"" : false, ""calling_cli_match_all_sites"" : false, ""equipment_type"" : ""SIPDA"", ""calling_site_cli_algo"" : ""DIV_FROM""}"
6334,68385,"{""id"" : 68385, ""name"" : ""2214897"", ""t1t7"" : ""2214897"", ""vpn_id"" : ""6334"", ""id_default_site"" : 412802, ""csp_customer_identifier"" : null, ""global_call_limiter"" : null, ""scl_id"" : null, ""number_pre_analysis_name"" : ""CLI_FRA_Default"", ""trusted_cli_policy"" : false, ""calling_cli_match_all_sites"" : false, ""equipment_type"" : ""SIPDA"", ""calling_site_cli_algo"" : ""DIV_FROM""}"
5456,6262,"{""id"" : 6262, ""name"" : ""2340187"", ""t1t7"" : ""2340187"", ""vpn_id"" : ""5456"", ""id_default_site"" : 18839, ""csp_customer_identifier"" : null, ""global_call_limiter"" : null, ""scl_id"" : null, ""number_pre_analysis_name"" : ""CLI_FRA_Default"", ""trusted_cli_policy"" : false, ""calling_cli_match_all_sites"" : false, ""equipment_type"" : ""SIPDA"", ""calling_site_cli_algo"" : ""DIV_FROM""}"
10001283,72801,"{""id"" : 72801, ""name"" : ""2325350"", ""t1t7"" : ""2325350"", ""vpn_id"" : ""10001283"", ""id_default_site"" : 75707, ""csp_customer_identifier"" : null, ""global_call_limiter"" : null, ""scl_id"" : null, ""number_pre_analysis_name"" : ""CLI_FRA_Default"", ""trusted_cli_policy"" : false, ""calling_cli_match_all_sites"" : false, ""equipment_type"" : ""SIPDA"", ""calling_site_cli_algo"" : ""DIV_FROM""}"
10003746,67694,"{""id"" : 67694, ""name"" : ""2350554"", ""t1t7"" : ""2350554"", ""vpn_id"" : ""10003746"", ""id_default_site"" : 408069, ""csp_customer_identifier"" : null, ""global_call_limiter"" : null, ""scl_id"" : null, ""number_pre_analysis_name"" : ""CLI_FRA_Default"", ""trusted_cli_policy"" : false, ""calling_cli_match_all_sites"" : false, ""equipment_type"" : ""SIPDA"", ""calling_site_cli_algo"" : ""DIV_FROM""}"
4765,169442,"{""id"" : 169442, ""name"" : ""Tokyo_2395350"", ""t1t7"" : ""2395350"", ""vpn_id"" : ""4765"", ""id_default_site"" : -1, ""csp_customer_identifier"" : null, ""global_call_limiter"" : null, ""scl_id"" : null, ""number_pre_analysis_name"" : ""zzz_CLI_JPN_0_010_"", ""trusted_cli_policy"" : false, ""calling_cli_match_all_sites"" : false, ""equipment_type"" : ""SIPDA"", ""calling_site_cli_algo"" : ""DIV_FROM""}"
10008480,68080,"{""id"" : 68080, ""name"" : ""2268995"", ""t1t7"" : ""2268995"", ""vpn_id"" : ""10008480"", ""id_default_site"" : 410555, ""csp_customer_identifier"" : null, ""global_call_limiter"" : null, ""scl_id"" : null, ""number_pre_analysis_name"" : ""CLI_FRA_Default"", ""trusted_cli_policy"" : false, ""calling_cli_match_all_sites"" : false, ""equipment_type"" : ""SIPDA"", ""calling_site_cli_algo"" : ""DIV_FROM""}"
10000888,59703,"{""id"" : 59703, ""name"" : ""2310682"", ""t1t7"" : ""2310682"", ""vpn_id"" : ""10000888"", ""id_default_site"" : 352290, ""csp_customer_identifier"" : null, ""global_call_limiter"" : null, ""scl_id"" : null, ""number_pre_analysis_name"" : ""FRA_Default"", ""trusted_cli_policy"" : false, ""calling_cli_match_all_sites"" : false, ""equipment_type"" : ""SIPDA"", ""calling_site_cli_algo"" : ""DIV_FROM""}"
10000388,66805,"{""id"" : 66805, ""name"" : ""2214079"", ""t1t7"" : ""2214079"", ""vpn_id"" : ""10000388"", ""id_default_site"" : 402600, ""csp_customer_identifier"" : null, ""global_call_limiter"" : null, ""scl_id"" : null, ""number_pre_analysis_name"" : ""CLI_FRA_Default"", ""trusted_cli_policy"" : false, ""calling_cli_match_all_sites"" : false, ""equipment_type"" : ""SIPDA"", ""calling_site_cli_algo"" : ""DIV_FROM""}"
10002396,54203,"{""id"" : 54203, ""name"" : ""2340370"", ""t1t7"" : ""2340370"", ""vpn_id"" : ""10002396"", ""id_default_site"" : 332650, ""csp_customer_identifier"" : null, ""global_call_limiter"" : null, ""scl_id"" : null, ""number_pre_analysis_name"" : ""CLI_FRA_Default"", ""trusted_cli_policy"" : false, ""calling_cli_match_all_sites"" : false, ""equipment_type"" : ""SIPDA"", ""calling_site_cli_algo"" : ""DIV_FROM""}"
4939,174981,"{""id"" : 174981, ""name"" : ""US_PCHI1175_Chicago"", ""t1t7"" : ""2390304"", ""vpn_id"" : ""4939"", ""id_default_site"" : 267734, ""csp_customer_identifier"" : null, ""global_call_limiter"" : 10, ""scl_id"" : null, ""number_pre_analysis_name"" : ""CLI_USA_Default"", ""trusted_cli_policy"" : false, ""calling_cli_match_all_sites"" : false, ""equipment_type"" : ""SIPDA"", ""calling_site_cli_algo"" : ""DIV_FROM""}"
10003632,66946,"{""id"" : 66946, ""name"" : ""2240143"", ""t1t7"" : ""2240143"", ""vpn_id"" : ""10003632"", ""id_default_site"" : 403264, ""csp_customer_identifier"" : null, ""global_call_limiter"" : null, ""scl_id"" : null, ""number_pre_analysis_name"" : ""CLI_FRA_Default"", ""trusted_cli_policy"" : false, ""calling_cli_match_all_sites"" : false, ""equipment_type"" : ""SIPDA"", ""calling_site_cli_algo"" : ""DIV_FROM""}"
10002668,115002,"{""id"" : 115002, ""name"" : ""2215491"", ""t1t7"" : ""2215491"", ""vpn_id"" : ""10002668"", ""id_default_site"" : 188149, ""csp_customer_identifier"" : null, ""global_call_limiter"" : null, ""scl_id"" : null, ""number_pre_analysis_name"" : ""CLI_FRA_Default"", ""trusted_cli_policy"" : false, ""calling_cli_match_all_sites"" : false, ""equipment_type"" : ""SIPDA"", ""calling_site_cli_algo"" : ""DIV_FROM""}"
10004225,70177,"{""id"" : 70177, ""name"" : ""2214971"", ""t1t7"" : ""2214971"", ""vpn_id"" : ""10004225"", ""id_default_site"" : 424281, ""csp_customer_identifier"" : null, ""global_call_limiter"" : null, ""scl_id"" : null, ""number_pre_analysis_name"" : ""CLI_FRA_Default"", ""trusted_cli_policy"" : false, ""calling_cli_match_all_sites"" : false, ""equipment_type"" : ""SIPDA"", ""calling_site_cli_algo"" : ""DIV_FROM""}"
3670,22741,"{""id"" : 22741, ""name"" : ""London_2385994_PROD"", ""t1t7"" : ""2385994"", ""vpn_id"" : ""3670"", ""id_default_site"" : -1, ""csp_customer_identifier"" : null, ""global_call_limiter"" : 500, ""scl_id"" : null, ""number_pre_analysis_name"" : ""GENERIC_CLI_PROCESSING"", ""trusted_cli_policy"" : false, ""calling_cli_match_all_sites"" : false, ""equipment_type"" : ""SIPDA"", ""calling_site_cli_algo"" : ""DIV_FROM""}"
10015393,67064,"{""id"" : 67064, ""name"" : ""2218634"", ""t1t7"" : ""2218634"", ""vpn_id"" : ""10015393"", ""id_default_site"" : 403839, ""csp_customer_identifier"" : null, ""global_call_limiter"" : null, ""scl_id"" : null, ""number_pre_analysis_name"" : ""CLI_FRA_Default"", ""trusted_cli_policy"" : false, ""calling_cli_match_all_sites"" : false, ""equipment_type"" : ""SIPDA"", ""calling_site_cli_algo"" : ""DIV_FROM""}"
10006782,67997,"{""id"" : 67997, ""name"" : ""2223240"", ""t1t7"" : ""2223240"", ""vpn_id"" : ""10006782"", ""id_default_site"" : 409949, ""csp_customer_identifier"" : null, ""global_call_limiter"" : null, ""scl_id"" : null, ""number_pre_analysis_name"" : ""CLI_FRA_Default"", ""trusted_cli_policy"" : false, ""calling_cli_match_all_sites"" : false, ""equipment_type"" : ""SIPDA"", ""calling_site_cli_algo"" : ""DIV_FROM""}"
10009739,10873,"{""id"" : 10873, ""name"" : ""5104181"", ""t1t7"" : ""5104181"", ""vpn_id"" : ""10009739"", ""id_default_site"" : -1, ""csp_customer_identifier"" : null, ""global_call_limiter"" : null, ""scl_id"" : null, ""number_pre_analysis_name"" : ""CLI_FRA_Default"", ""trusted_cli_policy"" : false, ""calling_cli_match_all_sites"" : false, ""equipment_type"" : ""SIPDA"", ""calling_site_cli_algo"" : ""DIV_FROM""}"
4420,173948,"{""id"" : 173948, ""name"" : ""IMNL2016_Trk"", ""t1t7"" : ""2395369"", ""vpn_id"" : ""4420"", ""id_default_site"" : 264094, ""csp_customer_identifier"" : null, ""global_call_limiter"" : null, ""scl_id"" : null, ""number_pre_analysis_name"" : ""zzz_CLI_HKG__001_000"", ""trusted_cli_policy"" : false, ""calling_cli_match_all_sites"" : false, ""equipment_type"" : ""SIPDA"", ""calling_site_cli_algo"" : ""DIV_FROM""}"
10002216,89421,"{""id"" : 89421, ""name"" : ""2330655"", ""t1t7"" : ""2330655"", ""vpn_id"" : ""10002216"", ""id_default_site"" : 102953, ""csp_customer_identifier"" : null, ""global_call_limiter"" : null, ""scl_id"" : null, ""number_pre_analysis_name"" : ""CLI_FRA_Default"", ""trusted_cli_policy"" : false, ""calling_cli_match_all_sites"" : false, ""equipment_type"" : ""SIPDA"", ""calling_site_cli_algo"" : ""DIV_FROM""}"
10018703,66225,"{""id"" : 66225, ""name"" : ""2265061"", ""t1t7"" : ""2265061"", ""vpn_id"" : ""10018703"", ""id_default_site"" : 398451, ""csp_customer_identifier"" : null, ""global_call_limiter"" : null, ""scl_id"" : null, ""number_pre_analysis_name"" : ""CLI_FRA_Default"", ""trusted_cli_policy"" : false, ""calling_cli_match_all_sites"" : false, ""equipment_type"" : ""SIPDA"", ""calling_site_cli_algo"" : ""DIV_FROM""}"
10003499,141649,"{""id"" : 141649, ""name"" : ""2235571"", ""t1t7"" : ""2235571"", ""vpn_id"" : ""10003499"", ""id_default_site"" : 219848, ""csp_customer_identifier"" : null, ""global_call_limiter"" : null, ""scl_id"" : null, ""number_pre_analysis_name"" : ""GENERIC_CLI_PROCESSING"", ""trusted_cli_policy"" : false, ""calling_cli_match_all_sites"" : false, ""equipment_type"" : ""SIPDA"", ""calling_site_cli_algo"" : ""DIV_FROM""}"
4856,64404,"{""id"" : 64404, ""name"" : ""NICE_GCBUAMR_8964006"", ""t1t7"" : ""8964006"", ""vpn_id"" : ""4856"", ""id_default_site"" : 362860, ""csp_customer_identifier"" : null, ""global_call_limiter"" : 113, ""scl_id"" : null, ""number_pre_analysis_name"" : ""GENERIC_CLI_PROCESSING"", ""trusted_cli_policy"" : false, ""calling_cli_match_all_sites"" : false, ""equipment_type"" : ""SIPDA"", ""calling_site_cli_algo"" : ""DIV_FROM""}"
10010180,21101,"{""id"" : 21101, ""name"" : ""2335019"", ""t1t7"" : ""2335019"", ""vpn_id"" : ""10010180"", ""id_default_site"" : 173441, ""csp_customer_identifier"" : null, ""global_call_limiter"" : 186, ""scl_id"" : null, ""number_pre_analysis_name"" : ""CLI_FRA_Default"", ""trusted_cli_policy"" : false, ""calling_cli_match_all_sites"" : false, ""equipment_type"" : ""SIPDA"", ""calling_site_cli_algo"" : ""DIV_FROM""}"
4167,39724,"{""id"" : 39724, ""name"" : ""2305247"", ""t1t7"" : ""2305247"", ""vpn_id"" : ""4167"", ""id_default_site"" : 13192, ""csp_customer_identifier"" : null, ""global_call_limiter"" : null, ""scl_id"" : null, ""number_pre_analysis_name"" : ""CLI_FRA_Default"", ""trusted_cli_policy"" : false, ""calling_cli_match_all_sites"" : false, ""equipment_type"" : ""SIPDA"", ""calling_site_cli_algo"" : ""DIV_FROM""}"
3861,126804,"{""id"" : 126804, ""name"" : ""PSAL195_SIP_LYNC"", ""t1t7"" : ""2390156"", ""vpn_id"" : ""3861"", ""id_default_site"" : 201145, ""csp_customer_identifier"" : null, ""global_call_limiter"" : null, ""scl_id"" : null, ""number_pre_analysis_name"" : ""CLI_SLV_Default"", ""trusted_cli_policy"" : false, ""calling_cli_match_all_sites"" : false, ""equipment_type"" : ""SIPDA"", ""calling_site_cli_algo"" : ""DIV_FROM""}"
3737,48083,"{""id"" : 48083, ""name"" : ""JPN_TK_BT_SIP"", ""t1t7"" : ""2395344"", ""vpn_id"" : ""3737"", ""id_default_site"" : -1, ""csp_customer_identifier"" : null, ""global_call_limiter"" : 100, ""scl_id"" : null, ""number_pre_analysis_name"" : ""CLI_HKG_Default"", ""trusted_cli_policy"" : false, ""calling_cli_match_all_sites"" : false, ""equipment_type"" : ""SIPDA"", ""calling_site_cli_algo"" : ""DIV_FROM""}"
7171,65203,"{""id"" : 65203, ""name"" : ""Genesys_gbsmxecprod"", ""t1t7"" : ""8954005"", ""vpn_id"" : ""7171"", ""id_default_site"" : 389030, ""csp_customer_identifier"" : null, ""global_call_limiter"" : 150, ""scl_id"" : null, ""number_pre_analysis_name"" : ""GENERIC_CLI_PROCESSING"", ""trusted_cli_policy"" : false, ""calling_cli_match_all_sites"" : false, ""equipment_type"" : ""SIPDA"", ""calling_site_cli_algo"" : ""DIV_FROM""}"
4182,72551,"{""id"" : 72551, ""name"" : ""5105090"", ""t1t7"" : ""5105090"", ""vpn_id"" : ""4182"", ""id_default_site"" : 18325, ""csp_customer_identifier"" : null, ""global_call_limiter"" : null, ""scl_id"" : null, ""number_pre_analysis_name"" : ""CLI_FRA_Default"", ""trusted_cli_policy"" : false, ""calling_cli_match_all_sites"" : false, ""equipment_type"" : ""SIPDA"", ""calling_site_cli_algo"" : ""DIV_FROM""}"
10005445,53798,"{""id"" : 53798, ""name"" : ""2260008"", ""t1t7"" : ""2260008"", ""vpn_id"" : ""10005445"", ""id_default_site"" : 330539, ""csp_customer_identifier"" : null, ""global_call_limiter"" : null, ""scl_id"" : null, ""number_pre_analysis_name"" : ""CLI_FRA_Default"", ""trusted_cli_policy"" : false, ""calling_cli_match_all_sites"" : false, ""equipment_type"" : ""SIPDA"", ""calling_site_cli_algo"" : ""DIV_FROM""}"
10005162,63395,"{""id"" : 63395, ""name"" : ""2214484"", ""t1t7"" : ""2214484"", ""vpn_id"" : ""10005162"", ""id_default_site"" : 374695, ""csp_customer_identifier"" : null, ""global_call_limiter"" : null, ""scl_id"" : null, ""number_pre_analysis_name"" : ""CLI_FRA_Default"", ""trusted_cli_policy"" : false, ""calling_cli_match_all_sites"" : false, ""equipment_type"" : ""SIPDA"", ""calling_site_cli_algo"" : ""DIV_FROM""}"
10004912,5385,"{""id"" : 5385, ""name"" : ""5104191"", ""t1t7"" : ""5104191"", ""vpn_id"" : ""10004912"", ""id_default_site"" : 46562, ""csp_customer_identifier"" : null, ""global_call_limiter"" : null, ""scl_id"" : null, ""number_pre_analysis_name"" : ""CLI_FRA_Default"", ""trusted_cli_policy"" : false, ""calling_cli_match_all_sites"" : false, ""equipment_type"" : ""SIPDA"", ""calling_site_cli_algo"" : ""DIV_FROM""}"
10000212,38009,"{""id"" : 38009, ""name"" : ""2305096"", ""t1t7"" : ""2305096"", ""vpn_id"" : ""10000212"", ""id_default_site"" : 43224, ""csp_customer_identifier"" : null, ""global_call_limiter"" : null, ""scl_id"" : null, ""number_pre_analysis_name"" : ""CLI_FRA_Default"", ""trusted_cli_policy"" : false, ""calling_cli_match_all_sites"" : false, ""equipment_type"" : ""SIPDA"", ""calling_site_cli_algo"" : ""DIV_FROM""}"
7352,19541,"{""id"" : 19541, ""name"" : ""wbx_EUR_0026014697"", ""t1t7"" : ""8860496"", ""vpn_id"" : ""7352"", ""id_default_site"" : -1, ""csp_customer_identifier"" : null, ""global_call_limiter"" : 250, ""scl_id"" : null, ""number_pre_analysis_name"" : ""GENERIC_CLI_PROCESSING"", ""trusted_cli_policy"" : false, ""calling_cli_match_all_sites"" : false, ""equipment_type"" : ""SIPDA"", ""calling_site_cli_algo"" : ""DIV_FROM""}"
10002240,68911,"{""id"" : 68911, ""name"" : ""2218719"", ""t1t7"" : ""2218719"", ""vpn_id"" : ""10002240"", ""id_default_site"" : 416781, ""csp_customer_identifier"" : null, ""global_call_limiter"" : null, ""scl_id"" : null, ""number_pre_analysis_name"" : ""CLI_FRA_Default"", ""trusted_cli_policy"" : false, ""calling_cli_match_all_sites"" : false, ""equipment_type"" : ""SIPDA"", ""calling_site_cli_algo"" : ""DIV_FROM""}"
3272,123484,"{""id"" : 123484, ""name"" : ""2220502"", ""t1t7"" : ""2220502"", ""vpn_id"" : ""3272"", ""id_default_site"" : 9782, ""csp_customer_identifier"" : null, ""global_call_limiter"" : null, ""scl_id"" : null, ""number_pre_analysis_name"" : ""CLI_FRA_Default"", ""trusted_cli_policy"" : false, ""calling_cli_match_all_sites"" : false, ""equipment_type"" : ""SIPDA"", ""calling_site_cli_algo"" : ""DIV_FROM""}"
10000223,38544,"{""id"" : 38544, ""name"" : ""2305115"", ""t1t7"" : ""2305115"", ""vpn_id"" : ""10000223"", ""id_default_site"" : 43738, ""csp_customer_identifier"" : null, ""global_call_limiter"" : null, ""scl_id"" : null, ""number_pre_analysis_name"" : ""CLI_FRA_Default"", ""trusted_cli_policy"" : false, ""calling_cli_match_all_sites"" : false, ""equipment_type"" : ""SIPDA"", ""calling_site_cli_algo"" : ""DIV_FROM""}"
10002046,159221,"{""id"" : 159221, ""name"" : ""2327077"", ""t1t7"" : ""2327077"", ""vpn_id"" : ""10002046"", ""id_default_site"" : 243454, ""csp_customer_identifier"" : null, ""global_call_limiter"" : null, ""scl_id"" : null, ""number_pre_analysis_name"" : ""CLI_FRA_Default"", ""trusted_cli_policy"" : false, ""calling_cli_match_all_sites"" : false, ""equipment_type"" : ""SIPDA"", ""calling_site_cli_algo"" : ""DIV_FROM""}"
10004270,49713,"{""id"" : 49713, ""name"" : ""2351496"", ""t1t7"" : ""2351496"", ""vpn_id"" : ""10004270"", ""id_default_site"" : 315038, ""csp_customer_identifier"" : null, ""global_call_limiter"" : null, ""scl_id"" : null, ""number_pre_analysis_name"" : ""CLI_FRA_Default"", ""trusted_cli_policy"" : false, ""calling_cli_match_all_sites"" : false, ""equipment_type"" : ""SIPDA"", ""calling_site_cli_algo"" : ""DIV_FROM""}"
10002757,123402,"{""id"" : 123402, ""name"" : ""2216741"", ""t1t7"" : ""2216741"", ""vpn_id"" : ""10002757"", ""id_default_site"" : 198387, ""csp_customer_identifier"" : null, ""global_call_limiter"" : null, ""scl_id"" : null, ""number_pre_analysis_name"" : ""CLI_FRA_Default"", ""trusted_cli_policy"" : false, ""calling_cli_match_all_sites"" : false, ""equipment_type"" : ""SIPDA"", ""calling_site_cli_algo"" : ""DIV_FROM""}"
10014436,74151,"{""id"" : 74151, ""name"" : ""2350135"", ""t1t7"" : ""2350135"", ""vpn_id"" : ""10014436"", ""id_default_site"" : 448931, ""csp_customer_identifier"" : null, ""global_call_limiter"" : null, ""scl_id"" : null, ""number_pre_analysis_name"" : ""CLI_FRA_Default"", ""trusted_cli_policy"" : false, ""calling_cli_match_all_sites"" : false, ""equipment_type"" : ""SIPDA"", ""calling_site_cli_algo"" : ""DIV_FROM""}"
10003631,55103,"{""id"" : 55103, ""name"" : ""2241096"", ""t1t7"" : ""2241096"", ""vpn_id"" : ""10003631"", ""id_default_site"" : 336225, ""csp_customer_identifier"" : null, ""global_call_limiter"" : null, ""scl_id"" : null, ""number_pre_analysis_name"" : ""CLI_FRA_Default"", ""trusted_cli_policy"" : false, ""calling_cli_match_all_sites"" : false, ""equipment_type"" : ""SIPDA"", ""calling_site_cli_algo"" : ""DIV_FROM""}"
10010066,59917,"{""id"" : 59917, ""name"" : ""2251331"", ""t1t7"" : ""2251331"", ""vpn_id"" : ""10010066"", ""id_default_site"" : 354122, ""csp_customer_identifier"" : null, ""global_call_limiter"" : null, ""scl_id"" : null, ""number_pre_analysis_name"" : ""CLI_FRA_Default"", ""trusted_cli_policy"" : false, ""calling_cli_match_all_sites"" : false, ""equipment_type"" : ""SIPDA"", ""calling_site_cli_algo"" : ""DIV_FROM""}"
9916,56226,"{""id"" : 56226, ""name"" : ""PSCL637"", ""t1t7"" : ""2390041"", ""vpn_id"" : ""9916"", ""id_default_site"" : -1, ""csp_customer_identifier"" : null, ""global_call_limiter"" : 13, ""scl_id"" : null, ""number_pre_analysis_name"" : ""CLI_CHL_Default"", ""trusted_cli_policy"" : false, ""calling_cli_match_all_sites"" : false, ""equipment_type"" : ""SIPDA"", ""calling_site_cli_algo"" : ""DIV_FROM""}"
10001163,66945,"{""id"" : 66945, ""name"" : ""2325078"", ""t1t7"" : ""2325078"", ""vpn_id"" : ""10001163"", ""id_default_site"" : 69966, ""csp_customer_identifier"" : null, ""global_call_limiter"" : null, ""scl_id"" : null, ""number_pre_analysis_name"" : ""GENERIC_CLI_PROCESSING"", ""trusted_cli_policy"" : false, ""calling_cli_match_all_sites"" : false, ""equipment_type"" : ""SIPDA"", ""calling_site_cli_algo"" : ""DIV_FROM""}"
10003501,71971,"{""id"" : 71971, ""name"" : ""5106017"", ""t1t7"" : ""5106017"", ""vpn_id"" : ""10003501"", ""id_default_site"" : 436460, ""csp_customer_identifier"" : null, ""global_call_limiter"" : null, ""scl_id"" : null, ""number_pre_analysis_name"" : ""CLI_FRA_Default"", ""trusted_cli_policy"" : false, ""calling_cli_match_all_sites"" : false, ""equipment_type"" : ""SIPDA"", ""calling_site_cli_algo"" : ""DIV_FROM""}"
10002476,69939,"{""id"" : 69939, ""name"" : ""5105021"", ""t1t7"" : ""5105021"", ""vpn_id"" : ""10002476"", ""id_default_site"" : 422490, ""csp_customer_identifier"" : null, ""global_call_limiter"" : null, ""scl_id"" : null, ""number_pre_analysis_name"" : ""CLI_FRA_Default"", ""trusted_cli_policy"" : false, ""calling_cli_match_all_sites"" : false, ""equipment_type"" : ""SIPDA"", ""calling_site_cli_algo"" : ""DIV_FROM""}"
3886,69242,"{""id"" : 69242, ""name"" : ""5102000"", ""t1t7"" : ""5102000"", ""vpn_id"" : ""3886"", ""id_default_site"" : 418928, ""csp_customer_identifier"" : null, ""global_call_limiter"" : null, ""scl_id"" : null, ""number_pre_analysis_name"" : ""CLI_FRA_Default"", ""trusted_cli_policy"" : false, ""calling_cli_match_all_sites"" : false, ""equipment_type"" : ""SIPDA"", ""calling_site_cli_algo"" : ""DIV_FROM""}"
10006105,72834,"{""id"" : 72834, ""name"" : ""2275054"", ""t1t7"" : ""2275054"", ""vpn_id"" : ""10006105"", ""id_default_site"" : 441806, ""csp_customer_identifier"" : null, ""global_call_limiter"" : null, ""scl_id"" : null, ""number_pre_analysis_name"" : ""CLI_FRA_Default"", ""trusted_cli_policy"" : false, ""calling_cli_match_all_sites"" : false, ""equipment_type"" : ""SIPDA"", ""calling_site_cli_algo"" : ""DIV_FROM""}"
10004506,49027,"{""id"" : 49027, ""name"" : ""2351391"", ""t1t7"" : ""2351391"", ""vpn_id"" : ""10004506"", ""id_default_site"" : 27970, ""csp_customer_identifier"" : null, ""global_call_limiter"" : null, ""scl_id"" : null, ""number_pre_analysis_name"" : ""CLI_FRA_Default"", ""trusted_cli_policy"" : false, ""calling_cli_match_all_sites"" : false, ""equipment_type"" : ""SIPDA"", ""calling_site_cli_algo"" : ""DIV_FROM""}"
10001286,72253,"{""id"" : 72253, ""name"" : ""5105084"", ""t1t7"" : ""5105084"", ""vpn_id"" : ""10001286"", ""id_default_site"" : 438338, ""csp_customer_identifier"" : null, ""global_call_limiter"" : null, ""scl_id"" : null, ""number_pre_analysis_name"" : ""CLI_FRA_Default"", ""trusted_cli_policy"" : false, ""calling_cli_match_all_sites"" : false, ""equipment_type"" : ""SIPDA"", ""calling_site_cli_algo"" : ""DIV_FROM""}"
10002806,59592,"{""id"" : 59592, ""name"" : ""2220354"", ""t1t7"" : ""2220354"", ""vpn_id"" : ""10002806"", ""id_default_site"" : 355250, ""csp_customer_identifier"" : null, ""global_call_limiter"" : null, ""scl_id"" : null, ""number_pre_analysis_name"" : ""CLI_FRA_Default"", ""trusted_cli_policy"" : false, ""calling_cli_match_all_sites"" : false, ""equipment_type"" : ""SIPDA"", ""calling_site_cli_algo"" : ""DIV_FROM""}"
10008577,68107,"{""id"" : 68107, ""name"" : ""5105003"", ""t1t7"" : ""5105003"", ""vpn_id"" : ""10008577"", ""id_default_site"" : 410957, ""csp_customer_identifier"" : null, ""global_call_limiter"" : null, ""scl_id"" : null, ""number_pre_analysis_name"" : ""CLI_FRA_Default"", ""trusted_cli_policy"" : false, ""calling_cli_match_all_sites"" : false, ""equipment_type"" : ""SIPDA"", ""calling_site_cli_algo"" : ""DIV_FROM""}"
10011365,65546,"{""id"" : 65546, ""name"" : ""2316064"", ""t1t7"" : ""2316064"", ""vpn_id"" : ""10011365"", ""id_default_site"" : 392238, ""csp_customer_identifier"" : null, ""global_call_limiter"" : null, ""scl_id"" : null, ""number_pre_analysis_name"" : ""CLI_FRA_Default"", ""trusted_cli_policy"" : false, ""calling_cli_match_all_sites"" : false, ""equipment_type"" : ""SIPDA"", ""calling_site_cli_algo"" : ""DIV_FROM""}"
10001203,57402,"{""id"" : 57402, ""name"" : ""2223144"", ""t1t7"" : ""2223144"", ""vpn_id"" : ""10001203"", ""id_default_site"" : 346343, ""csp_customer_identifier"" : null, ""global_call_limiter"" : null, ""scl_id"" : null, ""number_pre_analysis_name"" : ""CLI_FRA_Default"", ""trusted_cli_policy"" : false, ""calling_cli_match_all_sites"" : false, ""equipment_type"" : ""SIPDA"", ""calling_site_cli_algo"" : ""DIV_FROM""}"
4522,71078,"{""id"" : 71078, ""name"" : ""Singapore-Staging"", ""t1t7"" : ""2365281"", ""vpn_id"" : ""4522"", ""id_default_site"" : 326471, ""csp_customer_identifier"" : null, ""global_call_limiter"" : 30, ""scl_id"" : null, ""number_pre_analysis_name"" : ""GENERIC_CLI_PROCESSING"", ""trusted_cli_policy"" : false, ""calling_cli_match_all_sites"" : false, ""equipment_type"" : ""SIPDA"", ""calling_site_cli_algo"" : ""DIV_FROM""}"
10008125,55555,"{""id"" : 55555, ""name"" : ""2351726"", ""t1t7"" : ""2351726"", ""vpn_id"" : ""10008125"", ""id_default_site"" : 338055, ""csp_customer_identifier"" : null, ""global_call_limiter"" : null, ""scl_id"" : null, ""number_pre_analysis_name"" : ""CLI_FRA_Default"", ""trusted_cli_policy"" : false, ""calling_cli_match_all_sites"" : false, ""equipment_type"" : ""SIPDA"", ""calling_site_cli_algo"" : ""DIV_FROM""}"
10003732,69033,"{""id"" : 69033, ""name"" : ""2218258"", ""t1t7"" : ""2218258"", ""vpn_id"" : ""10003732"", ""id_default_site"" : 417568, ""csp_customer_identifier"" : null, ""global_call_limiter"" : null, ""scl_id"" : null, ""number_pre_analysis_name"" : ""CLI_FRA_Default"", ""trusted_cli_policy"" : false, ""calling_cli_match_all_sites"" : false, ""equipment_type"" : ""SIPDA"", ""calling_site_cli_algo"" : ""DIV_FROM""}"
4355,49793,"{""id"" : 49793, ""name"" : ""pnlo022"", ""t1t7"" : ""2360092"", ""vpn_id"" : ""4355"", ""id_default_site"" : 315457, ""csp_customer_identifier"" : null, ""global_call_limiter"" : null, ""scl_id"" : null, ""number_pre_analysis_name"" : ""CLI_COG_Default"", ""trusted_cli_policy"" : false, ""calling_cli_match_all_sites"" : false, ""equipment_type"" : ""SIPDA"", ""calling_site_cli_algo"" : ""DIV_FROM""}"
10003925,157301,"{""id"" : 157301, ""name"" : ""2301637"", ""t1t7"" : ""2301637"", ""vpn_id"" : ""10003925"", ""id_default_site"" : 240734, ""csp_customer_identifier"" : null, ""global_call_limiter"" : null, ""scl_id"" : null, ""number_pre_analysis_name"" : ""CLI_FRA_Default"", ""trusted_cli_policy"" : false, ""calling_cli_match_all_sites"" : false, ""equipment_type"" : ""SIPDA"", ""calling_site_cli_algo"" : ""DIV_FROM""}"
10001176,68347,"{""id"" : 68347, ""name"" : ""2325105"", ""t1t7"" : ""2325105"", ""vpn_id"" : ""10001176"", ""id_default_site"" : 71207, ""csp_customer_identifier"" : null, ""global_call_limiter"" : null, ""scl_id"" : null, ""number_pre_analysis_name"" : ""CLI_FRA_Default"", ""trusted_cli_policy"" : false, ""calling_cli_match_all_sites"" : false, ""equipment_type"" : ""SIPDA"", ""calling_site_cli_algo"" : ""DIV_FROM""}"
10005393,51391,"{""id"" : 51391, ""name"" : ""2250080"", ""t1t7"" : ""2250080"", ""vpn_id"" : ""10005393"", ""id_default_site"" : 43191, ""csp_customer_identifier"" : null, ""global_call_limiter"" : null, ""scl_id"" : null, ""number_pre_analysis_name"" : ""CLI_FRA_Default"", ""trusted_cli_policy"" : false, ""calling_cli_match_all_sites"" : false, ""equipment_type"" : ""SIPDA"", ""calling_site_cli_algo"" : ""DIV_FROM""}"
10000956,47785,"{""id"" : 47785, ""name"" : ""2321897"", ""t1t7"" : ""2321897"", ""vpn_id"" : ""10000956"", ""id_default_site"" : 290663, ""csp_customer_identifier"" : null, ""global_call_limiter"" : null, ""scl_id"" : null, ""number_pre_analysis_name"" : ""CLI_FRA_Default"", ""trusted_cli_policy"" : false, ""calling_cli_match_all_sites"" : false, ""equipment_type"" : ""SIPDA"", ""calling_site_cli_algo"" : ""DIV_FROM""}"
10008306,16561,"{""id"" : 16561, ""name"" : ""2214013"", ""t1t7"" : ""2214013"", ""vpn_id"" : ""10008306"", ""id_default_site"" : 136441, ""csp_customer_identifier"" : null, ""global_call_limiter"" : null, ""scl_id"" : null, ""number_pre_analysis_name"" : ""CLI_FRA_Default"", ""trusted_cli_policy"" : false, ""calling_cli_match_all_sites"" : false, ""equipment_type"" : ""SIPDA"", ""calling_site_cli_algo"" : ""DIV_FROM""}"
4916,145122,"{""id"" : 145122, ""name"" : ""PATH1998"", ""t1t7"" : ""2385600"", ""vpn_id"" : ""4916"", ""id_default_site"" : -1, ""csp_customer_identifier"" : null, ""global_call_limiter"" : null, ""scl_id"" : null, ""number_pre_analysis_name"" : ""CLI_GRC_Default"", ""trusted_cli_policy"" : false, ""calling_cli_match_all_sites"" : false, ""equipment_type"" : ""SIPDA"", ""calling_site_cli_algo"" : ""DIV_FROM""}"
10003746,68851,"{""id"" : 68851, ""name"" : ""2351379"", ""t1t7"" : ""2351379"", ""vpn_id"" : ""10003746"", ""id_default_site"" : 411975, ""csp_customer_identifier"" : null, ""global_call_limiter"" : null, ""scl_id"" : null, ""number_pre_analysis_name"" : ""FRA_Default"", ""trusted_cli_policy"" : false, ""calling_cli_match_all_sites"" : false, ""equipment_type"" : ""SIPDA"", ""calling_site_cli_algo"" : ""DIV_FROM""}"
10002766,138901,"{""id"" : 138901, ""name"" : ""2216976"", ""t1t7"" : ""2216976"", ""vpn_id"" : ""10002766"", ""id_default_site"" : 222678, ""csp_customer_identifier"" : null, ""global_call_limiter"" : null, ""scl_id"" : null, ""number_pre_analysis_name"" : ""CLI_FRA_Default"", ""trusted_cli_policy"" : false, ""calling_cli_match_all_sites"" : false, ""equipment_type"" : ""SIPDA"", ""calling_site_cli_algo"" : ""DIV_FROM""}"
10009548,11430,"{""id"" : 11430, ""name"" : ""2225026"", ""t1t7"" : ""2225026"", ""vpn_id"" : ""10009548"", ""id_default_site"" : 89522, ""csp_customer_identifier"" : null, ""global_call_limiter"" : null, ""scl_id"" : null, ""number_pre_analysis_name"" : ""CLI_FRA_Default"", ""trusted_cli_policy"" : false, ""calling_cli_match_all_sites"" : false, ""equipment_type"" : ""SIPDA"", ""calling_site_cli_algo"" : ""DIV_FROM""}"
4825,53661,"{""id"" : 53661, ""name"" : ""IPHM0003"", ""t1t7"" : ""2385123"", ""vpn_id"" : ""4825"", ""id_default_site"" : -1, ""csp_customer_identifier"" : null, ""global_call_limiter"" : null, ""scl_id"" : null, ""number_pre_analysis_name"" : ""CLI_DEU_Default"", ""trusted_cli_policy"" : false, ""calling_cli_match_all_sites"" : false, ""equipment_type"" : ""SIPDA"", ""calling_site_cli_algo"" : ""DIV_FROM""}"
7303,71249,"{""id"" : 71249, ""name"" : ""AME_MVP_CHE_2373509"", ""t1t7"" : ""2373509"", ""vpn_id"" : ""7303"", ""id_default_site"" : -1, ""csp_customer_identifier"" : null, ""global_call_limiter"" : null, ""scl_id"" : null, ""number_pre_analysis_name"" : ""GENERIC_CLI_PROCESSING"", ""trusted_cli_policy"" : false, ""calling_cli_match_all_sites"" : false, ""equipment_type"" : ""SIPDA"", ""calling_site_cli_algo"" : ""DIV_FROM""}"
10003032,70836,"{""id"" : 70836, ""name"" : ""2218803"", ""t1t7"" : ""2218803"", ""vpn_id"" : ""10003032"", ""id_default_site"" : 428638, ""csp_customer_identifier"" : null, ""global_call_limiter"" : null, ""scl_id"" : null, ""number_pre_analysis_name"" : ""CLI_FRA_Default"", ""trusted_cli_policy"" : false, ""calling_cli_match_all_sites"" : false, ""equipment_type"" : ""SIPDA"", ""calling_site_cli_algo"" : ""DIV_FROM""}"
3993,51054,"{""id"" : 51054, ""name"" : ""EUMA_BZFJ714"", ""t1t7"" : ""2360278"", ""vpn_id"" : ""3993"", ""id_default_site"" : 39987, ""csp_customer_identifier"" : null, ""global_call_limiter"" : null, ""scl_id"" : null, ""number_pre_analysis_name"" : ""CLI_FRA_Default"", ""trusted_cli_policy"" : false, ""calling_cli_match_all_sites"" : false, ""equipment_type"" : ""SIPDA"", ""calling_site_cli_algo"" : ""DIV_FROM""}"
10002920,122927,"{""id"" : 122927, ""name"" : ""2220508"", ""t1t7"" : ""2220508"", ""vpn_id"" : ""10002920"", ""id_default_site"" : 197727, ""csp_customer_identifier"" : null, ""global_call_limiter"" : null, ""scl_id"" : null, ""number_pre_analysis_name"" : ""CLI_FRA_Default"", ""trusted_cli_policy"" : false, ""calling_cli_match_all_sites"" : false, ""equipment_type"" : ""SIPDA"", ""calling_site_cli_algo"" : ""DIV_FROM""}"
7382,73789,"{""id"" : 73789, ""name"" : ""Webex_APAC"", ""t1t7"" : ""8946005"", ""vpn_id"" : ""7382"", ""id_default_site"" : -1, ""csp_customer_identifier"" : null, ""global_call_limiter"" : 90, ""scl_id"" : null, ""number_pre_analysis_name"" : ""GENERIC_CLI_PROCESSING"", ""trusted_cli_policy"" : false, ""calling_cli_match_all_sites"" : false, ""equipment_type"" : ""SIPDA"", ""calling_site_cli_algo"" : ""DIV_FROM""}"
4919,64122,"{""id"" : 64122, ""name"" : ""Cisco_2385893_EMEA"", ""t1t7"" : ""2385893"", ""vpn_id"" : ""4919"", ""id_default_site"" : -1, ""csp_customer_identifier"" : null, ""global_call_limiter"" : 2000, ""scl_id"" : null, ""number_pre_analysis_name"" : ""GENERIC_CLI_PROCESSING"", ""trusted_cli_policy"" : false, ""calling_cli_match_all_sites"" : false, ""equipment_type"" : ""SIPDA"", ""calling_site_cli_algo"" : ""DIV_FROM""}"
10004570,48039,"{""id"" : 48039, ""name"" : ""2245059"", ""t1t7"" : ""2245059"", ""vpn_id"" : ""10004570"", ""id_default_site"" : 23142, ""csp_customer_identifier"" : null, ""global_call_limiter"" : null, ""scl_id"" : null, ""number_pre_analysis_name"" : ""CLI_FRA_Default"", ""trusted_cli_policy"" : false, ""calling_cli_match_all_sites"" : false, ""equipment_type"" : ""SIPDA"", ""calling_site_cli_algo"" : ""DIV_FROM""}"
10000603,29943,"{""id"" : 29943, ""name"" : ""2315504"", ""t1t7"" : ""2315504"", ""vpn_id"" : ""10000603"", ""id_default_site"" : 19389, ""csp_customer_identifier"" : null, ""global_call_limiter"" : null, ""scl_id"" : null, ""number_pre_analysis_name"" : ""CLI_FRA_Default"", ""trusted_cli_policy"" : false, ""calling_cli_match_all_sites"" : false, ""equipment_type"" : ""SIPDA"", ""calling_site_cli_algo"" : ""DIV_FROM""}"
10004413,9942,"{""id"" : 9942, ""name"" : ""2214758"", ""t1t7"" : ""2214758"", ""vpn_id"" : ""10004413"", ""id_default_site"" : 77161, ""csp_customer_identifier"" : null, ""global_call_limiter"" : null, ""scl_id"" : null, ""number_pre_analysis_name"" : ""CLI_FRA_Default"", ""trusted_cli_policy"" : false, ""calling_cli_match_all_sites"" : false, ""equipment_type"" : ""SIPDA"", ""calling_site_cli_algo"" : ""DIV_FROM""}"
10000949,9123,"{""id"" : 9123, ""name"" : ""2218115"", ""t1t7"" : ""2218115"", ""vpn_id"" : ""10000949"", ""id_default_site"" : 71961, ""csp_customer_identifier"" : null, ""global_call_limiter"" : null, ""scl_id"" : null, ""number_pre_analysis_name"" : ""CLI_FRA_Default"", ""trusted_cli_policy"" : false, ""calling_cli_match_all_sites"" : false, ""equipment_type"" : ""SIPDA"", ""calling_site_cli_algo"" : ""DIV_FROM""}"
7062,69412,"{""id"" : 69412, ""name"" : ""ALDI_Helmstadt"", ""t1t7"" : ""2360485"", ""vpn_id"" : ""7062"", ""id_default_site"" : -1, ""csp_customer_identifier"" : null, ""global_call_limiter"" : 20, ""scl_id"" : null, ""number_pre_analysis_name"" : ""GENERIC_CLI_PROCESSING"", ""trusted_cli_policy"" : false, ""calling_cli_match_all_sites"" : false, ""equipment_type"" : ""SIPDA"", ""calling_site_cli_algo"" : ""DIV_FROM""}"
10016886,61999,"{""id"" : 61999, ""name"" : ""2214420"", ""t1t7"" : ""2214420"", ""vpn_id"" : ""10016886"", ""id_default_site"" : 366435, ""csp_customer_identifier"" : null, ""global_call_limiter"" : null, ""scl_id"" : null, ""number_pre_analysis_name"" : ""CLI_FRA_Default"", ""trusted_cli_policy"" : false, ""calling_cli_match_all_sites"" : false, ""equipment_type"" : ""SIPDA"", ""calling_site_cli_algo"" : ""DIV_FROM""}"
10001292,76924,"{""id"" : 76924, ""name"" : ""2325378"", ""t1t7"" : ""2325378"", ""vpn_id"" : ""10001292"", ""id_default_site"" : 81116, ""csp_customer_identifier"" : null, ""global_call_limiter"" : null, ""scl_id"" : null, ""number_pre_analysis_name"" : ""CLI_FRA_Default"", ""trusted_cli_policy"" : false, ""calling_cli_match_all_sites"" : false, ""equipment_type"" : ""SIPDA"", ""calling_site_cli_algo"" : ""DIV_FROM""}"
10000427,44178,"{""id"" : 44178, ""name"" : ""2300478"", ""t1t7"" : ""2300478"", ""vpn_id"" : ""10000427"", ""id_default_site"" : 48905, ""csp_customer_identifier"" : null, ""global_call_limiter"" : null, ""scl_id"" : null, ""number_pre_analysis_name"" : ""CLI_FRA_Default"", ""trusted_cli_policy"" : false, ""calling_cli_match_all_sites"" : false, ""equipment_type"" : ""SIPDA"", ""calling_site_cli_algo"" : ""DIV_FROM""}"
10008601,11641,"{""id"" : 11641, ""name"" : ""2214539"", ""t1t7"" : ""2214539"", ""vpn_id"" : ""10008601"", ""id_default_site"" : 91581, ""csp_customer_identifier"" : null, ""global_call_limiter"" : null, ""scl_id"" : null, ""number_pre_analysis_name"" : ""CLI_FRA_Default"", ""trusted_cli_policy"" : false, ""calling_cli_match_all_sites"" : false, ""equipment_type"" : ""SIPDA"", ""calling_site_cli_algo"" : ""DIV_FROM""}"
5106,124025,"{""id"" : 124025, ""name"" : ""2320090"", ""t1t7"" : ""2320090"", ""vpn_id"" : ""5106"", ""id_default_site"" : 198799, ""csp_customer_identifier"" : null, ""global_call_limiter"" : null, ""scl_id"" : null, ""number_pre_analysis_name"" : ""CLI_FRA_Default"", ""trusted_cli_policy"" : false, ""calling_cli_match_all_sites"" : false, ""equipment_type"" : ""SIPDA"", ""calling_site_cli_algo"" : ""DIV_FROM""}"
7352,73738,"{""id"" : 73738, ""name"" : ""wbx_EUR_0025937591"", ""t1t7"" : ""8860180"", ""vpn_id"" : ""7352"", ""id_default_site"" : -1, ""csp_customer_identifier"" : null, ""global_call_limiter"" : 250, ""scl_id"" : null, ""number_pre_analysis_name"" : ""GENERIC_CLI_PROCESSING"", ""trusted_cli_policy"" : false, ""calling_cli_match_all_sites"" : false, ""equipment_type"" : ""SIPDA"", ""calling_site_cli_algo"" : ""DIV_FROM""}"
10004499,47968,"{""id"" : 47968, ""name"" : ""2351207"", ""t1t7"" : ""2351207"", ""vpn_id"" : ""10004499"", ""id_default_site"" : 311072, ""csp_customer_identifier"" : null, ""global_call_limiter"" : null, ""scl_id"" : null, ""number_pre_analysis_name"" : ""CLI_FRA_Default"", ""trusted_cli_policy"" : false, ""calling_cli_match_all_sites"" : false, ""equipment_type"" : ""SIPDA"", ""calling_site_cli_algo"" : ""DIV_FROM""}"
10012984,59926,"{""id"" : 59926, ""name"" : ""2251501"", ""t1t7"" : ""2251501"", ""vpn_id"" : ""10012984"", ""id_default_site"" : 414275, ""csp_customer_identifier"" : null, ""global_call_limiter"" : null, ""scl_id"" : null, ""number_pre_analysis_name"" : ""CLI_FRA_Default"", ""trusted_cli_policy"" : false, ""calling_cli_match_all_sites"" : false, ""equipment_type"" : ""SIPDA"", ""calling_site_cli_algo"" : ""DIV_FROM""}"
3610,47654,"{""id"" : 47654, ""name"" : ""259-SIP-PDEL853"", ""t1t7"" : ""2395379"", ""vpn_id"" : ""3610"", ""id_default_site"" : 16475, ""csp_customer_identifier"" : null, ""global_call_limiter"" : null, ""scl_id"" : null, ""number_pre_analysis_name"" : ""GENERIC_CLI_PROCESSING"", ""trusted_cli_policy"" : false, ""calling_cli_match_all_sites"" : false, ""equipment_type"" : ""SIPDA"", ""calling_site_cli_algo"" : ""DIV_FROM""}"
10010312,64590,"{""id"" : 64590, ""name"" : ""2268929"", ""t1t7"" : ""2268929"", ""vpn_id"" : ""10010312"", ""id_default_site"" : 383945, ""csp_customer_identifier"" : null, ""global_call_limiter"" : null, ""scl_id"" : null, ""number_pre_analysis_name"" : ""CLI_FRA_Default"", ""trusted_cli_policy"" : false, ""calling_cli_match_all_sites"" : false, ""equipment_type"" : ""SIPDA"", ""calling_site_cli_algo"" : ""DIV_FROM""}"
10002046,155217,"{""id"" : 155217, ""name"" : ""2326726"", ""t1t7"" : ""2326726"", ""vpn_id"" : ""10002046"", ""id_default_site"" : 237909, ""csp_customer_identifier"" : null, ""global_call_limiter"" : null, ""scl_id"" : null, ""number_pre_analysis_name"" : ""CLI_FRA_Default"", ""trusted_cli_policy"" : false, ""calling_cli_match_all_sites"" : false, ""equipment_type"" : ""SIPDA"", ""calling_site_cli_algo"" : ""DIV_FROM""}"
7352,73510,"{""id"" : 73510, ""name"" : ""wbx_EUR_0025840318"", ""t1t7"" : ""8860136"", ""vpn_id"" : ""7352"", ""id_default_site"" : -1, ""csp_customer_identifier"" : null, ""global_call_limiter"" : 250, ""scl_id"" : null, ""number_pre_analysis_name"" : ""GENERIC_CLI_PROCESSING"", ""trusted_cli_policy"" : false, ""calling_cli_match_all_sites"" : false, ""equipment_type"" : ""SIPDA"", ""calling_site_cli_algo"" : ""DIV_FROM""}"
7352,17201,"{""id"" : 17201, ""name"" : ""wbx_EUR_0026023365"", ""t1t7"" : ""8860467"", ""vpn_id"" : ""7352"", ""id_default_site"" : -1, ""csp_customer_identifier"" : null, ""global_call_limiter"" : 250, ""scl_id"" : null, ""number_pre_analysis_name"" : ""GENERIC_CLI_PROCESSING"", ""trusted_cli_policy"" : false, ""calling_cli_match_all_sites"" : false, ""equipment_type"" : ""SIPDA"", ""calling_site_cli_algo"" : ""DIV_FROM""}"
10000603,30582,"{""id"" : 30582, ""name"" : ""2315503"", ""t1t7"" : ""2315503"", ""vpn_id"" : ""10000603"", ""id_default_site"" : 21891, ""csp_customer_identifier"" : null, ""global_call_limiter"" : null, ""scl_id"" : null, ""number_pre_analysis_name"" : ""CLI_FRA_Default"", ""trusted_cli_policy"" : false, ""calling_cli_match_all_sites"" : false, ""equipment_type"" : ""SIPDA"", ""calling_site_cli_algo"" : ""DIV_FROM""}"
4880,62317,"{""id"" : 62317, ""name"" : ""Coloplast-Den-BTOI2"", ""t1t7"" : ""2403816"", ""vpn_id"" : ""4880"", ""id_default_site"" : -1, ""csp_customer_identifier"" : null, ""global_call_limiter"" : 350, ""scl_id"" : null, ""number_pre_analysis_name"" : ""GENERIC_CLI_PROCESSING"", ""trusted_cli_policy"" : false, ""calling_cli_match_all_sites"" : false, ""equipment_type"" : ""SIPDA"", ""calling_site_cli_algo"" : ""DIV_FROM""}"
5456,56106,"{""id"" : 56106, ""name"" : ""2214112"", ""t1t7"" : ""2214112"", ""vpn_id"" : ""5456"", ""id_default_site"" : 340868, ""csp_customer_identifier"" : null, ""global_call_limiter"" : null, ""scl_id"" : null, ""number_pre_analysis_name"" : ""CLI_FRA_Default"", ""trusted_cli_policy"" : false, ""calling_cli_match_all_sites"" : false, ""equipment_type"" : ""SIPDA"", ""calling_site_cli_algo"" : ""DIV_FROM""}"
10002619,66053,"{""id"" : 66053, ""name"" : ""2214756"", ""t1t7"" : ""2214756"", ""vpn_id"" : ""10002619"", ""id_default_site"" : 396084, ""csp_customer_identifier"" : null, ""global_call_limiter"" : null, ""scl_id"" : null, ""number_pre_analysis_name"" : ""CLI_FRA_Default"", ""trusted_cli_policy"" : false, ""calling_cli_match_all_sites"" : false, ""equipment_type"" : ""SIPDA"", ""calling_site_cli_algo"" : ""DIV_FROM""}"
7352,11521,"{""id"" : 11521, ""name"" : ""wbx_EUR_0025972415"", ""t1t7"" : ""8860371"", ""vpn_id"" : ""7352"", ""id_default_site"" : -1, ""csp_customer_identifier"" : null, ""global_call_limiter"" : 250, ""scl_id"" : null, ""number_pre_analysis_name"" : ""GENERIC_CLI_PROCESSING"", ""trusted_cli_policy"" : false, ""calling_cli_match_all_sites"" : false, ""equipment_type"" : ""SIPDA"", ""calling_site_cli_algo"" : ""DIV_FROM""}"
7352,73237,"{""id"" : 73237, ""name"" : ""wbx_EUR_0025858639"", ""t1t7"" : ""8860094"", ""vpn_id"" : ""7352"", ""id_default_site"" : -1, ""csp_customer_identifier"" : null, ""global_call_limiter"" : 250, ""scl_id"" : null, ""number_pre_analysis_name"" : ""GENERIC_CLI_PROCESSING"", ""trusted_cli_policy"" : false, ""calling_cli_match_all_sites"" : false, ""equipment_type"" : ""SIPDA"", ""calling_site_cli_algo"" : ""DIV_FROM""}"
7089,68024,"{""id"" : 68024, ""name"" : ""NL_2403823"", ""t1t7"" : ""2403823"", ""vpn_id"" : ""7089"", ""id_default_site"" : -1, ""csp_customer_identifier"" : null, ""global_call_limiter"" : 50, ""scl_id"" : null, ""number_pre_analysis_name"" : ""GENERIC_CLI_PROCESSING"", ""trusted_cli_policy"" : false, ""calling_cli_match_all_sites"" : false, ""equipment_type"" : ""SIPDA"", ""calling_site_cli_algo"" : ""DIV_FROM""}"
10000763,37487,"{""id"" : 37487, ""name"" : ""2310251"", ""t1t7"" : ""2310251"", ""vpn_id"" : ""10000763"", ""id_default_site"" : 36865, ""csp_customer_identifier"" : null, ""global_call_limiter"" : null, ""scl_id"" : null, ""number_pre_analysis_name"" : ""CLI_FRA_Default"", ""trusted_cli_policy"" : false, ""calling_cli_match_all_sites"" : false, ""equipment_type"" : ""SIPDA"", ""calling_site_cli_algo"" : ""DIV_FROM""}"
5275,47963,"{""id"" : 47963, ""name"" : ""2321883"", ""t1t7"" : ""2321883"", ""vpn_id"" : ""5275"", ""id_default_site"" : 21060, ""csp_customer_identifier"" : null, ""global_call_limiter"" : null, ""scl_id"" : null, ""number_pre_analysis_name"" : ""CLI_FRA_Default"", ""trusted_cli_policy"" : false, ""calling_cli_match_all_sites"" : false, ""equipment_type"" : ""SIPDA"", ""calling_site_cli_algo"" : ""DIV_FROM""}"
10002065,126683,"{""id"" : 126683, ""name"" : ""2325810"", ""t1t7"" : ""2325810"", ""vpn_id"" : ""10002065"", ""id_default_site"" : 201382, ""csp_customer_identifier"" : null, ""global_call_limiter"" : null, ""scl_id"" : null, ""number_pre_analysis_name"" : ""CLI_FRA_Default"", ""trusted_cli_policy"" : false, ""calling_cli_match_all_sites"" : false, ""equipment_type"" : ""SIPDA"", ""calling_site_cli_algo"" : ""DIV_FROM""}"
10002782,120294,"{""id"" : 120294, ""name"" : ""2220128"", ""t1t7"" : ""2220128"", ""vpn_id"" : ""10002782"", ""id_default_site"" : 195351, ""csp_customer_identifier"" : null, ""global_call_limiter"" : null, ""scl_id"" : null, ""number_pre_analysis_name"" : ""CLI_FRA_Default"", ""trusted_cli_policy"" : false, ""calling_cli_match_all_sites"" : false, ""equipment_type"" : ""SIPDA"", ""calling_site_cli_algo"" : ""DIV_FROM""}"
10005069,67409,"{""id"" : 67409, ""name"" : ""2246698"", ""t1t7"" : ""2246698"", ""vpn_id"" : ""10005069"", ""id_default_site"" : 406230, ""csp_customer_identifier"" : null, ""global_call_limiter"" : null, ""scl_id"" : null, ""number_pre_analysis_name"" : ""CLI_FRA_Default"", ""trusted_cli_policy"" : false, ""calling_cli_match_all_sites"" : false, ""equipment_type"" : ""SIPDA"", ""calling_site_cli_algo"" : ""DIV_FROM""}"
10018231,71469,"{""id"" : 71469, ""name"" : ""2223293"", ""t1t7"" : ""2223293"", ""vpn_id"" : ""10018231"", ""id_default_site"" : 433166, ""csp_customer_identifier"" : null, ""global_call_limiter"" : null, ""scl_id"" : null, ""number_pre_analysis_name"" : ""CLI_FRA_Default"", ""trusted_cli_policy"" : false, ""calling_cli_match_all_sites"" : false, ""equipment_type"" : ""SIPDA"", ""calling_site_cli_algo"" : ""DIV_FROM""}"
10002930,147563,"{""id"" : 147563, ""name"" : ""2220479"", ""t1t7"" : ""2220479"", ""vpn_id"" : ""10002930"", ""id_default_site"" : 227678, ""csp_customer_identifier"" : null, ""global_call_limiter"" : null, ""scl_id"" : null, ""number_pre_analysis_name"" : ""CLI_FRA_Default"", ""trusted_cli_policy"" : false, ""calling_cli_match_all_sites"" : false, ""equipment_type"" : ""SIPDA"", ""calling_site_cli_algo"" : ""DIV_FROM""}"
4959,57764,"{""id"" : 57764, ""name"" : ""CyrusOne_PIWS012"", ""t1t7"" : ""2370180"", ""vpn_id"" : ""4959"", ""id_default_site"" : 348501, ""csp_customer_identifier"" : null, ""global_call_limiter"" : 100, ""scl_id"" : null, ""number_pre_analysis_name"" : ""CLI_USA_Default"", ""trusted_cli_policy"" : false, ""calling_cli_match_all_sites"" : false, ""equipment_type"" : ""SIPDA"", ""calling_site_cli_algo"" : ""DIV_FROM""}"
10003683,48497,"{""id"" : 48497, ""name"" : ""2240995"", ""t1t7"" : ""2240995"", ""vpn_id"" : ""10003683"", ""id_default_site"" : 22860, ""csp_customer_identifier"" : null, ""global_call_limiter"" : null, ""scl_id"" : null, ""number_pre_analysis_name"" : ""CLI_FRA_Default"", ""trusted_cli_policy"" : false, ""calling_cli_match_all_sites"" : false, ""equipment_type"" : ""SIPDA"", ""calling_site_cli_algo"" : ""DIV_FROM""}"
4414,37940,"{""id"" : 37940, ""name"" : ""PREC107_SIP"", ""t1t7"" : ""2390035"", ""vpn_id"" : ""4414"", ""id_default_site"" : 37734, ""csp_customer_identifier"" : null, ""global_call_limiter"" : null, ""scl_id"" : null, ""number_pre_analysis_name"" : ""CLI_BRA_Default"", ""trusted_cli_policy"" : false, ""calling_cli_match_all_sites"" : false, ""equipment_type"" : ""SIPDA"", ""calling_site_cli_algo"" : ""DIV_FROM""}"
10002046,168384,"{""id"" : 168384, ""name"" : ""2328532"", ""t1t7"" : ""2328532"", ""vpn_id"" : ""10002046"", ""id_default_site"" : 255313, ""csp_customer_identifier"" : null, ""global_call_limiter"" : null, ""scl_id"" : null, ""number_pre_analysis_name"" : ""CLI_FRA_Default"", ""trusted_cli_policy"" : false, ""calling_cli_match_all_sites"" : false, ""equipment_type"" : ""SIPDA"", ""calling_site_cli_algo"" : ""DIV_FROM""}"
10013730,59569,"{""id"" : 59569, ""name"" : ""2316538"", ""t1t7"" : ""2316538"", ""vpn_id"" : ""10013730"", ""id_default_site"" : 353155, ""csp_customer_identifier"" : null, ""global_call_limiter"" : null, ""scl_id"" : null, ""number_pre_analysis_name"" : ""CLI_FRA_Default"", ""trusted_cli_policy"" : false, ""calling_cli_match_all_sites"" : false, ""equipment_type"" : ""SIPDA"", ""calling_site_cli_algo"" : ""DIV_FROM""}"
4907,56851,"{""id"" : 56851, ""name"" : ""PNYC2802-1"", ""t1t7"" : ""2390373"", ""vpn_id"" : ""4907"", ""id_default_site"" : 348121, ""csp_customer_identifier"" : null, ""global_call_limiter"" : 250, ""scl_id"" : null, ""number_pre_analysis_name"" : ""CLI_USA_Default"", ""trusted_cli_policy"" : false, ""calling_cli_match_all_sites"" : false, ""equipment_type"" : ""SIPDA"", ""calling_site_cli_algo"" : ""DIV_FROM""}"
7352,8241,"{""id"" : 8241, ""name"" : ""wbx_EUR_0025998716"", ""t1t7"" : ""8860332"", ""vpn_id"" : ""7352"", ""id_default_site"" : -1, ""csp_customer_identifier"" : null, ""global_call_limiter"" : 250, ""scl_id"" : null, ""number_pre_analysis_name"" : ""GENERIC_CLI_PROCESSING"", ""trusted_cli_policy"" : false, ""calling_cli_match_all_sites"" : false, ""equipment_type"" : ""SIPDA"", ""calling_site_cli_algo"" : ""DIV_FROM""}"
10004388,48588,"{""id"" : 48588, ""name"" : ""2351364"", ""t1t7"" : ""2351364"", ""vpn_id"" : ""10004388"", ""id_default_site"" : 23592, ""csp_customer_identifier"" : null, ""global_call_limiter"" : null, ""scl_id"" : null, ""number_pre_analysis_name"" : ""CLI_FRA_Default"", ""trusted_cli_policy"" : false, ""calling_cli_match_all_sites"" : false, ""equipment_type"" : ""SIPDA"", ""calling_site_cli_algo"" : ""DIV_FROM""}"
3250,146084,"{""id"" : 146084, ""name"" : ""Dalian PSZV371"", ""t1t7"" : ""2395280"", ""vpn_id"" : ""3250"", ""id_default_site"" : 224553, ""csp_customer_identifier"" : null, ""global_call_limiter"" : null, ""scl_id"" : null, ""number_pre_analysis_name"" : ""CLI_CHN_Default"", ""trusted_cli_policy"" : true, ""calling_cli_match_all_sites"" : false, ""equipment_type"" : ""SIPDA"", ""calling_site_cli_algo"" : ""DIV_FROM""}"
10012948,61521,"{""id"" : 61521, ""name"" : ""2245140"", ""t1t7"" : ""2245140"", ""vpn_id"" : ""10012948"", ""id_default_site"" : -1, ""csp_customer_identifier"" : null, ""global_call_limiter"" : null, ""scl_id"" : null, ""number_pre_analysis_name"" : ""CLI_FRA_Default"", ""trusted_cli_policy"" : false, ""calling_cli_match_all_sites"" : false, ""equipment_type"" : ""SIPDA"", ""calling_site_cli_algo"" : ""DIV_FROM""}"
10005142,52047,"{""id"" : 52047, ""name"" : ""2245272"", ""t1t7"" : ""2245272"", ""vpn_id"" : ""10005142"", ""id_default_site"" : 321884, ""csp_customer_identifier"" : null, ""global_call_limiter"" : null, ""scl_id"" : null, ""number_pre_analysis_name"" : ""CLI_FRA_Default"", ""trusted_cli_policy"" : false, ""calling_cli_match_all_sites"" : false, ""equipment_type"" : ""SIPDA"", ""calling_site_cli_algo"" : ""DIV_FROM""}"
4424,62610,"{""id"" : 62610, ""name"" : ""MVP_APC_CHE"", ""t1t7"" : ""2368546"", ""vpn_id"" : ""4424"", ""id_default_site"" : 333420, ""csp_customer_identifier"" : null, ""global_call_limiter"" : null, ""scl_id"" : null, ""number_pre_analysis_name"" : ""GENERIC_CLI_PROCESSING"", ""trusted_cli_policy"" : false, ""calling_cli_match_all_sites"" : false, ""equipment_type"" : ""SIPDA"", ""calling_site_cli_algo"" : ""DIV_FROM""}"
10002278,91463,"{""id"" : 91463, ""name"" : ""2345027"", ""t1t7"" : ""2345027"", ""vpn_id"" : ""10002278"", ""id_default_site"" : 202757, ""csp_customer_identifier"" : null, ""global_call_limiter"" : null, ""scl_id"" : null, ""number_pre_analysis_name"" : ""CLI_FRA_Default"", ""trusted_cli_policy"" : false, ""calling_cli_match_all_sites"" : false, ""equipment_type"" : ""SIPDA"", ""calling_site_cli_algo"" : ""DIV_FROM""}"
10005326,66889,"{""id"" : 66889, ""name"" : ""TGRP_GEELEC03"", ""t1t7"" : ""5101004"", ""vpn_id"" : ""10005326"", ""id_default_site"" : 401611, ""csp_customer_identifier"" : null, ""global_call_limiter"" : null, ""scl_id"" : null, ""number_pre_analysis_name"" : ""CLI_FRA_Default"", ""trusted_cli_policy"" : false, ""calling_cli_match_all_sites"" : false, ""equipment_type"" : ""SIPDA"", ""calling_site_cli_algo"" : ""DIV_FROM""}"
10004690,49157,"{""id"" : 49157, ""name"" : ""2245238"", ""t1t7"" : ""2245238"", ""vpn_id"" : ""10004690"", ""id_default_site"" : 29423, ""csp_customer_identifier"" : null, ""global_call_limiter"" : null, ""scl_id"" : null, ""number_pre_analysis_name"" : ""CLI_FRA_Default"", ""trusted_cli_policy"" : false, ""calling_cli_match_all_sites"" : false, ""equipment_type"" : ""SIPDA"", ""calling_site_cli_algo"" : ""DIV_FROM""}"
5083,119449,"{""id"" : 119449, ""name"" : ""2220092"", ""t1t7"" : ""2220092"", ""vpn_id"" : ""5083"", ""id_default_site"" : 19309, ""csp_customer_identifier"" : null, ""global_call_limiter"" : null, ""scl_id"" : null, ""number_pre_analysis_name"" : ""CLI_FRA_Default"", ""trusted_cli_policy"" : false, ""calling_cli_match_all_sites"" : false, ""equipment_type"" : ""SIPDA"", ""calling_site_cli_algo"" : ""DIV_FROM""}"
7330,70102,"{""id"" : 70102, ""name"" : ""Teaneck_514121_BYOC"", ""t1t7"" : ""8800909"", ""vpn_id"" : ""7330"", ""id_default_site"" : -1, ""csp_customer_identifier"" : null, ""global_call_limiter"" : 100, ""scl_id"" : null, ""number_pre_analysis_name"" : ""GENERIC_CLI_PROCESSING"", ""trusted_cli_policy"" : false, ""calling_cli_match_all_sites"" : false, ""equipment_type"" : ""SIPDA"", ""calling_site_cli_algo"" : ""DIV_FROM""}"
10003028,55116,"{""id"" : 55116, ""name"" : ""2220187"", ""t1t7"" : ""2220187"", ""vpn_id"" : ""10003028"", ""id_default_site"" : 336259, ""csp_customer_identifier"" : null, ""global_call_limiter"" : null, ""scl_id"" : null, ""number_pre_analysis_name"" : ""CLI_FRA_Default"", ""trusted_cli_policy"" : false, ""calling_cli_match_all_sites"" : false, ""equipment_type"" : ""SIPDA"", ""calling_site_cli_algo"" : ""DIV_FROM""}"
7117,60712,"{""id"" : 60712, ""name"" : ""PLHR2417"", ""t1t7"" : ""2400150"", ""vpn_id"" : ""7117"", ""id_default_site"" : 359033, ""csp_customer_identifier"" : null, ""global_call_limiter"" : 618, ""scl_id"" : null, ""number_pre_analysis_name"" : ""GENERIC_CLI_PROCESSING"", ""trusted_cli_policy"" : false, ""calling_cli_match_all_sites"" : false, ""equipment_type"" : ""SIPDA"", ""calling_site_cli_algo"" : ""DIV_FROM""}"
4111,73150,"{""id"" : 73150, ""name"" : ""5105115"", ""t1t7"" : ""5105115"", ""vpn_id"" : ""4111"", ""id_default_site"" : 443477, ""csp_customer_identifier"" : null, ""global_call_limiter"" : null, ""scl_id"" : null, ""number_pre_analysis_name"" : ""CLI_FRA_Default"", ""trusted_cli_policy"" : false, ""calling_cli_match_all_sites"" : false, ""equipment_type"" : ""SIPDA"", ""calling_site_cli_algo"" : ""DIV_FROM""}"
10002534,52895,"{""id"" : 52895, ""name"" : ""2215474"", ""t1t7"" : ""2215474"", ""vpn_id"" : ""10002534"", ""id_default_site"" : 325073, ""csp_customer_identifier"" : null, ""global_call_limiter"" : null, ""scl_id"" : null, ""number_pre_analysis_name"" : ""CLI_FRA_Default"", ""trusted_cli_policy"" : false, ""calling_cli_match_all_sites"" : false, ""equipment_type"" : ""SIPDA"", ""calling_site_cli_algo"" : ""DIV_FROM""}"
7328,69770,"{""id"" : 69770, ""name"" : ""OPC_0025471151"", ""t1t7"" : ""8980093"", ""vpn_id"" : ""7328"", ""id_default_site"" : -1, ""csp_customer_identifier"" : null, ""global_call_limiter"" : 50, ""scl_id"" : null, ""number_pre_analysis_name"" : ""GENERIC_CLI_PROCESSING"", ""trusted_cli_policy"" : false, ""calling_cli_match_all_sites"" : false, ""equipment_type"" : ""SIPDA"", ""calling_site_cli_algo"" : ""DIV_FROM""}"
10004125,167203,"{""id"" : 167203, ""name"" : ""2350378"", ""t1t7"" : ""2350378"", ""vpn_id"" : ""10004125"", ""id_default_site"" : 253642, ""csp_customer_identifier"" : null, ""global_call_limiter"" : null, ""scl_id"" : null, ""number_pre_analysis_name"" : ""CLI_FRA_Default"", ""trusted_cli_policy"" : false, ""calling_cli_match_all_sites"" : false, ""equipment_type"" : ""SIPDA"", ""calling_site_cli_algo"" : ""DIV_FROM""}"
10007806,63769,"{""id"" : 63769, ""name"" : ""2315890"", ""t1t7"" : ""2315890"", ""vpn_id"" : ""10007806"", ""id_default_site"" : 377414, ""csp_customer_identifier"" : null, ""global_call_limiter"" : null, ""scl_id"" : null, ""number_pre_analysis_name"" : ""CLI_FRA_Default"", ""trusted_cli_policy"" : false, ""calling_cli_match_all_sites"" : false, ""equipment_type"" : ""SIPDA"", ""calling_site_cli_algo"" : ""DIV_FROM""}"
10002413,111061,"{""id"" : 111061, ""name"" : ""2340357"", ""t1t7"" : ""2340357"", ""vpn_id"" : ""10002413"", ""id_default_site"" : 170693, ""csp_customer_identifier"" : null, ""global_call_limiter"" : null, ""scl_id"" : null, ""number_pre_analysis_name"" : ""CLI_FRA_Default"", ""trusted_cli_policy"" : false, ""calling_cli_match_all_sites"" : false, ""equipment_type"" : ""SIPDA"", ""calling_site_cli_algo"" : ""DIV_FROM""}"
10008125,55804,"{""id"" : 55804, ""name"" : ""2350222"", ""t1t7"" : ""2350222"", ""vpn_id"" : ""10008125"", ""id_default_site"" : 338941, ""csp_customer_identifier"" : null, ""global_call_limiter"" : null, ""scl_id"" : null, ""number_pre_analysis_name"" : ""CLI_FRA_Default"", ""trusted_cli_policy"" : false, ""calling_cli_match_all_sites"" : false, ""equipment_type"" : ""SIPDA"", ""calling_site_cli_algo"" : ""DIV_FROM""}"
10001112,68889,"{""id"" : 68889, ""name"" : ""2218753"", ""t1t7"" : ""2218753"", ""vpn_id"" : ""10001112"", ""id_default_site"" : 416634, ""csp_customer_identifier"" : null, ""global_call_limiter"" : null, ""scl_id"" : null, ""number_pre_analysis_name"" : ""CLI_FRA_Default"", ""trusted_cli_policy"" : false, ""calling_cli_match_all_sites"" : false, ""equipment_type"" : ""SIPDA"", ""calling_site_cli_algo"" : ""DIV_FROM""}"
10010172,55852,"{""id"" : 55852, ""name"" : ""2315463"", ""t1t7"" : ""2315463"", ""vpn_id"" : ""10010172"", ""id_default_site"" : 339211, ""csp_customer_identifier"" : null, ""global_call_limiter"" : null, ""scl_id"" : null, ""number_pre_analysis_name"" : ""CLI_FRA_Default"", ""trusted_cli_policy"" : false, ""calling_cli_match_all_sites"" : false, ""equipment_type"" : ""SIPDA"", ""calling_site_cli_algo"" : ""DIV_FROM""}"
10003746,69365,"{""id"" : 69365, ""name"" : ""2351185"", ""t1t7"" : ""2351185"", ""vpn_id"" : ""10003746"", ""id_default_site"" : 419369, ""csp_customer_identifier"" : null, ""global_call_limiter"" : null, ""scl_id"" : null, ""number_pre_analysis_name"" : ""CLI_FRA_Default"", ""trusted_cli_policy"" : false, ""calling_cli_match_all_sites"" : false, ""equipment_type"" : ""SIPDA"", ""calling_site_cli_algo"" : ""DIV_FROM""}"
3248,165545,"{""id"" : 165545, ""name"" : ""2350325"", ""t1t7"" : ""2350325"", ""vpn_id"" : ""3248"", ""id_default_site"" : 251677, ""csp_customer_identifier"" : null, ""global_call_limiter"" : null, ""scl_id"" : null, ""number_pre_analysis_name"" : ""CLI_FRA_NPV_Orange"", ""trusted_cli_policy"" : false, ""calling_cli_match_all_sites"" : false, ""equipment_type"" : ""SIPDA"", ""calling_site_cli_algo"" : ""DIV_FROM""}"
10000673,52088,"{""id"" : 52088, ""name"" : ""2315252"", ""t1t7"" : ""2315252"", ""vpn_id"" : ""10000673"", ""id_default_site"" : 321904, ""csp_customer_identifier"" : null, ""global_call_limiter"" : null, ""scl_id"" : null, ""number_pre_analysis_name"" : ""CLI_FRA_Default"", ""trusted_cli_policy"" : false, ""calling_cli_match_all_sites"" : false, ""equipment_type"" : ""SIPDA"", ""calling_site_cli_algo"" : ""DIV_FROM""}"
3998,49566,"{""id"" : 49566, ""name"" : ""8214097_PGIUS_Prim"", ""t1t7"" : ""8214097"", ""vpn_id"" : ""3998"", ""id_default_site"" : 314389, ""csp_customer_identifier"" : null, ""global_call_limiter"" : null, ""scl_id"" : null, ""number_pre_analysis_name"" : ""zzz_CLI_USA_1__000"", ""trusted_cli_policy"" : false, ""calling_cli_match_all_sites"" : false, ""equipment_type"" : ""SIPDA"", ""calling_site_cli_algo"" : ""DIV_FROM""}"
