id_announcement,name,announcement
92,SVAIPSD025P,"{""id"" : 92, ""name"" : ""SVAIPSD025P"", ""vpn_id"" : null, ""technical_type"" : ""STANDARD_MGIT"", ""max_duration"" : null, ""release_cause"" : 0, ""network_sip_code"" : 0, ""mscml_user_part"" : ""09431014"", ""mscml_body_content"" : ""<?xml version=\""1.0\"" encoding=\""utf-8\""?><MediaServerControl version=\""1.0\""><request><playcollect maxdigits=\""1\"" barge=\""yes\"" extradigittimer=\""immediate\"" firstdigittimer=\""immediate\""><prompt><audio url=\""http://prod-serveur-oms-ip.vente.francetelecom.fr:8080/annonces/SVAIP/silence.wav\""/><audio url=\""http://prod-serveur-oms-ip.vente.francetelecom.fr:8080/annonces/SVAIP/MGIT/SVAIPSD025P.wav\""/></prompt></playcollect></request></MediaServerControl>"", ""call_flow_type"" : ""EARLY_MEDIA_AND_RELEASE"", ""header_list"" : []}"
61,SVAIPSA005N,"{""id"" : 61, ""name"" : ""SVAIPSA005N"", ""vpn_id"" : null, ""technical_type"" : ""STANDARD_MGIT"", ""max_duration"" : null, ""release_cause"" : 0, ""network_sip_code"" : 0, ""mscml_user_part"" : ""09431014"", ""mscml_body_content"" : ""<?xml version=\""1.0\"" encoding=\""utf-8\""?><MediaServerControl version=\""1.0\""><request><playcollect maxdigits=\""1\"" barge=\""yes\"" extradigittimer=\""immediate\"" firstdigittimer=\""immediate\""><prompt><audio url=\""http://prod-serveur-oms-ip.vente.francetelecom.fr:8080/annonces/SVAIP/silence.wav\""/><audio url=\""http://prod-serveur-oms-ip.vente.francetelecom.fr:8080/annonces/SVAIP/MGIT/SVAIPSA005N.wav\""/></prompt></playcollect></request></MediaServerControl>"", ""call_flow_type"" : ""EARLY_MEDIA_AND_RELEASE"", ""header_list"" : []}"
224,SVAIPSF8,"{""id"" : 224, ""name"" : ""SVAIPSF8"", ""vpn_id"" : null, ""technical_type"" : ""PERSONALIZED_GREETING"", ""max_duration"" : null, ""release_cause"" : 21, ""network_sip_code"" : 603, ""mscml_user_part"" : ""09431014"", ""mscml_body_content"" : ""<?xml version=\""1.0\"" encoding=\""utf-8\""?><MediaServerControl version=\""1.0\""><request><play><prompt repeat=\""2\""><audio url=\""http://prod-serveur-oms-ip.vente.francetelecom.fr:8080/annonces/SVAIP/silence.wav\""/><audio url=\""http://prod-serveur-oms-ip.vente.francetelecom.fr:8080/annonces/SVAIP/AnnonceFinale/SVAIPSF8.wav\""/></prompt></play></request></MediaServerControl>"", ""call_flow_type"" : ""EARLY_MEDIA_AND_RELEASE"", ""header_list"" : []}"
235,SVAIPSA008P,"{""id"" : 235, ""name"" : ""SVAIPSA008P"", ""vpn_id"" : null, ""technical_type"" : ""STANDARD_MGIT"", ""max_duration"" : null, ""release_cause"" : 0, ""network_sip_code"" : 0, ""mscml_user_part"" : ""09431010"", ""mscml_body_content"" : ""<?xml version=\""1.0\"" encoding=\""utf-8\""?><MediaServerControl version=\""1.0\""><request><playcollect maxdigits=\""1\"" barge=\""yes\"" extradigittimer=\""immediate\"" firstdigittimer=\""immediate\""><prompt><audio url=\""http://prod-serveur-oms-ip.vente.francetelecom.fr:8080/annonces/SVAIP/silence.wav\""/><audio url=\""http://prod-serveur-oms-ip.vente.francetelecom.fr:8080/annonces/SVAIP/MGIT/SVAIPSA008P.wav\""/></prompt></playcollect></request></MediaServerControl>"", ""call_flow_type"" : ""EARLY_MEDIA_AND_RELEASE"", ""header_list"" : []}"
86,SVAIPSD009P,"{""id"" : 86, ""name"" : ""SVAIPSD009P"", ""vpn_id"" : null, ""technical_type"" : ""STANDARD_MGIT"", ""max_duration"" : null, ""release_cause"" : 0, ""network_sip_code"" : 0, ""mscml_user_part"" : ""09431014"", ""mscml_body_content"" : ""<?xml version=\""1.0\"" encoding=\""utf-8\""?><MediaServerControl version=\""1.0\""><request><playcollect maxdigits=\""1\"" barge=\""yes\"" extradigittimer=\""immediate\"" firstdigittimer=\""immediate\""><prompt><audio url=\""http://prod-serveur-oms-ip.vente.francetelecom.fr:8080/annonces/SVAIP/silence.wav\""/><audio url=\""http://prod-serveur-oms-ip.vente.francetelecom.fr:8080/annonces/SVAIP/MGIT/SVAIPSD009P.wav\""/></prompt></playcollect></request></MediaServerControl>"", ""call_flow_type"" : ""EARLY_MEDIA_AND_RELEASE"", ""header_list"" : []}"
87,SVAIPSD012R,"{""id"" : 87, ""name"" : ""SVAIPSD012R"", ""vpn_id"" : null, ""technical_type"" : ""STANDARD_MGIT"", ""max_duration"" : null, ""release_cause"" : 0, ""network_sip_code"" : 0, ""mscml_user_part"" : ""09431014"", ""mscml_body_content"" : ""<?xml version=\""1.0\"" encoding=\""utf-8\""?><MediaServerControl version=\""1.0\""><request><playcollect maxdigits=\""1\"" barge=\""yes\"" extradigittimer=\""immediate\"" firstdigittimer=\""immediate\""><prompt><audio url=\""http://prod-serveur-oms-ip.vente.francetelecom.fr:8080/annonces/SVAIP/silence.wav\""/><audio url=\""http://prod-serveur-oms-ip.vente.francetelecom.fr:8080/annonces/SVAIP/MGIT/SVAIPSD012R.wav\""/></prompt></playcollect></request></MediaServerControl>"", ""call_flow_type"" : ""EARLY_MEDIA_AND_RELEASE"", ""header_list"" : []}"
89,SVAIPSD012P,"{""id"" : 89, ""name"" : ""SVAIPSD012P"", ""vpn_id"" : null, ""technical_type"" : ""STANDARD_MGIT"", ""max_duration"" : null, ""release_cause"" : 0, ""network_sip_code"" : 0, ""mscml_user_part"" : ""09431014"", ""mscml_body_content"" : ""<?xml version=\""1.0\"" encoding=\""utf-8\""?><MediaServerControl version=\""1.0\""><request><playcollect maxdigits=\""1\"" barge=\""yes\"" extradigittimer=\""immediate\"" firstdigittimer=\""immediate\""><prompt><audio url=\""http://prod-serveur-oms-ip.vente.francetelecom.fr:8080/annonces/SVAIP/silence.wav\""/><audio url=\""http://prod-serveur-oms-ip.vente.francetelecom.fr:8080/annonces/SVAIP/MGIT/SVAIPSD012P.wav\""/></prompt></playcollect></request></MediaServerControl>"", ""call_flow_type"" : ""EARLY_MEDIA_AND_RELEASE"", ""header_list"" : []}"
90,SVAIPSD025R,"{""id"" : 90, ""name"" : ""SVAIPSD025R"", ""vpn_id"" : null, ""technical_type"" : ""STANDARD_MGIT"", ""max_duration"" : null, ""release_cause"" : 0, ""network_sip_code"" : 0, ""mscml_user_part"" : ""09431014"", ""mscml_body_content"" : ""<?xml version=\""1.0\"" encoding=\""utf-8\""?><MediaServerControl version=\""1.0\""><request><playcollect maxdigits=\""1\"" barge=\""yes\"" extradigittimer=\""immediate\"" firstdigittimer=\""immediate\""><prompt><audio url=\""http://prod-serveur-oms-ip.vente.francetelecom.fr:8080/annonces/SVAIP/silence.wav\""/><audio url=\""http://prod-serveur-oms-ip.vente.francetelecom.fr:8080/annonces/SVAIP/MGIT/SVAIPSD025R.wav\""/></prompt></playcollect></request></MediaServerControl>"", ""call_flow_type"" : ""EARLY_MEDIA_AND_RELEASE"", ""header_list"" : []}"
103,SVAIPMOHStandard,"{""id"" : 103, ""name"" : ""SVAIPMOHStandard"", ""vpn_id"" : null, ""technical_type"" : ""MUSIC_ON_HOLD"", ""max_duration"" : 180000, ""release_cause"" : 0, ""network_sip_code"" : 0, ""mscml_user_part"" : ""09431016"", ""mscml_body_content"" : ""<?xml version=\""1.0\"" encoding=\""utf-8\""?><MediaServerControl version=\""1.0\""><request><play><prompt repeat=\""infinite\""><audio url=\""http://prod-serveur-oms-ip.vente.francetelecom.fr:8080/annonces/SVAIP/silence.wav\""/><audio url=\""http://prod-serveur-oms-ip.vente.francetelecom.fr:8080/annonces/SVAIP/standard/MOH.wav\""/></prompt></play></request></MediaServerControl>"", ""call_flow_type"" : ""EARLY_MEDIA_AND_RELEASE"", ""header_list"" : []}"
221,SVAIPSF5,"{""id"" : 221, ""name"" : ""SVAIPSF5"", ""vpn_id"" : null, ""technical_type"" : ""PERSONALIZED_GREETING"", ""max_duration"" : null, ""release_cause"" : 21, ""network_sip_code"" : 603, ""mscml_user_part"" : ""09431014"", ""mscml_body_content"" : ""<?xml version=\""1.0\"" encoding=\""utf-8\""?><MediaServerControl version=\""1.0\""><request><play><prompt repeat=\""2\""><audio url=\""http://prod-serveur-oms-ip.vente.francetelecom.fr:8080/annonces/SVAIP/silence.wav\""/><audio url=\""http://prod-serveur-oms-ip.vente.francetelecom.fr:8080/annonces/SVAIP/AnnonceFinale/SVAIPSF5.wav\""/></prompt></play></request></MediaServerControl>"", ""call_flow_type"" : ""EARLY_MEDIA_AND_RELEASE"", ""header_list"" : []}"
231,SVAIPSF15,"{""id"" : 231, ""name"" : ""SVAIPSF15"", ""vpn_id"" : null, ""technical_type"" : ""PERSONALIZED_GREETING"", ""max_duration"" : null, ""release_cause"" : 21, ""network_sip_code"" : 603, ""mscml_user_part"" : ""09431014"", ""mscml_body_content"" : ""<?xml version=\""1.0\"" encoding=\""utf-8\""?><MediaServerControl version=\""1.0\""><request><play><prompt repeat=\""2\""><audio url=\""http://prod-serveur-oms-ip.vente.francetelecom.fr:8080/annonces/SVAIP/silence.wav\""/><audio url=\""http://prod-serveur-oms-ip.vente.francetelecom.fr:8080/annonces/SVAIP/AnnonceFinale/SVAIPSF15.wav\""/></prompt></play></request></MediaServerControl>"", ""call_flow_type"" : ""EARLY_MEDIA_AND_RELEASE"", ""header_list"" : []}"
82,SVAIPSD006R,"{""id"" : 82, ""name"" : ""SVAIPSD006R"", ""vpn_id"" : null, ""technical_type"" : ""STANDARD_MGIT"", ""max_duration"" : null, ""release_cause"" : 0, ""network_sip_code"" : 0, ""mscml_user_part"" : ""09431014"", ""mscml_body_content"" : ""<?xml version=\""1.0\"" encoding=\""utf-8\""?><MediaServerControl version=\""1.0\""><request><playcollect maxdigits=\""1\"" barge=\""yes\"" extradigittimer=\""immediate\"" firstdigittimer=\""immediate\""><prompt><audio url=\""http://prod-serveur-oms-ip.vente.francetelecom.fr:8080/annonces/SVAIP/silence.wav\""/><audio url=\""http://prod-serveur-oms-ip.vente.francetelecom.fr:8080/annonces/SVAIP/MGIT/SVAIPSD006R.wav\""/></prompt></playcollect></request></MediaServerControl>"", ""call_flow_type"" : ""EARLY_MEDIA_AND_RELEASE"", ""header_list"" : []}"
232,SVAIPSF16,"{""id"" : 232, ""name"" : ""SVAIPSF16"", ""vpn_id"" : null, ""technical_type"" : ""PERSONALIZED_GREETING"", ""max_duration"" : null, ""release_cause"" : 21, ""network_sip_code"" : 603, ""mscml_user_part"" : ""09431014"", ""mscml_body_content"" : ""<?xml version=\""1.0\"" encoding=\""utf-8\""?><MediaServerControl version=\""1.0\""><request><play><prompt repeat=\""2\""><audio url=\""http://prod-serveur-oms-ip.vente.francetelecom.fr:8080/annonces/SVAIP/silence.wav\""/><audio url=\""http://prod-serveur-oms-ip.vente.francetelecom.fr:8080/annonces/SVAIP/AnnonceFinale/SVAIPSF16.wav\""/></prompt></play></request></MediaServerControl>"", ""call_flow_type"" : ""EARLY_MEDIA_AND_RELEASE"", ""header_list"" : []}"
237,SVAIPSA009P,"{""id"" : 237, ""name"" : ""SVAIPSA009P"", ""vpn_id"" : null, ""technical_type"" : ""STANDARD_MGIT"", ""max_duration"" : null, ""release_cause"" : 0, ""network_sip_code"" : 0, ""mscml_user_part"" : ""09431010"", ""mscml_body_content"" : ""<?xml version=\""1.0\"" encoding=\""utf-8\""?><MediaServerControl version=\""1.0\""><request><playcollect maxdigits=\""1\"" barge=\""yes\"" extradigittimer=\""immediate\"" firstdigittimer=\""immediate\""><prompt><audio url=\""http://prod-serveur-oms-ip.vente.francetelecom.fr:8080/annonces/SVAIP/silence.wav\""/><audio url=\""http://prod-serveur-oms-ip.vente.francetelecom.fr:8080/annonces/SVAIP/MGIT/SVAIPSA009P.wav\""/></prompt></playcollect></request></MediaServerControl>"", ""call_flow_type"" : ""EARLY_MEDIA_AND_RELEASE"", ""header_list"" : []}"
238,SVAIPSA009R,"{""id"" : 238, ""name"" : ""SVAIPSA009R"", ""vpn_id"" : null, ""technical_type"" : ""STANDARD_MGIT"", ""max_duration"" : null, ""release_cause"" : 0, ""network_sip_code"" : 0, ""mscml_user_part"" : ""09431010"", ""mscml_body_content"" : ""<?xml version=\""1.0\"" encoding=\""utf-8\""?><MediaServerControl version=\""1.0\""><request><playcollect maxdigits=\""1\"" barge=\""yes\"" extradigittimer=\""immediate\"" firstdigittimer=\""immediate\""><prompt><audio url=\""http://prod-serveur-oms-ip.vente.francetelecom.fr:8080/annonces/SVAIP/silence.wav\""/><audio url=\""http://prod-serveur-oms-ip.vente.francetelecom.fr:8080/annonces/SVAIP/MGIT/SVAIPSA009R.wav\""/></prompt></playcollect></request></MediaServerControl>"", ""call_flow_type"" : ""EARLY_MEDIA_AND_RELEASE"", ""header_list"" : []}"
240,SVAIPSA010R,"{""id"" : 240, ""name"" : ""SVAIPSA010R"", ""vpn_id"" : null, ""technical_type"" : ""STANDARD_MGIT"", ""max_duration"" : null, ""release_cause"" : 0, ""network_sip_code"" : 0, ""mscml_user_part"" : ""09431010"", ""mscml_body_content"" : ""<?xml version=\""1.0\"" encoding=\""utf-8\""?><MediaServerControl version=\""1.0\""><request><playcollect maxdigits=\""1\"" barge=\""yes\"" extradigittimer=\""immediate\"" firstdigittimer=\""immediate\""><prompt><audio url=\""http://prod-serveur-oms-ip.vente.francetelecom.fr:8080/annonces/SVAIP/silence.wav\""/><audio url=\""http://prod-serveur-oms-ip.vente.francetelecom.fr:8080/annonces/SVAIP/MGIT/SVAIPSA010R.wav\""/></prompt></playcollect></request></MediaServerControl>"", ""call_flow_type"" : ""EARLY_MEDIA_AND_RELEASE"", ""header_list"" : []}"
243,SVAIPSA012R,"{""id"" : 243, ""name"" : ""SVAIPSA012R"", ""vpn_id"" : null, ""technical_type"" : ""STANDARD_MGIT"", ""max_duration"" : null, ""release_cause"" : 0, ""network_sip_code"" : 0, ""mscml_user_part"" : ""09431010"", ""mscml_body_content"" : ""<?xml version=\""1.0\"" encoding=\""utf-8\""?><MediaServerControl version=\""1.0\""><request><playcollect maxdigits=\""1\"" barge=\""yes\"" extradigittimer=\""immediate\"" firstdigittimer=\""immediate\""><prompt><audio url=\""http://prod-serveur-oms-ip.vente.francetelecom.fr:8080/annonces/SVAIP/silence.wav\""/><audio url=\""http://prod-serveur-oms-ip.vente.francetelecom.fr:8080/annonces/SVAIP/MGIT/SVAIPSA012R.wav\""/></prompt></playcollect></request></MediaServerControl>"", ""call_flow_type"" : ""EARLY_MEDIA_AND_RELEASE"", ""header_list"" : []}"
245,SVAIPSA012N,"{""id"" : 245, ""name"" : ""SVAIPSA012N"", ""vpn_id"" : null, ""technical_type"" : ""STANDARD_MGIT"", ""max_duration"" : null, ""release_cause"" : 0, ""network_sip_code"" : 0, ""mscml_user_part"" : ""09431010"", ""mscml_body_content"" : ""<?xml version=\""1.0\"" encoding=\""utf-8\""?><MediaServerControl version=\""1.0\""><request><playcollect maxdigits=\""1\"" barge=\""yes\"" extradigittimer=\""immediate\"" firstdigittimer=\""immediate\""><prompt><audio url=\""http://prod-serveur-oms-ip.vente.francetelecom.fr:8080/annonces/SVAIP/silence.wav\""/><audio url=\""http://prod-serveur-oms-ip.vente.francetelecom.fr:8080/annonces/SVAIP/MGIT/SVAIPSA012N.wav\""/></prompt></playcollect></request></MediaServerControl>"", ""call_flow_type"" : ""EARLY_MEDIA_AND_RELEASE"", ""header_list"" : []}"
223,SVAIPSF7,"{""id"" : 223, ""name"" : ""SVAIPSF7"", ""vpn_id"" : null, ""technical_type"" : ""PERSONALIZED_GREETING"", ""max_duration"" : null, ""release_cause"" : 21, ""network_sip_code"" : 603, ""mscml_user_part"" : ""09431014"", ""mscml_body_content"" : ""<?xml version=\""1.0\"" encoding=\""utf-8\""?><MediaServerControl version=\""1.0\""><request><play><prompt repeat=\""2\""><audio url=\""http://prod-serveur-oms-ip.vente.francetelecom.fr:8080/annonces/SVAIP/silence.wav\""/><audio url=\""http://prod-serveur-oms-ip.vente.francetelecom.fr:8080/annonces/SVAIP/AnnonceFinale/SVAIPSF7.wav\""/></prompt></play></request></MediaServerControl>"", ""call_flow_type"" : ""EARLY_MEDIA_AND_RELEASE"", ""header_list"" : []}"
102,SVAIPRBTStandard,"{""id"" : 102, ""name"" : ""SVAIPRBTStandard"", ""vpn_id"" : null, ""technical_type"" : ""RINGBACK_TONE"", ""max_duration"" : 180000, ""release_cause"" : 0, ""network_sip_code"" : 0, ""mscml_user_part"" : ""09431012"", ""mscml_body_content"" : ""<?xml version=\""1.0\"" encoding=\""utf-8\""?><MediaServerControl version=\""1.0\""><request><play><prompt repeat=\""infinite\""><audio url=\""http://prod-serveur-oms-ip.vente.francetelecom.fr:8080/annonces/SVAIP/silence.wav\""/><audio url=\""http://prod-serveur-oms-ip.vente.francetelecom.fr:8080/annonces/SVAIP/standard/RBT.wav\""/></prompt></play></request></MediaServerControl>"", ""call_flow_type"" : ""EARLY_MEDIA_AND_RELEASE"", ""header_list"" : []}"
104,SVAIPautocutoffStandard,"{""id"" : 104, ""name"" : ""SVAIPautocutoffStandard"", ""vpn_id"" : null, ""technical_type"" : ""AUTOCUTOFF"", ""max_duration"" : 15000, ""release_cause"" : 21, ""network_sip_code"" : 603, ""mscml_user_part"" : ""09431018"", ""mscml_body_content"" : ""<?xml version=\""1.0\"" encoding=\""utf-8\""?><MediaServerControl version=\""1.0\""><request><play><prompt repeat=\""2\""><audio url=\""http://prod-serveur-oms-ip.vente.francetelecom.fr:8080/annonces/SVAIP/silence.wav\""/><audio url=\""http://prod-serveur-oms-ip.vente.francetelecom.fr:8080/annonces/SVAIP/standard/autocutoff.wav\""/></prompt></play></request></MediaServerControl>"", ""call_flow_type"" : ""EARLY_MEDIA_AND_RELEASE"", ""header_list"" : []}"
229,SVAIPSF13,"{""id"" : 229, ""name"" : ""SVAIPSF13"", ""vpn_id"" : null, ""technical_type"" : ""PERSONALIZED_GREETING"", ""max_duration"" : null, ""release_cause"" : 21, ""network_sip_code"" : 603, ""mscml_user_part"" : ""09431014"", ""mscml_body_content"" : ""<?xml version=\""1.0\"" encoding=\""utf-8\""?><MediaServerControl version=\""1.0\""><request><play><prompt repeat=\""2\""><audio url=\""http://prod-serveur-oms-ip.vente.francetelecom.fr:8080/annonces/SVAIP/silence.wav\""/><audio url=\""http://prod-serveur-oms-ip.vente.francetelecom.fr:8080/annonces/SVAIP/AnnonceFinale/SVAIPSF13.wav\""/></prompt></play></request></MediaServerControl>"", ""call_flow_type"" : ""EARLY_MEDIA_AND_RELEASE"", ""header_list"" : []}"
233,SVAIPSF17,"{""id"" : 233, ""name"" : ""SVAIPSF17"", ""vpn_id"" : null, ""technical_type"" : ""PERSONALIZED_GREETING"", ""max_duration"" : null, ""release_cause"" : 21, ""network_sip_code"" : 603, ""mscml_user_part"" : ""09431014"", ""mscml_body_content"" : ""<?xml version=\""1.0\"" encoding=\""utf-8\""?><MediaServerControl version=\""1.0\""><request><play><prompt repeat=\""2\""><audio url=\""http://prod-serveur-oms-ip.vente.francetelecom.fr:8080/annonces/SVAIP/silence.wav\""/><audio url=\""http://prod-serveur-oms-ip.vente.francetelecom.fr:8080/annonces/SVAIP/AnnonceFinale/SVAIPSF17.wav\""/></prompt></play></request></MediaServerControl>"", ""call_flow_type"" : ""EARLY_MEDIA_AND_RELEASE"", ""header_list"" : []}"
228,SVAIPSF12,"{""id"" : 228, ""name"" : ""SVAIPSF12"", ""vpn_id"" : null, ""technical_type"" : ""PERSONALIZED_GREETING"", ""max_duration"" : null, ""release_cause"" : 21, ""network_sip_code"" : 603, ""mscml_user_part"" : ""09431014"", ""mscml_body_content"" : ""<?xml version=\""1.0\"" encoding=\""utf-8\""?><MediaServerControl version=\""1.0\""><request><play><prompt repeat=\""2\""><audio url=\""http://prod-serveur-oms-ip.vente.francetelecom.fr:8080/annonces/SVAIP/silence.wav\""/><audio url=\""http://prod-serveur-oms-ip.vente.francetelecom.fr:8080/annonces/SVAIP/AnnonceFinale/SVAIPSF12.wav\""/></prompt></play></request></MediaServerControl>"", ""call_flow_type"" : ""EARLY_MEDIA_AND_RELEASE"", ""header_list"" : []}"
226,SVAIPSF10,"{""id"" : 226, ""name"" : ""SVAIPSF10"", ""vpn_id"" : null, ""technical_type"" : ""PERSONALIZED_GREETING"", ""max_duration"" : null, ""release_cause"" : 21, ""network_sip_code"" : 603, ""mscml_user_part"" : ""09431014"", ""mscml_body_content"" : ""<?xml version=\""1.0\"" encoding=\""utf-8\""?><MediaServerControl version=\""1.0\""><request><play><prompt repeat=\""2\""><audio url=\""http://prod-serveur-oms-ip.vente.francetelecom.fr:8080/annonces/SVAIP/silence.wav\""/><audio url=\""http://prod-serveur-oms-ip.vente.francetelecom.fr:8080/annonces/SVAIP/AnnonceFinale/SVAIPSF10.wav\""/></prompt></play></request></MediaServerControl>"", ""call_flow_type"" : ""EARLY_MEDIA_AND_RELEASE"", ""header_list"" : []}"
288,SVAIPSA150R,"{""id"" : 288, ""name"" : ""SVAIPSA150R"", ""vpn_id"" : null, ""technical_type"" : ""STANDARD_MGIT"", ""max_duration"" : null, ""release_cause"" : 0, ""network_sip_code"" : 0, ""mscml_user_part"" : ""09431010"", ""mscml_body_content"" : ""<?xml version=\""1.0\"" encoding=\""utf-8\""?><MediaServerControl version=\""1.0\""><request><playcollect maxdigits=\""1\"" barge=\""yes\"" extradigittimer=\""immediate\"" firstdigittimer=\""immediate\""><prompt><audio url=\""http://prod-serveur-oms-ip.vente.francetelecom.fr:8080/annonces/SVAIP/silence.wav\""/><audio url=\""http://prod-serveur-oms-ip.vente.francetelecom.fr:8080/annonces/SVAIP/MGIT/SVAIPSA150R.wav\""/></prompt></playcollect></request></MediaServerControl>"", ""call_flow_type"" : ""EARLY_MEDIA_AND_RELEASE"", ""header_list"" : []}"
298,SVAIPSA250P,"{""id"" : 298, ""name"" : ""SVAIPSA250P"", ""vpn_id"" : null, ""technical_type"" : ""STANDARD_MGIT"", ""max_duration"" : null, ""release_cause"" : 0, ""network_sip_code"" : 0, ""mscml_user_part"" : ""09431010"", ""mscml_body_content"" : ""<?xml version=\""1.0\"" encoding=\""utf-8\""?><MediaServerControl version=\""1.0\""><request><playcollect maxdigits=\""1\"" barge=\""yes\"" extradigittimer=\""immediate\"" firstdigittimer=\""immediate\""><prompt><audio url=\""http://prod-serveur-oms-ip.vente.francetelecom.fr:8080/annonces/SVAIP/silence.wav\""/><audio url=\""http://prod-serveur-oms-ip.vente.francetelecom.fr:8080/annonces/SVAIP/MGIT/SVAIPSA250P.wav\""/></prompt></playcollect></request></MediaServerControl>"", ""call_flow_type"" : ""EARLY_MEDIA_AND_RELEASE"", ""header_list"" : []}"
35621,SVAIPAA100116981,"{""id"" : 35621, ""name"" : ""SVAIPAA100116981"", ""vpn_id"" : 10011698, ""technical_type"" : ""PERSONALIZED_MGIT"", ""max_duration"" : null, ""release_cause"" : 0, ""network_sip_code"" : 0, ""mscml_user_part"" : ""0943101110011698"", ""mscml_body_content"" : ""<?xml version=\""1.0\"" encoding=\""utf-8\""?><MediaServerControl version=\""1.0\""><request><play><prompt><audio url=\""http://prod-serveur-oms-ip.vente.francetelecom.fr:8080/annonces/SVAIP/silence.wav\""/><audio url=\""http://prod-serveur-oms-ip.vente.francetelecom.fr:8080/annonces/SVAIP/10011698/SVAIPAA100116981.wav\""/></prompt></play></request></MediaServerControl>"", ""call_flow_type"" : ""EARLY_MEDIA_AND_RELEASE"", ""header_list"" : []}"
291,SVAIPSA199R,"{""id"" : 291, ""name"" : ""SVAIPSA199R"", ""vpn_id"" : null, ""technical_type"" : ""STANDARD_MGIT"", ""max_duration"" : null, ""release_cause"" : 0, ""network_sip_code"" : 0, ""mscml_user_part"" : ""09431010"", ""mscml_body_content"" : ""<?xml version=\""1.0\"" encoding=\""utf-8\""?><MediaServerControl version=\""1.0\""><request><playcollect maxdigits=\""1\"" barge=\""yes\"" extradigittimer=\""immediate\"" firstdigittimer=\""immediate\""><prompt><audio url=\""http://prod-serveur-oms-ip.vente.francetelecom.fr:8080/annonces/SVAIP/silence.wav\""/><audio url=\""http://prod-serveur-oms-ip.vente.francetelecom.fr:8080/annonces/SVAIP/MGIT/SVAIPSA199R.wav\""/></prompt></playcollect></request></MediaServerControl>"", ""call_flow_type"" : ""EARLY_MEDIA_AND_RELEASE"", ""header_list"" : []}"
262,SVAIPSA040P,"{""id"" : 262, ""name"" : ""SVAIPSA040P"", ""vpn_id"" : null, ""technical_type"" : ""STANDARD_MGIT"", ""max_duration"" : null, ""release_cause"" : 0, ""network_sip_code"" : 0, ""mscml_user_part"" : ""09431010"", ""mscml_body_content"" : ""<?xml version=\""1.0\"" encoding=\""utf-8\""?><MediaServerControl version=\""1.0\""><request><playcollect maxdigits=\""1\"" barge=\""yes\"" extradigittimer=\""immediate\"" firstdigittimer=\""immediate\""><prompt><audio url=\""http://prod-serveur-oms-ip.vente.francetelecom.fr:8080/annonces/SVAIP/silence.wav\""/><audio url=\""http://prod-serveur-oms-ip.vente.francetelecom.fr:8080/annonces/SVAIP/MGIT/SVAIPSA040P.wav\""/></prompt></playcollect></request></MediaServerControl>"", ""call_flow_type"" : ""EARLY_MEDIA_AND_RELEASE"", ""header_list"" : []}"
281,SVAIPSA090N,"{""id"" : 281, ""name"" : ""SVAIPSA090N"", ""vpn_id"" : null, ""technical_type"" : ""STANDARD_MGIT"", ""max_duration"" : null, ""release_cause"" : 0, ""network_sip_code"" : 0, ""mscml_user_part"" : ""09431010"", ""mscml_body_content"" : ""<?xml version=\""1.0\"" encoding=\""utf-8\""?><MediaServerControl version=\""1.0\""><request><playcollect maxdigits=\""1\"" barge=\""yes\"" extradigittimer=\""immediate\"" firstdigittimer=\""immediate\""><prompt><audio url=\""http://prod-serveur-oms-ip.vente.francetelecom.fr:8080/annonces/SVAIP/silence.wav\""/><audio url=\""http://prod-serveur-oms-ip.vente.francetelecom.fr:8080/annonces/SVAIP/MGIT/SVAIPSA090N.wav\""/></prompt></playcollect></request></MediaServerControl>"", ""call_flow_type"" : ""EARLY_MEDIA_AND_RELEASE"", ""header_list"" : []}"
301,SVAIPSA299P,"{""id"" : 301, ""name"" : ""SVAIPSA299P"", ""vpn_id"" : null, ""technical_type"" : ""STANDARD_MGIT"", ""max_duration"" : null, ""release_cause"" : 0, ""network_sip_code"" : 0, ""mscml_user_part"" : ""09431010"", ""mscml_body_content"" : ""<?xml version=\""1.0\"" encoding=\""utf-8\""?><MediaServerControl version=\""1.0\""><request><playcollect maxdigits=\""1\"" barge=\""yes\"" extradigittimer=\""immediate\"" firstdigittimer=\""immediate\""><prompt><audio url=\""http://prod-serveur-oms-ip.vente.francetelecom.fr:8080/annonces/SVAIP/silence.wav\""/><audio url=\""http://prod-serveur-oms-ip.vente.francetelecom.fr:8080/annonces/SVAIP/MGIT/SVAIPSA299P.wav\""/></prompt></playcollect></request></MediaServerControl>"", ""call_flow_type"" : ""EARLY_MEDIA_AND_RELEASE"", ""header_list"" : []}"
294,SVAIPSA200R,"{""id"" : 294, ""name"" : ""SVAIPSA200R"", ""vpn_id"" : null, ""technical_type"" : ""STANDARD_MGIT"", ""max_duration"" : null, ""release_cause"" : 0, ""network_sip_code"" : 0, ""mscml_user_part"" : ""09431010"", ""mscml_body_content"" : ""<?xml version=\""1.0\"" encoding=\""utf-8\""?><MediaServerControl version=\""1.0\""><request><playcollect maxdigits=\""1\"" barge=\""yes\"" extradigittimer=\""immediate\"" firstdigittimer=\""immediate\""><prompt><audio url=\""http://prod-serveur-oms-ip.vente.francetelecom.fr:8080/annonces/SVAIP/silence.wav\""/><audio url=\""http://prod-serveur-oms-ip.vente.francetelecom.fr:8080/annonces/SVAIP/MGIT/SVAIPSA200R.wav\""/></prompt></playcollect></request></MediaServerControl>"", ""call_flow_type"" : ""EARLY_MEDIA_AND_RELEASE"", ""header_list"" : []}"
266,SVAIPSA050N,"{""id"" : 266, ""name"" : ""SVAIPSA050N"", ""vpn_id"" : null, ""technical_type"" : ""STANDARD_MGIT"", ""max_duration"" : null, ""release_cause"" : 0, ""network_sip_code"" : 0, ""mscml_user_part"" : ""09431010"", ""mscml_body_content"" : ""<?xml version=\""1.0\"" encoding=\""utf-8\""?><MediaServerControl version=\""1.0\""><request><playcollect maxdigits=\""1\"" barge=\""yes\"" extradigittimer=\""immediate\"" firstdigittimer=\""immediate\""><prompt><audio url=\""http://prod-serveur-oms-ip.vente.francetelecom.fr:8080/annonces/SVAIP/silence.wav\""/><audio url=\""http://prod-serveur-oms-ip.vente.francetelecom.fr:8080/annonces/SVAIP/MGIT/SVAIPSA050N.wav\""/></prompt></playcollect></request></MediaServerControl>"", ""call_flow_type"" : ""EARLY_MEDIA_AND_RELEASE"", ""header_list"" : []}"
321,SVAIPSD005R,"{""id"" : 321, ""name"" : ""SVAIPSD005R"", ""vpn_id"" : null, ""technical_type"" : ""STANDARD_MGIT"", ""max_duration"" : null, ""release_cause"" : 0, ""network_sip_code"" : 0, ""mscml_user_part"" : ""09431010"", ""mscml_body_content"" : ""<?xml version=\""1.0\"" encoding=\""utf-8\""?><MediaServerControl version=\""1.0\""><request><playcollect maxdigits=\""1\"" barge=\""yes\"" extradigittimer=\""immediate\"" firstdigittimer=\""immediate\""><prompt><audio url=\""http://prod-serveur-oms-ip.vente.francetelecom.fr:8080/annonces/SVAIP/silence.wav\""/><audio url=\""http://prod-serveur-oms-ip.vente.francetelecom.fr:8080/annonces/SVAIP/MGIT/SVAIPSD005R.wav\""/></prompt></playcollect></request></MediaServerControl>"", ""call_flow_type"" : ""EARLY_MEDIA_AND_RELEASE"", ""header_list"" : []}"
275,SVAIPSA079N,"{""id"" : 275, ""name"" : ""SVAIPSA079N"", ""vpn_id"" : null, ""technical_type"" : ""STANDARD_MGIT"", ""max_duration"" : null, ""release_cause"" : 0, ""network_sip_code"" : 0, ""mscml_user_part"" : ""09431010"", ""mscml_body_content"" : ""<?xml version=\""1.0\"" encoding=\""utf-8\""?><MediaServerControl version=\""1.0\""><request><playcollect maxdigits=\""1\"" barge=\""yes\"" extradigittimer=\""immediate\"" firstdigittimer=\""immediate\""><prompt><audio url=\""http://prod-serveur-oms-ip.vente.francetelecom.fr:8080/annonces/SVAIP/silence.wav\""/><audio url=\""http://prod-serveur-oms-ip.vente.francetelecom.fr:8080/annonces/SVAIP/MGIT/SVAIPSA079N.wav\""/></prompt></playcollect></request></MediaServerControl>"", ""call_flow_type"" : ""EARLY_MEDIA_AND_RELEASE"", ""header_list"" : []}"
27521,SVAIPP10006672F1,"{""id"" : 27521, ""name"" : ""SVAIPP10006672F1"", ""vpn_id"" : 10006672, ""technical_type"" : ""PERSONALIZED_GREETING"", ""max_duration"" : null, ""release_cause"" : 21, ""network_sip_code"" : 603, ""mscml_user_part"" : ""0943101510006672"", ""mscml_body_content"" : ""<?xml version=\""1.0\"" encoding=\""utf-8\""?><MediaServerControl version=\""1.0\""><request><play><prompt repeat=\""2\""><audio url=\""http://prod-serveur-oms-ip.vente.francetelecom.fr:8080/annonces/SVAIP/silence.wav\""/><audio url=\""http://prod-serveur-oms-ip.vente.francetelecom.fr:8080/annonces/SVAIP/10006672/SVAIPP10006672F1.wav\""/></prompt></play></request></MediaServerControl>"", ""call_flow_type"" : ""EARLY_MEDIA_AND_RELEASE"", ""header_list"" : []}"
276,SVAIPSA080R,"{""id"" : 276, ""name"" : ""SVAIPSA080R"", ""vpn_id"" : null, ""technical_type"" : ""STANDARD_MGIT"", ""max_duration"" : null, ""release_cause"" : 0, ""network_sip_code"" : 0, ""mscml_user_part"" : ""09431010"", ""mscml_body_content"" : ""<?xml version=\""1.0\"" encoding=\""utf-8\""?><MediaServerControl version=\""1.0\""><request><playcollect maxdigits=\""1\"" barge=\""yes\"" extradigittimer=\""immediate\"" firstdigittimer=\""immediate\""><prompt><audio url=\""http://prod-serveur-oms-ip.vente.francetelecom.fr:8080/annonces/SVAIP/silence.wav\""/><audio url=\""http://prod-serveur-oms-ip.vente.francetelecom.fr:8080/annonces/SVAIP/MGIT/SVAIPSA080R.wav\""/></prompt></playcollect></request></MediaServerControl>"", ""call_flow_type"" : ""EARLY_MEDIA_AND_RELEASE"", ""header_list"" : []}"
285,SVAIPSA100R,"{""id"" : 285, ""name"" : ""SVAIPSA100R"", ""vpn_id"" : null, ""technical_type"" : ""STANDARD_MGIT"", ""max_duration"" : null, ""release_cause"" : 0, ""network_sip_code"" : 0, ""mscml_user_part"" : ""09431010"", ""mscml_body_content"" : ""<?xml version=\""1.0\"" encoding=\""utf-8\""?><MediaServerControl version=\""1.0\""><request><playcollect maxdigits=\""1\"" barge=\""yes\"" extradigittimer=\""immediate\"" firstdigittimer=\""immediate\""><prompt><audio url=\""http://prod-serveur-oms-ip.vente.francetelecom.fr:8080/annonces/SVAIP/silence.wav\""/><audio url=\""http://prod-serveur-oms-ip.vente.francetelecom.fr:8080/annonces/SVAIP/MGIT/SVAIPSA100R.wav\""/></prompt></playcollect></request></MediaServerControl>"", ""call_flow_type"" : ""EARLY_MEDIA_AND_RELEASE"", ""header_list"" : []}"
263,SVAIPSA040N,"{""id"" : 263, ""name"" : ""SVAIPSA040N"", ""vpn_id"" : null, ""technical_type"" : ""STANDARD_MGIT"", ""max_duration"" : null, ""release_cause"" : 0, ""network_sip_code"" : 0, ""mscml_user_part"" : ""09431010"", ""mscml_body_content"" : ""<?xml version=\""1.0\"" encoding=\""utf-8\""?><MediaServerControl version=\""1.0\""><request><playcollect maxdigits=\""1\"" barge=\""yes\"" extradigittimer=\""immediate\"" firstdigittimer=\""immediate\""><prompt><audio url=\""http://prod-serveur-oms-ip.vente.francetelecom.fr:8080/annonces/SVAIP/silence.wav\""/><audio url=\""http://prod-serveur-oms-ip.vente.francetelecom.fr:8080/annonces/SVAIP/MGIT/SVAIPSA040N.wav\""/></prompt></playcollect></request></MediaServerControl>"", ""call_flow_type"" : ""EARLY_MEDIA_AND_RELEASE"", ""header_list"" : []}"
270,SVAIPSA065R,"{""id"" : 270, ""name"" : ""SVAIPSA065R"", ""vpn_id"" : null, ""technical_type"" : ""STANDARD_MGIT"", ""max_duration"" : null, ""release_cause"" : 0, ""network_sip_code"" : 0, ""mscml_user_part"" : ""09431010"", ""mscml_body_content"" : ""<?xml version=\""1.0\"" encoding=\""utf-8\""?><MediaServerControl version=\""1.0\""><request><playcollect maxdigits=\""1\"" barge=\""yes\"" extradigittimer=\""immediate\"" firstdigittimer=\""immediate\""><prompt><audio url=\""http://prod-serveur-oms-ip.vente.francetelecom.fr:8080/annonces/SVAIP/silence.wav\""/><audio url=\""http://prod-serveur-oms-ip.vente.francetelecom.fr:8080/annonces/SVAIP/MGIT/SVAIPSA065R.wav\""/></prompt></playcollect></request></MediaServerControl>"", ""call_flow_type"" : ""EARLY_MEDIA_AND_RELEASE"", ""header_list"" : []}"
268,SVAIPSA060P,"{""id"" : 268, ""name"" : ""SVAIPSA060P"", ""vpn_id"" : null, ""technical_type"" : ""STANDARD_MGIT"", ""max_duration"" : null, ""release_cause"" : 0, ""network_sip_code"" : 0, ""mscml_user_part"" : ""09431010"", ""mscml_body_content"" : ""<?xml version=\""1.0\"" encoding=\""utf-8\""?><MediaServerControl version=\""1.0\""><request><playcollect maxdigits=\""1\"" barge=\""yes\"" extradigittimer=\""immediate\"" firstdigittimer=\""immediate\""><prompt><audio url=\""http://prod-serveur-oms-ip.vente.francetelecom.fr:8080/annonces/SVAIP/silence.wav\""/><audio url=\""http://prod-serveur-oms-ip.vente.francetelecom.fr:8080/annonces/SVAIP/MGIT/SVAIPSA060P.wav\""/></prompt></playcollect></request></MediaServerControl>"", ""call_flow_type"" : ""EARLY_MEDIA_AND_RELEASE"", ""header_list"" : []}"
296,SVAIPSA200N,"{""id"" : 296, ""name"" : ""SVAIPSA200N"", ""vpn_id"" : null, ""technical_type"" : ""STANDARD_MGIT"", ""max_duration"" : null, ""release_cause"" : 0, ""network_sip_code"" : 0, ""mscml_user_part"" : ""09431010"", ""mscml_body_content"" : ""<?xml version=\""1.0\"" encoding=\""utf-8\""?><MediaServerControl version=\""1.0\""><request><playcollect maxdigits=\""1\"" barge=\""yes\"" extradigittimer=\""immediate\"" firstdigittimer=\""immediate\""><prompt><audio url=\""http://prod-serveur-oms-ip.vente.francetelecom.fr:8080/annonces/SVAIP/silence.wav\""/><audio url=\""http://prod-serveur-oms-ip.vente.francetelecom.fr:8080/annonces/SVAIP/MGIT/SVAIPSA200N.wav\""/></prompt></playcollect></request></MediaServerControl>"", ""call_flow_type"" : ""EARLY_MEDIA_AND_RELEASE"", ""header_list"" : []}"
293,SVAIPSA199N,"{""id"" : 293, ""name"" : ""SVAIPSA199N"", ""vpn_id"" : null, ""technical_type"" : ""STANDARD_MGIT"", ""max_duration"" : null, ""release_cause"" : 0, ""network_sip_code"" : 0, ""mscml_user_part"" : ""09431010"", ""mscml_body_content"" : ""<?xml version=\""1.0\"" encoding=\""utf-8\""?><MediaServerControl version=\""1.0\""><request><playcollect maxdigits=\""1\"" barge=\""yes\"" extradigittimer=\""immediate\"" firstdigittimer=\""immediate\""><prompt><audio url=\""http://prod-serveur-oms-ip.vente.francetelecom.fr:8080/annonces/SVAIP/silence.wav\""/><audio url=\""http://prod-serveur-oms-ip.vente.francetelecom.fr:8080/annonces/SVAIP/MGIT/SVAIPSA199N.wav\""/></prompt></playcollect></request></MediaServerControl>"", ""call_flow_type"" : ""EARLY_MEDIA_AND_RELEASE"", ""header_list"" : []}"
27204,SVAIPP10004796F15,"{""id"" : 27204, ""name"" : ""SVAIPP10004796F15"", ""vpn_id"" : 10004796, ""technical_type"" : ""PERSONALIZED_GREETING"", ""max_duration"" : null, ""release_cause"" : 21, ""network_sip_code"" : 603, ""mscml_user_part"" : ""0943101510004796"", ""mscml_body_content"" : ""<?xml version=\""1.0\"" encoding=\""utf-8\""?><MediaServerControl version=\""1.0\""><request><play><prompt repeat=\""2\""><audio url=\""http://prod-serveur-oms-ip.vente.francetelecom.fr:8080/annonces/SVAIP/silence.wav\""/><audio url=\""http://prod-serveur-oms-ip.vente.francetelecom.fr:8080/annonces/SVAIP/10004796/SVAIPP10004796F15.wav\""/></prompt></play></request></MediaServerControl>"", ""call_flow_type"" : ""EARLY_MEDIA_AND_RELEASE"", ""header_list"" : []}"
323,SVAIPSD005N,"{""id"" : 323, ""name"" : ""SVAIPSD005N"", ""vpn_id"" : null, ""technical_type"" : ""STANDARD_MGIT"", ""max_duration"" : null, ""release_cause"" : 0, ""network_sip_code"" : 0, ""mscml_user_part"" : ""09431010"", ""mscml_body_content"" : ""<?xml version=\""1.0\"" encoding=\""utf-8\""?><MediaServerControl version=\""1.0\""><request><playcollect maxdigits=\""1\"" barge=\""yes\"" extradigittimer=\""immediate\"" firstdigittimer=\""immediate\""><prompt><audio url=\""http://prod-serveur-oms-ip.vente.francetelecom.fr:8080/annonces/SVAIP/silence.wav\""/><audio url=\""http://prod-serveur-oms-ip.vente.francetelecom.fr:8080/annonces/SVAIP/MGIT/SVAIPSD005N.wav\""/></prompt></playcollect></request></MediaServerControl>"", ""call_flow_type"" : ""EARLY_MEDIA_AND_RELEASE"", ""header_list"" : []}"
324,SVAIPSD010R,"{""id"" : 324, ""name"" : ""SVAIPSD010R"", ""vpn_id"" : null, ""technical_type"" : ""STANDARD_MGIT"", ""max_duration"" : null, ""release_cause"" : 0, ""network_sip_code"" : 0, ""mscml_user_part"" : ""09431010"", ""mscml_body_content"" : ""<?xml version=\""1.0\"" encoding=\""utf-8\""?><MediaServerControl version=\""1.0\""><request><playcollect maxdigits=\""1\"" barge=\""yes\"" extradigittimer=\""immediate\"" firstdigittimer=\""immediate\""><prompt><audio url=\""http://prod-serveur-oms-ip.vente.francetelecom.fr:8080/annonces/SVAIP/silence.wav\""/><audio url=\""http://prod-serveur-oms-ip.vente.francetelecom.fr:8080/annonces/SVAIP/MGIT/SVAIPSD010R.wav\""/></prompt></playcollect></request></MediaServerControl>"", ""call_flow_type"" : ""EARLY_MEDIA_AND_RELEASE"", ""header_list"" : []}"
289,SVAIPSA150P,"{""id"" : 289, ""name"" : ""SVAIPSA150P"", ""vpn_id"" : null, ""technical_type"" : ""STANDARD_MGIT"", ""max_duration"" : null, ""release_cause"" : 0, ""network_sip_code"" : 0, ""mscml_user_part"" : ""09431010"", ""mscml_body_content"" : ""<?xml version=\""1.0\"" encoding=\""utf-8\""?><MediaServerControl version=\""1.0\""><request><playcollect maxdigits=\""1\"" barge=\""yes\"" extradigittimer=\""immediate\"" firstdigittimer=\""immediate\""><prompt><audio url=\""http://prod-serveur-oms-ip.vente.francetelecom.fr:8080/annonces/SVAIP/silence.wav\""/><audio url=\""http://prod-serveur-oms-ip.vente.francetelecom.fr:8080/annonces/SVAIP/MGIT/SVAIPSA150P.wav\""/></prompt></playcollect></request></MediaServerControl>"", ""call_flow_type"" : ""EARLY_MEDIA_AND_RELEASE"", ""header_list"" : []}"
326,SVAIPSD010N,"{""id"" : 326, ""name"" : ""SVAIPSD010N"", ""vpn_id"" : null, ""technical_type"" : ""STANDARD_MGIT"", ""max_duration"" : null, ""release_cause"" : 0, ""network_sip_code"" : 0, ""mscml_user_part"" : ""09431010"", ""mscml_body_content"" : ""<?xml version=\""1.0\"" encoding=\""utf-8\""?><MediaServerControl version=\""1.0\""><request><playcollect maxdigits=\""1\"" barge=\""yes\"" extradigittimer=\""immediate\"" firstdigittimer=\""immediate\""><prompt><audio url=\""http://prod-serveur-oms-ip.vente.francetelecom.fr:8080/annonces/SVAIP/silence.wav\""/><audio url=\""http://prod-serveur-oms-ip.vente.francetelecom.fr:8080/annonces/SVAIP/MGIT/SVAIPSD010N.wav\""/></prompt></playcollect></request></MediaServerControl>"", ""call_flow_type"" : ""EARLY_MEDIA_AND_RELEASE"", ""header_list"" : []}"
265,SVAIPSA050P,"{""id"" : 265, ""name"" : ""SVAIPSA050P"", ""vpn_id"" : null, ""technical_type"" : ""STANDARD_MGIT"", ""max_duration"" : null, ""release_cause"" : 0, ""network_sip_code"" : 0, ""mscml_user_part"" : ""09431010"", ""mscml_body_content"" : ""<?xml version=\""1.0\"" encoding=\""utf-8\""?><MediaServerControl version=\""1.0\""><request><playcollect maxdigits=\""1\"" barge=\""yes\"" extradigittimer=\""immediate\"" firstdigittimer=\""immediate\""><prompt><audio url=\""http://prod-serveur-oms-ip.vente.francetelecom.fr:8080/annonces/SVAIP/silence.wav\""/><audio url=\""http://prod-serveur-oms-ip.vente.francetelecom.fr:8080/annonces/SVAIP/MGIT/SVAIPSA050P.wav\""/></prompt></playcollect></request></MediaServerControl>"", ""call_flow_type"" : ""EARLY_MEDIA_AND_RELEASE"", ""header_list"" : []}"
267,SVAIPSA060R,"{""id"" : 267, ""name"" : ""SVAIPSA060R"", ""vpn_id"" : null, ""technical_type"" : ""STANDARD_MGIT"", ""max_duration"" : null, ""release_cause"" : 0, ""network_sip_code"" : 0, ""mscml_user_part"" : ""09431010"", ""mscml_body_content"" : ""<?xml version=\""1.0\"" encoding=\""utf-8\""?><MediaServerControl version=\""1.0\""><request><playcollect maxdigits=\""1\"" barge=\""yes\"" extradigittimer=\""immediate\"" firstdigittimer=\""immediate\""><prompt><audio url=\""http://prod-serveur-oms-ip.vente.francetelecom.fr:8080/annonces/SVAIP/silence.wav\""/><audio url=\""http://prod-serveur-oms-ip.vente.francetelecom.fr:8080/annonces/SVAIP/MGIT/SVAIPSA060R.wav\""/></prompt></playcollect></request></MediaServerControl>"", ""call_flow_type"" : ""EARLY_MEDIA_AND_RELEASE"", ""header_list"" : []}"
356,SVAIPSD050R,"{""id"" : 356, ""name"" : ""SVAIPSD050R"", ""vpn_id"" : null, ""technical_type"" : ""STANDARD_MGIT"", ""max_duration"" : null, ""release_cause"" : 0, ""network_sip_code"" : 0, ""mscml_user_part"" : ""09431010"", ""mscml_body_content"" : ""<?xml version=\""1.0\"" encoding=\""utf-8\""?><MediaServerControl version=\""1.0\""><request><playcollect maxdigits=\""1\"" barge=\""yes\"" extradigittimer=\""immediate\"" firstdigittimer=\""immediate\""><prompt><audio url=\""http://prod-serveur-oms-ip.vente.francetelecom.fr:8080/annonces/SVAIP/silence.wav\""/><audio url=\""http://prod-serveur-oms-ip.vente.francetelecom.fr:8080/annonces/SVAIP/MGIT/SVAIPSD050R.wav\""/></prompt></playcollect></request></MediaServerControl>"", ""call_flow_type"" : ""EARLY_MEDIA_AND_RELEASE"", ""header_list"" : []}"
322,SVAIPSD005P,"{""id"" : 322, ""name"" : ""SVAIPSD005P"", ""vpn_id"" : null, ""technical_type"" : ""STANDARD_MGIT"", ""max_duration"" : null, ""release_cause"" : 0, ""network_sip_code"" : 0, ""mscml_user_part"" : ""09431010"", ""mscml_body_content"" : ""<?xml version=\""1.0\"" encoding=\""utf-8\""?><MediaServerControl version=\""1.0\""><request><playcollect maxdigits=\""1\"" barge=\""yes\"" extradigittimer=\""immediate\"" firstdigittimer=\""immediate\""><prompt><audio url=\""http://prod-serveur-oms-ip.vente.francetelecom.fr:8080/annonces/SVAIP/silence.wav\""/><audio url=\""http://prod-serveur-oms-ip.vente.francetelecom.fr:8080/annonces/SVAIP/MGIT/SVAIPSD005P.wav\""/></prompt></playcollect></request></MediaServerControl>"", ""call_flow_type"" : ""EARLY_MEDIA_AND_RELEASE"", ""header_list"" : []}"
27381,SVAIPP10004796F16,"{""id"" : 27381, ""name"" : ""SVAIPP10004796F16"", ""vpn_id"" : 10004796, ""technical_type"" : ""PERSONALIZED_GREETING"", ""max_duration"" : null, ""release_cause"" : 21, ""network_sip_code"" : 603, ""mscml_user_part"" : ""0943101510004796"", ""mscml_body_content"" : ""<?xml version=\""1.0\"" encoding=\""utf-8\""?><MediaServerControl version=\""1.0\""><request><play><prompt repeat=\""2\""><audio url=\""http://prod-serveur-oms-ip.vente.francetelecom.fr:8080/annonces/SVAIP/silence.wav\""/><audio url=\""http://prod-serveur-oms-ip.vente.francetelecom.fr:8080/annonces/SVAIP/10004796/SVAIPP10004796F16.wav\""/></prompt></play></request></MediaServerControl>"", ""call_flow_type"" : ""EARLY_MEDIA_AND_RELEASE"", ""header_list"" : []}"
283,SVAIPSA099P,"{""id"" : 283, ""name"" : ""SVAIPSA099P"", ""vpn_id"" : null, ""technical_type"" : ""STANDARD_MGIT"", ""max_duration"" : null, ""release_cause"" : 0, ""network_sip_code"" : 0, ""mscml_user_part"" : ""09431010"", ""mscml_body_content"" : ""<?xml version=\""1.0\"" encoding=\""utf-8\""?><MediaServerControl version=\""1.0\""><request><playcollect maxdigits=\""1\"" barge=\""yes\"" extradigittimer=\""immediate\"" firstdigittimer=\""immediate\""><prompt><audio url=\""http://prod-serveur-oms-ip.vente.francetelecom.fr:8080/annonces/SVAIP/silence.wav\""/><audio url=\""http://prod-serveur-oms-ip.vente.francetelecom.fr:8080/annonces/SVAIP/MGIT/SVAIPSA099P.wav\""/></prompt></playcollect></request></MediaServerControl>"", ""call_flow_type"" : ""EARLY_MEDIA_AND_RELEASE"", ""header_list"" : []}"
277,SVAIPSA080P,"{""id"" : 277, ""name"" : ""SVAIPSA080P"", ""vpn_id"" : null, ""technical_type"" : ""STANDARD_MGIT"", ""max_duration"" : null, ""release_cause"" : 0, ""network_sip_code"" : 0, ""mscml_user_part"" : ""09431010"", ""mscml_body_content"" : ""<?xml version=\""1.0\"" encoding=\""utf-8\""?><MediaServerControl version=\""1.0\""><request><playcollect maxdigits=\""1\"" barge=\""yes\"" extradigittimer=\""immediate\"" firstdigittimer=\""immediate\""><prompt><audio url=\""http://prod-serveur-oms-ip.vente.francetelecom.fr:8080/annonces/SVAIP/silence.wav\""/><audio url=\""http://prod-serveur-oms-ip.vente.francetelecom.fr:8080/annonces/SVAIP/MGIT/SVAIPSA080P.wav\""/></prompt></playcollect></request></MediaServerControl>"", ""call_flow_type"" : ""EARLY_MEDIA_AND_RELEASE"", ""header_list"" : []}"
299,SVAIPSA250N,"{""id"" : 299, ""name"" : ""SVAIPSA250N"", ""vpn_id"" : null, ""technical_type"" : ""STANDARD_MGIT"", ""max_duration"" : null, ""release_cause"" : 0, ""network_sip_code"" : 0, ""mscml_user_part"" : ""09431010"", ""mscml_body_content"" : ""<?xml version=\""1.0\"" encoding=\""utf-8\""?><MediaServerControl version=\""1.0\""><request><playcollect maxdigits=\""1\"" barge=\""yes\"" extradigittimer=\""immediate\"" firstdigittimer=\""immediate\""><prompt><audio url=\""http://prod-serveur-oms-ip.vente.francetelecom.fr:8080/annonces/SVAIP/silence.wav\""/><audio url=\""http://prod-serveur-oms-ip.vente.francetelecom.fr:8080/annonces/SVAIP/MGIT/SVAIPSA250N.wav\""/></prompt></playcollect></request></MediaServerControl>"", ""call_flow_type"" : ""EARLY_MEDIA_AND_RELEASE"", ""header_list"" : []}"
304,SVAIPSA300P,"{""id"" : 304, ""name"" : ""SVAIPSA300P"", ""vpn_id"" : null, ""technical_type"" : ""STANDARD_MGIT"", ""max_duration"" : null, ""release_cause"" : 0, ""network_sip_code"" : 0, ""mscml_user_part"" : ""09431010"", ""mscml_body_content"" : ""<?xml version=\""1.0\"" encoding=\""utf-8\""?><MediaServerControl version=\""1.0\""><request><playcollect maxdigits=\""1\"" barge=\""yes\"" extradigittimer=\""immediate\"" firstdigittimer=\""immediate\""><prompt><audio url=\""http://prod-serveur-oms-ip.vente.francetelecom.fr:8080/annonces/SVAIP/silence.wav\""/><audio url=\""http://prod-serveur-oms-ip.vente.francetelecom.fr:8080/annonces/SVAIP/MGIT/SVAIPSA300P.wav\""/></prompt></playcollect></request></MediaServerControl>"", ""call_flow_type"" : ""EARLY_MEDIA_AND_RELEASE"", ""header_list"" : []}"
347,SVAIPSD035R,"{""id"" : 347, ""name"" : ""SVAIPSD035R"", ""vpn_id"" : null, ""technical_type"" : ""STANDARD_MGIT"", ""max_duration"" : null, ""release_cause"" : 0, ""network_sip_code"" : 0, ""mscml_user_part"" : ""09431010"", ""mscml_body_content"" : ""<?xml version=\""1.0\"" encoding=\""utf-8\""?><MediaServerControl version=\""1.0\""><request><playcollect maxdigits=\""1\"" barge=\""yes\"" extradigittimer=\""immediate\"" firstdigittimer=\""immediate\""><prompt><audio url=\""http://prod-serveur-oms-ip.vente.francetelecom.fr:8080/annonces/SVAIP/silence.wav\""/><audio url=\""http://prod-serveur-oms-ip.vente.francetelecom.fr:8080/annonces/SVAIP/MGIT/SVAIPSD035R.wav\""/></prompt></playcollect></request></MediaServerControl>"", ""call_flow_type"" : ""EARLY_MEDIA_AND_RELEASE"", ""header_list"" : []}"
746,SVAIPP10004077D012P7,"{""id"" : 746, ""name"" : ""SVAIPP10004077D012P7"", ""vpn_id"" : 10004077, ""technical_type"" : ""PERSONALIZED_MGIT"", ""max_duration"" : null, ""release_cause"" : 0, ""network_sip_code"" : 0, ""mscml_user_part"" : ""0943101110004077"", ""mscml_body_content"" : ""<?xml version=\""1.0\"" encoding=\""utf-8\""?><MediaServerControl version=\""1.0\""><request><playcollect maxdigits=\""1\"" barge=\""yes\"" extradigittimer=\""immediate\"" firstdigittimer=\""immediate\""><prompt><audio url=\""http://prod-serveur-oms-ip.vente.francetelecom.fr:8080/annonces/SVAIP/silence.wav\""/><audio url=\""http://prod-serveur-oms-ip.vente.francetelecom.fr:8080/annonces/SVAIP/10004077/SVAIPP10004077D012P7.wav\""/></prompt></playcollect></request></MediaServerControl>"", ""call_flow_type"" : ""EARLY_MEDIA_AND_RELEASE"", ""header_list"" : []}"
381,SVAIPSD020N,"{""id"" : 381, ""name"" : ""SVAIPSD020N"", ""vpn_id"" : null, ""technical_type"" : ""STANDARD_MGIT"", ""max_duration"" : null, ""release_cause"" : 0, ""network_sip_code"" : 0, ""mscml_user_part"" : ""09431010"", ""mscml_body_content"" : ""<?xml version=\""1.0\"" encoding=\""utf-8\""?><MediaServerControl version=\""1.0\""><request><playcollect maxdigits=\""1\"" barge=\""yes\"" extradigittimer=\""immediate\"" firstdigittimer=\""immediate\""><prompt><audio url=\""http://prod-serveur-oms-ip.vente.francetelecom.fr:8080/annonces/SVAIP/silence.wav\""/><audio url=\""http://prod-serveur-oms-ip.vente.francetelecom.fr:8080/annonces/SVAIP/MGIT/SVAIPSD020N.wav\""/></prompt></playcollect></request></MediaServerControl>"", ""call_flow_type"" : ""EARLY_MEDIA_AND_RELEASE"", ""header_list"" : []}"
348,SVAIPSD035P,"{""id"" : 348, ""name"" : ""SVAIPSD035P"", ""vpn_id"" : null, ""technical_type"" : ""STANDARD_MGIT"", ""max_duration"" : null, ""release_cause"" : 0, ""network_sip_code"" : 0, ""mscml_user_part"" : ""09431010"", ""mscml_body_content"" : ""<?xml version=\""1.0\"" encoding=\""utf-8\""?><MediaServerControl version=\""1.0\""><request><playcollect maxdigits=\""1\"" barge=\""yes\"" extradigittimer=\""immediate\"" firstdigittimer=\""immediate\""><prompt><audio url=\""http://prod-serveur-oms-ip.vente.francetelecom.fr:8080/annonces/SVAIP/silence.wav\""/><audio url=\""http://prod-serveur-oms-ip.vente.francetelecom.fr:8080/annonces/SVAIP/MGIT/SVAIPSD035P.wav\""/></prompt></playcollect></request></MediaServerControl>"", ""call_flow_type"" : ""EARLY_MEDIA_AND_RELEASE"", ""header_list"" : []}"
358,SVAIPSD050N,"{""id"" : 358, ""name"" : ""SVAIPSD050N"", ""vpn_id"" : null, ""technical_type"" : ""STANDARD_MGIT"", ""max_duration"" : null, ""release_cause"" : 0, ""network_sip_code"" : 0, ""mscml_user_part"" : ""09431010"", ""mscml_body_content"" : ""<?xml version=\""1.0\"" encoding=\""utf-8\""?><MediaServerControl version=\""1.0\""><request><playcollect maxdigits=\""1\"" barge=\""yes\"" extradigittimer=\""immediate\"" firstdigittimer=\""immediate\""><prompt><audio url=\""http://prod-serveur-oms-ip.vente.francetelecom.fr:8080/annonces/SVAIP/silence.wav\""/><audio url=\""http://prod-serveur-oms-ip.vente.francetelecom.fr:8080/annonces/SVAIP/MGIT/SVAIPSD050N.wav\""/></prompt></playcollect></request></MediaServerControl>"", ""call_flow_type"" : ""EARLY_MEDIA_AND_RELEASE"", ""header_list"" : []}"
35326,SVAIPP10000001A009R5,"{""id"" : 35326, ""name"" : ""SVAIPP10000001A009R5"", ""vpn_id"" : 10000001, ""technical_type"" : ""PERSONALIZED_MGIT"", ""max_duration"" : null, ""release_cause"" : 0, ""network_sip_code"" : 0, ""mscml_user_part"" : ""0943101110000001"", ""mscml_body_content"" : ""<?xml version=\""1.0\"" encoding=\""utf-8\""?><MediaServerControl version=\""1.0\""><request><playcollect maxdigits=\""1\"" barge=\""yes\"" extradigittimer=\""immediate\"" firstdigittimer=\""immediate\""><prompt><audio url=\""http://prod-serveur-oms-ip.vente.francetelecom.fr:8080/annonces/SVAIP/silence.wav\""/><audio url=\""http://prod-serveur-oms-ip.vente.francetelecom.fr:8080/annonces/SVAIP/10000001/SVAIPP10000001A009R5.wav\""/></prompt></playcollect></request></MediaServerControl>"", ""call_flow_type"" : ""EARLY_MEDIA_AND_RELEASE"", ""header_list"" : []}"
747,SVAIPP10004077D012P8,"{""id"" : 747, ""name"" : ""SVAIPP10004077D012P8"", ""vpn_id"" : 10004077, ""technical_type"" : ""PERSONALIZED_MGIT"", ""max_duration"" : null, ""release_cause"" : 0, ""network_sip_code"" : 0, ""mscml_user_part"" : ""0943101110004077"", ""mscml_body_content"" : ""<?xml version=\""1.0\"" encoding=\""utf-8\""?><MediaServerControl version=\""1.0\""><request><playcollect maxdigits=\""1\"" barge=\""yes\"" extradigittimer=\""immediate\"" firstdigittimer=\""immediate\""><prompt><audio url=\""http://prod-serveur-oms-ip.vente.francetelecom.fr:8080/annonces/SVAIP/silence.wav\""/><audio url=\""http://prod-serveur-oms-ip.vente.francetelecom.fr:8080/annonces/SVAIP/10004077/SVAIPP10004077D012P8.wav\""/></prompt></playcollect></request></MediaServerControl>"", ""call_flow_type"" : ""EARLY_MEDIA_AND_RELEASE"", ""header_list"" : []}"
749,SVAIPP10004077D006P10,"{""id"" : 749, ""name"" : ""SVAIPP10004077D006P10"", ""vpn_id"" : 10004077, ""technical_type"" : ""PERSONALIZED_MGIT"", ""max_duration"" : null, ""release_cause"" : 0, ""network_sip_code"" : 0, ""mscml_user_part"" : ""0943101110004077"", ""mscml_body_content"" : ""<?xml version=\""1.0\"" encoding=\""utf-8\""?><MediaServerControl version=\""1.0\""><request><playcollect maxdigits=\""1\"" barge=\""yes\"" extradigittimer=\""immediate\"" firstdigittimer=\""immediate\""><prompt><audio url=\""http://prod-serveur-oms-ip.vente.francetelecom.fr:8080/annonces/SVAIP/silence.wav\""/><audio url=\""http://prod-serveur-oms-ip.vente.francetelecom.fr:8080/annonces/SVAIP/10004077/SVAIPP10004077D006P10.wav\""/></prompt></playcollect></request></MediaServerControl>"", ""call_flow_type"" : ""EARLY_MEDIA_AND_RELEASE"", ""header_list"" : []}"
352,SVAIPSD040N,"{""id"" : 352, ""name"" : ""SVAIPSD040N"", ""vpn_id"" : null, ""technical_type"" : ""STANDARD_MGIT"", ""max_duration"" : null, ""release_cause"" : 0, ""network_sip_code"" : 0, ""mscml_user_part"" : ""09431010"", ""mscml_body_content"" : ""<?xml version=\""1.0\"" encoding=\""utf-8\""?><MediaServerControl version=\""1.0\""><request><playcollect maxdigits=\""1\"" barge=\""yes\"" extradigittimer=\""immediate\"" firstdigittimer=\""immediate\""><prompt><audio url=\""http://prod-serveur-oms-ip.vente.francetelecom.fr:8080/annonces/SVAIP/silence.wav\""/><audio url=\""http://prod-serveur-oms-ip.vente.francetelecom.fr:8080/annonces/SVAIP/MGIT/SVAIPSD040N.wav\""/></prompt></playcollect></request></MediaServerControl>"", ""call_flow_type"" : ""EARLY_MEDIA_AND_RELEASE"", ""header_list"" : []}"
362,SVAIPSD070R,"{""id"" : 362, ""name"" : ""SVAIPSD070R"", ""vpn_id"" : null, ""technical_type"" : ""STANDARD_MGIT"", ""max_duration"" : null, ""release_cause"" : 0, ""network_sip_code"" : 0, ""mscml_user_part"" : ""09431010"", ""mscml_body_content"" : ""<?xml version=\""1.0\"" encoding=\""utf-8\""?><MediaServerControl version=\""1.0\""><request><playcollect maxdigits=\""1\"" barge=\""yes\"" extradigittimer=\""immediate\"" firstdigittimer=\""immediate\""><prompt><audio url=\""http://prod-serveur-oms-ip.vente.francetelecom.fr:8080/annonces/SVAIP/silence.wav\""/><audio url=\""http://prod-serveur-oms-ip.vente.francetelecom.fr:8080/annonces/SVAIP/MGIT/SVAIPSD070R.wav\""/></prompt></playcollect></request></MediaServerControl>"", ""call_flow_type"" : ""EARLY_MEDIA_AND_RELEASE"", ""header_list"" : []}"
750,SVAIPP10004077D012P11,"{""id"" : 750, ""name"" : ""SVAIPP10004077D012P11"", ""vpn_id"" : 10004077, ""technical_type"" : ""PERSONALIZED_MGIT"", ""max_duration"" : null, ""release_cause"" : 0, ""network_sip_code"" : 0, ""mscml_user_part"" : ""0943101110004077"", ""mscml_body_content"" : ""<?xml version=\""1.0\"" encoding=\""utf-8\""?><MediaServerControl version=\""1.0\""><request><playcollect maxdigits=\""1\"" barge=\""yes\"" extradigittimer=\""immediate\"" firstdigittimer=\""immediate\""><prompt><audio url=\""http://prod-serveur-oms-ip.vente.francetelecom.fr:8080/annonces/SVAIP/silence.wav\""/><audio url=\""http://prod-serveur-oms-ip.vente.francetelecom.fr:8080/annonces/SVAIP/10004077/SVAIPP10004077D012P11.wav\""/></prompt></playcollect></request></MediaServerControl>"", ""call_flow_type"" : ""EARLY_MEDIA_AND_RELEASE"", ""header_list"" : []}"
328,SVAIPSD015P,"{""id"" : 328, ""name"" : ""SVAIPSD015P"", ""vpn_id"" : null, ""technical_type"" : ""STANDARD_MGIT"", ""max_duration"" : null, ""release_cause"" : 0, ""network_sip_code"" : 0, ""mscml_user_part"" : ""09431010"", ""mscml_body_content"" : ""<?xml version=\""1.0\"" encoding=\""utf-8\""?><MediaServerControl version=\""1.0\""><request><playcollect maxdigits=\""1\"" barge=\""yes\"" extradigittimer=\""immediate\"" firstdigittimer=\""immediate\""><prompt><audio url=\""http://prod-serveur-oms-ip.vente.francetelecom.fr:8080/annonces/SVAIP/silence.wav\""/><audio url=\""http://prod-serveur-oms-ip.vente.francetelecom.fr:8080/annonces/SVAIP/MGIT/SVAIPSD015P.wav\""/></prompt></playcollect></request></MediaServerControl>"", ""call_flow_type"" : ""EARLY_MEDIA_AND_RELEASE"", ""header_list"" : []}"
341,SVAIPSD018N,"{""id"" : 341, ""name"" : ""SVAIPSD018N"", ""vpn_id"" : null, ""technical_type"" : ""STANDARD_MGIT"", ""max_duration"" : null, ""release_cause"" : 0, ""network_sip_code"" : 0, ""mscml_user_part"" : ""09431010"", ""mscml_body_content"" : ""<?xml version=\""1.0\"" encoding=\""utf-8\""?><MediaServerControl version=\""1.0\""><request><playcollect maxdigits=\""1\"" barge=\""yes\"" extradigittimer=\""immediate\"" firstdigittimer=\""immediate\""><prompt><audio url=\""http://prod-serveur-oms-ip.vente.francetelecom.fr:8080/annonces/SVAIP/silence.wav\""/><audio url=\""http://prod-serveur-oms-ip.vente.francetelecom.fr:8080/annonces/SVAIP/MGIT/SVAIPSD018N.wav\""/></prompt></playcollect></request></MediaServerControl>"", ""call_flow_type"" : ""EARLY_MEDIA_AND_RELEASE"", ""header_list"" : []}"
344,SVAIPSD030R,"{""id"" : 344, ""name"" : ""SVAIPSD030R"", ""vpn_id"" : null, ""technical_type"" : ""STANDARD_MGIT"", ""max_duration"" : null, ""release_cause"" : 0, ""network_sip_code"" : 0, ""mscml_user_part"" : ""09431010"", ""mscml_body_content"" : ""<?xml version=\""1.0\"" encoding=\""utf-8\""?><MediaServerControl version=\""1.0\""><request><playcollect maxdigits=\""1\"" barge=\""yes\"" extradigittimer=\""immediate\"" firstdigittimer=\""immediate\""><prompt><audio url=\""http://prod-serveur-oms-ip.vente.francetelecom.fr:8080/annonces/SVAIP/silence.wav\""/><audio url=\""http://prod-serveur-oms-ip.vente.francetelecom.fr:8080/annonces/SVAIP/MGIT/SVAIPSD030R.wav\""/></prompt></playcollect></request></MediaServerControl>"", ""call_flow_type"" : ""EARLY_MEDIA_AND_RELEASE"", ""header_list"" : []}"
35641,SVAIPP10010188F10,"{""id"" : 35641, ""name"" : ""SVAIPP10010188F10"", ""vpn_id"" : 10010188, ""technical_type"" : ""PERSONALIZED_GREETING"", ""max_duration"" : null, ""release_cause"" : 21, ""network_sip_code"" : 603, ""mscml_user_part"" : ""0943101510010188"", ""mscml_body_content"" : ""<?xml version=\""1.0\"" encoding=\""utf-8\""?><MediaServerControl version=\""1.0\""><request><play><prompt repeat=\""2\""><audio url=\""http://prod-serveur-oms-ip.vente.francetelecom.fr:8080/annonces/SVAIP/silence.wav\""/><audio url=\""http://prod-serveur-oms-ip.vente.francetelecom.fr:8080/annonces/SVAIP/10010188/SVAIPP10010188F10.wav\""/></prompt></play></request></MediaServerControl>"", ""call_flow_type"" : ""EARLY_MEDIA_AND_RELEASE"", ""header_list"" : []}"
360,SVAIPSD060P,"{""id"" : 360, ""name"" : ""SVAIPSD060P"", ""vpn_id"" : null, ""technical_type"" : ""STANDARD_MGIT"", ""max_duration"" : null, ""release_cause"" : 0, ""network_sip_code"" : 0, ""mscml_user_part"" : ""09431010"", ""mscml_body_content"" : ""<?xml version=\""1.0\"" encoding=\""utf-8\""?><MediaServerControl version=\""1.0\""><request><playcollect maxdigits=\""1\"" barge=\""yes\"" extradigittimer=\""immediate\"" firstdigittimer=\""immediate\""><prompt><audio url=\""http://prod-serveur-oms-ip.vente.francetelecom.fr:8080/annonces/SVAIP/silence.wav\""/><audio url=\""http://prod-serveur-oms-ip.vente.francetelecom.fr:8080/annonces/SVAIP/MGIT/SVAIPSD060P.wav\""/></prompt></playcollect></request></MediaServerControl>"", ""call_flow_type"" : ""EARLY_MEDIA_AND_RELEASE"", ""header_list"" : []}"
355,SVAIPSD045N,"{""id"" : 355, ""name"" : ""SVAIPSD045N"", ""vpn_id"" : null, ""technical_type"" : ""STANDARD_MGIT"", ""max_duration"" : null, ""release_cause"" : 0, ""network_sip_code"" : 0, ""mscml_user_part"" : ""09431010"", ""mscml_body_content"" : ""<?xml version=\""1.0\"" encoding=\""utf-8\""?><MediaServerControl version=\""1.0\""><request><playcollect maxdigits=\""1\"" barge=\""yes\"" extradigittimer=\""immediate\"" firstdigittimer=\""immediate\""><prompt><audio url=\""http://prod-serveur-oms-ip.vente.francetelecom.fr:8080/annonces/SVAIP/silence.wav\""/><audio url=\""http://prod-serveur-oms-ip.vente.francetelecom.fr:8080/annonces/SVAIP/MGIT/SVAIPSD045N.wav\""/></prompt></playcollect></request></MediaServerControl>"", ""call_flow_type"" : ""EARLY_MEDIA_AND_RELEASE"", ""header_list"" : []}"
343,SVAIPSD020P,"{""id"" : 343, ""name"" : ""SVAIPSD020P"", ""vpn_id"" : null, ""technical_type"" : ""STANDARD_MGIT"", ""max_duration"" : null, ""release_cause"" : 0, ""network_sip_code"" : 0, ""mscml_user_part"" : ""09431010"", ""mscml_body_content"" : ""<?xml version=\""1.0\"" encoding=\""utf-8\""?><MediaServerControl version=\""1.0\""><request><playcollect maxdigits=\""1\"" barge=\""yes\"" extradigittimer=\""immediate\"" firstdigittimer=\""immediate\""><prompt><audio url=\""http://prod-serveur-oms-ip.vente.francetelecom.fr:8080/annonces/SVAIP/silence.wav\""/><audio url=\""http://prod-serveur-oms-ip.vente.francetelecom.fr:8080/annonces/SVAIP/MGIT/SVAIPSD020P.wav\""/></prompt></playcollect></request></MediaServerControl>"", ""call_flow_type"" : ""EARLY_MEDIA_AND_RELEASE"", ""header_list"" : []}"
349,SVAIPSD035N,"{""id"" : 349, ""name"" : ""SVAIPSD035N"", ""vpn_id"" : null, ""technical_type"" : ""STANDARD_MGIT"", ""max_duration"" : null, ""release_cause"" : 0, ""network_sip_code"" : 0, ""mscml_user_part"" : ""09431010"", ""mscml_body_content"" : ""<?xml version=\""1.0\"" encoding=\""utf-8\""?><MediaServerControl version=\""1.0\""><request><playcollect maxdigits=\""1\"" barge=\""yes\"" extradigittimer=\""immediate\"" firstdigittimer=\""immediate\""><prompt><audio url=\""http://prod-serveur-oms-ip.vente.francetelecom.fr:8080/annonces/SVAIP/silence.wav\""/><audio url=\""http://prod-serveur-oms-ip.vente.francetelecom.fr:8080/annonces/SVAIP/MGIT/SVAIPSD035N.wav\""/></prompt></playcollect></request></MediaServerControl>"", ""call_flow_type"" : ""EARLY_MEDIA_AND_RELEASE"", ""header_list"" : []}"
357,SVAIPSD050P,"{""id"" : 357, ""name"" : ""SVAIPSD050P"", ""vpn_id"" : null, ""technical_type"" : ""STANDARD_MGIT"", ""max_duration"" : null, ""release_cause"" : 0, ""network_sip_code"" : 0, ""mscml_user_part"" : ""09431010"", ""mscml_body_content"" : ""<?xml version=\""1.0\"" encoding=\""utf-8\""?><MediaServerControl version=\""1.0\""><request><playcollect maxdigits=\""1\"" barge=\""yes\"" extradigittimer=\""immediate\"" firstdigittimer=\""immediate\""><prompt><audio url=\""http://prod-serveur-oms-ip.vente.francetelecom.fr:8080/annonces/SVAIP/silence.wav\""/><audio url=\""http://prod-serveur-oms-ip.vente.francetelecom.fr:8080/annonces/SVAIP/MGIT/SVAIPSD050P.wav\""/></prompt></playcollect></request></MediaServerControl>"", ""call_flow_type"" : ""EARLY_MEDIA_AND_RELEASE"", ""header_list"" : []}"
748,SVAIPP10004077D012P9,"{""id"" : 748, ""name"" : ""SVAIPP10004077D012P9"", ""vpn_id"" : 10004077, ""technical_type"" : ""PERSONALIZED_MGIT"", ""max_duration"" : null, ""release_cause"" : 0, ""network_sip_code"" : 0, ""mscml_user_part"" : ""0943101110004077"", ""mscml_body_content"" : ""<?xml version=\""1.0\"" encoding=\""utf-8\""?><MediaServerControl version=\""1.0\""><request><playcollect maxdigits=\""1\"" barge=\""yes\"" extradigittimer=\""immediate\"" firstdigittimer=\""immediate\""><prompt><audio url=\""http://prod-serveur-oms-ip.vente.francetelecom.fr:8080/annonces/SVAIP/silence.wav\""/><audio url=\""http://prod-serveur-oms-ip.vente.francetelecom.fr:8080/annonces/SVAIP/10004077/SVAIPP10004077D012P9.wav\""/></prompt></playcollect></request></MediaServerControl>"", ""call_flow_type"" : ""EARLY_MEDIA_AND_RELEASE"", ""header_list"" : []}"
32701,SVAIPP10008187F7,"{""id"" : 32701, ""name"" : ""SVAIPP10008187F7"", ""vpn_id"" : 10008187, ""technical_type"" : ""PERSONALIZED_GREETING"", ""max_duration"" : null, ""release_cause"" : 21, ""network_sip_code"" : 603, ""mscml_user_part"" : ""0943101510008187"", ""mscml_body_content"" : ""<?xml version=\""1.0\"" encoding=\""utf-8\""?><MediaServerControl version=\""1.0\""><request><play><prompt repeat=\""2\""><audio url=\""http://prod-serveur-oms-ip.vente.francetelecom.fr:8080/annonces/SVAIP/silence.wav\""/><audio url=\""http://prod-serveur-oms-ip.vente.francetelecom.fr:8080/annonces/SVAIP/10008187/SVAIPP10008187F7.wav\""/></prompt></play></request></MediaServerControl>"", ""call_flow_type"" : ""EARLY_MEDIA_AND_RELEASE"", ""header_list"" : []}"
761,SVAIPP10004077D012P17,"{""id"" : 761, ""name"" : ""SVAIPP10004077D012P17"", ""vpn_id"" : 10004077, ""technical_type"" : ""PERSONALIZED_MGIT"", ""max_duration"" : null, ""release_cause"" : 0, ""network_sip_code"" : 0, ""mscml_user_part"" : ""0943101110004077"", ""mscml_body_content"" : ""<?xml version=\""1.0\"" encoding=\""utf-8\""?><MediaServerControl version=\""1.0\""><request><playcollect maxdigits=\""1\"" barge=\""yes\"" extradigittimer=\""immediate\"" firstdigittimer=\""immediate\""><prompt><audio url=\""http://prod-serveur-oms-ip.vente.francetelecom.fr:8080/annonces/SVAIP/silence.wav\""/><audio url=\""http://prod-serveur-oms-ip.vente.francetelecom.fr:8080/annonces/SVAIP/10004077/SVAIPP10004077D012P17.wav\""/></prompt></playcollect></request></MediaServerControl>"", ""call_flow_type"" : ""EARLY_MEDIA_AND_RELEASE"", ""header_list"" : []}"
35661,SVAIPAR100035391,"{""id"" : 35661, ""name"" : ""SVAIPAR100035391"", ""vpn_id"" : 10003539, ""technical_type"" : ""RINGBACK_TONE"", ""max_duration"" : 180000, ""release_cause"" : 0, ""network_sip_code"" : 0, ""mscml_user_part"" : ""0943101210003539"", ""mscml_body_content"" : ""<?xml version=\""1.0\"" encoding=\""utf-8\""?><MediaServerControl version=\""1.0\""><request><play><prompt repeat=\""infinite\""><audio url=\""http://prod-serveur-oms-ip.vente.francetelecom.fr:8080/annonces/SVAIP/silence.wav\""/><audio url=\""http://prod-serveur-oms-ip.vente.francetelecom.fr:8080/annonces/SVAIP/10003539/SVAIPAR100035391.wav\""/></prompt></play></request></MediaServerControl>"", ""call_flow_type"" : ""EARLY_MEDIA_AND_RELEASE"", ""header_list"" : []}"
345,SVAIPSD030P,"{""id"" : 345, ""name"" : ""SVAIPSD030P"", ""vpn_id"" : null, ""technical_type"" : ""STANDARD_MGIT"", ""max_duration"" : null, ""release_cause"" : 0, ""network_sip_code"" : 0, ""mscml_user_part"" : ""09431010"", ""mscml_body_content"" : ""<?xml version=\""1.0\"" encoding=\""utf-8\""?><MediaServerControl version=\""1.0\""><request><playcollect maxdigits=\""1\"" barge=\""yes\"" extradigittimer=\""immediate\"" firstdigittimer=\""immediate\""><prompt><audio url=\""http://prod-serveur-oms-ip.vente.francetelecom.fr:8080/annonces/SVAIP/silence.wav\""/><audio url=\""http://prod-serveur-oms-ip.vente.francetelecom.fr:8080/annonces/SVAIP/MGIT/SVAIPSD030P.wav\""/></prompt></playcollect></request></MediaServerControl>"", ""call_flow_type"" : ""EARLY_MEDIA_AND_RELEASE"", ""header_list"" : []}"
350,SVAIPSD040R,"{""id"" : 350, ""name"" : ""SVAIPSD040R"", ""vpn_id"" : null, ""technical_type"" : ""STANDARD_MGIT"", ""max_duration"" : null, ""release_cause"" : 0, ""network_sip_code"" : 0, ""mscml_user_part"" : ""09431010"", ""mscml_body_content"" : ""<?xml version=\""1.0\"" encoding=\""utf-8\""?><MediaServerControl version=\""1.0\""><request><playcollect maxdigits=\""1\"" barge=\""yes\"" extradigittimer=\""immediate\"" firstdigittimer=\""immediate\""><prompt><audio url=\""http://prod-serveur-oms-ip.vente.francetelecom.fr:8080/annonces/SVAIP/silence.wav\""/><audio url=\""http://prod-serveur-oms-ip.vente.francetelecom.fr:8080/annonces/SVAIP/MGIT/SVAIPSD040R.wav\""/></prompt></playcollect></request></MediaServerControl>"", ""call_flow_type"" : ""EARLY_MEDIA_AND_RELEASE"", ""header_list"" : []}"
27301,SVAIPP10003938F1,"{""id"" : 27301, ""name"" : ""SVAIPP10003938F1"", ""vpn_id"" : 10003938, ""technical_type"" : ""PERSONALIZED_GREETING"", ""max_duration"" : null, ""release_cause"" : 21, ""network_sip_code"" : 603, ""mscml_user_part"" : ""0943101510003938"", ""mscml_body_content"" : ""<?xml version=\""1.0\"" encoding=\""utf-8\""?><MediaServerControl version=\""1.0\""><request><play><prompt repeat=\""2\""><audio url=\""http://prod-serveur-oms-ip.vente.francetelecom.fr:8080/annonces/SVAIP/silence.wav\""/><audio url=\""http://10.107.171.65:8080/annonces/SVAIP/10003938/SVAIPP10003938F1.wav\""/></prompt></play></request></MediaServerControl>"", ""call_flow_type"" : ""EARLY_MEDIA_AND_RELEASE"", ""header_list"" : []}"
27304,SVAIPP10004010F3,"{""id"" : 27304, ""name"" : ""SVAIPP10004010F3"", ""vpn_id"" : 10004010, ""technical_type"" : ""PERSONALIZED_GREETING"", ""max_duration"" : null, ""release_cause"" : 21, ""network_sip_code"" : 603, ""mscml_user_part"" : ""0943101510004010"", ""mscml_body_content"" : ""<?xml version=\""1.0\"" encoding=\""utf-8\""?><MediaServerControl version=\""1.0\""><request><play><prompt repeat=\""2\""><audio url=\""http://prod-serveur-oms-ip.vente.francetelecom.fr:8080/annonces/SVAIP/silence.wav\""/><audio url=\""http://10.107.171.65:8080/annonces/SVAIP/10004010/SVAIPP10004010F3.wav\""/></prompt></play></request></MediaServerControl>"", ""call_flow_type"" : ""EARLY_MEDIA_AND_RELEASE"", ""header_list"" : []}"
763,SVAIPP10004077D006P19,"{""id"" : 763, ""name"" : ""SVAIPP10004077D006P19"", ""vpn_id"" : 10004077, ""technical_type"" : ""PERSONALIZED_MGIT"", ""max_duration"" : null, ""release_cause"" : 0, ""network_sip_code"" : 0, ""mscml_user_part"" : ""0943101110004077"", ""mscml_body_content"" : ""<?xml version=\""1.0\"" encoding=\""utf-8\""?><MediaServerControl version=\""1.0\""><request><playcollect maxdigits=\""1\"" barge=\""yes\"" extradigittimer=\""immediate\"" firstdigittimer=\""immediate\""><prompt><audio url=\""http://prod-serveur-oms-ip.vente.francetelecom.fr:8080/annonces/SVAIP/silence.wav\""/><audio url=\""http://prod-serveur-oms-ip.vente.francetelecom.fr:8080/annonces/SVAIP/10004077/SVAIPP10004077D006P19.wav\""/></prompt></playcollect></request></MediaServerControl>"", ""call_flow_type"" : ""EARLY_MEDIA_AND_RELEASE"", ""header_list"" : []}"
366,SVAIPSD080P,"{""id"" : 366, ""name"" : ""SVAIPSD080P"", ""vpn_id"" : null, ""technical_type"" : ""STANDARD_MGIT"", ""max_duration"" : null, ""release_cause"" : 0, ""network_sip_code"" : 0, ""mscml_user_part"" : ""09431010"", ""mscml_body_content"" : ""<?xml version=\""1.0\"" encoding=\""utf-8\""?><MediaServerControl version=\""1.0\""><request><playcollect maxdigits=\""1\"" barge=\""yes\"" extradigittimer=\""immediate\"" firstdigittimer=\""immediate\""><prompt><audio url=\""http://prod-serveur-oms-ip.vente.francetelecom.fr:8080/annonces/SVAIP/silence.wav\""/><audio url=\""http://prod-serveur-oms-ip.vente.francetelecom.fr:8080/annonces/SVAIP/MGIT/SVAIPSD080P.wav\""/></prompt></playcollect></request></MediaServerControl>"", ""call_flow_type"" : ""EARLY_MEDIA_AND_RELEASE"", ""header_list"" : []}"
365,SVAIPSD080R,"{""id"" : 365, ""name"" : ""SVAIPSD080R"", ""vpn_id"" : null, ""technical_type"" : ""STANDARD_MGIT"", ""max_duration"" : null, ""release_cause"" : 0, ""network_sip_code"" : 0, ""mscml_user_part"" : ""09431010"", ""mscml_body_content"" : ""<?xml version=\""1.0\"" encoding=\""utf-8\""?><MediaServerControl version=\""1.0\""><request><playcollect maxdigits=\""1\"" barge=\""yes\"" extradigittimer=\""immediate\"" firstdigittimer=\""immediate\""><prompt><audio url=\""http://prod-serveur-oms-ip.vente.francetelecom.fr:8080/annonces/SVAIP/silence.wav\""/><audio url=\""http://prod-serveur-oms-ip.vente.francetelecom.fr:8080/annonces/SVAIP/MGIT/SVAIPSD080R.wav\""/></prompt></playcollect></request></MediaServerControl>"", ""call_flow_type"" : ""EARLY_MEDIA_AND_RELEASE"", ""header_list"" : []}"
62,SVAIPSA005R,"{""id"" : 62, ""name"" : ""SVAIPSA005R"", ""vpn_id"" : null, ""technical_type"" : ""STANDARD_MGIT"", ""max_duration"" : null, ""release_cause"" : 0, ""network_sip_code"" : 0, ""mscml_user_part"" : ""09431014"", ""mscml_body_content"" : ""<?xml version=\""1.0\"" encoding=\""utf-8\""?><MediaServerControl version=\""1.0\""><request><playcollect maxdigits=\""1\"" barge=\""yes\"" extradigittimer=\""immediate\"" firstdigittimer=\""immediate\""><prompt><audio url=\""http://prod-serveur-oms-ip.vente.francetelecom.fr:8080/annonces/SVAIP/silence.wav\""/><audio url=\""http://prod-serveur-oms-ip.vente.francetelecom.fr:8080/annonces/SVAIP/MGIT/SVAIPSA005R.wav\""/></prompt></playcollect></request></MediaServerControl>"", ""call_flow_type"" : ""EARLY_MEDIA_AND_RELEASE"", ""header_list"" : []}"
482,SVAIPP10003860A005P2,"{""id"" : 482, ""name"" : ""SVAIPP10003860A005P2"", ""vpn_id"" : 10003860, ""technical_type"" : ""PERSONALIZED_MGIT"", ""max_duration"" : null, ""release_cause"" : 0, ""network_sip_code"" : 0, ""mscml_user_part"" : ""0943101110003860"", ""mscml_body_content"" : ""<?xml version=\""1.0\"" encoding=\""utf-8\""?><MediaServerControl version=\""1.0\""><request><playcollect maxdigits=\""1\"" barge=\""yes\"" extradigittimer=\""immediate\"" firstdigittimer=\""immediate\""><prompt><audio url=\""http://prod-serveur-oms-ip.vente.francetelecom.fr:8080/annonces/SVAIP/silence.wav\""/><audio url=\""http://prod-serveur-oms-ip.vente.francetelecom.fr:8080/annonces/SVAIP/10003860/SVAIPP10003860A005P2.wav\""/></prompt></playcollect></request></MediaServerControl>"", ""call_flow_type"" : ""EARLY_MEDIA_AND_RELEASE"", ""header_list"" : []}"
364,SVAIPSD070N,"{""id"" : 364, ""name"" : ""SVAIPSD070N"", ""vpn_id"" : null, ""technical_type"" : ""STANDARD_MGIT"", ""max_duration"" : null, ""release_cause"" : 0, ""network_sip_code"" : 0, ""mscml_user_part"" : ""09431010"", ""mscml_body_content"" : ""<?xml version=\""1.0\"" encoding=\""utf-8\""?><MediaServerControl version=\""1.0\""><request><playcollect maxdigits=\""1\"" barge=\""yes\"" extradigittimer=\""immediate\"" firstdigittimer=\""immediate\""><prompt><audio url=\""http://prod-serveur-oms-ip.vente.francetelecom.fr:8080/annonces/SVAIP/silence.wav\""/><audio url=\""http://prod-serveur-oms-ip.vente.francetelecom.fr:8080/annonces/SVAIP/MGIT/SVAIPSD070N.wav\""/></prompt></playcollect></request></MediaServerControl>"", ""call_flow_type"" : ""EARLY_MEDIA_AND_RELEASE"", ""header_list"" : []}"
744,SVAIPP10004077D012P4,"{""id"" : 744, ""name"" : ""SVAIPP10004077D012P4"", ""vpn_id"" : 10004077, ""technical_type"" : ""PERSONALIZED_MGIT"", ""max_duration"" : null, ""release_cause"" : 0, ""network_sip_code"" : 0, ""mscml_user_part"" : ""0943101110004077"", ""mscml_body_content"" : ""<?xml version=\""1.0\"" encoding=\""utf-8\""?><MediaServerControl version=\""1.0\""><request><playcollect maxdigits=\""1\"" barge=\""yes\"" extradigittimer=\""immediate\"" firstdigittimer=\""immediate\""><prompt><audio url=\""http://prod-serveur-oms-ip.vente.francetelecom.fr:8080/annonces/SVAIP/silence.wav\""/><audio url=\""http://prod-serveur-oms-ip.vente.francetelecom.fr:8080/annonces/SVAIP/10004077/SVAIPP10004077D012P4.wav\""/></prompt></playcollect></request></MediaServerControl>"", ""call_flow_type"" : ""EARLY_MEDIA_AND_RELEASE"", ""header_list"" : []}"
27542,SVAIPP10004796D006R19,"{""id"" : 27542, ""name"" : ""SVAIPP10004796D006R19"", ""vpn_id"" : 10004796, ""technical_type"" : ""PERSONALIZED_MGIT"", ""max_duration"" : null, ""release_cause"" : 0, ""network_sip_code"" : 0, ""mscml_user_part"" : ""0943101110004796"", ""mscml_body_content"" : ""<?xml version=\""1.0\"" encoding=\""utf-8\""?><MediaServerControl version=\""1.0\""><request><playcollect maxdigits=\""1\"" barge=\""yes\"" extradigittimer=\""immediate\"" firstdigittimer=\""immediate\""><prompt><audio url=\""http://prod-serveur-oms-ip.vente.francetelecom.fr:8080/annonces/SVAIP/silence.wav\""/><audio url=\""http://prod-serveur-oms-ip.vente.francetelecom.fr:8080/annonces/SVAIP/10004796/SVAIPP10004796D006R19.wav\""/></prompt></playcollect></request></MediaServerControl>"", ""call_flow_type"" : ""EARLY_MEDIA_AND_RELEASE"", ""header_list"" : []}"
27581,SVAIPP10005891F1,"{""id"" : 27581, ""name"" : ""SVAIPP10005891F1"", ""vpn_id"" : 10005891, ""technical_type"" : ""PERSONALIZED_GREETING"", ""max_duration"" : null, ""release_cause"" : 21, ""network_sip_code"" : 603, ""mscml_user_part"" : ""0943101510005891"", ""mscml_body_content"" : ""<?xml version=\""1.0\"" encoding=\""utf-8\""?><MediaServerControl version=\""1.0\""><request><play><prompt repeat=\""2\""><audio url=\""http://prod-serveur-oms-ip.vente.francetelecom.fr:8080/annonces/SVAIP/silence.wav\""/><audio url=\""http://prod-serveur-oms-ip.vente.francetelecom.fr:8080/annonces/SVAIP/10005891/SVAIPP10005891F1.wav\""/></prompt></play></request></MediaServerControl>"", ""call_flow_type"" : ""EARLY_MEDIA_AND_RELEASE"", ""header_list"" : []}"
27702,SVAIPP10005466A015P1,"{""id"" : 27702, ""name"" : ""SVAIPP10005466A015P1"", ""vpn_id"" : 10005466, ""technical_type"" : ""PERSONALIZED_MGIT"", ""max_duration"" : null, ""release_cause"" : 0, ""network_sip_code"" : 0, ""mscml_user_part"" : ""0943101110005466"", ""mscml_body_content"" : ""<?xml version=\""1.0\"" encoding=\""utf-8\""?><MediaServerControl version=\""1.0\""><request><playcollect maxdigits=\""1\"" barge=\""yes\"" extradigittimer=\""immediate\"" firstdigittimer=\""immediate\""><prompt><audio url=\""http://prod-serveur-oms-ip.vente.francetelecom.fr:8080/annonces/SVAIP/silence.wav\""/><audio url=\""http://prod-serveur-oms-ip.vente.francetelecom.fr:8080/annonces/SVAIP/10005466/SVAIPP10005466A015P1.wav\""/></prompt></playcollect></request></MediaServerControl>"", ""call_flow_type"" : ""EARLY_MEDIA_AND_RELEASE"", ""header_list"" : []}"
27503,SVAIPP10004221A015N1,"{""id"" : 27503, ""name"" : ""SVAIPP10004221A015N1"", ""vpn_id"" : 10004221, ""technical_type"" : ""PERSONALIZED_MGIT"", ""max_duration"" : null, ""release_cause"" : 0, ""network_sip_code"" : 0, ""mscml_user_part"" : ""0943101110004221"", ""mscml_body_content"" : ""<?xml version=\""1.0\"" encoding=\""utf-8\""?><MediaServerControl version=\""1.0\""><request><playcollect maxdigits=\""1\"" barge=\""yes\"" extradigittimer=\""immediate\"" firstdigittimer=\""immediate\""><prompt><audio url=\""http://prod-serveur-oms-ip.vente.francetelecom.fr:8080/annonces/SVAIP/silence.wav\""/><audio url=\""http://prod-serveur-oms-ip.vente.francetelecom.fr:8080/annonces/SVAIP/10004221/SVAIPP10004221A015N1.wav\""/></prompt></playcollect></request></MediaServerControl>"", ""call_flow_type"" : ""EARLY_MEDIA_AND_RELEASE"", ""header_list"" : []}"
32887,RBT LFO 118712,"{""id"" : 32887, ""name"" : ""RBT LFO 118712"", ""vpn_id"" : 10003728, ""technical_type"" : ""RINGBACK_TONE"", ""max_duration"" : 180000, ""release_cause"" : 0, ""network_sip_code"" : 0, ""mscml_user_part"" : ""09431012"", ""mscml_body_content"" : ""<?xml version=\""1.0\"" encoding=\""utf-8\""?><MediaServerControl version=\""1.0\""><request><play><prompt repeat=\""infinite\""><audio url=\""http://prod-serveur-oms-ip.vente.francetelecom.fr:8080/annonces/SVAIP/10003728/SVAIPP10003728F71.wav\""/><audio url=\""http://prod-serveur-oms-ip.vente.francetelecom.fr:8080/annonces/SVAIP/10003728/SVAIPP10003728F72.wav\""/><audio url=\""http://prod-serveur-oms-ip.vente.francetelecom.fr:8080/annonces/SVAIP/10003728/SVAIPP10003728F73.wav\""/></prompt></play></request></MediaServerControl>"", ""call_flow_type"" : ""EARLY_MEDIA_AND_RELEASE"", ""header_list"" : []}"
27461,SVAIPP10005941F1,"{""id"" : 27461, ""name"" : ""SVAIPP10005941F1"", ""vpn_id"" : 10005941, ""technical_type"" : ""PERSONALIZED_GREETING"", ""max_duration"" : null, ""release_cause"" : 21, ""network_sip_code"" : 603, ""mscml_user_part"" : ""0943101510005941"", ""mscml_body_content"" : ""<?xml version=\""1.0\"" encoding=\""utf-8\""?><MediaServerControl version=\""1.0\""><request><play><prompt repeat=\""2\""><audio url=\""http://prod-serveur-oms-ip.vente.francetelecom.fr:8080/annonces/SVAIP/silence.wav\""/><audio url=\""http://prod-serveur-oms-ip.vente.francetelecom.fr:8080/annonces/SVAIP/10005941/SVAIPP10005941F1.wav\""/></prompt></play></request></MediaServerControl>"", ""call_flow_type"" : ""EARLY_MEDIA_AND_RELEASE"", ""header_list"" : []}"
32904,SVAIPP10003728A299N77,"{""id"" : 32904, ""name"" : ""SVAIPP10003728A299N77"", ""vpn_id"" : 10003728, ""technical_type"" : ""PERSONALIZED_MGIT"", ""max_duration"" : null, ""release_cause"" : 0, ""network_sip_code"" : 0, ""mscml_user_part"" : ""0943101110003728"", ""mscml_body_content"" : ""<?xml version=\""1.0\"" encoding=\""utf-8\""?><MediaServerControl version=\""1.0\""><request><playcollect maxdigits=\""1\"" barge=\""yes\"" extradigittimer=\""immediate\"" firstdigittimer=\""immediate\""><prompt><audio url=\""http://prod-serveur-oms-ip.vente.francetelecom.fr:8080/annonces/SVAIP/silence.wav\""/><audio url=\""http://prod-serveur-oms-ip.vente.francetelecom.fr:8080/annonces/SVAIP/10003728/SVAIPP10003728A299N77.wav\""/></prompt></playcollect></request></MediaServerControl>"", ""call_flow_type"" : ""EARLY_MEDIA_AND_RELEASE"", ""header_list"" : []}"
27181,SVAIPP10004861F1,"{""id"" : 27181, ""name"" : ""SVAIPP10004861F1"", ""vpn_id"" : 10004861, ""technical_type"" : ""PERSONALIZED_GREETING"", ""max_duration"" : null, ""release_cause"" : 21, ""network_sip_code"" : 603, ""mscml_user_part"" : ""0943101510004861"", ""mscml_body_content"" : ""<?xml version=\""1.0\"" encoding=\""utf-8\""?><MediaServerControl version=\""1.0\""><request><play><prompt repeat=\""2\""><audio url=\""http://prod-serveur-oms-ip.vente.francetelecom.fr:8080/annonces/SVAIP/silence.wav\""/><audio url=\""http://prod-serveur-oms-ip.vente.francetelecom.fr:8080/annonces/SVAIP/10004861/SVAIPP10004861F1.wav\""/></prompt></play></request></MediaServerControl>"", ""call_flow_type"" : ""EARLY_MEDIA_AND_RELEASE"", ""header_list"" : []}"
27161,SVAIPP10003728A012N29,"{""id"" : 27161, ""name"" : ""SVAIPP10003728A012N29"", ""vpn_id"" : 10003728, ""technical_type"" : ""PERSONALIZED_MGIT"", ""max_duration"" : null, ""release_cause"" : 0, ""network_sip_code"" : 0, ""mscml_user_part"" : ""0943101110003728"", ""mscml_body_content"" : ""<?xml version=\""1.0\"" encoding=\""utf-8\""?><MediaServerControl version=\""1.0\""><request><playcollect maxdigits=\""1\"" barge=\""yes\"" extradigittimer=\""immediate\"" firstdigittimer=\""immediate\""><prompt><audio url=\""http://prod-serveur-oms-ip.vente.francetelecom.fr:8080/annonces/SVAIP/silence.wav\""/><audio url=\""http://prod-serveur-oms-ip.vente.francetelecom.fr:8080/annonces/SVAIP/10003728/SVAIPP10003728A012N29.wav\""/></prompt></playcollect></request></MediaServerControl>"", ""call_flow_type"" : ""EARLY_MEDIA_AND_RELEASE"", ""header_list"" : []}"
27222,SVAIPP10003860F15,"{""id"" : 27222, ""name"" : ""SVAIPP10003860F15"", ""vpn_id"" : 10003860, ""technical_type"" : ""PERSONALIZED_GREETING"", ""max_duration"" : null, ""release_cause"" : 21, ""network_sip_code"" : 603, ""mscml_user_part"" : ""0943101510003860"", ""mscml_body_content"" : ""<?xml version=\""1.0\"" encoding=\""utf-8\""?><MediaServerControl version=\""1.0\""><request><play><prompt repeat=\""2\""><audio url=\""http://prod-serveur-oms-ip.vente.francetelecom.fr:8080/annonces/SVAIP/silence.wav\""/><audio url=\""http://prod-serveur-oms-ip.vente.francetelecom.fr:8080/annonces/SVAIP/10003860/SVAIPP10003860F15.wav\""/></prompt></play></request></MediaServerControl>"", ""call_flow_type"" : ""EARLY_MEDIA_AND_RELEASE"", ""header_list"" : []}"
27192,SVAIPP10003728F41,"{""id"" : 27192, ""name"" : ""SVAIPP10003728F41"", ""vpn_id"" : 10003728, ""technical_type"" : ""PERSONALIZED_GREETING"", ""max_duration"" : null, ""release_cause"" : 21, ""network_sip_code"" : 603, ""mscml_user_part"" : ""0943101510003728"", ""mscml_body_content"" : ""<?xml version=\""1.0\"" encoding=\""utf-8\""?><MediaServerControl version=\""1.0\""><request><play><prompt repeat=\""2\""><audio url=\""http://prod-serveur-oms-ip.vente.francetelecom.fr:8080/annonces/SVAIP/silence.wav\""/><audio url=\""http://prod-serveur-oms-ip.vente.francetelecom.fr:8080/annonces/SVAIP/10003728/SVAIPP10003728F41.wav\""/></prompt></play></request></MediaServerControl>"", ""call_flow_type"" : ""EARLY_MEDIA_AND_RELEASE"", ""header_list"" : []}"
29003,SVAIPP10012484F1,"{""id"" : 29003, ""name"" : ""SVAIPP10012484F1"", ""vpn_id"" : 10012484, ""technical_type"" : ""PERSONALIZED_GREETING"", ""max_duration"" : null, ""release_cause"" : 21, ""network_sip_code"" : 603, ""mscml_user_part"" : ""0943101510012484"", ""mscml_body_content"" : ""<?xml version=\""1.0\"" encoding=\""utf-8\""?><MediaServerControl version=\""1.0\""><request><play><prompt repeat=\""2\""><audio url=\""http://prod-serveur-oms-ip.vente.francetelecom.fr:8080/annonces/SVAIP/silence.wav\""/><audio url=\""http://prod-serveur-oms-ip.vente.francetelecom.fr:8080/annonces/SVAIP/10012484/SVAIPP10012484F1.wav\""/></prompt></play></request></MediaServerControl>"", ""call_flow_type"" : ""EARLY_MEDIA_AND_RELEASE"", ""header_list"" : []}"
27190,SVAIPP10003728F39,"{""id"" : 27190, ""name"" : ""SVAIPP10003728F39"", ""vpn_id"" : 10003728, ""technical_type"" : ""PERSONALIZED_GREETING"", ""max_duration"" : 30000, ""release_cause"" : 21, ""network_sip_code"" : 603, ""mscml_user_part"" : ""0943101510003728"", ""mscml_body_content"" : ""<?xml version=\""1.0\"" encoding=\""utf-8\""?><MediaServerControl version=\""1.0\""><request><play><prompt repeat=\""2\""><audio url=\""http://prod-serveur-oms-ip.vente.francetelecom.fr:8080/annonces/SVAIP/silence.wav\""/><audio url=\""http://prod-serveur-oms-ip.vente.francetelecom.fr:8080/annonces/SVAIP/10003728/SVAIPP10003728F39.wav\""/></prompt></play></request></MediaServerControl>"", ""call_flow_type"" : ""EARLY_MEDIA_AND_RELEASE"", ""header_list"" : []}"
27302,SVAIPP10004010F1,"{""id"" : 27302, ""name"" : ""SVAIPP10004010F1"", ""vpn_id"" : 10004010, ""technical_type"" : ""PERSONALIZED_GREETING"", ""max_duration"" : null, ""release_cause"" : 21, ""network_sip_code"" : 603, ""mscml_user_part"" : ""0943101510004010"", ""mscml_body_content"" : ""<?xml version=\""1.0\"" encoding=\""utf-8\""?><MediaServerControl version=\""1.0\""><request><play><prompt repeat=\""2\""><audio url=\""http://prod-serveur-oms-ip.vente.francetelecom.fr:8080/annonces/SVAIP/silence.wav\""/><audio url=\""http://10.107.171.65:8080/annonces/SVAIP/10004010/SVAIPP10004010F1.wav\""/></prompt></play></request></MediaServerControl>"", ""call_flow_type"" : ""EARLY_MEDIA_AND_RELEASE"", ""header_list"" : []}"
27188,SVAIPP10003728D009P37,"{""id"" : 27188, ""name"" : ""SVAIPP10003728D009P37"", ""vpn_id"" : 10003728, ""technical_type"" : ""PERSONALIZED_MGIT"", ""max_duration"" : null, ""release_cause"" : 0, ""network_sip_code"" : 0, ""mscml_user_part"" : ""0943101110003728"", ""mscml_body_content"" : ""<?xml version=\""1.0\"" encoding=\""utf-8\""?><MediaServerControl version=\""1.0\""><request><playcollect maxdigits=\""1\"" barge=\""yes\"" extradigittimer=\""immediate\"" firstdigittimer=\""immediate\""><prompt><audio url=\""http://prod-serveur-oms-ip.vente.francetelecom.fr:8080/annonces/SVAIP/silence.wav\""/><audio url=\""http://prod-serveur-oms-ip.vente.francetelecom.fr:8080/annonces/SVAIP/10003728/SVAIPP10003728D009P37.wav\""/></prompt></playcollect></request></MediaServerControl>"", ""call_flow_type"" : ""EARLY_MEDIA_AND_RELEASE"", ""header_list"" : []}"
27225,SVAIPP10004797D006P3,"{""id"" : 27225, ""name"" : ""SVAIPP10004797D006P3"", ""vpn_id"" : 10004797, ""technical_type"" : ""PERSONALIZED_MGIT"", ""max_duration"" : null, ""release_cause"" : 0, ""network_sip_code"" : 0, ""mscml_user_part"" : ""0943101110004797"", ""mscml_body_content"" : ""<?xml version=\""1.0\"" encoding=\""utf-8\""?><MediaServerControl version=\""1.0\""><request><playcollect maxdigits=\""1\"" barge=\""yes\"" extradigittimer=\""immediate\"" firstdigittimer=\""immediate\""><prompt><audio url=\""http://prod-serveur-oms-ip.vente.francetelecom.fr:8080/annonces/SVAIP/silence.wav\""/><audio url=\""http://prod-serveur-oms-ip.vente.francetelecom.fr:8080/annonces/SVAIP/10004797/SVAIPP10004797D006P3.wav\""/></prompt></playcollect></request></MediaServerControl>"", ""call_flow_type"" : ""EARLY_MEDIA_AND_RELEASE"", ""header_list"" : []}"
27242,SVAIPP10005088F1,"{""id"" : 27242, ""name"" : ""SVAIPP10005088F1"", ""vpn_id"" : 10005088, ""technical_type"" : ""PERSONALIZED_GREETING"", ""max_duration"" : null, ""release_cause"" : 21, ""network_sip_code"" : 603, ""mscml_user_part"" : ""0943101510005088"", ""mscml_body_content"" : ""<?xml version=\""1.0\"" encoding=\""utf-8\""?><MediaServerControl version=\""1.0\""><request><play><prompt repeat=\""2\""><audio url=\""http://prod-serveur-oms-ip.vente.francetelecom.fr:8080/annonces/SVAIP/silence.wav\""/><audio url=\""http://prod-serveur-oms-ip.vente.francetelecom.fr:8080/annonces/SVAIP/10005088/SVAIPP10005088F1.wav\""/></prompt></play></request></MediaServerControl>"", ""call_flow_type"" : ""EARLY_MEDIA_AND_RELEASE"", ""header_list"" : []}"
27121,SVAIPP10004796A005P8,"{""id"" : 27121, ""name"" : ""SVAIPP10004796A005P8"", ""vpn_id"" : 10004796, ""technical_type"" : ""PERSONALIZED_MGIT"", ""max_duration"" : null, ""release_cause"" : 0, ""network_sip_code"" : 0, ""mscml_user_part"" : ""0943101110004796"", ""mscml_body_content"" : ""<?xml version=\""1.0\"" encoding=\""utf-8\""?><MediaServerControl version=\""1.0\""><request><playcollect maxdigits=\""1\"" barge=\""yes\"" extradigittimer=\""immediate\"" firstdigittimer=\""immediate\""><prompt><audio url=\""http://prod-serveur-oms-ip.vente.francetelecom.fr:8080/annonces/SVAIP/silence.wav\""/><audio url=\""http://prod-serveur-oms-ip.vente.francetelecom.fr:8080/annonces/SVAIP/10004796/SVAIPP10004796A005P8.wav\""/></prompt></playcollect></request></MediaServerControl>"", ""call_flow_type"" : ""EARLY_MEDIA_AND_RELEASE"", ""header_list"" : []}"
27321,SVAIPP10004011F1,"{""id"" : 27321, ""name"" : ""SVAIPP10004011F1"", ""vpn_id"" : 10004011, ""technical_type"" : ""PERSONALIZED_GREETING"", ""max_duration"" : null, ""release_cause"" : 21, ""network_sip_code"" : 603, ""mscml_user_part"" : ""0943101510004011"", ""mscml_body_content"" : ""<?xml version=\""1.0\"" encoding=\""utf-8\""?><MediaServerControl version=\""1.0\""><request><play><prompt repeat=\""2\""><audio url=\""http://prod-serveur-oms-ip.vente.francetelecom.fr:8080/annonces/SVAIP/silence.wav\""/><audio url=\""http://prod-serveur-oms-ip.vente.francetelecom.fr:8080/annonces/SVAIP/10004011/SVAIPP10004011F1.wav\""/></prompt></play></request></MediaServerControl>"", ""call_flow_type"" : ""EARLY_MEDIA_AND_RELEASE"", ""header_list"" : []}"
27401,SVAIPP10005797F3,"{""id"" : 27401, ""name"" : ""SVAIPP10005797F3"", ""vpn_id"" : 10005797, ""technical_type"" : ""PERSONALIZED_GREETING"", ""max_duration"" : null, ""release_cause"" : 21, ""network_sip_code"" : 603, ""mscml_user_part"" : ""0943101510005797"", ""mscml_body_content"" : ""<?xml version=\""1.0\"" encoding=\""utf-8\""?><MediaServerControl version=\""1.0\""><request><play><prompt repeat=\""2\""><audio url=\""http://prod-serveur-oms-ip.vente.francetelecom.fr:8080/annonces/SVAIP/silence.wav\""/><audio url=\""http://prod-serveur-oms-ip.vente.francetelecom.fr:8080/annonces/SVAIP/10005797/SVAIPP10005797F3.wav\""/></prompt></play></request></MediaServerControl>"", ""call_flow_type"" : ""EARLY_MEDIA_AND_RELEASE"", ""header_list"" : []}"
27481,SVAIPP10004984F1,"{""id"" : 27481, ""name"" : ""SVAIPP10004984F1"", ""vpn_id"" : 10004984, ""technical_type"" : ""PERSONALIZED_GREETING"", ""max_duration"" : null, ""release_cause"" : 21, ""network_sip_code"" : 603, ""mscml_user_part"" : ""0943101510004984"", ""mscml_body_content"" : ""<?xml version=\""1.0\"" encoding=\""utf-8\""?><MediaServerControl version=\""1.0\""><request><play><prompt repeat=\""2\""><audio url=\""http://prod-serveur-oms-ip.vente.francetelecom.fr:8080/annonces/SVAIP/silence.wav\""/><audio url=\""http://prod-serveur-oms-ip.vente.francetelecom.fr:8080/annonces/SVAIP/10004984/SVAIPP10004984F1.wav\""/></prompt></play></request></MediaServerControl>"", ""call_flow_type"" : ""EARLY_MEDIA_AND_RELEASE"", ""header_list"" : []}"
27142,CCA_DemoMGITNeo,"{""id"" : 27142, ""name"" : ""CCA_DemoMGITNeo"", ""vpn_id"" : null, ""technical_type"" : ""STANDARD_MGIT"", ""max_duration"" : 50000, ""release_cause"" : 0, ""network_sip_code"" : 0, ""mscml_user_part"" : ""09431010"", ""mscml_body_content"" : """", ""call_flow_type"" : ""EARLY_MEDIA_AND_RELEASE"", ""header_list"" : []}"
27361,CCA_DemoReject,"{""id"" : 27361, ""name"" : ""CCA_DemoReject"", ""vpn_id"" : 3998, ""technical_type"" : ""PERSONALIZED_GREETING"", ""max_duration"" : 50000, ""release_cause"" : 21, ""network_sip_code"" : 603, ""mscml_user_part"" : ""09431010"", ""mscml_body_content"" : """", ""call_flow_type"" : ""CONNECTED_AND_RELEASE"", ""header_list"" : []}"
27582,SVAIPP10008140D006P1,"{""id"" : 27582, ""name"" : ""SVAIPP10008140D006P1"", ""vpn_id"" : 10008140, ""technical_type"" : ""PERSONALIZED_MGIT"", ""max_duration"" : null, ""release_cause"" : 0, ""network_sip_code"" : 0, ""mscml_user_part"" : ""0943101110008140"", ""mscml_body_content"" : ""<?xml version=\""1.0\"" encoding=\""utf-8\""?><MediaServerControl version=\""1.0\""><request><playcollect maxdigits=\""1\"" barge=\""yes\"" extradigittimer=\""immediate\"" firstdigittimer=\""immediate\""><prompt><audio url=\""http://prod-serveur-oms-ip.vente.francetelecom.fr:8080/annonces/SVAIP/silence.wav\""/><audio url=\""http://prod-serveur-oms-ip.vente.francetelecom.fr:8080/annonces/SVAIP/10008140/SVAIPP10008140D006P1.wav\""/></prompt></playcollect></request></MediaServerControl>"", ""call_flow_type"" : ""EARLY_MEDIA_AND_RELEASE"", ""header_list"" : []}"
27621,SVAIPP10003728F43,"{""id"" : 27621, ""name"" : ""SVAIPP10003728F43"", ""vpn_id"" : 10003728, ""technical_type"" : ""PERSONALIZED_GREETING"", ""max_duration"" : null, ""release_cause"" : 21, ""network_sip_code"" : 603, ""mscml_user_part"" : ""0943101510003728"", ""mscml_body_content"" : ""<?xml version=\""1.0\"" encoding=\""utf-8\""?><MediaServerControl version=\""1.0\""><request><play><prompt repeat=\""2\""><audio url=\""http://prod-serveur-oms-ip.vente.francetelecom.fr:8080/annonces/SVAIP/silence.wav\""/><audio url=\""http://prod-serveur-oms-ip.vente.francetelecom.fr:8080/annonces/SVAIP/10003728/SVAIPP10003728F43.wav\""/></prompt></play></request></MediaServerControl>"", ""call_flow_type"" : ""EARLY_MEDIA_AND_RELEASE"", ""header_list"" : []}"
32804,SVAIPP10008187F8,"{""id"" : 32804, ""name"" : ""SVAIPP10008187F8"", ""vpn_id"" : 10008187, ""technical_type"" : ""PERSONALIZED_GREETING"", ""max_duration"" : null, ""release_cause"" : 21, ""network_sip_code"" : 603, ""mscml_user_part"" : ""0943101510008187"", ""mscml_body_content"" : ""<?xml version=\""1.0\"" encoding=\""utf-8\""?><MediaServerControl version=\""1.0\""><request><play><prompt repeat=\""2\""><audio url=\""http://prod-serveur-oms-ip.vente.francetelecom.fr:8080/annonces/SVAIP/silence.wav\""/><audio url=\""http://prod-serveur-oms-ip.vente.francetelecom.fr:8080/annonces/SVAIP/10008187/SVAIPP10008187F8.wav\""/></prompt></play></request></MediaServerControl>"", ""call_flow_type"" : ""EARLY_MEDIA_AND_RELEASE"", ""header_list"" : []}"
521,SVAIPP10003860A005N4,"{""id"" : 521, ""name"" : ""SVAIPP10003860A005N4"", ""vpn_id"" : 10003860, ""technical_type"" : ""PERSONALIZED_MGIT"", ""max_duration"" : null, ""release_cause"" : 0, ""network_sip_code"" : 0, ""mscml_user_part"" : ""0943101110003860"", ""mscml_body_content"" : ""<?xml version=\""1.0\"" encoding=\""utf-8\""?><MediaServerControl version=\""1.0\""><request><playcollect maxdigits=\""1\"" barge=\""yes\"" extradigittimer=\""immediate\"" firstdigittimer=\""immediate\""><prompt><audio url=\""http://prod-serveur-oms-ip.vente.francetelecom.fr:8080/annonces/SVAIP/silence.wav\""/><audio url=\""http://prod-serveur-oms-ip.vente.francetelecom.fr:8080/annonces/SVAIP/10003860/SVAIPP10003860A005N4.wav\""/></prompt></playcollect></request></MediaServerControl>"", ""call_flow_type"" : ""EARLY_MEDIA_AND_RELEASE"", ""header_list"" : []}"
27221,SVAIPP10003860A005R14,"{""id"" : 27221, ""name"" : ""SVAIPP10003860A005R14"", ""vpn_id"" : 10003860, ""technical_type"" : ""PERSONALIZED_MGIT"", ""max_duration"" : null, ""release_cause"" : 0, ""network_sip_code"" : 0, ""mscml_user_part"" : ""0943101110003860"", ""mscml_body_content"" : ""<?xml version=\""1.0\"" encoding=\""utf-8\""?><MediaServerControl version=\""1.0\""><request><playcollect maxdigits=\""1\"" barge=\""yes\"" extradigittimer=\""immediate\"" firstdigittimer=\""immediate\""><prompt><audio url=\""http://prod-serveur-oms-ip.vente.francetelecom.fr:8080/annonces/SVAIP/silence.wav\""/><audio url=\""http://prod-serveur-oms-ip.vente.francetelecom.fr:8080/annonces/SVAIP/10003860/SVAIPP10003860A005R14.wav\""/></prompt></playcollect></request></MediaServerControl>"", ""call_flow_type"" : ""EARLY_MEDIA_AND_RELEASE"", ""header_list"" : []}"
27241,SVAIPP10003957F10,"{""id"" : 27241, ""name"" : ""SVAIPP10003957F10"", ""vpn_id"" : 10003957, ""technical_type"" : ""PERSONALIZED_GREETING"", ""max_duration"" : null, ""release_cause"" : 21, ""network_sip_code"" : 603, ""mscml_user_part"" : ""0943101510003957"", ""mscml_body_content"" : ""<?xml version=\""1.0\"" encoding=\""utf-8\""?><MediaServerControl version=\""1.0\""><request><play><prompt repeat=\""2\""><audio url=\""http://prod-serveur-oms-ip.vente.francetelecom.fr:8080/annonces/SVAIP/silence.wav\""/><audio url=\""http://prod-serveur-oms-ip.vente.francetelecom.fr:8080/annonces/SVAIP/10003957/SVAIPP10003957F10.wav\""/></prompt></play></request></MediaServerControl>"", ""call_flow_type"" : ""EARLY_MEDIA_AND_RELEASE"", ""header_list"" : []}"
27382,SVAIPP10004796D006P17,"{""id"" : 27382, ""name"" : ""SVAIPP10004796D006P17"", ""vpn_id"" : 10004796, ""technical_type"" : ""PERSONALIZED_MGIT"", ""max_duration"" : null, ""release_cause"" : 0, ""network_sip_code"" : 0, ""mscml_user_part"" : ""0943101110004796"", ""mscml_body_content"" : ""<?xml version=\""1.0\"" encoding=\""utf-8\""?><MediaServerControl version=\""1.0\""><request><playcollect maxdigits=\""1\"" barge=\""yes\"" extradigittimer=\""immediate\"" firstdigittimer=\""immediate\""><prompt><audio url=\""http://prod-serveur-oms-ip.vente.francetelecom.fr:8080/annonces/SVAIP/silence.wav\""/><audio url=\""http://prod-serveur-oms-ip.vente.francetelecom.fr:8080/annonces/SVAIP/10004796/SVAIPP10004796D006P17.wav\""/></prompt></playcollect></request></MediaServerControl>"", ""call_flow_type"" : ""EARLY_MEDIA_AND_RELEASE"", ""header_list"" : []}"
35484,SVAIPAA100039633,"{""id"" : 35484, ""name"" : ""SVAIPAA100039633"", ""vpn_id"" : 10003963, ""technical_type"" : ""PERSONALIZED_MGIT"", ""max_duration"" : null, ""release_cause"" : 0, ""network_sip_code"" : 0, ""mscml_user_part"" : ""0943101110003963"", ""mscml_body_content"" : ""<?xml version=\""1.0\"" encoding=\""utf-8\""?><MediaServerControl version=\""1.0\""><request><play><prompt><audio url=\""http://prod-serveur-oms-ip.vente.francetelecom.fr:8080/annonces/SVAIP/silence.wav\""/><audio url=\""http://prod-serveur-oms-ip.vente.francetelecom.fr:8080/annonces/SVAIP/10003963/SVAIPAA100039633.wav\""/></prompt></play></request></MediaServerControl>"", ""call_flow_type"" : ""EARLY_MEDIA_AND_RELEASE"", ""header_list"" : []}"
27183,SVAIPP10003728A009P32,"{""id"" : 27183, ""name"" : ""SVAIPP10003728A009P32"", ""vpn_id"" : 10003728, ""technical_type"" : ""PERSONALIZED_MGIT"", ""max_duration"" : null, ""release_cause"" : 0, ""network_sip_code"" : 0, ""mscml_user_part"" : ""0943101110003728"", ""mscml_body_content"" : ""<?xml version=\""1.0\"" encoding=\""utf-8\""?><MediaServerControl version=\""1.0\""><request><playcollect maxdigits=\""1\"" barge=\""yes\"" extradigittimer=\""immediate\"" firstdigittimer=\""immediate\""><prompt><audio url=\""http://prod-serveur-oms-ip.vente.francetelecom.fr:8080/annonces/SVAIP/silence.wav\""/><audio url=\""http://prod-serveur-oms-ip.vente.francetelecom.fr:8080/annonces/SVAIP/10003728/SVAIPP10003728A009P32.wav\""/></prompt></playcollect></request></MediaServerControl>"", ""call_flow_type"" : ""EARLY_MEDIA_AND_RELEASE"", ""header_list"" : []}"
27082,SVAIPP10003860D006P10,"{""id"" : 27082, ""name"" : ""SVAIPP10003860D006P10"", ""vpn_id"" : 10003860, ""technical_type"" : ""PERSONALIZED_MGIT"", ""max_duration"" : null, ""release_cause"" : 0, ""network_sip_code"" : 0, ""mscml_user_part"" : ""0943101110003860"", ""mscml_body_content"" : ""<?xml version=\""1.0\"" encoding=\""utf-8\""?><MediaServerControl version=\""1.0\""><request><playcollect maxdigits=\""1\"" barge=\""yes\"" extradigittimer=\""immediate\"" firstdigittimer=\""immediate\""><prompt><audio url=\""http://prod-serveur-oms-ip.vente.francetelecom.fr:8080/annonces/SVAIP/silence.wav\""/><audio url=\""http://prod-serveur-oms-ip.vente.francetelecom.fr:8080/annonces/SVAIP/10003860/SVAIPP10003860D006P10.wav\""/></prompt></playcollect></request></MediaServerControl>"", ""call_flow_type"" : ""EARLY_MEDIA_AND_RELEASE"", ""header_list"" : []}"
27284,SVAIPP10003957D025P14,"{""id"" : 27284, ""name"" : ""SVAIPP10003957D025P14"", ""vpn_id"" : 10003957, ""technical_type"" : ""PERSONALIZED_MGIT"", ""max_duration"" : null, ""release_cause"" : 0, ""network_sip_code"" : 0, ""mscml_user_part"" : ""0943101110003957"", ""mscml_body_content"" : ""<?xml version=\""1.0\"" encoding=\""utf-8\""?><MediaServerControl version=\""1.0\""><request><playcollect maxdigits=\""1\"" barge=\""yes\"" extradigittimer=\""immediate\"" firstdigittimer=\""immediate\""><prompt><audio url=\""http://prod-serveur-oms-ip.vente.francetelecom.fr:8080/annonces/SVAIP/silence.wav\""/><audio url=\""http://prod-serveur-oms-ip.vente.francetelecom.fr:8080/annonces/SVAIP/10003957/SVAIPP10003957D025P14.wav\""/></prompt></playcollect></request></MediaServerControl>"", ""call_flow_type"" : ""EARLY_MEDIA_AND_RELEASE"", ""header_list"" : []}"
754,SVAIPP10004077D012P15,"{""id"" : 754, ""name"" : ""SVAIPP10004077D012P15"", ""vpn_id"" : 10004077, ""technical_type"" : ""PERSONALIZED_MGIT"", ""max_duration"" : null, ""release_cause"" : 0, ""network_sip_code"" : 0, ""mscml_user_part"" : ""0943101110004077"", ""mscml_body_content"" : ""<?xml version=\""1.0\"" encoding=\""utf-8\""?><MediaServerControl version=\""1.0\""><request><playcollect maxdigits=\""1\"" barge=\""yes\"" extradigittimer=\""immediate\"" firstdigittimer=\""immediate\""><prompt><audio url=\""http://prod-serveur-oms-ip.vente.francetelecom.fr:8080/annonces/SVAIP/silence.wav\""/><audio url=\""http://prod-serveur-oms-ip.vente.francetelecom.fr:8080/annonces/SVAIP/10004077/SVAIPP10004077D012P15.wav\""/></prompt></playcollect></request></MediaServerControl>"", ""call_flow_type"" : ""EARLY_MEDIA_AND_RELEASE"", ""header_list"" : []}"
27223,SVAIPP10003957F16,"{""id"" : 27223, ""name"" : ""SVAIPP10003957F16"", ""vpn_id"" : 10003957, ""technical_type"" : ""PERSONALIZED_GREETING"", ""max_duration"" : null, ""release_cause"" : 21, ""network_sip_code"" : 603, ""mscml_user_part"" : ""0943101510003957"", ""mscml_body_content"" : ""<?xml version=\""1.0\"" encoding=\""utf-8\""?><MediaServerControl version=\""1.0\""><request><play><prompt repeat=\""2\""><audio url=\""http://prod-serveur-oms-ip.vente.francetelecom.fr:8080/annonces/SVAIP/silence.wav\""/><audio url=\""http://prod-serveur-oms-ip.vente.francetelecom.fr:8080/annonces/SVAIP/10003957/SVAIPP10003957F16.wav\""/></prompt></play></request></MediaServerControl>"", ""call_flow_type"" : ""EARLY_MEDIA_AND_RELEASE"", ""header_list"" : []}"
27285,SVAIPP10003957F15,"{""id"" : 27285, ""name"" : ""SVAIPP10003957F15"", ""vpn_id"" : 10003957, ""technical_type"" : ""PERSONALIZED_GREETING"", ""max_duration"" : null, ""release_cause"" : 21, ""network_sip_code"" : 603, ""mscml_user_part"" : ""0943101510003957"", ""mscml_body_content"" : ""<?xml version=\""1.0\"" encoding=\""utf-8\""?><MediaServerControl version=\""1.0\""><request><play><prompt repeat=\""2\""><audio url=\""http://prod-serveur-oms-ip.vente.francetelecom.fr:8080/annonces/SVAIP/silence.wav\""/><audio url=\""http://prod-serveur-oms-ip.vente.francetelecom.fr:8080/annonces/SVAIP/10003957/SVAIPP10003957F15.wav\""/></prompt></play></request></MediaServerControl>"", ""call_flow_type"" : ""EARLY_MEDIA_AND_RELEASE"", ""header_list"" : []}"
741,SVAIPP10004077D006P1,"{""id"" : 741, ""name"" : ""SVAIPP10004077D006P1"", ""vpn_id"" : 10004077, ""technical_type"" : ""PERSONALIZED_MGIT"", ""max_duration"" : null, ""release_cause"" : 0, ""network_sip_code"" : 0, ""mscml_user_part"" : ""0943101110004077"", ""mscml_body_content"" : ""<?xml version=\""1.0\"" encoding=\""utf-8\""?><MediaServerControl version=\""1.0\""><request><playcollect maxdigits=\""1\"" barge=\""yes\"" extradigittimer=\""immediate\"" firstdigittimer=\""immediate\""><prompt><audio url=\""http://prod-serveur-oms-ip.vente.francetelecom.fr:8080/annonces/SVAIP/silence.wav\""/><audio url=\""http://prod-serveur-oms-ip.vente.francetelecom.fr:8080/annonces/SVAIP/10004077/SVAIPP10004077D006P1.wav\""/></prompt></playcollect></request></MediaServerControl>"", ""call_flow_type"" : ""EARLY_MEDIA_AND_RELEASE"", ""header_list"" : []}"
751,SVAIPP10004077D012P12,"{""id"" : 751, ""name"" : ""SVAIPP10004077D012P12"", ""vpn_id"" : 10004077, ""technical_type"" : ""PERSONALIZED_MGIT"", ""max_duration"" : null, ""release_cause"" : 0, ""network_sip_code"" : 0, ""mscml_user_part"" : ""0943101110004077"", ""mscml_body_content"" : ""<?xml version=\""1.0\"" encoding=\""utf-8\""?><MediaServerControl version=\""1.0\""><request><playcollect maxdigits=\""1\"" barge=\""yes\"" extradigittimer=\""immediate\"" firstdigittimer=\""immediate\""><prompt><audio url=\""http://prod-serveur-oms-ip.vente.francetelecom.fr:8080/annonces/SVAIP/silence.wav\""/><audio url=\""http://prod-serveur-oms-ip.vente.francetelecom.fr:8080/annonces/SVAIP/10004077/SVAIPP10004077D012P12.wav\""/></prompt></playcollect></request></MediaServerControl>"", ""call_flow_type"" : ""EARLY_MEDIA_AND_RELEASE"", ""header_list"" : []}"
745,SVAIPP10004077D012P5,"{""id"" : 745, ""name"" : ""SVAIPP10004077D012P5"", ""vpn_id"" : 10004077, ""technical_type"" : ""PERSONALIZED_MGIT"", ""max_duration"" : null, ""release_cause"" : 0, ""network_sip_code"" : 0, ""mscml_user_part"" : ""0943101110004077"", ""mscml_body_content"" : ""<?xml version=\""1.0\"" encoding=\""utf-8\""?><MediaServerControl version=\""1.0\""><request><playcollect maxdigits=\""1\"" barge=\""yes\"" extradigittimer=\""immediate\"" firstdigittimer=\""immediate\""><prompt><audio url=\""http://prod-serveur-oms-ip.vente.francetelecom.fr:8080/annonces/SVAIP/silence.wav\""/><audio url=\""http://prod-serveur-oms-ip.vente.francetelecom.fr:8080/annonces/SVAIP/10004077/SVAIPP10004077D012P5.wav\""/></prompt></playcollect></request></MediaServerControl>"", ""call_flow_type"" : ""EARLY_MEDIA_AND_RELEASE"", ""header_list"" : []}"
34301,SVAIPP10010810F1,"{""id"" : 34301, ""name"" : ""SVAIPP10010810F1"", ""vpn_id"" : 10010810, ""technical_type"" : ""PERSONALIZED_GREETING"", ""max_duration"" : null, ""release_cause"" : 21, ""network_sip_code"" : 603, ""mscml_user_part"" : ""0943101510010810"", ""mscml_body_content"" : ""<?xml version=\""1.0\"" encoding=\""utf-8\""?><MediaServerControl version=\""1.0\""><request><play><prompt repeat=\""2\""><audio url=\""http://prod-serveur-oms-ip.vente.francetelecom.fr:8080/annonces/SVAIP/silence.wav\""/><audio url=\""http://prod-serveur-oms-ip.vente.francetelecom.fr:8080/annonces/SVAIP/10010810/SVAIPP10010810F1.wav\""/></prompt></play></request></MediaServerControl>"", ""call_flow_type"" : ""EARLY_MEDIA_AND_RELEASE"", ""header_list"" : []}"
753,SVAIPP10004077D006P14,"{""id"" : 753, ""name"" : ""SVAIPP10004077D006P14"", ""vpn_id"" : 10004077, ""technical_type"" : ""PERSONALIZED_MGIT"", ""max_duration"" : null, ""release_cause"" : 0, ""network_sip_code"" : 0, ""mscml_user_part"" : ""0943101110004077"", ""mscml_body_content"" : ""<?xml version=\""1.0\"" encoding=\""utf-8\""?><MediaServerControl version=\""1.0\""><request><playcollect maxdigits=\""1\"" barge=\""yes\"" extradigittimer=\""immediate\"" firstdigittimer=\""immediate\""><prompt><audio url=\""http://prod-serveur-oms-ip.vente.francetelecom.fr:8080/annonces/SVAIP/silence.wav\""/><audio url=\""http://prod-serveur-oms-ip.vente.francetelecom.fr:8080/annonces/SVAIP/10004077/SVAIPP10004077D006P14.wav\""/></prompt></playcollect></request></MediaServerControl>"", ""call_flow_type"" : ""EARLY_MEDIA_AND_RELEASE"", ""header_list"" : []}"
752,SVAIPP10004077D012P13,"{""id"" : 752, ""name"" : ""SVAIPP10004077D012P13"", ""vpn_id"" : 10004077, ""technical_type"" : ""PERSONALIZED_MGIT"", ""max_duration"" : null, ""release_cause"" : 0, ""network_sip_code"" : 0, ""mscml_user_part"" : ""0943101110004077"", ""mscml_body_content"" : ""<?xml version=\""1.0\"" encoding=\""utf-8\""?><MediaServerControl version=\""1.0\""><request><playcollect maxdigits=\""1\"" barge=\""yes\"" extradigittimer=\""immediate\"" firstdigittimer=\""immediate\""><prompt><audio url=\""http://prod-serveur-oms-ip.vente.francetelecom.fr:8080/annonces/SVAIP/silence.wav\""/><audio url=\""http://prod-serveur-oms-ip.vente.francetelecom.fr:8080/annonces/SVAIP/10004077/SVAIPP10004077D012P13.wav\""/></prompt></playcollect></request></MediaServerControl>"", ""call_flow_type"" : ""EARLY_MEDIA_AND_RELEASE"", ""header_list"" : []}"
35662,SVAIPAA100116982,"{""id"" : 35662, ""name"" : ""SVAIPAA100116982"", ""vpn_id"" : 10011698, ""technical_type"" : ""PERSONALIZED_MGIT"", ""max_duration"" : null, ""release_cause"" : 0, ""network_sip_code"" : 0, ""mscml_user_part"" : ""0943101110011698"", ""mscml_body_content"" : ""<?xml version=\""1.0\"" encoding=\""utf-8\""?><MediaServerControl version=\""1.0\""><request><play><prompt><audio url=\""http://prod-serveur-oms-ip.vente.francetelecom.fr:8080/annonces/SVAIP/silence.wav\""/><audio url=\""http://prod-serveur-oms-ip.vente.francetelecom.fr:8080/annonces/SVAIP/10011698/SVAIPAA100116982.wav\""/></prompt></play></request></MediaServerControl>"", ""call_flow_type"" : ""EARLY_MEDIA_AND_RELEASE"", ""header_list"" : []}"
742,SVAIPP10004077D012P2,"{""id"" : 742, ""name"" : ""SVAIPP10004077D012P2"", ""vpn_id"" : 10004077, ""technical_type"" : ""PERSONALIZED_MGIT"", ""max_duration"" : null, ""release_cause"" : 0, ""network_sip_code"" : 0, ""mscml_user_part"" : ""0943101110004077"", ""mscml_body_content"" : ""<?xml version=\""1.0\"" encoding=\""utf-8\""?><MediaServerControl version=\""1.0\""><request><playcollect maxdigits=\""1\"" barge=\""yes\"" extradigittimer=\""immediate\"" firstdigittimer=\""immediate\""><prompt><audio url=\""http://prod-serveur-oms-ip.vente.francetelecom.fr:8080/annonces/SVAIP/silence.wav\""/><audio url=\""http://prod-serveur-oms-ip.vente.francetelecom.fr:8080/annonces/SVAIP/10004077/SVAIPP10004077D012P2.wav\""/></prompt></playcollect></request></MediaServerControl>"", ""call_flow_type"" : ""EARLY_MEDIA_AND_RELEASE"", ""header_list"" : []}"
27193,SVAIPP10003728A005P42,"{""id"" : 27193, ""name"" : ""SVAIPP10003728A005P42"", ""vpn_id"" : 10003728, ""technical_type"" : ""PERSONALIZED_MGIT"", ""max_duration"" : null, ""release_cause"" : 0, ""network_sip_code"" : 0, ""mscml_user_part"" : ""0943101110003728"", ""mscml_body_content"" : ""<?xml version=\""1.0\"" encoding=\""utf-8\""?><MediaServerControl version=\""1.0\""><request><playcollect maxdigits=\""1\"" barge=\""yes\"" extradigittimer=\""immediate\"" firstdigittimer=\""immediate\""><prompt><audio url=\""http://prod-serveur-oms-ip.vente.francetelecom.fr:8080/annonces/SVAIP/silence.wav\""/><audio url=\""http://prod-serveur-oms-ip.vente.francetelecom.fr:8080/annonces/SVAIP/10003728/SVAIPP10003728A005P42.wav\""/></prompt></playcollect></request></MediaServerControl>"", ""call_flow_type"" : ""EARLY_MEDIA_AND_RELEASE"", ""header_list"" : []}"
561,SVAIPP10003860A005R7,"{""id"" : 561, ""name"" : ""SVAIPP10003860A005R7"", ""vpn_id"" : 10003860, ""technical_type"" : ""PERSONALIZED_MGIT"", ""max_duration"" : null, ""release_cause"" : 0, ""network_sip_code"" : 0, ""mscml_user_part"" : ""0943101110003860"", ""mscml_body_content"" : ""<?xml version=\""1.0\"" encoding=\""utf-8\""?><MediaServerControl version=\""1.0\""><request><playcollect maxdigits=\""1\"" barge=\""yes\"" extradigittimer=\""immediate\"" firstdigittimer=\""immediate\""><prompt><audio url=\""http://prod-serveur-oms-ip.vente.francetelecom.fr:8080/annonces/SVAIP/silence.wav\""/><audio url=\""http://prod-serveur-oms-ip.vente.francetelecom.fr:8080/annonces/SVAIP/10003860/SVAIPP10003860A005R7.wav\""/></prompt></playcollect></request></MediaServerControl>"", ""call_flow_type"" : ""EARLY_MEDIA_AND_RELEASE"", ""header_list"" : []}"
702,SVAIPP10003957D025P9,"{""id"" : 702, ""name"" : ""SVAIPP10003957D025P9"", ""vpn_id"" : 10003957, ""technical_type"" : ""PERSONALIZED_MGIT"", ""max_duration"" : null, ""release_cause"" : 0, ""network_sip_code"" : 0, ""mscml_user_part"" : ""0943101110003957"", ""mscml_body_content"" : ""<?xml version=\""1.0\"" encoding=\""utf-8\""?><MediaServerControl version=\""1.0\""><request><playcollect maxdigits=\""1\"" barge=\""yes\"" extradigittimer=\""immediate\"" firstdigittimer=\""immediate\""><prompt><audio url=\""http://prod-serveur-oms-ip.vente.francetelecom.fr:8080/annonces/SVAIP/silence.wav\""/><audio url=\""http://prod-serveur-oms-ip.vente.francetelecom.fr:8080/annonces/SVAIP/10003957/SVAIPP10003957D025P9.wav\""/></prompt></playcollect></request></MediaServerControl>"", ""call_flow_type"" : ""EARLY_MEDIA_AND_RELEASE"", ""header_list"" : []}"
762,SVAIPP10004077D012P18,"{""id"" : 762, ""name"" : ""SVAIPP10004077D012P18"", ""vpn_id"" : 10004077, ""technical_type"" : ""PERSONALIZED_MGIT"", ""max_duration"" : null, ""release_cause"" : 0, ""network_sip_code"" : 0, ""mscml_user_part"" : ""0943101110004077"", ""mscml_body_content"" : ""<?xml version=\""1.0\"" encoding=\""utf-8\""?><MediaServerControl version=\""1.0\""><request><playcollect maxdigits=\""1\"" barge=\""yes\"" extradigittimer=\""immediate\"" firstdigittimer=\""immediate\""><prompt><audio url=\""http://prod-serveur-oms-ip.vente.francetelecom.fr:8080/annonces/SVAIP/silence.wav\""/><audio url=\""http://prod-serveur-oms-ip.vente.francetelecom.fr:8080/annonces/SVAIP/10004077/SVAIPP10004077D012P18.wav\""/></prompt></playcollect></request></MediaServerControl>"", ""call_flow_type"" : ""EARLY_MEDIA_AND_RELEASE"", ""header_list"" : []}"
755,SVAIPP10004077D015P16,"{""id"" : 755, ""name"" : ""SVAIPP10004077D015P16"", ""vpn_id"" : 10004077, ""technical_type"" : ""PERSONALIZED_MGIT"", ""max_duration"" : null, ""release_cause"" : 0, ""network_sip_code"" : 0, ""mscml_user_part"" : ""0943101110004077"", ""mscml_body_content"" : ""<?xml version=\""1.0\"" encoding=\""utf-8\""?><MediaServerControl version=\""1.0\""><request><playcollect maxdigits=\""1\"" barge=\""yes\"" extradigittimer=\""immediate\"" firstdigittimer=\""immediate\""><prompt><audio url=\""http://prod-serveur-oms-ip.vente.francetelecom.fr:8080/annonces/SVAIP/silence.wav\""/><audio url=\""http://prod-serveur-oms-ip.vente.francetelecom.fr:8080/annonces/SVAIP/10004077/SVAIPP10004077D015P16.wav\""/></prompt></playcollect></request></MediaServerControl>"", ""call_flow_type"" : ""EARLY_MEDIA_AND_RELEASE"", ""header_list"" : []}"
743,SVAIPP10004077D015P3,"{""id"" : 743, ""name"" : ""SVAIPP10004077D015P3"", ""vpn_id"" : 10004077, ""technical_type"" : ""PERSONALIZED_MGIT"", ""max_duration"" : null, ""release_cause"" : 0, ""network_sip_code"" : 0, ""mscml_user_part"" : ""0943101110004077"", ""mscml_body_content"" : ""<?xml version=\""1.0\"" encoding=\""utf-8\""?><MediaServerControl version=\""1.0\""><request><playcollect maxdigits=\""1\"" barge=\""yes\"" extradigittimer=\""immediate\"" firstdigittimer=\""immediate\""><prompt><audio url=\""http://prod-serveur-oms-ip.vente.francetelecom.fr:8080/annonces/SVAIP/silence.wav\""/><audio url=\""http://prod-serveur-oms-ip.vente.francetelecom.fr:8080/annonces/SVAIP/10004077/SVAIPP10004077D015P3.wav\""/></prompt></playcollect></request></MediaServerControl>"", ""call_flow_type"" : ""EARLY_MEDIA_AND_RELEASE"", ""header_list"" : []}"
27162,SVAIPP10003728A005N30,"{""id"" : 27162, ""name"" : ""SVAIPP10003728A005N30"", ""vpn_id"" : 10003728, ""technical_type"" : ""PERSONALIZED_MGIT"", ""max_duration"" : null, ""release_cause"" : 0, ""network_sip_code"" : 0, ""mscml_user_part"" : ""0943101110003728"", ""mscml_body_content"" : ""<?xml version=\""1.0\"" encoding=\""utf-8\""?><MediaServerControl version=\""1.0\""><request><playcollect maxdigits=\""1\"" barge=\""yes\"" extradigittimer=\""immediate\"" firstdigittimer=\""immediate\""><prompt><audio url=\""http://prod-serveur-oms-ip.vente.francetelecom.fr:8080/annonces/SVAIP/silence.wav\""/><audio url=\""http://prod-serveur-oms-ip.vente.francetelecom.fr:8080/annonces/SVAIP/10003728/SVAIPP10003728A005N30.wav\""/></prompt></playcollect></request></MediaServerControl>"", ""call_flow_type"" : ""EARLY_MEDIA_AND_RELEASE"", ""header_list"" : []}"
27201,SVAIPP10004576F1,"{""id"" : 27201, ""name"" : ""SVAIPP10004576F1"", ""vpn_id"" : 10004576, ""technical_type"" : ""PERSONALIZED_GREETING"", ""max_duration"" : null, ""release_cause"" : 21, ""network_sip_code"" : 603, ""mscml_user_part"" : ""0943101510004576"", ""mscml_body_content"" : ""<?xml version=\""1.0\"" encoding=\""utf-8\""?><MediaServerControl version=\""1.0\""><request><play><prompt repeat=\""2\""><audio url=\""http://prod-serveur-oms-ip.vente.francetelecom.fr:8080/annonces/SVAIP/silence.wav\""/><audio url=\""http://prod-serveur-oms-ip.vente.francetelecom.fr:8080/annonces/SVAIP/10004576/SVAIPP10004576F1.wav\""/></prompt></play></request></MediaServerControl>"", ""call_flow_type"" : ""EARLY_MEDIA_AND_RELEASE"", ""header_list"" : []}"
822,SVAIPP10003728D012P19,"{""id"" : 822, ""name"" : ""SVAIPP10003728D012P19"", ""vpn_id"" : 10003728, ""technical_type"" : ""PERSONALIZED_MGIT"", ""max_duration"" : null, ""release_cause"" : 0, ""network_sip_code"" : 0, ""mscml_user_part"" : ""0943101110003728"", ""mscml_body_content"" : ""<?xml version=\""1.0\"" encoding=\""utf-8\""?><MediaServerControl version=\""1.0\""><request><playcollect maxdigits=\""1\"" barge=\""yes\"" extradigittimer=\""immediate\"" firstdigittimer=\""immediate\""><prompt><audio url=\""http://prod-serveur-oms-ip.vente.francetelecom.fr:8080/annonces/SVAIP/silence.wav\""/><audio url=\""http://prod-serveur-oms-ip.vente.francetelecom.fr:8080/annonces/SVAIP/10003728/SVAIPP10003728D012P19.wav\""/></prompt></playcollect></request></MediaServerControl>"", ""call_flow_type"" : ""EARLY_MEDIA_AND_RELEASE"", ""header_list"" : []}"
27961,SVAIPP10008971F2,"{""id"" : 27961, ""name"" : ""SVAIPP10008971F2"", ""vpn_id"" : 10008971, ""technical_type"" : ""PERSONALIZED_GREETING"", ""max_duration"" : null, ""release_cause"" : 21, ""network_sip_code"" : 603, ""mscml_user_part"" : ""0943101510008971"", ""mscml_body_content"" : ""<?xml version=\""1.0\"" encoding=\""utf-8\""?><MediaServerControl version=\""1.0\""><request><play><prompt repeat=\""2\""><audio url=\""http://prod-serveur-oms-ip.vente.francetelecom.fr:8080/annonces/SVAIP/silence.wav\""/><audio url=\""http://prod-serveur-oms-ip.vente.francetelecom.fr:8080/annonces/SVAIP/10008971/SVAIPP10008971F2.wav\""/></prompt></play></request></MediaServerControl>"", ""call_flow_type"" : ""EARLY_MEDIA_AND_RELEASE"", ""header_list"" : []}"
27601,SVAIPP10006672F3,"{""id"" : 27601, ""name"" : ""SVAIPP10006672F3"", ""vpn_id"" : 10006672, ""technical_type"" : ""PERSONALIZED_GREETING"", ""max_duration"" : null, ""release_cause"" : 21, ""network_sip_code"" : 603, ""mscml_user_part"" : ""0943101510006672"", ""mscml_body_content"" : ""<?xml version=\""1.0\"" encoding=\""utf-8\""?><MediaServerControl version=\""1.0\""><request><play><prompt repeat=\""2\""><audio url=\""http://prod-serveur-oms-ip.vente.francetelecom.fr:8080/annonces/SVAIP/silence.wav\""/><audio url=\""http://prod-serveur-oms-ip.vente.francetelecom.fr:8080/annonces/SVAIP/10006672/SVAIPP10006672F3.wav\""/></prompt></play></request></MediaServerControl>"", ""call_flow_type"" : ""EARLY_MEDIA_AND_RELEASE"", ""header_list"" : []}"
35486,SVAIPAR100039635,"{""id"" : 35486, ""name"" : ""SVAIPAR100039635"", ""vpn_id"" : 10003963, ""technical_type"" : ""RINGBACK_TONE"", ""max_duration"" : 180000, ""release_cause"" : 0, ""network_sip_code"" : 0, ""mscml_user_part"" : ""0943101210003963"", ""mscml_body_content"" : ""<?xml version=\""1.0\"" encoding=\""utf-8\""?><MediaServerControl version=\""1.0\""><request><play><prompt repeat=\""infinite\""><audio url=\""http://prod-serveur-oms-ip.vente.francetelecom.fr:8080/annonces/SVAIP/silence.wav\""/><audio url=\""http://prod-serveur-oms-ip.vente.francetelecom.fr:8080/annonces/SVAIP/10003963/SVAIPAR100039635.wav\""/></prompt></play></request></MediaServerControl>"", ""call_flow_type"" : ""EARLY_MEDIA_AND_RELEASE"", ""header_list"" : []}"
242,SVAIPSA010N,"{""id"" : 242, ""name"" : ""SVAIPSA010N"", ""vpn_id"" : null, ""technical_type"" : ""STANDARD_MGIT"", ""max_duration"" : null, ""release_cause"" : 0, ""network_sip_code"" : 0, ""mscml_user_part"" : ""09431010"", ""mscml_body_content"" : ""<?xml version=\""1.0\"" encoding=\""utf-8\""?><MediaServerControl version=\""1.0\""><request><playcollect maxdigits=\""1\"" barge=\""yes\"" extradigittimer=\""immediate\"" firstdigittimer=\""immediate\""><prompt><audio url=\""http://prod-serveur-oms-ip.vente.francetelecom.fr:8080/annonces/SVAIP/silence.wav\""/><audio url=\""http://prod-serveur-oms-ip.vente.francetelecom.fr:8080/annonces/SVAIP/MGIT/SVAIPSA010N.wav\""/></prompt></playcollect></request></MediaServerControl>"", ""call_flow_type"" : ""EARLY_MEDIA_AND_RELEASE"", ""header_list"" : []}"
271,SVAIPSA065P,"{""id"" : 271, ""name"" : ""SVAIPSA065P"", ""vpn_id"" : null, ""technical_type"" : ""STANDARD_MGIT"", ""max_duration"" : null, ""release_cause"" : 0, ""network_sip_code"" : 0, ""mscml_user_part"" : ""09431010"", ""mscml_body_content"" : ""<?xml version=\""1.0\"" encoding=\""utf-8\""?><MediaServerControl version=\""1.0\""><request><playcollect maxdigits=\""1\"" barge=\""yes\"" extradigittimer=\""immediate\"" firstdigittimer=\""immediate\""><prompt><audio url=\""http://prod-serveur-oms-ip.vente.francetelecom.fr:8080/annonces/SVAIP/silence.wav\""/><audio url=\""http://prod-serveur-oms-ip.vente.francetelecom.fr:8080/annonces/SVAIP/MGIT/SVAIPSA065P.wav\""/></prompt></playcollect></request></MediaServerControl>"", ""call_flow_type"" : ""EARLY_MEDIA_AND_RELEASE"", ""header_list"" : []}"
274,SVAIPSA079P,"{""id"" : 274, ""name"" : ""SVAIPSA079P"", ""vpn_id"" : null, ""technical_type"" : ""STANDARD_MGIT"", ""max_duration"" : null, ""release_cause"" : 0, ""network_sip_code"" : 0, ""mscml_user_part"" : ""09431010"", ""mscml_body_content"" : ""<?xml version=\""1.0\"" encoding=\""utf-8\""?><MediaServerControl version=\""1.0\""><request><playcollect maxdigits=\""1\"" barge=\""yes\"" extradigittimer=\""immediate\"" firstdigittimer=\""immediate\""><prompt><audio url=\""http://prod-serveur-oms-ip.vente.francetelecom.fr:8080/annonces/SVAIP/silence.wav\""/><audio url=\""http://prod-serveur-oms-ip.vente.francetelecom.fr:8080/annonces/SVAIP/MGIT/SVAIPSA079P.wav\""/></prompt></playcollect></request></MediaServerControl>"", ""call_flow_type"" : ""EARLY_MEDIA_AND_RELEASE"", ""header_list"" : []}"
273,SVAIPSA079R,"{""id"" : 273, ""name"" : ""SVAIPSA079R"", ""vpn_id"" : null, ""technical_type"" : ""STANDARD_MGIT"", ""max_duration"" : null, ""release_cause"" : 0, ""network_sip_code"" : 0, ""mscml_user_part"" : ""09431010"", ""mscml_body_content"" : ""<?xml version=\""1.0\"" encoding=\""utf-8\""?><MediaServerControl version=\""1.0\""><request><playcollect maxdigits=\""1\"" barge=\""yes\"" extradigittimer=\""immediate\"" firstdigittimer=\""immediate\""><prompt><audio url=\""http://prod-serveur-oms-ip.vente.francetelecom.fr:8080/annonces/SVAIP/silence.wav\""/><audio url=\""http://prod-serveur-oms-ip.vente.francetelecom.fr:8080/annonces/SVAIP/MGIT/SVAIPSA079R.wav\""/></prompt></playcollect></request></MediaServerControl>"", ""call_flow_type"" : ""EARLY_MEDIA_AND_RELEASE"", ""header_list"" : []}"
27561,SVAIPP10006672F2,"{""id"" : 27561, ""name"" : ""SVAIPP10006672F2"", ""vpn_id"" : 10006672, ""technical_type"" : ""PERSONALIZED_GREETING"", ""max_duration"" : null, ""release_cause"" : 21, ""network_sip_code"" : 603, ""mscml_user_part"" : ""0943101510006672"", ""mscml_body_content"" : ""<?xml version=\""1.0\"" encoding=\""utf-8\""?><MediaServerControl version=\""1.0\""><request><play><prompt repeat=\""2\""><audio url=\""http://prod-serveur-oms-ip.vente.francetelecom.fr:8080/annonces/SVAIP/silence.wav\""/><audio url=\""http://prod-serveur-oms-ip.vente.francetelecom.fr:8080/annonces/SVAIP/10006672/SVAIPP10006672F2.wav\""/></prompt></play></request></MediaServerControl>"", ""call_flow_type"" : ""EARLY_MEDIA_AND_RELEASE"", ""header_list"" : []}"
239,SVAIPSA009N,"{""id"" : 239, ""name"" : ""SVAIPSA009N"", ""vpn_id"" : null, ""technical_type"" : ""STANDARD_MGIT"", ""max_duration"" : null, ""release_cause"" : 0, ""network_sip_code"" : 0, ""mscml_user_part"" : ""09431010"", ""mscml_body_content"" : ""<?xml version=\""1.0\"" encoding=\""utf-8\""?><MediaServerControl version=\""1.0\""><request><playcollect maxdigits=\""1\"" barge=\""yes\"" extradigittimer=\""immediate\"" firstdigittimer=\""immediate\""><prompt><audio url=\""http://prod-serveur-oms-ip.vente.francetelecom.fr:8080/annonces/SVAIP/silence.wav\""/><audio url=\""http://prod-serveur-oms-ip.vente.francetelecom.fr:8080/annonces/SVAIP/MGIT/SVAIPSA009N.wav\""/></prompt></playcollect></request></MediaServerControl>"", ""call_flow_type"" : ""EARLY_MEDIA_AND_RELEASE"", ""header_list"" : []}"
246,SVAIPSA015R,"{""id"" : 246, ""name"" : ""SVAIPSA015R"", ""vpn_id"" : null, ""technical_type"" : ""STANDARD_MGIT"", ""max_duration"" : null, ""release_cause"" : 0, ""network_sip_code"" : 0, ""mscml_user_part"" : ""09431010"", ""mscml_body_content"" : ""<?xml version=\""1.0\"" encoding=\""utf-8\""?><MediaServerControl version=\""1.0\""><request><playcollect maxdigits=\""1\"" barge=\""yes\"" extradigittimer=\""immediate\"" firstdigittimer=\""immediate\""><prompt><audio url=\""http://prod-serveur-oms-ip.vente.francetelecom.fr:8080/annonces/SVAIP/silence.wav\""/><audio url=\""http://prod-serveur-oms-ip.vente.francetelecom.fr:8080/annonces/SVAIP/MGIT/SVAIPSA015R.wav\""/></prompt></playcollect></request></MediaServerControl>"", ""call_flow_type"" : ""EARLY_MEDIA_AND_RELEASE"", ""header_list"" : []}"
249,SVAIPSA020R,"{""id"" : 249, ""name"" : ""SVAIPSA020R"", ""vpn_id"" : null, ""technical_type"" : ""STANDARD_MGIT"", ""max_duration"" : null, ""release_cause"" : 0, ""network_sip_code"" : 0, ""mscml_user_part"" : ""09431010"", ""mscml_body_content"" : ""<?xml version=\""1.0\"" encoding=\""utf-8\""?><MediaServerControl version=\""1.0\""><request><playcollect maxdigits=\""1\"" barge=\""yes\"" extradigittimer=\""immediate\"" firstdigittimer=\""immediate\""><prompt><audio url=\""http://prod-serveur-oms-ip.vente.francetelecom.fr:8080/annonces/SVAIP/silence.wav\""/><audio url=\""http://prod-serveur-oms-ip.vente.francetelecom.fr:8080/annonces/SVAIP/MGIT/SVAIPSA020R.wav\""/></prompt></playcollect></request></MediaServerControl>"", ""call_flow_type"" : ""EARLY_MEDIA_AND_RELEASE"", ""header_list"" : []}"
27122,SVAIPP10004796F9,"{""id"" : 27122, ""name"" : ""SVAIPP10004796F9"", ""vpn_id"" : 10004796, ""technical_type"" : ""PERSONALIZED_GREETING"", ""max_duration"" : null, ""release_cause"" : 21, ""network_sip_code"" : 603, ""mscml_user_part"" : ""0943101510004796"", ""mscml_body_content"" : ""<?xml version=\""1.0\"" encoding=\""utf-8\""?><MediaServerControl version=\""1.0\""><request><play><prompt repeat=\""2\""><audio url=\""http://prod-serveur-oms-ip.vente.francetelecom.fr:8080/annonces/SVAIP/silence.wav\""/><audio url=\""http://prod-serveur-oms-ip.vente.francetelecom.fr:8080/annonces/SVAIP/10004796/SVAIPP10004796F9.wav\""/></prompt></play></request></MediaServerControl>"", ""call_flow_type"" : ""EARLY_MEDIA_AND_RELEASE"", ""header_list"" : []}"
244,SVAIPSA012P,"{""id"" : 244, ""name"" : ""SVAIPSA012P"", ""vpn_id"" : null, ""technical_type"" : ""STANDARD_MGIT"", ""max_duration"" : null, ""release_cause"" : 0, ""network_sip_code"" : 0, ""mscml_user_part"" : ""09431010"", ""mscml_body_content"" : ""<?xml version=\""1.0\"" encoding=\""utf-8\""?><MediaServerControl version=\""1.0\""><request><playcollect maxdigits=\""1\"" barge=\""yes\"" extradigittimer=\""immediate\"" firstdigittimer=\""immediate\""><prompt><audio url=\""http://prod-serveur-oms-ip.vente.francetelecom.fr:8080/annonces/SVAIP/silence.wav\""/><audio url=\""http://prod-serveur-oms-ip.vente.francetelecom.fr:8080/annonces/SVAIP/MGIT/SVAIPSA012P.wav\""/></prompt></playcollect></request></MediaServerControl>"", ""call_flow_type"" : ""EARLY_MEDIA_AND_RELEASE"", ""header_list"" : []}"
248,SVAIPSA015N,"{""id"" : 248, ""name"" : ""SVAIPSA015N"", ""vpn_id"" : null, ""technical_type"" : ""STANDARD_MGIT"", ""max_duration"" : null, ""release_cause"" : 0, ""network_sip_code"" : 0, ""mscml_user_part"" : ""09431010"", ""mscml_body_content"" : ""<?xml version=\""1.0\"" encoding=\""utf-8\""?><MediaServerControl version=\""1.0\""><request><playcollect maxdigits=\""1\"" barge=\""yes\"" extradigittimer=\""immediate\"" firstdigittimer=\""immediate\""><prompt><audio url=\""http://prod-serveur-oms-ip.vente.francetelecom.fr:8080/annonces/SVAIP/silence.wav\""/><audio url=\""http://prod-serveur-oms-ip.vente.francetelecom.fr:8080/annonces/SVAIP/MGIT/SVAIPSA015N.wav\""/></prompt></playcollect></request></MediaServerControl>"", ""call_flow_type"" : ""EARLY_MEDIA_AND_RELEASE"", ""header_list"" : []}"
252,SVAIPSA030R,"{""id"" : 252, ""name"" : ""SVAIPSA030R"", ""vpn_id"" : null, ""technical_type"" : ""STANDARD_MGIT"", ""max_duration"" : null, ""release_cause"" : 0, ""network_sip_code"" : 0, ""mscml_user_part"" : ""09431010"", ""mscml_body_content"" : ""<?xml version=\""1.0\"" encoding=\""utf-8\""?><MediaServerControl version=\""1.0\""><request><playcollect maxdigits=\""1\"" barge=\""yes\"" extradigittimer=\""immediate\"" firstdigittimer=\""immediate\""><prompt><audio url=\""http://prod-serveur-oms-ip.vente.francetelecom.fr:8080/annonces/SVAIP/silence.wav\""/><audio url=\""http://prod-serveur-oms-ip.vente.francetelecom.fr:8080/annonces/SVAIP/MGIT/SVAIPSA030R.wav\""/></prompt></playcollect></request></MediaServerControl>"", ""call_flow_type"" : ""EARLY_MEDIA_AND_RELEASE"", ""header_list"" : []}"
261,SVAIPSA040R,"{""id"" : 261, ""name"" : ""SVAIPSA040R"", ""vpn_id"" : null, ""technical_type"" : ""STANDARD_MGIT"", ""max_duration"" : null, ""release_cause"" : 0, ""network_sip_code"" : 0, ""mscml_user_part"" : ""09431010"", ""mscml_body_content"" : ""<?xml version=\""1.0\"" encoding=\""utf-8\""?><MediaServerControl version=\""1.0\""><request><playcollect maxdigits=\""1\"" barge=\""yes\"" extradigittimer=\""immediate\"" firstdigittimer=\""immediate\""><prompt><audio url=\""http://prod-serveur-oms-ip.vente.francetelecom.fr:8080/annonces/SVAIP/silence.wav\""/><audio url=\""http://prod-serveur-oms-ip.vente.francetelecom.fr:8080/annonces/SVAIP/MGIT/SVAIPSA040R.wav\""/></prompt></playcollect></request></MediaServerControl>"", ""call_flow_type"" : ""EARLY_MEDIA_AND_RELEASE"", ""header_list"" : []}"
241,SVAIPSA010P,"{""id"" : 241, ""name"" : ""SVAIPSA010P"", ""vpn_id"" : null, ""technical_type"" : ""STANDARD_MGIT"", ""max_duration"" : null, ""release_cause"" : 0, ""network_sip_code"" : 0, ""mscml_user_part"" : ""09431010"", ""mscml_body_content"" : ""<?xml version=\""1.0\"" encoding=\""utf-8\""?><MediaServerControl version=\""1.0\""><request><playcollect maxdigits=\""1\"" barge=\""yes\"" extradigittimer=\""immediate\"" firstdigittimer=\""immediate\""><prompt><audio url=\""http://prod-serveur-oms-ip.vente.francetelecom.fr:8080/annonces/SVAIP/silence.wav\""/><audio url=\""http://prod-serveur-oms-ip.vente.francetelecom.fr:8080/annonces/SVAIP/MGIT/SVAIPSA010P.wav\""/></prompt></playcollect></request></MediaServerControl>"", ""call_flow_type"" : ""EARLY_MEDIA_AND_RELEASE"", ""header_list"" : []}"
251,SVAIPSA020N,"{""id"" : 251, ""name"" : ""SVAIPSA020N"", ""vpn_id"" : null, ""technical_type"" : ""STANDARD_MGIT"", ""max_duration"" : null, ""release_cause"" : 0, ""network_sip_code"" : 0, ""mscml_user_part"" : ""09431010"", ""mscml_body_content"" : ""<?xml version=\""1.0\"" encoding=\""utf-8\""?><MediaServerControl version=\""1.0\""><request><playcollect maxdigits=\""1\"" barge=\""yes\"" extradigittimer=\""immediate\"" firstdigittimer=\""immediate\""><prompt><audio url=\""http://prod-serveur-oms-ip.vente.francetelecom.fr:8080/annonces/SVAIP/silence.wav\""/><audio url=\""http://prod-serveur-oms-ip.vente.francetelecom.fr:8080/annonces/SVAIP/MGIT/SVAIPSA020N.wav\""/></prompt></playcollect></request></MediaServerControl>"", ""call_flow_type"" : ""EARLY_MEDIA_AND_RELEASE"", ""header_list"" : []}"
254,SVAIPSA030N,"{""id"" : 254, ""name"" : ""SVAIPSA030N"", ""vpn_id"" : null, ""technical_type"" : ""STANDARD_MGIT"", ""max_duration"" : null, ""release_cause"" : 0, ""network_sip_code"" : 0, ""mscml_user_part"" : ""09431010"", ""mscml_body_content"" : ""<?xml version=\""1.0\"" encoding=\""utf-8\""?><MediaServerControl version=\""1.0\""><request><playcollect maxdigits=\""1\"" barge=\""yes\"" extradigittimer=\""immediate\"" firstdigittimer=\""immediate\""><prompt><audio url=\""http://prod-serveur-oms-ip.vente.francetelecom.fr:8080/annonces/SVAIP/silence.wav\""/><audio url=\""http://prod-serveur-oms-ip.vente.francetelecom.fr:8080/annonces/SVAIP/MGIT/SVAIPSA030N.wav\""/></prompt></playcollect></request></MediaServerControl>"", ""call_flow_type"" : ""EARLY_MEDIA_AND_RELEASE"", ""header_list"" : []}"
264,SVAIPSA050R,"{""id"" : 264, ""name"" : ""SVAIPSA050R"", ""vpn_id"" : null, ""technical_type"" : ""STANDARD_MGIT"", ""max_duration"" : null, ""release_cause"" : 0, ""network_sip_code"" : 0, ""mscml_user_part"" : ""09431010"", ""mscml_body_content"" : ""<?xml version=\""1.0\"" encoding=\""utf-8\""?><MediaServerControl version=\""1.0\""><request><playcollect maxdigits=\""1\"" barge=\""yes\"" extradigittimer=\""immediate\"" firstdigittimer=\""immediate\""><prompt><audio url=\""http://prod-serveur-oms-ip.vente.francetelecom.fr:8080/annonces/SVAIP/silence.wav\""/><audio url=\""http://prod-serveur-oms-ip.vente.francetelecom.fr:8080/annonces/SVAIP/MGIT/SVAIPSA050R.wav\""/></prompt></playcollect></request></MediaServerControl>"", ""call_flow_type"" : ""EARLY_MEDIA_AND_RELEASE"", ""header_list"" : []}"
27441,SVAIPP10005291F1,"{""id"" : 27441, ""name"" : ""SVAIPP10005291F1"", ""vpn_id"" : 10005291, ""technical_type"" : ""PERSONALIZED_GREETING"", ""max_duration"" : null, ""release_cause"" : 21, ""network_sip_code"" : 603, ""mscml_user_part"" : ""0943101510005291"", ""mscml_body_content"" : ""<?xml version=\""1.0\"" encoding=\""utf-8\""?><MediaServerControl version=\""1.0\""><request><play><prompt repeat=\""2\""><audio url=\""http://prod-serveur-oms-ip.vente.francetelecom.fr:8080/annonces/SVAIP/silence.wav\""/><audio url=\""http://prod-serveur-oms-ip.vente.francetelecom.fr:8080/annonces/SVAIP/10005291/SVAIPP10005291F1.wav\""/></prompt></play></request></MediaServerControl>"", ""call_flow_type"" : ""EARLY_MEDIA_AND_RELEASE"", ""header_list"" : []}"
236,SVAIPSA008N,"{""id"" : 236, ""name"" : ""SVAIPSA008N"", ""vpn_id"" : null, ""technical_type"" : ""STANDARD_MGIT"", ""max_duration"" : null, ""release_cause"" : 0, ""network_sip_code"" : 0, ""mscml_user_part"" : ""09431010"", ""mscml_body_content"" : ""<?xml version=\""1.0\"" encoding=\""utf-8\""?><MediaServerControl version=\""1.0\""><request><playcollect maxdigits=\""1\"" barge=\""yes\"" extradigittimer=\""immediate\"" firstdigittimer=\""immediate\""><prompt><audio url=\""http://prod-serveur-oms-ip.vente.francetelecom.fr:8080/annonces/SVAIP/silence.wav\""/><audio url=\""http://prod-serveur-oms-ip.vente.francetelecom.fr:8080/annonces/SVAIP/MGIT/SVAIPSA008N.wav\""/></prompt></playcollect></request></MediaServerControl>"", ""call_flow_type"" : ""EARLY_MEDIA_AND_RELEASE"", ""header_list"" : []}"
247,SVAIPSA015P,"{""id"" : 247, ""name"" : ""SVAIPSA015P"", ""vpn_id"" : null, ""technical_type"" : ""STANDARD_MGIT"", ""max_duration"" : null, ""release_cause"" : 0, ""network_sip_code"" : 0, ""mscml_user_part"" : ""09431010"", ""mscml_body_content"" : ""<?xml version=\""1.0\"" encoding=\""utf-8\""?><MediaServerControl version=\""1.0\""><request><playcollect maxdigits=\""1\"" barge=\""yes\"" extradigittimer=\""immediate\"" firstdigittimer=\""immediate\""><prompt><audio url=\""http://prod-serveur-oms-ip.vente.francetelecom.fr:8080/annonces/SVAIP/silence.wav\""/><audio url=\""http://prod-serveur-oms-ip.vente.francetelecom.fr:8080/annonces/SVAIP/MGIT/SVAIPSA015P.wav\""/></prompt></playcollect></request></MediaServerControl>"", ""call_flow_type"" : ""EARLY_MEDIA_AND_RELEASE"", ""header_list"" : []}"
250,SVAIPSA020P,"{""id"" : 250, ""name"" : ""SVAIPSA020P"", ""vpn_id"" : null, ""technical_type"" : ""STANDARD_MGIT"", ""max_duration"" : null, ""release_cause"" : 0, ""network_sip_code"" : 0, ""mscml_user_part"" : ""09431010"", ""mscml_body_content"" : ""<?xml version=\""1.0\"" encoding=\""utf-8\""?><MediaServerControl version=\""1.0\""><request><playcollect maxdigits=\""1\"" barge=\""yes\"" extradigittimer=\""immediate\"" firstdigittimer=\""immediate\""><prompt><audio url=\""http://prod-serveur-oms-ip.vente.francetelecom.fr:8080/annonces/SVAIP/silence.wav\""/><audio url=\""http://prod-serveur-oms-ip.vente.francetelecom.fr:8080/annonces/SVAIP/MGIT/SVAIPSA020P.wav\""/></prompt></playcollect></request></MediaServerControl>"", ""call_flow_type"" : ""EARLY_MEDIA_AND_RELEASE"", ""header_list"" : []}"
253,SVAIPSA030P,"{""id"" : 253, ""name"" : ""SVAIPSA030P"", ""vpn_id"" : null, ""technical_type"" : ""STANDARD_MGIT"", ""max_duration"" : null, ""release_cause"" : 0, ""network_sip_code"" : 0, ""mscml_user_part"" : ""09431010"", ""mscml_body_content"" : ""<?xml version=\""1.0\"" encoding=\""utf-8\""?><MediaServerControl version=\""1.0\""><request><playcollect maxdigits=\""1\"" barge=\""yes\"" extradigittimer=\""immediate\"" firstdigittimer=\""immediate\""><prompt><audio url=\""http://prod-serveur-oms-ip.vente.francetelecom.fr:8080/annonces/SVAIP/silence.wav\""/><audio url=\""http://prod-serveur-oms-ip.vente.francetelecom.fr:8080/annonces/SVAIP/MGIT/SVAIPSA030P.wav\""/></prompt></playcollect></request></MediaServerControl>"", ""call_flow_type"" : ""EARLY_MEDIA_AND_RELEASE"", ""header_list"" : []}"
269,SVAIPSA060N,"{""id"" : 269, ""name"" : ""SVAIPSA060N"", ""vpn_id"" : null, ""technical_type"" : ""STANDARD_MGIT"", ""max_duration"" : null, ""release_cause"" : 0, ""network_sip_code"" : 0, ""mscml_user_part"" : ""09431010"", ""mscml_body_content"" : ""<?xml version=\""1.0\"" encoding=\""utf-8\""?><MediaServerControl version=\""1.0\""><request><playcollect maxdigits=\""1\"" barge=\""yes\"" extradigittimer=\""immediate\"" firstdigittimer=\""immediate\""><prompt><audio url=\""http://prod-serveur-oms-ip.vente.francetelecom.fr:8080/annonces/SVAIP/silence.wav\""/><audio url=\""http://prod-serveur-oms-ip.vente.francetelecom.fr:8080/annonces/SVAIP/MGIT/SVAIPSA060N.wav\""/></prompt></playcollect></request></MediaServerControl>"", ""call_flow_type"" : ""EARLY_MEDIA_AND_RELEASE"", ""header_list"" : []}"
27541,SVAIPP10004796F18,"{""id"" : 27541, ""name"" : ""SVAIPP10004796F18"", ""vpn_id"" : 10004796, ""technical_type"" : ""PERSONALIZED_GREETING"", ""max_duration"" : null, ""release_cause"" : 21, ""network_sip_code"" : 603, ""mscml_user_part"" : ""0943101510004796"", ""mscml_body_content"" : ""<?xml version=\""1.0\"" encoding=\""utf-8\""?><MediaServerControl version=\""1.0\""><request><play><prompt repeat=\""2\""><audio url=\""http://prod-serveur-oms-ip.vente.francetelecom.fr:8080/annonces/SVAIP/silence.wav\""/><audio url=\""http://prod-serveur-oms-ip.vente.francetelecom.fr:8080/annonces/SVAIP/10004796/SVAIPP10004796F18.wav\""/></prompt></play></request></MediaServerControl>"", ""call_flow_type"" : ""EARLY_MEDIA_AND_RELEASE"", ""header_list"" : []}"
272,SVAIPSA065N,"{""id"" : 272, ""name"" : ""SVAIPSA065N"", ""vpn_id"" : null, ""technical_type"" : ""STANDARD_MGIT"", ""max_duration"" : null, ""release_cause"" : 0, ""network_sip_code"" : 0, ""mscml_user_part"" : ""09431010"", ""mscml_body_content"" : ""<?xml version=\""1.0\"" encoding=\""utf-8\""?><MediaServerControl version=\""1.0\""><request><playcollect maxdigits=\""1\"" barge=\""yes\"" extradigittimer=\""immediate\"" firstdigittimer=\""immediate\""><prompt><audio url=\""http://prod-serveur-oms-ip.vente.francetelecom.fr:8080/annonces/SVAIP/silence.wav\""/><audio url=\""http://prod-serveur-oms-ip.vente.francetelecom.fr:8080/annonces/SVAIP/MGIT/SVAIPSA065N.wav\""/></prompt></playcollect></request></MediaServerControl>"", ""call_flow_type"" : ""EARLY_MEDIA_AND_RELEASE"", ""header_list"" : []}"
63,SVAIPSA005P,"{""id"" : 63, ""name"" : ""SVAIPSA005P"", ""vpn_id"" : null, ""technical_type"" : ""STANDARD_MGIT"", ""max_duration"" : null, ""release_cause"" : 0, ""network_sip_code"" : 0, ""mscml_user_part"" : ""09431014"", ""mscml_body_content"" : ""<?xml version=\""1.0\"" encoding=\""utf-8\""?><MediaServerControl version=\""1.0\""><request><playcollect maxdigits=\""1\"" barge=\""yes\"" extradigittimer=\""immediate\"" firstdigittimer=\""immediate\""><prompt><audio url=\""http://prod-serveur-oms-ip.vente.francetelecom.fr:8080/annonces/SVAIP/silence.wav\""/><audio url=\""http://prod-serveur-oms-ip.vente.francetelecom.fr:8080/annonces/SVAIP/MGIT/SVAIPSA005P.wav\""/></prompt></playcollect></request></MediaServerControl>"", ""call_flow_type"" : ""EARLY_MEDIA_AND_RELEASE"", ""header_list"" : []}"
234,SVAIPSA008R,"{""id"" : 234, ""name"" : ""SVAIPSA008R"", ""vpn_id"" : null, ""technical_type"" : ""STANDARD_MGIT"", ""max_duration"" : null, ""release_cause"" : 0, ""network_sip_code"" : 0, ""mscml_user_part"" : ""09431010"", ""mscml_body_content"" : ""<?xml version=\""1.0\"" encoding=\""utf-8\""?><MediaServerControl version=\""1.0\""><request><playcollect maxdigits=\""1\"" barge=\""yes\"" extradigittimer=\""immediate\"" firstdigittimer=\""immediate\""><prompt><audio url=\""http://prod-serveur-oms-ip.vente.francetelecom.fr:8080/annonces/SVAIP/silence.wav\""/><audio url=\""http://prod-serveur-oms-ip.vente.francetelecom.fr:8080/annonces/SVAIP/MGIT/SVAIPSA008R.wav\""/></prompt></playcollect></request></MediaServerControl>"", ""call_flow_type"" : ""EARLY_MEDIA_AND_RELEASE"", ""header_list"" : []}"
278,SVAIPSA080N,"{""id"" : 278, ""name"" : ""SVAIPSA080N"", ""vpn_id"" : null, ""technical_type"" : ""STANDARD_MGIT"", ""max_duration"" : null, ""release_cause"" : 0, ""network_sip_code"" : 0, ""mscml_user_part"" : ""09431010"", ""mscml_body_content"" : ""<?xml version=\""1.0\"" encoding=\""utf-8\""?><MediaServerControl version=\""1.0\""><request><playcollect maxdigits=\""1\"" barge=\""yes\"" extradigittimer=\""immediate\"" firstdigittimer=\""immediate\""><prompt><audio url=\""http://prod-serveur-oms-ip.vente.francetelecom.fr:8080/annonces/SVAIP/silence.wav\""/><audio url=\""http://prod-serveur-oms-ip.vente.francetelecom.fr:8080/annonces/SVAIP/MGIT/SVAIPSA080N.wav\""/></prompt></playcollect></request></MediaServerControl>"", ""call_flow_type"" : ""EARLY_MEDIA_AND_RELEASE"", ""header_list"" : []}"
302,SVAIPSA299N,"{""id"" : 302, ""name"" : ""SVAIPSA299N"", ""vpn_id"" : null, ""technical_type"" : ""STANDARD_MGIT"", ""max_duration"" : null, ""release_cause"" : 0, ""network_sip_code"" : 0, ""mscml_user_part"" : ""09431010"", ""mscml_body_content"" : ""<?xml version=\""1.0\"" encoding=\""utf-8\""?><MediaServerControl version=\""1.0\""><request><playcollect maxdigits=\""1\"" barge=\""yes\"" extradigittimer=\""immediate\"" firstdigittimer=\""immediate\""><prompt><audio url=\""http://prod-serveur-oms-ip.vente.francetelecom.fr:8080/annonces/SVAIP/silence.wav\""/><audio url=\""http://prod-serveur-oms-ip.vente.francetelecom.fr:8080/annonces/SVAIP/MGIT/SVAIPSA299N.wav\""/></prompt></playcollect></request></MediaServerControl>"", ""call_flow_type"" : ""EARLY_MEDIA_AND_RELEASE"", ""header_list"" : []}"
305,SVAIPSA300N,"{""id"" : 305, ""name"" : ""SVAIPSA300N"", ""vpn_id"" : null, ""technical_type"" : ""STANDARD_MGIT"", ""max_duration"" : null, ""release_cause"" : 0, ""network_sip_code"" : 0, ""mscml_user_part"" : ""09431010"", ""mscml_body_content"" : ""<?xml version=\""1.0\"" encoding=\""utf-8\""?><MediaServerControl version=\""1.0\""><request><playcollect maxdigits=\""1\"" barge=\""yes\"" extradigittimer=\""immediate\"" firstdigittimer=\""immediate\""><prompt><audio url=\""http://prod-serveur-oms-ip.vente.francetelecom.fr:8080/annonces/SVAIP/silence.wav\""/><audio url=\""http://prod-serveur-oms-ip.vente.francetelecom.fr:8080/annonces/SVAIP/MGIT/SVAIPSA300N.wav\""/></prompt></playcollect></request></MediaServerControl>"", ""call_flow_type"" : ""EARLY_MEDIA_AND_RELEASE"", ""header_list"" : []}"
346,SVAIPSD030N,"{""id"" : 346, ""name"" : ""SVAIPSD030N"", ""vpn_id"" : null, ""technical_type"" : ""STANDARD_MGIT"", ""max_duration"" : null, ""release_cause"" : 0, ""network_sip_code"" : 0, ""mscml_user_part"" : ""09431010"", ""mscml_body_content"" : ""<?xml version=\""1.0\"" encoding=\""utf-8\""?><MediaServerControl version=\""1.0\""><request><playcollect maxdigits=\""1\"" barge=\""yes\"" extradigittimer=\""immediate\"" firstdigittimer=\""immediate\""><prompt><audio url=\""http://prod-serveur-oms-ip.vente.francetelecom.fr:8080/annonces/SVAIP/silence.wav\""/><audio url=\""http://prod-serveur-oms-ip.vente.francetelecom.fr:8080/annonces/SVAIP/MGIT/SVAIPSD030N.wav\""/></prompt></playcollect></request></MediaServerControl>"", ""call_flow_type"" : ""EARLY_MEDIA_AND_RELEASE"", ""header_list"" : []}"
351,SVAIPSD040P,"{""id"" : 351, ""name"" : ""SVAIPSD040P"", ""vpn_id"" : null, ""technical_type"" : ""STANDARD_MGIT"", ""max_duration"" : null, ""release_cause"" : 0, ""network_sip_code"" : 0, ""mscml_user_part"" : ""09431010"", ""mscml_body_content"" : ""<?xml version=\""1.0\"" encoding=\""utf-8\""?><MediaServerControl version=\""1.0\""><request><playcollect maxdigits=\""1\"" barge=\""yes\"" extradigittimer=\""immediate\"" firstdigittimer=\""immediate\""><prompt><audio url=\""http://prod-serveur-oms-ip.vente.francetelecom.fr:8080/annonces/SVAIP/silence.wav\""/><audio url=\""http://prod-serveur-oms-ip.vente.francetelecom.fr:8080/annonces/SVAIP/MGIT/SVAIPSD040P.wav\""/></prompt></playcollect></request></MediaServerControl>"", ""call_flow_type"" : ""EARLY_MEDIA_AND_RELEASE"", ""header_list"" : []}"
354,SVAIPSD045P,"{""id"" : 354, ""name"" : ""SVAIPSD045P"", ""vpn_id"" : null, ""technical_type"" : ""STANDARD_MGIT"", ""max_duration"" : null, ""release_cause"" : 0, ""network_sip_code"" : 0, ""mscml_user_part"" : ""09431010"", ""mscml_body_content"" : ""<?xml version=\""1.0\"" encoding=\""utf-8\""?><MediaServerControl version=\""1.0\""><request><playcollect maxdigits=\""1\"" barge=\""yes\"" extradigittimer=\""immediate\"" firstdigittimer=\""immediate\""><prompt><audio url=\""http://prod-serveur-oms-ip.vente.francetelecom.fr:8080/annonces/SVAIP/silence.wav\""/><audio url=\""http://prod-serveur-oms-ip.vente.francetelecom.fr:8080/annonces/SVAIP/MGIT/SVAIPSD045P.wav\""/></prompt></playcollect></request></MediaServerControl>"", ""call_flow_type"" : ""EARLY_MEDIA_AND_RELEASE"", ""header_list"" : []}"
282,SVAIPSA099R,"{""id"" : 282, ""name"" : ""SVAIPSA099R"", ""vpn_id"" : null, ""technical_type"" : ""STANDARD_MGIT"", ""max_duration"" : null, ""release_cause"" : 0, ""network_sip_code"" : 0, ""mscml_user_part"" : ""09431010"", ""mscml_body_content"" : ""<?xml version=\""1.0\"" encoding=\""utf-8\""?><MediaServerControl version=\""1.0\""><request><playcollect maxdigits=\""1\"" barge=\""yes\"" extradigittimer=\""immediate\"" firstdigittimer=\""immediate\""><prompt><audio url=\""http://prod-serveur-oms-ip.vente.francetelecom.fr:8080/annonces/SVAIP/silence.wav\""/><audio url=\""http://prod-serveur-oms-ip.vente.francetelecom.fr:8080/annonces/SVAIP/MGIT/SVAIPSA099R.wav\""/></prompt></playcollect></request></MediaServerControl>"", ""call_flow_type"" : ""EARLY_MEDIA_AND_RELEASE"", ""header_list"" : []}"
290,SVAIPSA150N,"{""id"" : 290, ""name"" : ""SVAIPSA150N"", ""vpn_id"" : null, ""technical_type"" : ""STANDARD_MGIT"", ""max_duration"" : null, ""release_cause"" : 0, ""network_sip_code"" : 0, ""mscml_user_part"" : ""09431010"", ""mscml_body_content"" : ""<?xml version=\""1.0\"" encoding=\""utf-8\""?><MediaServerControl version=\""1.0\""><request><playcollect maxdigits=\""1\"" barge=\""yes\"" extradigittimer=\""immediate\"" firstdigittimer=\""immediate\""><prompt><audio url=\""http://prod-serveur-oms-ip.vente.francetelecom.fr:8080/annonces/SVAIP/silence.wav\""/><audio url=\""http://prod-serveur-oms-ip.vente.francetelecom.fr:8080/annonces/SVAIP/MGIT/SVAIPSA150N.wav\""/></prompt></playcollect></request></MediaServerControl>"", ""call_flow_type"" : ""EARLY_MEDIA_AND_RELEASE"", ""header_list"" : []}"
27701,SVAIPP10005941F2,"{""id"" : 27701, ""name"" : ""SVAIPP10005941F2"", ""vpn_id"" : 10005941, ""technical_type"" : ""PERSONALIZED_GREETING"", ""max_duration"" : null, ""release_cause"" : 21, ""network_sip_code"" : 603, ""mscml_user_part"" : ""0943101510005941"", ""mscml_body_content"" : ""<?xml version=\""1.0\"" encoding=\""utf-8\""?><MediaServerControl version=\""1.0\""><request><play><prompt repeat=\""2\""><audio url=\""http://prod-serveur-oms-ip.vente.francetelecom.fr:8080/annonces/SVAIP/silence.wav\""/><audio url=\""http://prod-serveur-oms-ip.vente.francetelecom.fr:8080/annonces/SVAIP/10005941/SVAIPP10005941F2.wav\""/></prompt></play></request></MediaServerControl>"", ""call_flow_type"" : ""EARLY_MEDIA_AND_RELEASE"", ""header_list"" : []}"
295,SVAIPSA200P,"{""id"" : 295, ""name"" : ""SVAIPSA200P"", ""vpn_id"" : null, ""technical_type"" : ""STANDARD_MGIT"", ""max_duration"" : null, ""release_cause"" : 0, ""network_sip_code"" : 0, ""mscml_user_part"" : ""09431010"", ""mscml_body_content"" : ""<?xml version=\""1.0\"" encoding=\""utf-8\""?><MediaServerControl version=\""1.0\""><request><playcollect maxdigits=\""1\"" barge=\""yes\"" extradigittimer=\""immediate\"" firstdigittimer=\""immediate\""><prompt><audio url=\""http://prod-serveur-oms-ip.vente.francetelecom.fr:8080/annonces/SVAIP/silence.wav\""/><audio url=\""http://prod-serveur-oms-ip.vente.francetelecom.fr:8080/annonces/SVAIP/MGIT/SVAIPSA200P.wav\""/></prompt></playcollect></request></MediaServerControl>"", ""call_flow_type"" : ""EARLY_MEDIA_AND_RELEASE"", ""header_list"" : []}"
83,SVAIPSD006P,"{""id"" : 83, ""name"" : ""SVAIPSD006P"", ""vpn_id"" : null, ""technical_type"" : ""STANDARD_MGIT"", ""max_duration"" : null, ""release_cause"" : 0, ""network_sip_code"" : 0, ""mscml_user_part"" : ""09431014"", ""mscml_body_content"" : ""<?xml version=\""1.0\"" encoding=\""utf-8\""?><MediaServerControl version=\""1.0\""><request><playcollect maxdigits=\""1\"" barge=\""yes\"" extradigittimer=\""immediate\"" firstdigittimer=\""immediate\""><prompt><audio url=\""http://prod-serveur-oms-ip.vente.francetelecom.fr:8080/annonces/SVAIP/silence.wav\""/><audio url=\""http://prod-serveur-oms-ip.vente.francetelecom.fr:8080/annonces/SVAIP/MGIT/SVAIPSD006P.wav\""/></prompt></playcollect></request></MediaServerControl>"", ""call_flow_type"" : ""EARLY_MEDIA_AND_RELEASE"", ""header_list"" : []}"
280,SVAIPSA090P,"{""id"" : 280, ""name"" : ""SVAIPSA090P"", ""vpn_id"" : null, ""technical_type"" : ""STANDARD_MGIT"", ""max_duration"" : null, ""release_cause"" : 0, ""network_sip_code"" : 0, ""mscml_user_part"" : ""09431010"", ""mscml_body_content"" : ""<?xml version=\""1.0\"" encoding=\""utf-8\""?><MediaServerControl version=\""1.0\""><request><playcollect maxdigits=\""1\"" barge=\""yes\"" extradigittimer=\""immediate\"" firstdigittimer=\""immediate\""><prompt><audio url=\""http://prod-serveur-oms-ip.vente.francetelecom.fr:8080/annonces/SVAIP/silence.wav\""/><audio url=\""http://prod-serveur-oms-ip.vente.francetelecom.fr:8080/annonces/SVAIP/MGIT/SVAIPSA090P.wav\""/></prompt></playcollect></request></MediaServerControl>"", ""call_flow_type"" : ""EARLY_MEDIA_AND_RELEASE"", ""header_list"" : []}"
292,SVAIPSA199P,"{""id"" : 292, ""name"" : ""SVAIPSA199P"", ""vpn_id"" : null, ""technical_type"" : ""STANDARD_MGIT"", ""max_duration"" : null, ""release_cause"" : 0, ""network_sip_code"" : 0, ""mscml_user_part"" : ""09431010"", ""mscml_body_content"" : ""<?xml version=\""1.0\"" encoding=\""utf-8\""?><MediaServerControl version=\""1.0\""><request><playcollect maxdigits=\""1\"" barge=\""yes\"" extradigittimer=\""immediate\"" firstdigittimer=\""immediate\""><prompt><audio url=\""http://prod-serveur-oms-ip.vente.francetelecom.fr:8080/annonces/SVAIP/silence.wav\""/><audio url=\""http://prod-serveur-oms-ip.vente.francetelecom.fr:8080/annonces/SVAIP/MGIT/SVAIPSA199P.wav\""/></prompt></playcollect></request></MediaServerControl>"", ""call_flow_type"" : ""EARLY_MEDIA_AND_RELEASE"", ""header_list"" : []}"
297,SVAIPSA250R,"{""id"" : 297, ""name"" : ""SVAIPSA250R"", ""vpn_id"" : null, ""technical_type"" : ""STANDARD_MGIT"", ""max_duration"" : null, ""release_cause"" : 0, ""network_sip_code"" : 0, ""mscml_user_part"" : ""09431010"", ""mscml_body_content"" : ""<?xml version=\""1.0\"" encoding=\""utf-8\""?><MediaServerControl version=\""1.0\""><request><playcollect maxdigits=\""1\"" barge=\""yes\"" extradigittimer=\""immediate\"" firstdigittimer=\""immediate\""><prompt><audio url=\""http://prod-serveur-oms-ip.vente.francetelecom.fr:8080/annonces/SVAIP/silence.wav\""/><audio url=\""http://prod-serveur-oms-ip.vente.francetelecom.fr:8080/annonces/SVAIP/MGIT/SVAIPSA250R.wav\""/></prompt></playcollect></request></MediaServerControl>"", ""call_flow_type"" : ""EARLY_MEDIA_AND_RELEASE"", ""header_list"" : []}"
300,SVAIPSA299R,"{""id"" : 300, ""name"" : ""SVAIPSA299R"", ""vpn_id"" : null, ""technical_type"" : ""STANDARD_MGIT"", ""max_duration"" : null, ""release_cause"" : 0, ""network_sip_code"" : 0, ""mscml_user_part"" : ""09431010"", ""mscml_body_content"" : ""<?xml version=\""1.0\"" encoding=\""utf-8\""?><MediaServerControl version=\""1.0\""><request><playcollect maxdigits=\""1\"" barge=\""yes\"" extradigittimer=\""immediate\"" firstdigittimer=\""immediate\""><prompt><audio url=\""http://prod-serveur-oms-ip.vente.francetelecom.fr:8080/annonces/SVAIP/silence.wav\""/><audio url=\""http://prod-serveur-oms-ip.vente.francetelecom.fr:8080/annonces/SVAIP/MGIT/SVAIPSA299R.wav\""/></prompt></playcollect></request></MediaServerControl>"", ""call_flow_type"" : ""EARLY_MEDIA_AND_RELEASE"", ""header_list"" : []}"
325,SVAIPSD010P,"{""id"" : 325, ""name"" : ""SVAIPSD010P"", ""vpn_id"" : null, ""technical_type"" : ""STANDARD_MGIT"", ""max_duration"" : null, ""release_cause"" : 0, ""network_sip_code"" : 0, ""mscml_user_part"" : ""09431010"", ""mscml_body_content"" : ""<?xml version=\""1.0\"" encoding=\""utf-8\""?><MediaServerControl version=\""1.0\""><request><playcollect maxdigits=\""1\"" barge=\""yes\"" extradigittimer=\""immediate\"" firstdigittimer=\""immediate\""><prompt><audio url=\""http://prod-serveur-oms-ip.vente.francetelecom.fr:8080/annonces/SVAIP/silence.wav\""/><audio url=\""http://prod-serveur-oms-ip.vente.francetelecom.fr:8080/annonces/SVAIP/MGIT/SVAIPSD010P.wav\""/></prompt></playcollect></request></MediaServerControl>"", ""call_flow_type"" : ""EARLY_MEDIA_AND_RELEASE"", ""header_list"" : []}"
329,SVAIPSD015N,"{""id"" : 329, ""name"" : ""SVAIPSD015N"", ""vpn_id"" : null, ""technical_type"" : ""STANDARD_MGIT"", ""max_duration"" : null, ""release_cause"" : 0, ""network_sip_code"" : 0, ""mscml_user_part"" : ""09431010"", ""mscml_body_content"" : ""<?xml version=\""1.0\"" encoding=\""utf-8\""?><MediaServerControl version=\""1.0\""><request><playcollect maxdigits=\""1\"" barge=\""yes\"" extradigittimer=\""immediate\"" firstdigittimer=\""immediate\""><prompt><audio url=\""http://prod-serveur-oms-ip.vente.francetelecom.fr:8080/annonces/SVAIP/silence.wav\""/><audio url=\""http://prod-serveur-oms-ip.vente.francetelecom.fr:8080/annonces/SVAIP/MGIT/SVAIPSD015N.wav\""/></prompt></playcollect></request></MediaServerControl>"", ""call_flow_type"" : ""EARLY_MEDIA_AND_RELEASE"", ""header_list"" : []}"
27761,SVAIPP10008694F4,"{""id"" : 27761, ""name"" : ""SVAIPP10008694F4"", ""vpn_id"" : 10008694, ""technical_type"" : ""PERSONALIZED_GREETING"", ""max_duration"" : null, ""release_cause"" : 21, ""network_sip_code"" : 603, ""mscml_user_part"" : ""0943101510008694"", ""mscml_body_content"" : ""<?xml version=\""1.0\"" encoding=\""utf-8\""?><MediaServerControl version=\""1.0\""><request><play><prompt repeat=\""2\""><audio url=\""http://prod-serveur-oms-ip.vente.francetelecom.fr:8080/annonces/SVAIP/silence.wav\""/><audio url=\""http://prod-serveur-oms-ip.vente.francetelecom.fr:8080/annonces/SVAIP/10008694/SVAIPP10008694F4.wav\""/></prompt></play></request></MediaServerControl>"", ""call_flow_type"" : ""EARLY_MEDIA_AND_RELEASE"", ""header_list"" : []}"
81,SVAIPSD006N,"{""id"" : 81, ""name"" : ""SVAIPSD006N"", ""vpn_id"" : null, ""technical_type"" : ""STANDARD_MGIT"", ""max_duration"" : null, ""release_cause"" : 0, ""network_sip_code"" : 0, ""mscml_user_part"" : ""09431014"", ""mscml_body_content"" : ""<?xml version=\""1.0\"" encoding=\""utf-8\""?><MediaServerControl version=\""1.0\""><request><playcollect maxdigits=\""1\"" barge=\""yes\"" extradigittimer=\""immediate\"" firstdigittimer=\""immediate\""><prompt><audio url=\""http://prod-serveur-oms-ip.vente.francetelecom.fr:8080/annonces/SVAIP/silence.wav\""/><audio url=\""http://prod-serveur-oms-ip.vente.francetelecom.fr:8080/annonces/SVAIP/MGIT/SVAIPSD006N.wav\""/></prompt></playcollect></request></MediaServerControl>"", ""call_flow_type"" : ""EARLY_MEDIA_AND_RELEASE"", ""header_list"" : []}"
85,SVAIPSD009N,"{""id"" : 85, ""name"" : ""SVAIPSD009N"", ""vpn_id"" : null, ""technical_type"" : ""STANDARD_MGIT"", ""max_duration"" : null, ""release_cause"" : 0, ""network_sip_code"" : 0, ""mscml_user_part"" : ""09431014"", ""mscml_body_content"" : ""<?xml version=\""1.0\"" encoding=\""utf-8\""?><MediaServerControl version=\""1.0\""><request><playcollect maxdigits=\""1\"" barge=\""yes\"" extradigittimer=\""immediate\"" firstdigittimer=\""immediate\""><prompt><audio url=\""http://prod-serveur-oms-ip.vente.francetelecom.fr:8080/annonces/SVAIP/silence.wav\""/><audio url=\""http://prod-serveur-oms-ip.vente.francetelecom.fr:8080/annonces/SVAIP/MGIT/SVAIPSD009N.wav\""/></prompt></playcollect></request></MediaServerControl>"", ""call_flow_type"" : ""EARLY_MEDIA_AND_RELEASE"", ""header_list"" : []}"
88,SVAIPSD012N,"{""id"" : 88, ""name"" : ""SVAIPSD012N"", ""vpn_id"" : null, ""technical_type"" : ""STANDARD_MGIT"", ""max_duration"" : null, ""release_cause"" : 0, ""network_sip_code"" : 0, ""mscml_user_part"" : ""09431014"", ""mscml_body_content"" : ""<?xml version=\""1.0\"" encoding=\""utf-8\""?><MediaServerControl version=\""1.0\""><request><playcollect maxdigits=\""1\"" barge=\""yes\"" extradigittimer=\""immediate\"" firstdigittimer=\""immediate\""><prompt><audio url=\""http://prod-serveur-oms-ip.vente.francetelecom.fr:8080/annonces/SVAIP/silence.wav\""/><audio url=\""http://prod-serveur-oms-ip.vente.francetelecom.fr:8080/annonces/SVAIP/MGIT/SVAIPSD012N.wav\""/></prompt></playcollect></request></MediaServerControl>"", ""call_flow_type"" : ""EARLY_MEDIA_AND_RELEASE"", ""header_list"" : []}"
327,SVAIPSD015R,"{""id"" : 327, ""name"" : ""SVAIPSD015R"", ""vpn_id"" : null, ""technical_type"" : ""STANDARD_MGIT"", ""max_duration"" : null, ""release_cause"" : 0, ""network_sip_code"" : 0, ""mscml_user_part"" : ""09431010"", ""mscml_body_content"" : ""<?xml version=\""1.0\"" encoding=\""utf-8\""?><MediaServerControl version=\""1.0\""><request><playcollect maxdigits=\""1\"" barge=\""yes\"" extradigittimer=\""immediate\"" firstdigittimer=\""immediate\""><prompt><audio url=\""http://prod-serveur-oms-ip.vente.francetelecom.fr:8080/annonces/SVAIP/silence.wav\""/><audio url=\""http://prod-serveur-oms-ip.vente.francetelecom.fr:8080/annonces/SVAIP/MGIT/SVAIPSD015R.wav\""/></prompt></playcollect></request></MediaServerControl>"", ""call_flow_type"" : ""EARLY_MEDIA_AND_RELEASE"", ""header_list"" : []}"
287,SVAIPSA100N,"{""id"" : 287, ""name"" : ""SVAIPSA100N"", ""vpn_id"" : null, ""technical_type"" : ""STANDARD_MGIT"", ""max_duration"" : null, ""release_cause"" : 0, ""network_sip_code"" : 0, ""mscml_user_part"" : ""09431010"", ""mscml_body_content"" : ""<?xml version=\""1.0\"" encoding=\""utf-8\""?><MediaServerControl version=\""1.0\""><request><playcollect maxdigits=\""1\"" barge=\""yes\"" extradigittimer=\""immediate\"" firstdigittimer=\""immediate\""><prompt><audio url=\""http://prod-serveur-oms-ip.vente.francetelecom.fr:8080/annonces/SVAIP/silence.wav\""/><audio url=\""http://prod-serveur-oms-ip.vente.francetelecom.fr:8080/annonces/SVAIP/MGIT/SVAIPSA100N.wav\""/></prompt></playcollect></request></MediaServerControl>"", ""call_flow_type"" : ""EARLY_MEDIA_AND_RELEASE"", ""header_list"" : []}"
331,SVAIPSD018P,"{""id"" : 331, ""name"" : ""SVAIPSD018P"", ""vpn_id"" : null, ""technical_type"" : ""STANDARD_MGIT"", ""max_duration"" : null, ""release_cause"" : 0, ""network_sip_code"" : 0, ""mscml_user_part"" : ""09431010"", ""mscml_body_content"" : ""<?xml version=\""1.0\"" encoding=\""utf-8\""?><MediaServerControl version=\""1.0\""><request><playcollect maxdigits=\""1\"" barge=\""yes\"" extradigittimer=\""immediate\"" firstdigittimer=\""immediate\""><prompt><audio url=\""http://prod-serveur-oms-ip.vente.francetelecom.fr:8080/annonces/SVAIP/silence.wav\""/><audio url=\""http://prod-serveur-oms-ip.vente.francetelecom.fr:8080/annonces/SVAIP/MGIT/SVAIPSD018P.wav\""/></prompt></playcollect></request></MediaServerControl>"", ""call_flow_type"" : ""EARLY_MEDIA_AND_RELEASE"", ""header_list"" : []}"
303,SVAIPSA300R,"{""id"" : 303, ""name"" : ""SVAIPSA300R"", ""vpn_id"" : null, ""technical_type"" : ""STANDARD_MGIT"", ""max_duration"" : null, ""release_cause"" : 0, ""network_sip_code"" : 0, ""mscml_user_part"" : ""09431010"", ""mscml_body_content"" : ""<?xml version=\""1.0\"" encoding=\""utf-8\""?><MediaServerControl version=\""1.0\""><request><playcollect maxdigits=\""1\"" barge=\""yes\"" extradigittimer=\""immediate\"" firstdigittimer=\""immediate\""><prompt><audio url=\""http://prod-serveur-oms-ip.vente.francetelecom.fr:8080/annonces/SVAIP/silence.wav\""/><audio url=\""http://prod-serveur-oms-ip.vente.francetelecom.fr:8080/annonces/SVAIP/MGIT/SVAIPSA300R.wav\""/></prompt></playcollect></request></MediaServerControl>"", ""call_flow_type"" : ""EARLY_MEDIA_AND_RELEASE"", ""header_list"" : []}"
84,SVAIPSD009R,"{""id"" : 84, ""name"" : ""SVAIPSD009R"", ""vpn_id"" : null, ""technical_type"" : ""STANDARD_MGIT"", ""max_duration"" : null, ""release_cause"" : 0, ""network_sip_code"" : 0, ""mscml_user_part"" : ""09431014"", ""mscml_body_content"" : ""<?xml version=\""1.0\"" encoding=\""utf-8\""?><MediaServerControl version=\""1.0\""><request><playcollect maxdigits=\""1\"" barge=\""yes\"" extradigittimer=\""immediate\"" firstdigittimer=\""immediate\""><prompt><audio url=\""http://prod-serveur-oms-ip.vente.francetelecom.fr:8080/annonces/SVAIP/silence.wav\""/><audio url=\""http://prod-serveur-oms-ip.vente.francetelecom.fr:8080/annonces/SVAIP/MGIT/SVAIPSD009R.wav\""/></prompt></playcollect></request></MediaServerControl>"", ""call_flow_type"" : ""EARLY_MEDIA_AND_RELEASE"", ""header_list"" : []}"
27703,SVAIPP10005466F2,"{""id"" : 27703, ""name"" : ""SVAIPP10005466F2"", ""vpn_id"" : 10005466, ""technical_type"" : ""PERSONALIZED_GREETING"", ""max_duration"" : null, ""release_cause"" : 21, ""network_sip_code"" : 603, ""mscml_user_part"" : ""0943101510005466"", ""mscml_body_content"" : ""<?xml version=\""1.0\"" encoding=\""utf-8\""?><MediaServerControl version=\""1.0\""><request><play><prompt repeat=\""2\""><audio url=\""http://prod-serveur-oms-ip.vente.francetelecom.fr:8080/annonces/SVAIP/silence.wav\""/><audio url=\""http://prod-serveur-oms-ip.vente.francetelecom.fr:8080/annonces/SVAIP/10005466/SVAIPP10005466F2.wav\""/></prompt></play></request></MediaServerControl>"", ""call_flow_type"" : ""EARLY_MEDIA_AND_RELEASE"", ""header_list"" : []}"
330,SVAIPSD018R,"{""id"" : 330, ""name"" : ""SVAIPSD018R"", ""vpn_id"" : null, ""technical_type"" : ""STANDARD_MGIT"", ""max_duration"" : null, ""release_cause"" : 0, ""network_sip_code"" : 0, ""mscml_user_part"" : ""09431010"", ""mscml_body_content"" : ""<?xml version=\""1.0\"" encoding=\""utf-8\""?><MediaServerControl version=\""1.0\""><request><playcollect maxdigits=\""1\"" barge=\""yes\"" extradigittimer=\""immediate\"" firstdigittimer=\""immediate\""><prompt><audio url=\""http://prod-serveur-oms-ip.vente.francetelecom.fr:8080/annonces/SVAIP/silence.wav\""/><audio url=\""http://prod-serveur-oms-ip.vente.francetelecom.fr:8080/annonces/SVAIP/MGIT/SVAIPSD018R.wav\""/></prompt></playcollect></request></MediaServerControl>"", ""call_flow_type"" : ""EARLY_MEDIA_AND_RELEASE"", ""header_list"" : []}"
342,SVAIPSD020R,"{""id"" : 342, ""name"" : ""SVAIPSD020R"", ""vpn_id"" : null, ""technical_type"" : ""STANDARD_MGIT"", ""max_duration"" : null, ""release_cause"" : 0, ""network_sip_code"" : 0, ""mscml_user_part"" : ""09431010"", ""mscml_body_content"" : ""<?xml version=\""1.0\"" encoding=\""utf-8\""?><MediaServerControl version=\""1.0\""><request><playcollect maxdigits=\""1\"" barge=\""yes\"" extradigittimer=\""immediate\"" firstdigittimer=\""immediate\""><prompt><audio url=\""http://prod-serveur-oms-ip.vente.francetelecom.fr:8080/annonces/SVAIP/silence.wav\""/><audio url=\""http://prod-serveur-oms-ip.vente.francetelecom.fr:8080/annonces/SVAIP/MGIT/SVAIPSD020R.wav\""/></prompt></playcollect></request></MediaServerControl>"", ""call_flow_type"" : ""EARLY_MEDIA_AND_RELEASE"", ""header_list"" : []}"
279,SVAIPSA090R,"{""id"" : 279, ""name"" : ""SVAIPSA090R"", ""vpn_id"" : null, ""technical_type"" : ""STANDARD_MGIT"", ""max_duration"" : null, ""release_cause"" : 0, ""network_sip_code"" : 0, ""mscml_user_part"" : ""09431010"", ""mscml_body_content"" : ""<?xml version=\""1.0\"" encoding=\""utf-8\""?><MediaServerControl version=\""1.0\""><request><playcollect maxdigits=\""1\"" barge=\""yes\"" extradigittimer=\""immediate\"" firstdigittimer=\""immediate\""><prompt><audio url=\""http://prod-serveur-oms-ip.vente.francetelecom.fr:8080/annonces/SVAIP/silence.wav\""/><audio url=\""http://prod-serveur-oms-ip.vente.francetelecom.fr:8080/annonces/SVAIP/MGIT/SVAIPSA090R.wav\""/></prompt></playcollect></request></MediaServerControl>"", ""call_flow_type"" : ""EARLY_MEDIA_AND_RELEASE"", ""header_list"" : []}"
284,SVAIPSA099N,"{""id"" : 284, ""name"" : ""SVAIPSA099N"", ""vpn_id"" : null, ""technical_type"" : ""STANDARD_MGIT"", ""max_duration"" : null, ""release_cause"" : 0, ""network_sip_code"" : 0, ""mscml_user_part"" : ""09431010"", ""mscml_body_content"" : ""<?xml version=\""1.0\"" encoding=\""utf-8\""?><MediaServerControl version=\""1.0\""><request><playcollect maxdigits=\""1\"" barge=\""yes\"" extradigittimer=\""immediate\"" firstdigittimer=\""immediate\""><prompt><audio url=\""http://prod-serveur-oms-ip.vente.francetelecom.fr:8080/annonces/SVAIP/silence.wav\""/><audio url=\""http://prod-serveur-oms-ip.vente.francetelecom.fr:8080/annonces/SVAIP/MGIT/SVAIPSA099N.wav\""/></prompt></playcollect></request></MediaServerControl>"", ""call_flow_type"" : ""EARLY_MEDIA_AND_RELEASE"", ""header_list"" : []}"
286,SVAIPSA100P,"{""id"" : 286, ""name"" : ""SVAIPSA100P"", ""vpn_id"" : null, ""technical_type"" : ""STANDARD_MGIT"", ""max_duration"" : null, ""release_cause"" : 0, ""network_sip_code"" : 0, ""mscml_user_part"" : ""09431010"", ""mscml_body_content"" : ""<?xml version=\""1.0\"" encoding=\""utf-8\""?><MediaServerControl version=\""1.0\""><request><playcollect maxdigits=\""1\"" barge=\""yes\"" extradigittimer=\""immediate\"" firstdigittimer=\""immediate\""><prompt><audio url=\""http://prod-serveur-oms-ip.vente.francetelecom.fr:8080/annonces/SVAIP/silence.wav\""/><audio url=\""http://prod-serveur-oms-ip.vente.francetelecom.fr:8080/annonces/SVAIP/MGIT/SVAIPSA100P.wav\""/></prompt></playcollect></request></MediaServerControl>"", ""call_flow_type"" : ""EARLY_MEDIA_AND_RELEASE"", ""header_list"" : []}"
91,SVAIPSD025N,"{""id"" : 91, ""name"" : ""SVAIPSD025N"", ""vpn_id"" : null, ""technical_type"" : ""STANDARD_MGIT"", ""max_duration"" : null, ""release_cause"" : 0, ""network_sip_code"" : 0, ""mscml_user_part"" : ""09431014"", ""mscml_body_content"" : ""<?xml version=\""1.0\"" encoding=\""utf-8\""?><MediaServerControl version=\""1.0\""><request><playcollect maxdigits=\""1\"" barge=\""yes\"" extradigittimer=\""immediate\"" firstdigittimer=\""immediate\""><prompt><audio url=\""http://prod-serveur-oms-ip.vente.francetelecom.fr:8080/annonces/SVAIP/silence.wav\""/><audio url=\""http://prod-serveur-oms-ip.vente.francetelecom.fr:8080/annonces/SVAIP/MGIT/SVAIPSD025N.wav\""/></prompt></playcollect></request></MediaServerControl>"", ""call_flow_type"" : ""EARLY_MEDIA_AND_RELEASE"", ""header_list"" : []}"
202,SVAIPSF4,"{""id"" : 202, ""name"" : ""SVAIPSF4"", ""vpn_id"" : null, ""technical_type"" : ""PERSONALIZED_GREETING"", ""max_duration"" : null, ""release_cause"" : 21, ""network_sip_code"" : 603, ""mscml_user_part"" : ""09431014"", ""mscml_body_content"" : ""<?xml version=\""1.0\"" encoding=\""utf-8\""?><MediaServerControl version=\""1.0\""><request><play><prompt repeat=\""2\""><audio url=\""http://prod-serveur-oms-ip.vente.francetelecom.fr:8080/annonces/SVAIP/silence.wav\""/><audio url=\""http://prod-serveur-oms-ip.vente.francetelecom.fr:8080/annonces/SVAIP/AnnonceFinale/SVAIPSF4.wav\""/></prompt></play></request></MediaServerControl>"", ""call_flow_type"" : ""EARLY_MEDIA_AND_RELEASE"", ""header_list"" : []}"
225,SVAIPSF9,"{""id"" : 225, ""name"" : ""SVAIPSF9"", ""vpn_id"" : null, ""technical_type"" : ""PERSONALIZED_GREETING"", ""max_duration"" : null, ""release_cause"" : 21, ""network_sip_code"" : 603, ""mscml_user_part"" : ""09431014"", ""mscml_body_content"" : ""<?xml version=\""1.0\"" encoding=\""utf-8\""?><MediaServerControl version=\""1.0\""><request><play><prompt repeat=\""2\""><audio url=\""http://prod-serveur-oms-ip.vente.francetelecom.fr:8080/annonces/SVAIP/silence.wav\""/><audio url=\""http://prod-serveur-oms-ip.vente.francetelecom.fr:8080/annonces/SVAIP/AnnonceFinale/SVAIPSF9.wav\""/></prompt></play></request></MediaServerControl>"", ""call_flow_type"" : ""EARLY_MEDIA_AND_RELEASE"", ""header_list"" : []}"
22,SVAIPSFtest84277,"{""id"" : 22, ""name"" : ""SVAIPSFtest84277"", ""vpn_id"" : null, ""technical_type"" : ""PERSONALIZED_GREETING"", ""max_duration"" : null, ""release_cause"" : 21, ""network_sip_code"" : 603, ""mscml_user_part"" : ""09431014"", ""mscml_body_content"" : ""<?xml version=\""1.0\"" encoding=\""utf-8\""?><MediaServerControl version=\""1.0\""><request><play><prompt repeat=\""2\""><audio url=\""http://prod-serveur-oms-ip.vente.francetelecom.fr:8080/annonces/SVAIP/silence.wav\""/><audio url=\""http://10.107.172.11:8080/annonces/SVAIP/TestOT/AnnoncePrefixe84277.wav\""/></prompt></play></request></MediaServerControl>"", ""call_flow_type"" : ""EARLY_MEDIA_AND_RELEASE"", ""header_list"" : []}"
363,SVAIPSD070P,"{""id"" : 363, ""name"" : ""SVAIPSD070P"", ""vpn_id"" : null, ""technical_type"" : ""STANDARD_MGIT"", ""max_duration"" : null, ""release_cause"" : 0, ""network_sip_code"" : 0, ""mscml_user_part"" : ""09431010"", ""mscml_body_content"" : ""<?xml version=\""1.0\"" encoding=\""utf-8\""?><MediaServerControl version=\""1.0\""><request><playcollect maxdigits=\""1\"" barge=\""yes\"" extradigittimer=\""immediate\"" firstdigittimer=\""immediate\""><prompt><audio url=\""http://prod-serveur-oms-ip.vente.francetelecom.fr:8080/annonces/SVAIP/silence.wav\""/><audio url=\""http://prod-serveur-oms-ip.vente.francetelecom.fr:8080/annonces/SVAIP/MGIT/SVAIPSD070P.wav\""/></prompt></playcollect></request></MediaServerControl>"", ""call_flow_type"" : ""EARLY_MEDIA_AND_RELEASE"", ""header_list"" : []}"
27762,SVAIPP10008694F5,"{""id"" : 27762, ""name"" : ""SVAIPP10008694F5"", ""vpn_id"" : 10008694, ""technical_type"" : ""PERSONALIZED_GREETING"", ""max_duration"" : null, ""release_cause"" : 21, ""network_sip_code"" : 603, ""mscml_user_part"" : ""0943101510008694"", ""mscml_body_content"" : ""<?xml version=\""1.0\"" encoding=\""utf-8\""?><MediaServerControl version=\""1.0\""><request><play><prompt repeat=\""2\""><audio url=\""http://prod-serveur-oms-ip.vente.francetelecom.fr:8080/annonces/SVAIP/silence.wav\""/><audio url=\""http://prod-serveur-oms-ip.vente.francetelecom.fr:8080/annonces/SVAIP/10008694/SVAIPP10008694F5.wav\""/></prompt></play></request></MediaServerControl>"", ""call_flow_type"" : ""EARLY_MEDIA_AND_RELEASE"", ""header_list"" : []}"
27721,SVAIPP10007716F1,"{""id"" : 27721, ""name"" : ""SVAIPP10007716F1"", ""vpn_id"" : 10007716, ""technical_type"" : ""PERSONALIZED_GREETING"", ""max_duration"" : null, ""release_cause"" : 21, ""network_sip_code"" : 603, ""mscml_user_part"" : ""0943101510007716"", ""mscml_body_content"" : ""<?xml version=\""1.0\"" encoding=\""utf-8\""?><MediaServerControl version=\""1.0\""><request><play><prompt repeat=\""2\""><audio url=\""http://prod-serveur-oms-ip.vente.francetelecom.fr:8080/annonces/SVAIP/silence.wav\""/><audio url=\""http://prod-serveur-oms-ip.vente.francetelecom.fr:8080/annonces/SVAIP/10007716/SVAIPP10007716F1.wav\""/></prompt></play></request></MediaServerControl>"", ""call_flow_type"" : ""EARLY_MEDIA_AND_RELEASE"", ""header_list"" : []}"
27202,SVAIPP10002184F1,"{""id"" : 27202, ""name"" : ""SVAIPP10002184F1"", ""vpn_id"" : 10002184, ""technical_type"" : ""PERSONALIZED_GREETING"", ""max_duration"" : null, ""release_cause"" : 21, ""network_sip_code"" : 603, ""mscml_user_part"" : ""0943101510002184"", ""mscml_body_content"" : ""<?xml version=\""1.0\"" encoding=\""utf-8\""?><MediaServerControl version=\""1.0\""><request><play><prompt repeat=\""2\""><audio url=\""http://prod-serveur-oms-ip.vente.francetelecom.fr:8080/annonces/SVAIP/silence.wav\""/><audio url=\""http://prod-serveur-oms-ip.vente.francetelecom.fr:8080/annonces/SVAIP/10002184/SVAIPP10002184F1.wav\""/></prompt></play></request></MediaServerControl>"", ""call_flow_type"" : ""EARLY_MEDIA_AND_RELEASE"", ""header_list"" : []}"
361,SVAIPSD060N,"{""id"" : 361, ""name"" : ""SVAIPSD060N"", ""vpn_id"" : null, ""technical_type"" : ""STANDARD_MGIT"", ""max_duration"" : null, ""release_cause"" : 0, ""network_sip_code"" : 0, ""mscml_user_part"" : ""09431010"", ""mscml_body_content"" : ""<?xml version=\""1.0\"" encoding=\""utf-8\""?><MediaServerControl version=\""1.0\""><request><playcollect maxdigits=\""1\"" barge=\""yes\"" extradigittimer=\""immediate\"" firstdigittimer=\""immediate\""><prompt><audio url=\""http://prod-serveur-oms-ip.vente.francetelecom.fr:8080/annonces/SVAIP/silence.wav\""/><audio url=\""http://prod-serveur-oms-ip.vente.francetelecom.fr:8080/annonces/SVAIP/MGIT/SVAIPSD060N.wav\""/></prompt></playcollect></request></MediaServerControl>"", ""call_flow_type"" : ""EARLY_MEDIA_AND_RELEASE"", ""header_list"" : []}"
230,SVAIPSF14,"{""id"" : 230, ""name"" : ""SVAIPSF14"", ""vpn_id"" : null, ""technical_type"" : ""PERSONALIZED_GREETING"", ""max_duration"" : null, ""release_cause"" : 21, ""network_sip_code"" : 603, ""mscml_user_part"" : ""09431014"", ""mscml_body_content"" : ""<?xml version=\""1.0\"" encoding=\""utf-8\""?><MediaServerControl version=\""1.0\""><request><play><prompt repeat=\""2\""><audio url=\""http://prod-serveur-oms-ip.vente.francetelecom.fr:8080/annonces/SVAIP/silence.wav\""/><audio url=\""http://prod-serveur-oms-ip.vente.francetelecom.fr:8080/annonces/SVAIP/AnnonceFinale/SVAIPSF14.wav\""/></prompt></play></request></MediaServerControl>"", ""call_flow_type"" : ""EARLY_MEDIA_AND_RELEASE"", ""header_list"" : []}"
21,SVAIPSFtest84077,"{""id"" : 21, ""name"" : ""SVAIPSFtest84077"", ""vpn_id"" : null, ""technical_type"" : ""PERSONALIZED_GREETING"", ""max_duration"" : null, ""release_cause"" : 21, ""network_sip_code"" : 603, ""mscml_user_part"" : ""09431014"", ""mscml_body_content"" : ""<?xml version=\""1.0\"" encoding=\""utf-8\""?><MediaServerControl version=\""1.0\""><request><play><prompt repeat=\""2\""><audio url=\""http://prod-serveur-oms-ip.vente.francetelecom.fr:8080/annonces/SVAIP/silence.wav\""/><audio url=\""http://10.107.172.11:8080/annonces/SVAIP/TestOT/AnnoncePrefixe84077.wav\""/></prompt></play></request></MediaServerControl>"", ""call_flow_type"" : ""EARLY_MEDIA_AND_RELEASE"", ""header_list"" : []}"
27723,SVAIPP10007716D025N3,"{""id"" : 27723, ""name"" : ""SVAIPP10007716D025N3"", ""vpn_id"" : 10007716, ""technical_type"" : ""PERSONALIZED_MGIT"", ""max_duration"" : null, ""release_cause"" : 0, ""network_sip_code"" : 0, ""mscml_user_part"" : ""0943101110007716"", ""mscml_body_content"" : ""<?xml version=\""1.0\"" encoding=\""utf-8\""?><MediaServerControl version=\""1.0\""><request><playcollect maxdigits=\""1\"" barge=\""yes\"" extradigittimer=\""immediate\"" firstdigittimer=\""immediate\""><prompt><audio url=\""http://prod-serveur-oms-ip.vente.francetelecom.fr:8080/annonces/SVAIP/silence.wav\""/><audio url=\""http://prod-serveur-oms-ip.vente.francetelecom.fr:8080/annonces/SVAIP/10007716/SVAIPP10007716D025N3.wav\""/></prompt></playcollect></request></MediaServerControl>"", ""call_flow_type"" : ""EARLY_MEDIA_AND_RELEASE"", ""header_list"" : []}"
27741,SVAIPP10003728F48,"{""id"" : 27741, ""name"" : ""SVAIPP10003728F48"", ""vpn_id"" : 10003728, ""technical_type"" : ""PERSONALIZED_GREETING"", ""max_duration"" : null, ""release_cause"" : 21, ""network_sip_code"" : 603, ""mscml_user_part"" : ""0943101510003728"", ""mscml_body_content"" : ""<?xml version=\""1.0\"" encoding=\""utf-8\""?><MediaServerControl version=\""1.0\""><request><play><prompt repeat=\""2\""><audio url=\""http://prod-serveur-oms-ip.vente.francetelecom.fr:8080/annonces/SVAIP/silence.wav\""/><audio url=\""http://prod-serveur-oms-ip.vente.francetelecom.fr:8080/annonces/SVAIP/10003728/SVAIPP10003728F48.wav\""/></prompt></play></request></MediaServerControl>"", ""call_flow_type"" : ""EARLY_MEDIA_AND_RELEASE"", ""header_list"" : []}"
27342,SVAIPP10005797F2,"{""id"" : 27342, ""name"" : ""SVAIPP10005797F2"", ""vpn_id"" : 10005797, ""technical_type"" : ""PERSONALIZED_GREETING"", ""max_duration"" : null, ""release_cause"" : 21, ""network_sip_code"" : 603, ""mscml_user_part"" : ""0943101510005797"", ""mscml_body_content"" : ""<?xml version=\""1.0\"" encoding=\""utf-8\""?><MediaServerControl version=\""1.0\""><request><play><prompt repeat=\""2\""><audio url=\""http://prod-serveur-oms-ip.vente.francetelecom.fr:8080/annonces/SVAIP/silence.wav\""/><audio url=\""http://prod-serveur-oms-ip.vente.francetelecom.fr:8080/annonces/SVAIP/10005797/SVAIPP10005797F2.wav\""/></prompt></play></request></MediaServerControl>"", ""call_flow_type"" : ""EARLY_MEDIA_AND_RELEASE"", ""header_list"" : []}"
27742,SVAIPP10007716D025P4,"{""id"" : 27742, ""name"" : ""SVAIPP10007716D025P4"", ""vpn_id"" : 10007716, ""technical_type"" : ""PERSONALIZED_MGIT"", ""max_duration"" : null, ""release_cause"" : 0, ""network_sip_code"" : 0, ""mscml_user_part"" : ""0943101110007716"", ""mscml_body_content"" : ""<?xml version=\""1.0\"" encoding=\""utf-8\""?><MediaServerControl version=\""1.0\""><request><playcollect maxdigits=\""1\"" barge=\""yes\"" extradigittimer=\""immediate\"" firstdigittimer=\""immediate\""><prompt><audio url=\""http://prod-serveur-oms-ip.vente.francetelecom.fr:8080/annonces/SVAIP/silence.wav\""/><audio url=\""http://prod-serveur-oms-ip.vente.francetelecom.fr:8080/annonces/SVAIP/10007716/SVAIPP10007716D025P4.wav\""/></prompt></playcollect></request></MediaServerControl>"", ""call_flow_type"" : ""EARLY_MEDIA_AND_RELEASE"", ""header_list"" : []}"
27743,SVAIPP10007716A020R5,"{""id"" : 27743, ""name"" : ""SVAIPP10007716A020R5"", ""vpn_id"" : 10007716, ""technical_type"" : ""PERSONALIZED_MGIT"", ""max_duration"" : null, ""release_cause"" : 0, ""network_sip_code"" : 0, ""mscml_user_part"" : ""0943101110007716"", ""mscml_body_content"" : ""<?xml version=\""1.0\"" encoding=\""utf-8\""?><MediaServerControl version=\""1.0\""><request><playcollect maxdigits=\""1\"" barge=\""yes\"" extradigittimer=\""immediate\"" firstdigittimer=\""immediate\""><prompt><audio url=\""http://prod-serveur-oms-ip.vente.francetelecom.fr:8080/annonces/SVAIP/silence.wav\""/><audio url=\""http://prod-serveur-oms-ip.vente.francetelecom.fr:8080/annonces/SVAIP/10007716/SVAIPP10007716A020R5.wav\""/></prompt></playcollect></request></MediaServerControl>"", ""call_flow_type"" : ""EARLY_MEDIA_AND_RELEASE"", ""header_list"" : []}"
27744,SVAIPP10008971F1,"{""id"" : 27744, ""name"" : ""SVAIPP10008971F1"", ""vpn_id"" : 10008971, ""technical_type"" : ""PERSONALIZED_GREETING"", ""max_duration"" : null, ""release_cause"" : 21, ""network_sip_code"" : 603, ""mscml_user_part"" : ""0943101510008971"", ""mscml_body_content"" : ""<?xml version=\""1.0\"" encoding=\""utf-8\""?><MediaServerControl version=\""1.0\""><request><play><prompt repeat=\""2\""><audio url=\""http://prod-serveur-oms-ip.vente.francetelecom.fr:8080/annonces/SVAIP/silence.wav\""/><audio url=\""http://prod-serveur-oms-ip.vente.francetelecom.fr:8080/annonces/SVAIP/10008971/SVAIPP10008971F1.wav\""/></prompt></play></request></MediaServerControl>"", ""call_flow_type"" : ""EARLY_MEDIA_AND_RELEASE"", ""header_list"" : []}"
353,SVAIPSD045R,"{""id"" : 353, ""name"" : ""SVAIPSD045R"", ""vpn_id"" : null, ""technical_type"" : ""STANDARD_MGIT"", ""max_duration"" : null, ""release_cause"" : 0, ""network_sip_code"" : 0, ""mscml_user_part"" : ""09431010"", ""mscml_body_content"" : ""<?xml version=\""1.0\"" encoding=\""utf-8\""?><MediaServerControl version=\""1.0\""><request><playcollect maxdigits=\""1\"" barge=\""yes\"" extradigittimer=\""immediate\"" firstdigittimer=\""immediate\""><prompt><audio url=\""http://prod-serveur-oms-ip.vente.francetelecom.fr:8080/annonces/SVAIP/silence.wav\""/><audio url=\""http://prod-serveur-oms-ip.vente.francetelecom.fr:8080/annonces/SVAIP/MGIT/SVAIPSD045R.wav\""/></prompt></playcollect></request></MediaServerControl>"", ""call_flow_type"" : ""EARLY_MEDIA_AND_RELEASE"", ""header_list"" : []}"
359,SVAIPSD060R,"{""id"" : 359, ""name"" : ""SVAIPSD060R"", ""vpn_id"" : null, ""technical_type"" : ""STANDARD_MGIT"", ""max_duration"" : null, ""release_cause"" : 0, ""network_sip_code"" : 0, ""mscml_user_part"" : ""09431010"", ""mscml_body_content"" : ""<?xml version=\""1.0\"" encoding=\""utf-8\""?><MediaServerControl version=\""1.0\""><request><playcollect maxdigits=\""1\"" barge=\""yes\"" extradigittimer=\""immediate\"" firstdigittimer=\""immediate\""><prompt><audio url=\""http://prod-serveur-oms-ip.vente.francetelecom.fr:8080/annonces/SVAIP/silence.wav\""/><audio url=\""http://prod-serveur-oms-ip.vente.francetelecom.fr:8080/annonces/SVAIP/MGIT/SVAIPSD060R.wav\""/></prompt></playcollect></request></MediaServerControl>"", ""call_flow_type"" : ""EARLY_MEDIA_AND_RELEASE"", ""header_list"" : []}"
227,SVAIPSF11,"{""id"" : 227, ""name"" : ""SVAIPSF11"", ""vpn_id"" : null, ""technical_type"" : ""PERSONALIZED_GREETING"", ""max_duration"" : null, ""release_cause"" : 21, ""network_sip_code"" : 603, ""mscml_user_part"" : ""09431014"", ""mscml_body_content"" : ""<?xml version=\""1.0\"" encoding=\""utf-8\""?><MediaServerControl version=\""1.0\""><request><play><prompt repeat=\""2\""><audio url=\""http://prod-serveur-oms-ip.vente.francetelecom.fr:8080/annonces/SVAIP/silence.wav\""/><audio url=\""http://prod-serveur-oms-ip.vente.francetelecom.fr:8080/annonces/SVAIP/AnnonceFinale/SVAIPSF11.wav\""/></prompt></play></request></MediaServerControl>"", ""call_flow_type"" : ""EARLY_MEDIA_AND_RELEASE"", ""header_list"" : []}"
27661,SVAIPP10003728F46,"{""id"" : 27661, ""name"" : ""SVAIPP10003728F46"", ""vpn_id"" : 10003728, ""technical_type"" : ""PERSONALIZED_GREETING"", ""max_duration"" : null, ""release_cause"" : 21, ""network_sip_code"" : 603, ""mscml_user_part"" : ""0943101510003728"", ""mscml_body_content"" : ""<?xml version=\""1.0\"" encoding=\""utf-8\""?><MediaServerControl version=\""1.0\""><request><play><prompt repeat=\""2\""><audio url=\""http://prod-serveur-oms-ip.vente.francetelecom.fr:8080/annonces/SVAIP/silence.wav\""/><audio url=\""http://prod-serveur-oms-ip.vente.francetelecom.fr:8080/annonces/SVAIP/10003728/SVAIPP10003728F46.wav\""/></prompt></play></request></MediaServerControl>"", ""call_flow_type"" : ""EARLY_MEDIA_AND_RELEASE"", ""header_list"" : []}"
27662,SVAIPP10003728F47,"{""id"" : 27662, ""name"" : ""SVAIPP10003728F47"", ""vpn_id"" : 10003728, ""technical_type"" : ""PERSONALIZED_GREETING"", ""max_duration"" : null, ""release_cause"" : 21, ""network_sip_code"" : 603, ""mscml_user_part"" : ""0943101510003728"", ""mscml_body_content"" : ""<?xml version=\""1.0\"" encoding=\""utf-8\""?><MediaServerControl version=\""1.0\""><request><play><prompt repeat=\""2\""><audio url=\""http://prod-serveur-oms-ip.vente.francetelecom.fr:8080/annonces/SVAIP/silence.wav\""/><audio url=\""http://prod-serveur-oms-ip.vente.francetelecom.fr:8080/annonces/SVAIP/10003728/SVAIPP10003728F47.wav\""/></prompt></play></request></MediaServerControl>"", ""call_flow_type"" : ""EARLY_MEDIA_AND_RELEASE"", ""header_list"" : []}"
121,SVAIPSF1,"{""id"" : 121, ""name"" : ""SVAIPSF1"", ""vpn_id"" : null, ""technical_type"" : ""PERSONALIZED_GREETING"", ""max_duration"" : null, ""release_cause"" : 21, ""network_sip_code"" : 603, ""mscml_user_part"" : ""09431014"", ""mscml_body_content"" : ""<?xml version=\""1.0\"" encoding=\""utf-8\""?><MediaServerControl version=\""1.0\""><request><play><prompt repeat=\""2\""><audio url=\""http://prod-serveur-oms-ip.vente.francetelecom.fr:8080/annonces/SVAIP/silence.wav\""/><audio url=\""http://prod-serveur-oms-ip.vente.francetelecom.fr:8080/annonces/SVAIP/AnnonceFinale/SVAIPSF1.wav\""/></prompt></play></request></MediaServerControl>"", ""call_flow_type"" : ""EARLY_MEDIA_AND_RELEASE"", ""header_list"" : []}"
222,SVAIPSF6,"{""id"" : 222, ""name"" : ""SVAIPSF6"", ""vpn_id"" : null, ""technical_type"" : ""PERSONALIZED_GREETING"", ""max_duration"" : null, ""release_cause"" : 21, ""network_sip_code"" : 603, ""mscml_user_part"" : ""09431014"", ""mscml_body_content"" : ""<?xml version=\""1.0\"" encoding=\""utf-8\""?><MediaServerControl version=\""1.0\""><request><play><prompt repeat=\""2\""><audio url=\""http://prod-serveur-oms-ip.vente.francetelecom.fr:8080/annonces/SVAIP/silence.wav\""/><audio url=\""http://prod-serveur-oms-ip.vente.francetelecom.fr:8080/annonces/SVAIP/AnnonceFinale/SVAIPSF6.wav\""/></prompt></play></request></MediaServerControl>"", ""call_flow_type"" : ""EARLY_MEDIA_AND_RELEASE"", ""header_list"" : []}"
367,SVAIPSD080N,"{""id"" : 367, ""name"" : ""SVAIPSD080N"", ""vpn_id"" : null, ""technical_type"" : ""STANDARD_MGIT"", ""max_duration"" : null, ""release_cause"" : 0, ""network_sip_code"" : 0, ""mscml_user_part"" : ""09431010"", ""mscml_body_content"" : ""<?xml version=\""1.0\"" encoding=\""utf-8\""?><MediaServerControl version=\""1.0\""><request><playcollect maxdigits=\""1\"" barge=\""yes\"" extradigittimer=\""immediate\"" firstdigittimer=\""immediate\""><prompt><audio url=\""http://prod-serveur-oms-ip.vente.francetelecom.fr:8080/annonces/SVAIP/silence.wav\""/><audio url=\""http://prod-serveur-oms-ip.vente.francetelecom.fr:8080/annonces/SVAIP/MGIT/SVAIPSD080N.wav\""/></prompt></playcollect></request></MediaServerControl>"", ""call_flow_type"" : ""EARLY_MEDIA_AND_RELEASE"", ""header_list"" : []}"
201,SVAIPSF3,"{""id"" : 201, ""name"" : ""SVAIPSF3"", ""vpn_id"" : null, ""technical_type"" : ""PERSONALIZED_GREETING"", ""max_duration"" : null, ""release_cause"" : 21, ""network_sip_code"" : 603, ""mscml_user_part"" : ""09431014"", ""mscml_body_content"" : ""<?xml version=\""1.0\"" encoding=\""utf-8\""?><MediaServerControl version=\""1.0\""><request><play><prompt repeat=\""2\""><audio url=\""http://prod-serveur-oms-ip.vente.francetelecom.fr:8080/annonces/SVAIP/silence.wav\""/><audio url=\""http://prod-serveur-oms-ip.vente.francetelecom.fr:8080/annonces/SVAIP/AnnonceFinale/SVAIPSF3.wav\""/></prompt></play></request></MediaServerControl>"", ""call_flow_type"" : ""EARLY_MEDIA_AND_RELEASE"", ""header_list"" : []}"
27941,SVAIPP10004011A005P2,"{""id"" : 27941, ""name"" : ""SVAIPP10004011A005P2"", ""vpn_id"" : 10004011, ""technical_type"" : ""PERSONALIZED_MGIT"", ""max_duration"" : null, ""release_cause"" : 0, ""network_sip_code"" : 0, ""mscml_user_part"" : ""0943101110004011"", ""mscml_body_content"" : ""<?xml version=\""1.0\"" encoding=\""utf-8\""?><MediaServerControl version=\""1.0\""><request><playcollect maxdigits=\""1\"" barge=\""yes\"" extradigittimer=\""immediate\"" firstdigittimer=\""immediate\""><prompt><audio url=\""http://prod-serveur-oms-ip.vente.francetelecom.fr:8080/annonces/SVAIP/silence.wav\""/><audio url=\""http://prod-serveur-oms-ip.vente.francetelecom.fr:8080/annonces/SVAIP/10004011/SVAIPP10004011A005P2.wav\""/></prompt></playcollect></request></MediaServerControl>"", ""call_flow_type"" : ""EARLY_MEDIA_AND_RELEASE"", ""header_list"" : []}"
27942,SVAIPP10004011F3,"{""id"" : 27942, ""name"" : ""SVAIPP10004011F3"", ""vpn_id"" : 10004011, ""technical_type"" : ""PERSONALIZED_GREETING"", ""max_duration"" : null, ""release_cause"" : 21, ""network_sip_code"" : 603, ""mscml_user_part"" : ""0943101510004011"", ""mscml_body_content"" : ""<?xml version=\""1.0\"" encoding=\""utf-8\""?><MediaServerControl version=\""1.0\""><request><play><prompt repeat=\""2\""><audio url=\""http://prod-serveur-oms-ip.vente.francetelecom.fr:8080/annonces/SVAIP/silence.wav\""/><audio url=\""http://prod-serveur-oms-ip.vente.francetelecom.fr:8080/annonces/SVAIP/10004011/SVAIPP10004011F3.wav\""/></prompt></play></request></MediaServerControl>"", ""call_flow_type"" : ""EARLY_MEDIA_AND_RELEASE"", ""header_list"" : []}"
27784,SVAIPP10006753F5,"{""id"" : 27784, ""name"" : ""SVAIPP10006753F5"", ""vpn_id"" : 10006753, ""technical_type"" : ""PERSONALIZED_GREETING"", ""max_duration"" : null, ""release_cause"" : 21, ""network_sip_code"" : 603, ""mscml_user_part"" : ""0943101510006753"", ""mscml_body_content"" : ""<?xml version=\""1.0\"" encoding=\""utf-8\""?><MediaServerControl version=\""1.0\""><request><play><prompt repeat=\""2\""><audio url=\""http://prod-serveur-oms-ip.vente.francetelecom.fr:8080/annonces/SVAIP/silence.wav\""/><audio url=\""http://prod-serveur-oms-ip.vente.francetelecom.fr:8080/annonces/SVAIP/10006753/SVAIPP10006753F5.wav\""/></prompt></play></request></MediaServerControl>"", ""call_flow_type"" : ""EARLY_MEDIA_AND_RELEASE"", ""header_list"" : []}"
27903,SVAIPP10009843D025P7,"{""id"" : 27903, ""name"" : ""SVAIPP10009843D025P7"", ""vpn_id"" : 10009843, ""technical_type"" : ""PERSONALIZED_MGIT"", ""max_duration"" : null, ""release_cause"" : 0, ""network_sip_code"" : 0, ""mscml_user_part"" : ""0943101110009843"", ""mscml_body_content"" : ""<?xml version=\""1.0\"" encoding=\""utf-8\""?><MediaServerControl version=\""1.0\""><request><playcollect maxdigits=\""1\"" barge=\""yes\"" extradigittimer=\""immediate\"" firstdigittimer=\""immediate\""><prompt><audio url=\""http://prod-serveur-oms-ip.vente.francetelecom.fr:8080/annonces/SVAIP/silence.wav\""/><audio url=\""http://prod-serveur-oms-ip.vente.francetelecom.fr:8080/annonces/SVAIP/10009843/SVAIPP10009843D025P7.wav\""/></prompt></playcollect></request></MediaServerControl>"", ""call_flow_type"" : ""EARLY_MEDIA_AND_RELEASE"", ""header_list"" : []}"
27801,SVAIPP10003728F49,"{""id"" : 27801, ""name"" : ""SVAIPP10003728F49"", ""vpn_id"" : 10003728, ""technical_type"" : ""PERSONALIZED_GREETING"", ""max_duration"" : null, ""release_cause"" : 21, ""network_sip_code"" : 603, ""mscml_user_part"" : ""0943101510003728"", ""mscml_body_content"" : ""<?xml version=\""1.0\"" encoding=\""utf-8\""?><MediaServerControl version=\""1.0\""><request><play><prompt repeat=\""2\""><audio url=\""http://prod-serveur-oms-ip.vente.francetelecom.fr:8080/annonces/SVAIP/silence.wav\""/><audio url=\""http://prod-serveur-oms-ip.vente.francetelecom.fr:8080/annonces/SVAIP/10003728/SVAIPP10003728F49.wav\""/></prompt></play></request></MediaServerControl>"", ""call_flow_type"" : ""EARLY_MEDIA_AND_RELEASE"", ""header_list"" : []}"
27904,SVAIPP10009843D035P8,"{""id"" : 27904, ""name"" : ""SVAIPP10009843D035P8"", ""vpn_id"" : 10009843, ""technical_type"" : ""PERSONALIZED_MGIT"", ""max_duration"" : null, ""release_cause"" : 0, ""network_sip_code"" : 0, ""mscml_user_part"" : ""0943101110009843"", ""mscml_body_content"" : ""<?xml version=\""1.0\"" encoding=\""utf-8\""?><MediaServerControl version=\""1.0\""><request><playcollect maxdigits=\""1\"" barge=\""yes\"" extradigittimer=\""immediate\"" firstdigittimer=\""immediate\""><prompt><audio url=\""http://prod-serveur-oms-ip.vente.francetelecom.fr:8080/annonces/SVAIP/silence.wav\""/><audio url=\""http://prod-serveur-oms-ip.vente.francetelecom.fr:8080/annonces/SVAIP/10009843/SVAIPP10009843D035P8.wav\""/></prompt></playcollect></request></MediaServerControl>"", ""call_flow_type"" : ""EARLY_MEDIA_AND_RELEASE"", ""header_list"" : []}"
27787,SVAIPP10006753F8,"{""id"" : 27787, ""name"" : ""SVAIPP10006753F8"", ""vpn_id"" : 10006753, ""technical_type"" : ""PERSONALIZED_GREETING"", ""max_duration"" : null, ""release_cause"" : 21, ""network_sip_code"" : 603, ""mscml_user_part"" : ""0943101510006753"", ""mscml_body_content"" : ""<?xml version=\""1.0\"" encoding=\""utf-8\""?><MediaServerControl version=\""1.0\""><request><play><prompt repeat=\""2\""><audio url=\""http://prod-serveur-oms-ip.vente.francetelecom.fr:8080/annonces/SVAIP/silence.wav\""/><audio url=\""http://prod-serveur-oms-ip.vente.francetelecom.fr:8080/annonces/SVAIP/10006753/SVAIPP10006753F8.wav\""/></prompt></play></request></MediaServerControl>"", ""call_flow_type"" : ""EARLY_MEDIA_AND_RELEASE"", ""header_list"" : []}"
27884,SVAIPP10009843F3,"{""id"" : 27884, ""name"" : ""SVAIPP10009843F3"", ""vpn_id"" : 10009843, ""technical_type"" : ""PERSONALIZED_GREETING"", ""max_duration"" : null, ""release_cause"" : 21, ""network_sip_code"" : 603, ""mscml_user_part"" : ""0943101510009843"", ""mscml_body_content"" : ""<?xml version=\""1.0\"" encoding=\""utf-8\""?><MediaServerControl version=\""1.0\""><request><play><prompt repeat=\""2\""><audio url=\""http://prod-serveur-oms-ip.vente.francetelecom.fr:8080/annonces/SVAIP/silence.wav\""/><audio url=\""http://prod-serveur-oms-ip.vente.francetelecom.fr:8080/annonces/SVAIP/10009843/SVAIPP10009843F3.wav\""/></prompt></play></request></MediaServerControl>"", ""call_flow_type"" : ""EARLY_MEDIA_AND_RELEASE"", ""header_list"" : []}"
27789,SVAIPP10006753F10,"{""id"" : 27789, ""name"" : ""SVAIPP10006753F10"", ""vpn_id"" : 10006753, ""technical_type"" : ""PERSONALIZED_GREETING"", ""max_duration"" : null, ""release_cause"" : 21, ""network_sip_code"" : 603, ""mscml_user_part"" : ""0943101510006753"", ""mscml_body_content"" : ""<?xml version=\""1.0\"" encoding=\""utf-8\""?><MediaServerControl version=\""1.0\""><request><play><prompt repeat=\""2\""><audio url=\""http://prod-serveur-oms-ip.vente.francetelecom.fr:8080/annonces/SVAIP/silence.wav\""/><audio url=\""http://prod-serveur-oms-ip.vente.francetelecom.fr:8080/annonces/SVAIP/10006753/SVAIPP10006753F10.wav\""/></prompt></play></request></MediaServerControl>"", ""call_flow_type"" : ""EARLY_MEDIA_AND_RELEASE"", ""header_list"" : []}"
27963,SVAIPP10007112F1,"{""id"" : 27963, ""name"" : ""SVAIPP10007112F1"", ""vpn_id"" : 10007112, ""technical_type"" : ""PERSONALIZED_GREETING"", ""max_duration"" : null, ""release_cause"" : 21, ""network_sip_code"" : 603, ""mscml_user_part"" : ""0943101510007112"", ""mscml_body_content"" : ""<?xml version=\""1.0\"" encoding=\""utf-8\""?><MediaServerControl version=\""1.0\""><request><play><prompt repeat=\""2\""><audio url=\""http://prod-serveur-oms-ip.vente.francetelecom.fr:8080/annonces/SVAIP/silence.wav\""/><audio url=\""http://prod-serveur-oms-ip.vente.francetelecom.fr:8080/annonces/SVAIP/10007112/SVAIPP10007112F1.wav\""/></prompt></play></request></MediaServerControl>"", ""call_flow_type"" : ""EARLY_MEDIA_AND_RELEASE"", ""header_list"" : []}"
27822,SVAIPP10003860D006R17,"{""id"" : 27822, ""name"" : ""SVAIPP10003860D006R17"", ""vpn_id"" : 10003860, ""technical_type"" : ""PERSONALIZED_MGIT"", ""max_duration"" : null, ""release_cause"" : 0, ""network_sip_code"" : 0, ""mscml_user_part"" : ""0943101110003860"", ""mscml_body_content"" : ""<?xml version=\""1.0\"" encoding=\""utf-8\""?><MediaServerControl version=\""1.0\""><request><playcollect maxdigits=\""1\"" barge=\""yes\"" extradigittimer=\""immediate\"" firstdigittimer=\""immediate\""><prompt><audio url=\""http://prod-serveur-oms-ip.vente.francetelecom.fr:8080/annonces/SVAIP/silence.wav\""/><audio url=\""http://prod-serveur-oms-ip.vente.francetelecom.fr:8080/annonces/SVAIP/10003860/SVAIPP10003860D006R17.wav\""/></prompt></playcollect></request></MediaServerControl>"", ""call_flow_type"" : ""EARLY_MEDIA_AND_RELEASE"", ""header_list"" : []}"
27786,SVAIPP10006753F7,"{""id"" : 27786, ""name"" : ""SVAIPP10006753F7"", ""vpn_id"" : 10006753, ""technical_type"" : ""PERSONALIZED_GREETING"", ""max_duration"" : null, ""release_cause"" : 21, ""network_sip_code"" : 603, ""mscml_user_part"" : ""0943101510006753"", ""mscml_body_content"" : ""<?xml version=\""1.0\"" encoding=\""utf-8\""?><MediaServerControl version=\""1.0\""><request><play><prompt repeat=\""2\""><audio url=\""http://prod-serveur-oms-ip.vente.francetelecom.fr:8080/annonces/SVAIP/silence.wav\""/><audio url=\""http://prod-serveur-oms-ip.vente.francetelecom.fr:8080/annonces/SVAIP/10006753/SVAIPP10006753F7.wav\""/></prompt></play></request></MediaServerControl>"", ""call_flow_type"" : ""EARLY_MEDIA_AND_RELEASE"", ""header_list"" : []}"
27861,SVAIPP10005941F3,"{""id"" : 27861, ""name"" : ""SVAIPP10005941F3"", ""vpn_id"" : 10005941, ""technical_type"" : ""PERSONALIZED_GREETING"", ""max_duration"" : null, ""release_cause"" : 21, ""network_sip_code"" : 603, ""mscml_user_part"" : ""0943101510005941"", ""mscml_body_content"" : ""<?xml version=\""1.0\"" encoding=\""utf-8\""?><MediaServerControl version=\""1.0\""><request><play><prompt repeat=\""2\""><audio url=\""http://prod-serveur-oms-ip.vente.francetelecom.fr:8080/annonces/SVAIP/silence.wav\""/><audio url=\""http://prod-serveur-oms-ip.vente.francetelecom.fr:8080/annonces/SVAIP/10005941/SVAIPP10005941F3.wav\""/></prompt></play></request></MediaServerControl>"", ""call_flow_type"" : ""EARLY_MEDIA_AND_RELEASE"", ""header_list"" : []}"
32822,SVAIPP10018692F1,"{""id"" : 32822, ""name"" : ""SVAIPP10018692F1"", ""vpn_id"" : 10018692, ""technical_type"" : ""PERSONALIZED_GREETING"", ""max_duration"" : null, ""release_cause"" : 21, ""network_sip_code"" : 603, ""mscml_user_part"" : ""0943101510018692"", ""mscml_body_content"" : ""<?xml version=\""1.0\"" encoding=\""utf-8\""?><MediaServerControl version=\""1.0\""><request><play><prompt repeat=\""2\""><audio url=\""http://prod-serveur-oms-ip.vente.francetelecom.fr:8080/annonces/SVAIP/silence.wav\""/><audio url=\""http://prod-serveur-oms-ip.vente.francetelecom.fr:8080/annonces/SVAIP/10018692/SVAIPP10018692F1.wav\""/></prompt></play></request></MediaServerControl>"", ""call_flow_type"" : ""EARLY_MEDIA_AND_RELEASE"", ""header_list"" : []}"
32881,SVAIPP10018412F4,"{""id"" : 32881, ""name"" : ""SVAIPP10018412F4"", ""vpn_id"" : 10018412, ""technical_type"" : ""PERSONALIZED_GREETING"", ""max_duration"" : null, ""release_cause"" : 21, ""network_sip_code"" : 603, ""mscml_user_part"" : ""0943101510018412"", ""mscml_body_content"" : ""<?xml version=\""1.0\"" encoding=\""utf-8\""?><MediaServerControl version=\""1.0\""><request><play><prompt repeat=\""2\""><audio url=\""http://prod-serveur-oms-ip.vente.francetelecom.fr:8080/annonces/SVAIP/silence.wav\""/><audio url=\""http://prod-serveur-oms-ip.vente.francetelecom.fr:8080/annonces/SVAIP/10018412/SVAIPP10018412F4.wav\""/></prompt></play></request></MediaServerControl>"", ""call_flow_type"" : ""EARLY_MEDIA_AND_RELEASE"", ""header_list"" : []}"
27883,SVAIPP10009843F2,"{""id"" : 27883, ""name"" : ""SVAIPP10009843F2"", ""vpn_id"" : 10009843, ""technical_type"" : ""PERSONALIZED_GREETING"", ""max_duration"" : null, ""release_cause"" : 21, ""network_sip_code"" : 603, ""mscml_user_part"" : ""0943101510009843"", ""mscml_body_content"" : ""<?xml version=\""1.0\"" encoding=\""utf-8\""?><MediaServerControl version=\""1.0\""><request><play><prompt repeat=\""2\""><audio url=\""http://prod-serveur-oms-ip.vente.francetelecom.fr:8080/annonces/SVAIP/silence.wav\""/><audio url=\""http://prod-serveur-oms-ip.vente.francetelecom.fr:8080/annonces/SVAIP/10009843/SVAIPP10009843F2.wav\""/></prompt></play></request></MediaServerControl>"", ""call_flow_type"" : ""EARLY_MEDIA_AND_RELEASE"", ""header_list"" : []}"
27901,SVAIPP10009843D006P5,"{""id"" : 27901, ""name"" : ""SVAIPP10009843D006P5"", ""vpn_id"" : 10009843, ""technical_type"" : ""PERSONALIZED_MGIT"", ""max_duration"" : null, ""release_cause"" : 0, ""network_sip_code"" : 0, ""mscml_user_part"" : ""0943101110009843"", ""mscml_body_content"" : ""<?xml version=\""1.0\"" encoding=\""utf-8\""?><MediaServerControl version=\""1.0\""><request><playcollect maxdigits=\""1\"" barge=\""yes\"" extradigittimer=\""immediate\"" firstdigittimer=\""immediate\""><prompt><audio url=\""http://prod-serveur-oms-ip.vente.francetelecom.fr:8080/annonces/SVAIP/silence.wav\""/><audio url=\""http://prod-serveur-oms-ip.vente.francetelecom.fr:8080/annonces/SVAIP/10009843/SVAIPP10009843D006P5.wav\""/></prompt></playcollect></request></MediaServerControl>"", ""call_flow_type"" : ""EARLY_MEDIA_AND_RELEASE"", ""header_list"" : []}"
27905,SVAIPP10009843D015P9,"{""id"" : 27905, ""name"" : ""SVAIPP10009843D015P9"", ""vpn_id"" : 10009843, ""technical_type"" : ""PERSONALIZED_MGIT"", ""max_duration"" : null, ""release_cause"" : 0, ""network_sip_code"" : 0, ""mscml_user_part"" : ""0943101110009843"", ""mscml_body_content"" : ""<?xml version=\""1.0\"" encoding=\""utf-8\""?><MediaServerControl version=\""1.0\""><request><playcollect maxdigits=\""1\"" barge=\""yes\"" extradigittimer=\""immediate\"" firstdigittimer=\""immediate\""><prompt><audio url=\""http://prod-serveur-oms-ip.vente.francetelecom.fr:8080/annonces/SVAIP/silence.wav\""/><audio url=\""http://prod-serveur-oms-ip.vente.francetelecom.fr:8080/annonces/SVAIP/10009843/SVAIPP10009843D015P9.wav\""/></prompt></playcollect></request></MediaServerControl>"", ""call_flow_type"" : ""EARLY_MEDIA_AND_RELEASE"", ""header_list"" : []}"
32821,SVAIPP10017538F2,"{""id"" : 32821, ""name"" : ""SVAIPP10017538F2"", ""vpn_id"" : 10017538, ""technical_type"" : ""PERSONALIZED_GREETING"", ""max_duration"" : null, ""release_cause"" : 21, ""network_sip_code"" : 603, ""mscml_user_part"" : ""0943101510017538"", ""mscml_body_content"" : ""<?xml version=\""1.0\"" encoding=\""utf-8\""?><MediaServerControl version=\""1.0\""><request><play><prompt repeat=\""2\""><audio url=\""http://prod-serveur-oms-ip.vente.francetelecom.fr:8080/annonces/SVAIP/silence.wav\""/><audio url=\""http://prod-serveur-oms-ip.vente.francetelecom.fr:8080/annonces/SVAIP/10017538/SVAIPP10017538F2.wav\""/></prompt></play></request></MediaServerControl>"", ""call_flow_type"" : ""EARLY_MEDIA_AND_RELEASE"", ""header_list"" : []}"
27782,SVAIPP10006753F3,"{""id"" : 27782, ""name"" : ""SVAIPP10006753F3"", ""vpn_id"" : 10006753, ""technical_type"" : ""PERSONALIZED_GREETING"", ""max_duration"" : null, ""release_cause"" : 21, ""network_sip_code"" : 603, ""mscml_user_part"" : ""0943101510006753"", ""mscml_body_content"" : ""<?xml version=\""1.0\"" encoding=\""utf-8\""?><MediaServerControl version=\""1.0\""><request><play><prompt repeat=\""2\""><audio url=\""http://prod-serveur-oms-ip.vente.francetelecom.fr:8080/annonces/SVAIP/silence.wav\""/><audio url=\""http://prod-serveur-oms-ip.vente.francetelecom.fr:8080/annonces/SVAIP/10006753/SVAIPP10006753F3.wav\""/></prompt></play></request></MediaServerControl>"", ""call_flow_type"" : ""EARLY_MEDIA_AND_RELEASE"", ""header_list"" : []}"
27788,SVAIPP10006753F9,"{""id"" : 27788, ""name"" : ""SVAIPP10006753F9"", ""vpn_id"" : 10006753, ""technical_type"" : ""PERSONALIZED_GREETING"", ""max_duration"" : null, ""release_cause"" : 21, ""network_sip_code"" : 603, ""mscml_user_part"" : ""0943101510006753"", ""mscml_body_content"" : ""<?xml version=\""1.0\"" encoding=\""utf-8\""?><MediaServerControl version=\""1.0\""><request><play><prompt repeat=\""2\""><audio url=\""http://prod-serveur-oms-ip.vente.francetelecom.fr:8080/annonces/SVAIP/silence.wav\""/><audio url=\""http://prod-serveur-oms-ip.vente.francetelecom.fr:8080/annonces/SVAIP/10006753/SVAIPP10006753F9.wav\""/></prompt></play></request></MediaServerControl>"", ""call_flow_type"" : ""EARLY_MEDIA_AND_RELEASE"", ""header_list"" : []}"
27943,SVAIPP10003737F1,"{""id"" : 27943, ""name"" : ""SVAIPP10003737F1"", ""vpn_id"" : 10003737, ""technical_type"" : ""PERSONALIZED_GREETING"", ""max_duration"" : null, ""release_cause"" : 21, ""network_sip_code"" : 603, ""mscml_user_part"" : ""0943101510003737"", ""mscml_body_content"" : ""<?xml version=\""1.0\"" encoding=\""utf-8\""?><MediaServerControl version=\""1.0\""><request><play><prompt repeat=\""2\""><audio url=\""http://prod-serveur-oms-ip.vente.francetelecom.fr:8080/annonces/SVAIP/silence.wav\""/><audio url=\""http://prod-serveur-oms-ip.vente.francetelecom.fr:8080/annonces/SVAIP/10003737/SVAIPP10003737F1.wav\""/></prompt></play></request></MediaServerControl>"", ""call_flow_type"" : ""EARLY_MEDIA_AND_RELEASE"", ""header_list"" : []}"
34381,SVAIPP10014812F12,"{""id"" : 34381, ""name"" : ""SVAIPP10014812F12"", ""vpn_id"" : 10014812, ""technical_type"" : ""PERSONALIZED_GREETING"", ""max_duration"" : null, ""release_cause"" : 21, ""network_sip_code"" : 603, ""mscml_user_part"" : ""0943101510014812"", ""mscml_body_content"" : ""<?xml version=\""1.0\"" encoding=\""utf-8\""?><MediaServerControl version=\""1.0\""><request><play><prompt repeat=\""2\""><audio url=\""http://prod-serveur-oms-ip.vente.francetelecom.fr:8080/annonces/SVAIP/silence.wav\""/><audio url=\""http://prod-serveur-oms-ip.vente.francetelecom.fr:8080/annonces/SVAIP/10014812/SVAIPP10014812F12.wav\""/></prompt></play></request></MediaServerControl>"", ""call_flow_type"" : ""EARLY_MEDIA_AND_RELEASE"", ""header_list"" : []}"
27781,SVAIPP10006753F2,"{""id"" : 27781, ""name"" : ""SVAIPP10006753F2"", ""vpn_id"" : 10006753, ""technical_type"" : ""PERSONALIZED_GREETING"", ""max_duration"" : null, ""release_cause"" : 21, ""network_sip_code"" : 603, ""mscml_user_part"" : ""0943101510006753"", ""mscml_body_content"" : ""<?xml version=\""1.0\"" encoding=\""utf-8\""?><MediaServerControl version=\""1.0\""><request><play><prompt repeat=\""2\""><audio url=\""http://prod-serveur-oms-ip.vente.francetelecom.fr:8080/annonces/SVAIP/silence.wav\""/><audio url=\""http://prod-serveur-oms-ip.vente.francetelecom.fr:8080/annonces/SVAIP/10006753/SVAIPP10006753F2.wav\""/></prompt></play></request></MediaServerControl>"", ""call_flow_type"" : ""EARLY_MEDIA_AND_RELEASE"", ""header_list"" : []}"
27785,SVAIPP10006753F6,"{""id"" : 27785, ""name"" : ""SVAIPP10006753F6"", ""vpn_id"" : 10006753, ""technical_type"" : ""PERSONALIZED_GREETING"", ""max_duration"" : null, ""release_cause"" : 21, ""network_sip_code"" : 603, ""mscml_user_part"" : ""0943101510006753"", ""mscml_body_content"" : ""<?xml version=\""1.0\"" encoding=\""utf-8\""?><MediaServerControl version=\""1.0\""><request><play><prompt repeat=\""2\""><audio url=\""http://prod-serveur-oms-ip.vente.francetelecom.fr:8080/annonces/SVAIP/silence.wav\""/><audio url=\""http://prod-serveur-oms-ip.vente.francetelecom.fr:8080/annonces/SVAIP/10006753/SVAIPP10006753F6.wav\""/></prompt></play></request></MediaServerControl>"", ""call_flow_type"" : ""EARLY_MEDIA_AND_RELEASE"", ""header_list"" : []}"
27821,SVAIPP10003860F16,"{""id"" : 27821, ""name"" : ""SVAIPP10003860F16"", ""vpn_id"" : 10003860, ""technical_type"" : ""PERSONALIZED_GREETING"", ""max_duration"" : null, ""release_cause"" : 21, ""network_sip_code"" : 603, ""mscml_user_part"" : ""0943101510003860"", ""mscml_body_content"" : ""<?xml version=\""1.0\"" encoding=\""utf-8\""?><MediaServerControl version=\""1.0\""><request><play><prompt repeat=\""2\""><audio url=\""http://prod-serveur-oms-ip.vente.francetelecom.fr:8080/annonces/SVAIP/silence.wav\""/><audio url=\""http://prod-serveur-oms-ip.vente.francetelecom.fr:8080/annonces/SVAIP/10003860/SVAIPP10003860F16.wav\""/></prompt></play></request></MediaServerControl>"", ""call_flow_type"" : ""EARLY_MEDIA_AND_RELEASE"", ""header_list"" : []}"
27783,SVAIPP10006753F4,"{""id"" : 27783, ""name"" : ""SVAIPP10006753F4"", ""vpn_id"" : 10006753, ""technical_type"" : ""PERSONALIZED_GREETING"", ""max_duration"" : null, ""release_cause"" : 21, ""network_sip_code"" : 603, ""mscml_user_part"" : ""0943101510006753"", ""mscml_body_content"" : ""<?xml version=\""1.0\"" encoding=\""utf-8\""?><MediaServerControl version=\""1.0\""><request><play><prompt repeat=\""2\""><audio url=\""http://prod-serveur-oms-ip.vente.francetelecom.fr:8080/annonces/SVAIP/silence.wav\""/><audio url=\""http://prod-serveur-oms-ip.vente.francetelecom.fr:8080/annonces/SVAIP/10006753/SVAIPP10006753F4.wav\""/></prompt></play></request></MediaServerControl>"", ""call_flow_type"" : ""EARLY_MEDIA_AND_RELEASE"", ""header_list"" : []}"
27841,SVAIPP10009843F1,"{""id"" : 27841, ""name"" : ""SVAIPP10009843F1"", ""vpn_id"" : 10009843, ""technical_type"" : ""PERSONALIZED_GREETING"", ""max_duration"" : null, ""release_cause"" : 21, ""network_sip_code"" : 603, ""mscml_user_part"" : ""0943101510009843"", ""mscml_body_content"" : ""<?xml version=\""1.0\"" encoding=\""utf-8\""?><MediaServerControl version=\""1.0\""><request><play><prompt repeat=\""2\""><audio url=\""http://prod-serveur-oms-ip.vente.francetelecom.fr:8080/annonces/SVAIP/silence.wav\""/><audio url=\""http://prod-serveur-oms-ip.vente.francetelecom.fr:8080/annonces/SVAIP/10009843/SVAIPP10009843F1.wav\""/></prompt></play></request></MediaServerControl>"", ""call_flow_type"" : ""EARLY_MEDIA_AND_RELEASE"", ""header_list"" : []}"
27885,SVAIPP10009843F4,"{""id"" : 27885, ""name"" : ""SVAIPP10009843F4"", ""vpn_id"" : 10009843, ""technical_type"" : ""PERSONALIZED_GREETING"", ""max_duration"" : null, ""release_cause"" : 21, ""network_sip_code"" : 603, ""mscml_user_part"" : ""0943101510009843"", ""mscml_body_content"" : ""<?xml version=\""1.0\"" encoding=\""utf-8\""?><MediaServerControl version=\""1.0\""><request><play><prompt repeat=\""2\""><audio url=\""http://prod-serveur-oms-ip.vente.francetelecom.fr:8080/annonces/SVAIP/silence.wav\""/><audio url=\""http://prod-serveur-oms-ip.vente.francetelecom.fr:8080/annonces/SVAIP/10009843/SVAIPP10009843F4.wav\""/></prompt></play></request></MediaServerControl>"", ""call_flow_type"" : ""EARLY_MEDIA_AND_RELEASE"", ""header_list"" : []}"
31023,SVAIPP10017986F1,"{""id"" : 31023, ""name"" : ""SVAIPP10017986F1"", ""vpn_id"" : 10017986, ""technical_type"" : ""PERSONALIZED_GREETING"", ""max_duration"" : null, ""release_cause"" : 21, ""network_sip_code"" : 603, ""mscml_user_part"" : ""0943101510017986"", ""mscml_body_content"" : ""<?xml version=\""1.0\"" encoding=\""utf-8\""?><MediaServerControl version=\""1.0\""><request><play><prompt repeat=\""2\""><audio url=\""http://prod-serveur-oms-ip.vente.francetelecom.fr:8080/annonces/SVAIP/silence.wav\""/><audio url=\""http://prod-serveur-oms-ip.vente.francetelecom.fr:8080/annonces/SVAIP/10017986/SVAIPP10017986F1.wav\""/></prompt></play></request></MediaServerControl>"", ""call_flow_type"" : ""EARLY_MEDIA_AND_RELEASE"", ""header_list"" : []}"
31143,SVAIPP10016560F4,"{""id"" : 31143, ""name"" : ""SVAIPP10016560F4"", ""vpn_id"" : 10016560, ""technical_type"" : ""PERSONALIZED_GREETING"", ""max_duration"" : null, ""release_cause"" : 21, ""network_sip_code"" : 603, ""mscml_user_part"" : ""0943101510016560"", ""mscml_body_content"" : ""<?xml version=\""1.0\"" encoding=\""utf-8\""?><MediaServerControl version=\""1.0\""><request><play><prompt repeat=\""2\""><audio url=\""http://prod-serveur-oms-ip.vente.francetelecom.fr:8080/annonces/SVAIP/silence.wav\""/><audio url=\""http://prod-serveur-oms-ip.vente.francetelecom.fr:8080/annonces/SVAIP/10016560/SVAIPP10016560F4.wav\""/></prompt></play></request></MediaServerControl>"", ""call_flow_type"" : ""EARLY_MEDIA_AND_RELEASE"", ""header_list"" : []}"
32883,SVAIPP10003728F70,"{""id"" : 32883, ""name"" : ""SVAIPP10003728F70"", ""vpn_id"" : 10003728, ""technical_type"" : ""PERSONALIZED_GREETING"", ""max_duration"" : null, ""release_cause"" : 21, ""network_sip_code"" : 603, ""mscml_user_part"" : ""0943101510003728"", ""mscml_body_content"" : ""<?xml version=\""1.0\"" encoding=\""utf-8\""?><MediaServerControl version=\""1.0\""><request><play><prompt repeat=\""2\""><audio url=\""http://prod-serveur-oms-ip.vente.francetelecom.fr:8080/annonces/SVAIP/silence.wav\""/><audio url=\""http://prod-serveur-oms-ip.vente.francetelecom.fr:8080/annonces/SVAIP/10003728/SVAIPP10003728F70.wav\""/></prompt></play></request></MediaServerControl>"", ""call_flow_type"" : ""EARLY_MEDIA_AND_RELEASE"", ""header_list"" : []}"
28023,SVAIPP10011305F2,"{""id"" : 28023, ""name"" : ""SVAIPP10011305F2"", ""vpn_id"" : 10011305, ""technical_type"" : ""PERSONALIZED_GREETING"", ""max_duration"" : null, ""release_cause"" : 21, ""network_sip_code"" : 603, ""mscml_user_part"" : ""0943101510011305"", ""mscml_body_content"" : ""<?xml version=\""1.0\"" encoding=\""utf-8\""?><MediaServerControl version=\""1.0\""><request><play><prompt repeat=\""2\""><audio url=\""http://prod-serveur-oms-ip.vente.francetelecom.fr:8080/annonces/SVAIP/silence.wav\""/><audio url=\""http://prod-serveur-oms-ip.vente.francetelecom.fr:8080/annonces/SVAIP/10011305/SVAIPP10011305F2.wav\""/></prompt></play></request></MediaServerControl>"", ""call_flow_type"" : ""EARLY_MEDIA_AND_RELEASE"", ""header_list"" : []}"
27964,SVAIPP10007112F2,"{""id"" : 27964, ""name"" : ""SVAIPP10007112F2"", ""vpn_id"" : 10007112, ""technical_type"" : ""PERSONALIZED_GREETING"", ""max_duration"" : null, ""release_cause"" : 21, ""network_sip_code"" : 603, ""mscml_user_part"" : ""0943101510007112"", ""mscml_body_content"" : ""<?xml version=\""1.0\"" encoding=\""utf-8\""?><MediaServerControl version=\""1.0\""><request><play><prompt repeat=\""2\""><audio url=\""http://prod-serveur-oms-ip.vente.francetelecom.fr:8080/annonces/SVAIP/silence.wav\""/><audio url=\""http://prod-serveur-oms-ip.vente.francetelecom.fr:8080/annonces/SVAIP/10007112/SVAIPP10007112F2.wav\""/></prompt></play></request></MediaServerControl>"", ""call_flow_type"" : ""EARLY_MEDIA_AND_RELEASE"", ""header_list"" : []}"
33448,SVAIPP10016171F1,"{""id"" : 33448, ""name"" : ""SVAIPP10016171F1"", ""vpn_id"" : 10016171, ""technical_type"" : ""PERSONALIZED_GREETING"", ""max_duration"" : null, ""release_cause"" : 21, ""network_sip_code"" : 603, ""mscml_user_part"" : ""0943101510016171"", ""mscml_body_content"" : ""<?xml version=\""1.0\"" encoding=\""utf-8\""?><MediaServerControl version=\""1.0\""><request><play><prompt repeat=\""2\""><audio url=\""http://prod-serveur-oms-ip.vente.francetelecom.fr:8080/annonces/SVAIP/silence.wav\""/><audio url=\""http://prod-serveur-oms-ip.vente.francetelecom.fr:8080/annonces/SVAIP/10016171/SVAIPP10016171F1.wav\""/></prompt></play></request></MediaServerControl>"", ""call_flow_type"" : ""EARLY_MEDIA_AND_RELEASE"", ""header_list"" : []}"
28001,SVAIPP10010186F1,"{""id"" : 28001, ""name"" : ""SVAIPP10010186F1"", ""vpn_id"" : 10010186, ""technical_type"" : ""PERSONALIZED_GREETING"", ""max_duration"" : null, ""release_cause"" : 21, ""network_sip_code"" : 603, ""mscml_user_part"" : ""0943101510010186"", ""mscml_body_content"" : ""<?xml version=\""1.0\"" encoding=\""utf-8\""?><MediaServerControl version=\""1.0\""><request><play><prompt repeat=\""2\""><audio url=\""http://prod-serveur-oms-ip.vente.francetelecom.fr:8080/annonces/SVAIP/silence.wav\""/><audio url=\""http://prod-serveur-oms-ip.vente.francetelecom.fr:8080/annonces/SVAIP/10010186/SVAIPP10010186F1.wav\""/></prompt></play></request></MediaServerControl>"", ""call_flow_type"" : ""EARLY_MEDIA_AND_RELEASE"", ""header_list"" : []}"
32323,SVAIPP10016325F14,"{""id"" : 32323, ""name"" : ""SVAIPP10016325F14"", ""vpn_id"" : 10016325, ""technical_type"" : ""PERSONALIZED_GREETING"", ""max_duration"" : null, ""release_cause"" : 21, ""network_sip_code"" : 603, ""mscml_user_part"" : ""0943101510016325"", ""mscml_body_content"" : ""<?xml version=\""1.0\"" encoding=\""utf-8\""?><MediaServerControl version=\""1.0\""><request><play><prompt repeat=\""2\""><audio url=\""http://prod-serveur-oms-ip.vente.francetelecom.fr:8080/annonces/SVAIP/silence.wav\""/><audio url=\""http://prod-serveur-oms-ip.vente.francetelecom.fr:8080/annonces/SVAIP/10016325/SVAIPP10016325F14.wav\""/></prompt></play></request></MediaServerControl>"", ""call_flow_type"" : ""EARLY_MEDIA_AND_RELEASE"", ""header_list"" : []}"
28041,SVAIPP10010186F2,"{""id"" : 28041, ""name"" : ""SVAIPP10010186F2"", ""vpn_id"" : 10010186, ""technical_type"" : ""PERSONALIZED_GREETING"", ""max_duration"" : null, ""release_cause"" : 21, ""network_sip_code"" : 603, ""mscml_user_part"" : ""0943101510010186"", ""mscml_body_content"" : ""<?xml version=\""1.0\"" encoding=\""utf-8\""?><MediaServerControl version=\""1.0\""><request><play><prompt repeat=\""2\""><audio url=\""http://prod-serveur-oms-ip.vente.francetelecom.fr:8080/annonces/SVAIP/silence.wav\""/><audio url=\""http://prod-serveur-oms-ip.vente.francetelecom.fr:8080/annonces/SVAIP/10010186/SVAIPP10010186F2.wav\""/></prompt></play></request></MediaServerControl>"", ""call_flow_type"" : ""EARLY_MEDIA_AND_RELEASE"", ""header_list"" : []}"
28063,SVAIPP10007850F1,"{""id"" : 28063, ""name"" : ""SVAIPP10007850F1"", ""vpn_id"" : 10007850, ""technical_type"" : ""PERSONALIZED_GREETING"", ""max_duration"" : null, ""release_cause"" : 21, ""network_sip_code"" : 603, ""mscml_user_part"" : ""0943101510007850"", ""mscml_body_content"" : ""<?xml version=\""1.0\"" encoding=\""utf-8\""?><MediaServerControl version=\""1.0\""><request><play><prompt repeat=\""2\""><audio url=\""http://prod-serveur-oms-ip.vente.francetelecom.fr:8080/annonces/SVAIP/silence.wav\""/><audio url=\""http://prod-serveur-oms-ip.vente.francetelecom.fr:8080/annonces/SVAIP/10007850/SVAIPP10007850F1.wav\""/></prompt></play></request></MediaServerControl>"", ""call_flow_type"" : ""EARLY_MEDIA_AND_RELEASE"", ""header_list"" : []}"
28022,SVAIPP10009917F1,"{""id"" : 28022, ""name"" : ""SVAIPP10009917F1"", ""vpn_id"" : 10009917, ""technical_type"" : ""PERSONALIZED_GREETING"", ""max_duration"" : null, ""release_cause"" : 21, ""network_sip_code"" : 603, ""mscml_user_part"" : ""0943101510009917"", ""mscml_body_content"" : ""<?xml version=\""1.0\"" encoding=\""utf-8\""?><MediaServerControl version=\""1.0\""><request><play><prompt repeat=\""2\""><audio url=\""http://prod-serveur-oms-ip.vente.francetelecom.fr:8080/annonces/SVAIP/silence.wav\""/><audio url=\""http://prod-serveur-oms-ip.vente.francetelecom.fr:8080/annonces/SVAIP/10009917/SVAIPP10009917F1.wav\""/></prompt></play></request></MediaServerControl>"", ""call_flow_type"" : ""EARLY_MEDIA_AND_RELEASE"", ""header_list"" : []}"
27982,SVAIPP10004011F4,"{""id"" : 27982, ""name"" : ""SVAIPP10004011F4"", ""vpn_id"" : 10004011, ""technical_type"" : ""PERSONALIZED_GREETING"", ""max_duration"" : null, ""release_cause"" : 21, ""network_sip_code"" : 603, ""mscml_user_part"" : ""0943101510004011"", ""mscml_body_content"" : ""<?xml version=\""1.0\"" encoding=\""utf-8\""?><MediaServerControl version=\""1.0\""><request><play><prompt repeat=\""2\""><audio url=\""http://prod-serveur-oms-ip.vente.francetelecom.fr:8080/annonces/SVAIP/silence.wav\""/><audio url=\""http://prod-serveur-oms-ip.vente.francetelecom.fr:8080/annonces/SVAIP/10004011/SVAIPP10004011F4.wav\""/></prompt></play></request></MediaServerControl>"", ""call_flow_type"" : ""EARLY_MEDIA_AND_RELEASE"", ""header_list"" : []}"
28101,SVAIPP10010186A005R6,"{""id"" : 28101, ""name"" : ""SVAIPP10010186A005R6"", ""vpn_id"" : 10010186, ""technical_type"" : ""PERSONALIZED_MGIT"", ""max_duration"" : null, ""release_cause"" : 0, ""network_sip_code"" : 0, ""mscml_user_part"" : ""0943101110010186"", ""mscml_body_content"" : ""<?xml version=\""1.0\"" encoding=\""utf-8\""?><MediaServerControl version=\""1.0\""><request><playcollect maxdigits=\""1\"" barge=\""yes\"" extradigittimer=\""immediate\"" firstdigittimer=\""immediate\""><prompt><audio url=\""http://prod-serveur-oms-ip.vente.francetelecom.fr:8080/annonces/SVAIP/silence.wav\""/><audio url=\""http://prod-serveur-oms-ip.vente.francetelecom.fr:8080/annonces/SVAIP/10010186/SVAIPP10010186A005R6.wav\""/></prompt></playcollect></request></MediaServerControl>"", ""call_flow_type"" : ""EARLY_MEDIA_AND_RELEASE"", ""header_list"" : []}"
32781,SVAIPP10004359F2,"{""id"" : 32781, ""name"" : ""SVAIPP10004359F2"", ""vpn_id"" : 10004359, ""technical_type"" : ""PERSONALIZED_GREETING"", ""max_duration"" : null, ""release_cause"" : 21, ""network_sip_code"" : 603, ""mscml_user_part"" : ""0943101510004359"", ""mscml_body_content"" : ""<?xml version=\""1.0\"" encoding=\""utf-8\""?><MediaServerControl version=\""1.0\""><request><play><prompt repeat=\""2\""><audio url=\""http://prod-serveur-oms-ip.vente.francetelecom.fr:8080/annonces/SVAIP/silence.wav\""/><audio url=\""http://prod-serveur-oms-ip.vente.francetelecom.fr:8080/annonces/SVAIP/10004359/SVAIPP10004359F2.wav\""/></prompt></play></request></MediaServerControl>"", ""call_flow_type"" : ""EARLY_MEDIA_AND_RELEASE"", ""header_list"" : []}"
28021,SVAIPP10011305F1,"{""id"" : 28021, ""name"" : ""SVAIPP10011305F1"", ""vpn_id"" : 10011305, ""technical_type"" : ""PERSONALIZED_GREETING"", ""max_duration"" : null, ""release_cause"" : 21, ""network_sip_code"" : 603, ""mscml_user_part"" : ""0943101510011305"", ""mscml_body_content"" : ""<?xml version=\""1.0\"" encoding=\""utf-8\""?><MediaServerControl version=\""1.0\""><request><play><prompt repeat=\""2\""><audio url=\""http://prod-serveur-oms-ip.vente.francetelecom.fr:8080/annonces/SVAIP/silence.wav\""/><audio url=\""http://prod-serveur-oms-ip.vente.francetelecom.fr:8080/annonces/SVAIP/10011305/SVAIPP10011305F1.wav\""/></prompt></play></request></MediaServerControl>"", ""call_flow_type"" : ""EARLY_MEDIA_AND_RELEASE"", ""header_list"" : []}"
28044,SVAIPP10010186F5,"{""id"" : 28044, ""name"" : ""SVAIPP10010186F5"", ""vpn_id"" : 10010186, ""technical_type"" : ""PERSONALIZED_GREETING"", ""max_duration"" : null, ""release_cause"" : 21, ""network_sip_code"" : 603, ""mscml_user_part"" : ""0943101510010186"", ""mscml_body_content"" : ""<?xml version=\""1.0\"" encoding=\""utf-8\""?><MediaServerControl version=\""1.0\""><request><play><prompt repeat=\""2\""><audio url=\""http://prod-serveur-oms-ip.vente.francetelecom.fr:8080/annonces/SVAIP/silence.wav\""/><audio url=\""http://prod-serveur-oms-ip.vente.francetelecom.fr:8080/annonces/SVAIP/10010186/SVAIPP10010186F5.wav\""/></prompt></play></request></MediaServerControl>"", ""call_flow_type"" : ""EARLY_MEDIA_AND_RELEASE"", ""header_list"" : []}"
33449,SVAIPP10016171F2,"{""id"" : 33449, ""name"" : ""SVAIPP10016171F2"", ""vpn_id"" : 10016171, ""technical_type"" : ""PERSONALIZED_GREETING"", ""max_duration"" : null, ""release_cause"" : 21, ""network_sip_code"" : 603, ""mscml_user_part"" : ""0943101510016171"", ""mscml_body_content"" : ""<?xml version=\""1.0\"" encoding=\""utf-8\""?><MediaServerControl version=\""1.0\""><request><play><prompt repeat=\""2\""><audio url=\""http://prod-serveur-oms-ip.vente.francetelecom.fr:8080/annonces/SVAIP/silence.wav\""/><audio url=\""http://prod-serveur-oms-ip.vente.francetelecom.fr:8080/annonces/SVAIP/10016171/SVAIPP10016171F2.wav\""/></prompt></play></request></MediaServerControl>"", ""call_flow_type"" : ""EARLY_MEDIA_AND_RELEASE"", ""header_list"" : []}"
28062,SVAIPP10011302F2,"{""id"" : 28062, ""name"" : ""SVAIPP10011302F2"", ""vpn_id"" : 10011302, ""technical_type"" : ""PERSONALIZED_GREETING"", ""max_duration"" : null, ""release_cause"" : 21, ""network_sip_code"" : 603, ""mscml_user_part"" : ""0943101510011302"", ""mscml_body_content"" : ""<?xml version=\""1.0\"" encoding=\""utf-8\""?><MediaServerControl version=\""1.0\""><request><play><prompt repeat=\""2\""><audio url=\""http://prod-serveur-oms-ip.vente.francetelecom.fr:8080/annonces/SVAIP/silence.wav\""/><audio url=\""http://prod-serveur-oms-ip.vente.francetelecom.fr:8080/annonces/SVAIP/10011302/SVAIPP10011302F2.wav\""/></prompt></play></request></MediaServerControl>"", ""call_flow_type"" : ""EARLY_MEDIA_AND_RELEASE"", ""header_list"" : []}"
31082,SVAIPP10013717F2,"{""id"" : 31082, ""name"" : ""SVAIPP10013717F2"", ""vpn_id"" : 10013717, ""technical_type"" : ""PERSONALIZED_GREETING"", ""max_duration"" : null, ""release_cause"" : 21, ""network_sip_code"" : 603, ""mscml_user_part"" : ""0943101510013717"", ""mscml_body_content"" : ""<?xml version=\""1.0\"" encoding=\""utf-8\""?><MediaServerControl version=\""1.0\""><request><play><prompt repeat=\""2\""><audio url=\""http://prod-serveur-oms-ip.vente.francetelecom.fr:8080/annonces/SVAIP/silence.wav\""/><audio url=\""http://prod-serveur-oms-ip.vente.francetelecom.fr:8080/annonces/SVAIP/10013717/SVAIPP10013717F2.wav\""/></prompt></play></request></MediaServerControl>"", ""call_flow_type"" : ""EARLY_MEDIA_AND_RELEASE"", ""header_list"" : []}"
33461,SVAIPP10016325F19,"{""id"" : 33461, ""name"" : ""SVAIPP10016325F19"", ""vpn_id"" : 10016325, ""technical_type"" : ""PERSONALIZED_GREETING"", ""max_duration"" : null, ""release_cause"" : 21, ""network_sip_code"" : 603, ""mscml_user_part"" : ""0943101510016325"", ""mscml_body_content"" : ""<?xml version=\""1.0\"" encoding=\""utf-8\""?><MediaServerControl version=\""1.0\""><request><play><prompt repeat=\""2\""><audio url=\""http://prod-serveur-oms-ip.vente.francetelecom.fr:8080/annonces/SVAIP/silence.wav\""/><audio url=\""http://prod-serveur-oms-ip.vente.francetelecom.fr:8080/annonces/SVAIP/10016325/SVAIPP10016325F19.wav\""/></prompt></play></request></MediaServerControl>"", ""call_flow_type"" : ""EARLY_MEDIA_AND_RELEASE"", ""header_list"" : []}"
28102,SVAIPP10007039F1,"{""id"" : 28102, ""name"" : ""SVAIPP10007039F1"", ""vpn_id"" : 10007039, ""technical_type"" : ""PERSONALIZED_GREETING"", ""max_duration"" : null, ""release_cause"" : 21, ""network_sip_code"" : 603, ""mscml_user_part"" : ""0943101510007039"", ""mscml_body_content"" : ""<?xml version=\""1.0\"" encoding=\""utf-8\""?><MediaServerControl version=\""1.0\""><request><play><prompt repeat=\""2\""><audio url=\""http://prod-serveur-oms-ip.vente.francetelecom.fr:8080/annonces/SVAIP/silence.wav\""/><audio url=\""http://prod-serveur-oms-ip.vente.francetelecom.fr:8080/annonces/SVAIP/10007039/SVAIPP10007039F1.wav\""/></prompt></play></request></MediaServerControl>"", ""call_flow_type"" : ""EARLY_MEDIA_AND_RELEASE"", ""header_list"" : []}"
28103,SVAIPP10010186F7,"{""id"" : 28103, ""name"" : ""SVAIPP10010186F7"", ""vpn_id"" : 10010186, ""technical_type"" : ""PERSONALIZED_GREETING"", ""max_duration"" : null, ""release_cause"" : 21, ""network_sip_code"" : 603, ""mscml_user_part"" : ""0943101510010186"", ""mscml_body_content"" : ""<?xml version=\""1.0\"" encoding=\""utf-8\""?><MediaServerControl version=\""1.0\""><request><play><prompt repeat=\""2\""><audio url=\""http://prod-serveur-oms-ip.vente.francetelecom.fr:8080/annonces/SVAIP/silence.wav\""/><audio url=\""http://prod-serveur-oms-ip.vente.francetelecom.fr:8080/annonces/SVAIP/10010186/SVAIPP10010186F7.wav\""/></prompt></play></request></MediaServerControl>"", ""call_flow_type"" : ""EARLY_MEDIA_AND_RELEASE"", ""header_list"" : []}"
30702,SVAIPP10009294F1,"{""id"" : 30702, ""name"" : ""SVAIPP10009294F1"", ""vpn_id"" : 10009294, ""technical_type"" : ""PERSONALIZED_GREETING"", ""max_duration"" : null, ""release_cause"" : 21, ""network_sip_code"" : 603, ""mscml_user_part"" : ""0943101510009294"", ""mscml_body_content"" : ""<?xml version=\""1.0\"" encoding=\""utf-8\""?><MediaServerControl version=\""1.0\""><request><play><prompt repeat=\""2\""><audio url=\""http://prod-serveur-oms-ip.vente.francetelecom.fr:8080/annonces/SVAIP/silence.wav\""/><audio url=\""http://prod-serveur-oms-ip.vente.francetelecom.fr:8080/annonces/SVAIP/10009294/SVAIPP10009294F1.wav\""/></prompt></play></request></MediaServerControl>"", ""call_flow_type"" : ""EARLY_MEDIA_AND_RELEASE"", ""header_list"" : []}"
32761,SVAIPP10004861F13,"{""id"" : 32761, ""name"" : ""SVAIPP10004861F13"", ""vpn_id"" : 10004861, ""technical_type"" : ""PERSONALIZED_GREETING"", ""max_duration"" : null, ""release_cause"" : 21, ""network_sip_code"" : 603, ""mscml_user_part"" : ""0943101510004861"", ""mscml_body_content"" : ""<?xml version=\""1.0\"" encoding=\""utf-8\""?><MediaServerControl version=\""1.0\""><request><play><prompt repeat=\""2\""><audio url=\""http://prod-serveur-oms-ip.vente.francetelecom.fr:8080/annonces/SVAIP/silence.wav\""/><audio url=\""http://prod-serveur-oms-ip.vente.francetelecom.fr:8080/annonces/SVAIP/10004861/SVAIPP10004861F13.wav\""/></prompt></play></request></MediaServerControl>"", ""call_flow_type"" : ""EARLY_MEDIA_AND_RELEASE"", ""header_list"" : []}"
28982,SVAIPP10007372F1,"{""id"" : 28982, ""name"" : ""SVAIPP10007372F1"", ""vpn_id"" : 10007372, ""technical_type"" : ""PERSONALIZED_GREETING"", ""max_duration"" : null, ""release_cause"" : 21, ""network_sip_code"" : 603, ""mscml_user_part"" : ""0943101510007372"", ""mscml_body_content"" : ""<?xml version=\""1.0\"" encoding=\""utf-8\""?><MediaServerControl version=\""1.0\""><request><play><prompt repeat=\""2\""><audio url=\""http://prod-serveur-oms-ip.vente.francetelecom.fr:8080/annonces/SVAIP/silence.wav\""/><audio url=\""http://prod-serveur-oms-ip.vente.francetelecom.fr:8080/annonces/SVAIP/10007372/SVAIPP10007372F1.wav\""/></prompt></play></request></MediaServerControl>"", ""call_flow_type"" : ""EARLY_MEDIA_AND_RELEASE"", ""header_list"" : []}"
28161,SVAIPP10011305F3,"{""id"" : 28161, ""name"" : ""SVAIPP10011305F3"", ""vpn_id"" : 10011305, ""technical_type"" : ""PERSONALIZED_GREETING"", ""max_duration"" : null, ""release_cause"" : 21, ""network_sip_code"" : 603, ""mscml_user_part"" : ""0943101510011305"", ""mscml_body_content"" : ""<?xml version=\""1.0\"" encoding=\""utf-8\""?><MediaServerControl version=\""1.0\""><request><play><prompt repeat=\""2\""><audio url=\""http://prod-serveur-oms-ip.vente.francetelecom.fr:8080/annonces/SVAIP/silence.wav\""/><audio url=\""http://prod-serveur-oms-ip.vente.francetelecom.fr:8080/annonces/SVAIP/10011305/SVAIPP10011305F3.wav\""/></prompt></play></request></MediaServerControl>"", ""call_flow_type"" : ""EARLY_MEDIA_AND_RELEASE"", ""header_list"" : []}"
28362,SVAIPP10008919F2,"{""id"" : 28362, ""name"" : ""SVAIPP10008919F2"", ""vpn_id"" : 10008919, ""technical_type"" : ""PERSONALIZED_GREETING"", ""max_duration"" : null, ""release_cause"" : 21, ""network_sip_code"" : 603, ""mscml_user_part"" : ""0943101510008919"", ""mscml_body_content"" : ""<?xml version=\""1.0\"" encoding=\""utf-8\""?><MediaServerControl version=\""1.0\""><request><play><prompt repeat=\""2\""><audio url=\""http://prod-serveur-oms-ip.vente.francetelecom.fr:8080/annonces/SVAIP/silence.wav\""/><audio url=\""http://prod-serveur-oms-ip.vente.francetelecom.fr:8080/annonces/SVAIP/10008919/SVAIPP10008919F2.wav\""/></prompt></play></request></MediaServerControl>"", ""call_flow_type"" : ""EARLY_MEDIA_AND_RELEASE"", ""header_list"" : []}"
28364,SVAIPP10008919F4,"{""id"" : 28364, ""name"" : ""SVAIPP10008919F4"", ""vpn_id"" : 10008919, ""technical_type"" : ""PERSONALIZED_GREETING"", ""max_duration"" : null, ""release_cause"" : 21, ""network_sip_code"" : 603, ""mscml_user_part"" : ""0943101510008919"", ""mscml_body_content"" : ""<?xml version=\""1.0\"" encoding=\""utf-8\""?><MediaServerControl version=\""1.0\""><request><play><prompt repeat=\""2\""><audio url=\""http://prod-serveur-oms-ip.vente.francetelecom.fr:8080/annonces/SVAIP/silence.wav\""/><audio url=\""http://prod-serveur-oms-ip.vente.francetelecom.fr:8080/annonces/SVAIP/10008919/SVAIPP10008919F4.wav\""/></prompt></play></request></MediaServerControl>"", ""call_flow_type"" : ""EARLY_MEDIA_AND_RELEASE"", ""header_list"" : []}"
31141,SVAIPP10016560F2,"{""id"" : 31141, ""name"" : ""SVAIPP10016560F2"", ""vpn_id"" : 10016560, ""technical_type"" : ""PERSONALIZED_GREETING"", ""max_duration"" : null, ""release_cause"" : 21, ""network_sip_code"" : 603, ""mscml_user_part"" : ""0943101510016560"", ""mscml_body_content"" : ""<?xml version=\""1.0\"" encoding=\""utf-8\""?><MediaServerControl version=\""1.0\""><request><play><prompt repeat=\""2\""><audio url=\""http://prod-serveur-oms-ip.vente.francetelecom.fr:8080/annonces/SVAIP/silence.wav\""/><audio url=\""http://prod-serveur-oms-ip.vente.francetelecom.fr:8080/annonces/SVAIP/10016560/SVAIPP10016560F2.wav\""/></prompt></play></request></MediaServerControl>"", ""call_flow_type"" : ""EARLY_MEDIA_AND_RELEASE"", ""header_list"" : []}"
31142,SVAIPP10016560F3,"{""id"" : 31142, ""name"" : ""SVAIPP10016560F3"", ""vpn_id"" : 10016560, ""technical_type"" : ""PERSONALIZED_GREETING"", ""max_duration"" : null, ""release_cause"" : 21, ""network_sip_code"" : 603, ""mscml_user_part"" : ""0943101510016560"", ""mscml_body_content"" : ""<?xml version=\""1.0\"" encoding=\""utf-8\""?><MediaServerControl version=\""1.0\""><request><play><prompt repeat=\""2\""><audio url=\""http://prod-serveur-oms-ip.vente.francetelecom.fr:8080/annonces/SVAIP/silence.wav\""/><audio url=\""http://prod-serveur-oms-ip.vente.francetelecom.fr:8080/annonces/SVAIP/10016560/SVAIPP10016560F3.wav\""/></prompt></play></request></MediaServerControl>"", ""call_flow_type"" : ""EARLY_MEDIA_AND_RELEASE"", ""header_list"" : []}"
28402,SVAIPP10010153D040P2,"{""id"" : 28402, ""name"" : ""SVAIPP10010153D040P2"", ""vpn_id"" : 10010153, ""technical_type"" : ""PERSONALIZED_MGIT"", ""max_duration"" : null, ""release_cause"" : 0, ""network_sip_code"" : 0, ""mscml_user_part"" : ""0943101110010153"", ""mscml_body_content"" : ""<?xml version=\""1.0\"" encoding=\""utf-8\""?><MediaServerControl version=\""1.0\""><request><playcollect maxdigits=\""1\"" barge=\""yes\"" extradigittimer=\""immediate\"" firstdigittimer=\""immediate\""><prompt><audio url=\""http://prod-serveur-oms-ip.vente.francetelecom.fr:8080/annonces/SVAIP/silence.wav\""/><audio url=\""http://prod-serveur-oms-ip.vente.francetelecom.fr:8080/annonces/SVAIP/10010153/SVAIPP10010153D040P2.wav\""/></prompt></playcollect></request></MediaServerControl>"", ""call_flow_type"" : ""EARLY_MEDIA_AND_RELEASE"", ""header_list"" : []}"
28441,SVAIPP10003860F18,"{""id"" : 28441, ""name"" : ""SVAIPP10003860F18"", ""vpn_id"" : 10003860, ""technical_type"" : ""PERSONALIZED_GREETING"", ""max_duration"" : null, ""release_cause"" : 21, ""network_sip_code"" : 603, ""mscml_user_part"" : ""0943101510003860"", ""mscml_body_content"" : ""<?xml version=\""1.0\"" encoding=\""utf-8\""?><MediaServerControl version=\""1.0\""><request><play><prompt repeat=\""2\""><audio url=\""http://prod-serveur-oms-ip.vente.francetelecom.fr:8080/annonces/SVAIP/silence.wav\""/><audio url=\""http://prod-serveur-oms-ip.vente.francetelecom.fr:8080/annonces/SVAIP/10003860/SVAIPP10003860F18.wav\""/></prompt></play></request></MediaServerControl>"", ""call_flow_type"" : ""EARLY_MEDIA_AND_RELEASE"", ""header_list"" : []}"
28361,SVAIPP10008919F1,"{""id"" : 28361, ""name"" : ""SVAIPP10008919F1"", ""vpn_id"" : 10008919, ""technical_type"" : ""PERSONALIZED_GREETING"", ""max_duration"" : null, ""release_cause"" : 21, ""network_sip_code"" : 603, ""mscml_user_part"" : ""0943101510008919"", ""mscml_body_content"" : ""<?xml version=\""1.0\"" encoding=\""utf-8\""?><MediaServerControl version=\""1.0\""><request><play><prompt repeat=\""2\""><audio url=\""http://prod-serveur-oms-ip.vente.francetelecom.fr:8080/annonces/SVAIP/silence.wav\""/><audio url=\""http://prod-serveur-oms-ip.vente.francetelecom.fr:8080/annonces/SVAIP/10008919/SVAIPP10008919F1.wav\""/></prompt></play></request></MediaServerControl>"", ""call_flow_type"" : ""EARLY_MEDIA_AND_RELEASE"", ""header_list"" : []}"
28363,SVAIPP10008919F3,"{""id"" : 28363, ""name"" : ""SVAIPP10008919F3"", ""vpn_id"" : 10008919, ""technical_type"" : ""PERSONALIZED_GREETING"", ""max_duration"" : null, ""release_cause"" : 21, ""network_sip_code"" : 603, ""mscml_user_part"" : ""0943101510008919"", ""mscml_body_content"" : ""<?xml version=\""1.0\"" encoding=\""utf-8\""?><MediaServerControl version=\""1.0\""><request><play><prompt repeat=\""2\""><audio url=\""http://prod-serveur-oms-ip.vente.francetelecom.fr:8080/annonces/SVAIP/silence.wav\""/><audio url=\""http://prod-serveur-oms-ip.vente.francetelecom.fr:8080/annonces/SVAIP/10008919/SVAIPP10008919F3.wav\""/></prompt></play></request></MediaServerControl>"", ""call_flow_type"" : ""EARLY_MEDIA_AND_RELEASE"", ""header_list"" : []}"
28165,SVAIPP10010186A005N8,"{""id"" : 28165, ""name"" : ""SVAIPP10010186A005N8"", ""vpn_id"" : 10010186, ""technical_type"" : ""PERSONALIZED_MGIT"", ""max_duration"" : null, ""release_cause"" : 0, ""network_sip_code"" : 0, ""mscml_user_part"" : ""0943101110010186"", ""mscml_body_content"" : ""<?xml version=\""1.0\"" encoding=\""utf-8\""?><MediaServerControl version=\""1.0\""><request><playcollect maxdigits=\""1\"" barge=\""yes\"" extradigittimer=\""immediate\"" firstdigittimer=\""immediate\""><prompt><audio url=\""http://prod-serveur-oms-ip.vente.francetelecom.fr:8080/annonces/SVAIP/silence.wav\""/><audio url=\""http://prod-serveur-oms-ip.vente.francetelecom.fr:8080/annonces/SVAIP/10010186/SVAIPP10010186A005N8.wav\""/></prompt></playcollect></request></MediaServerControl>"", ""call_flow_type"" : ""EARLY_MEDIA_AND_RELEASE"", ""header_list"" : []}"
28242,SVAIPP10011720F2,"{""id"" : 28242, ""name"" : ""SVAIPP10011720F2"", ""vpn_id"" : 10011720, ""technical_type"" : ""PERSONALIZED_GREETING"", ""max_duration"" : null, ""release_cause"" : 21, ""network_sip_code"" : 603, ""mscml_user_part"" : ""0943101510011720"", ""mscml_body_content"" : ""<?xml version=\""1.0\"" encoding=\""utf-8\""?><MediaServerControl version=\""1.0\""><request><play><prompt repeat=\""2\""><audio url=\""http://prod-serveur-oms-ip.vente.francetelecom.fr:8080/annonces/SVAIP/silence.wav\""/><audio url=\""http://prod-serveur-oms-ip.vente.francetelecom.fr:8080/annonces/SVAIP/10011720/SVAIPP10011720F2.wav\""/></prompt></play></request></MediaServerControl>"", ""call_flow_type"" : ""EARLY_MEDIA_AND_RELEASE"", ""header_list"" : []}"
28261,SVAIPP10010197F4,"{""id"" : 28261, ""name"" : ""SVAIPP10010197F4"", ""vpn_id"" : 10010197, ""technical_type"" : ""PERSONALIZED_GREETING"", ""max_duration"" : null, ""release_cause"" : 21, ""network_sip_code"" : 603, ""mscml_user_part"" : ""0943101510010197"", ""mscml_body_content"" : ""<?xml version=\""1.0\"" encoding=\""utf-8\""?><MediaServerControl version=\""1.0\""><request><play><prompt repeat=\""2\""><audio url=\""http://prod-serveur-oms-ip.vente.francetelecom.fr:8080/annonces/SVAIP/silence.wav\""/><audio url=\""http://prod-serveur-oms-ip.vente.francetelecom.fr:8080/annonces/SVAIP/10010197/SVAIPP10010197F4.wav\""/></prompt></play></request></MediaServerControl>"", ""call_flow_type"" : ""EARLY_MEDIA_AND_RELEASE"", ""header_list"" : []}"
30304,SVAIPP10017913F1,"{""id"" : 30304, ""name"" : ""SVAIPP10017913F1"", ""vpn_id"" : 10017913, ""technical_type"" : ""PERSONALIZED_GREETING"", ""max_duration"" : null, ""release_cause"" : 21, ""network_sip_code"" : 603, ""mscml_user_part"" : ""0943101510017913"", ""mscml_body_content"" : ""<?xml version=\""1.0\"" encoding=\""utf-8\""?><MediaServerControl version=\""1.0\""><request><play><prompt repeat=\""2\""><audio url=\""http://prod-serveur-oms-ip.vente.francetelecom.fr:8080/annonces/SVAIP/silence.wav\""/><audio url=\""http://prod-serveur-oms-ip.vente.francetelecom.fr:8080/annonces/SVAIP/10017913/SVAIPP10017913F1.wav\""/></prompt></play></request></MediaServerControl>"", ""call_flow_type"" : ""EARLY_MEDIA_AND_RELEASE"", ""header_list"" : []}"
29744,SVAIPP10016839F3,"{""id"" : 29744, ""name"" : ""SVAIPP10016839F3"", ""vpn_id"" : 10016839, ""technical_type"" : ""PERSONALIZED_GREETING"", ""max_duration"" : null, ""release_cause"" : 21, ""network_sip_code"" : 603, ""mscml_user_part"" : ""0943101510016839"", ""mscml_body_content"" : ""<?xml version=\""1.0\"" encoding=\""utf-8\""?><MediaServerControl version=\""1.0\""><request><play><prompt repeat=\""2\""><audio url=\""http://prod-serveur-oms-ip.vente.francetelecom.fr:8080/annonces/SVAIP/silence.wav\""/><audio url=\""http://prod-serveur-oms-ip.vente.francetelecom.fr:8080/annonces/SVAIP/10016839/SVAIPP10016839F3.wav\""/></prompt></play></request></MediaServerControl>"", ""call_flow_type"" : ""EARLY_MEDIA_AND_RELEASE"", ""header_list"" : []}"
31121,SVAIPP10003900F2,"{""id"" : 31121, ""name"" : ""SVAIPP10003900F2"", ""vpn_id"" : 10003900, ""technical_type"" : ""PERSONALIZED_GREETING"", ""max_duration"" : null, ""release_cause"" : 21, ""network_sip_code"" : 603, ""mscml_user_part"" : ""0943101510003900"", ""mscml_body_content"" : ""<?xml version=\""1.0\"" encoding=\""utf-8\""?><MediaServerControl version=\""1.0\""><request><play><prompt repeat=\""2\""><audio url=\""http://prod-serveur-oms-ip.vente.francetelecom.fr:8080/annonces/SVAIP/silence.wav\""/><audio url=\""http://prod-serveur-oms-ip.vente.francetelecom.fr:8080/annonces/SVAIP/10003900/SVAIPP10003900F2.wav\""/></prompt></play></request></MediaServerControl>"", ""call_flow_type"" : ""EARLY_MEDIA_AND_RELEASE"", ""header_list"" : []}"
32843,SVAIPP10017503F7,"{""id"" : 32843, ""name"" : ""SVAIPP10017503F7"", ""vpn_id"" : 10017503, ""technical_type"" : ""PERSONALIZED_GREETING"", ""max_duration"" : null, ""release_cause"" : 21, ""network_sip_code"" : 603, ""mscml_user_part"" : ""0943101510017503"", ""mscml_body_content"" : ""<?xml version=\""1.0\"" encoding=\""utf-8\""?><MediaServerControl version=\""1.0\""><request><play><prompt repeat=\""2\""><audio url=\""http://prod-serveur-oms-ip.vente.francetelecom.fr:8080/annonces/SVAIP/silence.wav\""/><audio url=\""http://prod-serveur-oms-ip.vente.francetelecom.fr:8080/annonces/SVAIP/10017503/SVAIPP10017503F7.wav\""/></prompt></play></request></MediaServerControl>"", ""call_flow_type"" : ""EARLY_MEDIA_AND_RELEASE"", ""header_list"" : []}"
29929,SVAIPP10017310F1,"{""id"" : 29929, ""name"" : ""SVAIPP10017310F1"", ""vpn_id"" : 10017310, ""technical_type"" : ""PERSONALIZED_GREETING"", ""max_duration"" : null, ""release_cause"" : 21, ""network_sip_code"" : 603, ""mscml_user_part"" : ""0943101510017310"", ""mscml_body_content"" : ""<?xml version=\""1.0\"" encoding=\""utf-8\""?><MediaServerControl version=\""1.0\""><request><play><prompt repeat=\""2\""><audio url=\""http://prod-serveur-oms-ip.vente.francetelecom.fr:8080/annonces/SVAIP/silence.wav\""/><audio url=\""http://prod-serveur-oms-ip.vente.francetelecom.fr:8080/annonces/SVAIP/10017310/SVAIPP10017310F1.wav\""/></prompt></play></request></MediaServerControl>"", ""call_flow_type"" : ""EARLY_MEDIA_AND_RELEASE"", ""header_list"" : []}"
28281,SVAIPP10008318F1,"{""id"" : 28281, ""name"" : ""SVAIPP10008318F1"", ""vpn_id"" : 10008318, ""technical_type"" : ""PERSONALIZED_GREETING"", ""max_duration"" : null, ""release_cause"" : 21, ""network_sip_code"" : 603, ""mscml_user_part"" : ""0943101510008318"", ""mscml_body_content"" : ""<?xml version=\""1.0\"" encoding=\""utf-8\""?><MediaServerControl version=\""1.0\""><request><play><prompt repeat=\""2\""><audio url=\""http://prod-serveur-oms-ip.vente.francetelecom.fr:8080/annonces/SVAIP/silence.wav\""/><audio url=\""http://prod-serveur-oms-ip.vente.francetelecom.fr:8080/annonces/SVAIP/10008318/SVAIPP10008318F1.wav\""/></prompt></play></request></MediaServerControl>"", ""call_flow_type"" : ""EARLY_MEDIA_AND_RELEASE"", ""header_list"" : []}"
28301,SVAIPP10008287F1,"{""id"" : 28301, ""name"" : ""SVAIPP10008287F1"", ""vpn_id"" : 10008287, ""technical_type"" : ""PERSONALIZED_GREETING"", ""max_duration"" : null, ""release_cause"" : 21, ""network_sip_code"" : 603, ""mscml_user_part"" : ""0943101510008287"", ""mscml_body_content"" : ""<?xml version=\""1.0\"" encoding=\""utf-8\""?><MediaServerControl version=\""1.0\""><request><play><prompt repeat=\""2\""><audio url=\""http://prod-serveur-oms-ip.vente.francetelecom.fr:8080/annonces/SVAIP/silence.wav\""/><audio url=\""http://prod-serveur-oms-ip.vente.francetelecom.fr:8080/annonces/SVAIP/10008287/SVAIPP10008287F1.wav\""/></prompt></play></request></MediaServerControl>"", ""call_flow_type"" : ""EARLY_MEDIA_AND_RELEASE"", ""header_list"" : []}"
30386,SVAIPP10014852F11,"{""id"" : 30386, ""name"" : ""SVAIPP10014852F11"", ""vpn_id"" : 10014852, ""technical_type"" : ""PERSONALIZED_GREETING"", ""max_duration"" : null, ""release_cause"" : 21, ""network_sip_code"" : 603, ""mscml_user_part"" : ""0943101510014852"", ""mscml_body_content"" : ""<?xml version=\""1.0\"" encoding=\""utf-8\""?><MediaServerControl version=\""1.0\""><request><play><prompt repeat=\""2\""><audio url=\""http://prod-serveur-oms-ip.vente.francetelecom.fr:8080/annonces/SVAIP/silence.wav\""/><audio url=\""http://prod-serveur-oms-ip.vente.francetelecom.fr:8080/annonces/SVAIP/10014852/SVAIPP10014852F11.wav\""/></prompt></play></request></MediaServerControl>"", ""call_flow_type"" : ""EARLY_MEDIA_AND_RELEASE"", ""header_list"" : []}"
29741,SVAIPP10003737F2,"{""id"" : 29741, ""name"" : ""SVAIPP10003737F2"", ""vpn_id"" : 10003737, ""technical_type"" : ""PERSONALIZED_GREETING"", ""max_duration"" : null, ""release_cause"" : 21, ""network_sip_code"" : 603, ""mscml_user_part"" : ""0943101510003737"", ""mscml_body_content"" : ""<?xml version=\""1.0\"" encoding=\""utf-8\""?><MediaServerControl version=\""1.0\""><request><play><prompt repeat=\""2\""><audio url=\""http://prod-serveur-oms-ip.vente.francetelecom.fr:8080/annonces/SVAIP/silence.wav\""/><audio url=\""http://prod-serveur-oms-ip.vente.francetelecom.fr:8080/annonces/SVAIP/10003737/SVAIPP10003737F2.wav\""/></prompt></play></request></MediaServerControl>"", ""call_flow_type"" : ""EARLY_MEDIA_AND_RELEASE"", ""header_list"" : []}"
28183,SVAIPP10010331F2,"{""id"" : 28183, ""name"" : ""SVAIPP10010331F2"", ""vpn_id"" : 10010331, ""technical_type"" : ""PERSONALIZED_GREETING"", ""max_duration"" : null, ""release_cause"" : 21, ""network_sip_code"" : 603, ""mscml_user_part"" : ""0943101510010331"", ""mscml_body_content"" : ""<?xml version=\""1.0\"" encoding=\""utf-8\""?><MediaServerControl version=\""1.0\""><request><play><prompt repeat=\""2\""><audio url=\""http://prod-serveur-oms-ip.vente.francetelecom.fr:8080/annonces/SVAIP/silence.wav\""/><audio url=\""http://prod-serveur-oms-ip.vente.francetelecom.fr:8080/annonces/SVAIP/10010331/SVAIPP10010331F2.wav\""/></prompt></play></request></MediaServerControl>"", ""call_flow_type"" : ""EARLY_MEDIA_AND_RELEASE"", ""header_list"" : []}"
28986,SVAIPP10007372F5,"{""id"" : 28986, ""name"" : ""SVAIPP10007372F5"", ""vpn_id"" : 10007372, ""technical_type"" : ""PERSONALIZED_GREETING"", ""max_duration"" : null, ""release_cause"" : 21, ""network_sip_code"" : 603, ""mscml_user_part"" : ""0943101510007372"", ""mscml_body_content"" : ""<?xml version=\""1.0\"" encoding=\""utf-8\""?><MediaServerControl version=\""1.0\""><request><play><prompt repeat=\""2\""><audio url=\""http://prod-serveur-oms-ip.vente.francetelecom.fr:8080/annonces/SVAIP/silence.wav\""/><audio url=\""http://prod-serveur-oms-ip.vente.francetelecom.fr:8080/annonces/SVAIP/10007372/SVAIPP10007372F5.wav\""/></prompt></play></request></MediaServerControl>"", ""call_flow_type"" : ""EARLY_MEDIA_AND_RELEASE"", ""header_list"" : []}"
28984,SVAIPP10007372F3,"{""id"" : 28984, ""name"" : ""SVAIPP10007372F3"", ""vpn_id"" : 10007372, ""technical_type"" : ""PERSONALIZED_GREETING"", ""max_duration"" : null, ""release_cause"" : 21, ""network_sip_code"" : 603, ""mscml_user_part"" : ""0943101510007372"", ""mscml_body_content"" : ""<?xml version=\""1.0\"" encoding=\""utf-8\""?><MediaServerControl version=\""1.0\""><request><play><prompt repeat=\""2\""><audio url=\""http://prod-serveur-oms-ip.vente.francetelecom.fr:8080/annonces/SVAIP/silence.wav\""/><audio url=\""http://prod-serveur-oms-ip.vente.francetelecom.fr:8080/annonces/SVAIP/10007372/SVAIPP10007372F3.wav\""/></prompt></play></request></MediaServerControl>"", ""call_flow_type"" : ""EARLY_MEDIA_AND_RELEASE"", ""header_list"" : []}"
28243,SVAIPP10011720F3,"{""id"" : 28243, ""name"" : ""SVAIPP10011720F3"", ""vpn_id"" : 10011720, ""technical_type"" : ""PERSONALIZED_GREETING"", ""max_duration"" : null, ""release_cause"" : 21, ""network_sip_code"" : 603, ""mscml_user_part"" : ""0943101510011720"", ""mscml_body_content"" : ""<?xml version=\""1.0\"" encoding=\""utf-8\""?><MediaServerControl version=\""1.0\""><request><play><prompt repeat=\""2\""><audio url=\""http://prod-serveur-oms-ip.vente.francetelecom.fr:8080/annonces/SVAIP/silence.wav\""/><audio url=\""http://prod-serveur-oms-ip.vente.francetelecom.fr:8080/annonces/SVAIP/10011720/SVAIPP10011720F3.wav\""/></prompt></play></request></MediaServerControl>"", ""call_flow_type"" : ""EARLY_MEDIA_AND_RELEASE"", ""header_list"" : []}"
28241,SVAIPP10011720F1,"{""id"" : 28241, ""name"" : ""SVAIPP10011720F1"", ""vpn_id"" : 10011720, ""technical_type"" : ""PERSONALIZED_GREETING"", ""max_duration"" : null, ""release_cause"" : 21, ""network_sip_code"" : 603, ""mscml_user_part"" : ""0943101510011720"", ""mscml_body_content"" : ""<?xml version=\""1.0\"" encoding=\""utf-8\""?><MediaServerControl version=\""1.0\""><request><play><prompt repeat=\""2\""><audio url=\""http://prod-serveur-oms-ip.vente.francetelecom.fr:8080/annonces/SVAIP/silence.wav\""/><audio url=\""http://prod-serveur-oms-ip.vente.francetelecom.fr:8080/annonces/SVAIP/10011720/SVAIPP10011720F1.wav\""/></prompt></play></request></MediaServerControl>"", ""call_flow_type"" : ""EARLY_MEDIA_AND_RELEASE"", ""header_list"" : []}"
28309,SVAIPP10003728D012N50,"{""id"" : 28309, ""name"" : ""SVAIPP10003728D012N50"", ""vpn_id"" : 10003728, ""technical_type"" : ""PERSONALIZED_MGIT"", ""max_duration"" : null, ""release_cause"" : 0, ""network_sip_code"" : 0, ""mscml_user_part"" : ""0943101110003728"", ""mscml_body_content"" : ""<?xml version=\""1.0\"" encoding=\""utf-8\""?><MediaServerControl version=\""1.0\""><request><playcollect maxdigits=\""1\"" barge=\""yes\"" extradigittimer=\""immediate\"" firstdigittimer=\""immediate\""><prompt><audio url=\""http://prod-serveur-oms-ip.vente.francetelecom.fr:8080/annonces/SVAIP/silence.wav\""/><audio url=\""http://prod-serveur-oms-ip.vente.francetelecom.fr:8080/annonces/SVAIP/10003728/SVAIPP10003728D012N50.wav\""/></prompt></playcollect></request></MediaServerControl>"", ""call_flow_type"" : ""EARLY_MEDIA_AND_RELEASE"", ""header_list"" : []}"
28311,SVAIPP10003728D012P52,"{""id"" : 28311, ""name"" : ""SVAIPP10003728D012P52"", ""vpn_id"" : 10003728, ""technical_type"" : ""PERSONALIZED_MGIT"", ""max_duration"" : null, ""release_cause"" : 0, ""network_sip_code"" : 0, ""mscml_user_part"" : ""0943101110003728"", ""mscml_body_content"" : ""<?xml version=\""1.0\"" encoding=\""utf-8\""?><MediaServerControl version=\""1.0\""><request><playcollect maxdigits=\""1\"" barge=\""yes\"" extradigittimer=\""immediate\"" firstdigittimer=\""immediate\""><prompt><audio url=\""http://prod-serveur-oms-ip.vente.francetelecom.fr:8080/annonces/SVAIP/silence.wav\""/><audio url=\""http://prod-serveur-oms-ip.vente.francetelecom.fr:8080/annonces/SVAIP/10003728/SVAIPP10003728D012P52.wav\""/></prompt></playcollect></request></MediaServerControl>"", ""call_flow_type"" : ""EARLY_MEDIA_AND_RELEASE"", ""header_list"" : []}"
28321,SVAIPP10010197F6,"{""id"" : 28321, ""name"" : ""SVAIPP10010197F6"", ""vpn_id"" : 10010197, ""technical_type"" : ""PERSONALIZED_GREETING"", ""max_duration"" : null, ""release_cause"" : 21, ""network_sip_code"" : 603, ""mscml_user_part"" : ""0943101510010197"", ""mscml_body_content"" : ""<?xml version=\""1.0\"" encoding=\""utf-8\""?><MediaServerControl version=\""1.0\""><request><play><prompt repeat=\""2\""><audio url=\""http://prod-serveur-oms-ip.vente.francetelecom.fr:8080/annonces/SVAIP/silence.wav\""/><audio url=\""http://prod-serveur-oms-ip.vente.francetelecom.fr:8080/annonces/SVAIP/10010197/SVAIPP10010197F6.wav\""/></prompt></play></request></MediaServerControl>"", ""call_flow_type"" : ""EARLY_MEDIA_AND_RELEASE"", ""header_list"" : []}"
28341,SVAIPP10004553F1,"{""id"" : 28341, ""name"" : ""SVAIPP10004553F1"", ""vpn_id"" : 10004553, ""technical_type"" : ""PERSONALIZED_GREETING"", ""max_duration"" : null, ""release_cause"" : 21, ""network_sip_code"" : 603, ""mscml_user_part"" : ""0943101510004553"", ""mscml_body_content"" : ""<?xml version=\""1.0\"" encoding=\""utf-8\""?><MediaServerControl version=\""1.0\""><request><play><prompt repeat=\""2\""><audio url=\""http://prod-serveur-oms-ip.vente.francetelecom.fr:8080/annonces/SVAIP/silence.wav\""/><audio url=\""http://prod-serveur-oms-ip.vente.francetelecom.fr:8080/annonces/SVAIP/10004553/SVAIPP10004553F1.wav\""/></prompt></play></request></MediaServerControl>"", ""call_flow_type"" : ""EARLY_MEDIA_AND_RELEASE"", ""header_list"" : []}"
28342,SVAIPP10004553F2,"{""id"" : 28342, ""name"" : ""SVAIPP10004553F2"", ""vpn_id"" : 10004553, ""technical_type"" : ""PERSONALIZED_GREETING"", ""max_duration"" : null, ""release_cause"" : 21, ""network_sip_code"" : 603, ""mscml_user_part"" : ""0943101510004553"", ""mscml_body_content"" : ""<?xml version=\""1.0\"" encoding=\""utf-8\""?><MediaServerControl version=\""1.0\""><request><play><prompt repeat=\""2\""><audio url=\""http://prod-serveur-oms-ip.vente.francetelecom.fr:8080/annonces/SVAIP/silence.wav\""/><audio url=\""http://prod-serveur-oms-ip.vente.francetelecom.fr:8080/annonces/SVAIP/10004553/SVAIPP10004553F2.wav\""/></prompt></play></request></MediaServerControl>"", ""call_flow_type"" : ""EARLY_MEDIA_AND_RELEASE"", ""header_list"" : []}"
28567,SVAIPP10002184F3,"{""id"" : 28567, ""name"" : ""SVAIPP10002184F3"", ""vpn_id"" : 10002184, ""technical_type"" : ""PERSONALIZED_GREETING"", ""max_duration"" : null, ""release_cause"" : 21, ""network_sip_code"" : 603, ""mscml_user_part"" : ""0943101510002184"", ""mscml_body_content"" : ""<?xml version=\""1.0\"" encoding=\""utf-8\""?><MediaServerControl version=\""1.0\""><request><play><prompt repeat=\""2\""><audio url=\""http://prod-serveur-oms-ip.vente.francetelecom.fr:8080/annonces/SVAIP/silence.wav\""/><audio url=\""http://prod-serveur-oms-ip.vente.francetelecom.fr:8080/annonces/SVAIP/10002184/SVAIPP10002184F3.wav\""/></prompt></play></request></MediaServerControl>"", ""call_flow_type"" : ""EARLY_MEDIA_AND_RELEASE"", ""header_list"" : []}"
28622,SVAIPP10013945A299P2,"{""id"" : 28622, ""name"" : ""SVAIPP10013945A299P2"", ""vpn_id"" : 10013945, ""technical_type"" : ""PERSONALIZED_MGIT"", ""max_duration"" : null, ""release_cause"" : 0, ""network_sip_code"" : 0, ""mscml_user_part"" : ""0943101110013945"", ""mscml_body_content"" : ""<?xml version=\""1.0\"" encoding=\""utf-8\""?><MediaServerControl version=\""1.0\""><request><playcollect maxdigits=\""1\"" barge=\""yes\"" extradigittimer=\""immediate\"" firstdigittimer=\""immediate\""><prompt><audio url=\""http://prod-serveur-oms-ip.vente.francetelecom.fr:8080/annonces/SVAIP/silence.wav\""/><audio url=\""http://prod-serveur-oms-ip.vente.francetelecom.fr:8080/annonces/SVAIP/10013945/SVAIPP10013945A299P2.wav\""/></prompt></playcollect></request></MediaServerControl>"", ""call_flow_type"" : ""EARLY_MEDIA_AND_RELEASE"", ""header_list"" : []}"
34342,SVAIPP10014088F1,"{""id"" : 34342, ""name"" : ""SVAIPP10014088F1"", ""vpn_id"" : 10014088, ""technical_type"" : ""PERSONALIZED_GREETING"", ""max_duration"" : null, ""release_cause"" : 21, ""network_sip_code"" : 603, ""mscml_user_part"" : ""0943101510014088"", ""mscml_body_content"" : ""<?xml version=\""1.0\"" encoding=\""utf-8\""?><MediaServerControl version=\""1.0\""><request><play><prompt repeat=\""2\""><audio url=\""http://prod-serveur-oms-ip.vente.francetelecom.fr:8080/annonces/SVAIP/silence.wav\""/><audio url=\""http://prod-serveur-oms-ip.vente.francetelecom.fr:8080/annonces/SVAIP/10014088/SVAIPP10014088F1.wav\""/></prompt></play></request></MediaServerControl>"", ""call_flow_type"" : ""EARLY_MEDIA_AND_RELEASE"", ""header_list"" : []}"
28661,SVAIPP10010153F3,"{""id"" : 28661, ""name"" : ""SVAIPP10010153F3"", ""vpn_id"" : 10010153, ""technical_type"" : ""PERSONALIZED_GREETING"", ""max_duration"" : null, ""release_cause"" : 21, ""network_sip_code"" : 603, ""mscml_user_part"" : ""0943101510010153"", ""mscml_body_content"" : ""<?xml version=\""1.0\"" encoding=\""utf-8\""?><MediaServerControl version=\""1.0\""><request><play><prompt repeat=\""2\""><audio url=\""http://prod-serveur-oms-ip.vente.francetelecom.fr:8080/annonces/SVAIP/silence.wav\""/><audio url=\""http://prod-serveur-oms-ip.vente.francetelecom.fr:8080/annonces/SVAIP/10010153/SVAIPP10010153F3.wav\""/></prompt></play></request></MediaServerControl>"", ""call_flow_type"" : ""EARLY_MEDIA_AND_RELEASE"", ""header_list"" : []}"
28602,SVAIPP10004861F2,"{""id"" : 28602, ""name"" : ""SVAIPP10004861F2"", ""vpn_id"" : 10004861, ""technical_type"" : ""PERSONALIZED_GREETING"", ""max_duration"" : null, ""release_cause"" : 21, ""network_sip_code"" : 603, ""mscml_user_part"" : ""0943101510004861"", ""mscml_body_content"" : ""<?xml version=\""1.0\"" encoding=\""utf-8\""?><MediaServerControl version=\""1.0\""><request><play><prompt repeat=\""2\""><audio url=\""http://prod-serveur-oms-ip.vente.francetelecom.fr:8080/annonces/SVAIP/silence.wav\""/><audio url=\""http://prod-serveur-oms-ip.vente.francetelecom.fr:8080/annonces/SVAIP/10004861/SVAIPP10004861F2.wav\""/></prompt></play></request></MediaServerControl>"", ""call_flow_type"" : ""EARLY_MEDIA_AND_RELEASE"", ""header_list"" : []}"
28662,SVAIPP10010153D040P4,"{""id"" : 28662, ""name"" : ""SVAIPP10010153D040P4"", ""vpn_id"" : 10010153, ""technical_type"" : ""PERSONALIZED_MGIT"", ""max_duration"" : null, ""release_cause"" : 0, ""network_sip_code"" : 0, ""mscml_user_part"" : ""0943101110010153"", ""mscml_body_content"" : ""<?xml version=\""1.0\"" encoding=\""utf-8\""?><MediaServerControl version=\""1.0\""><request><playcollect maxdigits=\""1\"" barge=\""yes\"" extradigittimer=\""immediate\"" firstdigittimer=\""immediate\""><prompt><audio url=\""http://prod-serveur-oms-ip.vente.francetelecom.fr:8080/annonces/SVAIP/silence.wav\""/><audio url=\""http://prod-serveur-oms-ip.vente.francetelecom.fr:8080/annonces/SVAIP/10010153/SVAIPP10010153D040P4.wav\""/></prompt></playcollect></request></MediaServerControl>"", ""call_flow_type"" : ""EARLY_MEDIA_AND_RELEASE"", ""header_list"" : []}"
28481,SVAIPP10006075A005N1,"{""id"" : 28481, ""name"" : ""SVAIPP10006075A005N1"", ""vpn_id"" : 10006075, ""technical_type"" : ""PERSONALIZED_MGIT"", ""max_duration"" : null, ""release_cause"" : 0, ""network_sip_code"" : 0, ""mscml_user_part"" : ""0943101110006075"", ""mscml_body_content"" : ""<?xml version=\""1.0\"" encoding=\""utf-8\""?><MediaServerControl version=\""1.0\""><request><playcollect maxdigits=\""1\"" barge=\""yes\"" extradigittimer=\""immediate\"" firstdigittimer=\""immediate\""><prompt><audio url=\""http://prod-serveur-oms-ip.vente.francetelecom.fr:8080/annonces/SVAIP/silence.wav\""/><audio url=\""http://prod-serveur-oms-ip.vente.francetelecom.fr:8080/annonces/SVAIP/10006075/SVAIPP10006075A005N1.wav\""/></prompt></playcollect></request></MediaServerControl>"", ""call_flow_type"" : ""EARLY_MEDIA_AND_RELEASE"", ""header_list"" : []}"
28663,SVAIPP10014714F1,"{""id"" : 28663, ""name"" : ""SVAIPP10014714F1"", ""vpn_id"" : 10014714, ""technical_type"" : ""PERSONALIZED_GREETING"", ""max_duration"" : null, ""release_cause"" : 21, ""network_sip_code"" : 603, ""mscml_user_part"" : ""0943101510014714"", ""mscml_body_content"" : ""<?xml version=\""1.0\"" encoding=\""utf-8\""?><MediaServerControl version=\""1.0\""><request><play><prompt repeat=\""2\""><audio url=\""http://prod-serveur-oms-ip.vente.francetelecom.fr:8080/annonces/SVAIP/silence.wav\""/><audio url=\""http://prod-serveur-oms-ip.vente.francetelecom.fr:8080/annonces/SVAIP/10014714/SVAIPP10014714F1.wav\""/></prompt></play></request></MediaServerControl>"", ""call_flow_type"" : ""EARLY_MEDIA_AND_RELEASE"", ""header_list"" : []}"
28681,SVAIPP10007039F2,"{""id"" : 28681, ""name"" : ""SVAIPP10007039F2"", ""vpn_id"" : 10007039, ""technical_type"" : ""PERSONALIZED_GREETING"", ""max_duration"" : null, ""release_cause"" : 21, ""network_sip_code"" : 603, ""mscml_user_part"" : ""0943101510007039"", ""mscml_body_content"" : ""<?xml version=\""1.0\"" encoding=\""utf-8\""?><MediaServerControl version=\""1.0\""><request><play><prompt repeat=\""2\""><audio url=\""http://prod-serveur-oms-ip.vente.francetelecom.fr:8080/annonces/SVAIP/silence.wav\""/><audio url=\""http://prod-serveur-oms-ip.vente.francetelecom.fr:8080/annonces/SVAIP/10007039/SVAIPP10007039F2.wav\""/></prompt></play></request></MediaServerControl>"", ""call_flow_type"" : ""EARLY_MEDIA_AND_RELEASE"", ""header_list"" : []}"
28701,SVAIPP10014689F1,"{""id"" : 28701, ""name"" : ""SVAIPP10014689F1"", ""vpn_id"" : 10014689, ""technical_type"" : ""PERSONALIZED_GREETING"", ""max_duration"" : null, ""release_cause"" : 21, ""network_sip_code"" : 603, ""mscml_user_part"" : ""0943101510014689"", ""mscml_body_content"" : ""<?xml version=\""1.0\"" encoding=\""utf-8\""?><MediaServerControl version=\""1.0\""><request><play><prompt repeat=\""2\""><audio url=\""http://prod-serveur-oms-ip.vente.francetelecom.fr:8080/annonces/SVAIP/silence.wav\""/><audio url=\""http://prod-serveur-oms-ip.vente.francetelecom.fr:8080/annonces/SVAIP/10014689/SVAIPP10014689F1.wav\""/></prompt></play></request></MediaServerControl>"", ""call_flow_type"" : ""EARLY_MEDIA_AND_RELEASE"", ""header_list"" : []}"
28562,SVAIPP10006075F2,"{""id"" : 28562, ""name"" : ""SVAIPP10006075F2"", ""vpn_id"" : 10006075, ""technical_type"" : ""PERSONALIZED_GREETING"", ""max_duration"" : null, ""release_cause"" : 21, ""network_sip_code"" : 603, ""mscml_user_part"" : ""0943101510006075"", ""mscml_body_content"" : ""<?xml version=\""1.0\"" encoding=\""utf-8\""?><MediaServerControl version=\""1.0\""><request><play><prompt repeat=\""2\""><audio url=\""http://prod-serveur-oms-ip.vente.francetelecom.fr:8080/annonces/SVAIP/silence.wav\""/><audio url=\""http://prod-serveur-oms-ip.vente.francetelecom.fr:8080/annonces/SVAIP/10006075/SVAIPP10006075F2.wav\""/></prompt></play></request></MediaServerControl>"", ""call_flow_type"" : ""EARLY_MEDIA_AND_RELEASE"", ""header_list"" : []}"
33402,SVAIPP10017414F1,"{""id"" : 33402, ""name"" : ""SVAIPP10017414F1"", ""vpn_id"" : 10017414, ""technical_type"" : ""PERSONALIZED_GREETING"", ""max_duration"" : null, ""release_cause"" : 21, ""network_sip_code"" : 603, ""mscml_user_part"" : ""0943101510017414"", ""mscml_body_content"" : ""<?xml version=\""1.0\"" encoding=\""utf-8\""?><MediaServerControl version=\""1.0\""><request><play><prompt repeat=\""2\""><audio url=\""http://prod-serveur-oms-ip.vente.francetelecom.fr:8080/annonces/SVAIP/silence.wav\""/><audio url=\""http://prod-serveur-oms-ip.vente.francetelecom.fr:8080/annonces/SVAIP/10017414/SVAIPP10017414F1.wav\""/></prompt></play></request></MediaServerControl>"", ""call_flow_type"" : ""EARLY_MEDIA_AND_RELEASE"", ""header_list"" : []}"
28566,SVAIPP10002184F2,"{""id"" : 28566, ""name"" : ""SVAIPP10002184F2"", ""vpn_id"" : 10002184, ""technical_type"" : ""PERSONALIZED_GREETING"", ""max_duration"" : null, ""release_cause"" : 21, ""network_sip_code"" : 603, ""mscml_user_part"" : ""0943101510002184"", ""mscml_body_content"" : ""<?xml version=\""1.0\"" encoding=\""utf-8\""?><MediaServerControl version=\""1.0\""><request><play><prompt repeat=\""2\""><audio url=\""http://prod-serveur-oms-ip.vente.francetelecom.fr:8080/annonces/SVAIP/silence.wav\""/><audio url=\""http://prod-serveur-oms-ip.vente.francetelecom.fr:8080/annonces/SVAIP/10002184/SVAIPP10002184F2.wav\""/></prompt></play></request></MediaServerControl>"", ""call_flow_type"" : ""EARLY_MEDIA_AND_RELEASE"", ""header_list"" : []}"
28582,SVAIPP10008467F1,"{""id"" : 28582, ""name"" : ""SVAIPP10008467F1"", ""vpn_id"" : 10008467, ""technical_type"" : ""PERSONALIZED_GREETING"", ""max_duration"" : null, ""release_cause"" : 21, ""network_sip_code"" : 603, ""mscml_user_part"" : ""0943101510008467"", ""mscml_body_content"" : ""<?xml version=\""1.0\"" encoding=\""utf-8\""?><MediaServerControl version=\""1.0\""><request><play><prompt repeat=\""2\""><audio url=\""http://prod-serveur-oms-ip.vente.francetelecom.fr:8080/annonces/SVAIP/silence.wav\""/><audio url=\""http://prod-serveur-oms-ip.vente.francetelecom.fr:8080/annonces/SVAIP/10008467/SVAIPP10008467F1.wav\""/></prompt></play></request></MediaServerControl>"", ""call_flow_type"" : ""EARLY_MEDIA_AND_RELEASE"", ""header_list"" : []}"
28665,SVAIPP10014714F3,"{""id"" : 28665, ""name"" : ""SVAIPP10014714F3"", ""vpn_id"" : 10014714, ""technical_type"" : ""PERSONALIZED_GREETING"", ""max_duration"" : null, ""release_cause"" : 21, ""network_sip_code"" : 603, ""mscml_user_part"" : ""0943101510014714"", ""mscml_body_content"" : ""<?xml version=\""1.0\"" encoding=\""utf-8\""?><MediaServerControl version=\""1.0\""><request><play><prompt repeat=\""2\""><audio url=\""http://prod-serveur-oms-ip.vente.francetelecom.fr:8080/annonces/SVAIP/silence.wav\""/><audio url=\""http://prod-serveur-oms-ip.vente.francetelecom.fr:8080/annonces/SVAIP/10014714/SVAIPP10014714F3.wav\""/></prompt></play></request></MediaServerControl>"", ""call_flow_type"" : ""EARLY_MEDIA_AND_RELEASE"", ""header_list"" : []}"
31041,SVAIPP10014832F1,"{""id"" : 31041, ""name"" : ""SVAIPP10014832F1"", ""vpn_id"" : 10014832, ""technical_type"" : ""PERSONALIZED_GREETING"", ""max_duration"" : null, ""release_cause"" : 21, ""network_sip_code"" : 603, ""mscml_user_part"" : ""0943101510014832"", ""mscml_body_content"" : ""<?xml version=\""1.0\"" encoding=\""utf-8\""?><MediaServerControl version=\""1.0\""><request><play><prompt repeat=\""2\""><audio url=\""http://prod-serveur-oms-ip.vente.francetelecom.fr:8080/annonces/SVAIP/silence.wav\""/><audio url=\""http://prod-serveur-oms-ip.vente.francetelecom.fr:8080/annonces/SVAIP/10014832/SVAIPP10014832F1.wav\""/></prompt></play></request></MediaServerControl>"", ""call_flow_type"" : ""EARLY_MEDIA_AND_RELEASE"", ""header_list"" : []}"
28664,SVAIPP10014714F2,"{""id"" : 28664, ""name"" : ""SVAIPP10014714F2"", ""vpn_id"" : 10014714, ""technical_type"" : ""PERSONALIZED_GREETING"", ""max_duration"" : null, ""release_cause"" : 21, ""network_sip_code"" : 603, ""mscml_user_part"" : ""0943101510014714"", ""mscml_body_content"" : ""<?xml version=\""1.0\"" encoding=\""utf-8\""?><MediaServerControl version=\""1.0\""><request><play><prompt repeat=\""2\""><audio url=\""http://prod-serveur-oms-ip.vente.francetelecom.fr:8080/annonces/SVAIP/silence.wav\""/><audio url=\""http://prod-serveur-oms-ip.vente.francetelecom.fr:8080/annonces/SVAIP/10014714/SVAIPP10014714F2.wav\""/></prompt></play></request></MediaServerControl>"", ""call_flow_type"" : ""EARLY_MEDIA_AND_RELEASE"", ""header_list"" : []}"
28702,SVAIPP10014692F1,"{""id"" : 28702, ""name"" : ""SVAIPP10014692F1"", ""vpn_id"" : 10014692, ""technical_type"" : ""PERSONALIZED_GREETING"", ""max_duration"" : null, ""release_cause"" : 21, ""network_sip_code"" : 603, ""mscml_user_part"" : ""0943101510014692"", ""mscml_body_content"" : ""<?xml version=\""1.0\"" encoding=\""utf-8\""?><MediaServerControl version=\""1.0\""><request><play><prompt repeat=\""2\""><audio url=\""http://prod-serveur-oms-ip.vente.francetelecom.fr:8080/annonces/SVAIP/silence.wav\""/><audio url=\""http://prod-serveur-oms-ip.vente.francetelecom.fr:8080/annonces/SVAIP/10014692/SVAIPP10014692F1.wav\""/></prompt></play></request></MediaServerControl>"", ""call_flow_type"" : ""EARLY_MEDIA_AND_RELEASE"", ""header_list"" : []}"
28703,SVAIPP10004861F3,"{""id"" : 28703, ""name"" : ""SVAIPP10004861F3"", ""vpn_id"" : 10004861, ""technical_type"" : ""PERSONALIZED_GREETING"", ""max_duration"" : null, ""release_cause"" : 21, ""network_sip_code"" : 603, ""mscml_user_part"" : ""0943101510004861"", ""mscml_body_content"" : ""<?xml version=\""1.0\"" encoding=\""utf-8\""?><MediaServerControl version=\""1.0\""><request><play><prompt repeat=\""2\""><audio url=\""http://prod-serveur-oms-ip.vente.francetelecom.fr:8080/annonces/SVAIP/silence.wav\""/><audio url=\""http://prod-serveur-oms-ip.vente.francetelecom.fr:8080/annonces/SVAIP/10004861/SVAIPP10004861F3.wav\""/></prompt></play></request></MediaServerControl>"", ""call_flow_type"" : ""EARLY_MEDIA_AND_RELEASE"", ""header_list"" : []}"
28621,SVAIPP10013945A299P1,"{""id"" : 28621, ""name"" : ""SVAIPP10013945A299P1"", ""vpn_id"" : 10013945, ""technical_type"" : ""PERSONALIZED_MGIT"", ""max_duration"" : null, ""release_cause"" : 0, ""network_sip_code"" : 0, ""mscml_user_part"" : ""0943101110013945"", ""mscml_body_content"" : ""<?xml version=\""1.0\"" encoding=\""utf-8\""?><MediaServerControl version=\""1.0\""><request><playcollect maxdigits=\""1\"" barge=\""yes\"" extradigittimer=\""immediate\"" firstdigittimer=\""immediate\""><prompt><audio url=\""http://prod-serveur-oms-ip.vente.francetelecom.fr:8080/annonces/SVAIP/silence.wav\""/><audio url=\""http://prod-serveur-oms-ip.vente.francetelecom.fr:8080/annonces/SVAIP/10013945/SVAIPP10013945A299P1.wav\""/></prompt></playcollect></request></MediaServerControl>"", ""call_flow_type"" : ""EARLY_MEDIA_AND_RELEASE"", ""header_list"" : []}"
28721,SVAIPP10010224F1,"{""id"" : 28721, ""name"" : ""SVAIPP10010224F1"", ""vpn_id"" : 10010224, ""technical_type"" : ""PERSONALIZED_GREETING"", ""max_duration"" : null, ""release_cause"" : 21, ""network_sip_code"" : 603, ""mscml_user_part"" : ""0943101510010224"", ""mscml_body_content"" : ""<?xml version=\""1.0\"" encoding=\""utf-8\""?><MediaServerControl version=\""1.0\""><request><play><prompt repeat=\""2\""><audio url=\""http://prod-serveur-oms-ip.vente.francetelecom.fr:8080/annonces/SVAIP/silence.wav\""/><audio url=\""http://prod-serveur-oms-ip.vente.francetelecom.fr:8080/annonces/SVAIP/10010224/SVAIPP10010224F1.wav\""/></prompt></play></request></MediaServerControl>"", ""call_flow_type"" : ""EARLY_MEDIA_AND_RELEASE"", ""header_list"" : []}"
28541,SVAIPP10010197F7,"{""id"" : 28541, ""name"" : ""SVAIPP10010197F7"", ""vpn_id"" : 10010197, ""technical_type"" : ""PERSONALIZED_GREETING"", ""max_duration"" : null, ""release_cause"" : 21, ""network_sip_code"" : 603, ""mscml_user_part"" : ""0943101510010197"", ""mscml_body_content"" : ""<?xml version=\""1.0\"" encoding=\""utf-8\""?><MediaServerControl version=\""1.0\""><request><play><prompt repeat=\""2\""><audio url=\""http://prod-serveur-oms-ip.vente.francetelecom.fr:8080/annonces/SVAIP/silence.wav\""/><audio url=\""http://prod-serveur-oms-ip.vente.francetelecom.fr:8080/annonces/SVAIP/10010197/SVAIPP10010197F7.wav\""/></prompt></play></request></MediaServerControl>"", ""call_flow_type"" : ""EARLY_MEDIA_AND_RELEASE"", ""header_list"" : []}"
28564,SVAIPP10010197F9,"{""id"" : 28564, ""name"" : ""SVAIPP10010197F9"", ""vpn_id"" : 10010197, ""technical_type"" : ""PERSONALIZED_GREETING"", ""max_duration"" : null, ""release_cause"" : 21, ""network_sip_code"" : 603, ""mscml_user_part"" : ""0943101510010197"", ""mscml_body_content"" : ""<?xml version=\""1.0\"" encoding=\""utf-8\""?><MediaServerControl version=\""1.0\""><request><play><prompt repeat=\""2\""><audio url=\""http://prod-serveur-oms-ip.vente.francetelecom.fr:8080/annonces/SVAIP/silence.wav\""/><audio url=\""http://prod-serveur-oms-ip.vente.francetelecom.fr:8080/annonces/SVAIP/10010197/SVAIPP10010197F9.wav\""/></prompt></play></request></MediaServerControl>"", ""call_flow_type"" : ""EARLY_MEDIA_AND_RELEASE"", ""header_list"" : []}"
29726,SVAIPP10005227F3,"{""id"" : 29726, ""name"" : ""SVAIPP10005227F3"", ""vpn_id"" : 10005227, ""technical_type"" : ""PERSONALIZED_GREETING"", ""max_duration"" : null, ""release_cause"" : 21, ""network_sip_code"" : 603, ""mscml_user_part"" : ""0943101510005227"", ""mscml_body_content"" : ""<?xml version=\""1.0\"" encoding=\""utf-8\""?><MediaServerControl version=\""1.0\""><request><play><prompt repeat=\""2\""><audio url=\""http://prod-serveur-oms-ip.vente.francetelecom.fr:8080/annonces/SVAIP/silence.wav\""/><audio url=\""http://prod-serveur-oms-ip.vente.francetelecom.fr:8080/annonces/SVAIP/10005227/SVAIPP10005227F3.wav\""/></prompt></play></request></MediaServerControl>"", ""call_flow_type"" : ""EARLY_MEDIA_AND_RELEASE"", ""header_list"" : []}"
28501,SVAIPP10003860F19,"{""id"" : 28501, ""name"" : ""SVAIPP10003860F19"", ""vpn_id"" : 10003860, ""technical_type"" : ""PERSONALIZED_GREETING"", ""max_duration"" : null, ""release_cause"" : 21, ""network_sip_code"" : 603, ""mscml_user_part"" : ""0943101510003860"", ""mscml_body_content"" : ""<?xml version=\""1.0\"" encoding=\""utf-8\""?><MediaServerControl version=\""1.0\""><request><play><prompt repeat=\""2\""><audio url=\""http://prod-serveur-oms-ip.vente.francetelecom.fr:8080/annonces/SVAIP/silence.wav\""/><audio url=\""http://prod-serveur-oms-ip.vente.francetelecom.fr:8080/annonces/SVAIP/10003860/SVAIPP10003860F19.wav\""/></prompt></play></request></MediaServerControl>"", ""call_flow_type"" : ""EARLY_MEDIA_AND_RELEASE"", ""header_list"" : []}"
32783,SVAIPP10008255F1,"{""id"" : 32783, ""name"" : ""SVAIPP10008255F1"", ""vpn_id"" : 10008255, ""technical_type"" : ""PERSONALIZED_GREETING"", ""max_duration"" : null, ""release_cause"" : 21, ""network_sip_code"" : 603, ""mscml_user_part"" : ""0943101510008255"", ""mscml_body_content"" : ""<?xml version=\""1.0\"" encoding=\""utf-8\""?><MediaServerControl version=\""1.0\""><request><play><prompt repeat=\""2\""><audio url=\""http://prod-serveur-oms-ip.vente.francetelecom.fr:8080/annonces/SVAIP/silence.wav\""/><audio url=\""http://prod-serveur-oms-ip.vente.francetelecom.fr:8080/annonces/SVAIP/10008255/SVAIPP10008255F1.wav\""/></prompt></play></request></MediaServerControl>"", ""call_flow_type"" : ""EARLY_MEDIA_AND_RELEASE"", ""header_list"" : []}"
28542,SVAIPP10010197F8,"{""id"" : 28542, ""name"" : ""SVAIPP10010197F8"", ""vpn_id"" : 10010197, ""technical_type"" : ""PERSONALIZED_GREETING"", ""max_duration"" : null, ""release_cause"" : 21, ""network_sip_code"" : 603, ""mscml_user_part"" : ""0943101510010197"", ""mscml_body_content"" : ""<?xml version=\""1.0\"" encoding=\""utf-8\""?><MediaServerControl version=\""1.0\""><request><play><prompt repeat=\""2\""><audio url=\""http://prod-serveur-oms-ip.vente.francetelecom.fr:8080/annonces/SVAIP/silence.wav\""/><audio url=\""http://prod-serveur-oms-ip.vente.francetelecom.fr:8080/annonces/SVAIP/10010197/SVAIPP10010197F8.wav\""/></prompt></play></request></MediaServerControl>"", ""call_flow_type"" : ""EARLY_MEDIA_AND_RELEASE"", ""header_list"" : []}"
34624,SVAIPP10013711A008N2,"{""id"" : 34624, ""name"" : ""SVAIPP10013711A008N2"", ""vpn_id"" : 10013711, ""technical_type"" : ""PERSONALIZED_MGIT"", ""max_duration"" : null, ""release_cause"" : 0, ""network_sip_code"" : 0, ""mscml_user_part"" : ""0943101110013711"", ""mscml_body_content"" : ""<?xml version=\""1.0\"" encoding=\""utf-8\""?><MediaServerControl version=\""1.0\""><request><playcollect maxdigits=\""1\"" barge=\""yes\"" extradigittimer=\""immediate\"" firstdigittimer=\""immediate\""><prompt><audio url=\""http://prod-serveur-oms-ip.vente.francetelecom.fr:8080/annonces/SVAIP/silence.wav\""/><audio url=\""http://prod-serveur-oms-ip.vente.francetelecom.fr:8080/annonces/SVAIP/10013711/SVAIPP10013711A008N2.wav\""/></prompt></playcollect></request></MediaServerControl>"", ""call_flow_type"" : ""EARLY_MEDIA_AND_RELEASE"", ""header_list"" : []}"
28563,SVAIPP10006075F3,"{""id"" : 28563, ""name"" : ""SVAIPP10006075F3"", ""vpn_id"" : 10006075, ""technical_type"" : ""PERSONALIZED_GREETING"", ""max_duration"" : null, ""release_cause"" : 21, ""network_sip_code"" : 603, ""mscml_user_part"" : ""0943101510006075"", ""mscml_body_content"" : ""<?xml version=\""1.0\"" encoding=\""utf-8\""?><MediaServerControl version=\""1.0\""><request><play><prompt repeat=\""2\""><audio url=\""http://prod-serveur-oms-ip.vente.francetelecom.fr:8080/annonces/SVAIP/silence.wav\""/><audio url=\""http://prod-serveur-oms-ip.vente.francetelecom.fr:8080/annonces/SVAIP/10006075/SVAIPP10006075F3.wav\""/></prompt></play></request></MediaServerControl>"", ""call_flow_type"" : ""EARLY_MEDIA_AND_RELEASE"", ""header_list"" : []}"
34642,SVAIPP10002553F2,"{""id"" : 34642, ""name"" : ""SVAIPP10002553F2"", ""vpn_id"" : 10002553, ""technical_type"" : ""PERSONALIZED_GREETING"", ""max_duration"" : null, ""release_cause"" : 21, ""network_sip_code"" : 603, ""mscml_user_part"" : ""0943101510002553"", ""mscml_body_content"" : ""<?xml version=\""1.0\"" encoding=\""utf-8\""?><MediaServerControl version=\""1.0\""><request><play><prompt repeat=\""2\""><audio url=\""http://prod-serveur-oms-ip.vente.francetelecom.fr:8080/annonces/SVAIP/silence.wav\""/><audio url=\""http://prod-serveur-oms-ip.vente.francetelecom.fr:8080/annonces/SVAIP/10002553/SVAIPP10002553F2.wav\""/></prompt></play></request></MediaServerControl>"", ""call_flow_type"" : ""EARLY_MEDIA_AND_RELEASE"", ""header_list"" : []}"
28842,SVAIPP10014692F2,"{""id"" : 28842, ""name"" : ""SVAIPP10014692F2"", ""vpn_id"" : 10014692, ""technical_type"" : ""PERSONALIZED_GREETING"", ""max_duration"" : null, ""release_cause"" : 21, ""network_sip_code"" : 603, ""mscml_user_part"" : ""0943101510014692"", ""mscml_body_content"" : ""<?xml version=\""1.0\"" encoding=\""utf-8\""?><MediaServerControl version=\""1.0\""><request><play><prompt repeat=\""2\""><audio url=\""http://prod-serveur-oms-ip.vente.francetelecom.fr:8080/annonces/SVAIP/silence.wav\""/><audio url=\""http://prod-serveur-oms-ip.vente.francetelecom.fr:8080/annonces/SVAIP/10014692/SVAIPP10014692F2.wav\""/></prompt></play></request></MediaServerControl>"", ""call_flow_type"" : ""EARLY_MEDIA_AND_RELEASE"", ""header_list"" : []}"
29642,SVAIPP10014812A020P8,"{""id"" : 29642, ""name"" : ""SVAIPP10014812A020P8"", ""vpn_id"" : 10014812, ""technical_type"" : ""PERSONALIZED_MGIT"", ""max_duration"" : null, ""release_cause"" : 0, ""network_sip_code"" : 0, ""mscml_user_part"" : ""0943101110014812"", ""mscml_body_content"" : ""<?xml version=\""1.0\"" encoding=\""utf-8\""?><MediaServerControl version=\""1.0\""><request><playcollect maxdigits=\""1\"" barge=\""yes\"" extradigittimer=\""immediate\"" firstdigittimer=\""immediate\""><prompt><audio url=\""http://prod-serveur-oms-ip.vente.francetelecom.fr:8080/annonces/SVAIP/silence.wav\""/><audio url=\""http://prod-serveur-oms-ip.vente.francetelecom.fr:8080/annonces/SVAIP/10014812/SVAIPP10014812A020P8.wav\""/></prompt></playcollect></request></MediaServerControl>"", ""call_flow_type"" : ""EARLY_MEDIA_AND_RELEASE"", ""header_list"" : []}"
28870,SVAIPP10005941F12,"{""id"" : 28870, ""name"" : ""SVAIPP10005941F12"", ""vpn_id"" : 10005941, ""technical_type"" : ""PERSONALIZED_GREETING"", ""max_duration"" : null, ""release_cause"" : 21, ""network_sip_code"" : 603, ""mscml_user_part"" : ""0943101510005941"", ""mscml_body_content"" : ""<?xml version=\""1.0\"" encoding=\""utf-8\""?><MediaServerControl version=\""1.0\""><request><play><prompt repeat=\""2\""><audio url=\""http://prod-serveur-oms-ip.vente.francetelecom.fr:8080/annonces/SVAIP/silence.wav\""/><audio url=\""http://prod-serveur-oms-ip.vente.francetelecom.fr:8080/annonces/SVAIP/10005941/SVAIPP10005941F12.wav\""/></prompt></play></request></MediaServerControl>"", ""call_flow_type"" : ""EARLY_MEDIA_AND_RELEASE"", ""header_list"" : []}"
28801,SVAIPP10004861F5,"{""id"" : 28801, ""name"" : ""SVAIPP10004861F5"", ""vpn_id"" : 10004861, ""technical_type"" : ""PERSONALIZED_GREETING"", ""max_duration"" : null, ""release_cause"" : 21, ""network_sip_code"" : 603, ""mscml_user_part"" : ""0943101510004861"", ""mscml_body_content"" : ""<?xml version=\""1.0\"" encoding=\""utf-8\""?><MediaServerControl version=\""1.0\""><request><play><prompt repeat=\""2\""><audio url=\""http://prod-serveur-oms-ip.vente.francetelecom.fr:8080/annonces/SVAIP/silence.wav\""/><audio url=\""http://prod-serveur-oms-ip.vente.francetelecom.fr:8080/annonces/SVAIP/10004861/SVAIPP10004861F5.wav\""/></prompt></play></request></MediaServerControl>"", ""call_flow_type"" : ""EARLY_MEDIA_AND_RELEASE"", ""header_list"" : []}"
28864,SVAIPP10005941F7,"{""id"" : 28864, ""name"" : ""SVAIPP10005941F7"", ""vpn_id"" : 10005941, ""technical_type"" : ""PERSONALIZED_GREETING"", ""max_duration"" : null, ""release_cause"" : 21, ""network_sip_code"" : 603, ""mscml_user_part"" : ""0943101510005941"", ""mscml_body_content"" : ""<?xml version=\""1.0\"" encoding=\""utf-8\""?><MediaServerControl version=\""1.0\""><request><play><prompt repeat=\""2\""><audio url=\""http://prod-serveur-oms-ip.vente.francetelecom.fr:8080/annonces/SVAIP/silence.wav\""/><audio url=\""http://prod-serveur-oms-ip.vente.francetelecom.fr:8080/annonces/SVAIP/10005941/SVAIPP10005941F7.wav\""/></prompt></play></request></MediaServerControl>"", ""call_flow_type"" : ""EARLY_MEDIA_AND_RELEASE"", ""header_list"" : []}"
28782,SVAIPP10004861F4,"{""id"" : 28782, ""name"" : ""SVAIPP10004861F4"", ""vpn_id"" : 10004861, ""technical_type"" : ""PERSONALIZED_GREETING"", ""max_duration"" : null, ""release_cause"" : 21, ""network_sip_code"" : 603, ""mscml_user_part"" : ""0943101510004861"", ""mscml_body_content"" : ""<?xml version=\""1.0\"" encoding=\""utf-8\""?><MediaServerControl version=\""1.0\""><request><play><prompt repeat=\""2\""><audio url=\""http://prod-serveur-oms-ip.vente.francetelecom.fr:8080/annonces/SVAIP/silence.wav\""/><audio url=\""http://prod-serveur-oms-ip.vente.francetelecom.fr:8080/annonces/SVAIP/10004861/SVAIPP10004861F4.wav\""/></prompt></play></request></MediaServerControl>"", ""call_flow_type"" : ""EARLY_MEDIA_AND_RELEASE"", ""header_list"" : []}"
28863,SVAIPP10005941F6,"{""id"" : 28863, ""name"" : ""SVAIPP10005941F6"", ""vpn_id"" : 10005941, ""technical_type"" : ""PERSONALIZED_GREETING"", ""max_duration"" : null, ""release_cause"" : 21, ""network_sip_code"" : 603, ""mscml_user_part"" : ""0943101510005941"", ""mscml_body_content"" : ""<?xml version=\""1.0\"" encoding=\""utf-8\""?><MediaServerControl version=\""1.0\""><request><play><prompt repeat=\""2\""><audio url=\""http://prod-serveur-oms-ip.vente.francetelecom.fr:8080/annonces/SVAIP/silence.wav\""/><audio url=\""http://prod-serveur-oms-ip.vente.francetelecom.fr:8080/annonces/SVAIP/10005941/SVAIPP10005941F6.wav\""/></prompt></play></request></MediaServerControl>"", ""call_flow_type"" : ""EARLY_MEDIA_AND_RELEASE"", ""header_list"" : []}"
28866,SVAIPP10005941F9,"{""id"" : 28866, ""name"" : ""SVAIPP10005941F9"", ""vpn_id"" : 10005941, ""technical_type"" : ""PERSONALIZED_GREETING"", ""max_duration"" : null, ""release_cause"" : 21, ""network_sip_code"" : 603, ""mscml_user_part"" : ""0943101510005941"", ""mscml_body_content"" : ""<?xml version=\""1.0\"" encoding=\""utf-8\""?><MediaServerControl version=\""1.0\""><request><play><prompt repeat=\""2\""><audio url=\""http://prod-serveur-oms-ip.vente.francetelecom.fr:8080/annonces/SVAIP/silence.wav\""/><audio url=\""http://prod-serveur-oms-ip.vente.francetelecom.fr:8080/annonces/SVAIP/10005941/SVAIPP10005941F9.wav\""/></prompt></play></request></MediaServerControl>"", ""call_flow_type"" : ""EARLY_MEDIA_AND_RELEASE"", ""header_list"" : []}"
28872,SVAIPP10003860F20,"{""id"" : 28872, ""name"" : ""SVAIPP10003860F20"", ""vpn_id"" : 10003860, ""technical_type"" : ""PERSONALIZED_GREETING"", ""max_duration"" : null, ""release_cause"" : 21, ""network_sip_code"" : 603, ""mscml_user_part"" : ""0943101510003860"", ""mscml_body_content"" : ""<?xml version=\""1.0\"" encoding=\""utf-8\""?><MediaServerControl version=\""1.0\""><request><play><prompt repeat=\""2\""><audio url=\""http://prod-serveur-oms-ip.vente.francetelecom.fr:8080/annonces/SVAIP/silence.wav\""/><audio url=\""http://prod-serveur-oms-ip.vente.francetelecom.fr:8080/annonces/SVAIP/10003860/SVAIPP10003860F20.wav\""/></prompt></play></request></MediaServerControl>"", ""call_flow_type"" : ""EARLY_MEDIA_AND_RELEASE"", ""header_list"" : []}"
34202,SVAIPP10009550F1,"{""id"" : 34202, ""name"" : ""SVAIPP10009550F1"", ""vpn_id"" : 10009550, ""technical_type"" : ""PERSONALIZED_GREETING"", ""max_duration"" : null, ""release_cause"" : 21, ""network_sip_code"" : 603, ""mscml_user_part"" : ""0943101510009550"", ""mscml_body_content"" : ""<?xml version=\""1.0\"" encoding=\""utf-8\""?><MediaServerControl version=\""1.0\""><request><play><prompt repeat=\""2\""><audio url=\""http://prod-serveur-oms-ip.vente.francetelecom.fr:8080/annonces/SVAIP/silence.wav\""/><audio url=\""http://prod-serveur-oms-ip.vente.francetelecom.fr:8080/annonces/SVAIP/10009550/SVAIPP10009550F1.wav\""/></prompt></play></request></MediaServerControl>"", ""call_flow_type"" : ""EARLY_MEDIA_AND_RELEASE"", ""header_list"" : []}"
28902,SVAIPP10015423F1,"{""id"" : 28902, ""name"" : ""SVAIPP10015423F1"", ""vpn_id"" : 10015423, ""technical_type"" : ""PERSONALIZED_GREETING"", ""max_duration"" : null, ""release_cause"" : 21, ""network_sip_code"" : 603, ""mscml_user_part"" : ""0943101510015423"", ""mscml_body_content"" : ""<?xml version=\""1.0\"" encoding=\""utf-8\""?><MediaServerControl version=\""1.0\""><request><play><prompt repeat=\""2\""><audio url=\""http://prod-serveur-oms-ip.vente.francetelecom.fr:8080/annonces/SVAIP/silence.wav\""/><audio url=\""http://prod-serveur-oms-ip.vente.francetelecom.fr:8080/annonces/SVAIP/10015423/SVAIPP10015423F1.wav\""/></prompt></play></request></MediaServerControl>"", ""call_flow_type"" : ""EARLY_MEDIA_AND_RELEASE"", ""header_list"" : []}"
28805,SVAIPP10004861F8,"{""id"" : 28805, ""name"" : ""SVAIPP10004861F8"", ""vpn_id"" : 10004861, ""technical_type"" : ""PERSONALIZED_GREETING"", ""max_duration"" : null, ""release_cause"" : 21, ""network_sip_code"" : 603, ""mscml_user_part"" : ""0943101510004861"", ""mscml_body_content"" : ""<?xml version=\""1.0\"" encoding=\""utf-8\""?><MediaServerControl version=\""1.0\""><request><play><prompt repeat=\""2\""><audio url=\""http://prod-serveur-oms-ip.vente.francetelecom.fr:8080/annonces/SVAIP/silence.wav\""/><audio url=\""http://prod-serveur-oms-ip.vente.francetelecom.fr:8080/annonces/SVAIP/10004861/SVAIPP10004861F8.wav\""/></prompt></play></request></MediaServerControl>"", ""call_flow_type"" : ""EARLY_MEDIA_AND_RELEASE"", ""header_list"" : []}"
28862,SVAIPP10005941F5,"{""id"" : 28862, ""name"" : ""SVAIPP10005941F5"", ""vpn_id"" : 10005941, ""technical_type"" : ""PERSONALIZED_GREETING"", ""max_duration"" : null, ""release_cause"" : 21, ""network_sip_code"" : 603, ""mscml_user_part"" : ""0943101510005941"", ""mscml_body_content"" : ""<?xml version=\""1.0\"" encoding=\""utf-8\""?><MediaServerControl version=\""1.0\""><request><play><prompt repeat=\""2\""><audio url=\""http://prod-serveur-oms-ip.vente.francetelecom.fr:8080/annonces/SVAIP/silence.wav\""/><audio url=\""http://prod-serveur-oms-ip.vente.francetelecom.fr:8080/annonces/SVAIP/10005941/SVAIPP10005941F5.wav\""/></prompt></play></request></MediaServerControl>"", ""call_flow_type"" : ""EARLY_MEDIA_AND_RELEASE"", ""header_list"" : []}"
28868,SVAIPP10005941F11,"{""id"" : 28868, ""name"" : ""SVAIPP10005941F11"", ""vpn_id"" : 10005941, ""technical_type"" : ""PERSONALIZED_GREETING"", ""max_duration"" : null, ""release_cause"" : 21, ""network_sip_code"" : 603, ""mscml_user_part"" : ""0943101510005941"", ""mscml_body_content"" : ""<?xml version=\""1.0\"" encoding=\""utf-8\""?><MediaServerControl version=\""1.0\""><request><play><prompt repeat=\""2\""><audio url=\""http://prod-serveur-oms-ip.vente.francetelecom.fr:8080/annonces/SVAIP/silence.wav\""/><audio url=\""http://prod-serveur-oms-ip.vente.francetelecom.fr:8080/annonces/SVAIP/10005941/SVAIPP10005941F11.wav\""/></prompt></play></request></MediaServerControl>"", ""call_flow_type"" : ""EARLY_MEDIA_AND_RELEASE"", ""header_list"" : []}"
29105,SVAIPP10014812A020P5,"{""id"" : 29105, ""name"" : ""SVAIPP10014812A020P5"", ""vpn_id"" : 10014812, ""technical_type"" : ""PERSONALIZED_MGIT"", ""max_duration"" : null, ""release_cause"" : 0, ""network_sip_code"" : 0, ""mscml_user_part"" : ""0943101110014812"", ""mscml_body_content"" : ""<?xml version=\""1.0\"" encoding=\""utf-8\""?><MediaServerControl version=\""1.0\""><request><playcollect maxdigits=\""1\"" barge=\""yes\"" extradigittimer=\""immediate\"" firstdigittimer=\""immediate\""><prompt><audio url=\""http://prod-serveur-oms-ip.vente.francetelecom.fr:8080/annonces/SVAIP/silence.wav\""/><audio url=\""http://prod-serveur-oms-ip.vente.francetelecom.fr:8080/annonces/SVAIP/10014812/SVAIPP10014812A020P5.wav\""/></prompt></playcollect></request></MediaServerControl>"", ""call_flow_type"" : ""EARLY_MEDIA_AND_RELEASE"", ""header_list"" : []}"
28761,SVAIPP10010197F11,"{""id"" : 28761, ""name"" : ""SVAIPP10010197F11"", ""vpn_id"" : 10010197, ""technical_type"" : ""PERSONALIZED_GREETING"", ""max_duration"" : null, ""release_cause"" : 21, ""network_sip_code"" : 603, ""mscml_user_part"" : ""0943101510010197"", ""mscml_body_content"" : ""<?xml version=\""1.0\"" encoding=\""utf-8\""?><MediaServerControl version=\""1.0\""><request><play><prompt repeat=\""2\""><audio url=\""http://prod-serveur-oms-ip.vente.francetelecom.fr:8080/annonces/SVAIP/silence.wav\""/><audio url=\""http://prod-serveur-oms-ip.vente.francetelecom.fr:8080/annonces/SVAIP/10010197/SVAIPP10010197F11.wav\""/></prompt></play></request></MediaServerControl>"", ""call_flow_type"" : ""EARLY_MEDIA_AND_RELEASE"", ""header_list"" : []}"
28861,SVAIPP10005941F4,"{""id"" : 28861, ""name"" : ""SVAIPP10005941F4"", ""vpn_id"" : 10005941, ""technical_type"" : ""PERSONALIZED_GREETING"", ""max_duration"" : null, ""release_cause"" : 21, ""network_sip_code"" : 603, ""mscml_user_part"" : ""0943101510005941"", ""mscml_body_content"" : ""<?xml version=\""1.0\"" encoding=\""utf-8\""?><MediaServerControl version=\""1.0\""><request><play><prompt repeat=\""2\""><audio url=\""http://prod-serveur-oms-ip.vente.francetelecom.fr:8080/annonces/SVAIP/silence.wav\""/><audio url=\""http://prod-serveur-oms-ip.vente.francetelecom.fr:8080/annonces/SVAIP/10005941/SVAIPP10005941F4.wav\""/></prompt></play></request></MediaServerControl>"", ""call_flow_type"" : ""EARLY_MEDIA_AND_RELEASE"", ""header_list"" : []}"
28804,SVAIPP10004861F7,"{""id"" : 28804, ""name"" : ""SVAIPP10004861F7"", ""vpn_id"" : 10004861, ""technical_type"" : ""PERSONALIZED_GREETING"", ""max_duration"" : null, ""release_cause"" : 21, ""network_sip_code"" : 603, ""mscml_user_part"" : ""0943101510004861"", ""mscml_body_content"" : ""<?xml version=\""1.0\"" encoding=\""utf-8\""?><MediaServerControl version=\""1.0\""><request><play><prompt repeat=\""2\""><audio url=\""http://prod-serveur-oms-ip.vente.francetelecom.fr:8080/annonces/SVAIP/silence.wav\""/><audio url=\""http://prod-serveur-oms-ip.vente.francetelecom.fr:8080/annonces/SVAIP/10004861/SVAIPP10004861F7.wav\""/></prompt></play></request></MediaServerControl>"", ""call_flow_type"" : ""EARLY_MEDIA_AND_RELEASE"", ""header_list"" : []}"
28867,SVAIPP10005941F10,"{""id"" : 28867, ""name"" : ""SVAIPP10005941F10"", ""vpn_id"" : 10005941, ""technical_type"" : ""PERSONALIZED_GREETING"", ""max_duration"" : null, ""release_cause"" : 21, ""network_sip_code"" : 603, ""mscml_user_part"" : ""0943101510005941"", ""mscml_body_content"" : ""<?xml version=\""1.0\"" encoding=\""utf-8\""?><MediaServerControl version=\""1.0\""><request><play><prompt repeat=\""2\""><audio url=\""http://prod-serveur-oms-ip.vente.francetelecom.fr:8080/annonces/SVAIP/silence.wav\""/><audio url=\""http://prod-serveur-oms-ip.vente.francetelecom.fr:8080/annonces/SVAIP/10005941/SVAIPP10005941F10.wav\""/></prompt></play></request></MediaServerControl>"", ""call_flow_type"" : ""EARLY_MEDIA_AND_RELEASE"", ""header_list"" : []}"
28901,SVAIPP10015218F1,"{""id"" : 28901, ""name"" : ""SVAIPP10015218F1"", ""vpn_id"" : 10015218, ""technical_type"" : ""PERSONALIZED_GREETING"", ""max_duration"" : null, ""release_cause"" : 21, ""network_sip_code"" : 603, ""mscml_user_part"" : ""0943101510015218"", ""mscml_body_content"" : ""<?xml version=\""1.0\"" encoding=\""utf-8\""?><MediaServerControl version=\""1.0\""><request><play><prompt repeat=\""2\""><audio url=\""http://prod-serveur-oms-ip.vente.francetelecom.fr:8080/annonces/SVAIP/silence.wav\""/><audio url=\""http://prod-serveur-oms-ip.vente.francetelecom.fr:8080/annonces/SVAIP/10015218/SVAIPP10015218F1.wav\""/></prompt></play></request></MediaServerControl>"", ""call_flow_type"" : ""EARLY_MEDIA_AND_RELEASE"", ""header_list"" : []}"
28921,SVAIPP10014154F1,"{""id"" : 28921, ""name"" : ""SVAIPP10014154F1"", ""vpn_id"" : 10014154, ""technical_type"" : ""PERSONALIZED_GREETING"", ""max_duration"" : null, ""release_cause"" : 21, ""network_sip_code"" : 603, ""mscml_user_part"" : ""0943101510014154"", ""mscml_body_content"" : ""<?xml version=\""1.0\"" encoding=\""utf-8\""?><MediaServerControl version=\""1.0\""><request><play><prompt repeat=\""2\""><audio url=\""http://prod-serveur-oms-ip.vente.francetelecom.fr:8080/annonces/SVAIP/silence.wav\""/><audio url=\""http://prod-serveur-oms-ip.vente.francetelecom.fr:8080/annonces/SVAIP/10014154/SVAIPP10014154F1.wav\""/></prompt></play></request></MediaServerControl>"", ""call_flow_type"" : ""EARLY_MEDIA_AND_RELEASE"", ""header_list"" : []}"
28903,SVAIPP10015423F2,"{""id"" : 28903, ""name"" : ""SVAIPP10015423F2"", ""vpn_id"" : 10015423, ""technical_type"" : ""PERSONALIZED_GREETING"", ""max_duration"" : null, ""release_cause"" : 21, ""network_sip_code"" : 603, ""mscml_user_part"" : ""0943101510015423"", ""mscml_body_content"" : ""<?xml version=\""1.0\"" encoding=\""utf-8\""?><MediaServerControl version=\""1.0\""><request><play><prompt repeat=\""2\""><audio url=\""http://prod-serveur-oms-ip.vente.francetelecom.fr:8080/annonces/SVAIP/silence.wav\""/><audio url=\""http://prod-serveur-oms-ip.vente.francetelecom.fr:8080/annonces/SVAIP/10015423/SVAIPP10015423F2.wav\""/></prompt></play></request></MediaServerControl>"", ""call_flow_type"" : ""EARLY_MEDIA_AND_RELEASE"", ""header_list"" : []}"
28871,SVAIPP10005941F13,"{""id"" : 28871, ""name"" : ""SVAIPP10005941F13"", ""vpn_id"" : 10005941, ""technical_type"" : ""PERSONALIZED_GREETING"", ""max_duration"" : null, ""release_cause"" : 21, ""network_sip_code"" : 603, ""mscml_user_part"" : ""0943101510005941"", ""mscml_body_content"" : ""<?xml version=\""1.0\"" encoding=\""utf-8\""?><MediaServerControl version=\""1.0\""><request><play><prompt repeat=\""2\""><audio url=\""http://prod-serveur-oms-ip.vente.francetelecom.fr:8080/annonces/SVAIP/silence.wav\""/><audio url=\""http://prod-serveur-oms-ip.vente.francetelecom.fr:8080/annonces/SVAIP/10005941/SVAIPP10005941F13.wav\""/></prompt></play></request></MediaServerControl>"", ""call_flow_type"" : ""EARLY_MEDIA_AND_RELEASE"", ""header_list"" : []}"
28922,SVAIPP10014154F2,"{""id"" : 28922, ""name"" : ""SVAIPP10014154F2"", ""vpn_id"" : 10014154, ""technical_type"" : ""PERSONALIZED_GREETING"", ""max_duration"" : null, ""release_cause"" : 21, ""network_sip_code"" : 603, ""mscml_user_part"" : ""0943101510014154"", ""mscml_body_content"" : ""<?xml version=\""1.0\"" encoding=\""utf-8\""?><MediaServerControl version=\""1.0\""><request><play><prompt repeat=\""2\""><audio url=\""http://prod-serveur-oms-ip.vente.francetelecom.fr:8080/annonces/SVAIP/silence.wav\""/><audio url=\""http://prod-serveur-oms-ip.vente.francetelecom.fr:8080/annonces/SVAIP/10014154/SVAIPP10014154F2.wav\""/></prompt></play></request></MediaServerControl>"", ""call_flow_type"" : ""EARLY_MEDIA_AND_RELEASE"", ""header_list"" : []}"
32803,SVAIPP10016325F17,"{""id"" : 32803, ""name"" : ""SVAIPP10016325F17"", ""vpn_id"" : 10016325, ""technical_type"" : ""PERSONALIZED_GREETING"", ""max_duration"" : null, ""release_cause"" : 21, ""network_sip_code"" : 603, ""mscml_user_part"" : ""0943101510016325"", ""mscml_body_content"" : ""<?xml version=\""1.0\"" encoding=\""utf-8\""?><MediaServerControl version=\""1.0\""><request><play><prompt repeat=\""2\""><audio url=\""http://prod-serveur-oms-ip.vente.francetelecom.fr:8080/annonces/SVAIP/silence.wav\""/><audio url=\""http://prod-serveur-oms-ip.vente.francetelecom.fr:8080/annonces/SVAIP/10016325/SVAIPP10016325F17.wav\""/></prompt></play></request></MediaServerControl>"", ""call_flow_type"" : ""EARLY_MEDIA_AND_RELEASE"", ""header_list"" : []}"
28781,SVAIPP10009369F1,"{""id"" : 28781, ""name"" : ""SVAIPP10009369F1"", ""vpn_id"" : 10009369, ""technical_type"" : ""PERSONALIZED_GREETING"", ""max_duration"" : null, ""release_cause"" : 21, ""network_sip_code"" : 603, ""mscml_user_part"" : ""0943101510009369"", ""mscml_body_content"" : ""<?xml version=\""1.0\"" encoding=\""utf-8\""?><MediaServerControl version=\""1.0\""><request><play><prompt repeat=\""2\""><audio url=\""http://prod-serveur-oms-ip.vente.francetelecom.fr:8080/annonces/SVAIP/silence.wav\""/><audio url=\""http://prod-serveur-oms-ip.vente.francetelecom.fr:8080/annonces/SVAIP/10009369/SVAIPP10009369F1.wav\""/></prompt></play></request></MediaServerControl>"", ""call_flow_type"" : ""EARLY_MEDIA_AND_RELEASE"", ""header_list"" : []}"
28865,SVAIPP10005941F8,"{""id"" : 28865, ""name"" : ""SVAIPP10005941F8"", ""vpn_id"" : 10005941, ""technical_type"" : ""PERSONALIZED_GREETING"", ""max_duration"" : null, ""release_cause"" : 21, ""network_sip_code"" : 603, ""mscml_user_part"" : ""0943101510005941"", ""mscml_body_content"" : ""<?xml version=\""1.0\"" encoding=\""utf-8\""?><MediaServerControl version=\""1.0\""><request><play><prompt repeat=\""2\""><audio url=\""http://prod-serveur-oms-ip.vente.francetelecom.fr:8080/annonces/SVAIP/silence.wav\""/><audio url=\""http://prod-serveur-oms-ip.vente.francetelecom.fr:8080/annonces/SVAIP/10005941/SVAIPP10005941F8.wav\""/></prompt></play></request></MediaServerControl>"", ""call_flow_type"" : ""EARLY_MEDIA_AND_RELEASE"", ""header_list"" : []}"
28802,SVAIPP10004861F6,"{""id"" : 28802, ""name"" : ""SVAIPP10004861F6"", ""vpn_id"" : 10004861, ""technical_type"" : ""PERSONALIZED_GREETING"", ""max_duration"" : null, ""release_cause"" : 21, ""network_sip_code"" : 603, ""mscml_user_part"" : ""0943101510004861"", ""mscml_body_content"" : ""<?xml version=\""1.0\"" encoding=\""utf-8\""?><MediaServerControl version=\""1.0\""><request><play><prompt repeat=\""2\""><audio url=\""http://prod-serveur-oms-ip.vente.francetelecom.fr:8080/annonces/SVAIP/silence.wav\""/><audio url=\""http://prod-serveur-oms-ip.vente.francetelecom.fr:8080/annonces/SVAIP/10004861/SVAIPP10004861F6.wav\""/></prompt></play></request></MediaServerControl>"", ""call_flow_type"" : ""EARLY_MEDIA_AND_RELEASE"", ""header_list"" : []}"
28803,SVAIPP10011569F1,"{""id"" : 28803, ""name"" : ""SVAIPP10011569F1"", ""vpn_id"" : 10011569, ""technical_type"" : ""PERSONALIZED_GREETING"", ""max_duration"" : null, ""release_cause"" : 21, ""network_sip_code"" : 603, ""mscml_user_part"" : ""0943101510011569"", ""mscml_body_content"" : ""<?xml version=\""1.0\"" encoding=\""utf-8\""?><MediaServerControl version=\""1.0\""><request><play><prompt repeat=\""2\""><audio url=\""http://prod-serveur-oms-ip.vente.francetelecom.fr:8080/annonces/SVAIP/silence.wav\""/><audio url=\""http://prod-serveur-oms-ip.vente.francetelecom.fr:8080/annonces/SVAIP/10011569/SVAIPP10011569F1.wav\""/></prompt></play></request></MediaServerControl>"", ""call_flow_type"" : ""EARLY_MEDIA_AND_RELEASE"", ""header_list"" : []}"
34582,SVAIPP10017653F2,"{""id"" : 34582, ""name"" : ""SVAIPP10017653F2"", ""vpn_id"" : 10017653, ""technical_type"" : ""PERSONALIZED_GREETING"", ""max_duration"" : null, ""release_cause"" : 21, ""network_sip_code"" : 603, ""mscml_user_part"" : ""0943101510017653"", ""mscml_body_content"" : ""<?xml version=\""1.0\"" encoding=\""utf-8\""?><MediaServerControl version=\""1.0\""><request><play><prompt repeat=\""2\""><audio url=\""http://prod-serveur-oms-ip.vente.francetelecom.fr:8080/annonces/SVAIP/silence.wav\""/><audio url=\""http://prod-serveur-oms-ip.vente.francetelecom.fr:8080/annonces/SVAIP/10017653/SVAIPP10017653F2.wav\""/></prompt></play></request></MediaServerControl>"", ""call_flow_type"" : ""EARLY_MEDIA_AND_RELEASE"", ""header_list"" : []}"
29061,SVAIPP10010072F1,"{""id"" : 29061, ""name"" : ""SVAIPP10010072F1"", ""vpn_id"" : 10010072, ""technical_type"" : ""PERSONALIZED_GREETING"", ""max_duration"" : null, ""release_cause"" : 21, ""network_sip_code"" : 603, ""mscml_user_part"" : ""0943101510010072"", ""mscml_body_content"" : ""<?xml version=\""1.0\"" encoding=\""utf-8\""?><MediaServerControl version=\""1.0\""><request><play><prompt repeat=\""2\""><audio url=\""http://prod-serveur-oms-ip.vente.francetelecom.fr:8080/annonces/SVAIP/silence.wav\""/><audio url=\""http://prod-serveur-oms-ip.vente.francetelecom.fr:8080/annonces/SVAIP/10010072/SVAIPP10010072F1.wav\""/></prompt></play></request></MediaServerControl>"", ""call_flow_type"" : ""EARLY_MEDIA_AND_RELEASE"", ""header_list"" : []}"
29002,SVAIPP10007372A012P7,"{""id"" : 29002, ""name"" : ""SVAIPP10007372A012P7"", ""vpn_id"" : 10007372, ""technical_type"" : ""PERSONALIZED_MGIT"", ""max_duration"" : null, ""release_cause"" : 0, ""network_sip_code"" : 0, ""mscml_user_part"" : ""0943101110007372"", ""mscml_body_content"" : ""<?xml version=\""1.0\"" encoding=\""utf-8\""?><MediaServerControl version=\""1.0\""><request><playcollect maxdigits=\""1\"" barge=\""yes\"" extradigittimer=\""immediate\"" firstdigittimer=\""immediate\""><prompt><audio url=\""http://prod-serveur-oms-ip.vente.francetelecom.fr:8080/annonces/SVAIP/silence.wav\""/><audio url=\""http://prod-serveur-oms-ip.vente.francetelecom.fr:8080/annonces/SVAIP/10007372/SVAIPP10007372A012P7.wav\""/></prompt></playcollect></request></MediaServerControl>"", ""call_flow_type"" : ""EARLY_MEDIA_AND_RELEASE"", ""header_list"" : []}"
34601,SVAIPP10002961F2,"{""id"" : 34601, ""name"" : ""SVAIPP10002961F2"", ""vpn_id"" : 10002961, ""technical_type"" : ""PERSONALIZED_GREETING"", ""max_duration"" : null, ""release_cause"" : 21, ""network_sip_code"" : 603, ""mscml_user_part"" : ""0943101510002961"", ""mscml_body_content"" : ""<?xml version=\""1.0\"" encoding=\""utf-8\""?><MediaServerControl version=\""1.0\""><request><play><prompt repeat=\""2\""><audio url=\""http://prod-serveur-oms-ip.vente.francetelecom.fr:8080/annonces/SVAIP/silence.wav\""/><audio url=\""http://prod-serveur-oms-ip.vente.francetelecom.fr:8080/annonces/SVAIP/10002961/SVAIPP10002961F2.wav\""/></prompt></play></request></MediaServerControl>"", ""call_flow_type"" : ""EARLY_MEDIA_AND_RELEASE"", ""header_list"" : []}"
28944,SVAIPP10010153D040P7,"{""id"" : 28944, ""name"" : ""SVAIPP10010153D040P7"", ""vpn_id"" : 10010153, ""technical_type"" : ""PERSONALIZED_MGIT"", ""max_duration"" : null, ""release_cause"" : 0, ""network_sip_code"" : 0, ""mscml_user_part"" : ""0943101110010153"", ""mscml_body_content"" : ""<?xml version=\""1.0\"" encoding=\""utf-8\""?><MediaServerControl version=\""1.0\""><request><playcollect maxdigits=\""1\"" barge=\""yes\"" extradigittimer=\""immediate\"" firstdigittimer=\""immediate\""><prompt><audio url=\""http://prod-serveur-oms-ip.vente.francetelecom.fr:8080/annonces/SVAIP/silence.wav\""/><audio url=\""http://prod-serveur-oms-ip.vente.francetelecom.fr:8080/annonces/SVAIP/10010153/SVAIPP10010153D040P7.wav\""/></prompt></playcollect></request></MediaServerControl>"", ""call_flow_type"" : ""EARLY_MEDIA_AND_RELEASE"", ""header_list"" : []}"
33543,SVAIPP10017310F23,"{""id"" : 33543, ""name"" : ""SVAIPP10017310F23"", ""vpn_id"" : 10017310, ""technical_type"" : ""PERSONALIZED_GREETING"", ""max_duration"" : null, ""release_cause"" : 21, ""network_sip_code"" : 603, ""mscml_user_part"" : ""0943101510017310"", ""mscml_body_content"" : ""<?xml version=\""1.0\"" encoding=\""utf-8\""?><MediaServerControl version=\""1.0\""><request><play><prompt repeat=\""2\""><audio url=\""http://prod-serveur-oms-ip.vente.francetelecom.fr:8080/annonces/SVAIP/silence.wav\""/><audio url=\""http://prod-serveur-oms-ip.vente.francetelecom.fr:8080/annonces/SVAIP/10017310/SVAIPP10017310F23.wav\""/></prompt></play></request></MediaServerControl>"", ""call_flow_type"" : ""EARLY_MEDIA_AND_RELEASE"", ""header_list"" : []}"
28943,SVAIPP10010153D040P6,"{""id"" : 28943, ""name"" : ""SVAIPP10010153D040P6"", ""vpn_id"" : 10010153, ""technical_type"" : ""PERSONALIZED_MGIT"", ""max_duration"" : null, ""release_cause"" : 0, ""network_sip_code"" : 0, ""mscml_user_part"" : ""0943101110010153"", ""mscml_body_content"" : ""<?xml version=\""1.0\"" encoding=\""utf-8\""?><MediaServerControl version=\""1.0\""><request><playcollect maxdigits=\""1\"" barge=\""yes\"" extradigittimer=\""immediate\"" firstdigittimer=\""immediate\""><prompt><audio url=\""http://prod-serveur-oms-ip.vente.francetelecom.fr:8080/annonces/SVAIP/silence.wav\""/><audio url=\""http://prod-serveur-oms-ip.vente.francetelecom.fr:8080/annonces/SVAIP/10010153/SVAIPP10010153D040P6.wav\""/></prompt></playcollect></request></MediaServerControl>"", ""call_flow_type"" : ""EARLY_MEDIA_AND_RELEASE"", ""header_list"" : []}"
33421,SVAIPP10018041F1,"{""id"" : 33421, ""name"" : ""SVAIPP10018041F1"", ""vpn_id"" : 10018041, ""technical_type"" : ""PERSONALIZED_GREETING"", ""max_duration"" : null, ""release_cause"" : 21, ""network_sip_code"" : 603, ""mscml_user_part"" : ""0943101510018041"", ""mscml_body_content"" : ""<?xml version=\""1.0\"" encoding=\""utf-8\""?><MediaServerControl version=\""1.0\""><request><play><prompt repeat=\""2\""><audio url=\""http://prod-serveur-oms-ip.vente.francetelecom.fr:8080/annonces/SVAIP/silence.wav\""/><audio url=\""http://prod-serveur-oms-ip.vente.francetelecom.fr:8080/annonces/SVAIP/10018041/SVAIPP10018041F1.wav\""/></prompt></play></request></MediaServerControl>"", ""call_flow_type"" : ""EARLY_MEDIA_AND_RELEASE"", ""header_list"" : []}"
33444,SVAIPP10011388F4,"{""id"" : 33444, ""name"" : ""SVAIPP10011388F4"", ""vpn_id"" : 10011388, ""technical_type"" : ""PERSONALIZED_GREETING"", ""max_duration"" : null, ""release_cause"" : 21, ""network_sip_code"" : 603, ""mscml_user_part"" : ""0943101510011388"", ""mscml_body_content"" : ""<?xml version=\""1.0\"" encoding=\""utf-8\""?><MediaServerControl version=\""1.0\""><request><play><prompt repeat=\""2\""><audio url=\""http://prod-serveur-oms-ip.vente.francetelecom.fr:8080/annonces/SVAIP/silence.wav\""/><audio url=\""http://prod-serveur-oms-ip.vente.francetelecom.fr:8080/annonces/SVAIP/10011388/SVAIPP10011388F4.wav\""/></prompt></play></request></MediaServerControl>"", ""call_flow_type"" : ""EARLY_MEDIA_AND_RELEASE"", ""header_list"" : []}"
33545,SVAIPP10009787F2,"{""id"" : 33545, ""name"" : ""SVAIPP10009787F2"", ""vpn_id"" : 10009787, ""technical_type"" : ""PERSONALIZED_GREETING"", ""max_duration"" : null, ""release_cause"" : 21, ""network_sip_code"" : 603, ""mscml_user_part"" : ""0943101510009787"", ""mscml_body_content"" : ""<?xml version=\""1.0\"" encoding=\""utf-8\""?><MediaServerControl version=\""1.0\""><request><play><prompt repeat=\""2\""><audio url=\""http://prod-serveur-oms-ip.vente.francetelecom.fr:8080/annonces/SVAIP/silence.wav\""/><audio url=\""http://prod-serveur-oms-ip.vente.francetelecom.fr:8080/annonces/SVAIP/10009787/SVAIPP10009787F2.wav\""/></prompt></play></request></MediaServerControl>"", ""call_flow_type"" : ""EARLY_MEDIA_AND_RELEASE"", ""header_list"" : []}"
33581,SVAIPP10011881F2,"{""id"" : 33581, ""name"" : ""SVAIPP10011881F2"", ""vpn_id"" : 10011881, ""technical_type"" : ""PERSONALIZED_GREETING"", ""max_duration"" : null, ""release_cause"" : 21, ""network_sip_code"" : 603, ""mscml_user_part"" : ""0943101510011881"", ""mscml_body_content"" : ""<?xml version=\""1.0\"" encoding=\""utf-8\""?><MediaServerControl version=\""1.0\""><request><play><prompt repeat=\""2\""><audio url=\""http://prod-serveur-oms-ip.vente.francetelecom.fr:8080/annonces/SVAIP/silence.wav\""/><audio url=\""http://prod-serveur-oms-ip.vente.francetelecom.fr:8080/annonces/SVAIP/10011881/SVAIPP10011881F2.wav\""/></prompt></play></request></MediaServerControl>"", ""call_flow_type"" : ""EARLY_MEDIA_AND_RELEASE"", ""header_list"" : []}"
29004,SVAIPP10013952F1,"{""id"" : 29004, ""name"" : ""SVAIPP10013952F1"", ""vpn_id"" : 10013952, ""technical_type"" : ""PERSONALIZED_GREETING"", ""max_duration"" : null, ""release_cause"" : 21, ""network_sip_code"" : 603, ""mscml_user_part"" : ""0943101510013952"", ""mscml_body_content"" : ""<?xml version=\""1.0\"" encoding=\""utf-8\""?><MediaServerControl version=\""1.0\""><request><play><prompt repeat=\""2\""><audio url=\""http://prod-serveur-oms-ip.vente.francetelecom.fr:8080/annonces/SVAIP/silence.wav\""/><audio url=\""http://prod-serveur-oms-ip.vente.francetelecom.fr:8080/annonces/SVAIP/10013952/SVAIPP10013952F1.wav\""/></prompt></play></request></MediaServerControl>"", ""call_flow_type"" : ""EARLY_MEDIA_AND_RELEASE"", ""header_list"" : []}"
29024,SVAIPP10004861F9,"{""id"" : 29024, ""name"" : ""SVAIPP10004861F9"", ""vpn_id"" : 10004861, ""technical_type"" : ""PERSONALIZED_GREETING"", ""max_duration"" : null, ""release_cause"" : 21, ""network_sip_code"" : 603, ""mscml_user_part"" : ""0943101510004861"", ""mscml_body_content"" : ""<?xml version=\""1.0\"" encoding=\""utf-8\""?><MediaServerControl version=\""1.0\""><request><play><prompt repeat=\""2\""><audio url=\""http://prod-serveur-oms-ip.vente.francetelecom.fr:8080/annonces/SVAIP/silence.wav\""/><audio url=\""http://prod-serveur-oms-ip.vente.francetelecom.fr:8080/annonces/SVAIP/10004861/SVAIPP10004861F9.wav\""/></prompt></play></request></MediaServerControl>"", ""call_flow_type"" : ""EARLY_MEDIA_AND_RELEASE"", ""header_list"" : []}"
33381,SVAIPP10017082F1,"{""id"" : 33381, ""name"" : ""SVAIPP10017082F1"", ""vpn_id"" : 10017082, ""technical_type"" : ""PERSONALIZED_GREETING"", ""max_duration"" : null, ""release_cause"" : 21, ""network_sip_code"" : 603, ""mscml_user_part"" : ""0943101510017082"", ""mscml_body_content"" : ""<?xml version=\""1.0\"" encoding=\""utf-8\""?><MediaServerControl version=\""1.0\""><request><play><prompt repeat=\""2\""><audio url=\""http://prod-serveur-oms-ip.vente.francetelecom.fr:8080/annonces/SVAIP/silence.wav\""/><audio url=\""http://prod-serveur-oms-ip.vente.francetelecom.fr:8080/annonces/SVAIP/10017082/SVAIPP10017082F1.wav\""/></prompt></play></request></MediaServerControl>"", ""call_flow_type"" : ""EARLY_MEDIA_AND_RELEASE"", ""header_list"" : []}"
33569,SVAIPP10003728F95,"{""id"" : 33569, ""name"" : ""SVAIPP10003728F95"", ""vpn_id"" : 10003728, ""technical_type"" : ""PERSONALIZED_GREETING"", ""max_duration"" : null, ""release_cause"" : 21, ""network_sip_code"" : 603, ""mscml_user_part"" : ""0943101510003728"", ""mscml_body_content"" : ""<?xml version=\""1.0\"" encoding=\""utf-8\""?><MediaServerControl version=\""1.0\""><request><play><prompt repeat=\""2\""><audio url=\""http://prod-serveur-oms-ip.vente.francetelecom.fr:8080/annonces/SVAIP/silence.wav\""/><audio url=\""http://prod-serveur-oms-ip.vente.francetelecom.fr:8080/annonces/SVAIP/10003728/SVAIPP10003728F95.wav\""/></prompt></play></request></MediaServerControl>"", ""call_flow_type"" : ""EARLY_MEDIA_AND_RELEASE"", ""header_list"" : []}"
28983,SVAIPP10007372F2,"{""id"" : 28983, ""name"" : ""SVAIPP10007372F2"", ""vpn_id"" : 10007372, ""technical_type"" : ""PERSONALIZED_GREETING"", ""max_duration"" : null, ""release_cause"" : 21, ""network_sip_code"" : 603, ""mscml_user_part"" : ""0943101510007372"", ""mscml_body_content"" : ""<?xml version=\""1.0\"" encoding=\""utf-8\""?><MediaServerControl version=\""1.0\""><request><play><prompt repeat=\""2\""><audio url=\""http://prod-serveur-oms-ip.vente.francetelecom.fr:8080/annonces/SVAIP/silence.wav\""/><audio url=\""http://prod-serveur-oms-ip.vente.francetelecom.fr:8080/annonces/SVAIP/10007372/SVAIPP10007372F2.wav\""/></prompt></play></request></MediaServerControl>"", ""call_flow_type"" : ""EARLY_MEDIA_AND_RELEASE"", ""header_list"" : []}"
33383,SVAIPP10005032F5,"{""id"" : 33383, ""name"" : ""SVAIPP10005032F5"", ""vpn_id"" : 10005032, ""technical_type"" : ""PERSONALIZED_GREETING"", ""max_duration"" : null, ""release_cause"" : 21, ""network_sip_code"" : 603, ""mscml_user_part"" : ""0943101510005032"", ""mscml_body_content"" : ""<?xml version=\""1.0\"" encoding=\""utf-8\""?><MediaServerControl version=\""1.0\""><request><play><prompt repeat=\""2\""><audio url=\""http://prod-serveur-oms-ip.vente.francetelecom.fr:8080/annonces/SVAIP/silence.wav\""/><audio url=\""http://prod-serveur-oms-ip.vente.francetelecom.fr:8080/annonces/SVAIP/10005032/SVAIPP10005032F5.wav\""/></prompt></play></request></MediaServerControl>"", ""call_flow_type"" : ""EARLY_MEDIA_AND_RELEASE"", ""header_list"" : []}"
33503,SVAIPP10006425F1,"{""id"" : 33503, ""name"" : ""SVAIPP10006425F1"", ""vpn_id"" : 10006425, ""technical_type"" : ""PERSONALIZED_GREETING"", ""max_duration"" : null, ""release_cause"" : 21, ""network_sip_code"" : 603, ""mscml_user_part"" : ""0943101510006425"", ""mscml_body_content"" : ""<?xml version=\""1.0\"" encoding=\""utf-8\""?><MediaServerControl version=\""1.0\""><request><play><prompt repeat=\""2\""><audio url=\""http://prod-serveur-oms-ip.vente.francetelecom.fr:8080/annonces/SVAIP/silence.wav\""/><audio url=\""http://prod-serveur-oms-ip.vente.francetelecom.fr:8080/annonces/SVAIP/10006425/SVAIPP10006425F1.wav\""/></prompt></play></request></MediaServerControl>"", ""call_flow_type"" : ""EARLY_MEDIA_AND_RELEASE"", ""header_list"" : []}"
33521,SVAIPP10017978F4,"{""id"" : 33521, ""name"" : ""SVAIPP10017978F4"", ""vpn_id"" : 10017978, ""technical_type"" : ""PERSONALIZED_GREETING"", ""max_duration"" : null, ""release_cause"" : 21, ""network_sip_code"" : 603, ""mscml_user_part"" : ""0943101510017978"", ""mscml_body_content"" : ""<?xml version=\""1.0\"" encoding=\""utf-8\""?><MediaServerControl version=\""1.0\""><request><play><prompt repeat=\""2\""><audio url=\""http://prod-serveur-oms-ip.vente.francetelecom.fr:8080/annonces/SVAIP/silence.wav\""/><audio url=\""http://prod-serveur-oms-ip.vente.francetelecom.fr:8080/annonces/SVAIP/10017978/SVAIPP10017978F4.wav\""/></prompt></play></request></MediaServerControl>"", ""call_flow_type"" : ""EARLY_MEDIA_AND_RELEASE"", ""header_list"" : []}"
33561,SVAIPP10003728F87,"{""id"" : 33561, ""name"" : ""SVAIPP10003728F87"", ""vpn_id"" : 10003728, ""technical_type"" : ""PERSONALIZED_GREETING"", ""max_duration"" : null, ""release_cause"" : 21, ""network_sip_code"" : 603, ""mscml_user_part"" : ""0943101510003728"", ""mscml_body_content"" : ""<?xml version=\""1.0\"" encoding=\""utf-8\""?><MediaServerControl version=\""1.0\""><request><play><prompt repeat=\""2\""><audio url=\""http://prod-serveur-oms-ip.vente.francetelecom.fr:8080/annonces/SVAIP/silence.wav\""/><audio url=\""http://prod-serveur-oms-ip.vente.francetelecom.fr:8080/annonces/SVAIP/10003728/SVAIPP10003728F87.wav\""/></prompt></play></request></MediaServerControl>"", ""call_flow_type"" : ""EARLY_MEDIA_AND_RELEASE"", ""header_list"" : []}"
33661,SVAIPP10017347F6,"{""id"" : 33661, ""name"" : ""SVAIPP10017347F6"", ""vpn_id"" : 10017347, ""technical_type"" : ""PERSONALIZED_GREETING"", ""max_duration"" : null, ""release_cause"" : 21, ""network_sip_code"" : 603, ""mscml_user_part"" : ""0943101510017347"", ""mscml_body_content"" : ""<?xml version=\""1.0\"" encoding=\""utf-8\""?><MediaServerControl version=\""1.0\""><request><play><prompt repeat=\""2\""><audio url=\""http://prod-serveur-oms-ip.vente.francetelecom.fr:8080/annonces/SVAIP/silence.wav\""/><audio url=\""http://prod-serveur-oms-ip.vente.francetelecom.fr:8080/annonces/SVAIP/10017347/SVAIPP10017347F6.wav\""/></prompt></play></request></MediaServerControl>"", ""call_flow_type"" : ""EARLY_MEDIA_AND_RELEASE"", ""header_list"" : []}"
29005,SVAIPP10004576F2,"{""id"" : 29005, ""name"" : ""SVAIPP10004576F2"", ""vpn_id"" : 10004576, ""technical_type"" : ""PERSONALIZED_GREETING"", ""max_duration"" : null, ""release_cause"" : 21, ""network_sip_code"" : 603, ""mscml_user_part"" : ""0943101510004576"", ""mscml_body_content"" : ""<?xml version=\""1.0\"" encoding=\""utf-8\""?><MediaServerControl version=\""1.0\""><request><play><prompt repeat=\""2\""><audio url=\""http://prod-serveur-oms-ip.vente.francetelecom.fr:8080/annonces/SVAIP/silence.wav\""/><audio url=\""http://prod-serveur-oms-ip.vente.francetelecom.fr:8080/annonces/SVAIP/10004576/SVAIPP10004576F2.wav\""/></prompt></play></request></MediaServerControl>"", ""call_flow_type"" : ""EARLY_MEDIA_AND_RELEASE"", ""header_list"" : []}"
33701,SVAIPP10017635F7,"{""id"" : 33701, ""name"" : ""SVAIPP10017635F7"", ""vpn_id"" : 10017635, ""technical_type"" : ""PERSONALIZED_GREETING"", ""max_duration"" : null, ""release_cause"" : 21, ""network_sip_code"" : 603, ""mscml_user_part"" : ""0943101510017635"", ""mscml_body_content"" : ""<?xml version=\""1.0\"" encoding=\""utf-8\""?><MediaServerControl version=\""1.0\""><request><play><prompt repeat=\""2\""><audio url=\""http://prod-serveur-oms-ip.vente.francetelecom.fr:8080/annonces/SVAIP/silence.wav\""/><audio url=\""http://prod-serveur-oms-ip.vente.francetelecom.fr:8080/annonces/SVAIP/10017635/SVAIPP10017635F7.wav\""/></prompt></play></request></MediaServerControl>"", ""call_flow_type"" : ""EARLY_MEDIA_AND_RELEASE"", ""header_list"" : []}"
29058,SVAIPP10012484F2,"{""id"" : 29058, ""name"" : ""SVAIPP10012484F2"", ""vpn_id"" : 10012484, ""technical_type"" : ""PERSONALIZED_GREETING"", ""max_duration"" : null, ""release_cause"" : 21, ""network_sip_code"" : 603, ""mscml_user_part"" : ""0943101510012484"", ""mscml_body_content"" : ""<?xml version=\""1.0\"" encoding=\""utf-8\""?><MediaServerControl version=\""1.0\""><request><play><prompt repeat=\""2\""><audio url=\""http://prod-serveur-oms-ip.vente.francetelecom.fr:8080/annonces/SVAIP/silence.wav\""/><audio url=\""http://prod-serveur-oms-ip.vente.francetelecom.fr:8080/annonces/SVAIP/10012484/SVAIPP10012484F2.wav\""/></prompt></play></request></MediaServerControl>"", ""call_flow_type"" : ""EARLY_MEDIA_AND_RELEASE"", ""header_list"" : []}"
33683,SVAIPP10017978F5,"{""id"" : 33683, ""name"" : ""SVAIPP10017978F5"", ""vpn_id"" : 10017978, ""technical_type"" : ""PERSONALIZED_GREETING"", ""max_duration"" : null, ""release_cause"" : 21, ""network_sip_code"" : 603, ""mscml_user_part"" : ""0943101510017978"", ""mscml_body_content"" : ""<?xml version=\""1.0\"" encoding=\""utf-8\""?><MediaServerControl version=\""1.0\""><request><play><prompt repeat=\""2\""><audio url=\""http://prod-serveur-oms-ip.vente.francetelecom.fr:8080/annonces/SVAIP/silence.wav\""/><audio url=\""http://prod-serveur-oms-ip.vente.francetelecom.fr:8080/annonces/SVAIP/10017978/SVAIPP10017978F5.wav\""/></prompt></play></request></MediaServerControl>"", ""call_flow_type"" : ""EARLY_MEDIA_AND_RELEASE"", ""header_list"" : []}"
28961,SVAIPP10015218F2,"{""id"" : 28961, ""name"" : ""SVAIPP10015218F2"", ""vpn_id"" : 10015218, ""technical_type"" : ""PERSONALIZED_GREETING"", ""max_duration"" : null, ""release_cause"" : 21, ""network_sip_code"" : 603, ""mscml_user_part"" : ""0943101510015218"", ""mscml_body_content"" : ""<?xml version=\""1.0\"" encoding=\""utf-8\""?><MediaServerControl version=\""1.0\""><request><play><prompt repeat=\""2\""><audio url=\""http://prod-serveur-oms-ip.vente.francetelecom.fr:8080/annonces/SVAIP/silence.wav\""/><audio url=\""http://prod-serveur-oms-ip.vente.francetelecom.fr:8080/annonces/SVAIP/10015218/SVAIPP10015218F2.wav\""/></prompt></play></request></MediaServerControl>"", ""call_flow_type"" : ""EARLY_MEDIA_AND_RELEASE"", ""header_list"" : []}"
28985,SVAIPP10007372F4,"{""id"" : 28985, ""name"" : ""SVAIPP10007372F4"", ""vpn_id"" : 10007372, ""technical_type"" : ""PERSONALIZED_GREETING"", ""max_duration"" : null, ""release_cause"" : 21, ""network_sip_code"" : 603, ""mscml_user_part"" : ""0943101510007372"", ""mscml_body_content"" : ""<?xml version=\""1.0\"" encoding=\""utf-8\""?><MediaServerControl version=\""1.0\""><request><play><prompt repeat=\""2\""><audio url=\""http://prod-serveur-oms-ip.vente.francetelecom.fr:8080/annonces/SVAIP/silence.wav\""/><audio url=\""http://prod-serveur-oms-ip.vente.francetelecom.fr:8080/annonces/SVAIP/10007372/SVAIPP10007372F4.wav\""/></prompt></play></request></MediaServerControl>"", ""call_flow_type"" : ""EARLY_MEDIA_AND_RELEASE"", ""header_list"" : []}"
33442,SVAIPP10011388F2,"{""id"" : 33442, ""name"" : ""SVAIPP10011388F2"", ""vpn_id"" : 10011388, ""technical_type"" : ""PERSONALIZED_GREETING"", ""max_duration"" : null, ""release_cause"" : 21, ""network_sip_code"" : 603, ""mscml_user_part"" : ""0943101510011388"", ""mscml_body_content"" : ""<?xml version=\""1.0\"" encoding=\""utf-8\""?><MediaServerControl version=\""1.0\""><request><play><prompt repeat=\""2\""><audio url=\""http://prod-serveur-oms-ip.vente.francetelecom.fr:8080/annonces/SVAIP/silence.wav\""/><audio url=\""http://prod-serveur-oms-ip.vente.francetelecom.fr:8080/annonces/SVAIP/10011388/SVAIPP10011388F2.wav\""/></prompt></play></request></MediaServerControl>"", ""call_flow_type"" : ""EARLY_MEDIA_AND_RELEASE"", ""header_list"" : []}"
29021,SVAIPP10004011F5,"{""id"" : 29021, ""name"" : ""SVAIPP10004011F5"", ""vpn_id"" : 10004011, ""technical_type"" : ""PERSONALIZED_GREETING"", ""max_duration"" : null, ""release_cause"" : 21, ""network_sip_code"" : 603, ""mscml_user_part"" : ""0943101510004011"", ""mscml_body_content"" : ""<?xml version=\""1.0\"" encoding=\""utf-8\""?><MediaServerControl version=\""1.0\""><request><play><prompt repeat=\""2\""><audio url=\""http://prod-serveur-oms-ip.vente.francetelecom.fr:8080/annonces/SVAIP/silence.wav\""/><audio url=\""http://prod-serveur-oms-ip.vente.francetelecom.fr:8080/annonces/SVAIP/10004011/SVAIPP10004011F5.wav\""/></prompt></play></request></MediaServerControl>"", ""call_flow_type"" : ""EARLY_MEDIA_AND_RELEASE"", ""header_list"" : []}"
29182,SVAIPP10010186F10,"{""id"" : 29182, ""name"" : ""SVAIPP10010186F10"", ""vpn_id"" : 10010186, ""technical_type"" : ""PERSONALIZED_GREETING"", ""max_duration"" : null, ""release_cause"" : 21, ""network_sip_code"" : 603, ""mscml_user_part"" : ""0943101510010186"", ""mscml_body_content"" : ""<?xml version=\""1.0\"" encoding=\""utf-8\""?><MediaServerControl version=\""1.0\""><request><play><prompt repeat=\""2\""><audio url=\""http://prod-serveur-oms-ip.vente.francetelecom.fr:8080/annonces/SVAIP/silence.wav\""/><audio url=\""http://prod-serveur-oms-ip.vente.francetelecom.fr:8080/annonces/SVAIP/10010186/SVAIPP10010186F10.wav\""/></prompt></play></request></MediaServerControl>"", ""call_flow_type"" : ""EARLY_MEDIA_AND_RELEASE"", ""header_list"" : []}"
29183,SVAIPP10010186F11,"{""id"" : 29183, ""name"" : ""SVAIPP10010186F11"", ""vpn_id"" : 10010186, ""technical_type"" : ""PERSONALIZED_GREETING"", ""max_duration"" : null, ""release_cause"" : 21, ""network_sip_code"" : 603, ""mscml_user_part"" : ""0943101510010186"", ""mscml_body_content"" : ""<?xml version=\""1.0\"" encoding=\""utf-8\""?><MediaServerControl version=\""1.0\""><request><play><prompt repeat=\""2\""><audio url=\""http://prod-serveur-oms-ip.vente.francetelecom.fr:8080/annonces/SVAIP/silence.wav\""/><audio url=\""http://prod-serveur-oms-ip.vente.francetelecom.fr:8080/annonces/SVAIP/10010186/SVAIPP10010186F11.wav\""/></prompt></play></request></MediaServerControl>"", ""call_flow_type"" : ""EARLY_MEDIA_AND_RELEASE"", ""header_list"" : []}"
29103,SVAIPP10014812A020P3,"{""id"" : 29103, ""name"" : ""SVAIPP10014812A020P3"", ""vpn_id"" : 10014812, ""technical_type"" : ""PERSONALIZED_MGIT"", ""max_duration"" : null, ""release_cause"" : 0, ""network_sip_code"" : 0, ""mscml_user_part"" : ""0943101110014812"", ""mscml_body_content"" : ""<?xml version=\""1.0\"" encoding=\""utf-8\""?><MediaServerControl version=\""1.0\""><request><playcollect maxdigits=\""1\"" barge=\""yes\"" extradigittimer=\""immediate\"" firstdigittimer=\""immediate\""><prompt><audio url=\""http://prod-serveur-oms-ip.vente.francetelecom.fr:8080/annonces/SVAIP/silence.wav\""/><audio url=\""http://prod-serveur-oms-ip.vente.francetelecom.fr:8080/annonces/SVAIP/10014812/SVAIPP10014812A020P3.wav\""/></prompt></playcollect></request></MediaServerControl>"", ""call_flow_type"" : ""EARLY_MEDIA_AND_RELEASE"", ""header_list"" : []}"
29109,SVAIPP10002228F1,"{""id"" : 29109, ""name"" : ""SVAIPP10002228F1"", ""vpn_id"" : 10002228, ""technical_type"" : ""PERSONALIZED_GREETING"", ""max_duration"" : null, ""release_cause"" : 21, ""network_sip_code"" : 603, ""mscml_user_part"" : ""0943101510002228"", ""mscml_body_content"" : ""<?xml version=\""1.0\"" encoding=\""utf-8\""?><MediaServerControl version=\""1.0\""><request><play><prompt repeat=\""2\""><audio url=\""http://prod-serveur-oms-ip.vente.francetelecom.fr:8080/annonces/SVAIP/silence.wav\""/><audio url=\""http://prod-serveur-oms-ip.vente.francetelecom.fr:8080/annonces/SVAIP/10002228/SVAIPP10002228F1.wav\""/></prompt></play></request></MediaServerControl>"", ""call_flow_type"" : ""EARLY_MEDIA_AND_RELEASE"", ""header_list"" : []}"
29102,SVAIPP10010197F12,"{""id"" : 29102, ""name"" : ""SVAIPP10010197F12"", ""vpn_id"" : 10010197, ""technical_type"" : ""PERSONALIZED_GREETING"", ""max_duration"" : null, ""release_cause"" : 21, ""network_sip_code"" : 603, ""mscml_user_part"" : ""0943101510010197"", ""mscml_body_content"" : ""<?xml version=\""1.0\"" encoding=\""utf-8\""?><MediaServerControl version=\""1.0\""><request><play><prompt repeat=\""2\""><audio url=\""http://prod-serveur-oms-ip.vente.francetelecom.fr:8080/annonces/SVAIP/silence.wav\""/><audio url=\""http://prod-serveur-oms-ip.vente.francetelecom.fr:8080/annonces/SVAIP/10010197/SVAIPP10010197F12.wav\""/></prompt></play></request></MediaServerControl>"", ""call_flow_type"" : ""EARLY_MEDIA_AND_RELEASE"", ""header_list"" : []}"
29106,SVAIPP10014812A020P6,"{""id"" : 29106, ""name"" : ""SVAIPP10014812A020P6"", ""vpn_id"" : 10014812, ""technical_type"" : ""PERSONALIZED_MGIT"", ""max_duration"" : null, ""release_cause"" : 0, ""network_sip_code"" : 0, ""mscml_user_part"" : ""0943101110014812"", ""mscml_body_content"" : ""<?xml version=\""1.0\"" encoding=\""utf-8\""?><MediaServerControl version=\""1.0\""><request><playcollect maxdigits=\""1\"" barge=\""yes\"" extradigittimer=\""immediate\"" firstdigittimer=\""immediate\""><prompt><audio url=\""http://prod-serveur-oms-ip.vente.francetelecom.fr:8080/annonces/SVAIP/silence.wav\""/><audio url=\""http://prod-serveur-oms-ip.vente.francetelecom.fr:8080/annonces/SVAIP/10014812/SVAIPP10014812A020P6.wav\""/></prompt></playcollect></request></MediaServerControl>"", ""call_flow_type"" : ""EARLY_MEDIA_AND_RELEASE"", ""header_list"" : []}"
29381,SVAIPP10002228F4,"{""id"" : 29381, ""name"" : ""SVAIPP10002228F4"", ""vpn_id"" : 10002228, ""technical_type"" : ""PERSONALIZED_GREETING"", ""max_duration"" : null, ""release_cause"" : 21, ""network_sip_code"" : 603, ""mscml_user_part"" : ""0943101510002228"", ""mscml_body_content"" : ""<?xml version=\""1.0\"" encoding=\""utf-8\""?><MediaServerControl version=\""1.0\""><request><play><prompt repeat=\""2\""><audio url=\""http://prod-serveur-oms-ip.vente.francetelecom.fr:8080/annonces/SVAIP/silence.wav\""/><audio url=\""http://prod-serveur-oms-ip.vente.francetelecom.fr:8080/annonces/SVAIP/10002228/SVAIPP10002228F4.wav\""/></prompt></play></request></MediaServerControl>"", ""call_flow_type"" : ""EARLY_MEDIA_AND_RELEASE"", ""header_list"" : []}"
33822,SVAIPP10005941F17,"{""id"" : 33822, ""name"" : ""SVAIPP10005941F17"", ""vpn_id"" : 10005941, ""technical_type"" : ""PERSONALIZED_GREETING"", ""max_duration"" : null, ""release_cause"" : 21, ""network_sip_code"" : 603, ""mscml_user_part"" : ""0943101510005941"", ""mscml_body_content"" : ""<?xml version=\""1.0\"" encoding=\""utf-8\""?><MediaServerControl version=\""1.0\""><request><play><prompt repeat=\""2\""><audio url=\""http://prod-serveur-oms-ip.vente.francetelecom.fr:8080/annonces/SVAIP/silence.wav\""/><audio url=\""http://prod-serveur-oms-ip.vente.francetelecom.fr:8080/annonces/SVAIP/10005941/SVAIPP10005941F17.wav\""/></prompt></play></request></MediaServerControl>"", ""call_flow_type"" : ""EARLY_MEDIA_AND_RELEASE"", ""header_list"" : []}"
29113,SVAIPP10006145F1,"{""id"" : 29113, ""name"" : ""SVAIPP10006145F1"", ""vpn_id"" : 10006145, ""technical_type"" : ""PERSONALIZED_GREETING"", ""max_duration"" : null, ""release_cause"" : 21, ""network_sip_code"" : 603, ""mscml_user_part"" : ""0943101510006145"", ""mscml_body_content"" : ""<?xml version=\""1.0\"" encoding=\""utf-8\""?><MediaServerControl version=\""1.0\""><request><play><prompt repeat=\""2\""><audio url=\""http://prod-serveur-oms-ip.vente.francetelecom.fr:8080/annonces/SVAIP/silence.wav\""/><audio url=\""http://prod-serveur-oms-ip.vente.francetelecom.fr:8080/annonces/SVAIP/10006145/SVAIPP10006145F1.wav\""/></prompt></play></request></MediaServerControl>"", ""call_flow_type"" : ""EARLY_MEDIA_AND_RELEASE"", ""header_list"" : []}"
33903,SVAIPP10017347F10,"{""id"" : 33903, ""name"" : ""SVAIPP10017347F10"", ""vpn_id"" : 10017347, ""technical_type"" : ""PERSONALIZED_GREETING"", ""max_duration"" : null, ""release_cause"" : 21, ""network_sip_code"" : 603, ""mscml_user_part"" : ""0943101510017347"", ""mscml_body_content"" : ""<?xml version=\""1.0\"" encoding=\""utf-8\""?><MediaServerControl version=\""1.0\""><request><play><prompt repeat=\""2\""><audio url=\""http://prod-serveur-oms-ip.vente.francetelecom.fr:8080/annonces/SVAIP/silence.wav\""/><audio url=\""http://prod-serveur-oms-ip.vente.francetelecom.fr:8080/annonces/SVAIP/10017347/SVAIPP10017347F10.wav\""/></prompt></play></request></MediaServerControl>"", ""call_flow_type"" : ""EARLY_MEDIA_AND_RELEASE"", ""header_list"" : []}"
29164,SVAIPP10008346F2,"{""id"" : 29164, ""name"" : ""SVAIPP10008346F2"", ""vpn_id"" : 10008346, ""technical_type"" : ""PERSONALIZED_GREETING"", ""max_duration"" : null, ""release_cause"" : 21, ""network_sip_code"" : 603, ""mscml_user_part"" : ""0943101510008346"", ""mscml_body_content"" : ""<?xml version=\""1.0\"" encoding=\""utf-8\""?><MediaServerControl version=\""1.0\""><request><play><prompt repeat=\""2\""><audio url=\""http://prod-serveur-oms-ip.vente.francetelecom.fr:8080/annonces/SVAIP/silence.wav\""/><audio url=\""http://prod-serveur-oms-ip.vente.francetelecom.fr:8080/annonces/SVAIP/10008346/SVAIPP10008346F2.wav\""/></prompt></play></request></MediaServerControl>"", ""call_flow_type"" : ""EARLY_MEDIA_AND_RELEASE"", ""header_list"" : []}"
29082,SVAIPP10014154F3,"{""id"" : 29082, ""name"" : ""SVAIPP10014154F3"", ""vpn_id"" : 10014154, ""technical_type"" : ""PERSONALIZED_GREETING"", ""max_duration"" : null, ""release_cause"" : 21, ""network_sip_code"" : 603, ""mscml_user_part"" : ""0943101510014154"", ""mscml_body_content"" : ""<?xml version=\""1.0\"" encoding=\""utf-8\""?><MediaServerControl version=\""1.0\""><request><play><prompt repeat=\""2\""><audio url=\""http://prod-serveur-oms-ip.vente.francetelecom.fr:8080/annonces/SVAIP/silence.wav\""/><audio url=\""http://prod-serveur-oms-ip.vente.francetelecom.fr:8080/annonces/SVAIP/10014154/SVAIPP10014154F3.wav\""/></prompt></play></request></MediaServerControl>"", ""call_flow_type"" : ""EARLY_MEDIA_AND_RELEASE"", ""header_list"" : []}"
29165,SVAIPP10002228F3,"{""id"" : 29165, ""name"" : ""SVAIPP10002228F3"", ""vpn_id"" : 10002228, ""technical_type"" : ""PERSONALIZED_GREETING"", ""max_duration"" : null, ""release_cause"" : 21, ""network_sip_code"" : 603, ""mscml_user_part"" : ""0943101510002228"", ""mscml_body_content"" : ""<?xml version=\""1.0\"" encoding=\""utf-8\""?><MediaServerControl version=\""1.0\""><request><play><prompt repeat=\""2\""><audio url=\""http://prod-serveur-oms-ip.vente.francetelecom.fr:8080/annonces/SVAIP/silence.wav\""/><audio url=\""http://prod-serveur-oms-ip.vente.francetelecom.fr:8080/annonces/SVAIP/10002228/SVAIPP10002228F3.wav\""/></prompt></play></request></MediaServerControl>"", ""call_flow_type"" : ""EARLY_MEDIA_AND_RELEASE"", ""header_list"" : []}"
33902,SVAIPP10017347A005N9,"{""id"" : 33902, ""name"" : ""SVAIPP10017347A005N9"", ""vpn_id"" : 10017347, ""technical_type"" : ""PERSONALIZED_MGIT"", ""max_duration"" : null, ""release_cause"" : 0, ""network_sip_code"" : 0, ""mscml_user_part"" : ""0943101110017347"", ""mscml_body_content"" : ""<?xml version=\""1.0\"" encoding=\""utf-8\""?><MediaServerControl version=\""1.0\""><request><playcollect maxdigits=\""1\"" barge=\""yes\"" extradigittimer=\""immediate\"" firstdigittimer=\""immediate\""><prompt><audio url=\""http://prod-serveur-oms-ip.vente.francetelecom.fr:8080/annonces/SVAIP/silence.wav\""/><audio url=\""http://prod-serveur-oms-ip.vente.francetelecom.fr:8080/annonces/SVAIP/10017347/SVAIPP10017347A005N9.wav\""/></prompt></playcollect></request></MediaServerControl>"", ""call_flow_type"" : ""EARLY_MEDIA_AND_RELEASE"", ""header_list"" : []}"
29108,SVAIPP10015714F1,"{""id"" : 29108, ""name"" : ""SVAIPP10015714F1"", ""vpn_id"" : 10015714, ""technical_type"" : ""PERSONALIZED_GREETING"", ""max_duration"" : null, ""release_cause"" : 21, ""network_sip_code"" : 603, ""mscml_user_part"" : ""0943101510015714"", ""mscml_body_content"" : ""<?xml version=\""1.0\"" encoding=\""utf-8\""?><MediaServerControl version=\""1.0\""><request><play><prompt repeat=\""2\""><audio url=\""http://prod-serveur-oms-ip.vente.francetelecom.fr:8080/annonces/SVAIP/silence.wav\""/><audio url=\""http://prod-serveur-oms-ip.vente.francetelecom.fr:8080/annonces/SVAIP/10015714/SVAIPP10015714F1.wav\""/></prompt></play></request></MediaServerControl>"", ""call_flow_type"" : ""EARLY_MEDIA_AND_RELEASE"", ""header_list"" : []}"
29101,SVAIPP10014077F1,"{""id"" : 29101, ""name"" : ""SVAIPP10014077F1"", ""vpn_id"" : 10014077, ""technical_type"" : ""PERSONALIZED_GREETING"", ""max_duration"" : null, ""release_cause"" : 21, ""network_sip_code"" : 603, ""mscml_user_part"" : ""0943101510014077"", ""mscml_body_content"" : ""<?xml version=\""1.0\"" encoding=\""utf-8\""?><MediaServerControl version=\""1.0\""><request><play><prompt repeat=\""2\""><audio url=\""http://prod-serveur-oms-ip.vente.francetelecom.fr:8080/annonces/SVAIP/silence.wav\""/><audio url=\""http://prod-serveur-oms-ip.vente.francetelecom.fr:8080/annonces/SVAIP/10014077/SVAIPP10014077F1.wav\""/></prompt></play></request></MediaServerControl>"", ""call_flow_type"" : ""EARLY_MEDIA_AND_RELEASE"", ""header_list"" : []}"
33906,SVAIPP10017402F3,"{""id"" : 33906, ""name"" : ""SVAIPP10017402F3"", ""vpn_id"" : 10017402, ""technical_type"" : ""PERSONALIZED_GREETING"", ""max_duration"" : null, ""release_cause"" : 21, ""network_sip_code"" : 603, ""mscml_user_part"" : ""0943101510017402"", ""mscml_body_content"" : ""<?xml version=\""1.0\"" encoding=\""utf-8\""?><MediaServerControl version=\""1.0\""><request><play><prompt repeat=\""2\""><audio url=\""http://prod-serveur-oms-ip.vente.francetelecom.fr:8080/annonces/SVAIP/silence.wav\""/><audio url=\""http://prod-serveur-oms-ip.vente.francetelecom.fr:8080/annonces/SVAIP/10017402/SVAIPP10017402F3.wav\""/></prompt></play></request></MediaServerControl>"", ""call_flow_type"" : ""EARLY_MEDIA_AND_RELEASE"", ""header_list"" : []}"
29141,SVAIPP10003804F1,"{""id"" : 29141, ""name"" : ""SVAIPP10003804F1"", ""vpn_id"" : 10003804, ""technical_type"" : ""PERSONALIZED_GREETING"", ""max_duration"" : null, ""release_cause"" : 21, ""network_sip_code"" : 603, ""mscml_user_part"" : ""0943101510003804"", ""mscml_body_content"" : ""<?xml version=\""1.0\"" encoding=\""utf-8\""?><MediaServerControl version=\""1.0\""><request><play><prompt repeat=\""2\""><audio url=\""http://prod-serveur-oms-ip.vente.francetelecom.fr:8080/annonces/SVAIP/silence.wav\""/><audio url=\""http://prod-serveur-oms-ip.vente.francetelecom.fr:8080/annonces/SVAIP/10003804/SVAIPP10003804F1.wav\""/></prompt></play></request></MediaServerControl>"", ""call_flow_type"" : ""EARLY_MEDIA_AND_RELEASE"", ""header_list"" : []}"
29142,SVAIPP10003804F2,"{""id"" : 29142, ""name"" : ""SVAIPP10003804F2"", ""vpn_id"" : 10003804, ""technical_type"" : ""PERSONALIZED_GREETING"", ""max_duration"" : null, ""release_cause"" : 21, ""network_sip_code"" : 603, ""mscml_user_part"" : ""0943101510003804"", ""mscml_body_content"" : ""<?xml version=\""1.0\"" encoding=\""utf-8\""?><MediaServerControl version=\""1.0\""><request><play><prompt repeat=\""2\""><audio url=\""http://prod-serveur-oms-ip.vente.francetelecom.fr:8080/annonces/SVAIP/silence.wav\""/><audio url=\""http://prod-serveur-oms-ip.vente.francetelecom.fr:8080/annonces/SVAIP/10003804/SVAIPP10003804F2.wav\""/></prompt></play></request></MediaServerControl>"", ""call_flow_type"" : ""EARLY_MEDIA_AND_RELEASE"", ""header_list"" : []}"
29104,SVAIPP10014812A020P4,"{""id"" : 29104, ""name"" : ""SVAIPP10014812A020P4"", ""vpn_id"" : 10014812, ""technical_type"" : ""PERSONALIZED_MGIT"", ""max_duration"" : null, ""release_cause"" : 0, ""network_sip_code"" : 0, ""mscml_user_part"" : ""0943101110014812"", ""mscml_body_content"" : ""<?xml version=\""1.0\"" encoding=\""utf-8\""?><MediaServerControl version=\""1.0\""><request><playcollect maxdigits=\""1\"" barge=\""yes\"" extradigittimer=\""immediate\"" firstdigittimer=\""immediate\""><prompt><audio url=\""http://prod-serveur-oms-ip.vente.francetelecom.fr:8080/annonces/SVAIP/silence.wav\""/><audio url=\""http://prod-serveur-oms-ip.vente.francetelecom.fr:8080/annonces/SVAIP/10014812/SVAIPP10014812A020P4.wav\""/></prompt></playcollect></request></MediaServerControl>"", ""call_flow_type"" : ""EARLY_MEDIA_AND_RELEASE"", ""header_list"" : []}"
29114,SVAIPP10006145F2,"{""id"" : 29114, ""name"" : ""SVAIPP10006145F2"", ""vpn_id"" : 10006145, ""technical_type"" : ""PERSONALIZED_GREETING"", ""max_duration"" : null, ""release_cause"" : 21, ""network_sip_code"" : 603, ""mscml_user_part"" : ""0943101510006145"", ""mscml_body_content"" : ""<?xml version=\""1.0\"" encoding=\""utf-8\""?><MediaServerControl version=\""1.0\""><request><play><prompt repeat=\""2\""><audio url=\""http://prod-serveur-oms-ip.vente.francetelecom.fr:8080/annonces/SVAIP/silence.wav\""/><audio url=\""http://prod-serveur-oms-ip.vente.francetelecom.fr:8080/annonces/SVAIP/10006145/SVAIPP10006145F2.wav\""/></prompt></play></request></MediaServerControl>"", ""call_flow_type"" : ""EARLY_MEDIA_AND_RELEASE"", ""header_list"" : []}"
29161,SVAIPP10004077D012P21,"{""id"" : 29161, ""name"" : ""SVAIPP10004077D012P21"", ""vpn_id"" : 10004077, ""technical_type"" : ""PERSONALIZED_MGIT"", ""max_duration"" : null, ""release_cause"" : 0, ""network_sip_code"" : 0, ""mscml_user_part"" : ""0943101110004077"", ""mscml_body_content"" : ""<?xml version=\""1.0\"" encoding=\""utf-8\""?><MediaServerControl version=\""1.0\""><request><playcollect maxdigits=\""1\"" barge=\""yes\"" extradigittimer=\""immediate\"" firstdigittimer=\""immediate\""><prompt><audio url=\""http://prod-serveur-oms-ip.vente.francetelecom.fr:8080/annonces/SVAIP/silence.wav\""/><audio url=\""http://prod-serveur-oms-ip.vente.francetelecom.fr:8080/annonces/SVAIP/10004077/SVAIPP10004077D012P21.wav\""/></prompt></playcollect></request></MediaServerControl>"", ""call_flow_type"" : ""EARLY_MEDIA_AND_RELEASE"", ""header_list"" : []}"
32764,SVAIPP10003728F69,"{""id"" : 32764, ""name"" : ""SVAIPP10003728F69"", ""vpn_id"" : 10003728, ""technical_type"" : ""PERSONALIZED_GREETING"", ""max_duration"" : null, ""release_cause"" : 21, ""network_sip_code"" : 603, ""mscml_user_part"" : ""0943101510003728"", ""mscml_body_content"" : ""<?xml version=\""1.0\"" encoding=\""utf-8\""?><MediaServerControl version=\""1.0\""><request><play><prompt repeat=\""2\""><audio url=\""http://prod-serveur-oms-ip.vente.francetelecom.fr:8080/annonces/SVAIP/silence.wav\""/><audio url=\""http://prod-serveur-oms-ip.vente.francetelecom.fr:8080/annonces/SVAIP/10003728/SVAIPP10003728F69.wav\""/></prompt></play></request></MediaServerControl>"", ""call_flow_type"" : ""EARLY_MEDIA_AND_RELEASE"", ""header_list"" : []}"
29163,SVAIPP10008346F1,"{""id"" : 29163, ""name"" : ""SVAIPP10008346F1"", ""vpn_id"" : 10008346, ""technical_type"" : ""PERSONALIZED_GREETING"", ""max_duration"" : null, ""release_cause"" : 21, ""network_sip_code"" : 603, ""mscml_user_part"" : ""0943101510008346"", ""mscml_body_content"" : ""<?xml version=\""1.0\"" encoding=\""utf-8\""?><MediaServerControl version=\""1.0\""><request><play><prompt repeat=\""2\""><audio url=\""http://prod-serveur-oms-ip.vente.francetelecom.fr:8080/annonces/SVAIP/silence.wav\""/><audio url=\""http://prod-serveur-oms-ip.vente.francetelecom.fr:8080/annonces/SVAIP/10008346/SVAIPP10008346F1.wav\""/></prompt></play></request></MediaServerControl>"", ""call_flow_type"" : ""EARLY_MEDIA_AND_RELEASE"", ""header_list"" : []}"
29181,SVAIPP10010186F9,"{""id"" : 29181, ""name"" : ""SVAIPP10010186F9"", ""vpn_id"" : 10010186, ""technical_type"" : ""PERSONALIZED_GREETING"", ""max_duration"" : null, ""release_cause"" : 21, ""network_sip_code"" : 603, ""mscml_user_part"" : ""0943101510010186"", ""mscml_body_content"" : ""<?xml version=\""1.0\"" encoding=\""utf-8\""?><MediaServerControl version=\""1.0\""><request><play><prompt repeat=\""2\""><audio url=\""http://prod-serveur-oms-ip.vente.francetelecom.fr:8080/annonces/SVAIP/silence.wav\""/><audio url=\""http://prod-serveur-oms-ip.vente.francetelecom.fr:8080/annonces/SVAIP/10010186/SVAIPP10010186F9.wav\""/></prompt></play></request></MediaServerControl>"", ""call_flow_type"" : ""EARLY_MEDIA_AND_RELEASE"", ""header_list"" : []}"
29081,SVAIPP10011305F4,"{""id"" : 29081, ""name"" : ""SVAIPP10011305F4"", ""vpn_id"" : 10011305, ""technical_type"" : ""PERSONALIZED_GREETING"", ""max_duration"" : null, ""release_cause"" : 21, ""network_sip_code"" : 603, ""mscml_user_part"" : ""0943101510011305"", ""mscml_body_content"" : ""<?xml version=\""1.0\"" encoding=\""utf-8\""?><MediaServerControl version=\""1.0\""><request><play><prompt repeat=\""2\""><audio url=\""http://prod-serveur-oms-ip.vente.francetelecom.fr:8080/annonces/SVAIP/silence.wav\""/><audio url=\""http://prod-serveur-oms-ip.vente.francetelecom.fr:8080/annonces/SVAIP/10011305/SVAIPP10011305F4.wav\""/></prompt></play></request></MediaServerControl>"", ""call_flow_type"" : ""EARLY_MEDIA_AND_RELEASE"", ""header_list"" : []}"
29111,SVAIPP10015714F2,"{""id"" : 29111, ""name"" : ""SVAIPP10015714F2"", ""vpn_id"" : 10015714, ""technical_type"" : ""PERSONALIZED_GREETING"", ""max_duration"" : null, ""release_cause"" : 21, ""network_sip_code"" : 603, ""mscml_user_part"" : ""0943101510015714"", ""mscml_body_content"" : ""<?xml version=\""1.0\"" encoding=\""utf-8\""?><MediaServerControl version=\""1.0\""><request><play><prompt repeat=\""2\""><audio url=\""http://prod-serveur-oms-ip.vente.francetelecom.fr:8080/annonces/SVAIP/silence.wav\""/><audio url=\""http://prod-serveur-oms-ip.vente.francetelecom.fr:8080/annonces/SVAIP/10015714/SVAIPP10015714F2.wav\""/></prompt></play></request></MediaServerControl>"", ""call_flow_type"" : ""EARLY_MEDIA_AND_RELEASE"", ""header_list"" : []}"
29444,SVAIPP10003728F54,"{""id"" : 29444, ""name"" : ""SVAIPP10003728F54"", ""vpn_id"" : 10003728, ""technical_type"" : ""PERSONALIZED_GREETING"", ""max_duration"" : null, ""release_cause"" : 21, ""network_sip_code"" : 603, ""mscml_user_part"" : ""0943101510003728"", ""mscml_body_content"" : ""<?xml version=\""1.0\"" encoding=\""utf-8\""?><MediaServerControl version=\""1.0\""><request><play><prompt repeat=\""2\""><audio url=\""http://prod-serveur-oms-ip.vente.francetelecom.fr:8080/annonces/SVAIP/silence.wav\""/><audio url=\""http://prod-serveur-oms-ip.vente.francetelecom.fr:8080/annonces/SVAIP/10003728/SVAIPP10003728F54.wav\""/></prompt></play></request></MediaServerControl>"", ""call_flow_type"" : ""EARLY_MEDIA_AND_RELEASE"", ""header_list"" : []}"
29426,SVAIPP10008693F1,"{""id"" : 29426, ""name"" : ""SVAIPP10008693F1"", ""vpn_id"" : 10008693, ""technical_type"" : ""PERSONALIZED_GREETING"", ""max_duration"" : null, ""release_cause"" : 21, ""network_sip_code"" : 603, ""mscml_user_part"" : ""0943101510008693"", ""mscml_body_content"" : ""<?xml version=\""1.0\"" encoding=\""utf-8\""?><MediaServerControl version=\""1.0\""><request><play><prompt repeat=\""2\""><audio url=\""http://prod-serveur-oms-ip.vente.francetelecom.fr:8080/annonces/SVAIP/silence.wav\""/><audio url=\""http://prod-serveur-oms-ip.vente.francetelecom.fr:8080/annonces/SVAIP/10008693/SVAIPP10008693F1.wav\""/></prompt></play></request></MediaServerControl>"", ""call_flow_type"" : ""EARLY_MEDIA_AND_RELEASE"", ""header_list"" : []}"
29223,SVAIPP10006145F3,"{""id"" : 29223, ""name"" : ""SVAIPP10006145F3"", ""vpn_id"" : 10006145, ""technical_type"" : ""PERSONALIZED_GREETING"", ""max_duration"" : null, ""release_cause"" : 21, ""network_sip_code"" : 603, ""mscml_user_part"" : ""0943101510006145"", ""mscml_body_content"" : ""<?xml version=\""1.0\"" encoding=\""utf-8\""?><MediaServerControl version=\""1.0\""><request><play><prompt repeat=\""2\""><audio url=\""http://prod-serveur-oms-ip.vente.francetelecom.fr:8080/annonces/SVAIP/silence.wav\""/><audio url=\""http://prod-serveur-oms-ip.vente.francetelecom.fr:8080/annonces/SVAIP/10006145/SVAIPP10006145F3.wav\""/></prompt></play></request></MediaServerControl>"", ""call_flow_type"" : ""EARLY_MEDIA_AND_RELEASE"", ""header_list"" : []}"
33201,SVAIPP10009917F2,"{""id"" : 33201, ""name"" : ""SVAIPP10009917F2"", ""vpn_id"" : 10009917, ""technical_type"" : ""PERSONALIZED_GREETING"", ""max_duration"" : null, ""release_cause"" : 21, ""network_sip_code"" : 603, ""mscml_user_part"" : ""0943101510009917"", ""mscml_body_content"" : ""<?xml version=\""1.0\"" encoding=\""utf-8\""?><MediaServerControl version=\""1.0\""><request><play><prompt repeat=\""2\""><audio url=\""http://prod-serveur-oms-ip.vente.francetelecom.fr:8080/annonces/SVAIP/silence.wav\""/><audio url=\""http://prod-serveur-oms-ip.vente.francetelecom.fr:8080/annonces/SVAIP/10009917/SVAIPP10009917F2.wav\""/></prompt></play></request></MediaServerControl>"", ""call_flow_type"" : ""EARLY_MEDIA_AND_RELEASE"", ""header_list"" : []}"
32765,SVAIPP10017635F4,"{""id"" : 32765, ""name"" : ""SVAIPP10017635F4"", ""vpn_id"" : 10017635, ""technical_type"" : ""PERSONALIZED_GREETING"", ""max_duration"" : null, ""release_cause"" : 21, ""network_sip_code"" : 603, ""mscml_user_part"" : ""0943101510017635"", ""mscml_body_content"" : ""<?xml version=\""1.0\"" encoding=\""utf-8\""?><MediaServerControl version=\""1.0\""><request><play><prompt repeat=\""2\""><audio url=\""http://prod-serveur-oms-ip.vente.francetelecom.fr:8080/annonces/SVAIP/silence.wav\""/><audio url=\""http://prod-serveur-oms-ip.vente.francetelecom.fr:8080/annonces/SVAIP/10017635/SVAIPP10017635F4.wav\""/></prompt></play></request></MediaServerControl>"", ""call_flow_type"" : ""EARLY_MEDIA_AND_RELEASE"", ""header_list"" : []}"
30581,SVAIPP10016599F1,"{""id"" : 30581, ""name"" : ""SVAIPP10016599F1"", ""vpn_id"" : 10016599, ""technical_type"" : ""PERSONALIZED_GREETING"", ""max_duration"" : null, ""release_cause"" : 21, ""network_sip_code"" : 603, ""mscml_user_part"" : ""0943101510016599"", ""mscml_body_content"" : ""<?xml version=\""1.0\"" encoding=\""utf-8\""?><MediaServerControl version=\""1.0\""><request><play><prompt repeat=\""2\""><audio url=\""http://prod-serveur-oms-ip.vente.francetelecom.fr:8080/annonces/SVAIP/silence.wav\""/><audio url=\""http://prod-serveur-oms-ip.vente.francetelecom.fr:8080/annonces/SVAIP/10016599/SVAIPP10016599F1.wav\""/></prompt></play></request></MediaServerControl>"", ""call_flow_type"" : ""EARLY_MEDIA_AND_RELEASE"", ""header_list"" : []}"
29302,SVAIPP10010739F1,"{""id"" : 29302, ""name"" : ""SVAIPP10010739F1"", ""vpn_id"" : 10010739, ""technical_type"" : ""PERSONALIZED_GREETING"", ""max_duration"" : null, ""release_cause"" : 21, ""network_sip_code"" : 603, ""mscml_user_part"" : ""0943101510010739"", ""mscml_body_content"" : ""<?xml version=\""1.0\"" encoding=\""utf-8\""?><MediaServerControl version=\""1.0\""><request><play><prompt repeat=\""2\""><audio url=\""http://prod-serveur-oms-ip.vente.francetelecom.fr:8080/annonces/SVAIP/silence.wav\""/><audio url=\""http://prod-serveur-oms-ip.vente.francetelecom.fr:8080/annonces/SVAIP/10010739/SVAIPP10010739F1.wav\""/></prompt></play></request></MediaServerControl>"", ""call_flow_type"" : ""EARLY_MEDIA_AND_RELEASE"", ""header_list"" : []}"
29341,SVAIPP10004974F1,"{""id"" : 29341, ""name"" : ""SVAIPP10004974F1"", ""vpn_id"" : 10004974, ""technical_type"" : ""PERSONALIZED_GREETING"", ""max_duration"" : null, ""release_cause"" : 21, ""network_sip_code"" : 603, ""mscml_user_part"" : ""0943101510004974"", ""mscml_body_content"" : ""<?xml version=\""1.0\"" encoding=\""utf-8\""?><MediaServerControl version=\""1.0\""><request><play><prompt repeat=\""2\""><audio url=\""http://prod-serveur-oms-ip.vente.francetelecom.fr:8080/annonces/SVAIP/silence.wav\""/><audio url=\""http://prod-serveur-oms-ip.vente.francetelecom.fr:8080/annonces/SVAIP/10004974/SVAIPP10004974F1.wav\""/></prompt></play></request></MediaServerControl>"", ""call_flow_type"" : ""EARLY_MEDIA_AND_RELEASE"", ""header_list"" : []}"
29362,SVAIPP10010197F13,"{""id"" : 29362, ""name"" : ""SVAIPP10010197F13"", ""vpn_id"" : 10010197, ""technical_type"" : ""PERSONALIZED_GREETING"", ""max_duration"" : null, ""release_cause"" : 21, ""network_sip_code"" : 603, ""mscml_user_part"" : ""0943101510010197"", ""mscml_body_content"" : ""<?xml version=\""1.0\"" encoding=\""utf-8\""?><MediaServerControl version=\""1.0\""><request><play><prompt repeat=\""2\""><audio url=\""http://prod-serveur-oms-ip.vente.francetelecom.fr:8080/annonces/SVAIP/silence.wav\""/><audio url=\""http://prod-serveur-oms-ip.vente.francetelecom.fr:8080/annonces/SVAIP/10010197/SVAIPP10010197F13.wav\""/></prompt></play></request></MediaServerControl>"", ""call_flow_type"" : ""EARLY_MEDIA_AND_RELEASE"", ""header_list"" : []}"
29401,SVAIPP10014763F1,"{""id"" : 29401, ""name"" : ""SVAIPP10014763F1"", ""vpn_id"" : 10014763, ""technical_type"" : ""PERSONALIZED_GREETING"", ""max_duration"" : null, ""release_cause"" : 21, ""network_sip_code"" : 603, ""mscml_user_part"" : ""0943101510014763"", ""mscml_body_content"" : ""<?xml version=\""1.0\"" encoding=\""utf-8\""?><MediaServerControl version=\""1.0\""><request><play><prompt repeat=\""2\""><audio url=\""http://prod-serveur-oms-ip.vente.francetelecom.fr:8080/annonces/SVAIP/silence.wav\""/><audio url=\""http://prod-serveur-oms-ip.vente.francetelecom.fr:8080/annonces/SVAIP/10014763/SVAIPP10014763F1.wav\""/></prompt></play></request></MediaServerControl>"", ""call_flow_type"" : ""EARLY_MEDIA_AND_RELEASE"", ""header_list"" : []}"
29403,SVAIPP10013952F2,"{""id"" : 29403, ""name"" : ""SVAIPP10013952F2"", ""vpn_id"" : 10013952, ""technical_type"" : ""PERSONALIZED_GREETING"", ""max_duration"" : null, ""release_cause"" : 21, ""network_sip_code"" : 603, ""mscml_user_part"" : ""0943101510013952"", ""mscml_body_content"" : ""<?xml version=\""1.0\"" encoding=\""utf-8\""?><MediaServerControl version=\""1.0\""><request><play><prompt repeat=\""2\""><audio url=\""http://prod-serveur-oms-ip.vente.francetelecom.fr:8080/annonces/SVAIP/silence.wav\""/><audio url=\""http://prod-serveur-oms-ip.vente.francetelecom.fr:8080/annonces/SVAIP/10013952/SVAIPP10013952F2.wav\""/></prompt></play></request></MediaServerControl>"", ""call_flow_type"" : ""EARLY_MEDIA_AND_RELEASE"", ""header_list"" : []}"
29402,SVAIPP10012442F1,"{""id"" : 29402, ""name"" : ""SVAIPP10012442F1"", ""vpn_id"" : 10012442, ""technical_type"" : ""PERSONALIZED_GREETING"", ""max_duration"" : null, ""release_cause"" : 21, ""network_sip_code"" : 603, ""mscml_user_part"" : ""0943101510012442"", ""mscml_body_content"" : ""<?xml version=\""1.0\"" encoding=\""utf-8\""?><MediaServerControl version=\""1.0\""><request><play><prompt repeat=\""2\""><audio url=\""http://prod-serveur-oms-ip.vente.francetelecom.fr:8080/annonces/SVAIP/silence.wav\""/><audio url=\""http://prod-serveur-oms-ip.vente.francetelecom.fr:8080/annonces/SVAIP/10012442/SVAIPP10012442F1.wav\""/></prompt></play></request></MediaServerControl>"", ""call_flow_type"" : ""EARLY_MEDIA_AND_RELEASE"", ""header_list"" : []}"
29422,SVAIPP10016244D015P2,"{""id"" : 29422, ""name"" : ""SVAIPP10016244D015P2"", ""vpn_id"" : 10016244, ""technical_type"" : ""PERSONALIZED_MGIT"", ""max_duration"" : null, ""release_cause"" : 0, ""network_sip_code"" : 0, ""mscml_user_part"" : ""0943101110016244"", ""mscml_body_content"" : ""<?xml version=\""1.0\"" encoding=\""utf-8\""?><MediaServerControl version=\""1.0\""><request><playcollect maxdigits=\""1\"" barge=\""yes\"" extradigittimer=\""immediate\"" firstdigittimer=\""immediate\""><prompt><audio url=\""http://prod-serveur-oms-ip.vente.francetelecom.fr:8080/annonces/SVAIP/silence.wav\""/><audio url=\""http://prod-serveur-oms-ip.vente.francetelecom.fr:8080/annonces/SVAIP/10016244/SVAIPP10016244D015P2.wav\""/></prompt></playcollect></request></MediaServerControl>"", ""call_flow_type"" : ""EARLY_MEDIA_AND_RELEASE"", ""header_list"" : []}"
29424,SVAIPP10012442F2,"{""id"" : 29424, ""name"" : ""SVAIPP10012442F2"", ""vpn_id"" : 10012442, ""technical_type"" : ""PERSONALIZED_GREETING"", ""max_duration"" : null, ""release_cause"" : 21, ""network_sip_code"" : 603, ""mscml_user_part"" : ""0943101510012442"", ""mscml_body_content"" : ""<?xml version=\""1.0\"" encoding=\""utf-8\""?><MediaServerControl version=\""1.0\""><request><play><prompt repeat=\""2\""><audio url=\""http://prod-serveur-oms-ip.vente.francetelecom.fr:8080/annonces/SVAIP/silence.wav\""/><audio url=\""http://prod-serveur-oms-ip.vente.francetelecom.fr:8080/annonces/SVAIP/10012442/SVAIPP10012442F2.wav\""/></prompt></play></request></MediaServerControl>"", ""call_flow_type"" : ""EARLY_MEDIA_AND_RELEASE"", ""header_list"" : []}"
29201,SVAIPP10007039F3,"{""id"" : 29201, ""name"" : ""SVAIPP10007039F3"", ""vpn_id"" : 10007039, ""technical_type"" : ""PERSONALIZED_GREETING"", ""max_duration"" : null, ""release_cause"" : 21, ""network_sip_code"" : 603, ""mscml_user_part"" : ""0943101510007039"", ""mscml_body_content"" : ""<?xml version=\""1.0\"" encoding=\""utf-8\""?><MediaServerControl version=\""1.0\""><request><play><prompt repeat=\""2\""><audio url=\""http://prod-serveur-oms-ip.vente.francetelecom.fr:8080/annonces/SVAIP/silence.wav\""/><audio url=\""http://prod-serveur-oms-ip.vente.francetelecom.fr:8080/annonces/SVAIP/10007039/SVAIPP10007039F3.wav\""/></prompt></play></request></MediaServerControl>"", ""call_flow_type"" : ""EARLY_MEDIA_AND_RELEASE"", ""header_list"" : []}"
29222,SVAIPP10013091F1,"{""id"" : 29222, ""name"" : ""SVAIPP10013091F1"", ""vpn_id"" : 10013091, ""technical_type"" : ""PERSONALIZED_GREETING"", ""max_duration"" : null, ""release_cause"" : 21, ""network_sip_code"" : 603, ""mscml_user_part"" : ""0943101510013091"", ""mscml_body_content"" : ""<?xml version=\""1.0\"" encoding=\""utf-8\""?><MediaServerControl version=\""1.0\""><request><play><prompt repeat=\""2\""><audio url=\""http://prod-serveur-oms-ip.vente.francetelecom.fr:8080/annonces/SVAIP/silence.wav\""/><audio url=\""http://prod-serveur-oms-ip.vente.francetelecom.fr:8080/annonces/SVAIP/10013091/SVAIPP10013091F1.wav\""/></prompt></play></request></MediaServerControl>"", ""call_flow_type"" : ""EARLY_MEDIA_AND_RELEASE"", ""header_list"" : []}"
29241,SVAIPP10003728A299P53,"{""id"" : 29241, ""name"" : ""SVAIPP10003728A299P53"", ""vpn_id"" : 10003728, ""technical_type"" : ""PERSONALIZED_MGIT"", ""max_duration"" : null, ""release_cause"" : 0, ""network_sip_code"" : 0, ""mscml_user_part"" : ""0943101110003728"", ""mscml_body_content"" : ""<?xml version=\""1.0\"" encoding=\""utf-8\""?><MediaServerControl version=\""1.0\""><request><playcollect maxdigits=\""1\"" barge=\""yes\"" extradigittimer=\""immediate\"" firstdigittimer=\""immediate\""><prompt><audio url=\""http://prod-serveur-oms-ip.vente.francetelecom.fr:8080/annonces/SVAIP/silence.wav\""/><audio url=\""http://prod-serveur-oms-ip.vente.francetelecom.fr:8080/annonces/SVAIP/10003728/SVAIPP10003728A299P53.wav\""/></prompt></playcollect></request></MediaServerControl>"", ""call_flow_type"" : ""EARLY_MEDIA_AND_RELEASE"", ""header_list"" : []}"
29303,SVAIPP10014852F2,"{""id"" : 29303, ""name"" : ""SVAIPP10014852F2"", ""vpn_id"" : 10014852, ""technical_type"" : ""PERSONALIZED_GREETING"", ""max_duration"" : null, ""release_cause"" : 21, ""network_sip_code"" : 603, ""mscml_user_part"" : ""0943101510014852"", ""mscml_body_content"" : ""<?xml version=\""1.0\"" encoding=\""utf-8\""?><MediaServerControl version=\""1.0\""><request><play><prompt repeat=\""2\""><audio url=\""http://prod-serveur-oms-ip.vente.francetelecom.fr:8080/annonces/SVAIP/silence.wav\""/><audio url=\""http://prod-serveur-oms-ip.vente.francetelecom.fr:8080/annonces/SVAIP/10014852/SVAIPP10014852F2.wav\""/></prompt></play></request></MediaServerControl>"", ""call_flow_type"" : ""EARLY_MEDIA_AND_RELEASE"", ""header_list"" : []}"
32766,SVAIPP10017635F5,"{""id"" : 32766, ""name"" : ""SVAIPP10017635F5"", ""vpn_id"" : 10017635, ""technical_type"" : ""PERSONALIZED_GREETING"", ""max_duration"" : null, ""release_cause"" : 21, ""network_sip_code"" : 603, ""mscml_user_part"" : ""0943101510017635"", ""mscml_body_content"" : ""<?xml version=\""1.0\"" encoding=\""utf-8\""?><MediaServerControl version=\""1.0\""><request><play><prompt repeat=\""2\""><audio url=\""http://prod-serveur-oms-ip.vente.francetelecom.fr:8080/annonces/SVAIP/silence.wav\""/><audio url=\""http://prod-serveur-oms-ip.vente.francetelecom.fr:8080/annonces/SVAIP/10017635/SVAIPP10017635F5.wav\""/></prompt></play></request></MediaServerControl>"", ""call_flow_type"" : ""EARLY_MEDIA_AND_RELEASE"", ""header_list"" : []}"
29427,SVAIPP10008693F2,"{""id"" : 29427, ""name"" : ""SVAIPP10008693F2"", ""vpn_id"" : 10008693, ""technical_type"" : ""PERSONALIZED_GREETING"", ""max_duration"" : null, ""release_cause"" : 21, ""network_sip_code"" : 603, ""mscml_user_part"" : ""0943101510008693"", ""mscml_body_content"" : ""<?xml version=\""1.0\"" encoding=\""utf-8\""?><MediaServerControl version=\""1.0\""><request><play><prompt repeat=\""2\""><audio url=\""http://prod-serveur-oms-ip.vente.francetelecom.fr:8080/annonces/SVAIP/silence.wav\""/><audio url=\""http://prod-serveur-oms-ip.vente.francetelecom.fr:8080/annonces/SVAIP/10008693/SVAIPP10008693F2.wav\""/></prompt></play></request></MediaServerControl>"", ""call_flow_type"" : ""EARLY_MEDIA_AND_RELEASE"", ""header_list"" : []}"
29404,SVAIPP10013952F3,"{""id"" : 29404, ""name"" : ""SVAIPP10013952F3"", ""vpn_id"" : 10013952, ""technical_type"" : ""PERSONALIZED_GREETING"", ""max_duration"" : null, ""release_cause"" : 21, ""network_sip_code"" : 603, ""mscml_user_part"" : ""0943101510013952"", ""mscml_body_content"" : ""<?xml version=\""1.0\"" encoding=\""utf-8\""?><MediaServerControl version=\""1.0\""><request><play><prompt repeat=\""2\""><audio url=\""http://prod-serveur-oms-ip.vente.francetelecom.fr:8080/annonces/SVAIP/silence.wav\""/><audio url=\""http://prod-serveur-oms-ip.vente.francetelecom.fr:8080/annonces/SVAIP/10013952/SVAIPP10013952F3.wav\""/></prompt></play></request></MediaServerControl>"", ""call_flow_type"" : ""EARLY_MEDIA_AND_RELEASE"", ""header_list"" : []}"
29441,SVAIPP10014852F5,"{""id"" : 29441, ""name"" : ""SVAIPP10014852F5"", ""vpn_id"" : 10014852, ""technical_type"" : ""PERSONALIZED_GREETING"", ""max_duration"" : null, ""release_cause"" : 21, ""network_sip_code"" : 603, ""mscml_user_part"" : ""0943101510014852"", ""mscml_body_content"" : ""<?xml version=\""1.0\"" encoding=\""utf-8\""?><MediaServerControl version=\""1.0\""><request><play><prompt repeat=\""2\""><audio url=\""http://prod-serveur-oms-ip.vente.francetelecom.fr:8080/annonces/SVAIP/silence.wav\""/><audio url=\""http://prod-serveur-oms-ip.vente.francetelecom.fr:8080/annonces/SVAIP/10014852/SVAIPP10014852F5.wav\""/></prompt></play></request></MediaServerControl>"", ""call_flow_type"" : ""EARLY_MEDIA_AND_RELEASE"", ""header_list"" : []}"
32801,SVAIPP10017310F21,"{""id"" : 32801, ""name"" : ""SVAIPP10017310F21"", ""vpn_id"" : 10017310, ""technical_type"" : ""PERSONALIZED_GREETING"", ""max_duration"" : null, ""release_cause"" : 21, ""network_sip_code"" : 603, ""mscml_user_part"" : ""0943101510017310"", ""mscml_body_content"" : ""<?xml version=\""1.0\"" encoding=\""utf-8\""?><MediaServerControl version=\""1.0\""><request><play><prompt repeat=\""2\""><audio url=\""http://prod-serveur-oms-ip.vente.francetelecom.fr:8080/annonces/SVAIP/silence.wav\""/><audio url=\""http://prod-serveur-oms-ip.vente.francetelecom.fr:8080/annonces/SVAIP/10017310/SVAIPP10017310F21.wav\""/></prompt></play></request></MediaServerControl>"", ""call_flow_type"" : ""EARLY_MEDIA_AND_RELEASE"", ""header_list"" : []}"
29446,SVAIPP10011995F1,"{""id"" : 29446, ""name"" : ""SVAIPP10011995F1"", ""vpn_id"" : 10011995, ""technical_type"" : ""PERSONALIZED_GREETING"", ""max_duration"" : null, ""release_cause"" : 21, ""network_sip_code"" : 603, ""mscml_user_part"" : ""0943101510011995"", ""mscml_body_content"" : ""<?xml version=\""1.0\"" encoding=\""utf-8\""?><MediaServerControl version=\""1.0\""><request><play><prompt repeat=\""2\""><audio url=\""http://prod-serveur-oms-ip.vente.francetelecom.fr:8080/annonces/SVAIP/silence.wav\""/><audio url=\""http://prod-serveur-oms-ip.vente.francetelecom.fr:8080/annonces/SVAIP/10011995/SVAIPP10011995F1.wav\""/></prompt></play></request></MediaServerControl>"", ""call_flow_type"" : ""EARLY_MEDIA_AND_RELEASE"", ""header_list"" : []}"
29361,SVAIPP10014852F4,"{""id"" : 29361, ""name"" : ""SVAIPP10014852F4"", ""vpn_id"" : 10014852, ""technical_type"" : ""PERSONALIZED_GREETING"", ""max_duration"" : null, ""release_cause"" : 21, ""network_sip_code"" : 603, ""mscml_user_part"" : ""0943101510014852"", ""mscml_body_content"" : ""<?xml version=\""1.0\"" encoding=\""utf-8\""?><MediaServerControl version=\""1.0\""><request><play><prompt repeat=\""2\""><audio url=\""http://prod-serveur-oms-ip.vente.francetelecom.fr:8080/annonces/SVAIP/silence.wav\""/><audio url=\""http://prod-serveur-oms-ip.vente.francetelecom.fr:8080/annonces/SVAIP/10014852/SVAIPP10014852F4.wav\""/></prompt></play></request></MediaServerControl>"", ""call_flow_type"" : ""EARLY_MEDIA_AND_RELEASE"", ""header_list"" : []}"
29643,SVAIPP10014812A020P9,"{""id"" : 29643, ""name"" : ""SVAIPP10014812A020P9"", ""vpn_id"" : 10014812, ""technical_type"" : ""PERSONALIZED_MGIT"", ""max_duration"" : null, ""release_cause"" : 0, ""network_sip_code"" : 0, ""mscml_user_part"" : ""0943101110014812"", ""mscml_body_content"" : ""<?xml version=\""1.0\"" encoding=\""utf-8\""?><MediaServerControl version=\""1.0\""><request><playcollect maxdigits=\""1\"" barge=\""yes\"" extradigittimer=\""immediate\"" firstdigittimer=\""immediate\""><prompt><audio url=\""http://prod-serveur-oms-ip.vente.francetelecom.fr:8080/annonces/SVAIP/silence.wav\""/><audio url=\""http://prod-serveur-oms-ip.vente.francetelecom.fr:8080/annonces/SVAIP/10014812/SVAIPP10014812A020P9.wav\""/></prompt></playcollect></request></MediaServerControl>"", ""call_flow_type"" : ""EARLY_MEDIA_AND_RELEASE"", ""header_list"" : []}"
29221,SVAIPP10005441F1,"{""id"" : 29221, ""name"" : ""SVAIPP10005441F1"", ""vpn_id"" : 10005441, ""technical_type"" : ""PERSONALIZED_GREETING"", ""max_duration"" : null, ""release_cause"" : 21, ""network_sip_code"" : 603, ""mscml_user_part"" : ""0943101510005441"", ""mscml_body_content"" : ""<?xml version=\""1.0\"" encoding=\""utf-8\""?><MediaServerControl version=\""1.0\""><request><play><prompt repeat=\""2\""><audio url=\""http://prod-serveur-oms-ip.vente.francetelecom.fr:8080/annonces/SVAIP/silence.wav\""/><audio url=\""http://prod-serveur-oms-ip.vente.francetelecom.fr:8080/annonces/SVAIP/10005441/SVAIPP10005441F1.wav\""/></prompt></play></request></MediaServerControl>"", ""call_flow_type"" : ""EARLY_MEDIA_AND_RELEASE"", ""header_list"" : []}"
29442,SVAIPP10014692F3,"{""id"" : 29442, ""name"" : ""SVAIPP10014692F3"", ""vpn_id"" : 10014692, ""technical_type"" : ""PERSONALIZED_GREETING"", ""max_duration"" : null, ""release_cause"" : 21, ""network_sip_code"" : 603, ""mscml_user_part"" : ""0943101510014692"", ""mscml_body_content"" : ""<?xml version=\""1.0\"" encoding=\""utf-8\""?><MediaServerControl version=\""1.0\""><request><play><prompt repeat=\""2\""><audio url=\""http://prod-serveur-oms-ip.vente.francetelecom.fr:8080/annonces/SVAIP/silence.wav\""/><audio url=\""http://prod-serveur-oms-ip.vente.francetelecom.fr:8080/annonces/SVAIP/10014692/SVAIPP10014692F3.wav\""/></prompt></play></request></MediaServerControl>"", ""call_flow_type"" : ""EARLY_MEDIA_AND_RELEASE"", ""header_list"" : []}"
29886,SVAIPP10003012F2,"{""id"" : 29886, ""name"" : ""SVAIPP10003012F2"", ""vpn_id"" : 10003012, ""technical_type"" : ""PERSONALIZED_GREETING"", ""max_duration"" : null, ""release_cause"" : 21, ""network_sip_code"" : 603, ""mscml_user_part"" : ""0943101510003012"", ""mscml_body_content"" : ""<?xml version=\""1.0\"" encoding=\""utf-8\""?><MediaServerControl version=\""1.0\""><request><play><prompt repeat=\""2\""><audio url=\""http://prod-serveur-oms-ip.vente.francetelecom.fr:8080/annonces/SVAIP/silence.wav\""/><audio url=\""http://prod-serveur-oms-ip.vente.francetelecom.fr:8080/annonces/SVAIP/10003012/SVAIPP10003012F2.wav\""/></prompt></play></request></MediaServerControl>"", ""call_flow_type"" : ""EARLY_MEDIA_AND_RELEASE"", ""header_list"" : []}"
29926,SVAIPP10014084F1,"{""id"" : 29926, ""name"" : ""SVAIPP10014084F1"", ""vpn_id"" : 10014084, ""technical_type"" : ""PERSONALIZED_GREETING"", ""max_duration"" : null, ""release_cause"" : 21, ""network_sip_code"" : 603, ""mscml_user_part"" : ""0943101510014084"", ""mscml_body_content"" : ""<?xml version=\""1.0\"" encoding=\""utf-8\""?><MediaServerControl version=\""1.0\""><request><play><prompt repeat=\""2\""><audio url=\""http://prod-serveur-oms-ip.vente.francetelecom.fr:8080/annonces/SVAIP/silence.wav\""/><audio url=\""http://prod-serveur-oms-ip.vente.francetelecom.fr:8080/annonces/SVAIP/10014084/SVAIPP10014084F1.wav\""/></prompt></play></request></MediaServerControl>"", ""call_flow_type"" : ""EARLY_MEDIA_AND_RELEASE"", ""header_list"" : []}"
29623,SVAIPP10006354F2,"{""id"" : 29623, ""name"" : ""SVAIPP10006354F2"", ""vpn_id"" : 10006354, ""technical_type"" : ""PERSONALIZED_GREETING"", ""max_duration"" : null, ""release_cause"" : 21, ""network_sip_code"" : 603, ""mscml_user_part"" : ""0943101510006354"", ""mscml_body_content"" : ""<?xml version=\""1.0\"" encoding=\""utf-8\""?><MediaServerControl version=\""1.0\""><request><play><prompt repeat=\""2\""><audio url=\""http://prod-serveur-oms-ip.vente.francetelecom.fr:8080/annonces/SVAIP/silence.wav\""/><audio url=\""http://prod-serveur-oms-ip.vente.francetelecom.fr:8080/annonces/SVAIP/10006354/SVAIPP10006354F2.wav\""/></prompt></play></request></MediaServerControl>"", ""call_flow_type"" : ""EARLY_MEDIA_AND_RELEASE"", ""header_list"" : []}"
29704,SVAIPP10014355F1,"{""id"" : 29704, ""name"" : ""SVAIPP10014355F1"", ""vpn_id"" : 10014355, ""technical_type"" : ""PERSONALIZED_GREETING"", ""max_duration"" : null, ""release_cause"" : 21, ""network_sip_code"" : 603, ""mscml_user_part"" : ""0943101510014355"", ""mscml_body_content"" : ""<?xml version=\""1.0\"" encoding=\""utf-8\""?><MediaServerControl version=\""1.0\""><request><play><prompt repeat=\""2\""><audio url=\""http://prod-serveur-oms-ip.vente.francetelecom.fr:8080/annonces/SVAIP/silence.wav\""/><audio url=\""http://prod-serveur-oms-ip.vente.francetelecom.fr:8080/annonces/SVAIP/10014355/SVAIPP10014355F1.wav\""/></prompt></play></request></MediaServerControl>"", ""call_flow_type"" : ""EARLY_MEDIA_AND_RELEASE"", ""header_list"" : []}"
29961,SVAIPP10015066F1,"{""id"" : 29961, ""name"" : ""SVAIPP10015066F1"", ""vpn_id"" : 10015066, ""technical_type"" : ""PERSONALIZED_GREETING"", ""max_duration"" : null, ""release_cause"" : 21, ""network_sip_code"" : 603, ""mscml_user_part"" : ""0943101510015066"", ""mscml_body_content"" : ""<?xml version=\""1.0\"" encoding=\""utf-8\""?><MediaServerControl version=\""1.0\""><request><play><prompt repeat=\""2\""><audio url=\""http://prod-serveur-oms-ip.vente.francetelecom.fr:8080/annonces/SVAIP/silence.wav\""/><audio url=\""http://prod-serveur-oms-ip.vente.francetelecom.fr:8080/annonces/SVAIP/10015066/SVAIPP10015066F1.wav\""/></prompt></play></request></MediaServerControl>"", ""call_flow_type"" : ""EARLY_MEDIA_AND_RELEASE"", ""header_list"" : []}"
29965,SVAIPP10015066F5,"{""id"" : 29965, ""name"" : ""SVAIPP10015066F5"", ""vpn_id"" : 10015066, ""technical_type"" : ""PERSONALIZED_GREETING"", ""max_duration"" : null, ""release_cause"" : 21, ""network_sip_code"" : 603, ""mscml_user_part"" : ""0943101510015066"", ""mscml_body_content"" : ""<?xml version=\""1.0\"" encoding=\""utf-8\""?><MediaServerControl version=\""1.0\""><request><play><prompt repeat=\""2\""><audio url=\""http://prod-serveur-oms-ip.vente.francetelecom.fr:8080/annonces/SVAIP/silence.wav\""/><audio url=\""http://prod-serveur-oms-ip.vente.francetelecom.fr:8080/annonces/SVAIP/10015066/SVAIPP10015066F5.wav\""/></prompt></play></request></MediaServerControl>"", ""call_flow_type"" : ""EARLY_MEDIA_AND_RELEASE"", ""header_list"" : []}"
31264,SVAIPP10010153D040P12,"{""id"" : 31264, ""name"" : ""SVAIPP10010153D040P12"", ""vpn_id"" : 10010153, ""technical_type"" : ""PERSONALIZED_MGIT"", ""max_duration"" : null, ""release_cause"" : 0, ""network_sip_code"" : 0, ""mscml_user_part"" : ""0943101110010153"", ""mscml_body_content"" : ""<?xml version=\""1.0\"" encoding=\""utf-8\""?><MediaServerControl version=\""1.0\""><request><playcollect maxdigits=\""1\"" barge=\""yes\"" extradigittimer=\""immediate\"" firstdigittimer=\""immediate\""><prompt><audio url=\""http://prod-serveur-oms-ip.vente.francetelecom.fr:8080/annonces/SVAIP/silence.wav\""/><audio url=\""http://prod-serveur-oms-ip.vente.francetelecom.fr:8080/annonces/SVAIP/10010153/SVAIPP10010153D040P12.wav\""/></prompt></playcollect></request></MediaServerControl>"", ""call_flow_type"" : ""EARLY_MEDIA_AND_RELEASE"", ""header_list"" : []}"
31481,SVAIPP10006314F1,"{""id"" : 31481, ""name"" : ""SVAIPP10006314F1"", ""vpn_id"" : 10006314, ""technical_type"" : ""PERSONALIZED_GREETING"", ""max_duration"" : null, ""release_cause"" : 21, ""network_sip_code"" : 603, ""mscml_user_part"" : ""0943101510006314"", ""mscml_body_content"" : ""<?xml version=\""1.0\"" encoding=\""utf-8\""?><MediaServerControl version=\""1.0\""><request><play><prompt repeat=\""2\""><audio url=\""http://prod-serveur-oms-ip.vente.francetelecom.fr:8080/annonces/SVAIP/silence.wav\""/><audio url=\""http://prod-serveur-oms-ip.vente.francetelecom.fr:8080/annonces/SVAIP/10006314/SVAIPP10006314F1.wav\""/></prompt></play></request></MediaServerControl>"", ""call_flow_type"" : ""EARLY_MEDIA_AND_RELEASE"", ""header_list"" : []}"
31661,SVAIPP10014692F8,"{""id"" : 31661, ""name"" : ""SVAIPP10014692F8"", ""vpn_id"" : 10014692, ""technical_type"" : ""PERSONALIZED_GREETING"", ""max_duration"" : null, ""release_cause"" : 21, ""network_sip_code"" : 603, ""mscml_user_part"" : ""0943101510014692"", ""mscml_body_content"" : ""<?xml version=\""1.0\"" encoding=\""utf-8\""?><MediaServerControl version=\""1.0\""><request><play><prompt repeat=\""2\""><audio url=\""http://prod-serveur-oms-ip.vente.francetelecom.fr:8080/annonces/SVAIP/silence.wav\""/><audio url=\""http://prod-serveur-oms-ip.vente.francetelecom.fr:8080/annonces/SVAIP/10014692/SVAIPP10014692F8.wav\""/></prompt></play></request></MediaServerControl>"", ""call_flow_type"" : ""EARLY_MEDIA_AND_RELEASE"", ""header_list"" : []}"
31821,SVAIPP10005032F2,"{""id"" : 31821, ""name"" : ""SVAIPP10005032F2"", ""vpn_id"" : 10005032, ""technical_type"" : ""PERSONALIZED_GREETING"", ""max_duration"" : null, ""release_cause"" : 21, ""network_sip_code"" : 603, ""mscml_user_part"" : ""0943101510005032"", ""mscml_body_content"" : ""<?xml version=\""1.0\"" encoding=\""utf-8\""?><MediaServerControl version=\""1.0\""><request><play><prompt repeat=\""2\""><audio url=\""http://prod-serveur-oms-ip.vente.francetelecom.fr:8080/annonces/SVAIP/silence.wav\""/><audio url=\""http://prod-serveur-oms-ip.vente.francetelecom.fr:8080/annonces/SVAIP/10005032/SVAIPP10005032F2.wav\""/></prompt></play></request></MediaServerControl>"", ""call_flow_type"" : ""EARLY_MEDIA_AND_RELEASE"", ""header_list"" : []}"
29763,SVAIPP10004553A005P3,"{""id"" : 29763, ""name"" : ""SVAIPP10004553A005P3"", ""vpn_id"" : 10004553, ""technical_type"" : ""PERSONALIZED_MGIT"", ""max_duration"" : null, ""release_cause"" : 0, ""network_sip_code"" : 0, ""mscml_user_part"" : ""0943101110004553"", ""mscml_body_content"" : ""<?xml version=\""1.0\"" encoding=\""utf-8\""?><MediaServerControl version=\""1.0\""><request><playcollect maxdigits=\""1\"" barge=\""yes\"" extradigittimer=\""immediate\"" firstdigittimer=\""immediate\""><prompt><audio url=\""http://prod-serveur-oms-ip.vente.francetelecom.fr:8080/annonces/SVAIP/silence.wav\""/><audio url=\""http://prod-serveur-oms-ip.vente.francetelecom.fr:8080/annonces/SVAIP/10004553/SVAIPP10004553A005P3.wav\""/></prompt></playcollect></request></MediaServerControl>"", ""call_flow_type"" : ""EARLY_MEDIA_AND_RELEASE"", ""header_list"" : []}"
30902,SVAIPP10017978F2,"{""id"" : 30902, ""name"" : ""SVAIPP10017978F2"", ""vpn_id"" : 10017978, ""technical_type"" : ""PERSONALIZED_GREETING"", ""max_duration"" : null, ""release_cause"" : 21, ""network_sip_code"" : 603, ""mscml_user_part"" : ""0943101510017978"", ""mscml_body_content"" : ""<?xml version=\""1.0\"" encoding=\""utf-8\""?><MediaServerControl version=\""1.0\""><request><play><prompt repeat=\""2\""><audio url=\""http://prod-serveur-oms-ip.vente.francetelecom.fr:8080/annonces/SVAIP/silence.wav\""/><audio url=\""http://prod-serveur-oms-ip.vente.francetelecom.fr:8080/annonces/SVAIP/10017978/SVAIPP10017978F2.wav\""/></prompt></play></request></MediaServerControl>"", ""call_flow_type"" : ""EARLY_MEDIA_AND_RELEASE"", ""header_list"" : []}"
31241,SVAIPP10016561F1,"{""id"" : 31241, ""name"" : ""SVAIPP10016561F1"", ""vpn_id"" : 10016561, ""technical_type"" : ""PERSONALIZED_GREETING"", ""max_duration"" : null, ""release_cause"" : 21, ""network_sip_code"" : 603, ""mscml_user_part"" : ""0943101510016561"", ""mscml_body_content"" : ""<?xml version=\""1.0\"" encoding=\""utf-8\""?><MediaServerControl version=\""1.0\""><request><play><prompt repeat=\""2\""><audio url=\""http://prod-serveur-oms-ip.vente.francetelecom.fr:8080/annonces/SVAIP/silence.wav\""/><audio url=\""http://prod-serveur-oms-ip.vente.francetelecom.fr:8080/annonces/SVAIP/10016561/SVAIPP10016561F1.wav\""/></prompt></play></request></MediaServerControl>"", ""call_flow_type"" : ""EARLY_MEDIA_AND_RELEASE"", ""header_list"" : []}"
34701,SVAIPP10006895F5,"{""id"" : 34701, ""name"" : ""SVAIPP10006895F5"", ""vpn_id"" : 10006895, ""technical_type"" : ""PERSONALIZED_GREETING"", ""max_duration"" : null, ""release_cause"" : 21, ""network_sip_code"" : 603, ""mscml_user_part"" : ""0943101510006895"", ""mscml_body_content"" : ""<?xml version=\""1.0\"" encoding=\""utf-8\""?><MediaServerControl version=\""1.0\""><request><play><prompt repeat=\""2\""><audio url=\""http://prod-serveur-oms-ip.vente.francetelecom.fr:8080/annonces/SVAIP/silence.wav\""/><audio url=\""http://prod-serveur-oms-ip.vente.francetelecom.fr:8080/annonces/SVAIP/10006895/SVAIPP10006895F5.wav\""/></prompt></play></request></MediaServerControl>"", ""call_flow_type"" : ""EARLY_MEDIA_AND_RELEASE"", ""header_list"" : []}"
31784,SVAIPP10002176F1,"{""id"" : 31784, ""name"" : ""SVAIPP10002176F1"", ""vpn_id"" : 10002176, ""technical_type"" : ""PERSONALIZED_GREETING"", ""max_duration"" : null, ""release_cause"" : 21, ""network_sip_code"" : 603, ""mscml_user_part"" : ""0943101510002176"", ""mscml_body_content"" : ""<?xml version=\""1.0\"" encoding=\""utf-8\""?><MediaServerControl version=\""1.0\""><request><play><prompt repeat=\""2\""><audio url=\""http://prod-serveur-oms-ip.vente.francetelecom.fr:8080/annonces/SVAIP/silence.wav\""/><audio url=\""http://prod-serveur-oms-ip.vente.francetelecom.fr:8080/annonces/SVAIP/10002176/SVAIPP10002176F1.wav\""/></prompt></play></request></MediaServerControl>"", ""call_flow_type"" : ""EARLY_MEDIA_AND_RELEASE"", ""header_list"" : []}"
30624,SVAIPP10004077D006P35,"{""id"" : 30624, ""name"" : ""SVAIPP10004077D006P35"", ""vpn_id"" : 10004077, ""technical_type"" : ""PERSONALIZED_MGIT"", ""max_duration"" : null, ""release_cause"" : 0, ""network_sip_code"" : 0, ""mscml_user_part"" : ""0943101110004077"", ""mscml_body_content"" : ""<?xml version=\""1.0\"" encoding=\""utf-8\""?><MediaServerControl version=\""1.0\""><request><playcollect maxdigits=\""1\"" barge=\""yes\"" extradigittimer=\""immediate\"" firstdigittimer=\""immediate\""><prompt><audio url=\""http://prod-serveur-oms-ip.vente.francetelecom.fr:8080/annonces/SVAIP/silence.wav\""/><audio url=\""http://prod-serveur-oms-ip.vente.francetelecom.fr:8080/annonces/SVAIP/10004077/SVAIPP10004077D006P35.wav\""/></prompt></playcollect></request></MediaServerControl>"", ""call_flow_type"" : ""EARLY_MEDIA_AND_RELEASE"", ""header_list"" : []}"
31881,SVAIPP10016908F1,"{""id"" : 31881, ""name"" : ""SVAIPP10016908F1"", ""vpn_id"" : 10016908, ""technical_type"" : ""PERSONALIZED_GREETING"", ""max_duration"" : null, ""release_cause"" : 21, ""network_sip_code"" : 603, ""mscml_user_part"" : ""0943101510016908"", ""mscml_body_content"" : ""<?xml version=\""1.0\"" encoding=\""utf-8\""?><MediaServerControl version=\""1.0\""><request><play><prompt repeat=\""2\""><audio url=\""http://prod-serveur-oms-ip.vente.francetelecom.fr:8080/annonces/SVAIP/silence.wav\""/><audio url=\""http://prod-serveur-oms-ip.vente.francetelecom.fr:8080/annonces/SVAIP/10016908/SVAIPP10016908F1.wav\""/></prompt></play></request></MediaServerControl>"", ""call_flow_type"" : ""EARLY_MEDIA_AND_RELEASE"", ""header_list"" : []}"
29765,SVAIPP10004553F5,"{""id"" : 29765, ""name"" : ""SVAIPP10004553F5"", ""vpn_id"" : 10004553, ""technical_type"" : ""PERSONALIZED_GREETING"", ""max_duration"" : null, ""release_cause"" : 21, ""network_sip_code"" : 603, ""mscml_user_part"" : ""0943101510004553"", ""mscml_body_content"" : ""<?xml version=\""1.0\"" encoding=\""utf-8\""?><MediaServerControl version=\""1.0\""><request><play><prompt repeat=\""2\""><audio url=\""http://prod-serveur-oms-ip.vente.francetelecom.fr:8080/annonces/SVAIP/silence.wav\""/><audio url=\""http://prod-serveur-oms-ip.vente.francetelecom.fr:8080/annonces/SVAIP/10004553/SVAIPP10004553F5.wav\""/></prompt></play></request></MediaServerControl>"", ""call_flow_type"" : ""EARLY_MEDIA_AND_RELEASE"", ""header_list"" : []}"
29767,SVAIPP10005992F1,"{""id"" : 29767, ""name"" : ""SVAIPP10005992F1"", ""vpn_id"" : 10005992, ""technical_type"" : ""PERSONALIZED_GREETING"", ""max_duration"" : null, ""release_cause"" : 21, ""network_sip_code"" : 603, ""mscml_user_part"" : ""0943101510005992"", ""mscml_body_content"" : ""<?xml version=\""1.0\"" encoding=\""utf-8\""?><MediaServerControl version=\""1.0\""><request><play><prompt repeat=\""2\""><audio url=\""http://prod-serveur-oms-ip.vente.francetelecom.fr:8080/annonces/SVAIP/silence.wav\""/><audio url=\""http://prod-serveur-oms-ip.vente.francetelecom.fr:8080/annonces/SVAIP/10005992/SVAIPP10005992F1.wav\""/></prompt></play></request></MediaServerControl>"", ""call_flow_type"" : ""EARLY_MEDIA_AND_RELEASE"", ""header_list"" : []}"
31265,SVAIPP10002035F1,"{""id"" : 31265, ""name"" : ""SVAIPP10002035F1"", ""vpn_id"" : 10002035, ""technical_type"" : ""PERSONALIZED_GREETING"", ""max_duration"" : null, ""release_cause"" : 21, ""network_sip_code"" : 603, ""mscml_user_part"" : ""0943101510002035"", ""mscml_body_content"" : ""<?xml version=\""1.0\"" encoding=\""utf-8\""?><MediaServerControl version=\""1.0\""><request><play><prompt repeat=\""2\""><audio url=\""http://prod-serveur-oms-ip.vente.francetelecom.fr:8080/annonces/SVAIP/silence.wav\""/><audio url=\""http://prod-serveur-oms-ip.vente.francetelecom.fr:8080/annonces/SVAIP/10002035/SVAIPP10002035F1.wav\""/></prompt></play></request></MediaServerControl>"", ""call_flow_type"" : ""EARLY_MEDIA_AND_RELEASE"", ""header_list"" : []}"
33541,SVAIPP10016325F20,"{""id"" : 33541, ""name"" : ""SVAIPP10016325F20"", ""vpn_id"" : 10016325, ""technical_type"" : ""PERSONALIZED_GREETING"", ""max_duration"" : null, ""release_cause"" : 21, ""network_sip_code"" : 603, ""mscml_user_part"" : ""0943101510016325"", ""mscml_body_content"" : ""<?xml version=\""1.0\"" encoding=\""utf-8\""?><MediaServerControl version=\""1.0\""><request><play><prompt repeat=\""2\""><audio url=\""http://prod-serveur-oms-ip.vente.francetelecom.fr:8080/annonces/SVAIP/silence.wav\""/><audio url=\""http://prod-serveur-oms-ip.vente.francetelecom.fr:8080/annonces/SVAIP/10016325/SVAIPP10016325F20.wav\""/></prompt></play></request></MediaServerControl>"", ""call_flow_type"" : ""EARLY_MEDIA_AND_RELEASE"", ""header_list"" : []}"
31901,SVAIPP10017309F3,"{""id"" : 31901, ""name"" : ""SVAIPP10017309F3"", ""vpn_id"" : 10017309, ""technical_type"" : ""PERSONALIZED_GREETING"", ""max_duration"" : null, ""release_cause"" : 21, ""network_sip_code"" : 603, ""mscml_user_part"" : ""0943101510017309"", ""mscml_body_content"" : ""<?xml version=\""1.0\"" encoding=\""utf-8\""?><MediaServerControl version=\""1.0\""><request><play><prompt repeat=\""2\""><audio url=\""http://prod-serveur-oms-ip.vente.francetelecom.fr:8080/annonces/SVAIP/silence.wav\""/><audio url=\""http://prod-serveur-oms-ip.vente.francetelecom.fr:8080/annonces/SVAIP/10017309/SVAIPP10017309F3.wav\""/></prompt></play></request></MediaServerControl>"", ""call_flow_type"" : ""EARLY_MEDIA_AND_RELEASE"", ""header_list"" : []}"
30565,SVAIPP10014852F14,"{""id"" : 30565, ""name"" : ""SVAIPP10014852F14"", ""vpn_id"" : 10014852, ""technical_type"" : ""PERSONALIZED_GREETING"", ""max_duration"" : null, ""release_cause"" : 21, ""network_sip_code"" : 603, ""mscml_user_part"" : ""0943101510014852"", ""mscml_body_content"" : ""<?xml version=\""1.0\"" encoding=\""utf-8\""?><MediaServerControl version=\""1.0\""><request><play><prompt repeat=\""2\""><audio url=\""http://prod-serveur-oms-ip.vente.francetelecom.fr:8080/annonces/SVAIP/silence.wav\""/><audio url=\""http://prod-serveur-oms-ip.vente.francetelecom.fr:8080/annonces/SVAIP/10014852/SVAIPP10014852F14.wav\""/></prompt></play></request></MediaServerControl>"", ""call_flow_type"" : ""EARLY_MEDIA_AND_RELEASE"", ""header_list"" : []}"
31713,SVAIPP10017425F7,"{""id"" : 31713, ""name"" : ""SVAIPP10017425F7"", ""vpn_id"" : 10017425, ""technical_type"" : ""PERSONALIZED_GREETING"", ""max_duration"" : null, ""release_cause"" : 21, ""network_sip_code"" : 603, ""mscml_user_part"" : ""0943101510017425"", ""mscml_body_content"" : ""<?xml version=\""1.0\"" encoding=\""utf-8\""?><MediaServerControl version=\""1.0\""><request><play><prompt repeat=\""2\""><audio url=\""http://prod-serveur-oms-ip.vente.francetelecom.fr:8080/annonces/SVAIP/silence.wav\""/><audio url=\""http://prod-serveur-oms-ip.vente.francetelecom.fr:8080/annonces/SVAIP/10017425/SVAIPP10017425F7.wav\""/></prompt></play></request></MediaServerControl>"", ""call_flow_type"" : ""EARLY_MEDIA_AND_RELEASE"", ""header_list"" : []}"
29802,SVAIPP10014850F1,"{""id"" : 29802, ""name"" : ""SVAIPP10014850F1"", ""vpn_id"" : 10014850, ""technical_type"" : ""PERSONALIZED_GREETING"", ""max_duration"" : null, ""release_cause"" : 21, ""network_sip_code"" : 603, ""mscml_user_part"" : ""0943101510014850"", ""mscml_body_content"" : ""<?xml version=\""1.0\"" encoding=\""utf-8\""?><MediaServerControl version=\""1.0\""><request><play><prompt repeat=\""2\""><audio url=\""http://prod-serveur-oms-ip.vente.francetelecom.fr:8080/annonces/SVAIP/silence.wav\""/><audio url=\""http://prod-serveur-oms-ip.vente.francetelecom.fr:8080/annonces/SVAIP/10014850/SVAIPP10014850F1.wav\""/></prompt></play></request></MediaServerControl>"", ""call_flow_type"" : ""EARLY_MEDIA_AND_RELEASE"", ""header_list"" : []}"
34961,SVAIPP10014088D025P5,"{""id"" : 34961, ""name"" : ""SVAIPP10014088D025P5"", ""vpn_id"" : 10014088, ""technical_type"" : ""PERSONALIZED_MGIT"", ""max_duration"" : null, ""release_cause"" : 0, ""network_sip_code"" : 0, ""mscml_user_part"" : ""0943101110014088"", ""mscml_body_content"" : ""<?xml version=\""1.0\"" encoding=\""utf-8\""?><MediaServerControl version=\""1.0\""><request><playcollect maxdigits=\""1\"" barge=\""yes\"" extradigittimer=\""immediate\"" firstdigittimer=\""immediate\""><prompt><audio url=\""http://prod-serveur-oms-ip.vente.francetelecom.fr:8080/annonces/SVAIP/silence.wav\""/><audio url=\""http://prod-serveur-oms-ip.vente.francetelecom.fr:8080/annonces/SVAIP/10014088/SVAIPP10014088D025P5.wav\""/></prompt></playcollect></request></MediaServerControl>"", ""call_flow_type"" : ""EARLY_MEDIA_AND_RELEASE"", ""header_list"" : []}"
31401,SVAIPP10015105F1,"{""id"" : 31401, ""name"" : ""SVAIPP10015105F1"", ""vpn_id"" : 10015105, ""technical_type"" : ""PERSONALIZED_GREETING"", ""max_duration"" : null, ""release_cause"" : 21, ""network_sip_code"" : 603, ""mscml_user_part"" : ""0943101510015105"", ""mscml_body_content"" : ""<?xml version=\""1.0\"" encoding=\""utf-8\""?><MediaServerControl version=\""1.0\""><request><play><prompt repeat=\""2\""><audio url=\""http://prod-serveur-oms-ip.vente.francetelecom.fr:8080/annonces/SVAIP/silence.wav\""/><audio url=\""http://prod-serveur-oms-ip.vente.francetelecom.fr:8080/annonces/SVAIP/10015105/SVAIPP10015105F1.wav\""/></prompt></play></request></MediaServerControl>"", ""call_flow_type"" : ""EARLY_MEDIA_AND_RELEASE"", ""header_list"" : []}"
31421,SVAIPP10017538F1,"{""id"" : 31421, ""name"" : ""SVAIPP10017538F1"", ""vpn_id"" : 10017538, ""technical_type"" : ""PERSONALIZED_GREETING"", ""max_duration"" : null, ""release_cause"" : 21, ""network_sip_code"" : 603, ""mscml_user_part"" : ""0943101510017538"", ""mscml_body_content"" : ""<?xml version=\""1.0\"" encoding=\""utf-8\""?><MediaServerControl version=\""1.0\""><request><play><prompt repeat=\""2\""><audio url=\""http://prod-serveur-oms-ip.vente.francetelecom.fr:8080/annonces/SVAIP/silence.wav\""/><audio url=\""http://prod-serveur-oms-ip.vente.francetelecom.fr:8080/annonces/SVAIP/10017538/SVAIPP10017538F1.wav\""/></prompt></play></request></MediaServerControl>"", ""call_flow_type"" : ""EARLY_MEDIA_AND_RELEASE"", ""header_list"" : []}"
31166,SVAIPP10010188D006R7,"{""id"" : 31166, ""name"" : ""SVAIPP10010188D006R7"", ""vpn_id"" : 10010188, ""technical_type"" : ""PERSONALIZED_MGIT"", ""max_duration"" : null, ""release_cause"" : 0, ""network_sip_code"" : 0, ""mscml_user_part"" : ""0943101110010188"", ""mscml_body_content"" : ""<?xml version=\""1.0\"" encoding=\""utf-8\""?><MediaServerControl version=\""1.0\""><request><playcollect maxdigits=\""1\"" barge=\""yes\"" extradigittimer=\""immediate\"" firstdigittimer=\""immediate\""><prompt><audio url=\""http://prod-serveur-oms-ip.vente.francetelecom.fr:8080/annonces/SVAIP/silence.wav\""/><audio url=\""http://prod-serveur-oms-ip.vente.francetelecom.fr:8080/annonces/SVAIP/10010188/SVAIPP10010188D006R7.wav\""/></prompt></playcollect></request></MediaServerControl>"", ""call_flow_type"" : ""EARLY_MEDIA_AND_RELEASE"", ""header_list"" : []}"
31903,SVAIPP10004115F3,"{""id"" : 31903, ""name"" : ""SVAIPP10004115F3"", ""vpn_id"" : 10004115, ""technical_type"" : ""PERSONALIZED_GREETING"", ""max_duration"" : null, ""release_cause"" : 21, ""network_sip_code"" : 603, ""mscml_user_part"" : ""0943101510004115"", ""mscml_body_content"" : ""<?xml version=\""1.0\"" encoding=\""utf-8\""?><MediaServerControl version=\""1.0\""><request><play><prompt repeat=\""2\""><audio url=\""http://prod-serveur-oms-ip.vente.francetelecom.fr:8080/annonces/SVAIP/silence.wav\""/><audio url=\""http://prod-serveur-oms-ip.vente.francetelecom.fr:8080/annonces/SVAIP/10004115/SVAIPP10004115F3.wav\""/></prompt></play></request></MediaServerControl>"", ""call_flow_type"" : ""EARLY_MEDIA_AND_RELEASE"", ""header_list"" : []}"
29725,SVAIPP10004865F1,"{""id"" : 29725, ""name"" : ""SVAIPP10004865F1"", ""vpn_id"" : 10004865, ""technical_type"" : ""PERSONALIZED_GREETING"", ""max_duration"" : null, ""release_cause"" : 21, ""network_sip_code"" : 603, ""mscml_user_part"" : ""0943101510004865"", ""mscml_body_content"" : ""<?xml version=\""1.0\"" encoding=\""utf-8\""?><MediaServerControl version=\""1.0\""><request><play><prompt repeat=\""2\""><audio url=\""http://prod-serveur-oms-ip.vente.francetelecom.fr:8080/annonces/SVAIP/silence.wav\""/><audio url=\""http://prod-serveur-oms-ip.vente.francetelecom.fr:8080/annonces/SVAIP/10004865/SVAIPP10004865F1.wav\""/></prompt></play></request></MediaServerControl>"", ""call_flow_type"" : ""EARLY_MEDIA_AND_RELEASE"", ""header_list"" : []}"
31782,SVAIPP10011006F4,"{""id"" : 31782, ""name"" : ""SVAIPP10011006F4"", ""vpn_id"" : 10011006, ""technical_type"" : ""PERSONALIZED_GREETING"", ""max_duration"" : null, ""release_cause"" : 21, ""network_sip_code"" : 603, ""mscml_user_part"" : ""0943101510011006"", ""mscml_body_content"" : ""<?xml version=\""1.0\"" encoding=\""utf-8\""?><MediaServerControl version=\""1.0\""><request><play><prompt repeat=\""2\""><audio url=\""http://prod-serveur-oms-ip.vente.francetelecom.fr:8080/annonces/SVAIP/silence.wav\""/><audio url=\""http://prod-serveur-oms-ip.vente.francetelecom.fr:8080/annonces/SVAIP/10011006/SVAIPP10011006F4.wav\""/></prompt></play></request></MediaServerControl>"", ""call_flow_type"" : ""EARLY_MEDIA_AND_RELEASE"", ""header_list"" : []}"
29928,SVAIPP10015847F1,"{""id"" : 29928, ""name"" : ""SVAIPP10015847F1"", ""vpn_id"" : 10015847, ""technical_type"" : ""PERSONALIZED_GREETING"", ""max_duration"" : null, ""release_cause"" : 21, ""network_sip_code"" : 603, ""mscml_user_part"" : ""0943101510015847"", ""mscml_body_content"" : ""<?xml version=\""1.0\"" encoding=\""utf-8\""?><MediaServerControl version=\""1.0\""><request><play><prompt repeat=\""2\""><audio url=\""http://prod-serveur-oms-ip.vente.francetelecom.fr:8080/annonces/SVAIP/silence.wav\""/><audio url=\""http://prod-serveur-oms-ip.vente.francetelecom.fr:8080/annonces/SVAIP/10015847/SVAIPP10015847F1.wav\""/></prompt></play></request></MediaServerControl>"", ""call_flow_type"" : ""EARLY_MEDIA_AND_RELEASE"", ""header_list"" : []}"
29923,SVAIPP10008192F1,"{""id"" : 29923, ""name"" : ""SVAIPP10008192F1"", ""vpn_id"" : 10008192, ""technical_type"" : ""PERSONALIZED_GREETING"", ""max_duration"" : null, ""release_cause"" : 21, ""network_sip_code"" : 603, ""mscml_user_part"" : ""0943101510008192"", ""mscml_body_content"" : ""<?xml version=\""1.0\"" encoding=\""utf-8\""?><MediaServerControl version=\""1.0\""><request><play><prompt repeat=\""2\""><audio url=\""http://prod-serveur-oms-ip.vente.francetelecom.fr:8080/annonces/SVAIP/silence.wav\""/><audio url=\""http://prod-serveur-oms-ip.vente.francetelecom.fr:8080/annonces/SVAIP/10008192/SVAIPP10008192F1.wav\""/></prompt></play></request></MediaServerControl>"", ""call_flow_type"" : ""EARLY_MEDIA_AND_RELEASE"", ""header_list"" : []}"
31602,SVAIPP10016325F8,"{""id"" : 31602, ""name"" : ""SVAIPP10016325F8"", ""vpn_id"" : 10016325, ""technical_type"" : ""PERSONALIZED_GREETING"", ""max_duration"" : null, ""release_cause"" : 21, ""network_sip_code"" : 603, ""mscml_user_part"" : ""0943101510016325"", ""mscml_body_content"" : ""<?xml version=\""1.0\"" encoding=\""utf-8\""?><MediaServerControl version=\""1.0\""><request><play><prompt repeat=\""2\""><audio url=\""http://prod-serveur-oms-ip.vente.francetelecom.fr:8080/annonces/SVAIP/silence.wav\""/><audio url=\""http://prod-serveur-oms-ip.vente.francetelecom.fr:8080/annonces/SVAIP/10016325/SVAIPP10016325F8.wav\""/></prompt></play></request></MediaServerControl>"", ""call_flow_type"" : ""EARLY_MEDIA_AND_RELEASE"", ""header_list"" : []}"
31502,SVAIPP10011779F1,"{""id"" : 31502, ""name"" : ""SVAIPP10011779F1"", ""vpn_id"" : 10011779, ""technical_type"" : ""PERSONALIZED_GREETING"", ""max_duration"" : null, ""release_cause"" : 21, ""network_sip_code"" : 603, ""mscml_user_part"" : ""0943101510011779"", ""mscml_body_content"" : ""<?xml version=\""1.0\"" encoding=\""utf-8\""?><MediaServerControl version=\""1.0\""><request><play><prompt repeat=\""2\""><audio url=\""http://prod-serveur-oms-ip.vente.francetelecom.fr:8080/annonces/SVAIP/silence.wav\""/><audio url=\""http://prod-serveur-oms-ip.vente.francetelecom.fr:8080/annonces/SVAIP/10011779/SVAIPP10011779F1.wav\""/></prompt></play></request></MediaServerControl>"", ""call_flow_type"" : ""EARLY_MEDIA_AND_RELEASE"", ""header_list"" : []}"
31042,SVAIPP10014832F2,"{""id"" : 31042, ""name"" : ""SVAIPP10014832F2"", ""vpn_id"" : 10014832, ""technical_type"" : ""PERSONALIZED_GREETING"", ""max_duration"" : null, ""release_cause"" : 21, ""network_sip_code"" : 603, ""mscml_user_part"" : ""0943101510014832"", ""mscml_body_content"" : ""<?xml version=\""1.0\"" encoding=\""utf-8\""?><MediaServerControl version=\""1.0\""><request><play><prompt repeat=\""2\""><audio url=\""http://prod-serveur-oms-ip.vente.francetelecom.fr:8080/annonces/SVAIP/silence.wav\""/><audio url=\""http://prod-serveur-oms-ip.vente.francetelecom.fr:8080/annonces/SVAIP/10014832/SVAIPP10014832F2.wav\""/></prompt></play></request></MediaServerControl>"", ""call_flow_type"" : ""EARLY_MEDIA_AND_RELEASE"", ""header_list"" : []}"
31708,SVAIPP10017425F2,"{""id"" : 31708, ""name"" : ""SVAIPP10017425F2"", ""vpn_id"" : 10017425, ""technical_type"" : ""PERSONALIZED_GREETING"", ""max_duration"" : null, ""release_cause"" : 21, ""network_sip_code"" : 603, ""mscml_user_part"" : ""0943101510017425"", ""mscml_body_content"" : ""<?xml version=\""1.0\"" encoding=\""utf-8\""?><MediaServerControl version=\""1.0\""><request><play><prompt repeat=\""2\""><audio url=\""http://prod-serveur-oms-ip.vente.francetelecom.fr:8080/annonces/SVAIP/silence.wav\""/><audio url=\""http://prod-serveur-oms-ip.vente.francetelecom.fr:8080/annonces/SVAIP/10017425/SVAIPP10017425F2.wav\""/></prompt></play></request></MediaServerControl>"", ""call_flow_type"" : ""EARLY_MEDIA_AND_RELEASE"", ""header_list"" : []}"
31709,SVAIPP10017425F3,"{""id"" : 31709, ""name"" : ""SVAIPP10017425F3"", ""vpn_id"" : 10017425, ""technical_type"" : ""PERSONALIZED_GREETING"", ""max_duration"" : null, ""release_cause"" : 21, ""network_sip_code"" : 603, ""mscml_user_part"" : ""0943101510017425"", ""mscml_body_content"" : ""<?xml version=\""1.0\"" encoding=\""utf-8\""?><MediaServerControl version=\""1.0\""><request><play><prompt repeat=\""2\""><audio url=\""http://prod-serveur-oms-ip.vente.francetelecom.fr:8080/annonces/SVAIP/silence.wav\""/><audio url=\""http://prod-serveur-oms-ip.vente.francetelecom.fr:8080/annonces/SVAIP/10017425/SVAIPP10017425F3.wav\""/></prompt></play></request></MediaServerControl>"", ""call_flow_type"" : ""EARLY_MEDIA_AND_RELEASE"", ""header_list"" : []}"
30042,SVAIPP10015608F1,"{""id"" : 30042, ""name"" : ""SVAIPP10015608F1"", ""vpn_id"" : 10015608, ""technical_type"" : ""PERSONALIZED_GREETING"", ""max_duration"" : null, ""release_cause"" : 21, ""network_sip_code"" : 603, ""mscml_user_part"" : ""0943101510015608"", ""mscml_body_content"" : ""<?xml version=\""1.0\"" encoding=\""utf-8\""?><MediaServerControl version=\""1.0\""><request><play><prompt repeat=\""2\""><audio url=\""http://prod-serveur-oms-ip.vente.francetelecom.fr:8080/annonces/SVAIP/silence.wav\""/><audio url=\""http://prod-serveur-oms-ip.vente.francetelecom.fr:8080/annonces/SVAIP/10015608/SVAIPP10015608F1.wav\""/></prompt></play></request></MediaServerControl>"", ""call_flow_type"" : ""EARLY_MEDIA_AND_RELEASE"", ""header_list"" : []}"
30061,SVAIPP10006672F4,"{""id"" : 30061, ""name"" : ""SVAIPP10006672F4"", ""vpn_id"" : 10006672, ""technical_type"" : ""PERSONALIZED_GREETING"", ""max_duration"" : null, ""release_cause"" : 21, ""network_sip_code"" : 603, ""mscml_user_part"" : ""0943101510006672"", ""mscml_body_content"" : ""<?xml version=\""1.0\"" encoding=\""utf-8\""?><MediaServerControl version=\""1.0\""><request><play><prompt repeat=\""2\""><audio url=\""http://prod-serveur-oms-ip.vente.francetelecom.fr:8080/annonces/SVAIP/silence.wav\""/><audio url=\""http://prod-serveur-oms-ip.vente.francetelecom.fr:8080/annonces/SVAIP/10006672/SVAIPP10006672F4.wav\""/></prompt></play></request></MediaServerControl>"", ""call_flow_type"" : ""EARLY_MEDIA_AND_RELEASE"", ""header_list"" : []}"
31504,SVAIPP10006284F6,"{""id"" : 31504, ""name"" : ""SVAIPP10006284F6"", ""vpn_id"" : 10006284, ""technical_type"" : ""PERSONALIZED_GREETING"", ""max_duration"" : null, ""release_cause"" : 21, ""network_sip_code"" : 603, ""mscml_user_part"" : ""0943101510006284"", ""mscml_body_content"" : ""<?xml version=\""1.0\"" encoding=\""utf-8\""?><MediaServerControl version=\""1.0\""><request><play><prompt repeat=\""2\""><audio url=\""http://prod-serveur-oms-ip.vente.francetelecom.fr:8080/annonces/SVAIP/silence.wav\""/><audio url=\""http://prod-serveur-oms-ip.vente.francetelecom.fr:8080/annonces/SVAIP/10006284/SVAIPP10006284F6.wav\""/></prompt></play></request></MediaServerControl>"", ""call_flow_type"" : ""EARLY_MEDIA_AND_RELEASE"", ""header_list"" : []}"
31561,SVAIPP10010740F1,"{""id"" : 31561, ""name"" : ""SVAIPP10010740F1"", ""vpn_id"" : 10010740, ""technical_type"" : ""PERSONALIZED_GREETING"", ""max_duration"" : null, ""release_cause"" : 21, ""network_sip_code"" : 603, ""mscml_user_part"" : ""0943101510010740"", ""mscml_body_content"" : ""<?xml version=\""1.0\"" encoding=\""utf-8\""?><MediaServerControl version=\""1.0\""><request><play><prompt repeat=\""2\""><audio url=\""http://prod-serveur-oms-ip.vente.francetelecom.fr:8080/annonces/SVAIP/silence.wav\""/><audio url=\""http://prod-serveur-oms-ip.vente.francetelecom.fr:8080/annonces/SVAIP/10010740/SVAIPP10010740F1.wav\""/></prompt></play></request></MediaServerControl>"", ""call_flow_type"" : ""EARLY_MEDIA_AND_RELEASE"", ""header_list"" : []}"
32071,SVAIPP10014725F12,"{""id"" : 32071, ""name"" : ""SVAIPP10014725F12"", ""vpn_id"" : 10014725, ""technical_type"" : ""PERSONALIZED_GREETING"", ""max_duration"" : null, ""release_cause"" : 21, ""network_sip_code"" : 603, ""mscml_user_part"" : ""0943101510014725"", ""mscml_body_content"" : ""<?xml version=\""1.0\"" encoding=\""utf-8\""?><MediaServerControl version=\""1.0\""><request><play><prompt repeat=\""2\""><audio url=\""http://prod-serveur-oms-ip.vente.francetelecom.fr:8080/annonces/SVAIP/silence.wav\""/><audio url=\""http://prod-serveur-oms-ip.vente.francetelecom.fr:8080/annonces/SVAIP/10014725/SVAIPP10014725F12.wav\""/></prompt></play></request></MediaServerControl>"", ""call_flow_type"" : ""EARLY_MEDIA_AND_RELEASE"", ""header_list"" : []}"
32181,SVAIPP10017971F3,"{""id"" : 32181, ""name"" : ""SVAIPP10017971F3"", ""vpn_id"" : 10017971, ""technical_type"" : ""PERSONALIZED_GREETING"", ""max_duration"" : null, ""release_cause"" : 21, ""network_sip_code"" : 603, ""mscml_user_part"" : ""0943101510017971"", ""mscml_body_content"" : ""<?xml version=\""1.0\"" encoding=\""utf-8\""?><MediaServerControl version=\""1.0\""><request><play><prompt repeat=\""2\""><audio url=\""http://prod-serveur-oms-ip.vente.francetelecom.fr:8080/annonces/SVAIP/silence.wav\""/><audio url=\""http://prod-serveur-oms-ip.vente.francetelecom.fr:8080/annonces/SVAIP/10017971/SVAIPP10017971F3.wav\""/></prompt></play></request></MediaServerControl>"", ""call_flow_type"" : ""EARLY_MEDIA_AND_RELEASE"", ""header_list"" : []}"
35002,SVAIPP10012381F2,"{""id"" : 35002, ""name"" : ""SVAIPP10012381F2"", ""vpn_id"" : 10012381, ""technical_type"" : ""PERSONALIZED_GREETING"", ""max_duration"" : null, ""release_cause"" : 21, ""network_sip_code"" : 603, ""mscml_user_part"" : ""0943101510012381"", ""mscml_body_content"" : ""<?xml version=\""1.0\"" encoding=\""utf-8\""?><MediaServerControl version=\""1.0\""><request><play><prompt repeat=\""2\""><audio url=\""http://prod-serveur-oms-ip.vente.francetelecom.fr:8080/annonces/SVAIP/silence.wav\""/><audio url=\""http://prod-serveur-oms-ip.vente.francetelecom.fr:8080/annonces/SVAIP/10012381/SVAIPP10012381F2.wav\""/></prompt></play></request></MediaServerControl>"", ""call_flow_type"" : ""EARLY_MEDIA_AND_RELEASE"", ""header_list"" : []}"
30062,SVAIPP10006672F5,"{""id"" : 30062, ""name"" : ""SVAIPP10006672F5"", ""vpn_id"" : 10006672, ""technical_type"" : ""PERSONALIZED_GREETING"", ""max_duration"" : null, ""release_cause"" : 21, ""network_sip_code"" : 603, ""mscml_user_part"" : ""0943101510006672"", ""mscml_body_content"" : ""<?xml version=\""1.0\"" encoding=\""utf-8\""?><MediaServerControl version=\""1.0\""><request><play><prompt repeat=\""2\""><audio url=\""http://prod-serveur-oms-ip.vente.francetelecom.fr:8080/annonces/SVAIP/silence.wav\""/><audio url=\""http://prod-serveur-oms-ip.vente.francetelecom.fr:8080/annonces/SVAIP/10006672/SVAIPP10006672F5.wav\""/></prompt></play></request></MediaServerControl>"", ""call_flow_type"" : ""EARLY_MEDIA_AND_RELEASE"", ""header_list"" : []}"
30068,SVAIPP10017688F3,"{""id"" : 30068, ""name"" : ""SVAIPP10017688F3"", ""vpn_id"" : 10017688, ""technical_type"" : ""PERSONALIZED_GREETING"", ""max_duration"" : null, ""release_cause"" : 21, ""network_sip_code"" : 603, ""mscml_user_part"" : ""0943101510017688"", ""mscml_body_content"" : ""<?xml version=\""1.0\"" encoding=\""utf-8\""?><MediaServerControl version=\""1.0\""><request><play><prompt repeat=\""2\""><audio url=\""http://prod-serveur-oms-ip.vente.francetelecom.fr:8080/annonces/SVAIP/silence.wav\""/><audio url=\""http://prod-serveur-oms-ip.vente.francetelecom.fr:8080/annonces/SVAIP/10017688/SVAIPP10017688F3.wav\""/></prompt></play></request></MediaServerControl>"", ""call_flow_type"" : ""EARLY_MEDIA_AND_RELEASE"", ""header_list"" : []}"
30703,SVAIPP10016346F1,"{""id"" : 30703, ""name"" : ""SVAIPP10016346F1"", ""vpn_id"" : 10016346, ""technical_type"" : ""PERSONALIZED_GREETING"", ""max_duration"" : null, ""release_cause"" : 21, ""network_sip_code"" : 603, ""mscml_user_part"" : ""0943101510016346"", ""mscml_body_content"" : ""<?xml version=\""1.0\"" encoding=\""utf-8\""?><MediaServerControl version=\""1.0\""><request><play><prompt repeat=\""2\""><audio url=\""http://prod-serveur-oms-ip.vente.francetelecom.fr:8080/annonces/SVAIP/silence.wav\""/><audio url=\""http://prod-serveur-oms-ip.vente.francetelecom.fr:8080/annonces/SVAIP/10016346/SVAIPP10016346F1.wav\""/></prompt></play></request></MediaServerControl>"", ""call_flow_type"" : ""EARLY_MEDIA_AND_RELEASE"", ""header_list"" : []}"
31562,SVAIPP10010740F2,"{""id"" : 31562, ""name"" : ""SVAIPP10010740F2"", ""vpn_id"" : 10010740, ""technical_type"" : ""PERSONALIZED_GREETING"", ""max_duration"" : null, ""release_cause"" : 21, ""network_sip_code"" : 603, ""mscml_user_part"" : ""0943101510010740"", ""mscml_body_content"" : ""<?xml version=\""1.0\"" encoding=\""utf-8\""?><MediaServerControl version=\""1.0\""><request><play><prompt repeat=\""2\""><audio url=\""http://prod-serveur-oms-ip.vente.francetelecom.fr:8080/annonces/SVAIP/silence.wav\""/><audio url=\""http://prod-serveur-oms-ip.vente.francetelecom.fr:8080/annonces/SVAIP/10010740/SVAIPP10010740F2.wav\""/></prompt></play></request></MediaServerControl>"", ""call_flow_type"" : ""EARLY_MEDIA_AND_RELEASE"", ""header_list"" : []}"
34262,SVAIPP10017331F8,"{""id"" : 34262, ""name"" : ""SVAIPP10017331F8"", ""vpn_id"" : 10017331, ""technical_type"" : ""PERSONALIZED_GREETING"", ""max_duration"" : null, ""release_cause"" : 21, ""network_sip_code"" : 603, ""mscml_user_part"" : ""0943101510017331"", ""mscml_body_content"" : ""<?xml version=\""1.0\"" encoding=\""utf-8\""?><MediaServerControl version=\""1.0\""><request><play><prompt repeat=\""2\""><audio url=\""http://prod-serveur-oms-ip.vente.francetelecom.fr:8080/annonces/SVAIP/silence.wav\""/><audio url=\""http://prod-serveur-oms-ip.vente.francetelecom.fr:8080/annonces/SVAIP/10017331/SVAIPP10017331F8.wav\""/></prompt></play></request></MediaServerControl>"", ""call_flow_type"" : ""EARLY_MEDIA_AND_RELEASE"", ""header_list"" : []}"
32081,SVAIPP10014725F22,"{""id"" : 32081, ""name"" : ""SVAIPP10014725F22"", ""vpn_id"" : 10014725, ""technical_type"" : ""PERSONALIZED_GREETING"", ""max_duration"" : null, ""release_cause"" : 21, ""network_sip_code"" : 603, ""mscml_user_part"" : ""0943101510014725"", ""mscml_body_content"" : ""<?xml version=\""1.0\"" encoding=\""utf-8\""?><MediaServerControl version=\""1.0\""><request><play><prompt repeat=\""2\""><audio url=\""http://prod-serveur-oms-ip.vente.francetelecom.fr:8080/annonces/SVAIP/silence.wav\""/><audio url=\""http://prod-serveur-oms-ip.vente.francetelecom.fr:8080/annonces/SVAIP/10014725/SVAIPP10014725F22.wav\""/></prompt></play></request></MediaServerControl>"", ""call_flow_type"" : ""EARLY_MEDIA_AND_RELEASE"", ""header_list"" : []}"
29771,SVAIPP10010083F3,"{""id"" : 29771, ""name"" : ""SVAIPP10010083F3"", ""vpn_id"" : 10010083, ""technical_type"" : ""PERSONALIZED_GREETING"", ""max_duration"" : null, ""release_cause"" : 21, ""network_sip_code"" : 603, ""mscml_user_part"" : ""0943101510010083"", ""mscml_body_content"" : ""<?xml version=\""1.0\"" encoding=\""utf-8\""?><MediaServerControl version=\""1.0\""><request><play><prompt repeat=\""2\""><audio url=\""http://prod-serveur-oms-ip.vente.francetelecom.fr:8080/annonces/SVAIP/silence.wav\""/><audio url=\""http://prod-serveur-oms-ip.vente.francetelecom.fr:8080/annonces/SVAIP/10010083/SVAIPP10010083F3.wav\""/></prompt></play></request></MediaServerControl>"", ""call_flow_type"" : ""EARLY_MEDIA_AND_RELEASE"", ""header_list"" : []}"
29905,SVAIPP10016887F2,"{""id"" : 29905, ""name"" : ""SVAIPP10016887F2"", ""vpn_id"" : 10016887, ""technical_type"" : ""PERSONALIZED_GREETING"", ""max_duration"" : null, ""release_cause"" : 21, ""network_sip_code"" : 603, ""mscml_user_part"" : ""0943101510016887"", ""mscml_body_content"" : ""<?xml version=\""1.0\"" encoding=\""utf-8\""?><MediaServerControl version=\""1.0\""><request><play><prompt repeat=\""2\""><audio url=\""http://prod-serveur-oms-ip.vente.francetelecom.fr:8080/annonces/SVAIP/silence.wav\""/><audio url=\""http://prod-serveur-oms-ip.vente.francetelecom.fr:8080/annonces/SVAIP/10016887/SVAIPP10016887F2.wav\""/></prompt></play></request></MediaServerControl>"", ""call_flow_type"" : ""EARLY_MEDIA_AND_RELEASE"", ""header_list"" : []}"
30073,SVAIPP10000001A008N3,"{""id"" : 30073, ""name"" : ""SVAIPP10000001A008N3"", ""vpn_id"" : 10000001, ""technical_type"" : ""PERSONALIZED_MGIT"", ""max_duration"" : null, ""release_cause"" : 0, ""network_sip_code"" : 0, ""mscml_user_part"" : ""0943101110000001"", ""mscml_body_content"" : ""<?xml version=\""1.0\"" encoding=\""utf-8\""?><MediaServerControl version=\""1.0\""><request><playcollect maxdigits=\""1\"" barge=\""yes\"" extradigittimer=\""immediate\"" firstdigittimer=\""immediate\""><prompt><audio url=\""http://prod-serveur-oms-ip.vente.francetelecom.fr:8080/annonces/SVAIP/silence.wav\""/><audio url=\""http://prod-serveur-oms-ip.vente.francetelecom.fr:8080/annonces/SVAIP/10000001/SVAIPP10000001A008N3.wav\""/></prompt></playcollect></request></MediaServerControl>"", ""call_flow_type"" : ""EARLY_MEDIA_AND_RELEASE"", ""header_list"" : []}"
30022,SVAIPP10016264F2,"{""id"" : 30022, ""name"" : ""SVAIPP10016264F2"", ""vpn_id"" : 10016264, ""technical_type"" : ""PERSONALIZED_GREETING"", ""max_duration"" : null, ""release_cause"" : 21, ""network_sip_code"" : 603, ""mscml_user_part"" : ""0943101510016264"", ""mscml_body_content"" : ""<?xml version=\""1.0\"" encoding=\""utf-8\""?><MediaServerControl version=\""1.0\""><request><play><prompt repeat=\""2\""><audio url=\""http://prod-serveur-oms-ip.vente.francetelecom.fr:8080/annonces/SVAIP/silence.wav\""/><audio url=\""http://prod-serveur-oms-ip.vente.francetelecom.fr:8080/annonces/SVAIP/10016264/SVAIPP10016264F2.wav\""/></prompt></play></request></MediaServerControl>"", ""call_flow_type"" : ""EARLY_MEDIA_AND_RELEASE"", ""header_list"" : []}"
30072,SVAIPP10003737F5,"{""id"" : 30072, ""name"" : ""SVAIPP10003737F5"", ""vpn_id"" : 10003737, ""technical_type"" : ""PERSONALIZED_GREETING"", ""max_duration"" : null, ""release_cause"" : 21, ""network_sip_code"" : 603, ""mscml_user_part"" : ""0943101510003737"", ""mscml_body_content"" : ""<?xml version=\""1.0\"" encoding=\""utf-8\""?><MediaServerControl version=\""1.0\""><request><play><prompt repeat=\""2\""><audio url=\""http://prod-serveur-oms-ip.vente.francetelecom.fr:8080/annonces/SVAIP/silence.wav\""/><audio url=\""http://prod-serveur-oms-ip.vente.francetelecom.fr:8080/annonces/SVAIP/10003737/SVAIPP10003737F5.wav\""/></prompt></play></request></MediaServerControl>"", ""call_flow_type"" : ""EARLY_MEDIA_AND_RELEASE"", ""header_list"" : []}"
31904,SVAIPP10004115F4,"{""id"" : 31904, ""name"" : ""SVAIPP10004115F4"", ""vpn_id"" : 10004115, ""technical_type"" : ""PERSONALIZED_GREETING"", ""max_duration"" : null, ""release_cause"" : 21, ""network_sip_code"" : 603, ""mscml_user_part"" : ""0943101510004115"", ""mscml_body_content"" : ""<?xml version=\""1.0\"" encoding=\""utf-8\""?><MediaServerControl version=\""1.0\""><request><play><prompt repeat=\""2\""><audio url=\""http://prod-serveur-oms-ip.vente.francetelecom.fr:8080/annonces/SVAIP/silence.wav\""/><audio url=\""http://prod-serveur-oms-ip.vente.francetelecom.fr:8080/annonces/SVAIP/10004115/SVAIPP10004115F4.wav\""/></prompt></play></request></MediaServerControl>"", ""call_flow_type"" : ""EARLY_MEDIA_AND_RELEASE"", ""header_list"" : []}"
31941,SVAIPP10014725F1,"{""id"" : 31941, ""name"" : ""SVAIPP10014725F1"", ""vpn_id"" : 10014725, ""technical_type"" : ""PERSONALIZED_GREETING"", ""max_duration"" : null, ""release_cause"" : 21, ""network_sip_code"" : 603, ""mscml_user_part"" : ""0943101510014725"", ""mscml_body_content"" : ""<?xml version=\""1.0\"" encoding=\""utf-8\""?><MediaServerControl version=\""1.0\""><request><play><prompt repeat=\""2\""><audio url=\""http://prod-serveur-oms-ip.vente.francetelecom.fr:8080/annonces/SVAIP/silence.wav\""/><audio url=\""http://prod-serveur-oms-ip.vente.francetelecom.fr:8080/annonces/SVAIP/10014725/SVAIPP10014725F1.wav\""/></prompt></play></request></MediaServerControl>"", ""call_flow_type"" : ""EARLY_MEDIA_AND_RELEASE"", ""header_list"" : []}"
29510,SVAIPP10009220F1,"{""id"" : 29510, ""name"" : ""SVAIPP10009220F1"", ""vpn_id"" : 10009220, ""technical_type"" : ""PERSONALIZED_GREETING"", ""max_duration"" : null, ""release_cause"" : 21, ""network_sip_code"" : 603, ""mscml_user_part"" : ""0943101510009220"", ""mscml_body_content"" : ""<?xml version=\""1.0\"" encoding=\""utf-8\""?><MediaServerControl version=\""1.0\""><request><play><prompt repeat=\""2\""><audio url=\""http://prod-serveur-oms-ip.vente.francetelecom.fr:8080/annonces/SVAIP/silence.wav\""/><audio url=\""http://prod-serveur-oms-ip.vente.francetelecom.fr:8080/annonces/SVAIP/10009220/SVAIPP10009220F1.wav\""/></prompt></play></request></MediaServerControl>"", ""call_flow_type"" : ""EARLY_MEDIA_AND_RELEASE"", ""header_list"" : []}"
29545,SVAIPP10005919F2,"{""id"" : 29545, ""name"" : ""SVAIPP10005919F2"", ""vpn_id"" : 10005919, ""technical_type"" : ""PERSONALIZED_GREETING"", ""max_duration"" : null, ""release_cause"" : 21, ""network_sip_code"" : 603, ""mscml_user_part"" : ""0943101510005919"", ""mscml_body_content"" : ""<?xml version=\""1.0\"" encoding=\""utf-8\""?><MediaServerControl version=\""1.0\""><request><play><prompt repeat=\""2\""><audio url=\""http://prod-serveur-oms-ip.vente.francetelecom.fr:8080/annonces/SVAIP/silence.wav\""/><audio url=\""http://prod-serveur-oms-ip.vente.francetelecom.fr:8080/annonces/SVAIP/10005919/SVAIPP10005919F2.wav\""/></prompt></play></request></MediaServerControl>"", ""call_flow_type"" : ""EARLY_MEDIA_AND_RELEASE"", ""header_list"" : []}"
30161,SVAIPP10010153D040P9,"{""id"" : 30161, ""name"" : ""SVAIPP10010153D040P9"", ""vpn_id"" : 10010153, ""technical_type"" : ""PERSONALIZED_MGIT"", ""max_duration"" : null, ""release_cause"" : 0, ""network_sip_code"" : 0, ""mscml_user_part"" : ""0943101110010153"", ""mscml_body_content"" : ""<?xml version=\""1.0\"" encoding=\""utf-8\""?><MediaServerControl version=\""1.0\""><request><playcollect maxdigits=\""1\"" barge=\""yes\"" extradigittimer=\""immediate\"" firstdigittimer=\""immediate\""><prompt><audio url=\""http://prod-serveur-oms-ip.vente.francetelecom.fr:8080/annonces/SVAIP/silence.wav\""/><audio url=\""http://prod-serveur-oms-ip.vente.francetelecom.fr:8080/annonces/SVAIP/10010153/SVAIPP10010153D040P9.wav\""/></prompt></playcollect></request></MediaServerControl>"", ""call_flow_type"" : ""EARLY_MEDIA_AND_RELEASE"", ""header_list"" : []}"
30165,SVAIPP10008683F1,"{""id"" : 30165, ""name"" : ""SVAIPP10008683F1"", ""vpn_id"" : 10008683, ""technical_type"" : ""PERSONALIZED_GREETING"", ""max_duration"" : null, ""release_cause"" : 21, ""network_sip_code"" : 603, ""mscml_user_part"" : ""0943101510008683"", ""mscml_body_content"" : ""<?xml version=\""1.0\"" encoding=\""utf-8\""?><MediaServerControl version=\""1.0\""><request><play><prompt repeat=\""2\""><audio url=\""http://prod-serveur-oms-ip.vente.francetelecom.fr:8080/annonces/SVAIP/silence.wav\""/><audio url=\""http://prod-serveur-oms-ip.vente.francetelecom.fr:8080/annonces/SVAIP/10008683/SVAIPP10008683F1.wav\""/></prompt></play></request></MediaServerControl>"", ""call_flow_type"" : ""EARLY_MEDIA_AND_RELEASE"", ""header_list"" : []}"
30081,SVAIPP10017899F1,"{""id"" : 30081, ""name"" : ""SVAIPP10017899F1"", ""vpn_id"" : 10017899, ""technical_type"" : ""PERSONALIZED_GREETING"", ""max_duration"" : null, ""release_cause"" : 21, ""network_sip_code"" : 603, ""mscml_user_part"" : ""0943101510017899"", ""mscml_body_content"" : ""<?xml version=\""1.0\"" encoding=\""utf-8\""?><MediaServerControl version=\""1.0\""><request><play><prompt repeat=\""2\""><audio url=\""http://prod-serveur-oms-ip.vente.francetelecom.fr:8080/annonces/SVAIP/silence.wav\""/><audio url=\""http://prod-serveur-oms-ip.vente.francetelecom.fr:8080/annonces/SVAIP/10017899/SVAIPP10017899F1.wav\""/></prompt></play></request></MediaServerControl>"", ""call_flow_type"" : ""EARLY_MEDIA_AND_RELEASE"", ""header_list"" : []}"
30121,SVAIPP10017141F1,"{""id"" : 30121, ""name"" : ""SVAIPP10017141F1"", ""vpn_id"" : 10017141, ""technical_type"" : ""PERSONALIZED_GREETING"", ""max_duration"" : null, ""release_cause"" : 21, ""network_sip_code"" : 603, ""mscml_user_part"" : ""0943101510017141"", ""mscml_body_content"" : ""<?xml version=\""1.0\"" encoding=\""utf-8\""?><MediaServerControl version=\""1.0\""><request><play><prompt repeat=\""2\""><audio url=\""http://prod-serveur-oms-ip.vente.francetelecom.fr:8080/annonces/SVAIP/silence.wav\""/><audio url=\""http://prod-serveur-oms-ip.vente.francetelecom.fr:8080/annonces/SVAIP/10017141/SVAIPP10017141F1.wav\""/></prompt></play></request></MediaServerControl>"", ""call_flow_type"" : ""EARLY_MEDIA_AND_RELEASE"", ""header_list"" : []}"
31961,SVAIPP10011388F1,"{""id"" : 31961, ""name"" : ""SVAIPP10011388F1"", ""vpn_id"" : 10011388, ""technical_type"" : ""PERSONALIZED_GREETING"", ""max_duration"" : null, ""release_cause"" : 21, ""network_sip_code"" : 603, ""mscml_user_part"" : ""0943101510011388"", ""mscml_body_content"" : ""<?xml version=\""1.0\"" encoding=\""utf-8\""?><MediaServerControl version=\""1.0\""><request><play><prompt repeat=\""2\""><audio url=\""http://prod-serveur-oms-ip.vente.francetelecom.fr:8080/annonces/SVAIP/silence.wav\""/><audio url=\""http://prod-serveur-oms-ip.vente.francetelecom.fr:8080/annonces/SVAIP/10011388/SVAIPP10011388F1.wav\""/></prompt></play></request></MediaServerControl>"", ""call_flow_type"" : ""EARLY_MEDIA_AND_RELEASE"", ""header_list"" : []}"
32007,SVAIPP10005941F14,"{""id"" : 32007, ""name"" : ""SVAIPP10005941F14"", ""vpn_id"" : 10005941, ""technical_type"" : ""PERSONALIZED_GREETING"", ""max_duration"" : null, ""release_cause"" : 21, ""network_sip_code"" : 603, ""mscml_user_part"" : ""0943101510005941"", ""mscml_body_content"" : ""<?xml version=\""1.0\"" encoding=\""utf-8\""?><MediaServerControl version=\""1.0\""><request><play><prompt repeat=\""2\""><audio url=\""http://prod-serveur-oms-ip.vente.francetelecom.fr:8080/annonces/SVAIP/silence.wav\""/><audio url=\""http://prod-serveur-oms-ip.vente.francetelecom.fr:8080/annonces/SVAIP/10005941/SVAIPP10005941F14.wav\""/></prompt></play></request></MediaServerControl>"", ""call_flow_type"" : ""EARLY_MEDIA_AND_RELEASE"", ""header_list"" : []}"
29661,SVAIPP10016858F1,"{""id"" : 29661, ""name"" : ""SVAIPP10016858F1"", ""vpn_id"" : 10016858, ""technical_type"" : ""PERSONALIZED_GREETING"", ""max_duration"" : null, ""release_cause"" : 21, ""network_sip_code"" : 603, ""mscml_user_part"" : ""0943101510016858"", ""mscml_body_content"" : ""<?xml version=\""1.0\"" encoding=\""utf-8\""?><MediaServerControl version=\""1.0\""><request><play><prompt repeat=\""2\""><audio url=\""http://prod-serveur-oms-ip.vente.francetelecom.fr:8080/annonces/SVAIP/silence.wav\""/><audio url=\""http://prod-serveur-oms-ip.vente.francetelecom.fr:8080/annonces/SVAIP/10016858/SVAIPP10016858F1.wav\""/></prompt></play></request></MediaServerControl>"", ""call_flow_type"" : ""EARLY_MEDIA_AND_RELEASE"", ""header_list"" : []}"
29563,SVAIPSA000P,"{""id"" : 29563, ""name"" : ""SVAIPSA000P"", ""vpn_id"" : null, ""technical_type"" : ""STANDARD_MGIT"", ""max_duration"" : null, ""release_cause"" : 0, ""network_sip_code"" : 0, ""mscml_user_part"" : ""09431010"", ""mscml_body_content"" : ""<?xml version=\""1.0\"" encoding=\""utf-8\""?><MediaServerControl version=\""1.0\""><request><playcollect maxdigits=\""1\"" barge=\""yes\"" extradigittimer=\""immediate\"" firstdigittimer=\""immediate\""><prompt><audio url=\""http://prod-serveur-oms-ip.vente.francetelecom.fr:8080/annonces/SVAIP/silence.wav\""/><audio url=\""http://prod-serveur-oms-ip.vente.francetelecom.fr:8080/annonces/SVAIP/MGIT/SVAIPSA000P.wav\""/></prompt></playcollect></request></MediaServerControl>"", ""call_flow_type"" : ""EARLY_MEDIA_AND_RELEASE"", ""header_list"" : []}"
30184,SVAIPP10017141F2,"{""id"" : 30184, ""name"" : ""SVAIPP10017141F2"", ""vpn_id"" : 10017141, ""technical_type"" : ""PERSONALIZED_GREETING"", ""max_duration"" : null, ""release_cause"" : 21, ""network_sip_code"" : 603, ""mscml_user_part"" : ""0943101510017141"", ""mscml_body_content"" : ""<?xml version=\""1.0\"" encoding=\""utf-8\""?><MediaServerControl version=\""1.0\""><request><play><prompt repeat=\""2\""><audio url=\""http://prod-serveur-oms-ip.vente.francetelecom.fr:8080/annonces/SVAIP/silence.wav\""/><audio url=\""http://prod-serveur-oms-ip.vente.francetelecom.fr:8080/annonces/SVAIP/10017141/SVAIPP10017141F2.wav\""/></prompt></play></request></MediaServerControl>"", ""call_flow_type"" : ""EARLY_MEDIA_AND_RELEASE"", ""header_list"" : []}"
30283,SVAIPP10016244D015P4,"{""id"" : 30283, ""name"" : ""SVAIPP10016244D015P4"", ""vpn_id"" : 10016244, ""technical_type"" : ""PERSONALIZED_MGIT"", ""max_duration"" : null, ""release_cause"" : 0, ""network_sip_code"" : 0, ""mscml_user_part"" : ""0943101110016244"", ""mscml_body_content"" : ""<?xml version=\""1.0\"" encoding=\""utf-8\""?><MediaServerControl version=\""1.0\""><request><playcollect maxdigits=\""1\"" barge=\""yes\"" extradigittimer=\""immediate\"" firstdigittimer=\""immediate\""><prompt><audio url=\""http://prod-serveur-oms-ip.vente.francetelecom.fr:8080/annonces/SVAIP/silence.wav\""/><audio url=\""http://prod-serveur-oms-ip.vente.francetelecom.fr:8080/annonces/SVAIP/10016244/SVAIPP10016244D015P4.wav\""/></prompt></playcollect></request></MediaServerControl>"", ""call_flow_type"" : ""EARLY_MEDIA_AND_RELEASE"", ""header_list"" : []}"
30124,SVAIPP10012081F1,"{""id"" : 30124, ""name"" : ""SVAIPP10012081F1"", ""vpn_id"" : 10012081, ""technical_type"" : ""PERSONALIZED_GREETING"", ""max_duration"" : null, ""release_cause"" : 21, ""network_sip_code"" : 603, ""mscml_user_part"" : ""0943101510012081"", ""mscml_body_content"" : ""<?xml version=\""1.0\"" encoding=\""utf-8\""?><MediaServerControl version=\""1.0\""><request><play><prompt repeat=\""2\""><audio url=\""http://prod-serveur-oms-ip.vente.francetelecom.fr:8080/annonces/SVAIP/silence.wav\""/><audio url=\""http://prod-serveur-oms-ip.vente.francetelecom.fr:8080/annonces/SVAIP/10012081/SVAIPP10012081F1.wav\""/></prompt></play></request></MediaServerControl>"", ""call_flow_type"" : ""EARLY_MEDIA_AND_RELEASE"", ""header_list"" : []}"
30162,SVAIPP10002228F5,"{""id"" : 30162, ""name"" : ""SVAIPP10002228F5"", ""vpn_id"" : 10002228, ""technical_type"" : ""PERSONALIZED_GREETING"", ""max_duration"" : null, ""release_cause"" : 21, ""network_sip_code"" : 603, ""mscml_user_part"" : ""0943101510002228"", ""mscml_body_content"" : ""<?xml version=\""1.0\"" encoding=\""utf-8\""?><MediaServerControl version=\""1.0\""><request><play><prompt repeat=\""2\""><audio url=\""http://prod-serveur-oms-ip.vente.francetelecom.fr:8080/annonces/SVAIP/silence.wav\""/><audio url=\""http://prod-serveur-oms-ip.vente.francetelecom.fr:8080/annonces/SVAIP/10002228/SVAIPP10002228F5.wav\""/></prompt></play></request></MediaServerControl>"", ""call_flow_type"" : ""EARLY_MEDIA_AND_RELEASE"", ""header_list"" : []}"
30422,SVAIPP10014852F12,"{""id"" : 30422, ""name"" : ""SVAIPP10014852F12"", ""vpn_id"" : 10014852, ""technical_type"" : ""PERSONALIZED_GREETING"", ""max_duration"" : null, ""release_cause"" : 21, ""network_sip_code"" : 603, ""mscml_user_part"" : ""0943101510014852"", ""mscml_body_content"" : ""<?xml version=\""1.0\"" encoding=\""utf-8\""?><MediaServerControl version=\""1.0\""><request><play><prompt repeat=\""2\""><audio url=\""http://prod-serveur-oms-ip.vente.francetelecom.fr:8080/annonces/SVAIP/silence.wav\""/><audio url=\""http://prod-serveur-oms-ip.vente.francetelecom.fr:8080/annonces/SVAIP/10014852/SVAIPP10014852F12.wav\""/></prompt></play></request></MediaServerControl>"", ""call_flow_type"" : ""EARLY_MEDIA_AND_RELEASE"", ""header_list"" : []}"
30661,SVAIPP10017347F2,"{""id"" : 30661, ""name"" : ""SVAIPP10017347F2"", ""vpn_id"" : 10017347, ""technical_type"" : ""PERSONALIZED_GREETING"", ""max_duration"" : null, ""release_cause"" : 21, ""network_sip_code"" : 603, ""mscml_user_part"" : ""0943101510017347"", ""mscml_body_content"" : ""<?xml version=\""1.0\"" encoding=\""utf-8\""?><MediaServerControl version=\""1.0\""><request><play><prompt repeat=\""2\""><audio url=\""http://prod-serveur-oms-ip.vente.francetelecom.fr:8080/annonces/SVAIP/silence.wav\""/><audio url=\""http://prod-serveur-oms-ip.vente.francetelecom.fr:8080/annonces/SVAIP/10017347/SVAIPP10017347F2.wav\""/></prompt></play></request></MediaServerControl>"", ""call_flow_type"" : ""EARLY_MEDIA_AND_RELEASE"", ""header_list"" : []}"
29823,SVAIPP10003728A009P58,"{""id"" : 29823, ""name"" : ""SVAIPP10003728A009P58"", ""vpn_id"" : 10003728, ""technical_type"" : ""PERSONALIZED_MGIT"", ""max_duration"" : null, ""release_cause"" : 0, ""network_sip_code"" : 0, ""mscml_user_part"" : ""0943101110003728"", ""mscml_body_content"" : ""<?xml version=\""1.0\"" encoding=\""utf-8\""?><MediaServerControl version=\""1.0\""><request><playcollect maxdigits=\""1\"" barge=\""yes\"" extradigittimer=\""immediate\"" firstdigittimer=\""immediate\""><prompt><audio url=\""http://prod-serveur-oms-ip.vente.francetelecom.fr:8080/annonces/SVAIP/silence.wav\""/><audio url=\""http://prod-serveur-oms-ip.vente.francetelecom.fr:8080/annonces/SVAIP/10003728/SVAIPP10003728A009P58.wav\""/></prompt></playcollect></request></MediaServerControl>"", ""call_flow_type"" : ""EARLY_MEDIA_AND_RELEASE"", ""header_list"" : []}"
33165,SVAIPP10004042F5,"{""id"" : 33165, ""name"" : ""SVAIPP10004042F5"", ""vpn_id"" : 10004042, ""technical_type"" : ""PERSONALIZED_GREETING"", ""max_duration"" : null, ""release_cause"" : 21, ""network_sip_code"" : 603, ""mscml_user_part"" : ""0943101510004042"", ""mscml_body_content"" : ""<?xml version=\""1.0\"" encoding=\""utf-8\""?><MediaServerControl version=\""1.0\""><request><play><prompt repeat=\""2\""><audio url=\""http://prod-serveur-oms-ip.vente.francetelecom.fr:8080/annonces/SVAIP/silence.wav\""/><audio url=\""http://prod-serveur-oms-ip.vente.francetelecom.fr:8080/annonces/SVAIP/10004042/SVAIPP10004042F5.wav\""/></prompt></play></request></MediaServerControl>"", ""call_flow_type"" : ""EARLY_MEDIA_AND_RELEASE"", ""header_list"" : []}"
29884,SVAIPP10016190F1,"{""id"" : 29884, ""name"" : ""SVAIPP10016190F1"", ""vpn_id"" : 10016190, ""technical_type"" : ""PERSONALIZED_GREETING"", ""max_duration"" : null, ""release_cause"" : 21, ""network_sip_code"" : 603, ""mscml_user_part"" : ""0943101510016190"", ""mscml_body_content"" : ""<?xml version=\""1.0\"" encoding=\""utf-8\""?><MediaServerControl version=\""1.0\""><request><play><prompt repeat=\""2\""><audio url=\""http://prod-serveur-oms-ip.vente.francetelecom.fr:8080/annonces/SVAIP/silence.wav\""/><audio url=\""http://prod-serveur-oms-ip.vente.francetelecom.fr:8080/annonces/SVAIP/10016190/SVAIPP10016190F1.wav\""/></prompt></play></request></MediaServerControl>"", ""call_flow_type"" : ""EARLY_MEDIA_AND_RELEASE"", ""header_list"" : []}"
30562,SVAIPP10010234F2,"{""id"" : 30562, ""name"" : ""SVAIPP10010234F2"", ""vpn_id"" : 10010234, ""technical_type"" : ""PERSONALIZED_GREETING"", ""max_duration"" : null, ""release_cause"" : 21, ""network_sip_code"" : 603, ""mscml_user_part"" : ""0943101510010234"", ""mscml_body_content"" : ""<?xml version=\""1.0\"" encoding=\""utf-8\""?><MediaServerControl version=\""1.0\""><request><play><prompt repeat=\""2\""><audio url=\""http://prod-serveur-oms-ip.vente.francetelecom.fr:8080/annonces/SVAIP/silence.wav\""/><audio url=\""http://prod-serveur-oms-ip.vente.francetelecom.fr:8080/annonces/SVAIP/10010234/SVAIPP10010234F2.wav\""/></prompt></play></request></MediaServerControl>"", ""call_flow_type"" : ""EARLY_MEDIA_AND_RELEASE"", ""header_list"" : []}"
30263,SVAIPP10015826A005P7,"{""id"" : 30263, ""name"" : ""SVAIPP10015826A005P7"", ""vpn_id"" : 10015826, ""technical_type"" : ""PERSONALIZED_MGIT"", ""max_duration"" : null, ""release_cause"" : 0, ""network_sip_code"" : 0, ""mscml_user_part"" : ""0943101110015826"", ""mscml_body_content"" : ""<?xml version=\""1.0\"" encoding=\""utf-8\""?><MediaServerControl version=\""1.0\""><request><playcollect maxdigits=\""1\"" barge=\""yes\"" extradigittimer=\""immediate\"" firstdigittimer=\""immediate\""><prompt><audio url=\""http://prod-serveur-oms-ip.vente.francetelecom.fr:8080/annonces/SVAIP/silence.wav\""/><audio url=\""http://prod-serveur-oms-ip.vente.francetelecom.fr:8080/annonces/SVAIP/10015826/SVAIPP10015826A005P7.wav\""/></prompt></playcollect></request></MediaServerControl>"", ""call_flow_type"" : ""EARLY_MEDIA_AND_RELEASE"", ""header_list"" : []}"
30182,SVAIPP10009936F1,"{""id"" : 30182, ""name"" : ""SVAIPP10009936F1"", ""vpn_id"" : 10009936, ""technical_type"" : ""PERSONALIZED_GREETING"", ""max_duration"" : null, ""release_cause"" : 21, ""network_sip_code"" : 603, ""mscml_user_part"" : ""0943101510009936"", ""mscml_body_content"" : ""<?xml version=\""1.0\"" encoding=\""utf-8\""?><MediaServerControl version=\""1.0\""><request><play><prompt repeat=\""2\""><audio url=\""http://prod-serveur-oms-ip.vente.francetelecom.fr:8080/annonces/SVAIP/silence.wav\""/><audio url=\""http://prod-serveur-oms-ip.vente.francetelecom.fr:8080/annonces/SVAIP/10009936/SVAIPP10009936F1.wav\""/></prompt></play></request></MediaServerControl>"", ""call_flow_type"" : ""EARLY_MEDIA_AND_RELEASE"", ""header_list"" : []}"
34761,SVAIPP10017653F3,"{""id"" : 34761, ""name"" : ""SVAIPP10017653F3"", ""vpn_id"" : 10017653, ""technical_type"" : ""PERSONALIZED_GREETING"", ""max_duration"" : null, ""release_cause"" : 21, ""network_sip_code"" : 603, ""mscml_user_part"" : ""0943101510017653"", ""mscml_body_content"" : ""<?xml version=\""1.0\"" encoding=\""utf-8\""?><MediaServerControl version=\""1.0\""><request><play><prompt repeat=\""2\""><audio url=\""http://prod-serveur-oms-ip.vente.francetelecom.fr:8080/annonces/SVAIP/silence.wav\""/><audio url=\""http://prod-serveur-oms-ip.vente.francetelecom.fr:8080/annonces/SVAIP/10017653/SVAIPP10017653F3.wav\""/></prompt></play></request></MediaServerControl>"", ""call_flow_type"" : ""EARLY_MEDIA_AND_RELEASE"", ""header_list"" : []}"
32078,SVAIPP10014725F19,"{""id"" : 32078, ""name"" : ""SVAIPP10014725F19"", ""vpn_id"" : 10014725, ""technical_type"" : ""PERSONALIZED_GREETING"", ""max_duration"" : null, ""release_cause"" : 21, ""network_sip_code"" : 603, ""mscml_user_part"" : ""0943101510014725"", ""mscml_body_content"" : ""<?xml version=\""1.0\"" encoding=\""utf-8\""?><MediaServerControl version=\""1.0\""><request><play><prompt repeat=\""2\""><audio url=\""http://prod-serveur-oms-ip.vente.francetelecom.fr:8080/annonces/SVAIP/silence.wav\""/><audio url=\""http://prod-serveur-oms-ip.vente.francetelecom.fr:8080/annonces/SVAIP/10014725/SVAIPP10014725F19.wav\""/></prompt></play></request></MediaServerControl>"", ""call_flow_type"" : ""EARLY_MEDIA_AND_RELEASE"", ""header_list"" : []}"
29465,SVAIPP10003728F55,"{""id"" : 29465, ""name"" : ""SVAIPP10003728F55"", ""vpn_id"" : 10003728, ""technical_type"" : ""PERSONALIZED_GREETING"", ""max_duration"" : 42000, ""release_cause"" : 21, ""network_sip_code"" : 603, ""mscml_user_part"" : ""0943101510003728"", ""mscml_body_content"" : ""<?xml version=\""1.0\"" encoding=\""utf-8\""?><MediaServerControl version=\""1.0\""><request><play><prompt repeat=\""2\""><audio url=\""http://prod-serveur-oms-ip.vente.francetelecom.fr:8080/annonces/SVAIP/silence.wav\""/><audio url=\""http://prod-serveur-oms-ip.vente.francetelecom.fr:8080/annonces/SVAIP/10003728/SVAIPP10003728F55.wav\""/></prompt></play></request></MediaServerControl>"", ""call_flow_type"" : ""EARLY_MEDIA_AND_RELEASE"", ""header_list"" : []}"
31642,SVAIPP10017310F12,"{""id"" : 31642, ""name"" : ""SVAIPP10017310F12"", ""vpn_id"" : 10017310, ""technical_type"" : ""PERSONALIZED_GREETING"", ""max_duration"" : null, ""release_cause"" : 21, ""network_sip_code"" : 603, ""mscml_user_part"" : ""0943101510017310"", ""mscml_body_content"" : ""<?xml version=\""1.0\"" encoding=\""utf-8\""?><MediaServerControl version=\""1.0\""><request><play><prompt repeat=\""2\""><audio url=\""http://prod-serveur-oms-ip.vente.francetelecom.fr:8080/annonces/SVAIP/silence.wav\""/><audio url=\""http://prod-serveur-oms-ip.vente.francetelecom.fr:8080/annonces/SVAIP/10017310/SVAIPP10017310F12.wav\""/></prompt></play></request></MediaServerControl>"", ""call_flow_type"" : ""EARLY_MEDIA_AND_RELEASE"", ""header_list"" : []}"
29681,SVAIPP10004861F10,"{""id"" : 29681, ""name"" : ""SVAIPP10004861F10"", ""vpn_id"" : 10004861, ""technical_type"" : ""PERSONALIZED_GREETING"", ""max_duration"" : null, ""release_cause"" : 21, ""network_sip_code"" : 603, ""mscml_user_part"" : ""0943101510004861"", ""mscml_body_content"" : ""<?xml version=\""1.0\"" encoding=\""utf-8\""?><MediaServerControl version=\""1.0\""><request><play><prompt repeat=\""2\""><audio url=\""http://prod-serveur-oms-ip.vente.francetelecom.fr:8080/annonces/SVAIP/silence.wav\""/><audio url=\""http://prod-serveur-oms-ip.vente.francetelecom.fr:8080/annonces/SVAIP/10004861/SVAIPP10004861F10.wav\""/></prompt></play></request></MediaServerControl>"", ""call_flow_type"" : ""EARLY_MEDIA_AND_RELEASE"", ""header_list"" : []}"
33681,SVAIPP10007713D015P3,"{""id"" : 33681, ""name"" : ""SVAIPP10007713D015P3"", ""vpn_id"" : 10007713, ""technical_type"" : ""PERSONALIZED_MGIT"", ""max_duration"" : null, ""release_cause"" : 0, ""network_sip_code"" : 0, ""mscml_user_part"" : ""0943101110007713"", ""mscml_body_content"" : ""<?xml version=\""1.0\"" encoding=\""utf-8\""?><MediaServerControl version=\""1.0\""><request><playcollect maxdigits=\""1\"" barge=\""yes\"" extradigittimer=\""immediate\"" firstdigittimer=\""immediate\""><prompt><audio url=\""http://prod-serveur-oms-ip.vente.francetelecom.fr:8080/annonces/SVAIP/silence.wav\""/><audio url=\""http://prod-serveur-oms-ip.vente.francetelecom.fr:8080/annonces/SVAIP/10007713/SVAIPP10007713D015P3.wav\""/></prompt></playcollect></request></MediaServerControl>"", ""call_flow_type"" : ""EARLY_MEDIA_AND_RELEASE"", ""header_list"" : []}"
29662,SVAIPP10010188F1,"{""id"" : 29662, ""name"" : ""SVAIPP10010188F1"", ""vpn_id"" : 10010188, ""technical_type"" : ""PERSONALIZED_GREETING"", ""max_duration"" : null, ""release_cause"" : 21, ""network_sip_code"" : 603, ""mscml_user_part"" : ""0943101510010188"", ""mscml_body_content"" : ""<?xml version=\""1.0\"" encoding=\""utf-8\""?><MediaServerControl version=\""1.0\""><request><play><prompt repeat=\""2\""><audio url=\""http://prod-serveur-oms-ip.vente.francetelecom.fr:8080/annonces/SVAIP/silence.wav\""/><audio url=\""http://prod-serveur-oms-ip.vente.francetelecom.fr:8080/annonces/SVAIP/10010188/SVAIPP10010188F1.wav\""/></prompt></play></request></MediaServerControl>"", ""call_flow_type"" : ""EARLY_MEDIA_AND_RELEASE"", ""header_list"" : []}"
31022,SVAIPP10017651F2,"{""id"" : 31022, ""name"" : ""SVAIPP10017651F2"", ""vpn_id"" : 10017651, ""technical_type"" : ""PERSONALIZED_GREETING"", ""max_duration"" : null, ""release_cause"" : 21, ""network_sip_code"" : 603, ""mscml_user_part"" : ""0943101510017651"", ""mscml_body_content"" : ""<?xml version=\""1.0\"" encoding=\""utf-8\""?><MediaServerControl version=\""1.0\""><request><play><prompt repeat=\""2\""><audio url=\""http://prod-serveur-oms-ip.vente.francetelecom.fr:8080/annonces/SVAIP/silence.wav\""/><audio url=\""http://prod-serveur-oms-ip.vente.francetelecom.fr:8080/annonces/SVAIP/10017651/SVAIPP10017651F2.wav\""/></prompt></play></request></MediaServerControl>"", ""call_flow_type"" : ""EARLY_MEDIA_AND_RELEASE"", ""header_list"" : []}"
32002,SVAIPP10003728D012P64,"{""id"" : 32002, ""name"" : ""SVAIPP10003728D012P64"", ""vpn_id"" : 10003728, ""technical_type"" : ""PERSONALIZED_MGIT"", ""max_duration"" : null, ""release_cause"" : 0, ""network_sip_code"" : 0, ""mscml_user_part"" : ""0943101110003728"", ""mscml_body_content"" : ""<?xml version=\""1.0\"" encoding=\""utf-8\""?><MediaServerControl version=\""1.0\""><request><playcollect maxdigits=\""1\"" barge=\""yes\"" extradigittimer=\""immediate\"" firstdigittimer=\""immediate\""><prompt><audio url=\""http://prod-serveur-oms-ip.vente.francetelecom.fr:8080/annonces/SVAIP/silence.wav\""/><audio url=\""http://prod-serveur-oms-ip.vente.francetelecom.fr:8080/annonces/SVAIP/10003728/SVAIPP10003728D012P64.wav\""/></prompt></playcollect></request></MediaServerControl>"", ""call_flow_type"" : ""EARLY_MEDIA_AND_RELEASE"", ""header_list"" : []}"
32042,SVAIPP10004865F2,"{""id"" : 32042, ""name"" : ""SVAIPP10004865F2"", ""vpn_id"" : 10004865, ""technical_type"" : ""PERSONALIZED_GREETING"", ""max_duration"" : null, ""release_cause"" : 21, ""network_sip_code"" : 603, ""mscml_user_part"" : ""0943101510004865"", ""mscml_body_content"" : ""<?xml version=\""1.0\"" encoding=\""utf-8\""?><MediaServerControl version=\""1.0\""><request><play><prompt repeat=\""2\""><audio url=\""http://prod-serveur-oms-ip.vente.francetelecom.fr:8080/annonces/SVAIP/silence.wav\""/><audio url=\""http://prod-serveur-oms-ip.vente.francetelecom.fr:8080/annonces/SVAIP/10004865/SVAIPP10004865F2.wav\""/></prompt></play></request></MediaServerControl>"", ""call_flow_type"" : ""EARLY_MEDIA_AND_RELEASE"", ""header_list"" : []}"
29507,SVAIPP10003728F57,"{""id"" : 29507, ""name"" : ""SVAIPP10003728F57"", ""vpn_id"" : 10003728, ""technical_type"" : ""PERSONALIZED_GREETING"", ""max_duration"" : null, ""release_cause"" : 21, ""network_sip_code"" : 603, ""mscml_user_part"" : ""0943101510003728"", ""mscml_body_content"" : ""<?xml version=\""1.0\"" encoding=\""utf-8\""?><MediaServerControl version=\""1.0\""><request><play><prompt repeat=\""2\""><audio url=\""http://prod-serveur-oms-ip.vente.francetelecom.fr:8080/annonces/SVAIP/silence.wav\""/><audio url=\""http://prod-serveur-oms-ip.vente.francetelecom.fr:8080/annonces/SVAIP/10003728/SVAIPP10003728F57.wav\""/></prompt></play></request></MediaServerControl>"", ""call_flow_type"" : ""EARLY_MEDIA_AND_RELEASE"", ""header_list"" : []}"
29526,SVAIPP10016755D040P3,"{""id"" : 29526, ""name"" : ""SVAIPP10016755D040P3"", ""vpn_id"" : 10016755, ""technical_type"" : ""PERSONALIZED_MGIT"", ""max_duration"" : null, ""release_cause"" : 0, ""network_sip_code"" : 0, ""mscml_user_part"" : ""0943101110016755"", ""mscml_body_content"" : ""<?xml version=\""1.0\"" encoding=\""utf-8\""?><MediaServerControl version=\""1.0\""><request><playcollect maxdigits=\""1\"" barge=\""yes\"" extradigittimer=\""immediate\"" firstdigittimer=\""immediate\""><prompt><audio url=\""http://prod-serveur-oms-ip.vente.francetelecom.fr:8080/annonces/SVAIP/silence.wav\""/><audio url=\""http://prod-serveur-oms-ip.vente.francetelecom.fr:8080/annonces/SVAIP/10016755/SVAIPP10016755D040P3.wav\""/></prompt></playcollect></request></MediaServerControl>"", ""call_flow_type"" : ""EARLY_MEDIA_AND_RELEASE"", ""header_list"" : []}"
30721,SVAIPP10014443F1,"{""id"" : 30721, ""name"" : ""SVAIPP10014443F1"", ""vpn_id"" : 10014443, ""technical_type"" : ""PERSONALIZED_GREETING"", ""max_duration"" : null, ""release_cause"" : 21, ""network_sip_code"" : 603, ""mscml_user_part"" : ""0943101510014443"", ""mscml_body_content"" : ""<?xml version=\""1.0\"" encoding=\""utf-8\""?><MediaServerControl version=\""1.0\""><request><play><prompt repeat=\""2\""><audio url=\""http://prod-serveur-oms-ip.vente.francetelecom.fr:8080/annonces/SVAIP/silence.wav\""/><audio url=\""http://prod-serveur-oms-ip.vente.francetelecom.fr:8080/annonces/SVAIP/10014443/SVAIPP10014443F1.wav\""/></prompt></play></request></MediaServerControl>"", ""call_flow_type"" : ""EARLY_MEDIA_AND_RELEASE"", ""header_list"" : []}"
30641,SVAIPP10005700F1,"{""id"" : 30641, ""name"" : ""SVAIPP10005700F1"", ""vpn_id"" : 10005700, ""technical_type"" : ""PERSONALIZED_GREETING"", ""max_duration"" : null, ""release_cause"" : 21, ""network_sip_code"" : 603, ""mscml_user_part"" : ""0943101510005700"", ""mscml_body_content"" : ""<?xml version=\""1.0\"" encoding=\""utf-8\""?><MediaServerControl version=\""1.0\""><request><play><prompt repeat=\""2\""><audio url=\""http://prod-serveur-oms-ip.vente.francetelecom.fr:8080/annonces/SVAIP/silence.wav\""/><audio url=\""http://prod-serveur-oms-ip.vente.francetelecom.fr:8080/annonces/SVAIP/10005700/SVAIPP10005700F1.wav\""/></prompt></play></request></MediaServerControl>"", ""call_flow_type"" : ""EARLY_MEDIA_AND_RELEASE"", ""header_list"" : []}"
30281,SVAIPP10017514F2,"{""id"" : 30281, ""name"" : ""SVAIPP10017514F2"", ""vpn_id"" : 10017514, ""technical_type"" : ""PERSONALIZED_GREETING"", ""max_duration"" : null, ""release_cause"" : 21, ""network_sip_code"" : 603, ""mscml_user_part"" : ""0943101510017514"", ""mscml_body_content"" : ""<?xml version=\""1.0\"" encoding=\""utf-8\""?><MediaServerControl version=\""1.0\""><request><play><prompt repeat=\""2\""><audio url=\""http://prod-serveur-oms-ip.vente.francetelecom.fr:8080/annonces/SVAIP/silence.wav\""/><audio url=\""http://prod-serveur-oms-ip.vente.francetelecom.fr:8080/annonces/SVAIP/10017514/SVAIPP10017514F2.wav\""/></prompt></play></request></MediaServerControl>"", ""call_flow_type"" : ""EARLY_MEDIA_AND_RELEASE"", ""header_list"" : []}"
30401,SVAIPP10003377F1,"{""id"" : 30401, ""name"" : ""SVAIPP10003377F1"", ""vpn_id"" : 10003377, ""technical_type"" : ""PERSONALIZED_GREETING"", ""max_duration"" : null, ""release_cause"" : 21, ""network_sip_code"" : 603, ""mscml_user_part"" : ""0943101510003377"", ""mscml_body_content"" : ""<?xml version=\""1.0\"" encoding=\""utf-8\""?><MediaServerControl version=\""1.0\""><request><play><prompt repeat=\""2\""><audio url=\""http://prod-serveur-oms-ip.vente.francetelecom.fr:8080/annonces/SVAIP/silence.wav\""/><audio url=\""http://prod-serveur-oms-ip.vente.francetelecom.fr:8080/annonces/SVAIP/10003377/SVAIPP10003377F1.wav\""/></prompt></play></request></MediaServerControl>"", ""call_flow_type"" : ""EARLY_MEDIA_AND_RELEASE"", ""header_list"" : []}"
32101,SVAIPP10010042F1,"{""id"" : 32101, ""name"" : ""SVAIPP10010042F1"", ""vpn_id"" : 10010042, ""technical_type"" : ""PERSONALIZED_GREETING"", ""max_duration"" : null, ""release_cause"" : 21, ""network_sip_code"" : 603, ""mscml_user_part"" : ""0943101510010042"", ""mscml_body_content"" : ""<?xml version=\""1.0\"" encoding=\""utf-8\""?><MediaServerControl version=\""1.0\""><request><play><prompt repeat=\""2\""><audio url=\""http://prod-serveur-oms-ip.vente.francetelecom.fr:8080/annonces/SVAIP/silence.wav\""/><audio url=\""http://prod-serveur-oms-ip.vente.francetelecom.fr:8080/annonces/SVAIP/10010042/SVAIPP10010042F1.wav\""/></prompt></play></request></MediaServerControl>"", ""call_flow_type"" : ""EARLY_MEDIA_AND_RELEASE"", ""header_list"" : []}"
32305,SVAIPP10008187F3,"{""id"" : 32305, ""name"" : ""SVAIPP10008187F3"", ""vpn_id"" : 10008187, ""technical_type"" : ""PERSONALIZED_GREETING"", ""max_duration"" : null, ""release_cause"" : 21, ""network_sip_code"" : 603, ""mscml_user_part"" : ""0943101510008187"", ""mscml_body_content"" : ""<?xml version=\""1.0\"" encoding=\""utf-8\""?><MediaServerControl version=\""1.0\""><request><play><prompt repeat=\""2\""><audio url=\""http://prod-serveur-oms-ip.vente.francetelecom.fr:8080/annonces/SVAIP/silence.wav\""/><audio url=\""http://prod-serveur-oms-ip.vente.francetelecom.fr:8080/annonces/SVAIP/10008187/SVAIPP10008187F3.wav\""/></prompt></play></request></MediaServerControl>"", ""call_flow_type"" : ""EARLY_MEDIA_AND_RELEASE"", ""header_list"" : []}"
29544,SVAIPP10016773F1,"{""id"" : 29544, ""name"" : ""SVAIPP10016773F1"", ""vpn_id"" : 10016773, ""technical_type"" : ""PERSONALIZED_GREETING"", ""max_duration"" : null, ""release_cause"" : 21, ""network_sip_code"" : 603, ""mscml_user_part"" : ""0943101510016773"", ""mscml_body_content"" : ""<?xml version=\""1.0\"" encoding=\""utf-8\""?><MediaServerControl version=\""1.0\""><request><play><prompt repeat=\""2\""><audio url=\""http://prod-serveur-oms-ip.vente.francetelecom.fr:8080/annonces/SVAIP/silence.wav\""/><audio url=\""http://prod-serveur-oms-ip.vente.francetelecom.fr:8080/annonces/SVAIP/10016773/SVAIPP10016773F1.wav\""/></prompt></play></request></MediaServerControl>"", ""call_flow_type"" : ""EARLY_MEDIA_AND_RELEASE"", ""header_list"" : []}"
29548,SVAIPP10015714F3,"{""id"" : 29548, ""name"" : ""SVAIPP10015714F3"", ""vpn_id"" : 10015714, ""technical_type"" : ""PERSONALIZED_GREETING"", ""max_duration"" : null, ""release_cause"" : 21, ""network_sip_code"" : 603, ""mscml_user_part"" : ""0943101510015714"", ""mscml_body_content"" : ""<?xml version=\""1.0\"" encoding=\""utf-8\""?><MediaServerControl version=\""1.0\""><request><play><prompt repeat=\""2\""><audio url=\""http://prod-serveur-oms-ip.vente.francetelecom.fr:8080/annonces/SVAIP/silence.wav\""/><audio url=\""http://prod-serveur-oms-ip.vente.francetelecom.fr:8080/annonces/SVAIP/10015714/SVAIPP10015714F3.wav\""/></prompt></play></request></MediaServerControl>"", ""call_flow_type"" : ""EARLY_MEDIA_AND_RELEASE"", ""header_list"" : []}"
30842,SVAIPP10017916F1,"{""id"" : 30842, ""name"" : ""SVAIPP10017916F1"", ""vpn_id"" : 10017916, ""technical_type"" : ""PERSONALIZED_GREETING"", ""max_duration"" : null, ""release_cause"" : 21, ""network_sip_code"" : 603, ""mscml_user_part"" : ""0943101510017916"", ""mscml_body_content"" : ""<?xml version=\""1.0\"" encoding=\""utf-8\""?><MediaServerControl version=\""1.0\""><request><play><prompt repeat=\""2\""><audio url=\""http://prod-serveur-oms-ip.vente.francetelecom.fr:8080/annonces/SVAIP/silence.wav\""/><audio url=\""http://prod-serveur-oms-ip.vente.francetelecom.fr:8080/annonces/SVAIP/10017916/SVAIPP10017916F1.wav\""/></prompt></play></request></MediaServerControl>"", ""call_flow_type"" : ""EARLY_MEDIA_AND_RELEASE"", ""header_list"" : []}"
31021,SVAIPP10017652F3,"{""id"" : 31021, ""name"" : ""SVAIPP10017652F3"", ""vpn_id"" : 10017652, ""technical_type"" : ""PERSONALIZED_GREETING"", ""max_duration"" : null, ""release_cause"" : 21, ""network_sip_code"" : 603, ""mscml_user_part"" : ""0943101510017652"", ""mscml_body_content"" : ""<?xml version=\""1.0\"" encoding=\""utf-8\""?><MediaServerControl version=\""1.0\""><request><play><prompt repeat=\""2\""><audio url=\""http://prod-serveur-oms-ip.vente.francetelecom.fr:8080/annonces/SVAIP/silence.wav\""/><audio url=\""http://prod-serveur-oms-ip.vente.francetelecom.fr:8080/annonces/SVAIP/10017652/SVAIPP10017652F3.wav\""/></prompt></play></request></MediaServerControl>"", ""call_flow_type"" : ""EARLY_MEDIA_AND_RELEASE"", ""header_list"" : []}"
30402,SVAIPP10017652F1,"{""id"" : 30402, ""name"" : ""SVAIPP10017652F1"", ""vpn_id"" : 10017652, ""technical_type"" : ""PERSONALIZED_GREETING"", ""max_duration"" : null, ""release_cause"" : 21, ""network_sip_code"" : 603, ""mscml_user_part"" : ""0943101510017652"", ""mscml_body_content"" : ""<?xml version=\""1.0\"" encoding=\""utf-8\""?><MediaServerControl version=\""1.0\""><request><play><prompt repeat=\""2\""><audio url=\""http://prod-serveur-oms-ip.vente.francetelecom.fr:8080/annonces/SVAIP/silence.wav\""/><audio url=\""http://prod-serveur-oms-ip.vente.francetelecom.fr:8080/annonces/SVAIP/10017652/SVAIPP10017652F1.wav\""/></prompt></play></request></MediaServerControl>"", ""call_flow_type"" : ""EARLY_MEDIA_AND_RELEASE"", ""header_list"" : []}"
31165,SVAIPP10010188D006P6,"{""id"" : 31165, ""name"" : ""SVAIPP10010188D006P6"", ""vpn_id"" : 10010188, ""technical_type"" : ""PERSONALIZED_MGIT"", ""max_duration"" : null, ""release_cause"" : 0, ""network_sip_code"" : 0, ""mscml_user_part"" : ""0943101110010188"", ""mscml_body_content"" : ""<?xml version=\""1.0\"" encoding=\""utf-8\""?><MediaServerControl version=\""1.0\""><request><playcollect maxdigits=\""1\"" barge=\""yes\"" extradigittimer=\""immediate\"" firstdigittimer=\""immediate\""><prompt><audio url=\""http://prod-serveur-oms-ip.vente.francetelecom.fr:8080/annonces/SVAIP/silence.wav\""/><audio url=\""http://prod-serveur-oms-ip.vente.francetelecom.fr:8080/annonces/SVAIP/10010188/SVAIPP10010188D006P6.wav\""/></prompt></playcollect></request></MediaServerControl>"", ""call_flow_type"" : ""EARLY_MEDIA_AND_RELEASE"", ""header_list"" : []}"
32103,SVAIPP10010042F3,"{""id"" : 32103, ""name"" : ""SVAIPP10010042F3"", ""vpn_id"" : 10010042, ""technical_type"" : ""PERSONALIZED_GREETING"", ""max_duration"" : null, ""release_cause"" : 21, ""network_sip_code"" : 603, ""mscml_user_part"" : ""0943101510010042"", ""mscml_body_content"" : ""<?xml version=\""1.0\"" encoding=\""utf-8\""?><MediaServerControl version=\""1.0\""><request><play><prompt repeat=\""2\""><audio url=\""http://prod-serveur-oms-ip.vente.francetelecom.fr:8080/annonces/SVAIP/silence.wav\""/><audio url=\""http://prod-serveur-oms-ip.vente.francetelecom.fr:8080/annonces/SVAIP/10010042/SVAIPP10010042F3.wav\""/></prompt></play></request></MediaServerControl>"", ""call_flow_type"" : ""EARLY_MEDIA_AND_RELEASE"", ""header_list"" : []}"
29562,SVAIPP10016168F2,"{""id"" : 29562, ""name"" : ""SVAIPP10016168F2"", ""vpn_id"" : 10016168, ""technical_type"" : ""PERSONALIZED_GREETING"", ""max_duration"" : null, ""release_cause"" : 21, ""network_sip_code"" : 603, ""mscml_user_part"" : ""0943101510016168"", ""mscml_body_content"" : ""<?xml version=\""1.0\"" encoding=\""utf-8\""?><MediaServerControl version=\""1.0\""><request><play><prompt repeat=\""2\""><audio url=\""http://prod-serveur-oms-ip.vente.francetelecom.fr:8080/annonces/SVAIP/silence.wav\""/><audio url=\""http://prod-serveur-oms-ip.vente.francetelecom.fr:8080/annonces/SVAIP/10016168/SVAIPP10016168F2.wav\""/></prompt></play></request></MediaServerControl>"", ""call_flow_type"" : ""EARLY_MEDIA_AND_RELEASE"", ""header_list"" : []}"
29604,SVAIPP10016146F3,"{""id"" : 29604, ""name"" : ""SVAIPP10016146F3"", ""vpn_id"" : 10016146, ""technical_type"" : ""PERSONALIZED_GREETING"", ""max_duration"" : null, ""release_cause"" : 21, ""network_sip_code"" : 603, ""mscml_user_part"" : ""0943101510016146"", ""mscml_body_content"" : ""<?xml version=\""1.0\"" encoding=\""utf-8\""?><MediaServerControl version=\""1.0\""><request><play><prompt repeat=\""2\""><audio url=\""http://prod-serveur-oms-ip.vente.francetelecom.fr:8080/annonces/SVAIP/silence.wav\""/><audio url=\""http://prod-serveur-oms-ip.vente.francetelecom.fr:8080/annonces/SVAIP/10016146/SVAIPP10016146F3.wav\""/></prompt></play></request></MediaServerControl>"", ""call_flow_type"" : ""EARLY_MEDIA_AND_RELEASE"", ""header_list"" : []}"
31044,SVAIPP10016560F1,"{""id"" : 31044, ""name"" : ""SVAIPP10016560F1"", ""vpn_id"" : 10016560, ""technical_type"" : ""PERSONALIZED_GREETING"", ""max_duration"" : null, ""release_cause"" : 21, ""network_sip_code"" : 603, ""mscml_user_part"" : ""0943101510016560"", ""mscml_body_content"" : ""<?xml version=\""1.0\"" encoding=\""utf-8\""?><MediaServerControl version=\""1.0\""><request><play><prompt repeat=\""2\""><audio url=\""http://prod-serveur-oms-ip.vente.francetelecom.fr:8080/annonces/SVAIP/silence.wav\""/><audio url=\""http://prod-serveur-oms-ip.vente.francetelecom.fr:8080/annonces/SVAIP/10016560/SVAIPP10016560F1.wav\""/></prompt></play></request></MediaServerControl>"", ""call_flow_type"" : ""EARLY_MEDIA_AND_RELEASE"", ""header_list"" : []}"
31167,SVAIPP10014077F3,"{""id"" : 31167, ""name"" : ""SVAIPP10014077F3"", ""vpn_id"" : 10014077, ""technical_type"" : ""PERSONALIZED_GREETING"", ""max_duration"" : null, ""release_cause"" : 21, ""network_sip_code"" : 603, ""mscml_user_part"" : ""0943101510014077"", ""mscml_body_content"" : ""<?xml version=\""1.0\"" encoding=\""utf-8\""?><MediaServerControl version=\""1.0\""><request><play><prompt repeat=\""2\""><audio url=\""http://prod-serveur-oms-ip.vente.francetelecom.fr:8080/annonces/SVAIP/silence.wav\""/><audio url=\""http://prod-serveur-oms-ip.vente.francetelecom.fr:8080/annonces/SVAIP/10014077/SVAIPP10014077F3.wav\""/></prompt></play></request></MediaServerControl>"", ""call_flow_type"" : ""EARLY_MEDIA_AND_RELEASE"", ""header_list"" : []}"
31263,SVAIPP10010153D050P11,"{""id"" : 31263, ""name"" : ""SVAIPP10010153D050P11"", ""vpn_id"" : 10010153, ""technical_type"" : ""PERSONALIZED_MGIT"", ""max_duration"" : null, ""release_cause"" : 0, ""network_sip_code"" : 0, ""mscml_user_part"" : ""0943101110010153"", ""mscml_body_content"" : ""<?xml version=\""1.0\"" encoding=\""utf-8\""?><MediaServerControl version=\""1.0\""><request><playcollect maxdigits=\""1\"" barge=\""yes\"" extradigittimer=\""immediate\"" firstdigittimer=\""immediate\""><prompt><audio url=\""http://prod-serveur-oms-ip.vente.francetelecom.fr:8080/annonces/SVAIP/silence.wav\""/><audio url=\""http://prod-serveur-oms-ip.vente.francetelecom.fr:8080/annonces/SVAIP/10010153/SVAIPP10010153D050P11.wav\""/></prompt></playcollect></request></MediaServerControl>"", ""call_flow_type"" : ""EARLY_MEDIA_AND_RELEASE"", ""header_list"" : []}"
32066,SVAIPP10014725F7,"{""id"" : 32066, ""name"" : ""SVAIPP10014725F7"", ""vpn_id"" : 10014725, ""technical_type"" : ""PERSONALIZED_GREETING"", ""max_duration"" : null, ""release_cause"" : 21, ""network_sip_code"" : 603, ""mscml_user_part"" : ""0943101510014725"", ""mscml_body_content"" : ""<?xml version=\""1.0\"" encoding=\""utf-8\""?><MediaServerControl version=\""1.0\""><request><play><prompt repeat=\""2\""><audio url=\""http://prod-serveur-oms-ip.vente.francetelecom.fr:8080/annonces/SVAIP/silence.wav\""/><audio url=\""http://prod-serveur-oms-ip.vente.francetelecom.fr:8080/annonces/SVAIP/10014725/SVAIPP10014725F7.wav\""/></prompt></play></request></MediaServerControl>"", ""call_flow_type"" : ""EARLY_MEDIA_AND_RELEASE"", ""header_list"" : []}"
32072,SVAIPP10014725F13,"{""id"" : 32072, ""name"" : ""SVAIPP10014725F13"", ""vpn_id"" : 10014725, ""technical_type"" : ""PERSONALIZED_GREETING"", ""max_duration"" : null, ""release_cause"" : 21, ""network_sip_code"" : 603, ""mscml_user_part"" : ""0943101510014725"", ""mscml_body_content"" : ""<?xml version=\""1.0\"" encoding=\""utf-8\""?><MediaServerControl version=\""1.0\""><request><play><prompt repeat=\""2\""><audio url=\""http://prod-serveur-oms-ip.vente.francetelecom.fr:8080/annonces/SVAIP/silence.wav\""/><audio url=\""http://prod-serveur-oms-ip.vente.francetelecom.fr:8080/annonces/SVAIP/10014725/SVAIPP10014725F13.wav\""/></prompt></play></request></MediaServerControl>"", ""call_flow_type"" : ""EARLY_MEDIA_AND_RELEASE"", ""header_list"" : []}"
32121,SVAIPP10016263F1,"{""id"" : 32121, ""name"" : ""SVAIPP10016263F1"", ""vpn_id"" : 10016263, ""technical_type"" : ""PERSONALIZED_GREETING"", ""max_duration"" : null, ""release_cause"" : 21, ""network_sip_code"" : 603, ""mscml_user_part"" : ""0943101510016263"", ""mscml_body_content"" : ""<?xml version=\""1.0\"" encoding=\""utf-8\""?><MediaServerControl version=\""1.0\""><request><play><prompt repeat=\""2\""><audio url=\""http://prod-serveur-oms-ip.vente.francetelecom.fr:8080/annonces/SVAIP/silence.wav\""/><audio url=\""http://prod-serveur-oms-ip.vente.francetelecom.fr:8080/annonces/SVAIP/10016263/SVAIPP10016263F1.wav\""/></prompt></play></request></MediaServerControl>"", ""call_flow_type"" : ""EARLY_MEDIA_AND_RELEASE"", ""header_list"" : []}"
32102,SVAIPP10010042F2,"{""id"" : 32102, ""name"" : ""SVAIPP10010042F2"", ""vpn_id"" : 10010042, ""technical_type"" : ""PERSONALIZED_GREETING"", ""max_duration"" : null, ""release_cause"" : 21, ""network_sip_code"" : 603, ""mscml_user_part"" : ""0943101510010042"", ""mscml_body_content"" : ""<?xml version=\""1.0\"" encoding=\""utf-8\""?><MediaServerControl version=\""1.0\""><request><play><prompt repeat=\""2\""><audio url=\""http://prod-serveur-oms-ip.vente.francetelecom.fr:8080/annonces/SVAIP/silence.wav\""/><audio url=\""http://prod-serveur-oms-ip.vente.francetelecom.fr:8080/annonces/SVAIP/10010042/SVAIPP10010042F2.wav\""/></prompt></play></request></MediaServerControl>"", ""call_flow_type"" : ""EARLY_MEDIA_AND_RELEASE"", ""header_list"" : []}"
30762,SVAIPP10006075F7,"{""id"" : 30762, ""name"" : ""SVAIPP10006075F7"", ""vpn_id"" : 10006075, ""technical_type"" : ""PERSONALIZED_GREETING"", ""max_duration"" : null, ""release_cause"" : 21, ""network_sip_code"" : 603, ""mscml_user_part"" : ""0943101510006075"", ""mscml_body_content"" : ""<?xml version=\""1.0\"" encoding=\""utf-8\""?><MediaServerControl version=\""1.0\""><request><play><prompt repeat=\""2\""><audio url=\""http://prod-serveur-oms-ip.vente.francetelecom.fr:8080/annonces/SVAIP/silence.wav\""/><audio url=\""http://prod-serveur-oms-ip.vente.francetelecom.fr:8080/annonces/SVAIP/10006075/SVAIPP10006075F7.wav\""/></prompt></play></request></MediaServerControl>"", ""call_flow_type"" : ""EARLY_MEDIA_AND_RELEASE"", ""header_list"" : []}"
31322,SVAIPP10014982F4,"{""id"" : 31322, ""name"" : ""SVAIPP10014982F4"", ""vpn_id"" : 10014982, ""technical_type"" : ""PERSONALIZED_GREETING"", ""max_duration"" : null, ""release_cause"" : 21, ""network_sip_code"" : 603, ""mscml_user_part"" : ""0943101510014982"", ""mscml_body_content"" : ""<?xml version=\""1.0\"" encoding=\""utf-8\""?><MediaServerControl version=\""1.0\""><request><play><prompt repeat=\""2\""><audio url=\""http://prod-serveur-oms-ip.vente.francetelecom.fr:8080/annonces/SVAIP/silence.wav\""/><audio url=\""http://prod-serveur-oms-ip.vente.francetelecom.fr:8080/annonces/SVAIP/10014982/SVAIPP10014982F4.wav\""/></prompt></play></request></MediaServerControl>"", ""call_flow_type"" : ""EARLY_MEDIA_AND_RELEASE"", ""header_list"" : []}"
29964,SVAIPP10015066F4,"{""id"" : 29964, ""name"" : ""SVAIPP10015066F4"", ""vpn_id"" : 10015066, ""technical_type"" : ""PERSONALIZED_GREETING"", ""max_duration"" : null, ""release_cause"" : 21, ""network_sip_code"" : 603, ""mscml_user_part"" : ""0943101510015066"", ""mscml_body_content"" : ""<?xml version=\""1.0\"" encoding=\""utf-8\""?><MediaServerControl version=\""1.0\""><request><play><prompt repeat=\""2\""><audio url=\""http://prod-serveur-oms-ip.vente.francetelecom.fr:8080/annonces/SVAIP/silence.wav\""/><audio url=\""http://prod-serveur-oms-ip.vente.francetelecom.fr:8080/annonces/SVAIP/10015066/SVAIPP10015066F4.wav\""/></prompt></play></request></MediaServerControl>"", ""call_flow_type"" : ""EARLY_MEDIA_AND_RELEASE"", ""header_list"" : []}"
30064,SVAIPP10013672F1,"{""id"" : 30064, ""name"" : ""SVAIPP10013672F1"", ""vpn_id"" : 10013672, ""technical_type"" : ""PERSONALIZED_GREETING"", ""max_duration"" : null, ""release_cause"" : 21, ""network_sip_code"" : 603, ""mscml_user_part"" : ""0943101510013672"", ""mscml_body_content"" : ""<?xml version=\""1.0\"" encoding=\""utf-8\""?><MediaServerControl version=\""1.0\""><request><play><prompt repeat=\""2\""><audio url=\""http://prod-serveur-oms-ip.vente.francetelecom.fr:8080/annonces/SVAIP/silence.wav\""/><audio url=\""http://prod-serveur-oms-ip.vente.francetelecom.fr:8080/annonces/SVAIP/10013672/SVAIPP10013672F1.wav\""/></prompt></play></request></MediaServerControl>"", ""call_flow_type"" : ""EARLY_MEDIA_AND_RELEASE"", ""header_list"" : []}"
31644,SVAIPP10017635F1,"{""id"" : 31644, ""name"" : ""SVAIPP10017635F1"", ""vpn_id"" : 10017635, ""technical_type"" : ""PERSONALIZED_GREETING"", ""max_duration"" : null, ""release_cause"" : 21, ""network_sip_code"" : 603, ""mscml_user_part"" : ""0943101510017635"", ""mscml_body_content"" : ""<?xml version=\""1.0\"" encoding=\""utf-8\""?><MediaServerControl version=\""1.0\""><request><play><prompt repeat=\""2\""><audio url=\""http://prod-serveur-oms-ip.vente.francetelecom.fr:8080/annonces/SVAIP/silence.wav\""/><audio url=\""http://prod-serveur-oms-ip.vente.francetelecom.fr:8080/annonces/SVAIP/10017635/SVAIPP10017635F1.wav\""/></prompt></play></request></MediaServerControl>"", ""call_flow_type"" : ""EARLY_MEDIA_AND_RELEASE"", ""header_list"" : []}"
31646,SVAIPP10017635F3,"{""id"" : 31646, ""name"" : ""SVAIPP10017635F3"", ""vpn_id"" : 10017635, ""technical_type"" : ""PERSONALIZED_GREETING"", ""max_duration"" : null, ""release_cause"" : 21, ""network_sip_code"" : 603, ""mscml_user_part"" : ""0943101510017635"", ""mscml_body_content"" : ""<?xml version=\""1.0\"" encoding=\""utf-8\""?><MediaServerControl version=\""1.0\""><request><play><prompt repeat=\""2\""><audio url=\""http://prod-serveur-oms-ip.vente.francetelecom.fr:8080/annonces/SVAIP/silence.wav\""/><audio url=\""http://prod-serveur-oms-ip.vente.francetelecom.fr:8080/annonces/SVAIP/10017635/SVAIPP10017635F3.wav\""/></prompt></play></request></MediaServerControl>"", ""call_flow_type"" : ""EARLY_MEDIA_AND_RELEASE"", ""header_list"" : []}"
32141,SVAIPP10005941F15,"{""id"" : 32141, ""name"" : ""SVAIPP10005941F15"", ""vpn_id"" : 10005941, ""technical_type"" : ""PERSONALIZED_GREETING"", ""max_duration"" : null, ""release_cause"" : 21, ""network_sip_code"" : 603, ""mscml_user_part"" : ""0943101510005941"", ""mscml_body_content"" : ""<?xml version=\""1.0\"" encoding=\""utf-8\""?><MediaServerControl version=\""1.0\""><request><play><prompt repeat=\""2\""><audio url=\""http://prod-serveur-oms-ip.vente.francetelecom.fr:8080/annonces/SVAIP/silence.wav\""/><audio url=\""http://prod-serveur-oms-ip.vente.francetelecom.fr:8080/annonces/SVAIP/10005941/SVAIPP10005941F15.wav\""/></prompt></play></request></MediaServerControl>"", ""call_flow_type"" : ""EARLY_MEDIA_AND_RELEASE"", ""header_list"" : []}"
32281,SVAIPP10004861F12,"{""id"" : 32281, ""name"" : ""SVAIPP10004861F12"", ""vpn_id"" : 10004861, ""technical_type"" : ""PERSONALIZED_GREETING"", ""max_duration"" : null, ""release_cause"" : 21, ""network_sip_code"" : 603, ""mscml_user_part"" : ""0943101510004861"", ""mscml_body_content"" : ""<?xml version=\""1.0\"" encoding=\""utf-8\""?><MediaServerControl version=\""1.0\""><request><play><prompt repeat=\""2\""><audio url=\""http://prod-serveur-oms-ip.vente.francetelecom.fr:8080/annonces/SVAIP/silence.wav\""/><audio url=\""http://prod-serveur-oms-ip.vente.francetelecom.fr:8080/annonces/SVAIP/10004861/SVAIPP10004861F12.wav\""/></prompt></play></request></MediaServerControl>"", ""call_flow_type"" : ""EARLY_MEDIA_AND_RELEASE"", ""header_list"" : []}"
30862,SVAIPP10010156F2,"{""id"" : 30862, ""name"" : ""SVAIPP10010156F2"", ""vpn_id"" : 10010156, ""technical_type"" : ""PERSONALIZED_GREETING"", ""max_duration"" : null, ""release_cause"" : 21, ""network_sip_code"" : 603, ""mscml_user_part"" : ""0943101510010156"", ""mscml_body_content"" : ""<?xml version=\""1.0\"" encoding=\""utf-8\""?><MediaServerControl version=\""1.0\""><request><play><prompt repeat=\""2\""><audio url=\""http://prod-serveur-oms-ip.vente.francetelecom.fr:8080/annonces/SVAIP/silence.wav\""/><audio url=\""http://prod-serveur-oms-ip.vente.francetelecom.fr:8080/annonces/SVAIP/10010156/SVAIPP10010156F2.wav\""/></prompt></play></request></MediaServerControl>"", ""call_flow_type"" : ""EARLY_MEDIA_AND_RELEASE"", ""header_list"" : []}"
30741,SVAIPP10014732F1,"{""id"" : 30741, ""name"" : ""SVAIPP10014732F1"", ""vpn_id"" : 10014732, ""technical_type"" : ""PERSONALIZED_GREETING"", ""max_duration"" : null, ""release_cause"" : 21, ""network_sip_code"" : 603, ""mscml_user_part"" : ""0943101510014732"", ""mscml_body_content"" : ""<?xml version=\""1.0\"" encoding=\""utf-8\""?><MediaServerControl version=\""1.0\""><request><play><prompt repeat=\""2\""><audio url=\""http://prod-serveur-oms-ip.vente.francetelecom.fr:8080/annonces/SVAIP/silence.wav\""/><audio url=\""http://prod-serveur-oms-ip.vente.francetelecom.fr:8080/annonces/SVAIP/10014732/SVAIPP10014732F1.wav\""/></prompt></play></request></MediaServerControl>"", ""call_flow_type"" : ""EARLY_MEDIA_AND_RELEASE"", ""header_list"" : []}"
30065,SVAIPP10014079F1,"{""id"" : 30065, ""name"" : ""SVAIPP10014079F1"", ""vpn_id"" : 10014079, ""technical_type"" : ""PERSONALIZED_GREETING"", ""max_duration"" : null, ""release_cause"" : 21, ""network_sip_code"" : 603, ""mscml_user_part"" : ""0943101510014079"", ""mscml_body_content"" : ""<?xml version=\""1.0\"" encoding=\""utf-8\""?><MediaServerControl version=\""1.0\""><request><play><prompt repeat=\""2\""><audio url=\""http://prod-serveur-oms-ip.vente.francetelecom.fr:8080/annonces/SVAIP/silence.wav\""/><audio url=\""http://prod-serveur-oms-ip.vente.francetelecom.fr:8080/annonces/SVAIP/10014079/SVAIPP10014079F1.wav\""/></prompt></play></request></MediaServerControl>"", ""call_flow_type"" : ""EARLY_MEDIA_AND_RELEASE"", ""header_list"" : []}"
30070,SVAIPP10003737F3,"{""id"" : 30070, ""name"" : ""SVAIPP10003737F3"", ""vpn_id"" : 10003737, ""technical_type"" : ""PERSONALIZED_GREETING"", ""max_duration"" : null, ""release_cause"" : 21, ""network_sip_code"" : 603, ""mscml_user_part"" : ""0943101510003737"", ""mscml_body_content"" : ""<?xml version=\""1.0\"" encoding=\""utf-8\""?><MediaServerControl version=\""1.0\""><request><play><prompt repeat=\""2\""><audio url=\""http://prod-serveur-oms-ip.vente.francetelecom.fr:8080/annonces/SVAIP/silence.wav\""/><audio url=\""http://prod-serveur-oms-ip.vente.francetelecom.fr:8080/annonces/SVAIP/10003737/SVAIPP10003737F3.wav\""/></prompt></play></request></MediaServerControl>"", ""call_flow_type"" : ""EARLY_MEDIA_AND_RELEASE"", ""header_list"" : []}"
31647,SVAIPP10013973F2,"{""id"" : 31647, ""name"" : ""SVAIPP10013973F2"", ""vpn_id"" : 10013973, ""technical_type"" : ""PERSONALIZED_GREETING"", ""max_duration"" : null, ""release_cause"" : 21, ""network_sip_code"" : 603, ""mscml_user_part"" : ""0943101510013973"", ""mscml_body_content"" : ""<?xml version=\""1.0\"" encoding=\""utf-8\""?><MediaServerControl version=\""1.0\""><request><play><prompt repeat=\""2\""><audio url=\""http://prod-serveur-oms-ip.vente.francetelecom.fr:8080/annonces/SVAIP/silence.wav\""/><audio url=\""http://prod-serveur-oms-ip.vente.francetelecom.fr:8080/annonces/SVAIP/10013973/SVAIPP10013973F2.wav\""/></prompt></play></request></MediaServerControl>"", ""call_flow_type"" : ""EARLY_MEDIA_AND_RELEASE"", ""header_list"" : []}"
31649,SVAIPP10014692F7,"{""id"" : 31649, ""name"" : ""SVAIPP10014692F7"", ""vpn_id"" : 10014692, ""technical_type"" : ""PERSONALIZED_GREETING"", ""max_duration"" : null, ""release_cause"" : 21, ""network_sip_code"" : 603, ""mscml_user_part"" : ""0943101510014692"", ""mscml_body_content"" : ""<?xml version=\""1.0\"" encoding=\""utf-8\""?><MediaServerControl version=\""1.0\""><request><play><prompt repeat=\""2\""><audio url=\""http://prod-serveur-oms-ip.vente.francetelecom.fr:8080/annonces/SVAIP/silence.wav\""/><audio url=\""http://prod-serveur-oms-ip.vente.francetelecom.fr:8080/annonces/SVAIP/10014692/SVAIPP10014692F7.wav\""/></prompt></play></request></MediaServerControl>"", ""call_flow_type"" : ""EARLY_MEDIA_AND_RELEASE"", ""header_list"" : []}"
33542,SVAIPP10016325F21,"{""id"" : 33542, ""name"" : ""SVAIPP10016325F21"", ""vpn_id"" : 10016325, ""technical_type"" : ""PERSONALIZED_GREETING"", ""max_duration"" : null, ""release_cause"" : 21, ""network_sip_code"" : 603, ""mscml_user_part"" : ""0943101510016325"", ""mscml_body_content"" : ""<?xml version=\""1.0\"" encoding=\""utf-8\""?><MediaServerControl version=\""1.0\""><request><play><prompt repeat=\""2\""><audio url=\""http://prod-serveur-oms-ip.vente.francetelecom.fr:8080/annonces/SVAIP/silence.wav\""/><audio url=\""http://prod-serveur-oms-ip.vente.francetelecom.fr:8080/annonces/SVAIP/10016325/SVAIPP10016325F21.wav\""/></prompt></play></request></MediaServerControl>"", ""call_flow_type"" : ""EARLY_MEDIA_AND_RELEASE"", ""header_list"" : []}"
32301,SVAIPP10017688F4,"{""id"" : 32301, ""name"" : ""SVAIPP10017688F4"", ""vpn_id"" : 10017688, ""technical_type"" : ""PERSONALIZED_GREETING"", ""max_duration"" : null, ""release_cause"" : 21, ""network_sip_code"" : 603, ""mscml_user_part"" : ""0943101510017688"", ""mscml_body_content"" : ""<?xml version=\""1.0\"" encoding=\""utf-8\""?><MediaServerControl version=\""1.0\""><request><play><prompt repeat=\""2\""><audio url=\""http://prod-serveur-oms-ip.vente.francetelecom.fr:8080/annonces/SVAIP/silence.wav\""/><audio url=\""http://prod-serveur-oms-ip.vente.francetelecom.fr:8080/annonces/SVAIP/10017688/SVAIPP10017688F4.wav\""/></prompt></play></request></MediaServerControl>"", ""call_flow_type"" : ""EARLY_MEDIA_AND_RELEASE"", ""header_list"" : []}"
29722,SVAIPP10010234F1,"{""id"" : 29722, ""name"" : ""SVAIPP10010234F1"", ""vpn_id"" : 10010234, ""technical_type"" : ""PERSONALIZED_GREETING"", ""max_duration"" : null, ""release_cause"" : 21, ""network_sip_code"" : 603, ""mscml_user_part"" : ""0943101510010234"", ""mscml_body_content"" : ""<?xml version=\""1.0\"" encoding=\""utf-8\""?><MediaServerControl version=\""1.0\""><request><play><prompt repeat=\""2\""><audio url=\""http://prod-serveur-oms-ip.vente.francetelecom.fr:8080/annonces/SVAIP/silence.wav\""/><audio url=\""http://prod-serveur-oms-ip.vente.francetelecom.fr:8080/annonces/SVAIP/10010234/SVAIPP10010234F1.wav\""/></prompt></play></request></MediaServerControl>"", ""call_flow_type"" : ""EARLY_MEDIA_AND_RELEASE"", ""header_list"" : []}"
33261,SVAIPP10015309F1,"{""id"" : 33261, ""name"" : ""SVAIPP10015309F1"", ""vpn_id"" : 10015309, ""technical_type"" : ""PERSONALIZED_GREETING"", ""max_duration"" : null, ""release_cause"" : 21, ""network_sip_code"" : 603, ""mscml_user_part"" : ""0943101510015309"", ""mscml_body_content"" : ""<?xml version=\""1.0\"" encoding=\""utf-8\""?><MediaServerControl version=\""1.0\""><request><play><prompt repeat=\""2\""><audio url=\""http://prod-serveur-oms-ip.vente.francetelecom.fr:8080/annonces/SVAIP/silence.wav\""/><audio url=\""http://prod-serveur-oms-ip.vente.francetelecom.fr:8080/annonces/SVAIP/10015309/SVAIPP10015309F1.wav\""/></prompt></play></request></MediaServerControl>"", ""call_flow_type"" : ""EARLY_MEDIA_AND_RELEASE"", ""header_list"" : []}"
30104,SVAIPP10014249F1,"{""id"" : 30104, ""name"" : ""SVAIPP10014249F1"", ""vpn_id"" : 10014249, ""technical_type"" : ""PERSONALIZED_GREETING"", ""max_duration"" : null, ""release_cause"" : 21, ""network_sip_code"" : 603, ""mscml_user_part"" : ""0943101510014249"", ""mscml_body_content"" : ""<?xml version=\""1.0\"" encoding=\""utf-8\""?><MediaServerControl version=\""1.0\""><request><play><prompt repeat=\""2\""><audio url=\""http://prod-serveur-oms-ip.vente.francetelecom.fr:8080/annonces/SVAIP/silence.wav\""/><audio url=\""http://prod-serveur-oms-ip.vente.francetelecom.fr:8080/annonces/SVAIP/10014249/SVAIPP10014249F1.wav\""/></prompt></play></request></MediaServerControl>"", ""call_flow_type"" : ""EARLY_MEDIA_AND_RELEASE"", ""header_list"" : []}"
30105,SVAIPP10014249F2,"{""id"" : 30105, ""name"" : ""SVAIPP10014249F2"", ""vpn_id"" : 10014249, ""technical_type"" : ""PERSONALIZED_GREETING"", ""max_duration"" : null, ""release_cause"" : 21, ""network_sip_code"" : 603, ""mscml_user_part"" : ""0943101510014249"", ""mscml_body_content"" : ""<?xml version=\""1.0\"" encoding=\""utf-8\""?><MediaServerControl version=\""1.0\""><request><play><prompt repeat=\""2\""><audio url=\""http://prod-serveur-oms-ip.vente.francetelecom.fr:8080/annonces/SVAIP/silence.wav\""/><audio url=\""http://prod-serveur-oms-ip.vente.francetelecom.fr:8080/annonces/SVAIP/10014249/SVAIPP10014249F2.wav\""/></prompt></play></request></MediaServerControl>"", ""call_flow_type"" : ""EARLY_MEDIA_AND_RELEASE"", ""header_list"" : []}"
31703,SVAIPP10012954F3,"{""id"" : 31703, ""name"" : ""SVAIPP10012954F3"", ""vpn_id"" : 10012954, ""technical_type"" : ""PERSONALIZED_GREETING"", ""max_duration"" : null, ""release_cause"" : 21, ""network_sip_code"" : 603, ""mscml_user_part"" : ""0943101510012954"", ""mscml_body_content"" : ""<?xml version=\""1.0\"" encoding=\""utf-8\""?><MediaServerControl version=\""1.0\""><request><play><prompt repeat=\""2\""><audio url=\""http://prod-serveur-oms-ip.vente.francetelecom.fr:8080/annonces/SVAIP/silence.wav\""/><audio url=\""http://prod-serveur-oms-ip.vente.francetelecom.fr:8080/annonces/SVAIP/10012954/SVAIPP10012954F3.wav\""/></prompt></play></request></MediaServerControl>"", ""call_flow_type"" : ""EARLY_MEDIA_AND_RELEASE"", ""header_list"" : []}"
31704,SVAIPP10016657F1,"{""id"" : 31704, ""name"" : ""SVAIPP10016657F1"", ""vpn_id"" : 10016657, ""technical_type"" : ""PERSONALIZED_GREETING"", ""max_duration"" : null, ""release_cause"" : 21, ""network_sip_code"" : 603, ""mscml_user_part"" : ""0943101510016657"", ""mscml_body_content"" : ""<?xml version=\""1.0\"" encoding=\""utf-8\""?><MediaServerControl version=\""1.0\""><request><play><prompt repeat=\""2\""><audio url=\""http://prod-serveur-oms-ip.vente.francetelecom.fr:8080/annonces/SVAIP/silence.wav\""/><audio url=\""http://prod-serveur-oms-ip.vente.francetelecom.fr:8080/annonces/SVAIP/10016657/SVAIPP10016657F1.wav\""/></prompt></play></request></MediaServerControl>"", ""call_flow_type"" : ""EARLY_MEDIA_AND_RELEASE"", ""header_list"" : []}"
32308,SVAIPP10016314F7,"{""id"" : 32308, ""name"" : ""SVAIPP10016314F7"", ""vpn_id"" : 10016314, ""technical_type"" : ""PERSONALIZED_GREETING"", ""max_duration"" : null, ""release_cause"" : 21, ""network_sip_code"" : 603, ""mscml_user_part"" : ""0943101510016314"", ""mscml_body_content"" : ""<?xml version=\""1.0\"" encoding=\""utf-8\""?><MediaServerControl version=\""1.0\""><request><play><prompt repeat=\""2\""><audio url=\""http://prod-serveur-oms-ip.vente.francetelecom.fr:8080/annonces/SVAIP/silence.wav\""/><audio url=\""http://prod-serveur-oms-ip.vente.francetelecom.fr:8080/annonces/SVAIP/10016314/SVAIPP10016314F7.wav\""/></prompt></play></request></MediaServerControl>"", ""call_flow_type"" : ""EARLY_MEDIA_AND_RELEASE"", ""header_list"" : []}"
34741,SVAIPP10014088D025P4,"{""id"" : 34741, ""name"" : ""SVAIPP10014088D025P4"", ""vpn_id"" : 10014088, ""technical_type"" : ""PERSONALIZED_MGIT"", ""max_duration"" : null, ""release_cause"" : 0, ""network_sip_code"" : 0, ""mscml_user_part"" : ""0943101110014088"", ""mscml_body_content"" : ""<?xml version=\""1.0\"" encoding=\""utf-8\""?><MediaServerControl version=\""1.0\""><request><playcollect maxdigits=\""1\"" barge=\""yes\"" extradigittimer=\""immediate\"" firstdigittimer=\""immediate\""><prompt><audio url=\""http://prod-serveur-oms-ip.vente.francetelecom.fr:8080/annonces/SVAIP/silence.wav\""/><audio url=\""http://prod-serveur-oms-ip.vente.francetelecom.fr:8080/annonces/SVAIP/10014088/SVAIPP10014088D025P4.wav\""/></prompt></playcollect></request></MediaServerControl>"", ""call_flow_type"" : ""EARLY_MEDIA_AND_RELEASE"", ""header_list"" : []}"
30881,SVAIPP10016314F2,"{""id"" : 30881, ""name"" : ""SVAIPP10016314F2"", ""vpn_id"" : 10016314, ""technical_type"" : ""PERSONALIZED_GREETING"", ""max_duration"" : null, ""release_cause"" : 21, ""network_sip_code"" : 603, ""mscml_user_part"" : ""0943101510016314"", ""mscml_body_content"" : ""<?xml version=\""1.0\"" encoding=\""utf-8\""?><MediaServerControl version=\""1.0\""><request><play><prompt repeat=\""2\""><audio url=\""http://prod-serveur-oms-ip.vente.francetelecom.fr:8080/annonces/SVAIP/silence.wav\""/><audio url=\""http://prod-serveur-oms-ip.vente.francetelecom.fr:8080/annonces/SVAIP/10016314/SVAIPP10016314F2.wav\""/></prompt></play></request></MediaServerControl>"", ""call_flow_type"" : ""EARLY_MEDIA_AND_RELEASE"", ""header_list"" : []}"
30781,SVAIPP10017310F7,"{""id"" : 30781, ""name"" : ""SVAIPP10017310F7"", ""vpn_id"" : 10017310, ""technical_type"" : ""PERSONALIZED_GREETING"", ""max_duration"" : null, ""release_cause"" : 21, ""network_sip_code"" : 603, ""mscml_user_part"" : ""0943101510017310"", ""mscml_body_content"" : ""<?xml version=\""1.0\"" encoding=\""utf-8\""?><MediaServerControl version=\""1.0\""><request><play><prompt repeat=\""2\""><audio url=\""http://prod-serveur-oms-ip.vente.francetelecom.fr:8080/annonces/SVAIP/silence.wav\""/><audio url=\""http://prod-serveur-oms-ip.vente.francetelecom.fr:8080/annonces/SVAIP/10017310/SVAIPP10017310F7.wav\""/></prompt></play></request></MediaServerControl>"", ""call_flow_type"" : ""EARLY_MEDIA_AND_RELEASE"", ""header_list"" : []}"
30183,SVAIPP10004077D006P27,"{""id"" : 30183, ""name"" : ""SVAIPP10004077D006P27"", ""vpn_id"" : 10004077, ""technical_type"" : ""PERSONALIZED_MGIT"", ""max_duration"" : null, ""release_cause"" : 0, ""network_sip_code"" : 0, ""mscml_user_part"" : ""0943101110004077"", ""mscml_body_content"" : ""<?xml version=\""1.0\"" encoding=\""utf-8\""?><MediaServerControl version=\""1.0\""><request><playcollect maxdigits=\""1\"" barge=\""yes\"" extradigittimer=\""immediate\"" firstdigittimer=\""immediate\""><prompt><audio url=\""http://prod-serveur-oms-ip.vente.francetelecom.fr:8080/annonces/SVAIP/silence.wav\""/><audio url=\""http://prod-serveur-oms-ip.vente.francetelecom.fr:8080/annonces/SVAIP/10004077/SVAIPP10004077D006P27.wav\""/></prompt></playcollect></request></MediaServerControl>"", ""call_flow_type"" : ""EARLY_MEDIA_AND_RELEASE"", ""header_list"" : []}"
31712,SVAIPP10017425F6,"{""id"" : 31712, ""name"" : ""SVAIPP10017425F6"", ""vpn_id"" : 10017425, ""technical_type"" : ""PERSONALIZED_GREETING"", ""max_duration"" : null, ""release_cause"" : 21, ""network_sip_code"" : 603, ""mscml_user_part"" : ""0943101510017425"", ""mscml_body_content"" : ""<?xml version=\""1.0\"" encoding=\""utf-8\""?><MediaServerControl version=\""1.0\""><request><play><prompt repeat=\""2\""><audio url=\""http://prod-serveur-oms-ip.vente.francetelecom.fr:8080/annonces/SVAIP/silence.wav\""/><audio url=\""http://prod-serveur-oms-ip.vente.francetelecom.fr:8080/annonces/SVAIP/10017425/SVAIPP10017425F6.wav\""/></prompt></play></request></MediaServerControl>"", ""call_flow_type"" : ""EARLY_MEDIA_AND_RELEASE"", ""header_list"" : []}"
31714,SVAIPP10017425F8,"{""id"" : 31714, ""name"" : ""SVAIPP10017425F8"", ""vpn_id"" : 10017425, ""technical_type"" : ""PERSONALIZED_GREETING"", ""max_duration"" : null, ""release_cause"" : 21, ""network_sip_code"" : 603, ""mscml_user_part"" : ""0943101510017425"", ""mscml_body_content"" : ""<?xml version=\""1.0\"" encoding=\""utf-8\""?><MediaServerControl version=\""1.0\""><request><play><prompt repeat=\""2\""><audio url=\""http://prod-serveur-oms-ip.vente.francetelecom.fr:8080/annonces/SVAIP/silence.wav\""/><audio url=\""http://prod-serveur-oms-ip.vente.francetelecom.fr:8080/annonces/SVAIP/10017425/SVAIPP10017425F8.wav\""/></prompt></play></request></MediaServerControl>"", ""call_flow_type"" : ""EARLY_MEDIA_AND_RELEASE"", ""header_list"" : []}"
32322,SVAIPP10008187F6,"{""id"" : 32322, ""name"" : ""SVAIPP10008187F6"", ""vpn_id"" : 10008187, ""technical_type"" : ""PERSONALIZED_GREETING"", ""max_duration"" : null, ""release_cause"" : 21, ""network_sip_code"" : 603, ""mscml_user_part"" : ""0943101510008187"", ""mscml_body_content"" : ""<?xml version=\""1.0\"" encoding=\""utf-8\""?><MediaServerControl version=\""1.0\""><request><play><prompt repeat=\""2\""><audio url=\""http://prod-serveur-oms-ip.vente.francetelecom.fr:8080/annonces/SVAIP/silence.wav\""/><audio url=\""http://prod-serveur-oms-ip.vente.francetelecom.fr:8080/annonces/SVAIP/10008187/SVAIPP10008187F6.wav\""/></prompt></play></request></MediaServerControl>"", ""call_flow_type"" : ""EARLY_MEDIA_AND_RELEASE"", ""header_list"" : []}"
32923,SVAIPP10017503F13,"{""id"" : 32923, ""name"" : ""SVAIPP10017503F13"", ""vpn_id"" : 10017503, ""technical_type"" : ""PERSONALIZED_GREETING"", ""max_duration"" : null, ""release_cause"" : 21, ""network_sip_code"" : 603, ""mscml_user_part"" : ""0943101510017503"", ""mscml_body_content"" : ""<?xml version=\""1.0\"" encoding=\""utf-8\""?><MediaServerControl version=\""1.0\""><request><play><prompt repeat=\""2\""><audio url=\""http://prod-serveur-oms-ip.vente.francetelecom.fr:8080/annonces/SVAIP/silence.wav\""/><audio url=\""http://prod-serveur-oms-ip.vente.francetelecom.fr:8080/annonces/SVAIP/10017503/SVAIPP10017503F13.wav\""/></prompt></play></request></MediaServerControl>"", ""call_flow_type"" : ""EARLY_MEDIA_AND_RELEASE"", ""header_list"" : []}"
31181,SVAIPP10016325F6,"{""id"" : 31181, ""name"" : ""SVAIPP10016325F6"", ""vpn_id"" : 10016325, ""technical_type"" : ""PERSONALIZED_GREETING"", ""max_duration"" : null, ""release_cause"" : 21, ""network_sip_code"" : 603, ""mscml_user_part"" : ""0943101510016325"", ""mscml_body_content"" : ""<?xml version=\""1.0\"" encoding=\""utf-8\""?><MediaServerControl version=\""1.0\""><request><play><prompt repeat=\""2\""><audio url=\""http://prod-serveur-oms-ip.vente.francetelecom.fr:8080/annonces/SVAIP/silence.wav\""/><audio url=\""http://prod-serveur-oms-ip.vente.francetelecom.fr:8080/annonces/SVAIP/10016325/SVAIPP10016325F6.wav\""/></prompt></play></request></MediaServerControl>"", ""call_flow_type"" : ""EARLY_MEDIA_AND_RELEASE"", ""header_list"" : []}"
30983,SVAIPP10006010F1,"{""id"" : 30983, ""name"" : ""SVAIPP10006010F1"", ""vpn_id"" : 10006010, ""technical_type"" : ""PERSONALIZED_GREETING"", ""max_duration"" : null, ""release_cause"" : 21, ""network_sip_code"" : 603, ""mscml_user_part"" : ""0943101510006010"", ""mscml_body_content"" : ""<?xml version=\""1.0\"" encoding=\""utf-8\""?><MediaServerControl version=\""1.0\""><request><play><prompt repeat=\""2\""><audio url=\""http://prod-serveur-oms-ip.vente.francetelecom.fr:8080/annonces/SVAIP/silence.wav\""/><audio url=\""http://prod-serveur-oms-ip.vente.francetelecom.fr:8080/annonces/SVAIP/10006010/SVAIPP10006010F1.wav\""/></prompt></play></request></MediaServerControl>"", ""call_flow_type"" : ""EARLY_MEDIA_AND_RELEASE"", ""header_list"" : []}"
30222,SVAIPP10016755D040P4,"{""id"" : 30222, ""name"" : ""SVAIPP10016755D040P4"", ""vpn_id"" : 10016755, ""technical_type"" : ""PERSONALIZED_MGIT"", ""max_duration"" : null, ""release_cause"" : 0, ""network_sip_code"" : 0, ""mscml_user_part"" : ""0943101110016755"", ""mscml_body_content"" : ""<?xml version=\""1.0\"" encoding=\""utf-8\""?><MediaServerControl version=\""1.0\""><request><playcollect maxdigits=\""1\"" barge=\""yes\"" extradigittimer=\""immediate\"" firstdigittimer=\""immediate\""><prompt><audio url=\""http://prod-serveur-oms-ip.vente.francetelecom.fr:8080/annonces/SVAIP/silence.wav\""/><audio url=\""http://prod-serveur-oms-ip.vente.francetelecom.fr:8080/annonces/SVAIP/10016755/SVAIPP10016755D040P4.wav\""/></prompt></playcollect></request></MediaServerControl>"", ""call_flow_type"" : ""EARLY_MEDIA_AND_RELEASE"", ""header_list"" : []}"
30341,SVAIPP10015826F8,"{""id"" : 30341, ""name"" : ""SVAIPP10015826F8"", ""vpn_id"" : 10015826, ""technical_type"" : ""PERSONALIZED_GREETING"", ""max_duration"" : null, ""release_cause"" : 21, ""network_sip_code"" : 603, ""mscml_user_part"" : ""0943101510015826"", ""mscml_body_content"" : ""<?xml version=\""1.0\"" encoding=\""utf-8\""?><MediaServerControl version=\""1.0\""><request><play><prompt repeat=\""2\""><audio url=\""http://prod-serveur-oms-ip.vente.francetelecom.fr:8080/annonces/SVAIP/silence.wav\""/><audio url=\""http://prod-serveur-oms-ip.vente.francetelecom.fr:8080/annonces/SVAIP/10015826/SVAIPP10015826F8.wav\""/></prompt></play></request></MediaServerControl>"", ""call_flow_type"" : ""EARLY_MEDIA_AND_RELEASE"", ""header_list"" : []}"
31781,SVAIPP10011006F3,"{""id"" : 31781, ""name"" : ""SVAIPP10011006F3"", ""vpn_id"" : 10011006, ""technical_type"" : ""PERSONALIZED_GREETING"", ""max_duration"" : null, ""release_cause"" : 21, ""network_sip_code"" : 603, ""mscml_user_part"" : ""0943101510011006"", ""mscml_body_content"" : ""<?xml version=\""1.0\"" encoding=\""utf-8\""?><MediaServerControl version=\""1.0\""><request><play><prompt repeat=\""2\""><audio url=\""http://prod-serveur-oms-ip.vente.francetelecom.fr:8080/annonces/SVAIP/silence.wav\""/><audio url=\""http://prod-serveur-oms-ip.vente.francetelecom.fr:8080/annonces/SVAIP/10011006/SVAIPP10011006F3.wav\""/></prompt></play></request></MediaServerControl>"", ""call_flow_type"" : ""EARLY_MEDIA_AND_RELEASE"", ""header_list"" : []}"
31783,SVAIPP10011006F5,"{""id"" : 31783, ""name"" : ""SVAIPP10011006F5"", ""vpn_id"" : 10011006, ""technical_type"" : ""PERSONALIZED_GREETING"", ""max_duration"" : null, ""release_cause"" : 21, ""network_sip_code"" : 603, ""mscml_user_part"" : ""0943101510011006"", ""mscml_body_content"" : ""<?xml version=\""1.0\"" encoding=\""utf-8\""?><MediaServerControl version=\""1.0\""><request><play><prompt repeat=\""2\""><audio url=\""http://prod-serveur-oms-ip.vente.francetelecom.fr:8080/annonces/SVAIP/silence.wav\""/><audio url=\""http://prod-serveur-oms-ip.vente.francetelecom.fr:8080/annonces/SVAIP/10011006/SVAIPP10011006F5.wav\""/></prompt></play></request></MediaServerControl>"", ""call_flow_type"" : ""EARLY_MEDIA_AND_RELEASE"", ""header_list"" : []}"
32442,SVAIPP10005941F16,"{""id"" : 32442, ""name"" : ""SVAIPP10005941F16"", ""vpn_id"" : 10005941, ""technical_type"" : ""PERSONALIZED_GREETING"", ""max_duration"" : null, ""release_cause"" : 21, ""network_sip_code"" : 603, ""mscml_user_part"" : ""0943101510005941"", ""mscml_body_content"" : ""<?xml version=\""1.0\"" encoding=\""utf-8\""?><MediaServerControl version=\""1.0\""><request><play><prompt repeat=\""2\""><audio url=\""http://prod-serveur-oms-ip.vente.francetelecom.fr:8080/annonces/SVAIP/silence.wav\""/><audio url=\""http://prod-serveur-oms-ip.vente.francetelecom.fr:8080/annonces/SVAIP/10005941/SVAIPP10005941F16.wav\""/></prompt></play></request></MediaServerControl>"", ""call_flow_type"" : ""EARLY_MEDIA_AND_RELEASE"", ""header_list"" : []}"
32504,SVAIPP10012081F5,"{""id"" : 32504, ""name"" : ""SVAIPP10012081F5"", ""vpn_id"" : 10012081, ""technical_type"" : ""PERSONALIZED_GREETING"", ""max_duration"" : null, ""release_cause"" : 21, ""network_sip_code"" : 603, ""mscml_user_part"" : ""0943101510012081"", ""mscml_body_content"" : ""<?xml version=\""1.0\"" encoding=\""utf-8\""?><MediaServerControl version=\""1.0\""><request><play><prompt repeat=\""2\""><audio url=\""http://prod-serveur-oms-ip.vente.francetelecom.fr:8080/annonces/SVAIP/silence.wav\""/><audio url=\""http://prod-serveur-oms-ip.vente.francetelecom.fr:8080/annonces/SVAIP/10012081/SVAIPP10012081F5.wav\""/></prompt></play></request></MediaServerControl>"", ""call_flow_type"" : ""EARLY_MEDIA_AND_RELEASE"", ""header_list"" : []}"
31201,SVAIPP10017978F3,"{""id"" : 31201, ""name"" : ""SVAIPP10017978F3"", ""vpn_id"" : 10017978, ""technical_type"" : ""PERSONALIZED_GREETING"", ""max_duration"" : null, ""release_cause"" : 21, ""network_sip_code"" : 603, ""mscml_user_part"" : ""0943101510017978"", ""mscml_body_content"" : ""<?xml version=\""1.0\"" encoding=\""utf-8\""?><MediaServerControl version=\""1.0\""><request><play><prompt repeat=\""2\""><audio url=\""http://prod-serveur-oms-ip.vente.francetelecom.fr:8080/annonces/SVAIP/silence.wav\""/><audio url=\""http://prod-serveur-oms-ip.vente.francetelecom.fr:8080/annonces/SVAIP/10017978/SVAIPP10017978F3.wav\""/></prompt></play></request></MediaServerControl>"", ""call_flow_type"" : ""EARLY_MEDIA_AND_RELEASE"", ""header_list"" : []}"
31202,SVAIPP10004359F1,"{""id"" : 31202, ""name"" : ""SVAIPP10004359F1"", ""vpn_id"" : 10004359, ""technical_type"" : ""PERSONALIZED_GREETING"", ""max_duration"" : null, ""release_cause"" : 21, ""network_sip_code"" : 603, ""mscml_user_part"" : ""0943101510004359"", ""mscml_body_content"" : ""<?xml version=\""1.0\"" encoding=\""utf-8\""?><MediaServerControl version=\""1.0\""><request><play><prompt repeat=\""2\""><audio url=\""http://prod-serveur-oms-ip.vente.francetelecom.fr:8080/annonces/SVAIP/silence.wav\""/><audio url=\""http://prod-serveur-oms-ip.vente.francetelecom.fr:8080/annonces/SVAIP/10004359/SVAIPP10004359F1.wav\""/></prompt></play></request></MediaServerControl>"", ""call_flow_type"" : ""EARLY_MEDIA_AND_RELEASE"", ""header_list"" : []}"
30342,SVAIPP10015826A005P9,"{""id"" : 30342, ""name"" : ""SVAIPP10015826A005P9"", ""vpn_id"" : 10015826, ""technical_type"" : ""PERSONALIZED_MGIT"", ""max_duration"" : null, ""release_cause"" : 0, ""network_sip_code"" : 0, ""mscml_user_part"" : ""0943101110015826"", ""mscml_body_content"" : ""<?xml version=\""1.0\"" encoding=\""utf-8\""?><MediaServerControl version=\""1.0\""><request><playcollect maxdigits=\""1\"" barge=\""yes\"" extradigittimer=\""immediate\"" firstdigittimer=\""immediate\""><prompt><audio url=\""http://prod-serveur-oms-ip.vente.francetelecom.fr:8080/annonces/SVAIP/silence.wav\""/><audio url=\""http://prod-serveur-oms-ip.vente.francetelecom.fr:8080/annonces/SVAIP/10015826/SVAIPP10015826A005P9.wav\""/></prompt></playcollect></request></MediaServerControl>"", ""call_flow_type"" : ""EARLY_MEDIA_AND_RELEASE"", ""header_list"" : []}"
30363,SVAIPP10017310F4,"{""id"" : 30363, ""name"" : ""SVAIPP10017310F4"", ""vpn_id"" : 10017310, ""technical_type"" : ""PERSONALIZED_GREETING"", ""max_duration"" : null, ""release_cause"" : 21, ""network_sip_code"" : 603, ""mscml_user_part"" : ""0943101510017310"", ""mscml_body_content"" : ""<?xml version=\""1.0\"" encoding=\""utf-8\""?><MediaServerControl version=\""1.0\""><request><play><prompt repeat=\""2\""><audio url=\""http://prod-serveur-oms-ip.vente.francetelecom.fr:8080/annonces/SVAIP/silence.wav\""/><audio url=\""http://prod-serveur-oms-ip.vente.francetelecom.fr:8080/annonces/SVAIP/10017310/SVAIPP10017310F4.wav\""/></prompt></play></request></MediaServerControl>"", ""call_flow_type"" : ""EARLY_MEDIA_AND_RELEASE"", ""header_list"" : []}"
31785,SVAIPP10005032F1,"{""id"" : 31785, ""name"" : ""SVAIPP10005032F1"", ""vpn_id"" : 10005032, ""technical_type"" : ""PERSONALIZED_GREETING"", ""max_duration"" : null, ""release_cause"" : 21, ""network_sip_code"" : 603, ""mscml_user_part"" : ""0943101510005032"", ""mscml_body_content"" : ""<?xml version=\""1.0\"" encoding=\""utf-8\""?><MediaServerControl version=\""1.0\""><request><play><prompt repeat=\""2\""><audio url=\""http://prod-serveur-oms-ip.vente.francetelecom.fr:8080/annonces/SVAIP/silence.wav\""/><audio url=\""http://prod-serveur-oms-ip.vente.francetelecom.fr:8080/annonces/SVAIP/10005032/SVAIPP10005032F1.wav\""/></prompt></play></request></MediaServerControl>"", ""call_flow_type"" : ""EARLY_MEDIA_AND_RELEASE"", ""header_list"" : []}"
32003,SVAIPP10003728D012R65,"{""id"" : 32003, ""name"" : ""SVAIPP10003728D012R65"", ""vpn_id"" : 10003728, ""technical_type"" : ""PERSONALIZED_MGIT"", ""max_duration"" : null, ""release_cause"" : 0, ""network_sip_code"" : 0, ""mscml_user_part"" : ""0943101110003728"", ""mscml_body_content"" : ""<?xml version=\""1.0\"" encoding=\""utf-8\""?><MediaServerControl version=\""1.0\""><request><playcollect maxdigits=\""1\"" barge=\""yes\"" extradigittimer=\""immediate\"" firstdigittimer=\""immediate\""><prompt><audio url=\""http://prod-serveur-oms-ip.vente.francetelecom.fr:8080/annonces/SVAIP/silence.wav\""/><audio url=\""http://prod-serveur-oms-ip.vente.francetelecom.fr:8080/annonces/SVAIP/10003728/SVAIPP10003728D012R65.wav\""/></prompt></playcollect></request></MediaServerControl>"", ""call_flow_type"" : ""EARLY_MEDIA_AND_RELEASE"", ""header_list"" : []}"
32243,SVAIPP10017331F4,"{""id"" : 32243, ""name"" : ""SVAIPP10017331F4"", ""vpn_id"" : 10017331, ""technical_type"" : ""PERSONALIZED_GREETING"", ""max_duration"" : null, ""release_cause"" : 21, ""network_sip_code"" : 603, ""mscml_user_part"" : ""0943101510017331"", ""mscml_body_content"" : ""<?xml version=\""1.0\"" encoding=\""utf-8\""?><MediaServerControl version=\""1.0\""><request><play><prompt repeat=\""2\""><audio url=\""http://prod-serveur-oms-ip.vente.francetelecom.fr:8080/annonces/SVAIP/silence.wav\""/><audio url=\""http://prod-serveur-oms-ip.vente.francetelecom.fr:8080/annonces/SVAIP/10017331/SVAIPP10017331F4.wav\""/></prompt></play></request></MediaServerControl>"", ""call_flow_type"" : ""EARLY_MEDIA_AND_RELEASE"", ""header_list"" : []}"
32884,SVAIPP10003728F71,"{""id"" : 32884, ""name"" : ""SVAIPP10003728F71"", ""vpn_id"" : 10003728, ""technical_type"" : ""PERSONALIZED_GREETING"", ""max_duration"" : null, ""release_cause"" : 21, ""network_sip_code"" : 603, ""mscml_user_part"" : ""0943101510003728"", ""mscml_body_content"" : ""<?xml version=\""1.0\"" encoding=\""utf-8\""?><MediaServerControl version=\""1.0\""><request><play><prompt repeat=\""2\""><audio url=\""http://prod-serveur-oms-ip.vente.francetelecom.fr:8080/annonces/SVAIP/silence.wav\""/><audio url=\""http://prod-serveur-oms-ip.vente.francetelecom.fr:8080/annonces/SVAIP/10003728/SVAIPP10003728F71.wav\""/></prompt></play></request></MediaServerControl>"", ""call_flow_type"" : ""EARLY_MEDIA_AND_RELEASE"", ""header_list"" : []}"
31242,SVAIPP10016560F5,"{""id"" : 31242, ""name"" : ""SVAIPP10016560F5"", ""vpn_id"" : 10016560, ""technical_type"" : ""PERSONALIZED_GREETING"", ""max_duration"" : null, ""release_cause"" : 21, ""network_sip_code"" : 603, ""mscml_user_part"" : ""0943101510016560"", ""mscml_body_content"" : ""<?xml version=\""1.0\"" encoding=\""utf-8\""?><MediaServerControl version=\""1.0\""><request><play><prompt repeat=\""2\""><audio url=\""http://prod-serveur-oms-ip.vente.francetelecom.fr:8080/annonces/SVAIP/silence.wav\""/><audio url=\""http://prod-serveur-oms-ip.vente.francetelecom.fr:8080/annonces/SVAIP/10016560/SVAIPP10016560F5.wav\""/></prompt></play></request></MediaServerControl>"", ""call_flow_type"" : ""EARLY_MEDIA_AND_RELEASE"", ""header_list"" : []}"
31243,SVAIPP10009843D035P10,"{""id"" : 31243, ""name"" : ""SVAIPP10009843D035P10"", ""vpn_id"" : 10009843, ""technical_type"" : ""PERSONALIZED_MGIT"", ""max_duration"" : null, ""release_cause"" : 0, ""network_sip_code"" : 0, ""mscml_user_part"" : ""0943101110009843"", ""mscml_body_content"" : ""<?xml version=\""1.0\"" encoding=\""utf-8\""?><MediaServerControl version=\""1.0\""><request><playcollect maxdigits=\""1\"" barge=\""yes\"" extradigittimer=\""immediate\"" firstdigittimer=\""immediate\""><prompt><audio url=\""http://prod-serveur-oms-ip.vente.francetelecom.fr:8080/annonces/SVAIP/silence.wav\""/><audio url=\""http://prod-serveur-oms-ip.vente.francetelecom.fr:8080/annonces/SVAIP/10009843/SVAIPP10009843D035P10.wav\""/></prompt></playcollect></request></MediaServerControl>"", ""call_flow_type"" : ""EARLY_MEDIA_AND_RELEASE"", ""header_list"" : []}"
32521,SVAIPP10016936F1,"{""id"" : 32521, ""name"" : ""SVAIPP10016936F1"", ""vpn_id"" : 10016936, ""technical_type"" : ""PERSONALIZED_GREETING"", ""max_duration"" : null, ""release_cause"" : 21, ""network_sip_code"" : 603, ""mscml_user_part"" : ""0943101510016936"", ""mscml_body_content"" : ""<?xml version=\""1.0\"" encoding=\""utf-8\""?><MediaServerControl version=\""1.0\""><request><play><prompt repeat=\""2\""><audio url=\""http://prod-serveur-oms-ip.vente.francetelecom.fr:8080/annonces/SVAIP/silence.wav\""/><audio url=\""http://prod-serveur-oms-ip.vente.francetelecom.fr:8080/annonces/SVAIP/10016936/SVAIPP10016936F1.wav\""/></prompt></play></request></MediaServerControl>"", ""call_flow_type"" : ""EARLY_MEDIA_AND_RELEASE"", ""header_list"" : []}"
30504,SVAIPP10004077D015P34,"{""id"" : 30504, ""name"" : ""SVAIPP10004077D015P34"", ""vpn_id"" : 10004077, ""technical_type"" : ""PERSONALIZED_MGIT"", ""max_duration"" : null, ""release_cause"" : 0, ""network_sip_code"" : 0, ""mscml_user_part"" : ""0943101110004077"", ""mscml_body_content"" : ""<?xml version=\""1.0\"" encoding=\""utf-8\""?><MediaServerControl version=\""1.0\""><request><playcollect maxdigits=\""1\"" barge=\""yes\"" extradigittimer=\""immediate\"" firstdigittimer=\""immediate\""><prompt><audio url=\""http://prod-serveur-oms-ip.vente.francetelecom.fr:8080/annonces/SVAIP/silence.wav\""/><audio url=\""http://prod-serveur-oms-ip.vente.francetelecom.fr:8080/annonces/SVAIP/10004077/SVAIPP10004077D015P34.wav\""/></prompt></playcollect></request></MediaServerControl>"", ""call_flow_type"" : ""EARLY_MEDIA_AND_RELEASE"", ""header_list"" : []}"
31842,SVAIPP10006068F1,"{""id"" : 31842, ""name"" : ""SVAIPP10006068F1"", ""vpn_id"" : 10006068, ""technical_type"" : ""PERSONALIZED_GREETING"", ""max_duration"" : null, ""release_cause"" : 21, ""network_sip_code"" : 603, ""mscml_user_part"" : ""0943101510006068"", ""mscml_body_content"" : ""<?xml version=\""1.0\"" encoding=\""utf-8\""?><MediaServerControl version=\""1.0\""><request><play><prompt repeat=\""2\""><audio url=\""http://prod-serveur-oms-ip.vente.francetelecom.fr:8080/annonces/SVAIP/silence.wav\""/><audio url=\""http://prod-serveur-oms-ip.vente.francetelecom.fr:8080/annonces/SVAIP/10006068/SVAIPP10006068F1.wav\""/></prompt></play></request></MediaServerControl>"", ""call_flow_type"" : ""EARLY_MEDIA_AND_RELEASE"", ""header_list"" : []}"
35663,SVAIPAA100116983,"{""id"" : 35663, ""name"" : ""SVAIPAA100116983"", ""vpn_id"" : 10011698, ""technical_type"" : ""PERSONALIZED_MGIT"", ""max_duration"" : null, ""release_cause"" : 0, ""network_sip_code"" : 0, ""mscml_user_part"" : ""0943101110011698"", ""mscml_body_content"" : ""<?xml version=\""1.0\"" encoding=\""utf-8\""?><MediaServerControl version=\""1.0\""><request><play><prompt><audio url=\""http://prod-serveur-oms-ip.vente.francetelecom.fr:8080/annonces/SVAIP/silence.wav\""/><audio url=\""http://prod-serveur-oms-ip.vente.francetelecom.fr:8080/annonces/SVAIP/10011698/SVAIPAA100116983.wav\""/></prompt></play></request></MediaServerControl>"", ""call_flow_type"" : ""EARLY_MEDIA_AND_RELEASE"", ""header_list"" : []}"
31902,SVAIPP10004115F2,"{""id"" : 31902, ""name"" : ""SVAIPP10004115F2"", ""vpn_id"" : 10004115, ""technical_type"" : ""PERSONALIZED_GREETING"", ""max_duration"" : null, ""release_cause"" : 21, ""network_sip_code"" : 603, ""mscml_user_part"" : ""0943101510004115"", ""mscml_body_content"" : ""<?xml version=\""1.0\"" encoding=\""utf-8\""?><MediaServerControl version=\""1.0\""><request><play><prompt repeat=\""2\""><audio url=\""http://prod-serveur-oms-ip.vente.francetelecom.fr:8080/annonces/SVAIP/silence.wav\""/><audio url=\""http://prod-serveur-oms-ip.vente.francetelecom.fr:8080/annonces/SVAIP/10004115/SVAIPP10004115F2.wav\""/></prompt></play></request></MediaServerControl>"", ""call_flow_type"" : ""EARLY_MEDIA_AND_RELEASE"", ""header_list"" : []}"
32303,SVAIPP10008187F1,"{""id"" : 32303, ""name"" : ""SVAIPP10008187F1"", ""vpn_id"" : 10008187, ""technical_type"" : ""PERSONALIZED_GREETING"", ""max_duration"" : null, ""release_cause"" : 21, ""network_sip_code"" : 603, ""mscml_user_part"" : ""0943101510008187"", ""mscml_body_content"" : ""<?xml version=\""1.0\"" encoding=\""utf-8\""?><MediaServerControl version=\""1.0\""><request><play><prompt repeat=\""2\""><audio url=\""http://prod-serveur-oms-ip.vente.francetelecom.fr:8080/annonces/SVAIP/silence.wav\""/><audio url=\""http://prod-serveur-oms-ip.vente.francetelecom.fr:8080/annonces/SVAIP/10008187/SVAIPP10008187F1.wav\""/></prompt></play></request></MediaServerControl>"", ""call_flow_type"" : ""EARLY_MEDIA_AND_RELEASE"", ""header_list"" : []}"
32306,SVAIPP10008187F4,"{""id"" : 32306, ""name"" : ""SVAIPP10008187F4"", ""vpn_id"" : 10008187, ""technical_type"" : ""PERSONALIZED_GREETING"", ""max_duration"" : null, ""release_cause"" : 21, ""network_sip_code"" : 603, ""mscml_user_part"" : ""0943101510008187"", ""mscml_body_content"" : ""<?xml version=\""1.0\"" encoding=\""utf-8\""?><MediaServerControl version=\""1.0\""><request><play><prompt repeat=\""2\""><audio url=\""http://prod-serveur-oms-ip.vente.francetelecom.fr:8080/annonces/SVAIP/silence.wav\""/><audio url=\""http://prod-serveur-oms-ip.vente.francetelecom.fr:8080/annonces/SVAIP/10008187/SVAIPP10008187F4.wav\""/></prompt></play></request></MediaServerControl>"", ""call_flow_type"" : ""EARLY_MEDIA_AND_RELEASE"", ""header_list"" : []}"
29481,SVAIPP10016244A299P3,"{""id"" : 29481, ""name"" : ""SVAIPP10016244A299P3"", ""vpn_id"" : 10016244, ""technical_type"" : ""PERSONALIZED_MGIT"", ""max_duration"" : null, ""release_cause"" : 0, ""network_sip_code"" : 0, ""mscml_user_part"" : ""0943101110016244"", ""mscml_body_content"" : ""<?xml version=\""1.0\"" encoding=\""utf-8\""?><MediaServerControl version=\""1.0\""><request><playcollect maxdigits=\""1\"" barge=\""yes\"" extradigittimer=\""immediate\"" firstdigittimer=\""immediate\""><prompt><audio url=\""http://prod-serveur-oms-ip.vente.francetelecom.fr:8080/annonces/SVAIP/silence.wav\""/><audio url=\""http://prod-serveur-oms-ip.vente.francetelecom.fr:8080/annonces/SVAIP/10016244/SVAIPP10016244A299P3.wav\""/></prompt></playcollect></request></MediaServerControl>"", ""call_flow_type"" : ""EARLY_MEDIA_AND_RELEASE"", ""header_list"" : []}"
29781,SVAIPP10014852F7,"{""id"" : 29781, ""name"" : ""SVAIPP10014852F7"", ""vpn_id"" : 10014852, ""technical_type"" : ""PERSONALIZED_GREETING"", ""max_duration"" : null, ""release_cause"" : 21, ""network_sip_code"" : 603, ""mscml_user_part"" : ""0943101510014852"", ""mscml_body_content"" : ""<?xml version=\""1.0\"" encoding=\""utf-8\""?><MediaServerControl version=\""1.0\""><request><play><prompt repeat=\""2\""><audio url=\""http://prod-serveur-oms-ip.vente.francetelecom.fr:8080/annonces/SVAIP/silence.wav\""/><audio url=\""http://prod-serveur-oms-ip.vente.francetelecom.fr:8080/annonces/SVAIP/10014852/SVAIPP10014852F7.wav\""/></prompt></play></request></MediaServerControl>"", ""call_flow_type"" : ""EARLY_MEDIA_AND_RELEASE"", ""header_list"" : []}"
32903,SVAIPP10003728A299R76,"{""id"" : 32903, ""name"" : ""SVAIPP10003728A299R76"", ""vpn_id"" : 10003728, ""technical_type"" : ""PERSONALIZED_MGIT"", ""max_duration"" : null, ""release_cause"" : 0, ""network_sip_code"" : 0, ""mscml_user_part"" : ""0943101110003728"", ""mscml_body_content"" : ""<?xml version=\""1.0\"" encoding=\""utf-8\""?><MediaServerControl version=\""1.0\""><request><playcollect maxdigits=\""1\"" barge=\""yes\"" extradigittimer=\""immediate\"" firstdigittimer=\""immediate\""><prompt><audio url=\""http://prod-serveur-oms-ip.vente.francetelecom.fr:8080/annonces/SVAIP/silence.wav\""/><audio url=\""http://prod-serveur-oms-ip.vente.francetelecom.fr:8080/annonces/SVAIP/10003728/SVAIPP10003728A299R76.wav\""/></prompt></playcollect></request></MediaServerControl>"", ""call_flow_type"" : ""EARLY_MEDIA_AND_RELEASE"", ""header_list"" : []}"
30707,SVAIPP10014332F1,"{""id"" : 30707, ""name"" : ""SVAIPP10014332F1"", ""vpn_id"" : 10014332, ""technical_type"" : ""PERSONALIZED_GREETING"", ""max_duration"" : null, ""release_cause"" : 21, ""network_sip_code"" : 603, ""mscml_user_part"" : ""0943101510014332"", ""mscml_body_content"" : ""<?xml version=\""1.0\"" encoding=\""utf-8\""?><MediaServerControl version=\""1.0\""><request><play><prompt repeat=\""2\""><audio url=\""http://prod-serveur-oms-ip.vente.francetelecom.fr:8080/annonces/SVAIP/silence.wav\""/><audio url=\""http://prod-serveur-oms-ip.vente.francetelecom.fr:8080/annonces/SVAIP/10014332/SVAIPP10014332F1.wav\""/></prompt></play></request></MediaServerControl>"", ""call_flow_type"" : ""EARLY_MEDIA_AND_RELEASE"", ""header_list"" : []}"
34801,SVAIPP10003963F5,"{""id"" : 34801, ""name"" : ""SVAIPP10003963F5"", ""vpn_id"" : 10003963, ""technical_type"" : ""PERSONALIZED_GREETING"", ""max_duration"" : null, ""release_cause"" : 21, ""network_sip_code"" : 603, ""mscml_user_part"" : ""0943101510003963"", ""mscml_body_content"" : ""<?xml version=\""1.0\"" encoding=\""utf-8\""?><MediaServerControl version=\""1.0\""><request><play><prompt repeat=\""2\""><audio url=\""http://prod-serveur-oms-ip.vente.francetelecom.fr:8080/annonces/SVAIP/silence.wav\""/><audio url=\""http://prod-serveur-oms-ip.vente.francetelecom.fr:8080/annonces/SVAIP/10003963/SVAIPP10003963F5.wav\""/></prompt></play></request></MediaServerControl>"", ""call_flow_type"" : ""EARLY_MEDIA_AND_RELEASE"", ""header_list"" : []}"
31888,SVAIPP10016908D005N6,"{""id"" : 31888, ""name"" : ""SVAIPP10016908D005N6"", ""vpn_id"" : 10016908, ""technical_type"" : ""PERSONALIZED_MGIT"", ""max_duration"" : null, ""release_cause"" : 0, ""network_sip_code"" : 0, ""mscml_user_part"" : ""0943101110016908"", ""mscml_body_content"" : ""<?xml version=\""1.0\"" encoding=\""utf-8\""?><MediaServerControl version=\""1.0\""><request><playcollect maxdigits=\""1\"" barge=\""yes\"" extradigittimer=\""immediate\"" firstdigittimer=\""immediate\""><prompt><audio url=\""http://prod-serveur-oms-ip.vente.francetelecom.fr:8080/annonces/SVAIP/silence.wav\""/><audio url=\""http://prod-serveur-oms-ip.vente.francetelecom.fr:8080/annonces/SVAIP/10016908/SVAIPP10016908D005N6.wav\""/></prompt></playcollect></request></MediaServerControl>"", ""call_flow_type"" : ""EARLY_MEDIA_AND_RELEASE"", ""header_list"" : []}"
32542,SVAIPP10016594F1,"{""id"" : 32542, ""name"" : ""SVAIPP10016594F1"", ""vpn_id"" : 10016594, ""technical_type"" : ""PERSONALIZED_GREETING"", ""max_duration"" : null, ""release_cause"" : 21, ""network_sip_code"" : 603, ""mscml_user_part"" : ""0943101510016594"", ""mscml_body_content"" : ""<?xml version=\""1.0\"" encoding=\""utf-8\""?><MediaServerControl version=\""1.0\""><request><play><prompt repeat=\""2\""><audio url=\""http://prod-serveur-oms-ip.vente.francetelecom.fr:8080/annonces/SVAIP/silence.wav\""/><audio url=\""http://prod-serveur-oms-ip.vente.francetelecom.fr:8080/annonces/SVAIP/10016594/SVAIPP10016594F1.wav\""/></prompt></play></request></MediaServerControl>"", ""call_flow_type"" : ""EARLY_MEDIA_AND_RELEASE"", ""header_list"" : []}"
32581,SVAIPP10017262F2,"{""id"" : 32581, ""name"" : ""SVAIPP10017262F2"", ""vpn_id"" : 10017262, ""technical_type"" : ""PERSONALIZED_GREETING"", ""max_duration"" : null, ""release_cause"" : 21, ""network_sip_code"" : 603, ""mscml_user_part"" : ""0943101510017262"", ""mscml_body_content"" : ""<?xml version=\""1.0\"" encoding=\""utf-8\""?><MediaServerControl version=\""1.0\""><request><play><prompt repeat=\""2\""><audio url=\""http://prod-serveur-oms-ip.vente.francetelecom.fr:8080/annonces/SVAIP/silence.wav\""/><audio url=\""http://prod-serveur-oms-ip.vente.francetelecom.fr:8080/annonces/SVAIP/10017262/SVAIPP10017262F2.wav\""/></prompt></play></request></MediaServerControl>"", ""call_flow_type"" : ""EARLY_MEDIA_AND_RELEASE"", ""header_list"" : []}"
29803,SVAIPP10016663F1,"{""id"" : 29803, ""name"" : ""SVAIPP10016663F1"", ""vpn_id"" : 10016663, ""technical_type"" : ""PERSONALIZED_GREETING"", ""max_duration"" : null, ""release_cause"" : 21, ""network_sip_code"" : 603, ""mscml_user_part"" : ""0943101510016663"", ""mscml_body_content"" : ""<?xml version=\""1.0\"" encoding=\""utf-8\""?><MediaServerControl version=\""1.0\""><request><play><prompt repeat=\""2\""><audio url=\""http://prod-serveur-oms-ip.vente.francetelecom.fr:8080/annonces/SVAIP/silence.wav\""/><audio url=\""http://prod-serveur-oms-ip.vente.francetelecom.fr:8080/annonces/SVAIP/10016663/SVAIPP10016663F1.wav\""/></prompt></play></request></MediaServerControl>"", ""call_flow_type"" : ""EARLY_MEDIA_AND_RELEASE"", ""header_list"" : []}"
29845,SVAIPP10008837F2,"{""id"" : 29845, ""name"" : ""SVAIPP10008837F2"", ""vpn_id"" : 10008837, ""technical_type"" : ""PERSONALIZED_GREETING"", ""max_duration"" : null, ""release_cause"" : 21, ""network_sip_code"" : 603, ""mscml_user_part"" : ""0943101510008837"", ""mscml_body_content"" : ""<?xml version=\""1.0\"" encoding=\""utf-8\""?><MediaServerControl version=\""1.0\""><request><play><prompt repeat=\""2\""><audio url=\""http://prod-serveur-oms-ip.vente.francetelecom.fr:8080/annonces/SVAIP/silence.wav\""/><audio url=\""http://prod-serveur-oms-ip.vente.francetelecom.fr:8080/annonces/SVAIP/10008837/SVAIPP10008837F2.wav\""/></prompt></play></request></MediaServerControl>"", ""call_flow_type"" : ""EARLY_MEDIA_AND_RELEASE"", ""header_list"" : []}"
30709,SVAIPP10004861F11,"{""id"" : 30709, ""name"" : ""SVAIPP10004861F11"", ""vpn_id"" : 10004861, ""technical_type"" : ""PERSONALIZED_GREETING"", ""max_duration"" : null, ""release_cause"" : 21, ""network_sip_code"" : 603, ""mscml_user_part"" : ""0943101510004861"", ""mscml_body_content"" : ""<?xml version=\""1.0\"" encoding=\""utf-8\""?><MediaServerControl version=\""1.0\""><request><play><prompt repeat=\""2\""><audio url=\""http://prod-serveur-oms-ip.vente.francetelecom.fr:8080/annonces/SVAIP/silence.wav\""/><audio url=\""http://prod-serveur-oms-ip.vente.francetelecom.fr:8080/annonces/SVAIP/10004861/SVAIPP10004861F11.wav\""/></prompt></play></request></MediaServerControl>"", ""call_flow_type"" : ""EARLY_MEDIA_AND_RELEASE"", ""header_list"" : []}"
30722,SVAIPP10012081F2,"{""id"" : 30722, ""name"" : ""SVAIPP10012081F2"", ""vpn_id"" : 10012081, ""technical_type"" : ""PERSONALIZED_GREETING"", ""max_duration"" : null, ""release_cause"" : 21, ""network_sip_code"" : 603, ""mscml_user_part"" : ""0943101510012081"", ""mscml_body_content"" : ""<?xml version=\""1.0\"" encoding=\""utf-8\""?><MediaServerControl version=\""1.0\""><request><play><prompt repeat=\""2\""><audio url=\""http://prod-serveur-oms-ip.vente.francetelecom.fr:8080/annonces/SVAIP/silence.wav\""/><audio url=\""http://prod-serveur-oms-ip.vente.francetelecom.fr:8080/annonces/SVAIP/10012081/SVAIPP10012081F2.wav\""/></prompt></play></request></MediaServerControl>"", ""call_flow_type"" : ""EARLY_MEDIA_AND_RELEASE"", ""header_list"" : []}"
34862,SVAIPP10009893F2,"{""id"" : 34862, ""name"" : ""SVAIPP10009893F2"", ""vpn_id"" : 10009893, ""technical_type"" : ""PERSONALIZED_GREETING"", ""max_duration"" : null, ""release_cause"" : 21, ""network_sip_code"" : 603, ""mscml_user_part"" : ""0943101510009893"", ""mscml_body_content"" : ""<?xml version=\""1.0\"" encoding=\""utf-8\""?><MediaServerControl version=\""1.0\""><request><play><prompt repeat=\""2\""><audio url=\""http://prod-serveur-oms-ip.vente.francetelecom.fr:8080/annonces/SVAIP/silence.wav\""/><audio url=\""http://prod-serveur-oms-ip.vente.francetelecom.fr:8080/annonces/SVAIP/10009893/SVAIPP10009893F2.wav\""/></prompt></play></request></MediaServerControl>"", ""call_flow_type"" : ""EARLY_MEDIA_AND_RELEASE"", ""header_list"" : []}"
32006,SVAIPP10017971F2,"{""id"" : 32006, ""name"" : ""SVAIPP10017971F2"", ""vpn_id"" : 10017971, ""technical_type"" : ""PERSONALIZED_GREETING"", ""max_duration"" : null, ""release_cause"" : 21, ""network_sip_code"" : 603, ""mscml_user_part"" : ""0943101510017971"", ""mscml_body_content"" : ""<?xml version=\""1.0\"" encoding=\""utf-8\""?><MediaServerControl version=\""1.0\""><request><play><prompt repeat=\""2\""><audio url=\""http://prod-serveur-oms-ip.vente.francetelecom.fr:8080/annonces/SVAIP/silence.wav\""/><audio url=\""http://prod-serveur-oms-ip.vente.francetelecom.fr:8080/annonces/SVAIP/10017971/SVAIPP10017971F2.wav\""/></prompt></play></request></MediaServerControl>"", ""call_flow_type"" : ""EARLY_MEDIA_AND_RELEASE"", ""header_list"" : []}"
32806,SVAIPP10017503F4,"{""id"" : 32806, ""name"" : ""SVAIPP10017503F4"", ""vpn_id"" : 10017503, ""technical_type"" : ""PERSONALIZED_GREETING"", ""max_duration"" : null, ""release_cause"" : 21, ""network_sip_code"" : 603, ""mscml_user_part"" : ""0943101510017503"", ""mscml_body_content"" : ""<?xml version=\""1.0\"" encoding=\""utf-8\""?><MediaServerControl version=\""1.0\""><request><play><prompt repeat=\""2\""><audio url=\""http://prod-serveur-oms-ip.vente.francetelecom.fr:8080/annonces/SVAIP/silence.wav\""/><audio url=\""http://prod-serveur-oms-ip.vente.francetelecom.fr:8080/annonces/SVAIP/10017503/SVAIPP10017503F4.wav\""/></prompt></play></request></MediaServerControl>"", ""call_flow_type"" : ""EARLY_MEDIA_AND_RELEASE"", ""header_list"" : []}"
32905,SVAIPP10017503F8,"{""id"" : 32905, ""name"" : ""SVAIPP10017503F8"", ""vpn_id"" : 10017503, ""technical_type"" : ""PERSONALIZED_GREETING"", ""max_duration"" : null, ""release_cause"" : 21, ""network_sip_code"" : 603, ""mscml_user_part"" : ""0943101510017503"", ""mscml_body_content"" : ""<?xml version=\""1.0\"" encoding=\""utf-8\""?><MediaServerControl version=\""1.0\""><request><play><prompt repeat=\""2\""><audio url=\""http://prod-serveur-oms-ip.vente.francetelecom.fr:8080/annonces/SVAIP/silence.wav\""/><audio url=\""http://prod-serveur-oms-ip.vente.francetelecom.fr:8080/annonces/SVAIP/10017503/SVAIPP10017503F8.wav\""/></prompt></play></request></MediaServerControl>"", ""call_flow_type"" : ""EARLY_MEDIA_AND_RELEASE"", ""header_list"" : []}"
29509,SVAIPP10016168F1,"{""id"" : 29509, ""name"" : ""SVAIPP10016168F1"", ""vpn_id"" : 10016168, ""technical_type"" : ""PERSONALIZED_GREETING"", ""max_duration"" : null, ""release_cause"" : 21, ""network_sip_code"" : 603, ""mscml_user_part"" : ""0943101510016168"", ""mscml_body_content"" : ""<?xml version=\""1.0\"" encoding=\""utf-8\""?><MediaServerControl version=\""1.0\""><request><play><prompt repeat=\""2\""><audio url=\""http://prod-serveur-oms-ip.vente.francetelecom.fr:8080/annonces/SVAIP/silence.wav\""/><audio url=\""http://prod-serveur-oms-ip.vente.francetelecom.fr:8080/annonces/SVAIP/10016168/SVAIPP10016168F1.wav\""/></prompt></play></request></MediaServerControl>"", ""call_flow_type"" : ""EARLY_MEDIA_AND_RELEASE"", ""header_list"" : []}"
30307,SVAIPP10017141F3,"{""id"" : 30307, ""name"" : ""SVAIPP10017141F3"", ""vpn_id"" : 10017141, ""technical_type"" : ""PERSONALIZED_GREETING"", ""max_duration"" : null, ""release_cause"" : 21, ""network_sip_code"" : 603, ""mscml_user_part"" : ""0943101510017141"", ""mscml_body_content"" : ""<?xml version=\""1.0\"" encoding=\""utf-8\""?><MediaServerControl version=\""1.0\""><request><play><prompt repeat=\""2\""><audio url=\""http://prod-serveur-oms-ip.vente.francetelecom.fr:8080/annonces/SVAIP/silence.wav\""/><audio url=\""http://prod-serveur-oms-ip.vente.francetelecom.fr:8080/annonces/SVAIP/10017141/SVAIPP10017141F3.wav\""/></prompt></play></request></MediaServerControl>"", ""call_flow_type"" : ""EARLY_MEDIA_AND_RELEASE"", ""header_list"" : []}"
30782,SVAIPP10016325F1,"{""id"" : 30782, ""name"" : ""SVAIPP10016325F1"", ""vpn_id"" : 10016325, ""technical_type"" : ""PERSONALIZED_GREETING"", ""max_duration"" : null, ""release_cause"" : 21, ""network_sip_code"" : 603, ""mscml_user_part"" : ""0943101510016325"", ""mscml_body_content"" : ""<?xml version=\""1.0\"" encoding=\""utf-8\""?><MediaServerControl version=\""1.0\""><request><play><prompt repeat=\""2\""><audio url=\""http://prod-serveur-oms-ip.vente.francetelecom.fr:8080/annonces/SVAIP/silence.wav\""/><audio url=\""http://prod-serveur-oms-ip.vente.francetelecom.fr:8080/annonces/SVAIP/10016325/SVAIPP10016325F1.wav\""/></prompt></play></request></MediaServerControl>"", ""call_flow_type"" : ""EARLY_MEDIA_AND_RELEASE"", ""header_list"" : []}"
30844,SVAIPP10016325F4,"{""id"" : 30844, ""name"" : ""SVAIPP10016325F4"", ""vpn_id"" : 10016325, ""technical_type"" : ""PERSONALIZED_GREETING"", ""max_duration"" : null, ""release_cause"" : 21, ""network_sip_code"" : 603, ""mscml_user_part"" : ""0943101510016325"", ""mscml_body_content"" : ""<?xml version=\""1.0\"" encoding=\""utf-8\""?><MediaServerControl version=\""1.0\""><request><play><prompt repeat=\""2\""><audio url=\""http://prod-serveur-oms-ip.vente.francetelecom.fr:8080/annonces/SVAIP/silence.wav\""/><audio url=\""http://prod-serveur-oms-ip.vente.francetelecom.fr:8080/annonces/SVAIP/10016325/SVAIPP10016325F4.wav\""/></prompt></play></request></MediaServerControl>"", ""call_flow_type"" : ""EARLY_MEDIA_AND_RELEASE"", ""header_list"" : []}"
32041,SVAIPP10018412F3,"{""id"" : 32041, ""name"" : ""SVAIPP10018412F3"", ""vpn_id"" : 10018412, ""technical_type"" : ""PERSONALIZED_GREETING"", ""max_duration"" : null, ""release_cause"" : 21, ""network_sip_code"" : 603, ""mscml_user_part"" : ""0943101510018412"", ""mscml_body_content"" : ""<?xml version=\""1.0\"" encoding=\""utf-8\""?><MediaServerControl version=\""1.0\""><request><play><prompt repeat=\""2\""><audio url=\""http://prod-serveur-oms-ip.vente.francetelecom.fr:8080/annonces/SVAIP/silence.wav\""/><audio url=\""http://prod-serveur-oms-ip.vente.francetelecom.fr:8080/annonces/SVAIP/10018412/SVAIPP10018412F3.wav\""/></prompt></play></request></MediaServerControl>"", ""call_flow_type"" : ""EARLY_MEDIA_AND_RELEASE"", ""header_list"" : []}"
32062,SVAIPP10014725F3,"{""id"" : 32062, ""name"" : ""SVAIPP10014725F3"", ""vpn_id"" : 10014725, ""technical_type"" : ""PERSONALIZED_GREETING"", ""max_duration"" : null, ""release_cause"" : 21, ""network_sip_code"" : 603, ""mscml_user_part"" : ""0943101510014725"", ""mscml_body_content"" : ""<?xml version=\""1.0\"" encoding=\""utf-8\""?><MediaServerControl version=\""1.0\""><request><play><prompt repeat=\""2\""><audio url=\""http://prod-serveur-oms-ip.vente.francetelecom.fr:8080/annonces/SVAIP/silence.wav\""/><audio url=\""http://prod-serveur-oms-ip.vente.francetelecom.fr:8080/annonces/SVAIP/10014725/SVAIPP10014725F3.wav\""/></prompt></play></request></MediaServerControl>"", ""call_flow_type"" : ""EARLY_MEDIA_AND_RELEASE"", ""header_list"" : []}"
32341,SVAIPP10014725F28,"{""id"" : 32341, ""name"" : ""SVAIPP10014725F28"", ""vpn_id"" : 10014725, ""technical_type"" : ""PERSONALIZED_GREETING"", ""max_duration"" : null, ""release_cause"" : 21, ""network_sip_code"" : 603, ""mscml_user_part"" : ""0943101510014725"", ""mscml_body_content"" : ""<?xml version=\""1.0\"" encoding=\""utf-8\""?><MediaServerControl version=\""1.0\""><request><play><prompt repeat=\""2\""><audio url=\""http://prod-serveur-oms-ip.vente.francetelecom.fr:8080/annonces/SVAIP/silence.wav\""/><audio url=\""http://prod-serveur-oms-ip.vente.francetelecom.fr:8080/annonces/SVAIP/10014725/SVAIPP10014725F28.wav\""/></prompt></play></request></MediaServerControl>"", ""call_flow_type"" : ""EARLY_MEDIA_AND_RELEASE"", ""header_list"" : []}"
32342,SVAIPP10014725F29,"{""id"" : 32342, ""name"" : ""SVAIPP10014725F29"", ""vpn_id"" : 10014725, ""technical_type"" : ""PERSONALIZED_GREETING"", ""max_duration"" : null, ""release_cause"" : 21, ""network_sip_code"" : 603, ""mscml_user_part"" : ""0943101510014725"", ""mscml_body_content"" : ""<?xml version=\""1.0\"" encoding=\""utf-8\""?><MediaServerControl version=\""1.0\""><request><play><prompt repeat=\""2\""><audio url=\""http://prod-serveur-oms-ip.vente.francetelecom.fr:8080/annonces/SVAIP/silence.wav\""/><audio url=\""http://prod-serveur-oms-ip.vente.francetelecom.fr:8080/annonces/SVAIP/10014725/SVAIPP10014725F29.wav\""/></prompt></play></request></MediaServerControl>"", ""call_flow_type"" : ""EARLY_MEDIA_AND_RELEASE"", ""header_list"" : []}"
29504,SVAIPP10007372D015P12,"{""id"" : 29504, ""name"" : ""SVAIPP10007372D015P12"", ""vpn_id"" : 10007372, ""technical_type"" : ""PERSONALIZED_MGIT"", ""max_duration"" : null, ""release_cause"" : 0, ""network_sip_code"" : 0, ""mscml_user_part"" : ""0943101110007372"", ""mscml_body_content"" : ""<?xml version=\""1.0\"" encoding=\""utf-8\""?><MediaServerControl version=\""1.0\""><request><playcollect maxdigits=\""1\"" barge=\""yes\"" extradigittimer=\""immediate\"" firstdigittimer=\""immediate\""><prompt><audio url=\""http://prod-serveur-oms-ip.vente.francetelecom.fr:8080/annonces/SVAIP/silence.wav\""/><audio url=\""http://prod-serveur-oms-ip.vente.francetelecom.fr:8080/annonces/SVAIP/10007372/SVAIPP10007372D015P12.wav\""/></prompt></playcollect></request></MediaServerControl>"", ""call_flow_type"" : ""EARLY_MEDIA_AND_RELEASE"", ""header_list"" : []}"
29511,SVAIPP10009220F2,"{""id"" : 29511, ""name"" : ""SVAIPP10009220F2"", ""vpn_id"" : 10009220, ""technical_type"" : ""PERSONALIZED_GREETING"", ""max_duration"" : null, ""release_cause"" : 21, ""network_sip_code"" : 603, ""mscml_user_part"" : ""0943101510009220"", ""mscml_body_content"" : ""<?xml version=\""1.0\"" encoding=\""utf-8\""?><MediaServerControl version=\""1.0\""><request><play><prompt repeat=\""2\""><audio url=\""http://prod-serveur-oms-ip.vente.francetelecom.fr:8080/annonces/SVAIP/silence.wav\""/><audio url=\""http://prod-serveur-oms-ip.vente.francetelecom.fr:8080/annonces/SVAIP/10009220/SVAIPP10009220F2.wav\""/></prompt></play></request></MediaServerControl>"", ""call_flow_type"" : ""EARLY_MEDIA_AND_RELEASE"", ""header_list"" : []}"
30923,SVAIPP10007333A012N2,"{""id"" : 30923, ""name"" : ""SVAIPP10007333A012N2"", ""vpn_id"" : 10007333, ""technical_type"" : ""PERSONALIZED_MGIT"", ""max_duration"" : null, ""release_cause"" : 0, ""network_sip_code"" : 0, ""mscml_user_part"" : ""0943101110007333"", ""mscml_body_content"" : ""<?xml version=\""1.0\"" encoding=\""utf-8\""?><MediaServerControl version=\""1.0\""><request><playcollect maxdigits=\""1\"" barge=\""yes\"" extradigittimer=\""immediate\"" firstdigittimer=\""immediate\""><prompt><audio url=\""http://prod-serveur-oms-ip.vente.francetelecom.fr:8080/annonces/SVAIP/silence.wav\""/><audio url=\""http://prod-serveur-oms-ip.vente.francetelecom.fr:8080/annonces/SVAIP/10007333/SVAIPP10007333A012N2.wav\""/></prompt></playcollect></request></MediaServerControl>"", ""call_flow_type"" : ""EARLY_MEDIA_AND_RELEASE"", ""header_list"" : []}"
31204,SVAIPP10009451F1,"{""id"" : 31204, ""name"" : ""SVAIPP10009451F1"", ""vpn_id"" : 10009451, ""technical_type"" : ""PERSONALIZED_GREETING"", ""max_duration"" : null, ""release_cause"" : 21, ""network_sip_code"" : 603, ""mscml_user_part"" : ""0943101510009451"", ""mscml_body_content"" : ""<?xml version=\""1.0\"" encoding=\""utf-8\""?><MediaServerControl version=\""1.0\""><request><play><prompt repeat=\""2\""><audio url=\""http://prod-serveur-oms-ip.vente.francetelecom.fr:8080/annonces/SVAIP/silence.wav\""/><audio url=\""http://prod-serveur-oms-ip.vente.francetelecom.fr:8080/annonces/SVAIP/10009451/SVAIPP10009451F1.wav\""/></prompt></play></request></MediaServerControl>"", ""call_flow_type"" : ""EARLY_MEDIA_AND_RELEASE"", ""header_list"" : []}"
32063,SVAIPP10014725F4,"{""id"" : 32063, ""name"" : ""SVAIPP10014725F4"", ""vpn_id"" : 10014725, ""technical_type"" : ""PERSONALIZED_GREETING"", ""max_duration"" : null, ""release_cause"" : 21, ""network_sip_code"" : 603, ""mscml_user_part"" : ""0943101510014725"", ""mscml_body_content"" : ""<?xml version=\""1.0\"" encoding=\""utf-8\""?><MediaServerControl version=\""1.0\""><request><play><prompt repeat=\""2\""><audio url=\""http://prod-serveur-oms-ip.vente.francetelecom.fr:8080/annonces/SVAIP/silence.wav\""/><audio url=\""http://prod-serveur-oms-ip.vente.francetelecom.fr:8080/annonces/SVAIP/10014725/SVAIPP10014725F4.wav\""/></prompt></play></request></MediaServerControl>"", ""call_flow_type"" : ""EARLY_MEDIA_AND_RELEASE"", ""header_list"" : []}"
30644,SVAIPP10016401F3,"{""id"" : 30644, ""name"" : ""SVAIPP10016401F3"", ""vpn_id"" : 10016401, ""technical_type"" : ""PERSONALIZED_GREETING"", ""max_duration"" : null, ""release_cause"" : 21, ""network_sip_code"" : 603, ""mscml_user_part"" : ""0943101510016401"", ""mscml_body_content"" : ""<?xml version=\""1.0\"" encoding=\""utf-8\""?><MediaServerControl version=\""1.0\""><request><play><prompt repeat=\""2\""><audio url=\""http://prod-serveur-oms-ip.vente.francetelecom.fr:8080/annonces/SVAIP/silence.wav\""/><audio url=\""http://prod-serveur-oms-ip.vente.francetelecom.fr:8080/annonces/SVAIP/10016401/SVAIPP10016401F3.wav\""/></prompt></play></request></MediaServerControl>"", ""call_flow_type"" : ""EARLY_MEDIA_AND_RELEASE"", ""header_list"" : []}"
32604,SVAIPP10016164F2,"{""id"" : 32604, ""name"" : ""SVAIPP10016164F2"", ""vpn_id"" : 10016164, ""technical_type"" : ""PERSONALIZED_GREETING"", ""max_duration"" : null, ""release_cause"" : 21, ""network_sip_code"" : 603, ""mscml_user_part"" : ""0943101510016164"", ""mscml_body_content"" : ""<?xml version=\""1.0\"" encoding=\""utf-8\""?><MediaServerControl version=\""1.0\""><request><play><prompt repeat=\""2\""><audio url=\""http://prod-serveur-oms-ip.vente.francetelecom.fr:8080/annonces/SVAIP/silence.wav\""/><audio url=\""http://prod-serveur-oms-ip.vente.francetelecom.fr:8080/annonces/SVAIP/10016164/SVAIPP10016164F2.wav\""/></prompt></play></request></MediaServerControl>"", ""call_flow_type"" : ""EARLY_MEDIA_AND_RELEASE"", ""header_list"" : []}"
32662,SVAIPP10002338F2,"{""id"" : 32662, ""name"" : ""SVAIPP10002338F2"", ""vpn_id"" : 10002338, ""technical_type"" : ""PERSONALIZED_GREETING"", ""max_duration"" : null, ""release_cause"" : 21, ""network_sip_code"" : 603, ""mscml_user_part"" : ""0943101510002338"", ""mscml_body_content"" : ""<?xml version=\""1.0\"" encoding=\""utf-8\""?><MediaServerControl version=\""1.0\""><request><play><prompt repeat=\""2\""><audio url=\""http://prod-serveur-oms-ip.vente.francetelecom.fr:8080/annonces/SVAIP/silence.wav\""/><audio url=\""http://prod-serveur-oms-ip.vente.francetelecom.fr:8080/annonces/SVAIP/10002338/SVAIPP10002338F2.wav\""/></prompt></play></request></MediaServerControl>"", ""call_flow_type"" : ""EARLY_MEDIA_AND_RELEASE"", ""header_list"" : []}"
29962,SVAIPP10015066F2,"{""id"" : 29962, ""name"" : ""SVAIPP10015066F2"", ""vpn_id"" : 10015066, ""technical_type"" : ""PERSONALIZED_GREETING"", ""max_duration"" : null, ""release_cause"" : 21, ""network_sip_code"" : 603, ""mscml_user_part"" : ""0943101510015066"", ""mscml_body_content"" : ""<?xml version=\""1.0\"" encoding=\""utf-8\""?><MediaServerControl version=\""1.0\""><request><play><prompt repeat=\""2\""><audio url=\""http://prod-serveur-oms-ip.vente.francetelecom.fr:8080/annonces/SVAIP/silence.wav\""/><audio url=\""http://prod-serveur-oms-ip.vente.francetelecom.fr:8080/annonces/SVAIP/10015066/SVAIPP10015066F2.wav\""/></prompt></play></request></MediaServerControl>"", ""call_flow_type"" : ""EARLY_MEDIA_AND_RELEASE"", ""header_list"" : []}"
31261,SVAIPP10016387F4,"{""id"" : 31261, ""name"" : ""SVAIPP10016387F4"", ""vpn_id"" : 10016387, ""technical_type"" : ""PERSONALIZED_GREETING"", ""max_duration"" : null, ""release_cause"" : 21, ""network_sip_code"" : 603, ""mscml_user_part"" : ""0943101510016387"", ""mscml_body_content"" : ""<?xml version=\""1.0\"" encoding=\""utf-8\""?><MediaServerControl version=\""1.0\""><request><play><prompt repeat=\""2\""><audio url=\""http://prod-serveur-oms-ip.vente.francetelecom.fr:8080/annonces/SVAIP/silence.wav\""/><audio url=\""http://prod-serveur-oms-ip.vente.francetelecom.fr:8080/annonces/SVAIP/10016387/SVAIPP10016387F4.wav\""/></prompt></play></request></MediaServerControl>"", ""call_flow_type"" : ""EARLY_MEDIA_AND_RELEASE"", ""header_list"" : []}"
31341,SVAIPP10016108F1,"{""id"" : 31341, ""name"" : ""SVAIPP10016108F1"", ""vpn_id"" : 10016108, ""technical_type"" : ""PERSONALIZED_GREETING"", ""max_duration"" : null, ""release_cause"" : 21, ""network_sip_code"" : 603, ""mscml_user_part"" : ""0943101510016108"", ""mscml_body_content"" : ""<?xml version=\""1.0\"" encoding=\""utf-8\""?><MediaServerControl version=\""1.0\""><request><play><prompt repeat=\""2\""><audio url=\""http://prod-serveur-oms-ip.vente.francetelecom.fr:8080/annonces/SVAIP/silence.wav\""/><audio url=\""http://prod-serveur-oms-ip.vente.francetelecom.fr:8080/annonces/SVAIP/10016108/SVAIPP10016108F1.wav\""/></prompt></play></request></MediaServerControl>"", ""call_flow_type"" : ""EARLY_MEDIA_AND_RELEASE"", ""header_list"" : []}"
32065,SVAIPP10014725F6,"{""id"" : 32065, ""name"" : ""SVAIPP10014725F6"", ""vpn_id"" : 10014725, ""technical_type"" : ""PERSONALIZED_GREETING"", ""max_duration"" : null, ""release_cause"" : 21, ""network_sip_code"" : 603, ""mscml_user_part"" : ""0943101510014725"", ""mscml_body_content"" : ""<?xml version=\""1.0\"" encoding=\""utf-8\""?><MediaServerControl version=\""1.0\""><request><play><prompt repeat=\""2\""><audio url=\""http://prod-serveur-oms-ip.vente.francetelecom.fr:8080/annonces/SVAIP/silence.wav\""/><audio url=\""http://prod-serveur-oms-ip.vente.francetelecom.fr:8080/annonces/SVAIP/10014725/SVAIPP10014725F6.wav\""/></prompt></play></request></MediaServerControl>"", ""call_flow_type"" : ""EARLY_MEDIA_AND_RELEASE"", ""header_list"" : []}"
32068,SVAIPP10014725F9,"{""id"" : 32068, ""name"" : ""SVAIPP10014725F9"", ""vpn_id"" : 10014725, ""technical_type"" : ""PERSONALIZED_GREETING"", ""max_duration"" : null, ""release_cause"" : 21, ""network_sip_code"" : 603, ""mscml_user_part"" : ""0943101510014725"", ""mscml_body_content"" : ""<?xml version=\""1.0\"" encoding=\""utf-8\""?><MediaServerControl version=\""1.0\""><request><play><prompt repeat=\""2\""><audio url=\""http://prod-serveur-oms-ip.vente.francetelecom.fr:8080/annonces/SVAIP/silence.wav\""/><audio url=\""http://prod-serveur-oms-ip.vente.francetelecom.fr:8080/annonces/SVAIP/10014725/SVAIPP10014725F9.wav\""/></prompt></play></request></MediaServerControl>"", ""call_flow_type"" : ""EARLY_MEDIA_AND_RELEASE"", ""header_list"" : []}"
32381,SVAIPP10016325F15,"{""id"" : 32381, ""name"" : ""SVAIPP10016325F15"", ""vpn_id"" : 10016325, ""technical_type"" : ""PERSONALIZED_GREETING"", ""max_duration"" : null, ""release_cause"" : 21, ""network_sip_code"" : 603, ""mscml_user_part"" : ""0943101510016325"", ""mscml_body_content"" : ""<?xml version=\""1.0\"" encoding=\""utf-8\""?><MediaServerControl version=\""1.0\""><request><play><prompt repeat=\""2\""><audio url=\""http://prod-serveur-oms-ip.vente.francetelecom.fr:8080/annonces/SVAIP/silence.wav\""/><audio url=\""http://prod-serveur-oms-ip.vente.francetelecom.fr:8080/annonces/SVAIP/10016325/SVAIPP10016325F15.wav\""/></prompt></play></request></MediaServerControl>"", ""call_flow_type"" : ""EARLY_MEDIA_AND_RELEASE"", ""header_list"" : []}"
32721,SVAIPP10007685F1,"{""id"" : 32721, ""name"" : ""SVAIPP10007685F1"", ""vpn_id"" : 10007685, ""technical_type"" : ""PERSONALIZED_GREETING"", ""max_duration"" : null, ""release_cause"" : 21, ""network_sip_code"" : 603, ""mscml_user_part"" : ""0943101510007685"", ""mscml_body_content"" : ""<?xml version=\""1.0\"" encoding=\""utf-8\""?><MediaServerControl version=\""1.0\""><request><play><prompt repeat=\""2\""><audio url=\""http://prod-serveur-oms-ip.vente.francetelecom.fr:8080/annonces/SVAIP/silence.wav\""/><audio url=\""http://prod-serveur-oms-ip.vente.francetelecom.fr:8080/annonces/SVAIP/10007685/SVAIPP10007685F1.wav\""/></prompt></play></request></MediaServerControl>"", ""call_flow_type"" : ""EARLY_MEDIA_AND_RELEASE"", ""header_list"" : []}"
29565,SVAIPSA000N,"{""id"" : 29565, ""name"" : ""SVAIPSA000N"", ""vpn_id"" : null, ""technical_type"" : ""STANDARD_MGIT"", ""max_duration"" : null, ""release_cause"" : 0, ""network_sip_code"" : 0, ""mscml_user_part"" : ""09431010"", ""mscml_body_content"" : ""<?xml version=\""1.0\"" encoding=\""utf-8\""?><MediaServerControl version=\""1.0\""><request><playcollect maxdigits=\""1\"" barge=\""yes\"" extradigittimer=\""immediate\"" firstdigittimer=\""immediate\""><prompt><audio url=\""http://prod-serveur-oms-ip.vente.francetelecom.fr:8080/annonces/SVAIP/silence.wav\""/><audio url=\""http://prod-serveur-oms-ip.vente.francetelecom.fr:8080/annonces/SVAIP/MGIT/SVAIPSA000N.wav\""/></prompt></playcollect></request></MediaServerControl>"", ""call_flow_type"" : ""EARLY_MEDIA_AND_RELEASE"", ""header_list"" : []}"
29772,SVAIPP10010083F4,"{""id"" : 29772, ""name"" : ""SVAIPP10010083F4"", ""vpn_id"" : 10010083, ""technical_type"" : ""PERSONALIZED_GREETING"", ""max_duration"" : null, ""release_cause"" : 21, ""network_sip_code"" : 603, ""mscml_user_part"" : ""0943101510010083"", ""mscml_body_content"" : ""<?xml version=\""1.0\"" encoding=\""utf-8\""?><MediaServerControl version=\""1.0\""><request><play><prompt repeat=\""2\""><audio url=\""http://prod-serveur-oms-ip.vente.francetelecom.fr:8080/annonces/SVAIP/silence.wav\""/><audio url=\""http://prod-serveur-oms-ip.vente.francetelecom.fr:8080/annonces/SVAIP/10010083/SVAIPP10010083F4.wav\""/></prompt></play></request></MediaServerControl>"", ""call_flow_type"" : ""EARLY_MEDIA_AND_RELEASE"", ""header_list"" : []}"
31383,SVAIPP10012379F1,"{""id"" : 31383, ""name"" : ""SVAIPP10012379F1"", ""vpn_id"" : 10012379, ""technical_type"" : ""PERSONALIZED_GREETING"", ""max_duration"" : null, ""release_cause"" : 21, ""network_sip_code"" : 603, ""mscml_user_part"" : ""0943101510012379"", ""mscml_body_content"" : ""<?xml version=\""1.0\"" encoding=\""utf-8\""?><MediaServerControl version=\""1.0\""><request><play><prompt repeat=\""2\""><audio url=\""http://prod-serveur-oms-ip.vente.francetelecom.fr:8080/annonces/SVAIP/silence.wav\""/><audio url=\""http://prod-serveur-oms-ip.vente.francetelecom.fr:8080/annonces/SVAIP/10012379/SVAIPP10012379F1.wav\""/></prompt></play></request></MediaServerControl>"", ""call_flow_type"" : ""EARLY_MEDIA_AND_RELEASE"", ""header_list"" : []}"
31382,SVAIPP10016314F5,"{""id"" : 31382, ""name"" : ""SVAIPP10016314F5"", ""vpn_id"" : 10016314, ""technical_type"" : ""PERSONALIZED_GREETING"", ""max_duration"" : null, ""release_cause"" : 21, ""network_sip_code"" : 603, ""mscml_user_part"" : ""0943101510016314"", ""mscml_body_content"" : ""<?xml version=\""1.0\"" encoding=\""utf-8\""?><MediaServerControl version=\""1.0\""><request><play><prompt repeat=\""2\""><audio url=\""http://prod-serveur-oms-ip.vente.francetelecom.fr:8080/annonces/SVAIP/silence.wav\""/><audio url=\""http://prod-serveur-oms-ip.vente.francetelecom.fr:8080/annonces/SVAIP/10016314/SVAIPP10016314F5.wav\""/></prompt></play></request></MediaServerControl>"", ""call_flow_type"" : ""EARLY_MEDIA_AND_RELEASE"", ""header_list"" : []}"
32069,SVAIPP10014725F10,"{""id"" : 32069, ""name"" : ""SVAIPP10014725F10"", ""vpn_id"" : 10014725, ""technical_type"" : ""PERSONALIZED_GREETING"", ""max_duration"" : null, ""release_cause"" : 21, ""network_sip_code"" : 603, ""mscml_user_part"" : ""0943101510014725"", ""mscml_body_content"" : ""<?xml version=\""1.0\"" encoding=\""utf-8\""?><MediaServerControl version=\""1.0\""><request><play><prompt repeat=\""2\""><audio url=\""http://prod-serveur-oms-ip.vente.francetelecom.fr:8080/annonces/SVAIP/silence.wav\""/><audio url=\""http://prod-serveur-oms-ip.vente.francetelecom.fr:8080/annonces/SVAIP/10014725/SVAIPP10014725F10.wav\""/></prompt></play></request></MediaServerControl>"", ""call_flow_type"" : ""EARLY_MEDIA_AND_RELEASE"", ""header_list"" : []}"
32077,SVAIPP10014725F18,"{""id"" : 32077, ""name"" : ""SVAIPP10014725F18"", ""vpn_id"" : 10014725, ""technical_type"" : ""PERSONALIZED_GREETING"", ""max_duration"" : null, ""release_cause"" : 21, ""network_sip_code"" : 603, ""mscml_user_part"" : ""0943101510014725"", ""mscml_body_content"" : ""<?xml version=\""1.0\"" encoding=\""utf-8\""?><MediaServerControl version=\""1.0\""><request><play><prompt repeat=\""2\""><audio url=\""http://prod-serveur-oms-ip.vente.francetelecom.fr:8080/annonces/SVAIP/silence.wav\""/><audio url=\""http://prod-serveur-oms-ip.vente.francetelecom.fr:8080/annonces/SVAIP/10014725/SVAIPP10014725F18.wav\""/></prompt></play></request></MediaServerControl>"", ""call_flow_type"" : ""EARLY_MEDIA_AND_RELEASE"", ""header_list"" : []}"
32462,SVAIPP10016325F16,"{""id"" : 32462, ""name"" : ""SVAIPP10016325F16"", ""vpn_id"" : 10016325, ""technical_type"" : ""PERSONALIZED_GREETING"", ""max_duration"" : null, ""release_cause"" : 21, ""network_sip_code"" : 603, ""mscml_user_part"" : ""0943101510016325"", ""mscml_body_content"" : ""<?xml version=\""1.0\"" encoding=\""utf-8\""?><MediaServerControl version=\""1.0\""><request><play><prompt repeat=\""2\""><audio url=\""http://prod-serveur-oms-ip.vente.francetelecom.fr:8080/annonces/SVAIP/silence.wav\""/><audio url=\""http://prod-serveur-oms-ip.vente.francetelecom.fr:8080/annonces/SVAIP/10016325/SVAIPP10016325F16.wav\""/></prompt></play></request></MediaServerControl>"", ""call_flow_type"" : ""EARLY_MEDIA_AND_RELEASE"", ""header_list"" : []}"
32481,SVAIPP10015272F1,"{""id"" : 32481, ""name"" : ""SVAIPP10015272F1"", ""vpn_id"" : 10015272, ""technical_type"" : ""PERSONALIZED_GREETING"", ""max_duration"" : null, ""release_cause"" : 21, ""network_sip_code"" : 603, ""mscml_user_part"" : ""0943101510015272"", ""mscml_body_content"" : ""<?xml version=\""1.0\"" encoding=\""utf-8\""?><MediaServerControl version=\""1.0\""><request><play><prompt repeat=\""2\""><audio url=\""http://prod-serveur-oms-ip.vente.francetelecom.fr:8080/annonces/SVAIP/silence.wav\""/><audio url=\""http://prod-serveur-oms-ip.vente.francetelecom.fr:8080/annonces/SVAIP/10015272/SVAIPP10015272F1.wav\""/></prompt></play></request></MediaServerControl>"", ""call_flow_type"" : ""EARLY_MEDIA_AND_RELEASE"", ""header_list"" : []}"
29821,SVAIPP10006075F4,"{""id"" : 29821, ""name"" : ""SVAIPP10006075F4"", ""vpn_id"" : 10006075, ""technical_type"" : ""PERSONALIZED_GREETING"", ""max_duration"" : null, ""release_cause"" : 21, ""network_sip_code"" : 603, ""mscml_user_part"" : ""0943101510006075"", ""mscml_body_content"" : ""<?xml version=\""1.0\"" encoding=\""utf-8\""?><MediaServerControl version=\""1.0\""><request><play><prompt repeat=\""2\""><audio url=\""http://prod-serveur-oms-ip.vente.francetelecom.fr:8080/annonces/SVAIP/silence.wav\""/><audio url=\""http://prod-serveur-oms-ip.vente.francetelecom.fr:8080/annonces/SVAIP/10006075/SVAIPP10006075F4.wav\""/></prompt></play></request></MediaServerControl>"", ""call_flow_type"" : ""EARLY_MEDIA_AND_RELEASE"", ""header_list"" : []}"
29847,SVAIPP10004077F22,"{""id"" : 29847, ""name"" : ""SVAIPP10004077F22"", ""vpn_id"" : 10004077, ""technical_type"" : ""PERSONALIZED_GREETING"", ""max_duration"" : null, ""release_cause"" : 21, ""network_sip_code"" : 603, ""mscml_user_part"" : ""0943101510004077"", ""mscml_body_content"" : ""<?xml version=\""1.0\"" encoding=\""utf-8\""?><MediaServerControl version=\""1.0\""><request><play><prompt repeat=\""2\""><audio url=\""http://prod-serveur-oms-ip.vente.francetelecom.fr:8080/annonces/SVAIP/silence.wav\""/><audio url=\""http://prod-serveur-oms-ip.vente.francetelecom.fr:8080/annonces/SVAIP/10004077/SVAIPP10004077F22.wav\""/></prompt></play></request></MediaServerControl>"", ""call_flow_type"" : ""EARLY_MEDIA_AND_RELEASE"", ""header_list"" : []}"
31384,SVAIPP10016314F6,"{""id"" : 31384, ""name"" : ""SVAIPP10016314F6"", ""vpn_id"" : 10016314, ""technical_type"" : ""PERSONALIZED_GREETING"", ""max_duration"" : null, ""release_cause"" : 21, ""network_sip_code"" : 603, ""mscml_user_part"" : ""0943101510016314"", ""mscml_body_content"" : ""<?xml version=\""1.0\"" encoding=\""utf-8\""?><MediaServerControl version=\""1.0\""><request><play><prompt repeat=\""2\""><audio url=\""http://prod-serveur-oms-ip.vente.francetelecom.fr:8080/annonces/SVAIP/silence.wav\""/><audio url=\""http://prod-serveur-oms-ip.vente.francetelecom.fr:8080/annonces/SVAIP/10016314/SVAIPP10016314F6.wav\""/></prompt></play></request></MediaServerControl>"", ""call_flow_type"" : ""EARLY_MEDIA_AND_RELEASE"", ""header_list"" : []}"
32082,SVAIPP10014725F23,"{""id"" : 32082, ""name"" : ""SVAIPP10014725F23"", ""vpn_id"" : 10014725, ""technical_type"" : ""PERSONALIZED_GREETING"", ""max_duration"" : null, ""release_cause"" : 21, ""network_sip_code"" : 603, ""mscml_user_part"" : ""0943101510014725"", ""mscml_body_content"" : ""<?xml version=\""1.0\"" encoding=\""utf-8\""?><MediaServerControl version=\""1.0\""><request><play><prompt repeat=\""2\""><audio url=\""http://prod-serveur-oms-ip.vente.francetelecom.fr:8080/annonces/SVAIP/silence.wav\""/><audio url=\""http://prod-serveur-oms-ip.vente.francetelecom.fr:8080/annonces/SVAIP/10014725/SVAIPP10014725F23.wav\""/></prompt></play></request></MediaServerControl>"", ""call_flow_type"" : ""EARLY_MEDIA_AND_RELEASE"", ""header_list"" : []}"
32083,SVAIPP10014725F24,"{""id"" : 32083, ""name"" : ""SVAIPP10014725F24"", ""vpn_id"" : 10014725, ""technical_type"" : ""PERSONALIZED_GREETING"", ""max_duration"" : null, ""release_cause"" : 21, ""network_sip_code"" : 603, ""mscml_user_part"" : ""0943101510014725"", ""mscml_body_content"" : ""<?xml version=\""1.0\"" encoding=\""utf-8\""?><MediaServerControl version=\""1.0\""><request><play><prompt repeat=\""2\""><audio url=\""http://prod-serveur-oms-ip.vente.francetelecom.fr:8080/annonces/SVAIP/silence.wav\""/><audio url=\""http://prod-serveur-oms-ip.vente.francetelecom.fr:8080/annonces/SVAIP/10014725/SVAIPP10014725F24.wav\""/></prompt></play></request></MediaServerControl>"", ""call_flow_type"" : ""EARLY_MEDIA_AND_RELEASE"", ""header_list"" : []}"
32802,SVAIPP10005842F1,"{""id"" : 32802, ""name"" : ""SVAIPP10005842F1"", ""vpn_id"" : 10005842, ""technical_type"" : ""PERSONALIZED_GREETING"", ""max_duration"" : null, ""release_cause"" : 21, ""network_sip_code"" : 603, ""mscml_user_part"" : ""0943101510005842"", ""mscml_body_content"" : ""<?xml version=\""1.0\"" encoding=\""utf-8\""?><MediaServerControl version=\""1.0\""><request><play><prompt repeat=\""2\""><audio url=\""http://prod-serveur-oms-ip.vente.francetelecom.fr:8080/annonces/SVAIP/silence.wav\""/><audio url=\""http://prod-serveur-oms-ip.vente.francetelecom.fr:8080/annonces/SVAIP/10005842/SVAIPP10005842F1.wav\""/></prompt></play></request></MediaServerControl>"", ""call_flow_type"" : ""EARLY_MEDIA_AND_RELEASE"", ""header_list"" : []}"
32807,SVAIPP10013694F1,"{""id"" : 32807, ""name"" : ""SVAIPP10013694F1"", ""vpn_id"" : 10013694, ""technical_type"" : ""PERSONALIZED_GREETING"", ""max_duration"" : null, ""release_cause"" : 21, ""network_sip_code"" : 603, ""mscml_user_part"" : ""0943101510013694"", ""mscml_body_content"" : ""<?xml version=\""1.0\"" encoding=\""utf-8\""?><MediaServerControl version=\""1.0\""><request><play><prompt repeat=\""2\""><audio url=\""http://prod-serveur-oms-ip.vente.francetelecom.fr:8080/annonces/SVAIP/silence.wav\""/><audio url=\""http://prod-serveur-oms-ip.vente.francetelecom.fr:8080/annonces/SVAIP/10013694/SVAIPP10013694F1.wav\""/></prompt></play></request></MediaServerControl>"", ""call_flow_type"" : ""EARLY_MEDIA_AND_RELEASE"", ""header_list"" : []}"
32907,SVAIPP10017503F10,"{""id"" : 32907, ""name"" : ""SVAIPP10017503F10"", ""vpn_id"" : 10017503, ""technical_type"" : ""PERSONALIZED_GREETING"", ""max_duration"" : null, ""release_cause"" : 21, ""network_sip_code"" : 603, ""mscml_user_part"" : ""0943101510017503"", ""mscml_body_content"" : ""<?xml version=\""1.0\"" encoding=\""utf-8\""?><MediaServerControl version=\""1.0\""><request><play><prompt repeat=\""2\""><audio url=\""http://prod-serveur-oms-ip.vente.francetelecom.fr:8080/annonces/SVAIP/silence.wav\""/><audio url=\""http://prod-serveur-oms-ip.vente.francetelecom.fr:8080/annonces/SVAIP/10017503/SVAIPP10017503F10.wav\""/></prompt></play></request></MediaServerControl>"", ""call_flow_type"" : ""EARLY_MEDIA_AND_RELEASE"", ""header_list"" : []}"
30403,SVAIPP10017938F1,"{""id"" : 30403, ""name"" : ""SVAIPP10017938F1"", ""vpn_id"" : 10017938, ""technical_type"" : ""PERSONALIZED_GREETING"", ""max_duration"" : null, ""release_cause"" : 21, ""network_sip_code"" : 603, ""mscml_user_part"" : ""0943101510017938"", ""mscml_body_content"" : ""<?xml version=\""1.0\"" encoding=\""utf-8\""?><MediaServerControl version=\""1.0\""><request><play><prompt repeat=\""2\""><audio url=\""http://prod-serveur-oms-ip.vente.francetelecom.fr:8080/annonces/SVAIP/silence.wav\""/><audio url=\""http://prod-serveur-oms-ip.vente.francetelecom.fr:8080/annonces/SVAIP/10017938/SVAIPP10017938F1.wav\""/></prompt></play></request></MediaServerControl>"", ""call_flow_type"" : ""EARLY_MEDIA_AND_RELEASE"", ""header_list"" : []}"
31506,SVAIPP10006284D006P8,"{""id"" : 31506, ""name"" : ""SVAIPP10006284D006P8"", ""vpn_id"" : 10006284, ""technical_type"" : ""PERSONALIZED_MGIT"", ""max_duration"" : null, ""release_cause"" : 0, ""network_sip_code"" : 0, ""mscml_user_part"" : ""0943101110006284"", ""mscml_body_content"" : ""<?xml version=\""1.0\"" encoding=\""utf-8\""?><MediaServerControl version=\""1.0\""><request><playcollect maxdigits=\""1\"" barge=\""yes\"" extradigittimer=\""immediate\"" firstdigittimer=\""immediate\""><prompt><audio url=\""http://prod-serveur-oms-ip.vente.francetelecom.fr:8080/annonces/SVAIP/silence.wav\""/><audio url=\""http://prod-serveur-oms-ip.vente.francetelecom.fr:8080/annonces/SVAIP/10006284/SVAIPP10006284D006P8.wav\""/></prompt></playcollect></request></MediaServerControl>"", ""call_flow_type"" : ""EARLY_MEDIA_AND_RELEASE"", ""header_list"" : []}"
31103,SVAIPP10005170F2,"{""id"" : 31103, ""name"" : ""SVAIPP10005170F2"", ""vpn_id"" : 10005170, ""technical_type"" : ""PERSONALIZED_GREETING"", ""max_duration"" : null, ""release_cause"" : 21, ""network_sip_code"" : 603, ""mscml_user_part"" : ""0943101510005170"", ""mscml_body_content"" : ""<?xml version=\""1.0\"" encoding=\""utf-8\""?><MediaServerControl version=\""1.0\""><request><play><prompt repeat=\""2\""><audio url=\""http://prod-serveur-oms-ip.vente.francetelecom.fr:8080/annonces/SVAIP/silence.wav\""/><audio url=\""http://prod-serveur-oms-ip.vente.francetelecom.fr:8080/annonces/SVAIP/10005170/SVAIPP10005170F2.wav\""/></prompt></play></request></MediaServerControl>"", ""call_flow_type"" : ""EARLY_MEDIA_AND_RELEASE"", ""header_list"" : []}"
32084,SVAIPP10014725F25,"{""id"" : 32084, ""name"" : ""SVAIPP10014725F25"", ""vpn_id"" : 10014725, ""technical_type"" : ""PERSONALIZED_GREETING"", ""max_duration"" : null, ""release_cause"" : 21, ""network_sip_code"" : 603, ""mscml_user_part"" : ""0943101510014725"", ""mscml_body_content"" : ""<?xml version=\""1.0\"" encoding=\""utf-8\""?><MediaServerControl version=\""1.0\""><request><play><prompt repeat=\""2\""><audio url=\""http://prod-serveur-oms-ip.vente.francetelecom.fr:8080/annonces/SVAIP/silence.wav\""/><audio url=\""http://prod-serveur-oms-ip.vente.francetelecom.fr:8080/annonces/SVAIP/10014725/SVAIPP10014725F25.wav\""/></prompt></play></request></MediaServerControl>"", ""call_flow_type"" : ""EARLY_MEDIA_AND_RELEASE"", ""header_list"" : []}"
32763,SVAIPP10007912F1,"{""id"" : 32763, ""name"" : ""SVAIPP10007912F1"", ""vpn_id"" : 10007912, ""technical_type"" : ""PERSONALIZED_GREETING"", ""max_duration"" : null, ""release_cause"" : 21, ""network_sip_code"" : 603, ""mscml_user_part"" : ""0943101510007912"", ""mscml_body_content"" : ""<?xml version=\""1.0\"" encoding=\""utf-8\""?><MediaServerControl version=\""1.0\""><request><play><prompt repeat=\""2\""><audio url=\""http://prod-serveur-oms-ip.vente.francetelecom.fr:8080/annonces/SVAIP/silence.wav\""/><audio url=\""http://prod-serveur-oms-ip.vente.francetelecom.fr:8080/annonces/SVAIP/10007912/SVAIPP10007912F1.wav\""/></prompt></play></request></MediaServerControl>"", ""call_flow_type"" : ""EARLY_MEDIA_AND_RELEASE"", ""header_list"" : []}"
29508,SVAIPP10013740F2,"{""id"" : 29508, ""name"" : ""SVAIPP10013740F2"", ""vpn_id"" : 10013740, ""technical_type"" : ""PERSONALIZED_GREETING"", ""max_duration"" : null, ""release_cause"" : 21, ""network_sip_code"" : 603, ""mscml_user_part"" : ""0943101510013740"", ""mscml_body_content"" : ""<?xml version=\""1.0\"" encoding=\""utf-8\""?><MediaServerControl version=\""1.0\""><request><play><prompt repeat=\""2\""><audio url=\""http://prod-serveur-oms-ip.vente.francetelecom.fr:8080/annonces/SVAIP/silence.wav\""/><audio url=\""http://prod-serveur-oms-ip.vente.francetelecom.fr:8080/annonces/SVAIP/10013740/SVAIPP10013740F2.wav\""/></prompt></play></request></MediaServerControl>"", ""call_flow_type"" : ""EARLY_MEDIA_AND_RELEASE"", ""header_list"" : []}"
29963,SVAIPP10015066F3,"{""id"" : 29963, ""name"" : ""SVAIPP10015066F3"", ""vpn_id"" : 10015066, ""technical_type"" : ""PERSONALIZED_GREETING"", ""max_duration"" : null, ""release_cause"" : 21, ""network_sip_code"" : 603, ""mscml_user_part"" : ""0943101510015066"", ""mscml_body_content"" : ""<?xml version=\""1.0\"" encoding=\""utf-8\""?><MediaServerControl version=\""1.0\""><request><play><prompt repeat=\""2\""><audio url=\""http://prod-serveur-oms-ip.vente.francetelecom.fr:8080/annonces/SVAIP/silence.wav\""/><audio url=\""http://prod-serveur-oms-ip.vente.francetelecom.fr:8080/annonces/SVAIP/10015066/SVAIPP10015066F3.wav\""/></prompt></play></request></MediaServerControl>"", ""call_flow_type"" : ""EARLY_MEDIA_AND_RELEASE"", ""header_list"" : []}"
31565,SVAIPP10010787F1,"{""id"" : 31565, ""name"" : ""SVAIPP10010787F1"", ""vpn_id"" : 10010787, ""technical_type"" : ""PERSONALIZED_GREETING"", ""max_duration"" : null, ""release_cause"" : 21, ""network_sip_code"" : 603, ""mscml_user_part"" : ""0943101510010787"", ""mscml_body_content"" : ""<?xml version=\""1.0\"" encoding=\""utf-8\""?><MediaServerControl version=\""1.0\""><request><play><prompt repeat=\""2\""><audio url=\""http://prod-serveur-oms-ip.vente.francetelecom.fr:8080/annonces/SVAIP/silence.wav\""/><audio url=\""http://prod-serveur-oms-ip.vente.francetelecom.fr:8080/annonces/SVAIP/10010787/SVAIPP10010787F1.wav\""/></prompt></play></request></MediaServerControl>"", ""call_flow_type"" : ""EARLY_MEDIA_AND_RELEASE"", ""header_list"" : []}"
31641,SVAIPP10017310F11,"{""id"" : 31641, ""name"" : ""SVAIPP10017310F11"", ""vpn_id"" : 10017310, ""technical_type"" : ""PERSONALIZED_GREETING"", ""max_duration"" : null, ""release_cause"" : 21, ""network_sip_code"" : 603, ""mscml_user_part"" : ""0943101510017310"", ""mscml_body_content"" : ""<?xml version=\""1.0\"" encoding=\""utf-8\""?><MediaServerControl version=\""1.0\""><request><play><prompt repeat=\""2\""><audio url=\""http://prod-serveur-oms-ip.vente.francetelecom.fr:8080/annonces/SVAIP/silence.wav\""/><audio url=\""http://prod-serveur-oms-ip.vente.francetelecom.fr:8080/annonces/SVAIP/10017310/SVAIPP10017310F11.wav\""/></prompt></play></request></MediaServerControl>"", ""call_flow_type"" : ""EARLY_MEDIA_AND_RELEASE"", ""header_list"" : []}"
32085,SVAIPP10014725F26,"{""id"" : 32085, ""name"" : ""SVAIPP10014725F26"", ""vpn_id"" : 10014725, ""technical_type"" : ""PERSONALIZED_GREETING"", ""max_duration"" : null, ""release_cause"" : 21, ""network_sip_code"" : 603, ""mscml_user_part"" : ""0943101510014725"", ""mscml_body_content"" : ""<?xml version=\""1.0\"" encoding=\""utf-8\""?><MediaServerControl version=\""1.0\""><request><play><prompt repeat=\""2\""><audio url=\""http://prod-serveur-oms-ip.vente.francetelecom.fr:8080/annonces/SVAIP/silence.wav\""/><audio url=\""http://prod-serveur-oms-ip.vente.francetelecom.fr:8080/annonces/SVAIP/10014725/SVAIPP10014725F26.wav\""/></prompt></play></request></MediaServerControl>"", ""call_flow_type"" : ""EARLY_MEDIA_AND_RELEASE"", ""header_list"" : []}"
30701,SVAIPP10016911F1,"{""id"" : 30701, ""name"" : ""SVAIPP10016911F1"", ""vpn_id"" : 10016911, ""technical_type"" : ""PERSONALIZED_GREETING"", ""max_duration"" : null, ""release_cause"" : 21, ""network_sip_code"" : 603, ""mscml_user_part"" : ""0943101510016911"", ""mscml_body_content"" : ""<?xml version=\""1.0\"" encoding=\""utf-8\""?><MediaServerControl version=\""1.0\""><request><play><prompt repeat=\""2\""><audio url=\""http://prod-serveur-oms-ip.vente.francetelecom.fr:8080/annonces/SVAIP/silence.wav\""/><audio url=\""http://prod-serveur-oms-ip.vente.francetelecom.fr:8080/annonces/SVAIP/10016911/SVAIPP10016911F1.wav\""/></prompt></play></request></MediaServerControl>"", ""call_flow_type"" : ""EARLY_MEDIA_AND_RELEASE"", ""header_list"" : []}"
31281,SVAIPP10018412F1,"{""id"" : 31281, ""name"" : ""SVAIPP10018412F1"", ""vpn_id"" : 10018412, ""technical_type"" : ""PERSONALIZED_GREETING"", ""max_duration"" : null, ""release_cause"" : 21, ""network_sip_code"" : 603, ""mscml_user_part"" : ""0943101510018412"", ""mscml_body_content"" : ""<?xml version=\""1.0\"" encoding=\""utf-8\""?><MediaServerControl version=\""1.0\""><request><play><prompt repeat=\""2\""><audio url=\""http://prod-serveur-oms-ip.vente.francetelecom.fr:8080/annonces/SVAIP/silence.wav\""/><audio url=\""http://prod-serveur-oms-ip.vente.francetelecom.fr:8080/annonces/SVAIP/10018412/SVAIPP10018412F1.wav\""/></prompt></play></request></MediaServerControl>"", ""call_flow_type"" : ""EARLY_MEDIA_AND_RELEASE"", ""header_list"" : []}"
30845,SVAIPP10017331F1,"{""id"" : 30845, ""name"" : ""SVAIPP10017331F1"", ""vpn_id"" : 10017331, ""technical_type"" : ""PERSONALIZED_GREETING"", ""max_duration"" : null, ""release_cause"" : 21, ""network_sip_code"" : 603, ""mscml_user_part"" : ""0943101510017331"", ""mscml_body_content"" : ""<?xml version=\""1.0\"" encoding=\""utf-8\""?><MediaServerControl version=\""1.0\""><request><play><prompt repeat=\""2\""><audio url=\""http://prod-serveur-oms-ip.vente.francetelecom.fr:8080/annonces/SVAIP/silence.wav\""/><audio url=\""http://prod-serveur-oms-ip.vente.francetelecom.fr:8080/annonces/SVAIP/10017331/SVAIPP10017331F1.wav\""/></prompt></play></request></MediaServerControl>"", ""call_flow_type"" : ""EARLY_MEDIA_AND_RELEASE"", ""header_list"" : []}"
31443,SVAIPP10018475F2,"{""id"" : 31443, ""name"" : ""SVAIPP10018475F2"", ""vpn_id"" : 10018475, ""technical_type"" : ""PERSONALIZED_GREETING"", ""max_duration"" : null, ""release_cause"" : 21, ""network_sip_code"" : 603, ""mscml_user_part"" : ""0943101510018475"", ""mscml_body_content"" : ""<?xml version=\""1.0\"" encoding=\""utf-8\""?><MediaServerControl version=\""1.0\""><request><play><prompt repeat=\""2\""><audio url=\""http://prod-serveur-oms-ip.vente.francetelecom.fr:8080/annonces/SVAIP/silence.wav\""/><audio url=\""http://prod-serveur-oms-ip.vente.francetelecom.fr:8080/annonces/SVAIP/10018475/SVAIPP10018475F2.wav\""/></prompt></play></request></MediaServerControl>"", ""call_flow_type"" : ""EARLY_MEDIA_AND_RELEASE"", ""header_list"" : []}"
31482,SVAIPP10017309F1,"{""id"" : 31482, ""name"" : ""SVAIPP10017309F1"", ""vpn_id"" : 10017309, ""technical_type"" : ""PERSONALIZED_GREETING"", ""max_duration"" : null, ""release_cause"" : 21, ""network_sip_code"" : 603, ""mscml_user_part"" : ""0943101510017309"", ""mscml_body_content"" : ""<?xml version=\""1.0\"" encoding=\""utf-8\""?><MediaServerControl version=\""1.0\""><request><play><prompt repeat=\""2\""><audio url=\""http://prod-serveur-oms-ip.vente.francetelecom.fr:8080/annonces/SVAIP/silence.wav\""/><audio url=\""http://prod-serveur-oms-ip.vente.francetelecom.fr:8080/annonces/SVAIP/10017309/SVAIPP10017309F1.wav\""/></prompt></play></request></MediaServerControl>"", ""call_flow_type"" : ""EARLY_MEDIA_AND_RELEASE"", ""header_list"" : []}"
30725,SVAIPP10017642F1,"{""id"" : 30725, ""name"" : ""SVAIPP10017642F1"", ""vpn_id"" : 10017642, ""technical_type"" : ""PERSONALIZED_GREETING"", ""max_duration"" : null, ""release_cause"" : 21, ""network_sip_code"" : 603, ""mscml_user_part"" : ""0943101510017642"", ""mscml_body_content"" : ""<?xml version=\""1.0\"" encoding=\""utf-8\""?><MediaServerControl version=\""1.0\""><request><play><prompt repeat=\""2\""><audio url=\""http://prod-serveur-oms-ip.vente.francetelecom.fr:8080/annonces/SVAIP/silence.wav\""/><audio url=\""http://prod-serveur-oms-ip.vente.francetelecom.fr:8080/annonces/SVAIP/10017642/SVAIPP10017642F1.wav\""/></prompt></play></request></MediaServerControl>"", ""call_flow_type"" : ""EARLY_MEDIA_AND_RELEASE"", ""header_list"" : []}"
31262,SVAIPP10010153D040P10,"{""id"" : 31262, ""name"" : ""SVAIPP10010153D040P10"", ""vpn_id"" : 10010153, ""technical_type"" : ""PERSONALIZED_MGIT"", ""max_duration"" : null, ""release_cause"" : 0, ""network_sip_code"" : 0, ""mscml_user_part"" : ""0943101110010153"", ""mscml_body_content"" : ""<?xml version=\""1.0\"" encoding=\""utf-8\""?><MediaServerControl version=\""1.0\""><request><playcollect maxdigits=\""1\"" barge=\""yes\"" extradigittimer=\""immediate\"" firstdigittimer=\""immediate\""><prompt><audio url=\""http://prod-serveur-oms-ip.vente.francetelecom.fr:8080/annonces/SVAIP/silence.wav\""/><audio url=\""http://prod-serveur-oms-ip.vente.francetelecom.fr:8080/annonces/SVAIP/10010153/SVAIPP10010153D040P10.wav\""/></prompt></playcollect></request></MediaServerControl>"", ""call_flow_type"" : ""EARLY_MEDIA_AND_RELEASE"", ""header_list"" : []}"
29743,SVAIPP10016839F2,"{""id"" : 29743, ""name"" : ""SVAIPP10016839F2"", ""vpn_id"" : 10016839, ""technical_type"" : ""PERSONALIZED_GREETING"", ""max_duration"" : null, ""release_cause"" : 21, ""network_sip_code"" : 603, ""mscml_user_part"" : ""0943101510016839"", ""mscml_body_content"" : ""<?xml version=\""1.0\"" encoding=\""utf-8\""?><MediaServerControl version=\""1.0\""><request><play><prompt repeat=\""2\""><audio url=\""http://prod-serveur-oms-ip.vente.francetelecom.fr:8080/annonces/SVAIP/silence.wav\""/><audio url=\""http://prod-serveur-oms-ip.vente.francetelecom.fr:8080/annonces/SVAIP/10016839/SVAIPP10016839F2.wav\""/></prompt></play></request></MediaServerControl>"", ""call_flow_type"" : ""EARLY_MEDIA_AND_RELEASE"", ""header_list"" : []}"
30941,SVAIPP10014852F15,"{""id"" : 30941, ""name"" : ""SVAIPP10014852F15"", ""vpn_id"" : 10014852, ""technical_type"" : ""PERSONALIZED_GREETING"", ""max_duration"" : null, ""release_cause"" : 21, ""network_sip_code"" : 603, ""mscml_user_part"" : ""0943101510014852"", ""mscml_body_content"" : ""<?xml version=\""1.0\"" encoding=\""utf-8\""?><MediaServerControl version=\""1.0\""><request><play><prompt repeat=\""2\""><audio url=\""http://prod-serveur-oms-ip.vente.francetelecom.fr:8080/annonces/SVAIP/silence.wav\""/><audio url=\""http://prod-serveur-oms-ip.vente.francetelecom.fr:8080/annonces/SVAIP/10014852/SVAIPP10014852F15.wav\""/></prompt></play></request></MediaServerControl>"", ""call_flow_type"" : ""EARLY_MEDIA_AND_RELEASE"", ""header_list"" : []}"
31001,SVAIPP10016717F2,"{""id"" : 31001, ""name"" : ""SVAIPP10016717F2"", ""vpn_id"" : 10016717, ""technical_type"" : ""PERSONALIZED_GREETING"", ""max_duration"" : null, ""release_cause"" : 21, ""network_sip_code"" : 603, ""mscml_user_part"" : ""0943101510016717"", ""mscml_body_content"" : ""<?xml version=\""1.0\"" encoding=\""utf-8\""?><MediaServerControl version=\""1.0\""><request><play><prompt repeat=\""2\""><audio url=\""http://prod-serveur-oms-ip.vente.francetelecom.fr:8080/annonces/SVAIP/silence.wav\""/><audio url=\""http://prod-serveur-oms-ip.vente.francetelecom.fr:8080/annonces/SVAIP/10016717/SVAIPP10016717F2.wav\""/></prompt></play></request></MediaServerControl>"", ""call_flow_type"" : ""EARLY_MEDIA_AND_RELEASE"", ""header_list"" : []}"
31542,SVAIPP10016387F5,"{""id"" : 31542, ""name"" : ""SVAIPP10016387F5"", ""vpn_id"" : 10016387, ""technical_type"" : ""PERSONALIZED_GREETING"", ""max_duration"" : null, ""release_cause"" : 21, ""network_sip_code"" : 603, ""mscml_user_part"" : ""0943101510016387"", ""mscml_body_content"" : ""<?xml version=\""1.0\"" encoding=\""utf-8\""?><MediaServerControl version=\""1.0\""><request><play><prompt repeat=\""2\""><audio url=\""http://prod-serveur-oms-ip.vente.francetelecom.fr:8080/annonces/SVAIP/silence.wav\""/><audio url=\""http://prod-serveur-oms-ip.vente.francetelecom.fr:8080/annonces/SVAIP/10016387/SVAIPP10016387F5.wav\""/></prompt></play></request></MediaServerControl>"", ""call_flow_type"" : ""EARLY_MEDIA_AND_RELEASE"", ""header_list"" : []}"
30681,SVAIPP10017108F1,"{""id"" : 30681, ""name"" : ""SVAIPP10017108F1"", ""vpn_id"" : 10017108, ""technical_type"" : ""PERSONALIZED_GREETING"", ""max_duration"" : null, ""release_cause"" : 21, ""network_sip_code"" : 603, ""mscml_user_part"" : ""0943101510017108"", ""mscml_body_content"" : ""<?xml version=\""1.0\"" encoding=\""utf-8\""?><MediaServerControl version=\""1.0\""><request><play><prompt repeat=\""2\""><audio url=\""http://prod-serveur-oms-ip.vente.francetelecom.fr:8080/annonces/SVAIP/silence.wav\""/><audio url=\""http://prod-serveur-oms-ip.vente.francetelecom.fr:8080/annonces/SVAIP/10017108/SVAIPP10017108F1.wav\""/></prompt></play></request></MediaServerControl>"", ""call_flow_type"" : ""EARLY_MEDIA_AND_RELEASE"", ""header_list"" : []}"
31267,SVAIPP10016244A299P6,"{""id"" : 31267, ""name"" : ""SVAIPP10016244A299P6"", ""vpn_id"" : 10016244, ""technical_type"" : ""PERSONALIZED_MGIT"", ""max_duration"" : null, ""release_cause"" : 0, ""network_sip_code"" : 0, ""mscml_user_part"" : ""0943101110016244"", ""mscml_body_content"" : ""<?xml version=\""1.0\"" encoding=\""utf-8\""?><MediaServerControl version=\""1.0\""><request><playcollect maxdigits=\""1\"" barge=\""yes\"" extradigittimer=\""immediate\"" firstdigittimer=\""immediate\""><prompt><audio url=\""http://prod-serveur-oms-ip.vente.francetelecom.fr:8080/annonces/SVAIP/silence.wav\""/><audio url=\""http://prod-serveur-oms-ip.vente.francetelecom.fr:8080/annonces/SVAIP/10016244/SVAIPP10016244A299P6.wav\""/></prompt></playcollect></request></MediaServerControl>"", ""call_flow_type"" : ""EARLY_MEDIA_AND_RELEASE"", ""header_list"" : []}"
30723,SVAIPP10012081F3,"{""id"" : 30723, ""name"" : ""SVAIPP10012081F3"", ""vpn_id"" : 10012081, ""technical_type"" : ""PERSONALIZED_GREETING"", ""max_duration"" : null, ""release_cause"" : 21, ""network_sip_code"" : 603, ""mscml_user_part"" : ""0943101510012081"", ""mscml_body_content"" : ""<?xml version=\""1.0\"" encoding=\""utf-8\""?><MediaServerControl version=\""1.0\""><request><play><prompt repeat=\""2\""><audio url=\""http://prod-serveur-oms-ip.vente.francetelecom.fr:8080/annonces/SVAIP/silence.wav\""/><audio url=\""http://prod-serveur-oms-ip.vente.francetelecom.fr:8080/annonces/SVAIP/10012081/SVAIPP10012081F3.wav\""/></prompt></play></request></MediaServerControl>"", ""call_flow_type"" : ""EARLY_MEDIA_AND_RELEASE"", ""header_list"" : []}"
29863,SVAIPP10004077D006P25,"{""id"" : 29863, ""name"" : ""SVAIPP10004077D006P25"", ""vpn_id"" : 10004077, ""technical_type"" : ""PERSONALIZED_MGIT"", ""max_duration"" : null, ""release_cause"" : 0, ""network_sip_code"" : 0, ""mscml_user_part"" : ""0943101110004077"", ""mscml_body_content"" : ""<?xml version=\""1.0\"" encoding=\""utf-8\""?><MediaServerControl version=\""1.0\""><request><playcollect maxdigits=\""1\"" barge=\""yes\"" extradigittimer=\""immediate\"" firstdigittimer=\""immediate\""><prompt><audio url=\""http://prod-serveur-oms-ip.vente.francetelecom.fr:8080/annonces/SVAIP/silence.wav\""/><audio url=\""http://prod-serveur-oms-ip.vente.francetelecom.fr:8080/annonces/SVAIP/10004077/SVAIPP10004077D006P25.wav\""/></prompt></playcollect></request></MediaServerControl>"", ""call_flow_type"" : ""EARLY_MEDIA_AND_RELEASE"", ""header_list"" : []}"
29925,SVAIPP10010267F1,"{""id"" : 29925, ""name"" : ""SVAIPP10010267F1"", ""vpn_id"" : 10010267, ""technical_type"" : ""PERSONALIZED_GREETING"", ""max_duration"" : null, ""release_cause"" : 21, ""network_sip_code"" : 603, ""mscml_user_part"" : ""0943101510010267"", ""mscml_body_content"" : ""<?xml version=\""1.0\"" encoding=\""utf-8\""?><MediaServerControl version=\""1.0\""><request><play><prompt repeat=\""2\""><audio url=\""http://prod-serveur-oms-ip.vente.francetelecom.fr:8080/annonces/SVAIP/silence.wav\""/><audio url=\""http://prod-serveur-oms-ip.vente.francetelecom.fr:8080/annonces/SVAIP/10010267/SVAIPP10010267F1.wav\""/></prompt></play></request></MediaServerControl>"", ""call_flow_type"" : ""EARLY_MEDIA_AND_RELEASE"", ""header_list"" : []}"
31061,SVAIPP10016325F5,"{""id"" : 31061, ""name"" : ""SVAIPP10016325F5"", ""vpn_id"" : 10016325, ""technical_type"" : ""PERSONALIZED_GREETING"", ""max_duration"" : null, ""release_cause"" : 21, ""network_sip_code"" : 603, ""mscml_user_part"" : ""0943101510016325"", ""mscml_body_content"" : ""<?xml version=\""1.0\"" encoding=\""utf-8\""?><MediaServerControl version=\""1.0\""><request><play><prompt repeat=\""2\""><audio url=\""http://prod-serveur-oms-ip.vente.francetelecom.fr:8080/annonces/SVAIP/silence.wav\""/><audio url=\""http://prod-serveur-oms-ip.vente.francetelecom.fr:8080/annonces/SVAIP/10016325/SVAIPP10016325F5.wav\""/></prompt></play></request></MediaServerControl>"", ""call_flow_type"" : ""EARLY_MEDIA_AND_RELEASE"", ""header_list"" : []}"
31164,SVAIPP10010188D006N5,"{""id"" : 31164, ""name"" : ""SVAIPP10010188D006N5"", ""vpn_id"" : 10010188, ""technical_type"" : ""PERSONALIZED_MGIT"", ""max_duration"" : null, ""release_cause"" : 0, ""network_sip_code"" : 0, ""mscml_user_part"" : ""0943101110010188"", ""mscml_body_content"" : ""<?xml version=\""1.0\"" encoding=\""utf-8\""?><MediaServerControl version=\""1.0\""><request><playcollect maxdigits=\""1\"" barge=\""yes\"" extradigittimer=\""immediate\"" firstdigittimer=\""immediate\""><prompt><audio url=\""http://prod-serveur-oms-ip.vente.francetelecom.fr:8080/annonces/SVAIP/silence.wav\""/><audio url=\""http://prod-serveur-oms-ip.vente.francetelecom.fr:8080/annonces/SVAIP/10010188/SVAIPP10010188D006N5.wav\""/></prompt></playcollect></request></MediaServerControl>"", ""call_flow_type"" : ""EARLY_MEDIA_AND_RELEASE"", ""header_list"" : []}"
30643,SVAIPP10005700F2,"{""id"" : 30643, ""name"" : ""SVAIPP10005700F2"", ""vpn_id"" : 10005700, ""technical_type"" : ""PERSONALIZED_GREETING"", ""max_duration"" : null, ""release_cause"" : 21, ""network_sip_code"" : 603, ""mscml_user_part"" : ""0943101510005700"", ""mscml_body_content"" : ""<?xml version=\""1.0\"" encoding=\""utf-8\""?><MediaServerControl version=\""1.0\""><request><play><prompt repeat=\""2\""><audio url=\""http://prod-serveur-oms-ip.vente.francetelecom.fr:8080/annonces/SVAIP/silence.wav\""/><audio url=\""http://prod-serveur-oms-ip.vente.francetelecom.fr:8080/annonces/SVAIP/10005700/SVAIPP10005700F2.wav\""/></prompt></play></request></MediaServerControl>"", ""call_flow_type"" : ""EARLY_MEDIA_AND_RELEASE"", ""header_list"" : []}"
32064,SVAIPP10014725F5,"{""id"" : 32064, ""name"" : ""SVAIPP10014725F5"", ""vpn_id"" : 10014725, ""technical_type"" : ""PERSONALIZED_GREETING"", ""max_duration"" : null, ""release_cause"" : 21, ""network_sip_code"" : 603, ""mscml_user_part"" : ""0943101510014725"", ""mscml_body_content"" : ""<?xml version=\""1.0\"" encoding=\""utf-8\""?><MediaServerControl version=\""1.0\""><request><play><prompt repeat=\""2\""><audio url=\""http://prod-serveur-oms-ip.vente.francetelecom.fr:8080/annonces/SVAIP/silence.wav\""/><audio url=\""http://prod-serveur-oms-ip.vente.francetelecom.fr:8080/annonces/SVAIP/10014725/SVAIPP10014725F5.wav\""/></prompt></play></request></MediaServerControl>"", ""call_flow_type"" : ""EARLY_MEDIA_AND_RELEASE"", ""header_list"" : []}"
30704,SVAIPP10004976F1,"{""id"" : 30704, ""name"" : ""SVAIPP10004976F1"", ""vpn_id"" : 10004976, ""technical_type"" : ""PERSONALIZED_GREETING"", ""max_duration"" : null, ""release_cause"" : 21, ""network_sip_code"" : 603, ""mscml_user_part"" : ""0943101510004976"", ""mscml_body_content"" : ""<?xml version=\""1.0\"" encoding=\""utf-8\""?><MediaServerControl version=\""1.0\""><request><play><prompt repeat=\""2\""><audio url=\""http://prod-serveur-oms-ip.vente.francetelecom.fr:8080/annonces/SVAIP/silence.wav\""/><audio url=\""http://prod-serveur-oms-ip.vente.francetelecom.fr:8080/annonces/SVAIP/10004976/SVAIPP10004976F1.wav\""/></prompt></play></request></MediaServerControl>"", ""call_flow_type"" : ""EARLY_MEDIA_AND_RELEASE"", ""header_list"" : []}"
32541,SVAIPP10014016F1,"{""id"" : 32541, ""name"" : ""SVAIPP10014016F1"", ""vpn_id"" : 10014016, ""technical_type"" : ""PERSONALIZED_GREETING"", ""max_duration"" : null, ""release_cause"" : 21, ""network_sip_code"" : 603, ""mscml_user_part"" : ""0943101510014016"", ""mscml_body_content"" : ""<?xml version=\""1.0\"" encoding=\""utf-8\""?><MediaServerControl version=\""1.0\""><request><play><prompt repeat=\""2\""><audio url=\""http://prod-serveur-oms-ip.vente.francetelecom.fr:8080/annonces/SVAIP/silence.wav\""/><audio url=\""http://prod-serveur-oms-ip.vente.francetelecom.fr:8080/annonces/SVAIP/10014016/SVAIPP10014016F1.wav\""/></prompt></play></request></MediaServerControl>"", ""call_flow_type"" : ""EARLY_MEDIA_AND_RELEASE"", ""header_list"" : []}"
30041,SVAIPP10013351F1,"{""id"" : 30041, ""name"" : ""SVAIPP10013351F1"", ""vpn_id"" : 10013351, ""technical_type"" : ""PERSONALIZED_GREETING"", ""max_duration"" : null, ""release_cause"" : 21, ""network_sip_code"" : 603, ""mscml_user_part"" : ""0943101510013351"", ""mscml_body_content"" : ""<?xml version=\""1.0\"" encoding=\""utf-8\""?><MediaServerControl version=\""1.0\""><request><play><prompt repeat=\""2\""><audio url=\""http://prod-serveur-oms-ip.vente.francetelecom.fr:8080/annonces/SVAIP/silence.wav\""/><audio url=\""http://prod-serveur-oms-ip.vente.francetelecom.fr:8080/annonces/SVAIP/10013351/SVAIPP10013351F1.wav\""/></prompt></play></request></MediaServerControl>"", ""call_flow_type"" : ""EARLY_MEDIA_AND_RELEASE"", ""header_list"" : []}"
30063,SVAIPP10006672F6,"{""id"" : 30063, ""name"" : ""SVAIPP10006672F6"", ""vpn_id"" : 10006672, ""technical_type"" : ""PERSONALIZED_GREETING"", ""max_duration"" : null, ""release_cause"" : 21, ""network_sip_code"" : 603, ""mscml_user_part"" : ""0943101510006672"", ""mscml_body_content"" : ""<?xml version=\""1.0\"" encoding=\""utf-8\""?><MediaServerControl version=\""1.0\""><request><play><prompt repeat=\""2\""><audio url=\""http://prod-serveur-oms-ip.vente.francetelecom.fr:8080/annonces/SVAIP/silence.wav\""/><audio url=\""http://prod-serveur-oms-ip.vente.francetelecom.fr:8080/annonces/SVAIP/10006672/SVAIPP10006672F6.wav\""/></prompt></play></request></MediaServerControl>"", ""call_flow_type"" : ""EARLY_MEDIA_AND_RELEASE"", ""header_list"" : []}"
31321,SVAIPP10014982F3,"{""id"" : 31321, ""name"" : ""SVAIPP10014982F3"", ""vpn_id"" : 10014982, ""technical_type"" : ""PERSONALIZED_GREETING"", ""max_duration"" : null, ""release_cause"" : 21, ""network_sip_code"" : 603, ""mscml_user_part"" : ""0943101510014982"", ""mscml_body_content"" : ""<?xml version=\""1.0\"" encoding=\""utf-8\""?><MediaServerControl version=\""1.0\""><request><play><prompt repeat=\""2\""><audio url=\""http://prod-serveur-oms-ip.vente.francetelecom.fr:8080/annonces/SVAIP/silence.wav\""/><audio url=\""http://prod-serveur-oms-ip.vente.francetelecom.fr:8080/annonces/SVAIP/10014982/SVAIPP10014982F3.wav\""/></prompt></play></request></MediaServerControl>"", ""call_flow_type"" : ""EARLY_MEDIA_AND_RELEASE"", ""header_list"" : []}"
31564,SVAIPP10004011F7,"{""id"" : 31564, ""name"" : ""SVAIPP10004011F7"", ""vpn_id"" : 10004011, ""technical_type"" : ""PERSONALIZED_GREETING"", ""max_duration"" : null, ""release_cause"" : 21, ""network_sip_code"" : 603, ""mscml_user_part"" : ""0943101510004011"", ""mscml_body_content"" : ""<?xml version=\""1.0\"" encoding=\""utf-8\""?><MediaServerControl version=\""1.0\""><request><play><prompt repeat=\""2\""><audio url=\""http://prod-serveur-oms-ip.vente.francetelecom.fr:8080/annonces/SVAIP/silence.wav\""/><audio url=\""http://prod-serveur-oms-ip.vente.francetelecom.fr:8080/annonces/SVAIP/10004011/SVAIPP10004011F7.wav\""/></prompt></play></request></MediaServerControl>"", ""call_flow_type"" : ""EARLY_MEDIA_AND_RELEASE"", ""header_list"" : []}"
32070,SVAIPP10014725F11,"{""id"" : 32070, ""name"" : ""SVAIPP10014725F11"", ""vpn_id"" : 10014725, ""technical_type"" : ""PERSONALIZED_GREETING"", ""max_duration"" : null, ""release_cause"" : 21, ""network_sip_code"" : 603, ""mscml_user_part"" : ""0943101510014725"", ""mscml_body_content"" : ""<?xml version=\""1.0\"" encoding=\""utf-8\""?><MediaServerControl version=\""1.0\""><request><play><prompt repeat=\""2\""><audio url=\""http://prod-serveur-oms-ip.vente.francetelecom.fr:8080/annonces/SVAIP/silence.wav\""/><audio url=\""http://prod-serveur-oms-ip.vente.francetelecom.fr:8080/annonces/SVAIP/10014725/SVAIPP10014725F11.wav\""/></prompt></play></request></MediaServerControl>"", ""call_flow_type"" : ""EARLY_MEDIA_AND_RELEASE"", ""header_list"" : []}"
32073,SVAIPP10014725F14,"{""id"" : 32073, ""name"" : ""SVAIPP10014725F14"", ""vpn_id"" : 10014725, ""technical_type"" : ""PERSONALIZED_GREETING"", ""max_duration"" : null, ""release_cause"" : 21, ""network_sip_code"" : 603, ""mscml_user_part"" : ""0943101510014725"", ""mscml_body_content"" : ""<?xml version=\""1.0\"" encoding=\""utf-8\""?><MediaServerControl version=\""1.0\""><request><play><prompt repeat=\""2\""><audio url=\""http://prod-serveur-oms-ip.vente.francetelecom.fr:8080/annonces/SVAIP/silence.wav\""/><audio url=\""http://prod-serveur-oms-ip.vente.francetelecom.fr:8080/annonces/SVAIP/10014725/SVAIPP10014725F14.wav\""/></prompt></play></request></MediaServerControl>"", ""call_flow_type"" : ""EARLY_MEDIA_AND_RELEASE"", ""header_list"" : []}"
30564,SVAIPP10014852F13,"{""id"" : 30564, ""name"" : ""SVAIPP10014852F13"", ""vpn_id"" : 10014852, ""technical_type"" : ""PERSONALIZED_GREETING"", ""max_duration"" : null, ""release_cause"" : 21, ""network_sip_code"" : 603, ""mscml_user_part"" : ""0943101510014852"", ""mscml_body_content"" : ""<?xml version=\""1.0\"" encoding=\""utf-8\""?><MediaServerControl version=\""1.0\""><request><play><prompt repeat=\""2\""><audio url=\""http://prod-serveur-oms-ip.vente.francetelecom.fr:8080/annonces/SVAIP/silence.wav\""/><audio url=\""http://prod-serveur-oms-ip.vente.francetelecom.fr:8080/annonces/SVAIP/10014852/SVAIPP10014852F13.wav\""/></prompt></play></request></MediaServerControl>"", ""call_flow_type"" : ""EARLY_MEDIA_AND_RELEASE"", ""header_list"" : []}"
30685,SVAIPP10006284D020R4,"{""id"" : 30685, ""name"" : ""SVAIPP10006284D020R4"", ""vpn_id"" : 10006284, ""technical_type"" : ""PERSONALIZED_MGIT"", ""max_duration"" : null, ""release_cause"" : 0, ""network_sip_code"" : 0, ""mscml_user_part"" : ""0943101110006284"", ""mscml_body_content"" : ""<?xml version=\""1.0\"" encoding=\""utf-8\""?><MediaServerControl version=\""1.0\""><request><playcollect maxdigits=\""1\"" barge=\""yes\"" extradigittimer=\""immediate\"" firstdigittimer=\""immediate\""><prompt><audio url=\""http://prod-serveur-oms-ip.vente.francetelecom.fr:8080/annonces/SVAIP/silence.wav\""/><audio url=\""http://prod-serveur-oms-ip.vente.francetelecom.fr:8080/annonces/SVAIP/10006284/SVAIPP10006284D020R4.wav\""/></prompt></playcollect></request></MediaServerControl>"", ""call_flow_type"" : ""EARLY_MEDIA_AND_RELEASE"", ""header_list"" : []}"
30066,SVAIPP10017688F1,"{""id"" : 30066, ""name"" : ""SVAIPP10017688F1"", ""vpn_id"" : 10017688, ""technical_type"" : ""PERSONALIZED_GREETING"", ""max_duration"" : null, ""release_cause"" : 21, ""network_sip_code"" : 603, ""mscml_user_part"" : ""0943101510017688"", ""mscml_body_content"" : ""<?xml version=\""1.0\"" encoding=\""utf-8\""?><MediaServerControl version=\""1.0\""><request><play><prompt repeat=\""2\""><audio url=\""http://prod-serveur-oms-ip.vente.francetelecom.fr:8080/annonces/SVAIP/silence.wav\""/><audio url=\""http://prod-serveur-oms-ip.vente.francetelecom.fr:8080/annonces/SVAIP/10017688/SVAIPP10017688F1.wav\""/></prompt></play></request></MediaServerControl>"", ""call_flow_type"" : ""EARLY_MEDIA_AND_RELEASE"", ""header_list"" : []}"
30067,SVAIPP10017688F2,"{""id"" : 30067, ""name"" : ""SVAIPP10017688F2"", ""vpn_id"" : 10017688, ""technical_type"" : ""PERSONALIZED_GREETING"", ""max_duration"" : null, ""release_cause"" : 21, ""network_sip_code"" : 603, ""mscml_user_part"" : ""0943101510017688"", ""mscml_body_content"" : ""<?xml version=\""1.0\"" encoding=\""utf-8\""?><MediaServerControl version=\""1.0\""><request><play><prompt repeat=\""2\""><audio url=\""http://prod-serveur-oms-ip.vente.francetelecom.fr:8080/annonces/SVAIP/silence.wav\""/><audio url=\""http://prod-serveur-oms-ip.vente.francetelecom.fr:8080/annonces/SVAIP/10017688/SVAIPP10017688F2.wav\""/></prompt></play></request></MediaServerControl>"", ""call_flow_type"" : ""EARLY_MEDIA_AND_RELEASE"", ""header_list"" : []}"
31583,SVAIPP10017625F1,"{""id"" : 31583, ""name"" : ""SVAIPP10017625F1"", ""vpn_id"" : 10017625, ""technical_type"" : ""PERSONALIZED_GREETING"", ""max_duration"" : null, ""release_cause"" : 21, ""network_sip_code"" : 603, ""mscml_user_part"" : ""0943101510017625"", ""mscml_body_content"" : ""<?xml version=\""1.0\"" encoding=\""utf-8\""?><MediaServerControl version=\""1.0\""><request><play><prompt repeat=\""2\""><audio url=\""http://prod-serveur-oms-ip.vente.francetelecom.fr:8080/annonces/SVAIP/silence.wav\""/><audio url=\""http://prod-serveur-oms-ip.vente.francetelecom.fr:8080/annonces/SVAIP/10017625/SVAIPP10017625F1.wav\""/></prompt></play></request></MediaServerControl>"", ""call_flow_type"" : ""EARLY_MEDIA_AND_RELEASE"", ""header_list"" : []}"
31601,SVAIPP10016325F7,"{""id"" : 31601, ""name"" : ""SVAIPP10016325F7"", ""vpn_id"" : 10016325, ""technical_type"" : ""PERSONALIZED_GREETING"", ""max_duration"" : null, ""release_cause"" : 21, ""network_sip_code"" : 603, ""mscml_user_part"" : ""0943101510016325"", ""mscml_body_content"" : ""<?xml version=\""1.0\"" encoding=\""utf-8\""?><MediaServerControl version=\""1.0\""><request><play><prompt repeat=\""2\""><audio url=\""http://prod-serveur-oms-ip.vente.francetelecom.fr:8080/annonces/SVAIP/silence.wav\""/><audio url=\""http://prod-serveur-oms-ip.vente.francetelecom.fr:8080/annonces/SVAIP/10016325/SVAIPP10016325F7.wav\""/></prompt></play></request></MediaServerControl>"", ""call_flow_type"" : ""EARLY_MEDIA_AND_RELEASE"", ""header_list"" : []}"
32075,SVAIPP10014725F16,"{""id"" : 32075, ""name"" : ""SVAIPP10014725F16"", ""vpn_id"" : 10014725, ""technical_type"" : ""PERSONALIZED_GREETING"", ""max_duration"" : null, ""release_cause"" : 21, ""network_sip_code"" : 603, ""mscml_user_part"" : ""0943101510014725"", ""mscml_body_content"" : ""<?xml version=\""1.0\"" encoding=\""utf-8\""?><MediaServerControl version=\""1.0\""><request><play><prompt repeat=\""2\""><audio url=\""http://prod-serveur-oms-ip.vente.francetelecom.fr:8080/annonces/SVAIP/silence.wav\""/><audio url=\""http://prod-serveur-oms-ip.vente.francetelecom.fr:8080/annonces/SVAIP/10014725/SVAIPP10014725F16.wav\""/></prompt></play></request></MediaServerControl>"", ""call_flow_type"" : ""EARLY_MEDIA_AND_RELEASE"", ""header_list"" : []}"
32086,SVAIPP10014725F27,"{""id"" : 32086, ""name"" : ""SVAIPP10014725F27"", ""vpn_id"" : 10014725, ""technical_type"" : ""PERSONALIZED_GREETING"", ""max_duration"" : null, ""release_cause"" : 21, ""network_sip_code"" : 603, ""mscml_user_part"" : ""0943101510014725"", ""mscml_body_content"" : ""<?xml version=\""1.0\"" encoding=\""utf-8\""?><MediaServerControl version=\""1.0\""><request><play><prompt repeat=\""2\""><audio url=\""http://prod-serveur-oms-ip.vente.francetelecom.fr:8080/annonces/SVAIP/silence.wav\""/><audio url=\""http://prod-serveur-oms-ip.vente.francetelecom.fr:8080/annonces/SVAIP/10014725/SVAIPP10014725F27.wav\""/></prompt></play></request></MediaServerControl>"", ""call_flow_type"" : ""EARLY_MEDIA_AND_RELEASE"", ""header_list"" : []}"
30922,SVAIPP10007333F1,"{""id"" : 30922, ""name"" : ""SVAIPP10007333F1"", ""vpn_id"" : 10007333, ""technical_type"" : ""PERSONALIZED_GREETING"", ""max_duration"" : null, ""release_cause"" : 21, ""network_sip_code"" : 603, ""mscml_user_part"" : ""0943101510007333"", ""mscml_body_content"" : ""<?xml version=\""1.0\"" encoding=\""utf-8\""?><MediaServerControl version=\""1.0\""><request><play><prompt repeat=\""2\""><audio url=\""http://prod-serveur-oms-ip.vente.francetelecom.fr:8080/annonces/SVAIP/silence.wav\""/><audio url=\""http://prod-serveur-oms-ip.vente.francetelecom.fr:8080/annonces/SVAIP/10007333/SVAIPP10007333F1.wav\""/></prompt></play></request></MediaServerControl>"", ""call_flow_type"" : ""EARLY_MEDIA_AND_RELEASE"", ""header_list"" : []}"
32944,SVAIPP10017503F16,"{""id"" : 32944, ""name"" : ""SVAIPP10017503F16"", ""vpn_id"" : 10017503, ""technical_type"" : ""PERSONALIZED_GREETING"", ""max_duration"" : null, ""release_cause"" : 21, ""network_sip_code"" : 603, ""mscml_user_part"" : ""0943101510017503"", ""mscml_body_content"" : ""<?xml version=\""1.0\"" encoding=\""utf-8\""?><MediaServerControl version=\""1.0\""><request><play><prompt repeat=\""2\""><audio url=\""http://prod-serveur-oms-ip.vente.francetelecom.fr:8080/annonces/SVAIP/silence.wav\""/><audio url=\""http://prod-serveur-oms-ip.vente.francetelecom.fr:8080/annonces/SVAIP/10017503/SVAIPP10017503F16.wav\""/></prompt></play></request></MediaServerControl>"", ""call_flow_type"" : ""EARLY_MEDIA_AND_RELEASE"", ""header_list"" : []}"
32663,SVAIPP10002338F3,"{""id"" : 32663, ""name"" : ""SVAIPP10002338F3"", ""vpn_id"" : 10002338, ""technical_type"" : ""PERSONALIZED_GREETING"", ""max_duration"" : null, ""release_cause"" : 21, ""network_sip_code"" : 603, ""mscml_user_part"" : ""0943101510002338"", ""mscml_body_content"" : ""<?xml version=\""1.0\"" encoding=\""utf-8\""?><MediaServerControl version=\""1.0\""><request><play><prompt repeat=\""2\""><audio url=\""http://prod-serveur-oms-ip.vente.francetelecom.fr:8080/annonces/SVAIP/silence.wav\""/><audio url=\""http://prod-serveur-oms-ip.vente.francetelecom.fr:8080/annonces/SVAIP/10002338/SVAIPP10002338F3.wav\""/></prompt></play></request></MediaServerControl>"", ""call_flow_type"" : ""EARLY_MEDIA_AND_RELEASE"", ""header_list"" : []}"
30071,SVAIPP10003737F4,"{""id"" : 30071, ""name"" : ""SVAIPP10003737F4"", ""vpn_id"" : 10003737, ""technical_type"" : ""PERSONALIZED_GREETING"", ""max_duration"" : null, ""release_cause"" : 21, ""network_sip_code"" : 603, ""mscml_user_part"" : ""0943101510003737"", ""mscml_body_content"" : ""<?xml version=\""1.0\"" encoding=\""utf-8\""?><MediaServerControl version=\""1.0\""><request><play><prompt repeat=\""2\""><audio url=\""http://prod-serveur-oms-ip.vente.francetelecom.fr:8080/annonces/SVAIP/silence.wav\""/><audio url=\""http://prod-serveur-oms-ip.vente.francetelecom.fr:8080/annonces/SVAIP/10003737/SVAIPP10003737F4.wav\""/></prompt></play></request></MediaServerControl>"", ""call_flow_type"" : ""EARLY_MEDIA_AND_RELEASE"", ""header_list"" : []}"
31643,SVAIPP10013973F1,"{""id"" : 31643, ""name"" : ""SVAIPP10013973F1"", ""vpn_id"" : 10013973, ""technical_type"" : ""PERSONALIZED_GREETING"", ""max_duration"" : null, ""release_cause"" : 21, ""network_sip_code"" : 603, ""mscml_user_part"" : ""0943101510013973"", ""mscml_body_content"" : ""<?xml version=\""1.0\"" encoding=\""utf-8\""?><MediaServerControl version=\""1.0\""><request><play><prompt repeat=\""2\""><audio url=\""http://prod-serveur-oms-ip.vente.francetelecom.fr:8080/annonces/SVAIP/silence.wav\""/><audio url=\""http://prod-serveur-oms-ip.vente.francetelecom.fr:8080/annonces/SVAIP/10013973/SVAIPP10013973F1.wav\""/></prompt></play></request></MediaServerControl>"", ""call_flow_type"" : ""EARLY_MEDIA_AND_RELEASE"", ""header_list"" : []}"
31681,SVAIPP10013288F1,"{""id"" : 31681, ""name"" : ""SVAIPP10013288F1"", ""vpn_id"" : 10013288, ""technical_type"" : ""PERSONALIZED_GREETING"", ""max_duration"" : null, ""release_cause"" : 21, ""network_sip_code"" : 603, ""mscml_user_part"" : ""0943101510013288"", ""mscml_body_content"" : ""<?xml version=\""1.0\"" encoding=\""utf-8\""?><MediaServerControl version=\""1.0\""><request><play><prompt repeat=\""2\""><audio url=\""http://prod-serveur-oms-ip.vente.francetelecom.fr:8080/annonces/SVAIP/silence.wav\""/><audio url=\""http://prod-serveur-oms-ip.vente.francetelecom.fr:8080/annonces/SVAIP/10013288/SVAIPP10013288F1.wav\""/></prompt></play></request></MediaServerControl>"", ""call_flow_type"" : ""EARLY_MEDIA_AND_RELEASE"", ""header_list"" : []}"
32242,SVAIPP10017331F3,"{""id"" : 32242, ""name"" : ""SVAIPP10017331F3"", ""vpn_id"" : 10017331, ""technical_type"" : ""PERSONALIZED_GREETING"", ""max_duration"" : null, ""release_cause"" : 21, ""network_sip_code"" : 603, ""mscml_user_part"" : ""0943101510017331"", ""mscml_body_content"" : ""<?xml version=\""1.0\"" encoding=\""utf-8\""?><MediaServerControl version=\""1.0\""><request><play><prompt repeat=\""2\""><audio url=\""http://prod-serveur-oms-ip.vente.francetelecom.fr:8080/annonces/SVAIP/silence.wav\""/><audio url=\""http://prod-serveur-oms-ip.vente.francetelecom.fr:8080/annonces/SVAIP/10017331/SVAIPP10017331F3.wav\""/></prompt></play></request></MediaServerControl>"", ""call_flow_type"" : ""EARLY_MEDIA_AND_RELEASE"", ""header_list"" : []}"
32963,SVAIPP10018412F7,"{""id"" : 32963, ""name"" : ""SVAIPP10018412F7"", ""vpn_id"" : 10018412, ""technical_type"" : ""PERSONALIZED_GREETING"", ""max_duration"" : null, ""release_cause"" : 21, ""network_sip_code"" : 603, ""mscml_user_part"" : ""0943101510018412"", ""mscml_body_content"" : ""<?xml version=\""1.0\"" encoding=\""utf-8\""?><MediaServerControl version=\""1.0\""><request><play><prompt repeat=\""2\""><audio url=\""http://prod-serveur-oms-ip.vente.francetelecom.fr:8080/annonces/SVAIP/silence.wav\""/><audio url=\""http://prod-serveur-oms-ip.vente.francetelecom.fr:8080/annonces/SVAIP/10018412/SVAIPP10018412F7.wav\""/></prompt></play></request></MediaServerControl>"", ""call_flow_type"" : ""EARLY_MEDIA_AND_RELEASE"", ""header_list"" : []}"
32964,RBT LFO 118712 Direct OMS,"{""id"" : 32964, ""name"" : ""RBT LFO 118712 Direct OMS"", ""vpn_id"" : 10003728, ""technical_type"" : ""RINGBACK_TONE"", ""max_duration"" : 180000, ""release_cause"" : 0, ""network_sip_code"" : 0, ""mscml_user_part"" : ""09431012"", ""mscml_body_content"" : ""<?xml version=\""1.0\"" encoding=\""utf-8\""?><MediaServerControl version=\""1.0\""><request><play><prompt repeat=\""infinite\""><audio url=\""http://prod-serveur-oms-ip.vente.francetelecom.fr:8080/annonces/SVAIP/118712/118712-MOH.wav\""/></prompt></play></request></MediaServerControl>"", ""call_flow_type"" : ""EARLY_MEDIA_AND_RELEASE"", ""header_list"" : []}"
30082,SVAIPP10017899F2,"{""id"" : 30082, ""name"" : ""SVAIPP10017899F2"", ""vpn_id"" : 10017899, ""technical_type"" : ""PERSONALIZED_GREETING"", ""max_duration"" : null, ""release_cause"" : 21, ""network_sip_code"" : 603, ""mscml_user_part"" : ""0943101510017899"", ""mscml_body_content"" : ""<?xml version=\""1.0\"" encoding=\""utf-8\""?><MediaServerControl version=\""1.0\""><request><play><prompt repeat=\""2\""><audio url=\""http://prod-serveur-oms-ip.vente.francetelecom.fr:8080/annonces/SVAIP/silence.wav\""/><audio url=\""http://prod-serveur-oms-ip.vente.francetelecom.fr:8080/annonces/SVAIP/10017899/SVAIPP10017899F2.wav\""/></prompt></play></request></MediaServerControl>"", ""call_flow_type"" : ""EARLY_MEDIA_AND_RELEASE"", ""header_list"" : []}"
30083,SVAIPP10017899F3,"{""id"" : 30083, ""name"" : ""SVAIPP10017899F3"", ""vpn_id"" : 10017899, ""technical_type"" : ""PERSONALIZED_GREETING"", ""max_duration"" : null, ""release_cause"" : 21, ""network_sip_code"" : 603, ""mscml_user_part"" : ""0943101510017899"", ""mscml_body_content"" : ""<?xml version=\""1.0\"" encoding=\""utf-8\""?><MediaServerControl version=\""1.0\""><request><play><prompt repeat=\""2\""><audio url=\""http://prod-serveur-oms-ip.vente.francetelecom.fr:8080/annonces/SVAIP/silence.wav\""/><audio url=\""http://prod-serveur-oms-ip.vente.francetelecom.fr:8080/annonces/SVAIP/10017899/SVAIPP10017899F3.wav\""/></prompt></play></request></MediaServerControl>"", ""call_flow_type"" : ""EARLY_MEDIA_AND_RELEASE"", ""header_list"" : []}"
31921,SVAIPP10017309F4,"{""id"" : 31921, ""name"" : ""SVAIPP10017309F4"", ""vpn_id"" : 10017309, ""technical_type"" : ""PERSONALIZED_GREETING"", ""max_duration"" : null, ""release_cause"" : 21, ""network_sip_code"" : 603, ""mscml_user_part"" : ""0943101510017309"", ""mscml_body_content"" : ""<?xml version=\""1.0\"" encoding=\""utf-8\""?><MediaServerControl version=\""1.0\""><request><play><prompt repeat=\""2\""><audio url=\""http://prod-serveur-oms-ip.vente.francetelecom.fr:8080/annonces/SVAIP/silence.wav\""/><audio url=\""http://prod-serveur-oms-ip.vente.francetelecom.fr:8080/annonces/SVAIP/10017309/SVAIPP10017309F4.wav\""/></prompt></play></request></MediaServerControl>"", ""call_flow_type"" : ""EARLY_MEDIA_AND_RELEASE"", ""header_list"" : []}"
31710,SVAIPP10017425F4,"{""id"" : 31710, ""name"" : ""SVAIPP10017425F4"", ""vpn_id"" : 10017425, ""technical_type"" : ""PERSONALIZED_GREETING"", ""max_duration"" : null, ""release_cause"" : 21, ""network_sip_code"" : 603, ""mscml_user_part"" : ""0943101510017425"", ""mscml_body_content"" : ""<?xml version=\""1.0\"" encoding=\""utf-8\""?><MediaServerControl version=\""1.0\""><request><play><prompt repeat=\""2\""><audio url=\""http://prod-serveur-oms-ip.vente.francetelecom.fr:8080/annonces/SVAIP/silence.wav\""/><audio url=\""http://prod-serveur-oms-ip.vente.francetelecom.fr:8080/annonces/SVAIP/10017425/SVAIPP10017425F4.wav\""/></prompt></play></request></MediaServerControl>"", ""call_flow_type"" : ""EARLY_MEDIA_AND_RELEASE"", ""header_list"" : []}"
35681,SVAIPAA100039634,"{""id"" : 35681, ""name"" : ""SVAIPAA100039634"", ""vpn_id"" : 10003963, ""technical_type"" : ""PERSONALIZED_MGIT"", ""max_duration"" : null, ""release_cause"" : 0, ""network_sip_code"" : 0, ""mscml_user_part"" : ""0943101110003963"", ""mscml_body_content"" : ""<?xml version=\""1.0\"" encoding=\""utf-8\""?><MediaServerControl version=\""1.0\""><request><play><prompt><audio url=\""http://prod-serveur-oms-ip.vente.francetelecom.fr:8080/annonces/SVAIP/silence.wav\""/><audio url=\""http://prod-serveur-oms-ip.vente.francetelecom.fr:8080/annonces/SVAIP/10003963/SVAIPAA100039634.wav\""/></prompt></play></request></MediaServerControl>"", ""call_flow_type"" : ""EARLY_MEDIA_AND_RELEASE"", ""header_list"" : []}"
32262,SVAIPP10016325F13,"{""id"" : 32262, ""name"" : ""SVAIPP10016325F13"", ""vpn_id"" : 10016325, ""technical_type"" : ""PERSONALIZED_GREETING"", ""max_duration"" : null, ""release_cause"" : 21, ""network_sip_code"" : 603, ""mscml_user_part"" : ""0943101510016325"", ""mscml_body_content"" : ""<?xml version=\""1.0\"" encoding=\""utf-8\""?><MediaServerControl version=\""1.0\""><request><play><prompt repeat=\""2\""><audio url=\""http://prod-serveur-oms-ip.vente.francetelecom.fr:8080/annonces/SVAIP/silence.wav\""/><audio url=\""http://prod-serveur-oms-ip.vente.francetelecom.fr:8080/annonces/SVAIP/10016325/SVAIPP10016325F13.wav\""/></prompt></play></request></MediaServerControl>"", ""call_flow_type"" : ""EARLY_MEDIA_AND_RELEASE"", ""header_list"" : []}"
35487,SVAIPAA100037286,"{""id"" : 35487, ""name"" : ""SVAIPAA100037286"", ""vpn_id"" : 10003728, ""technical_type"" : ""PERSONALIZED_MGIT"", ""max_duration"" : null, ""release_cause"" : 0, ""network_sip_code"" : 0, ""mscml_user_part"" : ""0943101110003728"", ""mscml_body_content"" : ""<?xml version=\""1.0\"" encoding=\""utf-8\""?><MediaServerControl version=\""1.0\""><request><play><prompt><audio url=\""http://prod-serveur-oms-ip.vente.francetelecom.fr:8080/annonces/SVAIP/silence.wav\""/><audio url=\""http://prod-serveur-oms-ip.vente.francetelecom.fr:8080/annonces/SVAIP/10003728/SVAIPAA100037286.wav\""/></prompt></play></request></MediaServerControl>"", ""call_flow_type"" : ""EARLY_MEDIA_AND_RELEASE"", ""header_list"" : []}"
32283,SVAIPP10017331F5,"{""id"" : 32283, ""name"" : ""SVAIPP10017331F5"", ""vpn_id"" : 10017331, ""technical_type"" : ""PERSONALIZED_GREETING"", ""max_duration"" : null, ""release_cause"" : 21, ""network_sip_code"" : 603, ""mscml_user_part"" : ""0943101510017331"", ""mscml_body_content"" : ""<?xml version=\""1.0\"" encoding=\""utf-8\""?><MediaServerControl version=\""1.0\""><request><play><prompt repeat=\""2\""><audio url=\""http://prod-serveur-oms-ip.vente.francetelecom.fr:8080/annonces/SVAIP/silence.wav\""/><audio url=\""http://prod-serveur-oms-ip.vente.francetelecom.fr:8080/annonces/SVAIP/10017331/SVAIPP10017331F5.wav\""/></prompt></play></request></MediaServerControl>"", ""call_flow_type"" : ""EARLY_MEDIA_AND_RELEASE"", ""header_list"" : []}"
32641,SVAIPP10002257F1,"{""id"" : 32641, ""name"" : ""SVAIPP10002257F1"", ""vpn_id"" : 10002257, ""technical_type"" : ""PERSONALIZED_GREETING"", ""max_duration"" : null, ""release_cause"" : 21, ""network_sip_code"" : 603, ""mscml_user_part"" : ""0943101510002257"", ""mscml_body_content"" : ""<?xml version=\""1.0\"" encoding=\""utf-8\""?><MediaServerControl version=\""1.0\""><request><play><prompt repeat=\""2\""><audio url=\""http://prod-serveur-oms-ip.vente.francetelecom.fr:8080/annonces/SVAIP/silence.wav\""/><audio url=\""http://prod-serveur-oms-ip.vente.francetelecom.fr:8080/annonces/SVAIP/10002257/SVAIPP10002257F1.wav\""/></prompt></play></request></MediaServerControl>"", ""call_flow_type"" : ""EARLY_MEDIA_AND_RELEASE"", ""header_list"" : []}"
30101,SVAIPP10004716F1,"{""id"" : 30101, ""name"" : ""SVAIPP10004716F1"", ""vpn_id"" : 10004716, ""technical_type"" : ""PERSONALIZED_GREETING"", ""max_duration"" : null, ""release_cause"" : 21, ""network_sip_code"" : 603, ""mscml_user_part"" : ""0943101510004716"", ""mscml_body_content"" : ""<?xml version=\""1.0\"" encoding=\""utf-8\""?><MediaServerControl version=\""1.0\""><request><play><prompt repeat=\""2\""><audio url=\""http://prod-serveur-oms-ip.vente.francetelecom.fr:8080/annonces/SVAIP/silence.wav\""/><audio url=\""http://prod-serveur-oms-ip.vente.francetelecom.fr:8080/annonces/SVAIP/10004716/SVAIPP10004716F1.wav\""/></prompt></play></request></MediaServerControl>"", ""call_flow_type"" : ""EARLY_MEDIA_AND_RELEASE"", ""header_list"" : []}"
29602,SVAIPP10016530F1,"{""id"" : 29602, ""name"" : ""SVAIPP10016530F1"", ""vpn_id"" : 10016530, ""technical_type"" : ""PERSONALIZED_GREETING"", ""max_duration"" : null, ""release_cause"" : 21, ""network_sip_code"" : 603, ""mscml_user_part"" : ""0943101510016530"", ""mscml_body_content"" : ""<?xml version=\""1.0\"" encoding=\""utf-8\""?><MediaServerControl version=\""1.0\""><request><play><prompt repeat=\""2\""><audio url=\""http://prod-serveur-oms-ip.vente.francetelecom.fr:8080/annonces/SVAIP/silence.wav\""/><audio url=\""http://prod-serveur-oms-ip.vente.francetelecom.fr:8080/annonces/SVAIP/10016530/SVAIPP10016530F1.wav\""/></prompt></play></request></MediaServerControl>"", ""call_flow_type"" : ""EARLY_MEDIA_AND_RELEASE"", ""header_list"" : []}"
33568,SVAIPP10003728A008P94,"{""id"" : 33568, ""name"" : ""SVAIPP10003728A008P94"", ""vpn_id"" : 10003728, ""technical_type"" : ""PERSONALIZED_MGIT"", ""max_duration"" : null, ""release_cause"" : 0, ""network_sip_code"" : 0, ""mscml_user_part"" : ""0943101110003728"", ""mscml_body_content"" : ""<?xml version=\""1.0\"" encoding=\""utf-8\""?><MediaServerControl version=\""1.0\""><request><play><prompt><audio url=\""http://prod-serveur-oms-ip.vente.francetelecom.fr:8080/annonces/SVAIP/silence.wav\""/><audio url=\""http://prod-serveur-oms-ip.vente.francetelecom.fr:8080/annonces/SVAIP/10003728/SVAIPP10003728F95.wav\""/></prompt></play></request></MediaServerControl>"", ""call_flow_type"" : ""EARLY_MEDIA_AND_RELEASE"", ""header_list"" : []}"
30282,SVAIPP10009060F1,"{""id"" : 30282, ""name"" : ""SVAIPP10009060F1"", ""vpn_id"" : 10009060, ""technical_type"" : ""PERSONALIZED_GREETING"", ""max_duration"" : null, ""release_cause"" : 21, ""network_sip_code"" : 603, ""mscml_user_part"" : ""0943101510009060"", ""mscml_body_content"" : ""<?xml version=\""1.0\"" encoding=\""utf-8\""?><MediaServerControl version=\""1.0\""><request><play><prompt repeat=\""2\""><audio url=\""http://prod-serveur-oms-ip.vente.francetelecom.fr:8080/annonces/SVAIP/silence.wav\""/><audio url=\""http://prod-serveur-oms-ip.vente.francetelecom.fr:8080/annonces/SVAIP/10009060/SVAIPP10009060F1.wav\""/></prompt></play></request></MediaServerControl>"", ""call_flow_type"" : ""EARLY_MEDIA_AND_RELEASE"", ""header_list"" : []}"
32304,SVAIPP10008187F2,"{""id"" : 32304, ""name"" : ""SVAIPP10008187F2"", ""vpn_id"" : 10008187, ""technical_type"" : ""PERSONALIZED_GREETING"", ""max_duration"" : null, ""release_cause"" : 21, ""network_sip_code"" : 603, ""mscml_user_part"" : ""0943101510008187"", ""mscml_body_content"" : ""<?xml version=\""1.0\"" encoding=\""utf-8\""?><MediaServerControl version=\""1.0\""><request><play><prompt repeat=\""2\""><audio url=\""http://prod-serveur-oms-ip.vente.francetelecom.fr:8080/annonces/SVAIP/silence.wav\""/><audio url=\""http://prod-serveur-oms-ip.vente.francetelecom.fr:8080/annonces/SVAIP/10008187/SVAIPP10008187F2.wav\""/></prompt></play></request></MediaServerControl>"", ""call_flow_type"" : ""EARLY_MEDIA_AND_RELEASE"", ""header_list"" : []}"
35701,SVAIPAA100071081,"{""id"" : 35701, ""name"" : ""SVAIPAA100071081"", ""vpn_id"" : 10007108, ""technical_type"" : ""PERSONALIZED_MGIT"", ""max_duration"" : null, ""release_cause"" : 0, ""network_sip_code"" : 0, ""mscml_user_part"" : ""0943101110007108"", ""mscml_body_content"" : ""<?xml version=\""1.0\"" encoding=\""utf-8\""?><MediaServerControl version=\""1.0\""><request><play><prompt><audio url=\""http://prod-serveur-oms-ip.vente.francetelecom.fr:8080/annonces/SVAIP/silence.wav\""/><audio url=\""http://prod-serveur-oms-ip.vente.francetelecom.fr:8080/annonces/SVAIP/10007108/SVAIPAA100071081.wav\""/></prompt></play></request></MediaServerControl>"", ""call_flow_type"" : ""EARLY_MEDIA_AND_RELEASE"", ""header_list"" : []}"
29822,SVAIPP10006075F5,"{""id"" : 29822, ""name"" : ""SVAIPP10006075F5"", ""vpn_id"" : 10006075, ""technical_type"" : ""PERSONALIZED_GREETING"", ""max_duration"" : null, ""release_cause"" : 21, ""network_sip_code"" : 603, ""mscml_user_part"" : ""0943101510006075"", ""mscml_body_content"" : ""<?xml version=\""1.0\"" encoding=\""utf-8\""?><MediaServerControl version=\""1.0\""><request><play><prompt repeat=\""2\""><audio url=\""http://prod-serveur-oms-ip.vente.francetelecom.fr:8080/annonces/SVAIP/silence.wav\""/><audio url=\""http://prod-serveur-oms-ip.vente.francetelecom.fr:8080/annonces/SVAIP/10006075/SVAIPP10006075F5.wav\""/></prompt></play></request></MediaServerControl>"", ""call_flow_type"" : ""EARLY_MEDIA_AND_RELEASE"", ""header_list"" : []}"
29843,SVAIPP10014852F8,"{""id"" : 29843, ""name"" : ""SVAIPP10014852F8"", ""vpn_id"" : 10014852, ""technical_type"" : ""PERSONALIZED_GREETING"", ""max_duration"" : null, ""release_cause"" : 21, ""network_sip_code"" : 603, ""mscml_user_part"" : ""0943101510014852"", ""mscml_body_content"" : ""<?xml version=\""1.0\"" encoding=\""utf-8\""?><MediaServerControl version=\""1.0\""><request><play><prompt repeat=\""2\""><audio url=\""http://prod-serveur-oms-ip.vente.francetelecom.fr:8080/annonces/SVAIP/silence.wav\""/><audio url=\""http://prod-serveur-oms-ip.vente.francetelecom.fr:8080/annonces/SVAIP/10014852/SVAIPP10014852F8.wav\""/></prompt></play></request></MediaServerControl>"", ""call_flow_type"" : ""EARLY_MEDIA_AND_RELEASE"", ""header_list"" : []}"
30123,SVAIPP10014852F10,"{""id"" : 30123, ""name"" : ""SVAIPP10014852F10"", ""vpn_id"" : 10014852, ""technical_type"" : ""PERSONALIZED_GREETING"", ""max_duration"" : null, ""release_cause"" : 21, ""network_sip_code"" : 603, ""mscml_user_part"" : ""0943101510014852"", ""mscml_body_content"" : ""<?xml version=\""1.0\"" encoding=\""utf-8\""?><MediaServerControl version=\""1.0\""><request><play><prompt repeat=\""2\""><audio url=\""http://prod-serveur-oms-ip.vente.francetelecom.fr:8080/annonces/SVAIP/silence.wav\""/><audio url=\""http://prod-serveur-oms-ip.vente.francetelecom.fr:8080/annonces/SVAIP/10014852/SVAIPP10014852F10.wav\""/></prompt></play></request></MediaServerControl>"", ""call_flow_type"" : ""EARLY_MEDIA_AND_RELEASE"", ""header_list"" : []}"
30301,SVAIPP10003728F60,"{""id"" : 30301, ""name"" : ""SVAIPP10003728F60"", ""vpn_id"" : 10003728, ""technical_type"" : ""PERSONALIZED_GREETING"", ""max_duration"" : null, ""release_cause"" : 21, ""network_sip_code"" : 603, ""mscml_user_part"" : ""0943101510003728"", ""mscml_body_content"" : ""<?xml version=\""1.0\"" encoding=\""utf-8\""?><MediaServerControl version=\""1.0\""><request><play><prompt repeat=\""2\""><audio url=\""http://prod-serveur-oms-ip.vente.francetelecom.fr:8080/annonces/SVAIP/silence.wav\""/><audio url=\""http://prod-serveur-oms-ip.vente.francetelecom.fr:8080/annonces/SVAIP/10003728/SVAIPP10003728F60.wav\""/></prompt></play></request></MediaServerControl>"", ""call_flow_type"" : ""EARLY_MEDIA_AND_RELEASE"", ""header_list"" : []}"
31162,SVAIPP10010188F3,"{""id"" : 31162, ""name"" : ""SVAIPP10010188F3"", ""vpn_id"" : 10010188, ""technical_type"" : ""PERSONALIZED_GREETING"", ""max_duration"" : null, ""release_cause"" : 21, ""network_sip_code"" : 603, ""mscml_user_part"" : ""0943101510010188"", ""mscml_body_content"" : ""<?xml version=\""1.0\"" encoding=\""utf-8\""?><MediaServerControl version=\""1.0\""><request><play><prompt repeat=\""2\""><audio url=\""http://prod-serveur-oms-ip.vente.francetelecom.fr:8080/annonces/SVAIP/silence.wav\""/><audio url=\""http://prod-serveur-oms-ip.vente.francetelecom.fr:8080/annonces/SVAIP/10010188/SVAIPP10010188F3.wav\""/></prompt></play></request></MediaServerControl>"", ""call_flow_type"" : ""EARLY_MEDIA_AND_RELEASE"", ""header_list"" : []}"
32307,SVAIPP10008187F5,"{""id"" : 32307, ""name"" : ""SVAIPP10008187F5"", ""vpn_id"" : 10008187, ""technical_type"" : ""PERSONALIZED_GREETING"", ""max_duration"" : null, ""release_cause"" : 21, ""network_sip_code"" : 603, ""mscml_user_part"" : ""0943101510008187"", ""mscml_body_content"" : ""<?xml version=\""1.0\"" encoding=\""utf-8\""?><MediaServerControl version=\""1.0\""><request><play><prompt repeat=\""2\""><audio url=\""http://prod-serveur-oms-ip.vente.francetelecom.fr:8080/annonces/SVAIP/silence.wav\""/><audio url=\""http://prod-serveur-oms-ip.vente.francetelecom.fr:8080/annonces/SVAIP/10008187/SVAIPP10008187F5.wav\""/></prompt></play></request></MediaServerControl>"", ""call_flow_type"" : ""EARLY_MEDIA_AND_RELEASE"", ""header_list"" : []}"
32401,SVAIPP10017632F1,"{""id"" : 32401, ""name"" : ""SVAIPP10017632F1"", ""vpn_id"" : 10017632, ""technical_type"" : ""PERSONALIZED_GREETING"", ""max_duration"" : null, ""release_cause"" : 21, ""network_sip_code"" : 603, ""mscml_user_part"" : ""0943101510017632"", ""mscml_body_content"" : ""<?xml version=\""1.0\"" encoding=\""utf-8\""?><MediaServerControl version=\""1.0\""><request><play><prompt repeat=\""2\""><audio url=\""http://prod-serveur-oms-ip.vente.francetelecom.fr:8080/annonces/SVAIP/silence.wav\""/><audio url=\""http://prod-serveur-oms-ip.vente.francetelecom.fr:8080/annonces/SVAIP/10017632/SVAIPP10017632F1.wav\""/></prompt></play></request></MediaServerControl>"", ""call_flow_type"" : ""EARLY_MEDIA_AND_RELEASE"", ""header_list"" : []}"
30303,SVAIPP10003728F62,"{""id"" : 30303, ""name"" : ""SVAIPP10003728F62"", ""vpn_id"" : 10003728, ""technical_type"" : ""PERSONALIZED_GREETING"", ""max_duration"" : null, ""release_cause"" : 21, ""network_sip_code"" : 603, ""mscml_user_part"" : ""0943101510003728"", ""mscml_body_content"" : ""<?xml version=\""1.0\"" encoding=\""utf-8\""?><MediaServerControl version=\""1.0\""><request><play><prompt repeat=\""2\""><audio url=\""http://prod-serveur-oms-ip.vente.francetelecom.fr:8080/annonces/SVAIP/silence.wav\""/><audio url=\""http://prod-serveur-oms-ip.vente.francetelecom.fr:8080/annonces/SVAIP/10003728/SVAIPP10003728F62.wav\""/></prompt></play></request></MediaServerControl>"", ""call_flow_type"" : ""EARLY_MEDIA_AND_RELEASE"", ""header_list"" : []}"
29943,SVAIPP10010153D040P8,"{""id"" : 29943, ""name"" : ""SVAIPP10010153D040P8"", ""vpn_id"" : 10010153, ""technical_type"" : ""PERSONALIZED_MGIT"", ""max_duration"" : null, ""release_cause"" : 0, ""network_sip_code"" : 0, ""mscml_user_part"" : ""0943101110010153"", ""mscml_body_content"" : ""<?xml version=\""1.0\"" encoding=\""utf-8\""?><MediaServerControl version=\""1.0\""><request><playcollect maxdigits=\""1\"" barge=\""yes\"" extradigittimer=\""immediate\"" firstdigittimer=\""immediate\""><prompt><audio url=\""http://prod-serveur-oms-ip.vente.francetelecom.fr:8080/annonces/SVAIP/silence.wav\""/><audio url=\""http://prod-serveur-oms-ip.vente.francetelecom.fr:8080/annonces/SVAIP/10010153/SVAIPP10010153D040P8.wav\""/></prompt></playcollect></request></MediaServerControl>"", ""call_flow_type"" : ""EARLY_MEDIA_AND_RELEASE"", ""header_list"" : []}"
30142,SVAIPP10017988F1,"{""id"" : 30142, ""name"" : ""SVAIPP10017988F1"", ""vpn_id"" : 10017988, ""technical_type"" : ""PERSONALIZED_GREETING"", ""max_duration"" : null, ""release_cause"" : 21, ""network_sip_code"" : 603, ""mscml_user_part"" : ""0943101510017988"", ""mscml_body_content"" : ""<?xml version=\""1.0\"" encoding=\""utf-8\""?><MediaServerControl version=\""1.0\""><request><play><prompt repeat=\""2\""><audio url=\""http://prod-serveur-oms-ip.vente.francetelecom.fr:8080/annonces/SVAIP/silence.wav\""/><audio url=\""http://prod-serveur-oms-ip.vente.francetelecom.fr:8080/annonces/SVAIP/10017988/SVAIPP10017988F1.wav\""/></prompt></play></request></MediaServerControl>"", ""call_flow_type"" : ""EARLY_MEDIA_AND_RELEASE"", ""header_list"" : []}"
30163,SVAIPP10016264F3,"{""id"" : 30163, ""name"" : ""SVAIPP10016264F3"", ""vpn_id"" : 10016264, ""technical_type"" : ""PERSONALIZED_GREETING"", ""max_duration"" : null, ""release_cause"" : 21, ""network_sip_code"" : 603, ""mscml_user_part"" : ""0943101510016264"", ""mscml_body_content"" : ""<?xml version=\""1.0\"" encoding=\""utf-8\""?><MediaServerControl version=\""1.0\""><request><play><prompt repeat=\""2\""><audio url=\""http://prod-serveur-oms-ip.vente.francetelecom.fr:8080/annonces/SVAIP/silence.wav\""/><audio url=\""http://prod-serveur-oms-ip.vente.francetelecom.fr:8080/annonces/SVAIP/10016264/SVAIPP10016264F3.wav\""/></prompt></play></request></MediaServerControl>"", ""call_flow_type"" : ""EARLY_MEDIA_AND_RELEASE"", ""header_list"" : []}"
31521,SVAIPP10008653F3,"{""id"" : 31521, ""name"" : ""SVAIPP10008653F3"", ""vpn_id"" : 10008653, ""technical_type"" : ""PERSONALIZED_GREETING"", ""max_duration"" : null, ""release_cause"" : 21, ""network_sip_code"" : 603, ""mscml_user_part"" : ""0943101510008653"", ""mscml_body_content"" : ""<?xml version=\""1.0\"" encoding=\""utf-8\""?><MediaServerControl version=\""1.0\""><request><play><prompt repeat=\""2\""><audio url=\""http://prod-serveur-oms-ip.vente.francetelecom.fr:8080/annonces/SVAIP/silence.wav\""/><audio url=\""http://prod-serveur-oms-ip.vente.francetelecom.fr:8080/annonces/SVAIP/10008653/SVAIPP10008653F3.wav\""/></prompt></play></request></MediaServerControl>"", ""call_flow_type"" : ""EARLY_MEDIA_AND_RELEASE"", ""header_list"" : []}"
31711,SVAIPP10017425F5,"{""id"" : 31711, ""name"" : ""SVAIPP10017425F5"", ""vpn_id"" : 10017425, ""technical_type"" : ""PERSONALIZED_GREETING"", ""max_duration"" : null, ""release_cause"" : 21, ""network_sip_code"" : 603, ""mscml_user_part"" : ""0943101510017425"", ""mscml_body_content"" : ""<?xml version=\""1.0\"" encoding=\""utf-8\""?><MediaServerControl version=\""1.0\""><request><play><prompt repeat=\""2\""><audio url=\""http://prod-serveur-oms-ip.vente.francetelecom.fr:8080/annonces/SVAIP/silence.wav\""/><audio url=\""http://prod-serveur-oms-ip.vente.francetelecom.fr:8080/annonces/SVAIP/10017425/SVAIPP10017425F5.wav\""/></prompt></play></request></MediaServerControl>"", ""call_flow_type"" : ""EARLY_MEDIA_AND_RELEASE"", ""header_list"" : []}"
32502,SVAIPP10016164F1,"{""id"" : 32502, ""name"" : ""SVAIPP10016164F1"", ""vpn_id"" : 10016164, ""technical_type"" : ""PERSONALIZED_GREETING"", ""max_duration"" : null, ""release_cause"" : 21, ""network_sip_code"" : 603, ""mscml_user_part"" : ""0943101510016164"", ""mscml_body_content"" : ""<?xml version=\""1.0\"" encoding=\""utf-8\""?><MediaServerControl version=\""1.0\""><request><play><prompt repeat=\""2\""><audio url=\""http://prod-serveur-oms-ip.vente.francetelecom.fr:8080/annonces/SVAIP/silence.wav\""/><audio url=\""http://prod-serveur-oms-ip.vente.francetelecom.fr:8080/annonces/SVAIP/10016164/SVAIPP10016164F1.wav\""/></prompt></play></request></MediaServerControl>"", ""call_flow_type"" : ""EARLY_MEDIA_AND_RELEASE"", ""header_list"" : []}"
32441,SAVIPAR10003728001,"{""id"" : 32441, ""name"" : ""SAVIPAR10003728001"", ""vpn_id"" : 10003728, ""technical_type"" : ""RINGBACK_TONE"", ""max_duration"" : 180000, ""release_cause"" : 0, ""network_sip_code"" : 0, ""mscml_user_part"" : ""09431012"", ""mscml_body_content"" : ""<?xml version=\""1.0\"" encoding=\""utf-8\""?><MediaServerControl version=\""1.0\""><request><play><prompt repeat=\""infinite\""><audio url=\""http://prod-serveur-oms-ip.vente.francetelecom.fr:8080/annonces/SVAIP/silence.wav\""/><audio url=\""http://prod-serveur-oms-ip.vente.francetelecom.fr:8080/annonces/SVAIP/10003728/SVAIPP10003728F70.wav\""/></prompt></play></request></MediaServerControl>"", ""call_flow_type"" : ""EARLY_MEDIA_AND_RELEASE"", ""header_list"" : []}"
29584,SVAIPP10005919F6,"{""id"" : 29584, ""name"" : ""SVAIPP10005919F6"", ""vpn_id"" : 10005919, ""technical_type"" : ""PERSONALIZED_GREETING"", ""max_duration"" : null, ""release_cause"" : 21, ""network_sip_code"" : 603, ""mscml_user_part"" : ""0943101510005919"", ""mscml_body_content"" : ""<?xml version=\""1.0\"" encoding=\""utf-8\""?><MediaServerControl version=\""1.0\""><request><play><prompt repeat=\""2\""><audio url=\""http://prod-serveur-oms-ip.vente.francetelecom.fr:8080/annonces/SVAIP/silence.wav\""/><audio url=\""http://prod-serveur-oms-ip.vente.francetelecom.fr:8080/annonces/SVAIP/10005919/SVAIPP10005919F6.wav\""/></prompt></play></request></MediaServerControl>"", ""call_flow_type"" : ""EARLY_MEDIA_AND_RELEASE"", ""header_list"" : []}"
29547,SVAIPP10008932F1,"{""id"" : 29547, ""name"" : ""SVAIPP10008932F1"", ""vpn_id"" : 10008932, ""technical_type"" : ""PERSONALIZED_GREETING"", ""max_duration"" : null, ""release_cause"" : 21, ""network_sip_code"" : 603, ""mscml_user_part"" : ""0943101510008932"", ""mscml_body_content"" : ""<?xml version=\""1.0\"" encoding=\""utf-8\""?><MediaServerControl version=\""1.0\""><request><play><prompt repeat=\""2\""><audio url=\""http://prod-serveur-oms-ip.vente.francetelecom.fr:8080/annonces/SVAIP/silence.wav\""/><audio url=\""http://prod-serveur-oms-ip.vente.francetelecom.fr:8080/annonces/SVAIP/10008932/SVAIPP10008932F1.wav\""/></prompt></play></request></MediaServerControl>"", ""call_flow_type"" : ""EARLY_MEDIA_AND_RELEASE"", ""header_list"" : []}"
35488,SVAIPP10010188F9,"{""id"" : 35488, ""name"" : ""SVAIPP10010188F9"", ""vpn_id"" : 10010188, ""technical_type"" : ""PERSONALIZED_GREETING"", ""max_duration"" : null, ""release_cause"" : 21, ""network_sip_code"" : 603, ""mscml_user_part"" : ""0943101510010188"", ""mscml_body_content"" : ""<?xml version=\""1.0\"" encoding=\""utf-8\""?><MediaServerControl version=\""1.0\""><request><play><prompt repeat=\""2\""><audio url=\""http://prod-serveur-oms-ip.vente.francetelecom.fr:8080/annonces/SVAIP/silence.wav\""/><audio url=\""http://prod-serveur-oms-ip.vente.francetelecom.fr:8080/annonces/SVAIP/10010188/SVAIPP10010188F9.wav\""/></prompt></play></request></MediaServerControl>"", ""call_flow_type"" : ""EARLY_MEDIA_AND_RELEASE"", ""header_list"" : []}"
29603,SVAIPP10016146F2,"{""id"" : 29603, ""name"" : ""SVAIPP10016146F2"", ""vpn_id"" : 10016146, ""technical_type"" : ""PERSONALIZED_GREETING"", ""max_duration"" : null, ""release_cause"" : 21, ""network_sip_code"" : 603, ""mscml_user_part"" : ""0943101510016146"", ""mscml_body_content"" : ""<?xml version=\""1.0\"" encoding=\""utf-8\""?><MediaServerControl version=\""1.0\""><request><play><prompt repeat=\""2\""><audio url=\""http://prod-serveur-oms-ip.vente.francetelecom.fr:8080/annonces/SVAIP/silence.wav\""/><audio url=\""http://prod-serveur-oms-ip.vente.francetelecom.fr:8080/annonces/SVAIP/10016146/SVAIPP10016146F2.wav\""/></prompt></play></request></MediaServerControl>"", ""call_flow_type"" : ""EARLY_MEDIA_AND_RELEASE"", ""header_list"" : []}"
30164,SVAIPP10006778D006P1,"{""id"" : 30164, ""name"" : ""SVAIPP10006778D006P1"", ""vpn_id"" : 10006778, ""technical_type"" : ""PERSONALIZED_MGIT"", ""max_duration"" : null, ""release_cause"" : 0, ""network_sip_code"" : 0, ""mscml_user_part"" : ""0943101110006778"", ""mscml_body_content"" : ""<?xml version=\""1.0\"" encoding=\""utf-8\""?><MediaServerControl version=\""1.0\""><request><playcollect maxdigits=\""1\"" barge=\""yes\"" extradigittimer=\""immediate\"" firstdigittimer=\""immediate\""><prompt><audio url=\""http://prod-serveur-oms-ip.vente.francetelecom.fr:8080/annonces/SVAIP/silence.wav\""/><audio url=\""http://prod-serveur-oms-ip.vente.francetelecom.fr:8080/annonces/SVAIP/10006778/SVAIPP10006778D006P1.wav\""/></prompt></playcollect></request></MediaServerControl>"", ""call_flow_type"" : ""EARLY_MEDIA_AND_RELEASE"", ""header_list"" : []}"
31715,SVAIPP10017425F9,"{""id"" : 31715, ""name"" : ""SVAIPP10017425F9"", ""vpn_id"" : 10017425, ""technical_type"" : ""PERSONALIZED_GREETING"", ""max_duration"" : null, ""release_cause"" : 21, ""network_sip_code"" : 603, ""mscml_user_part"" : ""0943101510017425"", ""mscml_body_content"" : ""<?xml version=\""1.0\"" encoding=\""utf-8\""?><MediaServerControl version=\""1.0\""><request><play><prompt repeat=\""2\""><audio url=\""http://prod-serveur-oms-ip.vente.francetelecom.fr:8080/annonces/SVAIP/silence.wav\""/><audio url=\""http://prod-serveur-oms-ip.vente.francetelecom.fr:8080/annonces/SVAIP/10017425/SVAIPP10017425F9.wav\""/></prompt></play></request></MediaServerControl>"", ""call_flow_type"" : ""EARLY_MEDIA_AND_RELEASE"", ""header_list"" : []}"
31721,SVAIPP10012953F1,"{""id"" : 31721, ""name"" : ""SVAIPP10012953F1"", ""vpn_id"" : 10012953, ""technical_type"" : ""PERSONALIZED_GREETING"", ""max_duration"" : null, ""release_cause"" : 21, ""network_sip_code"" : 603, ""mscml_user_part"" : ""0943101510012953"", ""mscml_body_content"" : ""<?xml version=\""1.0\"" encoding=\""utf-8\""?><MediaServerControl version=\""1.0\""><request><play><prompt repeat=\""2\""><audio url=\""http://prod-serveur-oms-ip.vente.francetelecom.fr:8080/annonces/SVAIP/silence.wav\""/><audio url=\""http://prod-serveur-oms-ip.vente.francetelecom.fr:8080/annonces/SVAIP/10012953/SVAIPP10012953F1.wav\""/></prompt></play></request></MediaServerControl>"", ""call_flow_type"" : ""EARLY_MEDIA_AND_RELEASE"", ""header_list"" : []}"
32601,SVAIPP10005140F3,"{""id"" : 32601, ""name"" : ""SVAIPP10005140F3"", ""vpn_id"" : 10005140, ""technical_type"" : ""PERSONALIZED_GREETING"", ""max_duration"" : null, ""release_cause"" : 21, ""network_sip_code"" : 603, ""mscml_user_part"" : ""0943101510005140"", ""mscml_body_content"" : ""<?xml version=\""1.0\"" encoding=\""utf-8\""?><MediaServerControl version=\""1.0\""><request><play><prompt repeat=\""2\""><audio url=\""http://prod-serveur-oms-ip.vente.francetelecom.fr:8080/annonces/SVAIP/silence.wav\""/><audio url=\""http://prod-serveur-oms-ip.vente.francetelecom.fr:8080/annonces/SVAIP/10005140/SVAIPP10005140F3.wav\""/></prompt></play></request></MediaServerControl>"", ""call_flow_type"" : ""EARLY_MEDIA_AND_RELEASE"", ""header_list"" : []}"
32602,SVAIPP10005140F4,"{""id"" : 32602, ""name"" : ""SVAIPP10005140F4"", ""vpn_id"" : 10005140, ""technical_type"" : ""PERSONALIZED_GREETING"", ""max_duration"" : null, ""release_cause"" : 21, ""network_sip_code"" : 603, ""mscml_user_part"" : ""0943101510005140"", ""mscml_body_content"" : ""<?xml version=\""1.0\"" encoding=\""utf-8\""?><MediaServerControl version=\""1.0\""><request><play><prompt repeat=\""2\""><audio url=\""http://prod-serveur-oms-ip.vente.francetelecom.fr:8080/annonces/SVAIP/silence.wav\""/><audio url=\""http://prod-serveur-oms-ip.vente.francetelecom.fr:8080/annonces/SVAIP/10005140/SVAIPP10005140F4.wav\""/></prompt></play></request></MediaServerControl>"", ""call_flow_type"" : ""EARLY_MEDIA_AND_RELEASE"", ""header_list"" : []}"
29981,SVAIPP10017514F1,"{""id"" : 29981, ""name"" : ""SVAIPP10017514F1"", ""vpn_id"" : 10017514, ""technical_type"" : ""PERSONALIZED_GREETING"", ""max_duration"" : null, ""release_cause"" : 21, ""network_sip_code"" : 603, ""mscml_user_part"" : ""0943101510017514"", ""mscml_body_content"" : ""<?xml version=\""1.0\"" encoding=\""utf-8\""?><MediaServerControl version=\""1.0\""><request><play><prompt repeat=\""2\""><audio url=\""http://prod-serveur-oms-ip.vente.francetelecom.fr:8080/annonces/SVAIP/silence.wav\""/><audio url=\""http://prod-serveur-oms-ip.vente.francetelecom.fr:8080/annonces/SVAIP/10017514/SVAIPP10017514F1.wav\""/></prompt></play></request></MediaServerControl>"", ""call_flow_type"" : ""EARLY_MEDIA_AND_RELEASE"", ""header_list"" : []}"
29564,SVAIPSA000R,"{""id"" : 29564, ""name"" : ""SVAIPSA000R"", ""vpn_id"" : null, ""technical_type"" : ""STANDARD_MGIT"", ""max_duration"" : null, ""release_cause"" : 0, ""network_sip_code"" : 0, ""mscml_user_part"" : ""09431010"", ""mscml_body_content"" : ""<?xml version=\""1.0\"" encoding=\""utf-8\""?><MediaServerControl version=\""1.0\""><request><playcollect maxdigits=\""1\"" barge=\""yes\"" extradigittimer=\""immediate\"" firstdigittimer=\""immediate\""><prompt><audio url=\""http://prod-serveur-oms-ip.vente.francetelecom.fr:8080/annonces/SVAIP/silence.wav\""/><audio url=\""http://prod-serveur-oms-ip.vente.francetelecom.fr:8080/annonces/SVAIP/MGIT/SVAIPSA000R.wav\""/></prompt></playcollect></request></MediaServerControl>"", ""call_flow_type"" : ""EARLY_MEDIA_AND_RELEASE"", ""header_list"" : []}"
30185,SVAIPP10009936F2,"{""id"" : 30185, ""name"" : ""SVAIPP10009936F2"", ""vpn_id"" : 10009936, ""technical_type"" : ""PERSONALIZED_GREETING"", ""max_duration"" : null, ""release_cause"" : 21, ""network_sip_code"" : 603, ""mscml_user_part"" : ""0943101510009936"", ""mscml_body_content"" : ""<?xml version=\""1.0\"" encoding=\""utf-8\""?><MediaServerControl version=\""1.0\""><request><play><prompt repeat=\""2\""><audio url=\""http://prod-serveur-oms-ip.vente.francetelecom.fr:8080/annonces/SVAIP/silence.wav\""/><audio url=\""http://prod-serveur-oms-ip.vente.francetelecom.fr:8080/annonces/SVAIP/10009936/SVAIPP10009936F2.wav\""/></prompt></play></request></MediaServerControl>"", ""call_flow_type"" : ""EARLY_MEDIA_AND_RELEASE"", ""header_list"" : []}"
30201,SVAIPP10017071F1,"{""id"" : 30201, ""name"" : ""SVAIPP10017071F1"", ""vpn_id"" : 10017071, ""technical_type"" : ""PERSONALIZED_GREETING"", ""max_duration"" : null, ""release_cause"" : 21, ""network_sip_code"" : 603, ""mscml_user_part"" : ""0943101510017071"", ""mscml_body_content"" : ""<?xml version=\""1.0\"" encoding=\""utf-8\""?><MediaServerControl version=\""1.0\""><request><play><prompt repeat=\""2\""><audio url=\""http://prod-serveur-oms-ip.vente.francetelecom.fr:8080/annonces/SVAIP/silence.wav\""/><audio url=\""http://prod-serveur-oms-ip.vente.francetelecom.fr:8080/annonces/SVAIP/10017071/SVAIPP10017071F1.wav\""/></prompt></play></request></MediaServerControl>"", ""call_flow_type"" : ""EARLY_MEDIA_AND_RELEASE"", ""header_list"" : []}"
29931,SVAIPP10015847F2,"{""id"" : 29931, ""name"" : ""SVAIPP10015847F2"", ""vpn_id"" : 10015847, ""technical_type"" : ""PERSONALIZED_GREETING"", ""max_duration"" : null, ""release_cause"" : 21, ""network_sip_code"" : 603, ""mscml_user_part"" : ""0943101510015847"", ""mscml_body_content"" : ""<?xml version=\""1.0\"" encoding=\""utf-8\""?><MediaServerControl version=\""1.0\""><request><play><prompt repeat=\""2\""><audio url=\""http://prod-serveur-oms-ip.vente.francetelecom.fr:8080/annonces/SVAIP/silence.wav\""/><audio url=\""http://prod-serveur-oms-ip.vente.francetelecom.fr:8080/annonces/SVAIP/10015847/SVAIPP10015847F2.wav\""/></prompt></play></request></MediaServerControl>"", ""call_flow_type"" : ""EARLY_MEDIA_AND_RELEASE"", ""header_list"" : []}"
34641,SVAIPP10008201F2,"{""id"" : 34641, ""name"" : ""SVAIPP10008201F2"", ""vpn_id"" : 10008201, ""technical_type"" : ""PERSONALIZED_GREETING"", ""max_duration"" : null, ""release_cause"" : 21, ""network_sip_code"" : 603, ""mscml_user_part"" : ""0943101510008201"", ""mscml_body_content"" : ""<?xml version=\""1.0\"" encoding=\""utf-8\""?><MediaServerControl version=\""1.0\""><request><play><prompt repeat=\""2\""><audio url=\""http://prod-serveur-oms-ip.vente.francetelecom.fr:8080/annonces/SVAIP/silence.wav\""/><audio url=\""http://prod-serveur-oms-ip.vente.francetelecom.fr:8080/annonces/SVAIP/10008201/SVAIPP10008201F2.wav\""/></prompt></play></request></MediaServerControl>"", ""call_flow_type"" : ""EARLY_MEDIA_AND_RELEASE"", ""header_list"" : []}"
32603,SVAIPP10005140F5,"{""id"" : 32603, ""name"" : ""SVAIPP10005140F5"", ""vpn_id"" : 10005140, ""technical_type"" : ""PERSONALIZED_GREETING"", ""max_duration"" : null, ""release_cause"" : 21, ""network_sip_code"" : 603, ""mscml_user_part"" : ""0943101510005140"", ""mscml_body_content"" : ""<?xml version=\""1.0\"" encoding=\""utf-8\""?><MediaServerControl version=\""1.0\""><request><play><prompt repeat=\""2\""><audio url=\""http://prod-serveur-oms-ip.vente.francetelecom.fr:8080/annonces/SVAIP/silence.wav\""/><audio url=\""http://prod-serveur-oms-ip.vente.francetelecom.fr:8080/annonces/SVAIP/10005140/SVAIPP10005140F5.wav\""/></prompt></play></request></MediaServerControl>"", ""call_flow_type"" : ""EARLY_MEDIA_AND_RELEASE"", ""header_list"" : []}"
33565,SVAIPP10003728D012P91,"{""id"" : 33565, ""name"" : ""SVAIPP10003728D012P91"", ""vpn_id"" : 10003728, ""technical_type"" : ""PERSONALIZED_MGIT"", ""max_duration"" : null, ""release_cause"" : 0, ""network_sip_code"" : 0, ""mscml_user_part"" : ""0943101110003728"", ""mscml_body_content"" : ""<?xml version=\""1.0\"" encoding=\""utf-8\""?><MediaServerControl version=\""1.0\""><request><playcollect maxdigits=\""1\"" barge=\""yes\"" extradigittimer=\""immediate\"" firstdigittimer=\""immediate\""><prompt><audio url=\""http://prod-serveur-oms-ip.vente.francetelecom.fr:8080/annonces/SVAIP/silence.wav\""/><audio url=\""http://prod-serveur-oms-ip.vente.francetelecom.fr:8080/annonces/SVAIP/10003728/SVAIPP10003728D012P91.wav\""/></prompt></playcollect></request></MediaServerControl>"", ""call_flow_type"" : ""EARLY_MEDIA_AND_RELEASE"", ""header_list"" : []}"
29585,SVAIPP10005919F7,"{""id"" : 29585, ""name"" : ""SVAIPP10005919F7"", ""vpn_id"" : 10005919, ""technical_type"" : ""PERSONALIZED_GREETING"", ""max_duration"" : null, ""release_cause"" : 21, ""network_sip_code"" : 603, ""mscml_user_part"" : ""0943101510005919"", ""mscml_body_content"" : ""<?xml version=\""1.0\"" encoding=\""utf-8\""?><MediaServerControl version=\""1.0\""><request><play><prompt repeat=\""2\""><audio url=\""http://prod-serveur-oms-ip.vente.francetelecom.fr:8080/annonces/SVAIP/silence.wav\""/><audio url=\""http://prod-serveur-oms-ip.vente.francetelecom.fr:8080/annonces/SVAIP/10005919/SVAIPP10005919F7.wav\""/></prompt></play></request></MediaServerControl>"", ""call_flow_type"" : ""EARLY_MEDIA_AND_RELEASE"", ""header_list"" : []}"
29641,SVAIPP10014812A020P7,"{""id"" : 29641, ""name"" : ""SVAIPP10014812A020P7"", ""vpn_id"" : 10014812, ""technical_type"" : ""PERSONALIZED_MGIT"", ""max_duration"" : null, ""release_cause"" : 0, ""network_sip_code"" : 0, ""mscml_user_part"" : ""0943101110014812"", ""mscml_body_content"" : ""<?xml version=\""1.0\"" encoding=\""utf-8\""?><MediaServerControl version=\""1.0\""><request><playcollect maxdigits=\""1\"" barge=\""yes\"" extradigittimer=\""immediate\"" firstdigittimer=\""immediate\""><prompt><audio url=\""http://prod-serveur-oms-ip.vente.francetelecom.fr:8080/annonces/SVAIP/silence.wav\""/><audio url=\""http://prod-serveur-oms-ip.vente.francetelecom.fr:8080/annonces/SVAIP/10014812/SVAIPP10014812A020P7.wav\""/></prompt></playcollect></request></MediaServerControl>"", ""call_flow_type"" : ""EARLY_MEDIA_AND_RELEASE"", ""header_list"" : []}"
30221,SVAIPP10017978F1,"{""id"" : 30221, ""name"" : ""SVAIPP10017978F1"", ""vpn_id"" : 10017978, ""technical_type"" : ""PERSONALIZED_GREETING"", ""max_duration"" : null, ""release_cause"" : 21, ""network_sip_code"" : 603, ""mscml_user_part"" : ""0943101510017978"", ""mscml_body_content"" : ""<?xml version=\""1.0\"" encoding=\""utf-8\""?><MediaServerControl version=\""1.0\""><request><play><prompt repeat=\""2\""><audio url=\""http://prod-serveur-oms-ip.vente.francetelecom.fr:8080/annonces/SVAIP/silence.wav\""/><audio url=\""http://prod-serveur-oms-ip.vente.francetelecom.fr:8080/annonces/SVAIP/10017978/SVAIPP10017978F1.wav\""/></prompt></play></request></MediaServerControl>"", ""call_flow_type"" : ""EARLY_MEDIA_AND_RELEASE"", ""header_list"" : []}"
30261,SVAIPP10016314F1,"{""id"" : 30261, ""name"" : ""SVAIPP10016314F1"", ""vpn_id"" : 10016314, ""technical_type"" : ""PERSONALIZED_GREETING"", ""max_duration"" : null, ""release_cause"" : 21, ""network_sip_code"" : 603, ""mscml_user_part"" : ""0943101510016314"", ""mscml_body_content"" : ""<?xml version=\""1.0\"" encoding=\""utf-8\""?><MediaServerControl version=\""1.0\""><request><play><prompt repeat=\""2\""><audio url=\""http://prod-serveur-oms-ip.vente.francetelecom.fr:8080/annonces/SVAIP/silence.wav\""/><audio url=\""http://prod-serveur-oms-ip.vente.francetelecom.fr:8080/annonces/SVAIP/10016314/SVAIPP10016314F1.wav\""/></prompt></play></request></MediaServerControl>"", ""call_flow_type"" : ""EARLY_MEDIA_AND_RELEASE"", ""header_list"" : []}"
31381,SVAIPP10016572F1,"{""id"" : 31381, ""name"" : ""SVAIPP10016572F1"", ""vpn_id"" : 10016572, ""technical_type"" : ""PERSONALIZED_GREETING"", ""max_duration"" : null, ""release_cause"" : 21, ""network_sip_code"" : 603, ""mscml_user_part"" : ""0943101510016572"", ""mscml_body_content"" : ""<?xml version=\""1.0\"" encoding=\""utf-8\""?><MediaServerControl version=\""1.0\""><request><play><prompt repeat=\""2\""><audio url=\""http://prod-serveur-oms-ip.vente.francetelecom.fr:8080/annonces/SVAIP/silence.wav\""/><audio url=\""http://prod-serveur-oms-ip.vente.francetelecom.fr:8080/annonces/SVAIP/10016572/SVAIPP10016572F1.wav\""/></prompt></play></request></MediaServerControl>"", ""call_flow_type"" : ""EARLY_MEDIA_AND_RELEASE"", ""header_list"" : []}"
34721,SVAIPP10016171F3,"{""id"" : 34721, ""name"" : ""SVAIPP10016171F3"", ""vpn_id"" : 10016171, ""technical_type"" : ""PERSONALIZED_GREETING"", ""max_duration"" : null, ""release_cause"" : 21, ""network_sip_code"" : 603, ""mscml_user_part"" : ""0943101510016171"", ""mscml_body_content"" : ""<?xml version=\""1.0\"" encoding=\""utf-8\""?><MediaServerControl version=\""1.0\""><request><play><prompt repeat=\""2\""><audio url=\""http://prod-serveur-oms-ip.vente.francetelecom.fr:8080/annonces/SVAIP/silence.wav\""/><audio url=\""http://prod-serveur-oms-ip.vente.francetelecom.fr:8080/annonces/SVAIP/10016171/SVAIPP10016171F3.wav\""/></prompt></play></request></MediaServerControl>"", ""call_flow_type"" : ""EARLY_MEDIA_AND_RELEASE"", ""header_list"" : []}"
32482,SVAIPP10016628F1,"{""id"" : 32482, ""name"" : ""SVAIPP10016628F1"", ""vpn_id"" : 10016628, ""technical_type"" : ""PERSONALIZED_GREETING"", ""max_duration"" : null, ""release_cause"" : 21, ""network_sip_code"" : 603, ""mscml_user_part"" : ""0943101510016628"", ""mscml_body_content"" : ""<?xml version=\""1.0\"" encoding=\""utf-8\""?><MediaServerControl version=\""1.0\""><request><play><prompt repeat=\""2\""><audio url=\""http://prod-serveur-oms-ip.vente.francetelecom.fr:8080/annonces/SVAIP/silence.wav\""/><audio url=\""http://prod-serveur-oms-ip.vente.francetelecom.fr:8080/annonces/SVAIP/10016628/SVAIPP10016628F1.wav\""/></prompt></play></request></MediaServerControl>"", ""call_flow_type"" : ""EARLY_MEDIA_AND_RELEASE"", ""header_list"" : []}"
34882,SVAIPP10016311F2,"{""id"" : 34882, ""name"" : ""SVAIPP10016311F2"", ""vpn_id"" : 10016311, ""technical_type"" : ""PERSONALIZED_GREETING"", ""max_duration"" : null, ""release_cause"" : 21, ""network_sip_code"" : 603, ""mscml_user_part"" : ""0943101510016311"", ""mscml_body_content"" : ""<?xml version=\""1.0\"" encoding=\""utf-8\""?><MediaServerControl version=\""1.0\""><request><play><prompt repeat=\""2\""><audio url=\""http://prod-serveur-oms-ip.vente.francetelecom.fr:8080/annonces/SVAIP/silence.wav\""/><audio url=\""http://prod-serveur-oms-ip.vente.francetelecom.fr:8080/annonces/SVAIP/10016311/SVAIPP10016311F2.wav\""/></prompt></play></request></MediaServerControl>"", ""call_flow_type"" : ""EARLY_MEDIA_AND_RELEASE"", ""header_list"" : []}"
29703,SVAIPP10005227D012P2,"{""id"" : 29703, ""name"" : ""SVAIPP10005227D012P2"", ""vpn_id"" : 10005227, ""technical_type"" : ""PERSONALIZED_MGIT"", ""max_duration"" : null, ""release_cause"" : 0, ""network_sip_code"" : 0, ""mscml_user_part"" : ""0943101110005227"", ""mscml_body_content"" : ""<?xml version=\""1.0\"" encoding=\""utf-8\""?><MediaServerControl version=\""1.0\""><request><playcollect maxdigits=\""1\"" barge=\""yes\"" extradigittimer=\""immediate\"" firstdigittimer=\""immediate\""><prompt><audio url=\""http://prod-serveur-oms-ip.vente.francetelecom.fr:8080/annonces/SVAIP/silence.wav\""/><audio url=\""http://prod-serveur-oms-ip.vente.francetelecom.fr:8080/annonces/SVAIP/10005227/SVAIPP10005227D012P2.wav\""/></prompt></playcollect></request></MediaServerControl>"", ""call_flow_type"" : ""EARLY_MEDIA_AND_RELEASE"", ""header_list"" : []}"
29766,SVAIPP10014689F2,"{""id"" : 29766, ""name"" : ""SVAIPP10014689F2"", ""vpn_id"" : 10014689, ""technical_type"" : ""PERSONALIZED_GREETING"", ""max_duration"" : null, ""release_cause"" : 21, ""network_sip_code"" : 603, ""mscml_user_part"" : ""0943101510014689"", ""mscml_body_content"" : ""<?xml version=\""1.0\"" encoding=\""utf-8\""?><MediaServerControl version=\""1.0\""><request><play><prompt repeat=\""2\""><audio url=\""http://prod-serveur-oms-ip.vente.francetelecom.fr:8080/annonces/SVAIP/silence.wav\""/><audio url=\""http://prod-serveur-oms-ip.vente.francetelecom.fr:8080/annonces/SVAIP/10014689/SVAIPP10014689F2.wav\""/></prompt></play></request></MediaServerControl>"", ""call_flow_type"" : ""EARLY_MEDIA_AND_RELEASE"", ""header_list"" : []}"
30262,SVAIPP10015826F6,"{""id"" : 30262, ""name"" : ""SVAIPP10015826F6"", ""vpn_id"" : 10015826, ""technical_type"" : ""PERSONALIZED_GREETING"", ""max_duration"" : null, ""release_cause"" : 21, ""network_sip_code"" : 603, ""mscml_user_part"" : ""0943101510015826"", ""mscml_body_content"" : ""<?xml version=\""1.0\"" encoding=\""utf-8\""?><MediaServerControl version=\""1.0\""><request><play><prompt repeat=\""2\""><audio url=\""http://prod-serveur-oms-ip.vente.francetelecom.fr:8080/annonces/SVAIP/silence.wav\""/><audio url=\""http://prod-serveur-oms-ip.vente.francetelecom.fr:8080/annonces/SVAIP/10015826/SVAIPP10015826F6.wav\""/></prompt></play></request></MediaServerControl>"", ""call_flow_type"" : ""EARLY_MEDIA_AND_RELEASE"", ""header_list"" : []}"
31962,SVAIPP10016325F9,"{""id"" : 31962, ""name"" : ""SVAIPP10016325F9"", ""vpn_id"" : 10016325, ""technical_type"" : ""PERSONALIZED_GREETING"", ""max_duration"" : null, ""release_cause"" : 21, ""network_sip_code"" : 603, ""mscml_user_part"" : ""0943101510016325"", ""mscml_body_content"" : ""<?xml version=\""1.0\"" encoding=\""utf-8\""?><MediaServerControl version=\""1.0\""><request><play><prompt repeat=\""2\""><audio url=\""http://prod-serveur-oms-ip.vente.francetelecom.fr:8080/annonces/SVAIP/silence.wav\""/><audio url=\""http://prod-serveur-oms-ip.vente.francetelecom.fr:8080/annonces/SVAIP/10016325/SVAIPP10016325F9.wav\""/></prompt></play></request></MediaServerControl>"", ""call_flow_type"" : ""EARLY_MEDIA_AND_RELEASE"", ""header_list"" : []}"
31705,SVAIPP10017425F1,"{""id"" : 31705, ""name"" : ""SVAIPP10017425F1"", ""vpn_id"" : 10017425, ""technical_type"" : ""PERSONALIZED_GREETING"", ""max_duration"" : null, ""release_cause"" : 21, ""network_sip_code"" : 603, ""mscml_user_part"" : ""0943101510017425"", ""mscml_body_content"" : ""<?xml version=\""1.0\"" encoding=\""utf-8\""?><MediaServerControl version=\""1.0\""><request><play><prompt repeat=\""2\""><audio url=\""http://prod-serveur-oms-ip.vente.francetelecom.fr:8080/annonces/SVAIP/silence.wav\""/><audio url=\""http://prod-serveur-oms-ip.vente.francetelecom.fr:8080/annonces/SVAIP/10017425/SVAIPP10017425F1.wav\""/></prompt></play></request></MediaServerControl>"", ""call_flow_type"" : ""EARLY_MEDIA_AND_RELEASE"", ""header_list"" : []}"
32742,SVAIPP10003012F3,"{""id"" : 32742, ""name"" : ""SVAIPP10003012F3"", ""vpn_id"" : 10003012, ""technical_type"" : ""PERSONALIZED_GREETING"", ""max_duration"" : null, ""release_cause"" : 21, ""network_sip_code"" : 603, ""mscml_user_part"" : ""0943101510003012"", ""mscml_body_content"" : ""<?xml version=\""1.0\"" encoding=\""utf-8\""?><MediaServerControl version=\""1.0\""><request><play><prompt repeat=\""2\""><audio url=\""http://prod-serveur-oms-ip.vente.francetelecom.fr:8080/annonces/SVAIP/silence.wav\""/><audio url=\""http://prod-serveur-oms-ip.vente.francetelecom.fr:8080/annonces/SVAIP/10003012/SVAIPP10003012F3.wav\""/></prompt></play></request></MediaServerControl>"", ""call_flow_type"" : ""EARLY_MEDIA_AND_RELEASE"", ""header_list"" : []}"
32762,SVAIPP10003728F68,"{""id"" : 32762, ""name"" : ""SVAIPP10003728F68"", ""vpn_id"" : 10003728, ""technical_type"" : ""PERSONALIZED_GREETING"", ""max_duration"" : null, ""release_cause"" : 21, ""network_sip_code"" : 603, ""mscml_user_part"" : ""0943101510003728"", ""mscml_body_content"" : ""<?xml version=\""1.0\"" encoding=\""utf-8\""?><MediaServerControl version=\""1.0\""><request><play><prompt repeat=\""2\""><audio url=\""http://prod-serveur-oms-ip.vente.francetelecom.fr:8080/annonces/SVAIP/silence.wav\""/><audio url=\""http://prod-serveur-oms-ip.vente.francetelecom.fr:8080/annonces/SVAIP/10003728/SVAIPP10003728F68.wav\""/></prompt></play></request></MediaServerControl>"", ""call_flow_type"" : ""EARLY_MEDIA_AND_RELEASE"", ""header_list"" : []}"
29768,SVAIPP10005992F2,"{""id"" : 29768, ""name"" : ""SVAIPP10005992F2"", ""vpn_id"" : 10005992, ""technical_type"" : ""PERSONALIZED_GREETING"", ""max_duration"" : null, ""release_cause"" : 21, ""network_sip_code"" : 603, ""mscml_user_part"" : ""0943101510005992"", ""mscml_body_content"" : ""<?xml version=\""1.0\"" encoding=\""utf-8\""?><MediaServerControl version=\""1.0\""><request><play><prompt repeat=\""2\""><audio url=\""http://prod-serveur-oms-ip.vente.francetelecom.fr:8080/annonces/SVAIP/silence.wav\""/><audio url=\""http://prod-serveur-oms-ip.vente.francetelecom.fr:8080/annonces/SVAIP/10005992/SVAIPP10005992F2.wav\""/></prompt></play></request></MediaServerControl>"", ""call_flow_type"" : ""EARLY_MEDIA_AND_RELEASE"", ""header_list"" : []}"
29770,SVAIPP10010083F2,"{""id"" : 29770, ""name"" : ""SVAIPP10010083F2"", ""vpn_id"" : 10010083, ""technical_type"" : ""PERSONALIZED_GREETING"", ""max_duration"" : null, ""release_cause"" : 21, ""network_sip_code"" : 603, ""mscml_user_part"" : ""0943101510010083"", ""mscml_body_content"" : ""<?xml version=\""1.0\"" encoding=\""utf-8\""?><MediaServerControl version=\""1.0\""><request><play><prompt repeat=\""2\""><audio url=\""http://prod-serveur-oms-ip.vente.francetelecom.fr:8080/annonces/SVAIP/silence.wav\""/><audio url=\""http://prod-serveur-oms-ip.vente.francetelecom.fr:8080/annonces/SVAIP/10010083/SVAIPP10010083F2.wav\""/></prompt></play></request></MediaServerControl>"", ""call_flow_type"" : ""EARLY_MEDIA_AND_RELEASE"", ""header_list"" : []}"
30421,SVAIPP10014502F1,"{""id"" : 30421, ""name"" : ""SVAIPP10014502F1"", ""vpn_id"" : 10014502, ""technical_type"" : ""PERSONALIZED_GREETING"", ""max_duration"" : null, ""release_cause"" : 21, ""network_sip_code"" : 603, ""mscml_user_part"" : ""0943101510014502"", ""mscml_body_content"" : ""<?xml version=\""1.0\"" encoding=\""utf-8\""?><MediaServerControl version=\""1.0\""><request><play><prompt repeat=\""2\""><audio url=\""http://prod-serveur-oms-ip.vente.francetelecom.fr:8080/annonces/SVAIP/silence.wav\""/><audio url=\""http://prod-serveur-oms-ip.vente.francetelecom.fr:8080/annonces/SVAIP/10014502/SVAIPP10014502F1.wav\""/></prompt></play></request></MediaServerControl>"", ""call_flow_type"" : ""EARLY_MEDIA_AND_RELEASE"", ""header_list"" : []}"
33167,SVAIPP10017625F2,"{""id"" : 33167, ""name"" : ""SVAIPP10017625F2"", ""vpn_id"" : 10017625, ""technical_type"" : ""PERSONALIZED_GREETING"", ""max_duration"" : null, ""release_cause"" : 21, ""network_sip_code"" : 603, ""mscml_user_part"" : ""0943101510017625"", ""mscml_body_content"" : ""<?xml version=\""1.0\"" encoding=\""utf-8\""?><MediaServerControl version=\""1.0\""><request><play><prompt repeat=\""2\""><audio url=\""http://prod-serveur-oms-ip.vente.francetelecom.fr:8080/annonces/SVAIP/silence.wav\""/><audio url=\""http://prod-serveur-oms-ip.vente.francetelecom.fr:8080/annonces/SVAIP/10017625/SVAIPP10017625F2.wav\""/></prompt></play></request></MediaServerControl>"", ""call_flow_type"" : ""EARLY_MEDIA_AND_RELEASE"", ""header_list"" : []}"
31101,SVAIPP10015714F4,"{""id"" : 31101, ""name"" : ""SVAIPP10015714F4"", ""vpn_id"" : 10015714, ""technical_type"" : ""PERSONALIZED_GREETING"", ""max_duration"" : null, ""release_cause"" : 21, ""network_sip_code"" : 603, ""mscml_user_part"" : ""0943101510015714"", ""mscml_body_content"" : ""<?xml version=\""1.0\"" encoding=\""utf-8\""?><MediaServerControl version=\""1.0\""><request><play><prompt repeat=\""2\""><audio url=\""http://prod-serveur-oms-ip.vente.francetelecom.fr:8080/annonces/SVAIP/silence.wav\""/><audio url=\""http://prod-serveur-oms-ip.vente.francetelecom.fr:8080/annonces/SVAIP/10015714/SVAIPP10015714F4.wav\""/></prompt></play></request></MediaServerControl>"", ""call_flow_type"" : ""EARLY_MEDIA_AND_RELEASE"", ""header_list"" : []}"
32004,SVAIPP10003728D012N66,"{""id"" : 32004, ""name"" : ""SVAIPP10003728D012N66"", ""vpn_id"" : 10003728, ""technical_type"" : ""PERSONALIZED_MGIT"", ""max_duration"" : null, ""release_cause"" : 0, ""network_sip_code"" : 0, ""mscml_user_part"" : ""0943101110003728"", ""mscml_body_content"" : ""<?xml version=\""1.0\"" encoding=\""utf-8\""?><MediaServerControl version=\""1.0\""><request><playcollect maxdigits=\""1\"" barge=\""yes\"" extradigittimer=\""immediate\"" firstdigittimer=\""immediate\""><prompt><audio url=\""http://prod-serveur-oms-ip.vente.francetelecom.fr:8080/annonces/SVAIP/silence.wav\""/><audio url=\""http://prod-serveur-oms-ip.vente.francetelecom.fr:8080/annonces/SVAIP/10003728/SVAIPP10003728D012N66.wav\""/></prompt></playcollect></request></MediaServerControl>"", ""call_flow_type"" : ""EARLY_MEDIA_AND_RELEASE"", ""header_list"" : []}"
32882,SVAIPP10018412F5,"{""id"" : 32882, ""name"" : ""SVAIPP10018412F5"", ""vpn_id"" : 10018412, ""technical_type"" : ""PERSONALIZED_GREETING"", ""max_duration"" : null, ""release_cause"" : 21, ""network_sip_code"" : 603, ""mscml_user_part"" : ""0943101510018412"", ""mscml_body_content"" : ""<?xml version=\""1.0\"" encoding=\""utf-8\""?><MediaServerControl version=\""1.0\""><request><play><prompt repeat=\""2\""><audio url=\""http://prod-serveur-oms-ip.vente.francetelecom.fr:8080/annonces/SVAIP/silence.wav\""/><audio url=\""http://prod-serveur-oms-ip.vente.francetelecom.fr:8080/annonces/SVAIP/10018412/SVAIPP10018412F5.wav\""/></prompt></play></request></MediaServerControl>"", ""call_flow_type"" : ""EARLY_MEDIA_AND_RELEASE"", ""header_list"" : []}"
32885,SVAIPP10003728F72,"{""id"" : 32885, ""name"" : ""SVAIPP10003728F72"", ""vpn_id"" : 10003728, ""technical_type"" : ""PERSONALIZED_GREETING"", ""max_duration"" : null, ""release_cause"" : 21, ""network_sip_code"" : 603, ""mscml_user_part"" : ""0943101510003728"", ""mscml_body_content"" : ""<?xml version=\""1.0\"" encoding=\""utf-8\""?><MediaServerControl version=\""1.0\""><request><play><prompt repeat=\""2\""><audio url=\""http://prod-serveur-oms-ip.vente.francetelecom.fr:8080/annonces/SVAIP/silence.wav\""/><audio url=\""http://prod-serveur-oms-ip.vente.francetelecom.fr:8080/annonces/SVAIP/10003728/SVAIPP10003728F72.wav\""/></prompt></play></request></MediaServerControl>"", ""call_flow_type"" : ""EARLY_MEDIA_AND_RELEASE"", ""header_list"" : []}"
29801,SVAIPP10011720F4,"{""id"" : 29801, ""name"" : ""SVAIPP10011720F4"", ""vpn_id"" : 10011720, ""technical_type"" : ""PERSONALIZED_GREETING"", ""max_duration"" : null, ""release_cause"" : 21, ""network_sip_code"" : 603, ""mscml_user_part"" : ""0943101510011720"", ""mscml_body_content"" : ""<?xml version=\""1.0\"" encoding=\""utf-8\""?><MediaServerControl version=\""1.0\""><request><play><prompt repeat=\""2\""><audio url=\""http://prod-serveur-oms-ip.vente.francetelecom.fr:8080/annonces/SVAIP/silence.wav\""/><audio url=\""http://prod-serveur-oms-ip.vente.francetelecom.fr:8080/annonces/SVAIP/10011720/SVAIPP10011720F4.wav\""/></prompt></play></request></MediaServerControl>"", ""call_flow_type"" : ""EARLY_MEDIA_AND_RELEASE"", ""header_list"" : []}"
29826,SVAIPP10016387A150P2,"{""id"" : 29826, ""name"" : ""SVAIPP10016387A150P2"", ""vpn_id"" : 10016387, ""technical_type"" : ""PERSONALIZED_MGIT"", ""max_duration"" : null, ""release_cause"" : 0, ""network_sip_code"" : 0, ""mscml_user_part"" : ""0943101110016387"", ""mscml_body_content"" : ""<?xml version=\""1.0\"" encoding=\""utf-8\""?><MediaServerControl version=\""1.0\""><request><playcollect maxdigits=\""1\"" barge=\""yes\"" extradigittimer=\""immediate\"" firstdigittimer=\""immediate\""><prompt><audio url=\""http://prod-serveur-oms-ip.vente.francetelecom.fr:8080/annonces/SVAIP/silence.wav\""/><audio url=\""http://prod-serveur-oms-ip.vente.francetelecom.fr:8080/annonces/SVAIP/10016387/SVAIPP10016387A150P2.wav\""/></prompt></playcollect></request></MediaServerControl>"", ""call_flow_type"" : ""EARLY_MEDIA_AND_RELEASE"", ""header_list"" : []}"
32962,SVAIPP10018412F6,"{""id"" : 32962, ""name"" : ""SVAIPP10018412F6"", ""vpn_id"" : 10018412, ""technical_type"" : ""PERSONALIZED_GREETING"", ""max_duration"" : null, ""release_cause"" : 21, ""network_sip_code"" : 603, ""mscml_user_part"" : ""0943101510018412"", ""mscml_body_content"" : ""<?xml version=\""1.0\"" encoding=\""utf-8\""?><MediaServerControl version=\""1.0\""><request><play><prompt repeat=\""2\""><audio url=\""http://prod-serveur-oms-ip.vente.francetelecom.fr:8080/annonces/SVAIP/silence.wav\""/><audio url=\""http://prod-serveur-oms-ip.vente.francetelecom.fr:8080/annonces/SVAIP/10018412/SVAIPP10018412F6.wav\""/></prompt></play></request></MediaServerControl>"", ""call_flow_type"" : ""EARLY_MEDIA_AND_RELEASE"", ""header_list"" : []}"
30521,SVAIPP10005140F1,"{""id"" : 30521, ""name"" : ""SVAIPP10005140F1"", ""vpn_id"" : 10005140, ""technical_type"" : ""PERSONALIZED_GREETING"", ""max_duration"" : null, ""release_cause"" : 21, ""network_sip_code"" : 603, ""mscml_user_part"" : ""0943101510005140"", ""mscml_body_content"" : ""<?xml version=\""1.0\"" encoding=\""utf-8\""?><MediaServerControl version=\""1.0\""><request><play><prompt repeat=\""2\""><audio url=\""http://prod-serveur-oms-ip.vente.francetelecom.fr:8080/annonces/SVAIP/silence.wav\""/><audio url=\""http://prod-serveur-oms-ip.vente.francetelecom.fr:8080/annonces/SVAIP/10005140/SVAIPP10005140F1.wav\""/></prompt></play></request></MediaServerControl>"", ""call_flow_type"" : ""EARLY_MEDIA_AND_RELEASE"", ""header_list"" : []}"
33564,SVAIPP10003728A005P90,"{""id"" : 33564, ""name"" : ""SVAIPP10003728A005P90"", ""vpn_id"" : 10003728, ""technical_type"" : ""PERSONALIZED_MGIT"", ""max_duration"" : null, ""release_cause"" : 0, ""network_sip_code"" : 0, ""mscml_user_part"" : ""0943101110003728"", ""mscml_body_content"" : ""<?xml version=\""1.0\"" encoding=\""utf-8\""?><MediaServerControl version=\""1.0\""><request><play><prompt><audio url=\""http://prod-serveur-oms-ip.vente.francetelecom.fr:8080/annonces/SVAIP/silence.wav\""/><audio url=\""http://prod-serveur-oms-ip.vente.francetelecom.fr:8080/annonces/SVAIP/10003728/SVAIPP10003728F88.wav\""/><audio url=\""http://prod-serveur-oms-ip.vente.francetelecom.fr:8080/annonces/SVAIP/10003728/SVAIPP10003728F87.wav\""/></prompt></play></request></MediaServerControl>"", ""call_flow_type"" : ""EARLY_MEDIA_AND_RELEASE"", ""header_list"" : []}"
32061,SVAIPP10014725F2,"{""id"" : 32061, ""name"" : ""SVAIPP10014725F2"", ""vpn_id"" : 10014725, ""technical_type"" : ""PERSONALIZED_GREETING"", ""max_duration"" : null, ""release_cause"" : 21, ""network_sip_code"" : 603, ""mscml_user_part"" : ""0943101510014725"", ""mscml_body_content"" : ""<?xml version=\""1.0\"" encoding=\""utf-8\""?><MediaServerControl version=\""1.0\""><request><play><prompt repeat=\""2\""><audio url=\""http://prod-serveur-oms-ip.vente.francetelecom.fr:8080/annonces/SVAIP/silence.wav\""/><audio url=\""http://prod-serveur-oms-ip.vente.francetelecom.fr:8080/annonces/SVAIP/10014725/SVAIPP10014725F2.wav\""/></prompt></play></request></MediaServerControl>"", ""call_flow_type"" : ""EARLY_MEDIA_AND_RELEASE"", ""header_list"" : []}"
33567,SVAIPP10003728F93,"{""id"" : 33567, ""name"" : ""SVAIPP10003728F93"", ""vpn_id"" : 10003728, ""technical_type"" : ""PERSONALIZED_GREETING"", ""max_duration"" : null, ""release_cause"" : 21, ""network_sip_code"" : 603, ""mscml_user_part"" : ""0943101510003728"", ""mscml_body_content"" : ""<?xml version=\""1.0\"" encoding=\""utf-8\""?><MediaServerControl version=\""1.0\""><request><play><prompt repeat=\""2\""><audio url=\""http://prod-serveur-oms-ip.vente.francetelecom.fr:8080/annonces/SVAIP/silence.wav\""/><audio url=\""http://prod-serveur-oms-ip.vente.francetelecom.fr:8080/annonces/SVAIP/10003728/SVAIPP10003728F93.wav\""/></prompt></play></request></MediaServerControl>"", ""call_flow_type"" : ""EARLY_MEDIA_AND_RELEASE"", ""header_list"" : []}"
32906,SVAIPP10017503F9,"{""id"" : 32906, ""name"" : ""SVAIPP10017503F9"", ""vpn_id"" : 10017503, ""technical_type"" : ""PERSONALIZED_GREETING"", ""max_duration"" : null, ""release_cause"" : 21, ""network_sip_code"" : 603, ""mscml_user_part"" : ""0943101510017503"", ""mscml_body_content"" : ""<?xml version=\""1.0\"" encoding=\""utf-8\""?><MediaServerControl version=\""1.0\""><request><play><prompt repeat=\""2\""><audio url=\""http://prod-serveur-oms-ip.vente.francetelecom.fr:8080/annonces/SVAIP/silence.wav\""/><audio url=\""http://prod-serveur-oms-ip.vente.francetelecom.fr:8080/annonces/SVAIP/10017503/SVAIPP10017503F9.wav\""/></prompt></play></request></MediaServerControl>"", ""call_flow_type"" : ""EARLY_MEDIA_AND_RELEASE"", ""header_list"" : []}"
31581,SVAIPP10016168F3,"{""id"" : 31581, ""name"" : ""SVAIPP10016168F3"", ""vpn_id"" : 10016168, ""technical_type"" : ""PERSONALIZED_GREETING"", ""max_duration"" : null, ""release_cause"" : 21, ""network_sip_code"" : 603, ""mscml_user_part"" : ""0943101510016168"", ""mscml_body_content"" : ""<?xml version=\""1.0\"" encoding=\""utf-8\""?><MediaServerControl version=\""1.0\""><request><play><prompt repeat=\""2\""><audio url=\""http://prod-serveur-oms-ip.vente.francetelecom.fr:8080/annonces/SVAIP/silence.wav\""/><audio url=\""http://prod-serveur-oms-ip.vente.francetelecom.fr:8080/annonces/SVAIP/10016168/SVAIPP10016168F3.wav\""/></prompt></play></request></MediaServerControl>"", ""call_flow_type"" : ""EARLY_MEDIA_AND_RELEASE"", ""header_list"" : []}"
29862,SVAIPP10004077D012P24,"{""id"" : 29862, ""name"" : ""SVAIPP10004077D012P24"", ""vpn_id"" : 10004077, ""technical_type"" : ""PERSONALIZED_MGIT"", ""max_duration"" : null, ""release_cause"" : 0, ""network_sip_code"" : 0, ""mscml_user_part"" : ""0943101110004077"", ""mscml_body_content"" : ""<?xml version=\""1.0\"" encoding=\""utf-8\""?><MediaServerControl version=\""1.0\""><request><playcollect maxdigits=\""1\"" barge=\""yes\"" extradigittimer=\""immediate\"" firstdigittimer=\""immediate\""><prompt><audio url=\""http://prod-serveur-oms-ip.vente.francetelecom.fr:8080/annonces/SVAIP/silence.wav\""/><audio url=\""http://prod-serveur-oms-ip.vente.francetelecom.fr:8080/annonces/SVAIP/10004077/SVAIPP10004077D012P24.wav\""/></prompt></playcollect></request></MediaServerControl>"", ""call_flow_type"" : ""EARLY_MEDIA_AND_RELEASE"", ""header_list"" : []}"
30522,SVAIPP10005140F2,"{""id"" : 30522, ""name"" : ""SVAIPP10005140F2"", ""vpn_id"" : 10005140, ""technical_type"" : ""PERSONALIZED_GREETING"", ""max_duration"" : null, ""release_cause"" : 21, ""network_sip_code"" : 603, ""mscml_user_part"" : ""0943101510005140"", ""mscml_body_content"" : ""<?xml version=\""1.0\"" encoding=\""utf-8\""?><MediaServerControl version=\""1.0\""><request><play><prompt repeat=\""2\""><audio url=\""http://prod-serveur-oms-ip.vente.francetelecom.fr:8080/annonces/SVAIP/silence.wav\""/><audio url=\""http://prod-serveur-oms-ip.vente.francetelecom.fr:8080/annonces/SVAIP/10005140/SVAIPP10005140F2.wav\""/></prompt></play></request></MediaServerControl>"", ""call_flow_type"" : ""EARLY_MEDIA_AND_RELEASE"", ""header_list"" : []}"
30821,SVAIPP10005700F4,"{""id"" : 30821, ""name"" : ""SVAIPP10005700F4"", ""vpn_id"" : 10005700, ""technical_type"" : ""PERSONALIZED_GREETING"", ""max_duration"" : null, ""release_cause"" : 21, ""network_sip_code"" : 603, ""mscml_user_part"" : ""0943101510005700"", ""mscml_body_content"" : ""<?xml version=\""1.0\"" encoding=\""utf-8\""?><MediaServerControl version=\""1.0\""><request><play><prompt repeat=\""2\""><audio url=\""http://prod-serveur-oms-ip.vente.francetelecom.fr:8080/annonces/SVAIP/silence.wav\""/><audio url=\""http://prod-serveur-oms-ip.vente.francetelecom.fr:8080/annonces/SVAIP/10005700/SVAIPP10005700F4.wav\""/></prompt></play></request></MediaServerControl>"", ""call_flow_type"" : ""EARLY_MEDIA_AND_RELEASE"", ""header_list"" : []}"
29901,SVAIPP10015826A005P3,"{""id"" : 29901, ""name"" : ""SVAIPP10015826A005P3"", ""vpn_id"" : 10015826, ""technical_type"" : ""PERSONALIZED_MGIT"", ""max_duration"" : null, ""release_cause"" : 0, ""network_sip_code"" : 0, ""mscml_user_part"" : ""0943101110015826"", ""mscml_body_content"" : ""<?xml version=\""1.0\"" encoding=\""utf-8\""?><MediaServerControl version=\""1.0\""><request><playcollect maxdigits=\""1\"" barge=\""yes\"" extradigittimer=\""immediate\"" firstdigittimer=\""immediate\""><prompt><audio url=\""http://prod-serveur-oms-ip.vente.francetelecom.fr:8080/annonces/SVAIP/silence.wav\""/><audio url=\""http://prod-serveur-oms-ip.vente.francetelecom.fr:8080/annonces/SVAIP/10015826/SVAIPP10015826A005P3.wav\""/></prompt></playcollect></request></MediaServerControl>"", ""call_flow_type"" : ""EARLY_MEDIA_AND_RELEASE"", ""header_list"" : []}"
29921,SVAIPP10014692F5,"{""id"" : 29921, ""name"" : ""SVAIPP10014692F5"", ""vpn_id"" : 10014692, ""technical_type"" : ""PERSONALIZED_GREETING"", ""max_duration"" : null, ""release_cause"" : 21, ""network_sip_code"" : 603, ""mscml_user_part"" : ""0943101510014692"", ""mscml_body_content"" : ""<?xml version=\""1.0\"" encoding=\""utf-8\""?><MediaServerControl version=\""1.0\""><request><play><prompt repeat=\""2\""><audio url=\""http://prod-serveur-oms-ip.vente.francetelecom.fr:8080/annonces/SVAIP/silence.wav\""/><audio url=\""http://prod-serveur-oms-ip.vente.francetelecom.fr:8080/annonces/SVAIP/10014692/SVAIPP10014692F5.wav\""/></prompt></play></request></MediaServerControl>"", ""call_flow_type"" : ""EARLY_MEDIA_AND_RELEASE"", ""header_list"" : []}"
33024,SVAIPP10003728A000N84,"{""id"" : 33024, ""name"" : ""SVAIPP10003728A000N84"", ""vpn_id"" : 10003728, ""technical_type"" : ""PERSONALIZED_MGIT"", ""max_duration"" : null, ""release_cause"" : 0, ""network_sip_code"" : 0, ""mscml_user_part"" : ""0943101110003728"", ""mscml_body_content"" : ""<?xml version=\""1.0\"" encoding=\""utf-8\""?><MediaServerControl version=\""1.0\""><request><playcollect maxdigits=\""1\"" barge=\""yes\"" extradigittimer=\""immediate\"" firstdigittimer=\""immediate\""><prompt><audio url=\""http://prod-serveur-oms-ip.vente.francetelecom.fr:8080/annonces/SVAIP/silence.wav\""/><audio url=\""http://prod-serveur-oms-ip.vente.francetelecom.fr:8080/annonces/SVAIP/10003728/SVAIPP10003728A000N84.wav\""/></prompt></playcollect></request></MediaServerControl>"", ""call_flow_type"" : ""EARLY_MEDIA_AND_RELEASE"", ""header_list"" : []}"
33426,SVAIPP10017982F2,"{""id"" : 33426, ""name"" : ""SVAIPP10017982F2"", ""vpn_id"" : 10017982, ""technical_type"" : ""PERSONALIZED_GREETING"", ""max_duration"" : null, ""release_cause"" : 21, ""network_sip_code"" : 603, ""mscml_user_part"" : ""0943101510017982"", ""mscml_body_content"" : ""<?xml version=\""1.0\"" encoding=\""utf-8\""?><MediaServerControl version=\""1.0\""><request><play><prompt repeat=\""2\""><audio url=\""http://prod-serveur-oms-ip.vente.francetelecom.fr:8080/annonces/SVAIP/silence.wav\""/><audio url=\""http://prod-serveur-oms-ip.vente.francetelecom.fr:8080/annonces/SVAIP/10017982/SVAIPP10017982F2.wav\""/></prompt></play></request></MediaServerControl>"", ""call_flow_type"" : ""EARLY_MEDIA_AND_RELEASE"", ""header_list"" : []}"
30942,SVAIPP10006659F2,"{""id"" : 30942, ""name"" : ""SVAIPP10006659F2"", ""vpn_id"" : 10006659, ""technical_type"" : ""PERSONALIZED_GREETING"", ""max_duration"" : null, ""release_cause"" : 21, ""network_sip_code"" : 603, ""mscml_user_part"" : ""0943101510006659"", ""mscml_body_content"" : ""<?xml version=\""1.0\"" encoding=\""utf-8\""?><MediaServerControl version=\""1.0\""><request><play><prompt repeat=\""2\""><audio url=\""http://prod-serveur-oms-ip.vente.francetelecom.fr:8080/annonces/SVAIP/silence.wav\""/><audio url=\""http://prod-serveur-oms-ip.vente.francetelecom.fr:8080/annonces/SVAIP/10006659/SVAIPP10006659F2.wav\""/></prompt></play></request></MediaServerControl>"", ""call_flow_type"" : ""EARLY_MEDIA_AND_RELEASE"", ""header_list"" : []}"
33241,SVAIPP10008911F1,"{""id"" : 33241, ""name"" : ""SVAIPP10008911F1"", ""vpn_id"" : 10008911, ""technical_type"" : ""PERSONALIZED_GREETING"", ""max_duration"" : null, ""release_cause"" : 21, ""network_sip_code"" : 603, ""mscml_user_part"" : ""0943101510008911"", ""mscml_body_content"" : ""<?xml version=\""1.0\"" encoding=\""utf-8\""?><MediaServerControl version=\""1.0\""><request><play><prompt repeat=\""2\""><audio url=\""http://prod-serveur-oms-ip.vente.francetelecom.fr:8080/annonces/SVAIP/silence.wav\""/><audio url=\""http://prod-serveur-oms-ip.vente.francetelecom.fr:8080/annonces/SVAIP/10008911/SVAIPP10008911F1.wav\""/></prompt></play></request></MediaServerControl>"", ""call_flow_type"" : ""EARLY_MEDIA_AND_RELEASE"", ""header_list"" : []}"
33102,SVAIPP10017688F6,"{""id"" : 33102, ""name"" : ""SVAIPP10017688F6"", ""vpn_id"" : 10017688, ""technical_type"" : ""PERSONALIZED_GREETING"", ""max_duration"" : null, ""release_cause"" : 21, ""network_sip_code"" : 603, ""mscml_user_part"" : ""0943101510017688"", ""mscml_body_content"" : ""<?xml version=\""1.0\"" encoding=\""utf-8\""?><MediaServerControl version=\""1.0\""><request><play><prompt repeat=\""2\""><audio url=\""http://prod-serveur-oms-ip.vente.francetelecom.fr:8080/annonces/SVAIP/silence.wav\""/><audio url=\""http://prod-serveur-oms-ip.vente.francetelecom.fr:8080/annonces/SVAIP/10017688/SVAIPP10017688F6.wav\""/></prompt></play></request></MediaServerControl>"", ""call_flow_type"" : ""EARLY_MEDIA_AND_RELEASE"", ""header_list"" : []}"
32203,SVAIPP10013762F1,"{""id"" : 32203, ""name"" : ""SVAIPP10013762F1"", ""vpn_id"" : 10013762, ""technical_type"" : ""PERSONALIZED_GREETING"", ""max_duration"" : null, ""release_cause"" : 21, ""network_sip_code"" : 603, ""mscml_user_part"" : ""0943101510013762"", ""mscml_body_content"" : ""<?xml version=\""1.0\"" encoding=\""utf-8\""?><MediaServerControl version=\""1.0\""><request><play><prompt repeat=\""2\""><audio url=\""http://prod-serveur-oms-ip.vente.francetelecom.fr:8080/annonces/SVAIP/silence.wav\""/><audio url=\""http://prod-serveur-oms-ip.vente.francetelecom.fr:8080/annonces/SVAIP/10013762/SVAIPP10013762F1.wav\""/></prompt></play></request></MediaServerControl>"", ""call_flow_type"" : ""EARLY_MEDIA_AND_RELEASE"", ""header_list"" : []}"
30385,SVAIPP10017637F1,"{""id"" : 30385, ""name"" : ""SVAIPP10017637F1"", ""vpn_id"" : 10017637, ""technical_type"" : ""PERSONALIZED_GREETING"", ""max_duration"" : null, ""release_cause"" : 21, ""network_sip_code"" : 603, ""mscml_user_part"" : ""0943101510017637"", ""mscml_body_content"" : ""<?xml version=\""1.0\"" encoding=\""utf-8\""?><MediaServerControl version=\""1.0\""><request><play><prompt repeat=\""2\""><audio url=\""http://prod-serveur-oms-ip.vente.francetelecom.fr:8080/annonces/SVAIP/silence.wav\""/><audio url=\""http://prod-serveur-oms-ip.vente.francetelecom.fr:8080/annonces/SVAIP/10017637/SVAIPP10017637F1.wav\""/></prompt></play></request></MediaServerControl>"", ""call_flow_type"" : ""EARLY_MEDIA_AND_RELEASE"", ""header_list"" : []}"
33026,SVAIPAA10003728001,"{""id"" : 33026, ""name"" : ""SVAIPAA10003728001"", ""vpn_id"" : 10003728, ""technical_type"" : ""PERSONALIZED_MGIT"", ""max_duration"" : null, ""release_cause"" : 0, ""network_sip_code"" : 0, ""mscml_user_part"" : ""0943101110003728"", ""mscml_body_content"" : ""<?xml version=\""1.0\"" encoding=\""utf-8\""?><MediaServerControl version=\""1.0\""><request><play><prompt><audio url=\""http://prod-serveur-oms-ip.vente.francetelecom.fr:8080/annonces/SVAIP/silence.wav\""/><audio url=\""http://prod-serveur-oms-ip.vente.francetelecom.fr:8080/annonces/SVAIP/10003728/SVAIPP10003728A000P82.wav\""/></prompt></play></request></MediaServerControl>"", ""call_flow_type"" : ""EARLY_MEDIA_AND_RELEASE"", ""header_list"" : []}"
33027,RSP Mus LFO,"{""id"" : 33027, ""name"" : ""RSP Mus LFO"", ""vpn_id"" : 10003728, ""technical_type"" : ""RINGBACK_TONE"", ""max_duration"" : 180000, ""release_cause"" : 0, ""network_sip_code"" : 0, ""mscml_user_part"" : ""09431012"", ""mscml_body_content"" : ""<?xml version=\""1.0\"" encoding=\""utf-8\""?><MediaServerControl version=\""1.0\""><request><play><prompt repeat=\""infinite\""><audio url=\""http://prod-serveur-oms-ip.vente.francetelecom.fr:8080/annonces/SVAIP/10003728/SVAIPP10003728F81.wav\""/></prompt></play></request></MediaServerControl>"", ""call_flow_type"" : ""EARLY_MEDIA_AND_RELEASE"", ""header_list"" : []}"
33028,SVAIPP10017635F6,"{""id"" : 33028, ""name"" : ""SVAIPP10017635F6"", ""vpn_id"" : 10017635, ""technical_type"" : ""PERSONALIZED_GREETING"", ""max_duration"" : null, ""release_cause"" : 21, ""network_sip_code"" : 603, ""mscml_user_part"" : ""0943101510017635"", ""mscml_body_content"" : ""<?xml version=\""1.0\"" encoding=\""utf-8\""?><MediaServerControl version=\""1.0\""><request><play><prompt repeat=\""2\""><audio url=\""http://prod-serveur-oms-ip.vente.francetelecom.fr:8080/annonces/SVAIP/silence.wav\""/><audio url=\""http://prod-serveur-oms-ip.vente.francetelecom.fr:8080/annonces/SVAIP/10017635/SVAIPP10017635F6.wav\""/></prompt></play></request></MediaServerControl>"", ""call_flow_type"" : ""EARLY_MEDIA_AND_RELEASE"", ""header_list"" : []}"
30961,SVAIPP10002694F1,"{""id"" : 30961, ""name"" : ""SVAIPP10002694F1"", ""vpn_id"" : 10002694, ""technical_type"" : ""PERSONALIZED_GREETING"", ""max_duration"" : null, ""release_cause"" : 21, ""network_sip_code"" : 603, ""mscml_user_part"" : ""0943101510002694"", ""mscml_body_content"" : ""<?xml version=\""1.0\"" encoding=\""utf-8\""?><MediaServerControl version=\""1.0\""><request><play><prompt repeat=\""2\""><audio url=\""http://prod-serveur-oms-ip.vente.francetelecom.fr:8080/annonces/SVAIP/silence.wav\""/><audio url=\""http://prod-serveur-oms-ip.vente.francetelecom.fr:8080/annonces/SVAIP/10002694/SVAIPP10002694F1.wav\""/></prompt></play></request></MediaServerControl>"", ""call_flow_type"" : ""EARLY_MEDIA_AND_RELEASE"", ""header_list"" : []}"
30965,SVAIPP10016314F3,"{""id"" : 30965, ""name"" : ""SVAIPP10016314F3"", ""vpn_id"" : 10016314, ""technical_type"" : ""PERSONALIZED_GREETING"", ""max_duration"" : null, ""release_cause"" : 21, ""network_sip_code"" : 603, ""mscml_user_part"" : ""0943101510016314"", ""mscml_body_content"" : ""<?xml version=\""1.0\"" encoding=\""utf-8\""?><MediaServerControl version=\""1.0\""><request><play><prompt repeat=\""2\""><audio url=\""http://prod-serveur-oms-ip.vente.francetelecom.fr:8080/annonces/SVAIP/silence.wav\""/><audio url=\""http://prod-serveur-oms-ip.vente.francetelecom.fr:8080/annonces/SVAIP/10016314/SVAIPP10016314F3.wav\""/></prompt></play></request></MediaServerControl>"", ""call_flow_type"" : ""EARLY_MEDIA_AND_RELEASE"", ""header_list"" : []}"
31843,SVAIPP10013973F4,"{""id"" : 31843, ""name"" : ""SVAIPP10013973F4"", ""vpn_id"" : 10013973, ""technical_type"" : ""PERSONALIZED_GREETING"", ""max_duration"" : null, ""release_cause"" : 21, ""network_sip_code"" : 603, ""mscml_user_part"" : ""0943101510013973"", ""mscml_body_content"" : ""<?xml version=\""1.0\"" encoding=\""utf-8\""?><MediaServerControl version=\""1.0\""><request><play><prompt repeat=\""2\""><audio url=\""http://prod-serveur-oms-ip.vente.francetelecom.fr:8080/annonces/SVAIP/silence.wav\""/><audio url=\""http://prod-serveur-oms-ip.vente.francetelecom.fr:8080/annonces/SVAIP/10013973/SVAIPP10013973F4.wav\""/></prompt></play></request></MediaServerControl>"", ""call_flow_type"" : ""EARLY_MEDIA_AND_RELEASE"", ""header_list"" : []}"
31823,SVAIPP10007874F1,"{""id"" : 31823, ""name"" : ""SVAIPP10007874F1"", ""vpn_id"" : 10007874, ""technical_type"" : ""PERSONALIZED_GREETING"", ""max_duration"" : null, ""release_cause"" : 21, ""network_sip_code"" : 603, ""mscml_user_part"" : ""0943101510007874"", ""mscml_body_content"" : ""<?xml version=\""1.0\"" encoding=\""utf-8\""?><MediaServerControl version=\""1.0\""><request><play><prompt repeat=\""2\""><audio url=\""http://prod-serveur-oms-ip.vente.francetelecom.fr:8080/annonces/SVAIP/silence.wav\""/><audio url=\""http://prod-serveur-oms-ip.vente.francetelecom.fr:8080/annonces/SVAIP/10007874/SVAIPP10007874F1.wav\""/></prompt></play></request></MediaServerControl>"", ""call_flow_type"" : ""EARLY_MEDIA_AND_RELEASE"", ""header_list"" : []}"
30623,SVAIPP10014982F2,"{""id"" : 30623, ""name"" : ""SVAIPP10014982F2"", ""vpn_id"" : 10014982, ""technical_type"" : ""PERSONALIZED_GREETING"", ""max_duration"" : null, ""release_cause"" : 21, ""network_sip_code"" : 603, ""mscml_user_part"" : ""0943101510014982"", ""mscml_body_content"" : ""<?xml version=\""1.0\"" encoding=\""utf-8\""?><MediaServerControl version=\""1.0\""><request><play><prompt repeat=\""2\""><audio url=\""http://prod-serveur-oms-ip.vente.francetelecom.fr:8080/annonces/SVAIP/silence.wav\""/><audio url=\""http://prod-serveur-oms-ip.vente.francetelecom.fr:8080/annonces/SVAIP/10014982/SVAIPP10014982F2.wav\""/></prompt></play></request></MediaServerControl>"", ""call_flow_type"" : ""EARLY_MEDIA_AND_RELEASE"", ""header_list"" : []}"
32261,SVAIPP10014832F3,"{""id"" : 32261, ""name"" : ""SVAIPP10014832F3"", ""vpn_id"" : 10014832, ""technical_type"" : ""PERSONALIZED_GREETING"", ""max_duration"" : null, ""release_cause"" : 21, ""network_sip_code"" : 603, ""mscml_user_part"" : ""0943101510014832"", ""mscml_body_content"" : ""<?xml version=\""1.0\"" encoding=\""utf-8\""?><MediaServerControl version=\""1.0\""><request><play><prompt repeat=\""2\""><audio url=\""http://prod-serveur-oms-ip.vente.francetelecom.fr:8080/annonces/SVAIP/silence.wav\""/><audio url=\""http://prod-serveur-oms-ip.vente.francetelecom.fr:8080/annonces/SVAIP/10014832/SVAIPP10014832F3.wav\""/></prompt></play></request></MediaServerControl>"", ""call_flow_type"" : ""EARLY_MEDIA_AND_RELEASE"", ""header_list"" : []}"
30684,SVAIPP10006284D020P3,"{""id"" : 30684, ""name"" : ""SVAIPP10006284D020P3"", ""vpn_id"" : 10006284, ""technical_type"" : ""PERSONALIZED_MGIT"", ""max_duration"" : null, ""release_cause"" : 0, ""network_sip_code"" : 0, ""mscml_user_part"" : ""0943101110006284"", ""mscml_body_content"" : ""<?xml version=\""1.0\"" encoding=\""utf-8\""?><MediaServerControl version=\""1.0\""><request><playcollect maxdigits=\""1\"" barge=\""yes\"" extradigittimer=\""immediate\"" firstdigittimer=\""immediate\""><prompt><audio url=\""http://prod-serveur-oms-ip.vente.francetelecom.fr:8080/annonces/SVAIP/silence.wav\""/><audio url=\""http://prod-serveur-oms-ip.vente.francetelecom.fr:8080/annonces/SVAIP/10006284/SVAIPP10006284D020P3.wav\""/></prompt></playcollect></request></MediaServerControl>"", ""call_flow_type"" : ""EARLY_MEDIA_AND_RELEASE"", ""header_list"" : []}"
32722,SVAIPP10004011F8,"{""id"" : 32722, ""name"" : ""SVAIPP10004011F8"", ""vpn_id"" : 10004011, ""technical_type"" : ""PERSONALIZED_GREETING"", ""max_duration"" : null, ""release_cause"" : 21, ""network_sip_code"" : 603, ""mscml_user_part"" : ""0943101510004011"", ""mscml_body_content"" : ""<?xml version=\""1.0\"" encoding=\""utf-8\""?><MediaServerControl version=\""1.0\""><request><play><prompt repeat=\""2\""><audio url=\""http://prod-serveur-oms-ip.vente.francetelecom.fr:8080/annonces/SVAIP/silence.wav\""/><audio url=\""http://prod-serveur-oms-ip.vente.francetelecom.fr:8080/annonces/SVAIP/10004011/SVAIPP10004011F8.wav\""/></prompt></play></request></MediaServerControl>"", ""call_flow_type"" : ""EARLY_MEDIA_AND_RELEASE"", ""header_list"" : []}"
30984,SVAIPP10017310F8,"{""id"" : 30984, ""name"" : ""SVAIPP10017310F8"", ""vpn_id"" : 10017310, ""technical_type"" : ""PERSONALIZED_GREETING"", ""max_duration"" : null, ""release_cause"" : 21, ""network_sip_code"" : 603, ""mscml_user_part"" : ""0943101510017310"", ""mscml_body_content"" : ""<?xml version=\""1.0\"" encoding=\""utf-8\""?><MediaServerControl version=\""1.0\""><request><play><prompt repeat=\""2\""><audio url=\""http://prod-serveur-oms-ip.vente.francetelecom.fr:8080/annonces/SVAIP/silence.wav\""/><audio url=\""http://prod-serveur-oms-ip.vente.francetelecom.fr:8080/annonces/SVAIP/10017310/SVAIPP10017310F8.wav\""/></prompt></play></request></MediaServerControl>"", ""call_flow_type"" : ""EARLY_MEDIA_AND_RELEASE"", ""header_list"" : []}"
33382,SVAIPP10005032F4,"{""id"" : 33382, ""name"" : ""SVAIPP10005032F4"", ""vpn_id"" : 10005032, ""technical_type"" : ""PERSONALIZED_GREETING"", ""max_duration"" : null, ""release_cause"" : 21, ""network_sip_code"" : 603, ""mscml_user_part"" : ""0943101510005032"", ""mscml_body_content"" : ""<?xml version=\""1.0\"" encoding=\""utf-8\""?><MediaServerControl version=\""1.0\""><request><play><prompt repeat=\""2\""><audio url=\""http://prod-serveur-oms-ip.vente.francetelecom.fr:8080/annonces/SVAIP/silence.wav\""/><audio url=\""http://prod-serveur-oms-ip.vente.francetelecom.fr:8080/annonces/SVAIP/10005032/SVAIPP10005032F4.wav\""/></prompt></play></request></MediaServerControl>"", ""call_flow_type"" : ""EARLY_MEDIA_AND_RELEASE"", ""header_list"" : []}"
31861,SVAIPP10017309F2,"{""id"" : 31861, ""name"" : ""SVAIPP10017309F2"", ""vpn_id"" : 10017309, ""technical_type"" : ""PERSONALIZED_GREETING"", ""max_duration"" : null, ""release_cause"" : 21, ""network_sip_code"" : 603, ""mscml_user_part"" : ""0943101510017309"", ""mscml_body_content"" : ""<?xml version=\""1.0\"" encoding=\""utf-8\""?><MediaServerControl version=\""1.0\""><request><play><prompt repeat=\""2\""><audio url=\""http://prod-serveur-oms-ip.vente.francetelecom.fr:8080/annonces/SVAIP/silence.wav\""/><audio url=\""http://prod-serveur-oms-ip.vente.francetelecom.fr:8080/annonces/SVAIP/10017309/SVAIPP10017309F2.wav\""/></prompt></play></request></MediaServerControl>"", ""call_flow_type"" : ""EARLY_MEDIA_AND_RELEASE"", ""header_list"" : []}"
31886,SVAIPP10016908D005P4,"{""id"" : 31886, ""name"" : ""SVAIPP10016908D005P4"", ""vpn_id"" : 10016908, ""technical_type"" : ""PERSONALIZED_MGIT"", ""max_duration"" : null, ""release_cause"" : 0, ""network_sip_code"" : 0, ""mscml_user_part"" : ""0943101110016908"", ""mscml_body_content"" : ""<?xml version=\""1.0\"" encoding=\""utf-8\""?><MediaServerControl version=\""1.0\""><request><playcollect maxdigits=\""1\"" barge=\""yes\"" extradigittimer=\""immediate\"" firstdigittimer=\""immediate\""><prompt><audio url=\""http://prod-serveur-oms-ip.vente.francetelecom.fr:8080/annonces/SVAIP/silence.wav\""/><audio url=\""http://prod-serveur-oms-ip.vente.francetelecom.fr:8080/annonces/SVAIP/10016908/SVAIPP10016908D005P4.wav\""/></prompt></playcollect></request></MediaServerControl>"", ""call_flow_type"" : ""EARLY_MEDIA_AND_RELEASE"", ""header_list"" : []}"
32362,SVAIPP10014871F2,"{""id"" : 32362, ""name"" : ""SVAIPP10014871F2"", ""vpn_id"" : 10014871, ""technical_type"" : ""PERSONALIZED_GREETING"", ""max_duration"" : null, ""release_cause"" : 21, ""network_sip_code"" : 603, ""mscml_user_part"" : ""0943101510014871"", ""mscml_body_content"" : ""<?xml version=\""1.0\"" encoding=\""utf-8\""?><MediaServerControl version=\""1.0\""><request><play><prompt repeat=\""2\""><audio url=\""http://prod-serveur-oms-ip.vente.francetelecom.fr:8080/annonces/SVAIP/silence.wav\""/><audio url=\""http://prod-serveur-oms-ip.vente.francetelecom.fr:8080/annonces/SVAIP/10014871/SVAIPP10014871F2.wav\""/></prompt></play></request></MediaServerControl>"", ""call_flow_type"" : ""EARLY_MEDIA_AND_RELEASE"", ""header_list"" : []}"
34282,SVAIPP10016515F3,"{""id"" : 34282, ""name"" : ""SVAIPP10016515F3"", ""vpn_id"" : 10016515, ""technical_type"" : ""PERSONALIZED_GREETING"", ""max_duration"" : null, ""release_cause"" : 21, ""network_sip_code"" : 603, ""mscml_user_part"" : ""0943101510016515"", ""mscml_body_content"" : ""<?xml version=\""1.0\"" encoding=\""utf-8\""?><MediaServerControl version=\""1.0\""><request><play><prompt repeat=\""2\""><audio url=\""http://prod-serveur-oms-ip.vente.francetelecom.fr:8080/annonces/SVAIP/silence.wav\""/><audio url=\""http://prod-serveur-oms-ip.vente.francetelecom.fr:8080/annonces/SVAIP/10016515/SVAIPP10016515F3.wav\""/></prompt></play></request></MediaServerControl>"", ""call_flow_type"" : ""EARLY_MEDIA_AND_RELEASE"", ""header_list"" : []}"
30203,SVAIPP10008873F2,"{""id"" : 30203, ""name"" : ""SVAIPP10008873F2"", ""vpn_id"" : 10008873, ""technical_type"" : ""PERSONALIZED_GREETING"", ""max_duration"" : null, ""release_cause"" : 21, ""network_sip_code"" : 603, ""mscml_user_part"" : ""0943101510008873"", ""mscml_body_content"" : ""<?xml version=\""1.0\"" encoding=\""utf-8\""?><MediaServerControl version=\""1.0\""><request><play><prompt repeat=\""2\""><audio url=\""http://prod-serveur-oms-ip.vente.francetelecom.fr:8080/annonces/SVAIP/silence.wav\""/><audio url=\""http://prod-serveur-oms-ip.vente.francetelecom.fr:8080/annonces/SVAIP/10008873/SVAIPP10008873F2.wav\""/></prompt></play></request></MediaServerControl>"", ""call_flow_type"" : ""EARLY_MEDIA_AND_RELEASE"", ""header_list"" : []}"
33041,SVAIPP10008025A300P1,"{""id"" : 33041, ""name"" : ""SVAIPP10008025A300P1"", ""vpn_id"" : 10008025, ""technical_type"" : ""PERSONALIZED_MGIT"", ""max_duration"" : null, ""release_cause"" : 0, ""network_sip_code"" : 0, ""mscml_user_part"" : ""0943101110008025"", ""mscml_body_content"" : ""<?xml version=\""1.0\"" encoding=\""utf-8\""?><MediaServerControl version=\""1.0\""><request><playcollect maxdigits=\""1\"" barge=\""yes\"" extradigittimer=\""immediate\"" firstdigittimer=\""immediate\""><prompt><audio url=\""http://prod-serveur-oms-ip.vente.francetelecom.fr:8080/annonces/SVAIP/silence.wav\""/><audio url=\""http://prod-serveur-oms-ip.vente.francetelecom.fr:8080/annonces/SVAIP/10008025/SVAIPP10008025A300P1.wav\""/></prompt></playcollect></request></MediaServerControl>"", ""call_flow_type"" : ""EARLY_MEDIA_AND_RELEASE"", ""header_list"" : []}"
30706,SVAIPP10014026F1,"{""id"" : 30706, ""name"" : ""SVAIPP10014026F1"", ""vpn_id"" : 10014026, ""technical_type"" : ""PERSONALIZED_GREETING"", ""max_duration"" : null, ""release_cause"" : 21, ""network_sip_code"" : 603, ""mscml_user_part"" : ""0943101510014026"", ""mscml_body_content"" : ""<?xml version=\""1.0\"" encoding=\""utf-8\""?><MediaServerControl version=\""1.0\""><request><play><prompt repeat=\""2\""><audio url=\""http://prod-serveur-oms-ip.vente.francetelecom.fr:8080/annonces/SVAIP/silence.wav\""/><audio url=\""http://prod-serveur-oms-ip.vente.francetelecom.fr:8080/annonces/SVAIP/10014026/SVAIPP10014026F1.wav\""/></prompt></play></request></MediaServerControl>"", ""call_flow_type"" : ""EARLY_MEDIA_AND_RELEASE"", ""header_list"" : []}"
30708,SVAIPP10008653F1,"{""id"" : 30708, ""name"" : ""SVAIPP10008653F1"", ""vpn_id"" : 10008653, ""technical_type"" : ""PERSONALIZED_GREETING"", ""max_duration"" : null, ""release_cause"" : 21, ""network_sip_code"" : 603, ""mscml_user_part"" : ""0943101510008653"", ""mscml_body_content"" : ""<?xml version=\""1.0\"" encoding=\""utf-8\""?><MediaServerControl version=\""1.0\""><request><play><prompt repeat=\""2\""><audio url=\""http://prod-serveur-oms-ip.vente.francetelecom.fr:8080/annonces/SVAIP/silence.wav\""/><audio url=\""http://prod-serveur-oms-ip.vente.francetelecom.fr:8080/annonces/SVAIP/10008653/SVAIPP10008653F1.wav\""/></prompt></play></request></MediaServerControl>"", ""call_flow_type"" : ""EARLY_MEDIA_AND_RELEASE"", ""header_list"" : []}"
31887,SVAIPP10016908D005R5,"{""id"" : 31887, ""name"" : ""SVAIPP10016908D005R5"", ""vpn_id"" : 10016908, ""technical_type"" : ""PERSONALIZED_MGIT"", ""max_duration"" : null, ""release_cause"" : 0, ""network_sip_code"" : 0, ""mscml_user_part"" : ""0943101110016908"", ""mscml_body_content"" : ""<?xml version=\""1.0\"" encoding=\""utf-8\""?><MediaServerControl version=\""1.0\""><request><playcollect maxdigits=\""1\"" barge=\""yes\"" extradigittimer=\""immediate\"" firstdigittimer=\""immediate\""><prompt><audio url=\""http://prod-serveur-oms-ip.vente.francetelecom.fr:8080/annonces/SVAIP/silence.wav\""/><audio url=\""http://prod-serveur-oms-ip.vente.francetelecom.fr:8080/annonces/SVAIP/10016908/SVAIPP10016908D005R5.wav\""/></prompt></playcollect></request></MediaServerControl>"", ""call_flow_type"" : ""EARLY_MEDIA_AND_RELEASE"", ""header_list"" : []}"
32404,SVAIPP10003219F1,"{""id"" : 32404, ""name"" : ""SVAIPP10003219F1"", ""vpn_id"" : 10003219, ""technical_type"" : ""PERSONALIZED_GREETING"", ""max_duration"" : null, ""release_cause"" : 21, ""network_sip_code"" : 603, ""mscml_user_part"" : ""0943101510003219"", ""mscml_body_content"" : ""<?xml version=\""1.0\"" encoding=\""utf-8\""?><MediaServerControl version=\""1.0\""><request><play><prompt repeat=\""2\""><audio url=\""http://prod-serveur-oms-ip.vente.francetelecom.fr:8080/annonces/SVAIP/silence.wav\""/><audio url=\""http://prod-serveur-oms-ip.vente.francetelecom.fr:8080/annonces/SVAIP/10003219/SVAIPP10003219F1.wav\""/></prompt></play></request></MediaServerControl>"", ""call_flow_type"" : ""EARLY_MEDIA_AND_RELEASE"", ""header_list"" : []}"
32503,SVAIPP10018725F1,"{""id"" : 32503, ""name"" : ""SVAIPP10018725F1"", ""vpn_id"" : 10018725, ""technical_type"" : ""PERSONALIZED_GREETING"", ""max_duration"" : null, ""release_cause"" : 21, ""network_sip_code"" : 603, ""mscml_user_part"" : ""0943101510018725"", ""mscml_body_content"" : ""<?xml version=\""1.0\"" encoding=\""utf-8\""?><MediaServerControl version=\""1.0\""><request><play><prompt repeat=\""2\""><audio url=\""http://prod-serveur-oms-ip.vente.francetelecom.fr:8080/annonces/SVAIP/silence.wav\""/><audio url=\""http://prod-serveur-oms-ip.vente.francetelecom.fr:8080/annonces/SVAIP/10018725/SVAIPP10018725F1.wav\""/></prompt></play></request></MediaServerControl>"", ""call_flow_type"" : ""EARLY_MEDIA_AND_RELEASE"", ""header_list"" : []}"
33042,SVAIPP10008025A300R2,"{""id"" : 33042, ""name"" : ""SVAIPP10008025A300R2"", ""vpn_id"" : 10008025, ""technical_type"" : ""PERSONALIZED_MGIT"", ""max_duration"" : null, ""release_cause"" : 0, ""network_sip_code"" : 0, ""mscml_user_part"" : ""0943101110008025"", ""mscml_body_content"" : ""<?xml version=\""1.0\"" encoding=\""utf-8\""?><MediaServerControl version=\""1.0\""><request><playcollect maxdigits=\""1\"" barge=\""yes\"" extradigittimer=\""immediate\"" firstdigittimer=\""immediate\""><prompt><audio url=\""http://prod-serveur-oms-ip.vente.francetelecom.fr:8080/annonces/SVAIP/silence.wav\""/><audio url=\""http://prod-serveur-oms-ip.vente.francetelecom.fr:8080/annonces/SVAIP/10008025/SVAIPP10008025A300R2.wav\""/></prompt></playcollect></request></MediaServerControl>"", ""call_flow_type"" : ""EARLY_MEDIA_AND_RELEASE"", ""header_list"" : []}"
33082,SVAIPP10017331F7,"{""id"" : 33082, ""name"" : ""SVAIPP10017331F7"", ""vpn_id"" : 10017331, ""technical_type"" : ""PERSONALIZED_GREETING"", ""max_duration"" : null, ""release_cause"" : 21, ""network_sip_code"" : 603, ""mscml_user_part"" : ""0943101510017331"", ""mscml_body_content"" : ""<?xml version=\""1.0\"" encoding=\""utf-8\""?><MediaServerControl version=\""1.0\""><request><play><prompt repeat=\""2\""><audio url=\""http://prod-serveur-oms-ip.vente.francetelecom.fr:8080/annonces/SVAIP/silence.wav\""/><audio url=\""http://prod-serveur-oms-ip.vente.francetelecom.fr:8080/annonces/SVAIP/10017331/SVAIPP10017331F7.wav\""/></prompt></play></request></MediaServerControl>"", ""call_flow_type"" : ""EARLY_MEDIA_AND_RELEASE"", ""header_list"" : []}"
30841,SVAIPP10014077F2,"{""id"" : 30841, ""name"" : ""SVAIPP10014077F2"", ""vpn_id"" : 10014077, ""technical_type"" : ""PERSONALIZED_GREETING"", ""max_duration"" : null, ""release_cause"" : 21, ""network_sip_code"" : 603, ""mscml_user_part"" : ""0943101510014077"", ""mscml_body_content"" : ""<?xml version=\""1.0\"" encoding=\""utf-8\""?><MediaServerControl version=\""1.0\""><request><play><prompt repeat=\""2\""><audio url=\""http://prod-serveur-oms-ip.vente.francetelecom.fr:8080/annonces/SVAIP/silence.wav\""/><audio url=\""http://prod-serveur-oms-ip.vente.francetelecom.fr:8080/annonces/SVAIP/10014077/SVAIPP10014077F2.wav\""/></prompt></play></request></MediaServerControl>"", ""call_flow_type"" : ""EARLY_MEDIA_AND_RELEASE"", ""header_list"" : []}"
30863,SVAIPP10010156F3,"{""id"" : 30863, ""name"" : ""SVAIPP10010156F3"", ""vpn_id"" : 10010156, ""technical_type"" : ""PERSONALIZED_GREETING"", ""max_duration"" : null, ""release_cause"" : 21, ""network_sip_code"" : 603, ""mscml_user_part"" : ""0943101510010156"", ""mscml_body_content"" : ""<?xml version=\""1.0\"" encoding=\""utf-8\""?><MediaServerControl version=\""1.0\""><request><play><prompt repeat=\""2\""><audio url=\""http://prod-serveur-oms-ip.vente.francetelecom.fr:8080/annonces/SVAIP/silence.wav\""/><audio url=\""http://prod-serveur-oms-ip.vente.francetelecom.fr:8080/annonces/SVAIP/10010156/SVAIPP10010156F3.wav\""/></prompt></play></request></MediaServerControl>"", ""call_flow_type"" : ""EARLY_MEDIA_AND_RELEASE"", ""header_list"" : []}"
32067,SVAIPP10014725F8,"{""id"" : 32067, ""name"" : ""SVAIPP10014725F8"", ""vpn_id"" : 10014725, ""technical_type"" : ""PERSONALIZED_GREETING"", ""max_duration"" : null, ""release_cause"" : 21, ""network_sip_code"" : 603, ""mscml_user_part"" : ""0943101510014725"", ""mscml_body_content"" : ""<?xml version=\""1.0\"" encoding=\""utf-8\""?><MediaServerControl version=\""1.0\""><request><play><prompt repeat=\""2\""><audio url=\""http://prod-serveur-oms-ip.vente.francetelecom.fr:8080/annonces/SVAIP/silence.wav\""/><audio url=\""http://prod-serveur-oms-ip.vente.francetelecom.fr:8080/annonces/SVAIP/10014725/SVAIPP10014725F8.wav\""/></prompt></play></request></MediaServerControl>"", ""call_flow_type"" : ""EARLY_MEDIA_AND_RELEASE"", ""header_list"" : []}"
32074,SVAIPP10014725F15,"{""id"" : 32074, ""name"" : ""SVAIPP10014725F15"", ""vpn_id"" : 10014725, ""technical_type"" : ""PERSONALIZED_GREETING"", ""max_duration"" : null, ""release_cause"" : 21, ""network_sip_code"" : 603, ""mscml_user_part"" : ""0943101510014725"", ""mscml_body_content"" : ""<?xml version=\""1.0\"" encoding=\""utf-8\""?><MediaServerControl version=\""1.0\""><request><play><prompt repeat=\""2\""><audio url=\""http://prod-serveur-oms-ip.vente.francetelecom.fr:8080/annonces/SVAIP/silence.wav\""/><audio url=\""http://prod-serveur-oms-ip.vente.francetelecom.fr:8080/annonces/SVAIP/10014725/SVAIPP10014725F15.wav\""/></prompt></play></request></MediaServerControl>"", ""call_flow_type"" : ""EARLY_MEDIA_AND_RELEASE"", ""header_list"" : []}"
32562,SVAIPP10017268A000N2,"{""id"" : 32562, ""name"" : ""SVAIPP10017268A000N2"", ""vpn_id"" : 10017268, ""technical_type"" : ""PERSONALIZED_MGIT"", ""max_duration"" : null, ""release_cause"" : 0, ""network_sip_code"" : 0, ""mscml_user_part"" : ""0943101110017268"", ""mscml_body_content"" : ""<?xml version=\""1.0\"" encoding=\""utf-8\""?><MediaServerControl version=\""1.0\""><request><playcollect maxdigits=\""1\"" barge=\""yes\"" extradigittimer=\""immediate\"" firstdigittimer=\""immediate\""><prompt><audio url=\""http://prod-serveur-oms-ip.vente.francetelecom.fr:8080/annonces/SVAIP/silence.wav\""/><audio url=\""http://prod-serveur-oms-ip.vente.francetelecom.fr:8080/annonces/SVAIP/10017268/SVAIPP10017268A000N2.wav\""/></prompt></playcollect></request></MediaServerControl>"", ""call_flow_type"" : ""EARLY_MEDIA_AND_RELEASE"", ""header_list"" : []}"
32621,SVAIPP10011881F1,"{""id"" : 32621, ""name"" : ""SVAIPP10011881F1"", ""vpn_id"" : 10011881, ""technical_type"" : ""PERSONALIZED_GREETING"", ""max_duration"" : null, ""release_cause"" : 21, ""network_sip_code"" : 603, ""mscml_user_part"" : ""0943101510011881"", ""mscml_body_content"" : ""<?xml version=\""1.0\"" encoding=\""utf-8\""?><MediaServerControl version=\""1.0\""><request><play><prompt repeat=\""2\""><audio url=\""http://prod-serveur-oms-ip.vente.francetelecom.fr:8080/annonces/SVAIP/silence.wav\""/><audio url=\""http://prod-serveur-oms-ip.vente.francetelecom.fr:8080/annonces/SVAIP/10011881/SVAIPP10011881F1.wav\""/></prompt></play></request></MediaServerControl>"", ""call_flow_type"" : ""EARLY_MEDIA_AND_RELEASE"", ""header_list"" : []}"
33043,SVAIPP10008025A300N3,"{""id"" : 33043, ""name"" : ""SVAIPP10008025A300N3"", ""vpn_id"" : 10008025, ""technical_type"" : ""PERSONALIZED_MGIT"", ""max_duration"" : null, ""release_cause"" : 0, ""network_sip_code"" : 0, ""mscml_user_part"" : ""0943101110008025"", ""mscml_body_content"" : ""<?xml version=\""1.0\"" encoding=\""utf-8\""?><MediaServerControl version=\""1.0\""><request><playcollect maxdigits=\""1\"" barge=\""yes\"" extradigittimer=\""immediate\"" firstdigittimer=\""immediate\""><prompt><audio url=\""http://prod-serveur-oms-ip.vente.francetelecom.fr:8080/annonces/SVAIP/silence.wav\""/><audio url=\""http://prod-serveur-oms-ip.vente.francetelecom.fr:8080/annonces/SVAIP/10008025/SVAIPP10008025A300N3.wav\""/></prompt></playcollect></request></MediaServerControl>"", ""call_flow_type"" : ""EARLY_MEDIA_AND_RELEASE"", ""header_list"" : []}"
33044,SVAIPP10017981F1,"{""id"" : 33044, ""name"" : ""SVAIPP10017981F1"", ""vpn_id"" : 10017981, ""technical_type"" : ""PERSONALIZED_GREETING"", ""max_duration"" : null, ""release_cause"" : 21, ""network_sip_code"" : 603, ""mscml_user_part"" : ""0943101510017981"", ""mscml_body_content"" : ""<?xml version=\""1.0\"" encoding=\""utf-8\""?><MediaServerControl version=\""1.0\""><request><play><prompt repeat=\""2\""><audio url=\""http://prod-serveur-oms-ip.vente.francetelecom.fr:8080/annonces/SVAIP/silence.wav\""/><audio url=\""http://prod-serveur-oms-ip.vente.francetelecom.fr:8080/annonces/SVAIP/10017981/SVAIPP10017981F1.wav\""/></prompt></play></request></MediaServerControl>"", ""call_flow_type"" : ""EARLY_MEDIA_AND_RELEASE"", ""header_list"" : []}"
31002,SVAIPP10017651F1,"{""id"" : 31002, ""name"" : ""SVAIPP10017651F1"", ""vpn_id"" : 10017651, ""technical_type"" : ""PERSONALIZED_GREETING"", ""max_duration"" : null, ""release_cause"" : 21, ""network_sip_code"" : 603, ""mscml_user_part"" : ""0943101510017651"", ""mscml_body_content"" : ""<?xml version=\""1.0\"" encoding=\""utf-8\""?><MediaServerControl version=\""1.0\""><request><play><prompt repeat=\""2\""><audio url=\""http://prod-serveur-oms-ip.vente.francetelecom.fr:8080/annonces/SVAIP/silence.wav\""/><audio url=\""http://prod-serveur-oms-ip.vente.francetelecom.fr:8080/annonces/SVAIP/10017651/SVAIPP10017651F1.wav\""/></prompt></play></request></MediaServerControl>"", ""call_flow_type"" : ""EARLY_MEDIA_AND_RELEASE"", ""header_list"" : []}"
31081,SVAIPP10016314F4,"{""id"" : 31081, ""name"" : ""SVAIPP10016314F4"", ""vpn_id"" : 10016314, ""technical_type"" : ""PERSONALIZED_GREETING"", ""max_duration"" : null, ""release_cause"" : 21, ""network_sip_code"" : 603, ""mscml_user_part"" : ""0943101510016314"", ""mscml_body_content"" : ""<?xml version=\""1.0\"" encoding=\""utf-8\""?><MediaServerControl version=\""1.0\""><request><play><prompt repeat=\""2\""><audio url=\""http://prod-serveur-oms-ip.vente.francetelecom.fr:8080/annonces/SVAIP/silence.wav\""/><audio url=\""http://prod-serveur-oms-ip.vente.francetelecom.fr:8080/annonces/SVAIP/10016314/SVAIPP10016314F4.wav\""/></prompt></play></request></MediaServerControl>"", ""call_flow_type"" : ""EARLY_MEDIA_AND_RELEASE"", ""header_list"" : []}"
32076,SVAIPP10014725F17,"{""id"" : 32076, ""name"" : ""SVAIPP10014725F17"", ""vpn_id"" : 10014725, ""technical_type"" : ""PERSONALIZED_GREETING"", ""max_duration"" : null, ""release_cause"" : 21, ""network_sip_code"" : 603, ""mscml_user_part"" : ""0943101510014725"", ""mscml_body_content"" : ""<?xml version=\""1.0\"" encoding=\""utf-8\""?><MediaServerControl version=\""1.0\""><request><play><prompt repeat=\""2\""><audio url=\""http://prod-serveur-oms-ip.vente.francetelecom.fr:8080/annonces/SVAIP/silence.wav\""/><audio url=\""http://prod-serveur-oms-ip.vente.francetelecom.fr:8080/annonces/SVAIP/10014725/SVAIPP10014725F17.wav\""/></prompt></play></request></MediaServerControl>"", ""call_flow_type"" : ""EARLY_MEDIA_AND_RELEASE"", ""header_list"" : []}"
32079,SVAIPP10014725F20,"{""id"" : 32079, ""name"" : ""SVAIPP10014725F20"", ""vpn_id"" : 10014725, ""technical_type"" : ""PERSONALIZED_GREETING"", ""max_duration"" : null, ""release_cause"" : 21, ""network_sip_code"" : 603, ""mscml_user_part"" : ""0943101510014725"", ""mscml_body_content"" : ""<?xml version=\""1.0\"" encoding=\""utf-8\""?><MediaServerControl version=\""1.0\""><request><play><prompt repeat=\""2\""><audio url=\""http://prod-serveur-oms-ip.vente.francetelecom.fr:8080/annonces/SVAIP/silence.wav\""/><audio url=\""http://prod-serveur-oms-ip.vente.francetelecom.fr:8080/annonces/SVAIP/10014725/SVAIPP10014725F20.wav\""/></prompt></play></request></MediaServerControl>"", ""call_flow_type"" : ""EARLY_MEDIA_AND_RELEASE"", ""header_list"" : []}"
32661,SVAIPP10002338F1,"{""id"" : 32661, ""name"" : ""SVAIPP10002338F1"", ""vpn_id"" : 10002338, ""technical_type"" : ""PERSONALIZED_GREETING"", ""max_duration"" : null, ""release_cause"" : 21, ""network_sip_code"" : 603, ""mscml_user_part"" : ""0943101510002338"", ""mscml_body_content"" : ""<?xml version=\""1.0\"" encoding=\""utf-8\""?><MediaServerControl version=\""1.0\""><request><play><prompt repeat=\""2\""><audio url=\""http://prod-serveur-oms-ip.vente.francetelecom.fr:8080/annonces/SVAIP/silence.wav\""/><audio url=\""http://prod-serveur-oms-ip.vente.francetelecom.fr:8080/annonces/SVAIP/10002338/SVAIPP10002338F1.wav\""/></prompt></play></request></MediaServerControl>"", ""call_flow_type"" : ""EARLY_MEDIA_AND_RELEASE"", ""header_list"" : []}"
32782,SVAIPP10017688F5,"{""id"" : 32782, ""name"" : ""SVAIPP10017688F5"", ""vpn_id"" : 10017688, ""technical_type"" : ""PERSONALIZED_GREETING"", ""max_duration"" : null, ""release_cause"" : 21, ""network_sip_code"" : 603, ""mscml_user_part"" : ""0943101510017688"", ""mscml_body_content"" : ""<?xml version=\""1.0\"" encoding=\""utf-8\""?><MediaServerControl version=\""1.0\""><request><play><prompt repeat=\""2\""><audio url=\""http://prod-serveur-oms-ip.vente.francetelecom.fr:8080/annonces/SVAIP/silence.wav\""/><audio url=\""http://prod-serveur-oms-ip.vente.francetelecom.fr:8080/annonces/SVAIP/10017688/SVAIPP10017688F5.wav\""/></prompt></play></request></MediaServerControl>"", ""call_flow_type"" : ""EARLY_MEDIA_AND_RELEASE"", ""header_list"" : []}"
33061,SVAIPP10002967F1,"{""id"" : 33061, ""name"" : ""SVAIPP10002967F1"", ""vpn_id"" : 10002967, ""technical_type"" : ""PERSONALIZED_GREETING"", ""max_duration"" : null, ""release_cause"" : 21, ""network_sip_code"" : 603, ""mscml_user_part"" : ""0943101510002967"", ""mscml_body_content"" : ""<?xml version=\""1.0\"" encoding=\""utf-8\""?><MediaServerControl version=\""1.0\""><request><play><prompt repeat=\""2\""><audio url=\""http://prod-serveur-oms-ip.vente.francetelecom.fr:8080/annonces/SVAIP/silence.wav\""/><audio url=\""http://prod-serveur-oms-ip.vente.francetelecom.fr:8080/annonces/SVAIP/10002967/SVAIPP10002967F1.wav\""/></prompt></play></request></MediaServerControl>"", ""call_flow_type"" : ""EARLY_MEDIA_AND_RELEASE"", ""header_list"" : []}"
33081,SVAIPP10017331F6,"{""id"" : 33081, ""name"" : ""SVAIPP10017331F6"", ""vpn_id"" : 10017331, ""technical_type"" : ""PERSONALIZED_GREETING"", ""max_duration"" : null, ""release_cause"" : 21, ""network_sip_code"" : 603, ""mscml_user_part"" : ""0943101510017331"", ""mscml_body_content"" : ""<?xml version=\""1.0\"" encoding=\""utf-8\""?><MediaServerControl version=\""1.0\""><request><play><prompt repeat=\""2\""><audio url=\""http://prod-serveur-oms-ip.vente.francetelecom.fr:8080/annonces/SVAIP/silence.wav\""/><audio url=\""http://prod-serveur-oms-ip.vente.francetelecom.fr:8080/annonces/SVAIP/10017331/SVAIPP10017331F6.wav\""/></prompt></play></request></MediaServerControl>"", ""call_flow_type"" : ""EARLY_MEDIA_AND_RELEASE"", ""header_list"" : []}"
31102,SVAIPP10005170F1,"{""id"" : 31102, ""name"" : ""SVAIPP10005170F1"", ""vpn_id"" : 10005170, ""technical_type"" : ""PERSONALIZED_GREETING"", ""max_duration"" : null, ""release_cause"" : 21, ""network_sip_code"" : 603, ""mscml_user_part"" : ""0943101510005170"", ""mscml_body_content"" : ""<?xml version=\""1.0\"" encoding=\""utf-8\""?><MediaServerControl version=\""1.0\""><request><play><prompt repeat=\""2\""><audio url=\""http://prod-serveur-oms-ip.vente.francetelecom.fr:8080/annonces/SVAIP/silence.wav\""/><audio url=\""http://prod-serveur-oms-ip.vente.francetelecom.fr:8080/annonces/SVAIP/10005170/SVAIPP10005170F1.wav\""/></prompt></play></request></MediaServerControl>"", ""call_flow_type"" : ""EARLY_MEDIA_AND_RELEASE"", ""header_list"" : []}"
31104,SVAIPP10008305F1,"{""id"" : 31104, ""name"" : ""SVAIPP10008305F1"", ""vpn_id"" : 10008305, ""technical_type"" : ""PERSONALIZED_GREETING"", ""max_duration"" : null, ""release_cause"" : 21, ""network_sip_code"" : 603, ""mscml_user_part"" : ""0943101510008305"", ""mscml_body_content"" : ""<?xml version=\""1.0\"" encoding=\""utf-8\""?><MediaServerControl version=\""1.0\""><request><play><prompt repeat=\""2\""><audio url=\""http://prod-serveur-oms-ip.vente.francetelecom.fr:8080/annonces/SVAIP/silence.wav\""/><audio url=\""http://prod-serveur-oms-ip.vente.francetelecom.fr:8080/annonces/SVAIP/10008305/SVAIPP10008305F1.wav\""/></prompt></play></request></MediaServerControl>"", ""call_flow_type"" : ""EARLY_MEDIA_AND_RELEASE"", ""header_list"" : []}"
32080,SVAIPP10014725F21,"{""id"" : 32080, ""name"" : ""SVAIPP10014725F21"", ""vpn_id"" : 10014725, ""technical_type"" : ""PERSONALIZED_GREETING"", ""max_duration"" : null, ""release_cause"" : 21, ""network_sip_code"" : 603, ""mscml_user_part"" : ""0943101510014725"", ""mscml_body_content"" : ""<?xml version=\""1.0\"" encoding=\""utf-8\""?><MediaServerControl version=\""1.0\""><request><play><prompt repeat=\""2\""><audio url=\""http://prod-serveur-oms-ip.vente.francetelecom.fr:8080/annonces/SVAIP/silence.wav\""/><audio url=\""http://prod-serveur-oms-ip.vente.francetelecom.fr:8080/annonces/SVAIP/10014725/SVAIPP10014725F21.wav\""/></prompt></play></request></MediaServerControl>"", ""call_flow_type"" : ""EARLY_MEDIA_AND_RELEASE"", ""header_list"" : []}"
32087,SVAIPP10016325F10,"{""id"" : 32087, ""name"" : ""SVAIPP10016325F10"", ""vpn_id"" : 10016325, ""technical_type"" : ""PERSONALIZED_GREETING"", ""max_duration"" : null, ""release_cause"" : 21, ""network_sip_code"" : 603, ""mscml_user_part"" : ""0943101510016325"", ""mscml_body_content"" : ""<?xml version=\""1.0\"" encoding=\""utf-8\""?><MediaServerControl version=\""1.0\""><request><play><prompt repeat=\""2\""><audio url=\""http://prod-serveur-oms-ip.vente.francetelecom.fr:8080/annonces/SVAIP/silence.wav\""/><audio url=\""http://prod-serveur-oms-ip.vente.francetelecom.fr:8080/annonces/SVAIP/10016325/SVAIPP10016325F10.wav\""/></prompt></play></request></MediaServerControl>"", ""call_flow_type"" : ""EARLY_MEDIA_AND_RELEASE"", ""header_list"" : []}"
32841,SVAIPP10017503F5,"{""id"" : 32841, ""name"" : ""SVAIPP10017503F5"", ""vpn_id"" : 10017503, ""technical_type"" : ""PERSONALIZED_GREETING"", ""max_duration"" : null, ""release_cause"" : 21, ""network_sip_code"" : 603, ""mscml_user_part"" : ""0943101510017503"", ""mscml_body_content"" : ""<?xml version=\""1.0\"" encoding=\""utf-8\""?><MediaServerControl version=\""1.0\""><request><play><prompt repeat=\""2\""><audio url=\""http://prod-serveur-oms-ip.vente.francetelecom.fr:8080/annonces/SVAIP/silence.wav\""/><audio url=\""http://prod-serveur-oms-ip.vente.francetelecom.fr:8080/annonces/SVAIP/10017503/SVAIPP10017503F5.wav\""/></prompt></play></request></MediaServerControl>"", ""call_flow_type"" : ""EARLY_MEDIA_AND_RELEASE"", ""header_list"" : []}"
32842,SVAIPP10017503F6,"{""id"" : 32842, ""name"" : ""SVAIPP10017503F6"", ""vpn_id"" : 10017503, ""technical_type"" : ""PERSONALIZED_GREETING"", ""max_duration"" : null, ""release_cause"" : 21, ""network_sip_code"" : 603, ""mscml_user_part"" : ""0943101510017503"", ""mscml_body_content"" : ""<?xml version=\""1.0\"" encoding=\""utf-8\""?><MediaServerControl version=\""1.0\""><request><play><prompt repeat=\""2\""><audio url=\""http://prod-serveur-oms-ip.vente.francetelecom.fr:8080/annonces/SVAIP/silence.wav\""/><audio url=\""http://prod-serveur-oms-ip.vente.francetelecom.fr:8080/annonces/SVAIP/10017503/SVAIPP10017503F6.wav\""/></prompt></play></request></MediaServerControl>"", ""call_flow_type"" : ""EARLY_MEDIA_AND_RELEASE"", ""header_list"" : []}"
33085,SVAIPP10002967D006P2,"{""id"" : 33085, ""name"" : ""SVAIPP10002967D006P2"", ""vpn_id"" : 10002967, ""technical_type"" : ""PERSONALIZED_MGIT"", ""max_duration"" : null, ""release_cause"" : 0, ""network_sip_code"" : 0, ""mscml_user_part"" : ""0943101110002967"", ""mscml_body_content"" : ""<?xml version=\""1.0\"" encoding=\""utf-8\""?><MediaServerControl version=\""1.0\""><request><playcollect maxdigits=\""1\"" barge=\""yes\"" extradigittimer=\""immediate\"" firstdigittimer=\""immediate\""><prompt><audio url=\""http://prod-serveur-oms-ip.vente.francetelecom.fr:8080/annonces/SVAIP/silence.wav\""/><audio url=\""http://prod-serveur-oms-ip.vente.francetelecom.fr:8080/annonces/SVAIP/10002967/SVAIPP10002967D006P2.wav\""/></prompt></playcollect></request></MediaServerControl>"", ""call_flow_type"" : ""EARLY_MEDIA_AND_RELEASE"", ""header_list"" : []}"
33084,SVAIPP10016599F3,"{""id"" : 33084, ""name"" : ""SVAIPP10016599F3"", ""vpn_id"" : 10016599, ""technical_type"" : ""PERSONALIZED_GREETING"", ""max_duration"" : null, ""release_cause"" : 21, ""network_sip_code"" : 603, ""mscml_user_part"" : ""0943101510016599"", ""mscml_body_content"" : ""<?xml version=\""1.0\"" encoding=\""utf-8\""?><MediaServerControl version=\""1.0\""><request><play><prompt repeat=\""2\""><audio url=\""http://prod-serveur-oms-ip.vente.francetelecom.fr:8080/annonces/SVAIP/silence.wav\""/><audio url=\""http://prod-serveur-oms-ip.vente.francetelecom.fr:8080/annonces/SVAIP/10016599/SVAIPP10016599F3.wav\""/></prompt></play></request></MediaServerControl>"", ""call_flow_type"" : ""EARLY_MEDIA_AND_RELEASE"", ""header_list"" : []}"
29941,SVAIPP10014852F9,"{""id"" : 29941, ""name"" : ""SVAIPP10014852F9"", ""vpn_id"" : 10014852, ""technical_type"" : ""PERSONALIZED_GREETING"", ""max_duration"" : null, ""release_cause"" : 21, ""network_sip_code"" : 603, ""mscml_user_part"" : ""0943101510014852"", ""mscml_body_content"" : ""<?xml version=\""1.0\"" encoding=\""utf-8\""?><MediaServerControl version=\""1.0\""><request><play><prompt repeat=\""2\""><audio url=\""http://prod-serveur-oms-ip.vente.francetelecom.fr:8080/annonces/SVAIP/silence.wav\""/><audio url=\""http://prod-serveur-oms-ip.vente.francetelecom.fr:8080/annonces/SVAIP/10014852/SVAIPP10014852F9.wav\""/></prompt></play></request></MediaServerControl>"", ""call_flow_type"" : ""EARLY_MEDIA_AND_RELEASE"", ""header_list"" : []}"
31168,SVAIPP10017522F1,"{""id"" : 31168, ""name"" : ""SVAIPP10017522F1"", ""vpn_id"" : 10017522, ""technical_type"" : ""PERSONALIZED_GREETING"", ""max_duration"" : null, ""release_cause"" : 21, ""network_sip_code"" : 603, ""mscml_user_part"" : ""0943101510017522"", ""mscml_body_content"" : ""<?xml version=\""1.0\"" encoding=\""utf-8\""?><MediaServerControl version=\""1.0\""><request><play><prompt repeat=\""2\""><audio url=\""http://prod-serveur-oms-ip.vente.francetelecom.fr:8080/annonces/SVAIP/silence.wav\""/><audio url=\""http://prod-serveur-oms-ip.vente.francetelecom.fr:8080/annonces/SVAIP/10017522/SVAIPP10017522F1.wav\""/></prompt></play></request></MediaServerControl>"", ""call_flow_type"" : ""EARLY_MEDIA_AND_RELEASE"", ""header_list"" : []}"
32182,SVAIPP10017971F4,"{""id"" : 32182, ""name"" : ""SVAIPP10017971F4"", ""vpn_id"" : 10017971, ""technical_type"" : ""PERSONALIZED_GREETING"", ""max_duration"" : null, ""release_cause"" : 21, ""network_sip_code"" : 603, ""mscml_user_part"" : ""0943101510017971"", ""mscml_body_content"" : ""<?xml version=\""1.0\"" encoding=\""utf-8\""?><MediaServerControl version=\""1.0\""><request><play><prompt repeat=\""2\""><audio url=\""http://prod-serveur-oms-ip.vente.francetelecom.fr:8080/annonces/SVAIP/silence.wav\""/><audio url=\""http://prod-serveur-oms-ip.vente.francetelecom.fr:8080/annonces/SVAIP/10017971/SVAIPP10017971F4.wav\""/></prompt></play></request></MediaServerControl>"", ""call_flow_type"" : ""EARLY_MEDIA_AND_RELEASE"", ""header_list"" : []}"
32202,SVAIPP10013570F2,"{""id"" : 32202, ""name"" : ""SVAIPP10013570F2"", ""vpn_id"" : 10013570, ""technical_type"" : ""PERSONALIZED_GREETING"", ""max_duration"" : null, ""release_cause"" : 21, ""network_sip_code"" : 603, ""mscml_user_part"" : ""0943101510013570"", ""mscml_body_content"" : ""<?xml version=\""1.0\"" encoding=\""utf-8\""?><MediaServerControl version=\""1.0\""><request><play><prompt repeat=\""2\""><audio url=\""http://prod-serveur-oms-ip.vente.francetelecom.fr:8080/annonces/SVAIP/silence.wav\""/><audio url=\""http://prod-serveur-oms-ip.vente.francetelecom.fr:8080/annonces/SVAIP/10013570/SVAIPP10013570F2.wav\""/></prompt></play></request></MediaServerControl>"", ""call_flow_type"" : ""EARLY_MEDIA_AND_RELEASE"", ""header_list"" : []}"
32886,SVAIPP10003728F73,"{""id"" : 32886, ""name"" : ""SVAIPP10003728F73"", ""vpn_id"" : 10003728, ""technical_type"" : ""PERSONALIZED_GREETING"", ""max_duration"" : null, ""release_cause"" : 21, ""network_sip_code"" : 603, ""mscml_user_part"" : ""0943101510003728"", ""mscml_body_content"" : ""<?xml version=\""1.0\"" encoding=\""utf-8\""?><MediaServerControl version=\""1.0\""><request><play><prompt repeat=\""2\""><audio url=\""http://prod-serveur-oms-ip.vente.francetelecom.fr:8080/annonces/SVAIP/silence.wav\""/><audio url=\""http://prod-serveur-oms-ip.vente.francetelecom.fr:8080/annonces/SVAIP/10003728/SVAIPP10003728F73.wav\""/></prompt></play></request></MediaServerControl>"", ""call_flow_type"" : ""EARLY_MEDIA_AND_RELEASE"", ""header_list"" : []}"
30686,SVAIPP10006284D020N5,"{""id"" : 30686, ""name"" : ""SVAIPP10006284D020N5"", ""vpn_id"" : 10006284, ""technical_type"" : ""PERSONALIZED_MGIT"", ""max_duration"" : null, ""release_cause"" : 0, ""network_sip_code"" : 0, ""mscml_user_part"" : ""0943101110006284"", ""mscml_body_content"" : ""<?xml version=\""1.0\"" encoding=\""utf-8\""?><MediaServerControl version=\""1.0\""><request><playcollect maxdigits=\""1\"" barge=\""yes\"" extradigittimer=\""immediate\"" firstdigittimer=\""immediate\""><prompt><audio url=\""http://prod-serveur-oms-ip.vente.francetelecom.fr:8080/annonces/SVAIP/silence.wav\""/><audio url=\""http://prod-serveur-oms-ip.vente.francetelecom.fr:8080/annonces/SVAIP/10006284/SVAIPP10006284D020N5.wav\""/></prompt></playcollect></request></MediaServerControl>"", ""call_flow_type"" : ""EARLY_MEDIA_AND_RELEASE"", ""header_list"" : []}"
34241,SVAIPP10017625F4,"{""id"" : 34241, ""name"" : ""SVAIPP10017625F4"", ""vpn_id"" : 10017625, ""technical_type"" : ""PERSONALIZED_GREETING"", ""max_duration"" : null, ""release_cause"" : 21, ""network_sip_code"" : 603, ""mscml_user_part"" : ""0943101510017625"", ""mscml_body_content"" : ""<?xml version=\""1.0\"" encoding=\""utf-8\""?><MediaServerControl version=\""1.0\""><request><play><prompt repeat=\""2\""><audio url=\""http://prod-serveur-oms-ip.vente.francetelecom.fr:8080/annonces/SVAIP/silence.wav\""/><audio url=\""http://prod-serveur-oms-ip.vente.francetelecom.fr:8080/annonces/SVAIP/10017625/SVAIPP10017625F4.wav\""/></prompt></play></request></MediaServerControl>"", ""call_flow_type"" : ""EARLY_MEDIA_AND_RELEASE"", ""header_list"" : []}"
30724,SVAIPP10018092F1,"{""id"" : 30724, ""name"" : ""SVAIPP10018092F1"", ""vpn_id"" : 10018092, ""technical_type"" : ""PERSONALIZED_GREETING"", ""max_duration"" : null, ""release_cause"" : 21, ""network_sip_code"" : 603, ""mscml_user_part"" : ""0943101510018092"", ""mscml_body_content"" : ""<?xml version=\""1.0\"" encoding=\""utf-8\""?><MediaServerControl version=\""1.0\""><request><play><prompt repeat=\""2\""><audio url=\""http://prod-serveur-oms-ip.vente.francetelecom.fr:8080/annonces/SVAIP/silence.wav\""/><audio url=\""http://prod-serveur-oms-ip.vente.francetelecom.fr:8080/annonces/SVAIP/10018092/SVAIPP10018092F1.wav\""/></prompt></play></request></MediaServerControl>"", ""call_flow_type"" : ""EARLY_MEDIA_AND_RELEASE"", ""header_list"" : []}"
31221,SVAIPP10016387A150P3,"{""id"" : 31221, ""name"" : ""SVAIPP10016387A150P3"", ""vpn_id"" : 10016387, ""technical_type"" : ""PERSONALIZED_MGIT"", ""max_duration"" : null, ""release_cause"" : 0, ""network_sip_code"" : 0, ""mscml_user_part"" : ""0943101110016387"", ""mscml_body_content"" : ""<?xml version=\""1.0\"" encoding=\""utf-8\""?><MediaServerControl version=\""1.0\""><request><playcollect maxdigits=\""1\"" barge=\""yes\"" extradigittimer=\""immediate\"" firstdigittimer=\""immediate\""><prompt><audio url=\""http://prod-serveur-oms-ip.vente.francetelecom.fr:8080/annonces/SVAIP/silence.wav\""/><audio url=\""http://prod-serveur-oms-ip.vente.francetelecom.fr:8080/annonces/SVAIP/10016387/SVAIPP10016387A150P3.wav\""/></prompt></playcollect></request></MediaServerControl>"", ""call_flow_type"" : ""EARLY_MEDIA_AND_RELEASE"", ""header_list"" : []}"
31266,SVAIPP10016244F5,"{""id"" : 31266, ""name"" : ""SVAIPP10016244F5"", ""vpn_id"" : 10016244, ""technical_type"" : ""PERSONALIZED_GREETING"", ""max_duration"" : null, ""release_cause"" : 21, ""network_sip_code"" : 603, ""mscml_user_part"" : ""0943101510016244"", ""mscml_body_content"" : ""<?xml version=\""1.0\"" encoding=\""utf-8\""?><MediaServerControl version=\""1.0\""><request><play><prompt repeat=\""2\""><audio url=\""http://prod-serveur-oms-ip.vente.francetelecom.fr:8080/annonces/SVAIP/silence.wav\""/><audio url=\""http://prod-serveur-oms-ip.vente.francetelecom.fr:8080/annonces/SVAIP/10016244/SVAIPP10016244F5.wav\""/></prompt></play></request></MediaServerControl>"", ""call_flow_type"" : ""EARLY_MEDIA_AND_RELEASE"", ""header_list"" : []}"
33222,SVAIPP10003728A005N86,"{""id"" : 33222, ""name"" : ""SVAIPP10003728A005N86"", ""vpn_id"" : 10003728, ""technical_type"" : ""PERSONALIZED_MGIT"", ""max_duration"" : null, ""release_cause"" : 0, ""network_sip_code"" : 0, ""mscml_user_part"" : ""0943101110003728"", ""mscml_body_content"" : ""<?xml version=\""1.0\"" encoding=\""utf-8\""?><MediaServerControl version=\""1.0\""><request><playcollect maxdigits=\""1\"" barge=\""yes\"" extradigittimer=\""immediate\"" firstdigittimer=\""immediate\""><prompt><audio url=\""http://prod-serveur-oms-ip.vente.francetelecom.fr:8080/annonces/SVAIP/silence.wav\""/><audio url=\""http://prod-serveur-oms-ip.vente.francetelecom.fr:8080/annonces/SVAIP/10003728/SVAIPP10003728A005N86.wav\""/></prompt></playcollect></request></MediaServerControl>"", ""call_flow_type"" : ""EARLY_MEDIA_AND_RELEASE"", ""header_list"" : []}"
29541,SVAIPP10005919F1,"{""id"" : 29541, ""name"" : ""SVAIPP10005919F1"", ""vpn_id"" : 10005919, ""technical_type"" : ""PERSONALIZED_GREETING"", ""max_duration"" : null, ""release_cause"" : 21, ""network_sip_code"" : 603, ""mscml_user_part"" : ""0943101510005919"", ""mscml_body_content"" : ""<?xml version=\""1.0\"" encoding=\""utf-8\""?><MediaServerControl version=\""1.0\""><request><play><prompt repeat=\""2\""><audio url=\""http://prod-serveur-oms-ip.vente.francetelecom.fr:8080/annonces/SVAIP/silence.wav\""/><audio url=\""http://prod-serveur-oms-ip.vente.francetelecom.fr:8080/annonces/SVAIP/10005919/SVAIPP10005919F1.wav\""/></prompt></play></request></MediaServerControl>"", ""call_flow_type"" : ""EARLY_MEDIA_AND_RELEASE"", ""header_list"" : []}"
32921,SVAIPP10017503F11,"{""id"" : 32921, ""name"" : ""SVAIPP10017503F11"", ""vpn_id"" : 10017503, ""technical_type"" : ""PERSONALIZED_GREETING"", ""max_duration"" : null, ""release_cause"" : 21, ""network_sip_code"" : 603, ""mscml_user_part"" : ""0943101510017503"", ""mscml_body_content"" : ""<?xml version=\""1.0\"" encoding=\""utf-8\""?><MediaServerControl version=\""1.0\""><request><play><prompt repeat=\""2\""><audio url=\""http://prod-serveur-oms-ip.vente.francetelecom.fr:8080/annonces/SVAIP/silence.wav\""/><audio url=\""http://prod-serveur-oms-ip.vente.francetelecom.fr:8080/annonces/SVAIP/10017503/SVAIPP10017503F11.wav\""/></prompt></play></request></MediaServerControl>"", ""call_flow_type"" : ""EARLY_MEDIA_AND_RELEASE"", ""header_list"" : []}"
32902,SVAIPP10003728A299P75,"{""id"" : 32902, ""name"" : ""SVAIPP10003728A299P75"", ""vpn_id"" : 10003728, ""technical_type"" : ""PERSONALIZED_MGIT"", ""max_duration"" : null, ""release_cause"" : 0, ""network_sip_code"" : 0, ""mscml_user_part"" : ""0943101110003728"", ""mscml_body_content"" : ""<?xml version=\""1.0\"" encoding=\""utf-8\""?><MediaServerControl version=\""1.0\""><request><playcollect maxdigits=\""1\"" barge=\""yes\"" extradigittimer=\""immediate\"" firstdigittimer=\""immediate\""><prompt><audio url=\""http://prod-serveur-oms-ip.vente.francetelecom.fr:8080/annonces/SVAIP/silence.wav\""/><audio url=\""http://prod-serveur-oms-ip.vente.francetelecom.fr:8080/annonces/SVAIP/10003728/SVAIPP10003728A299P75.wav\""/></prompt></playcollect></request></MediaServerControl>"", ""call_flow_type"" : ""EARLY_MEDIA_AND_RELEASE"", ""header_list"" : []}"
29621,SVAIPP10016739F1,"{""id"" : 29621, ""name"" : ""SVAIPP10016739F1"", ""vpn_id"" : 10016739, ""technical_type"" : ""PERSONALIZED_GREETING"", ""max_duration"" : null, ""release_cause"" : 21, ""network_sip_code"" : 603, ""mscml_user_part"" : ""0943101510016739"", ""mscml_body_content"" : ""<?xml version=\""1.0\"" encoding=\""utf-8\""?><MediaServerControl version=\""1.0\""><request><play><prompt repeat=\""2\""><audio url=\""http://prod-serveur-oms-ip.vente.francetelecom.fr:8080/annonces/SVAIP/silence.wav\""/><audio url=\""http://prod-serveur-oms-ip.vente.francetelecom.fr:8080/annonces/SVAIP/10016739/SVAIPP10016739F1.wav\""/></prompt></play></request></MediaServerControl>"", ""call_flow_type"" : ""EARLY_MEDIA_AND_RELEASE"", ""header_list"" : []}"
33446,SVAIPP10014121F1,"{""id"" : 33446, ""name"" : ""SVAIPP10014121F1"", ""vpn_id"" : 10014121, ""technical_type"" : ""PERSONALIZED_GREETING"", ""max_duration"" : null, ""release_cause"" : 21, ""network_sip_code"" : 603, ""mscml_user_part"" : ""0943101510014121"", ""mscml_body_content"" : ""<?xml version=\""1.0\"" encoding=\""utf-8\""?><MediaServerControl version=\""1.0\""><request><play><prompt repeat=\""2\""><audio url=\""http://prod-serveur-oms-ip.vente.francetelecom.fr:8080/annonces/SVAIP/silence.wav\""/><audio url=\""http://prod-serveur-oms-ip.vente.francetelecom.fr:8080/annonces/SVAIP/10014121/SVAIPP10014121F1.wav\""/></prompt></play></request></MediaServerControl>"", ""call_flow_type"" : ""EARLY_MEDIA_AND_RELEASE"", ""header_list"" : []}"
31301,SVAIPP10013570F1,"{""id"" : 31301, ""name"" : ""SVAIPP10013570F1"", ""vpn_id"" : 10013570, ""technical_type"" : ""PERSONALIZED_GREETING"", ""max_duration"" : null, ""release_cause"" : 21, ""network_sip_code"" : 603, ""mscml_user_part"" : ""0943101510013570"", ""mscml_body_content"" : ""<?xml version=\""1.0\"" encoding=\""utf-8\""?><MediaServerControl version=\""1.0\""><request><play><prompt repeat=\""2\""><audio url=\""http://prod-serveur-oms-ip.vente.francetelecom.fr:8080/annonces/SVAIP/silence.wav\""/><audio url=\""http://prod-serveur-oms-ip.vente.francetelecom.fr:8080/annonces/SVAIP/10013570/SVAIPP10013570F1.wav\""/></prompt></play></request></MediaServerControl>"", ""call_flow_type"" : ""EARLY_MEDIA_AND_RELEASE"", ""header_list"" : []}"
29525,SVAIPP10016755D040P2,"{""id"" : 29525, ""name"" : ""SVAIPP10016755D040P2"", ""vpn_id"" : 10016755, ""technical_type"" : ""PERSONALIZED_MGIT"", ""max_duration"" : null, ""release_cause"" : 0, ""network_sip_code"" : 0, ""mscml_user_part"" : ""0943101110016755"", ""mscml_body_content"" : ""<?xml version=\""1.0\"" encoding=\""utf-8\""?><MediaServerControl version=\""1.0\""><request><playcollect maxdigits=\""1\"" barge=\""yes\"" extradigittimer=\""immediate\"" firstdigittimer=\""immediate\""><prompt><audio url=\""http://prod-serveur-oms-ip.vente.francetelecom.fr:8080/annonces/SVAIP/silence.wav\""/><audio url=\""http://prod-serveur-oms-ip.vente.francetelecom.fr:8080/annonces/SVAIP/10016755/SVAIPP10016755D040P2.wav\""/></prompt></playcollect></request></MediaServerControl>"", ""call_flow_type"" : ""EARLY_MEDIA_AND_RELEASE"", ""header_list"" : []}"
29561,SVAIPP10016401F1,"{""id"" : 29561, ""name"" : ""SVAIPP10016401F1"", ""vpn_id"" : 10016401, ""technical_type"" : ""PERSONALIZED_GREETING"", ""max_duration"" : null, ""release_cause"" : 21, ""network_sip_code"" : 603, ""mscml_user_part"" : ""0943101510016401"", ""mscml_body_content"" : ""<?xml version=\""1.0\"" encoding=\""utf-8\""?><MediaServerControl version=\""1.0\""><request><play><prompt repeat=\""2\""><audio url=\""http://prod-serveur-oms-ip.vente.francetelecom.fr:8080/annonces/SVAIP/silence.wav\""/><audio url=\""http://prod-serveur-oms-ip.vente.francetelecom.fr:8080/annonces/SVAIP/10016401/SVAIPP10016401F1.wav\""/></prompt></play></request></MediaServerControl>"", ""call_flow_type"" : ""EARLY_MEDIA_AND_RELEASE"", ""header_list"" : []}"
29601,SVAIPP10006153F1,"{""id"" : 29601, ""name"" : ""SVAIPP10006153F1"", ""vpn_id"" : 10006153, ""technical_type"" : ""PERSONALIZED_GREETING"", ""max_duration"" : null, ""release_cause"" : 21, ""network_sip_code"" : 603, ""mscml_user_part"" : ""0943101510006153"", ""mscml_body_content"" : ""<?xml version=\""1.0\"" encoding=\""utf-8\""?><MediaServerControl version=\""1.0\""><request><play><prompt repeat=\""2\""><audio url=\""http://prod-serveur-oms-ip.vente.francetelecom.fr:8080/annonces/SVAIP/silence.wav\""/><audio url=\""http://prod-serveur-oms-ip.vente.francetelecom.fr:8080/annonces/SVAIP/10006153/SVAIPP10006153F1.wav\""/></prompt></play></request></MediaServerControl>"", ""call_flow_type"" : ""EARLY_MEDIA_AND_RELEASE"", ""header_list"" : []}"
32922,SVAIPP10017503F12,"{""id"" : 32922, ""name"" : ""SVAIPP10017503F12"", ""vpn_id"" : 10017503, ""technical_type"" : ""PERSONALIZED_GREETING"", ""max_duration"" : null, ""release_cause"" : 21, ""network_sip_code"" : 603, ""mscml_user_part"" : ""0943101510017503"", ""mscml_body_content"" : ""<?xml version=\""1.0\"" encoding=\""utf-8\""?><MediaServerControl version=\""1.0\""><request><play><prompt repeat=\""2\""><audio url=\""http://prod-serveur-oms-ip.vente.francetelecom.fr:8080/annonces/SVAIP/silence.wav\""/><audio url=\""http://prod-serveur-oms-ip.vente.francetelecom.fr:8080/annonces/SVAIP/10017503/SVAIPP10017503F12.wav\""/></prompt></play></request></MediaServerControl>"", ""call_flow_type"" : ""EARLY_MEDIA_AND_RELEASE"", ""header_list"" : []}"
30485,SVAIPP10004077D012P31,"{""id"" : 30485, ""name"" : ""SVAIPP10004077D012P31"", ""vpn_id"" : 10004077, ""technical_type"" : ""PERSONALIZED_MGIT"", ""max_duration"" : null, ""release_cause"" : 0, ""network_sip_code"" : 0, ""mscml_user_part"" : ""0943101110004077"", ""mscml_body_content"" : ""<?xml version=\""1.0\"" encoding=\""utf-8\""?><MediaServerControl version=\""1.0\""><request><playcollect maxdigits=\""1\"" barge=\""yes\"" extradigittimer=\""immediate\"" firstdigittimer=\""immediate\""><prompt><audio url=\""http://prod-serveur-oms-ip.vente.francetelecom.fr:8080/annonces/SVAIP/silence.wav\""/><audio url=\""http://prod-serveur-oms-ip.vente.francetelecom.fr:8080/annonces/SVAIP/10004077/SVAIPP10004077D012P31.wav\""/></prompt></playcollect></request></MediaServerControl>"", ""call_flow_type"" : ""EARLY_MEDIA_AND_RELEASE"", ""header_list"" : []}"
30742,SVAIPP10005700F3,"{""id"" : 30742, ""name"" : ""SVAIPP10005700F3"", ""vpn_id"" : 10005700, ""technical_type"" : ""PERSONALIZED_GREETING"", ""max_duration"" : null, ""release_cause"" : 21, ""network_sip_code"" : 603, ""mscml_user_part"" : ""0943101510005700"", ""mscml_body_content"" : ""<?xml version=\""1.0\"" encoding=\""utf-8\""?><MediaServerControl version=\""1.0\""><request><play><prompt repeat=\""2\""><audio url=\""http://prod-serveur-oms-ip.vente.francetelecom.fr:8080/annonces/SVAIP/silence.wav\""/><audio url=\""http://prod-serveur-oms-ip.vente.francetelecom.fr:8080/annonces/SVAIP/10005700/SVAIPP10005700F3.wav\""/></prompt></play></request></MediaServerControl>"", ""call_flow_type"" : ""EARLY_MEDIA_AND_RELEASE"", ""header_list"" : []}"
29461,SVAIPP10014692F4,"{""id"" : 29461, ""name"" : ""SVAIPP10014692F4"", ""vpn_id"" : 10014692, ""technical_type"" : ""PERSONALIZED_GREETING"", ""max_duration"" : null, ""release_cause"" : 21, ""network_sip_code"" : 603, ""mscml_user_part"" : ""0943101510014692"", ""mscml_body_content"" : ""<?xml version=\""1.0\"" encoding=\""utf-8\""?><MediaServerControl version=\""1.0\""><request><play><prompt repeat=\""2\""><audio url=\""http://prod-serveur-oms-ip.vente.francetelecom.fr:8080/annonces/SVAIP/silence.wav\""/><audio url=\""http://prod-serveur-oms-ip.vente.francetelecom.fr:8080/annonces/SVAIP/10014692/SVAIPP10014692F4.wav\""/></prompt></play></request></MediaServerControl>"", ""call_flow_type"" : ""EARLY_MEDIA_AND_RELEASE"", ""header_list"" : []}"
34562,SVAIPP10017688F8,"{""id"" : 34562, ""name"" : ""SVAIPP10017688F8"", ""vpn_id"" : 10017688, ""technical_type"" : ""PERSONALIZED_GREETING"", ""max_duration"" : null, ""release_cause"" : 21, ""network_sip_code"" : 603, ""mscml_user_part"" : ""0943101510017688"", ""mscml_body_content"" : ""<?xml version=\""1.0\"" encoding=\""utf-8\""?><MediaServerControl version=\""1.0\""><request><play><prompt repeat=\""2\""><audio url=\""http://prod-serveur-oms-ip.vente.francetelecom.fr:8080/annonces/SVAIP/silence.wav\""/><audio url=\""http://prod-serveur-oms-ip.vente.francetelecom.fr:8080/annonces/SVAIP/10017688/SVAIPP10017688F8.wav\""/></prompt></play></request></MediaServerControl>"", ""call_flow_type"" : ""EARLY_MEDIA_AND_RELEASE"", ""header_list"" : []}"
29483,SVAIPP10014852F6,"{""id"" : 29483, ""name"" : ""SVAIPP10014852F6"", ""vpn_id"" : 10014852, ""technical_type"" : ""PERSONALIZED_GREETING"", ""max_duration"" : null, ""release_cause"" : 21, ""network_sip_code"" : 603, ""mscml_user_part"" : ""0943101510014852"", ""mscml_body_content"" : ""<?xml version=\""1.0\"" encoding=\""utf-8\""?><MediaServerControl version=\""1.0\""><request><play><prompt repeat=\""2\""><audio url=\""http://prod-serveur-oms-ip.vente.francetelecom.fr:8080/annonces/SVAIP/silence.wav\""/><audio url=\""http://prod-serveur-oms-ip.vente.francetelecom.fr:8080/annonces/SVAIP/10014852/SVAIPP10014852F6.wav\""/></prompt></play></request></MediaServerControl>"", ""call_flow_type"" : ""EARLY_MEDIA_AND_RELEASE"", ""header_list"" : []}"
32664,SVAIPP10002338F4,"{""id"" : 32664, ""name"" : ""SVAIPP10002338F4"", ""vpn_id"" : 10002338, ""technical_type"" : ""PERSONALIZED_GREETING"", ""max_duration"" : null, ""release_cause"" : 21, ""network_sip_code"" : 603, ""mscml_user_part"" : ""0943101510002338"", ""mscml_body_content"" : ""<?xml version=\""1.0\"" encoding=\""utf-8\""?><MediaServerControl version=\""1.0\""><request><play><prompt repeat=\""2\""><audio url=\""http://prod-serveur-oms-ip.vente.francetelecom.fr:8080/annonces/SVAIP/silence.wav\""/><audio url=\""http://prod-serveur-oms-ip.vente.francetelecom.fr:8080/annonces/SVAIP/10002338/SVAIPP10002338F4.wav\""/></prompt></play></request></MediaServerControl>"", ""call_flow_type"" : ""EARLY_MEDIA_AND_RELEASE"", ""header_list"" : []}"
33002,SVAIPP10003728D012R79,"{""id"" : 33002, ""name"" : ""SVAIPP10003728D012R79"", ""vpn_id"" : 10003728, ""technical_type"" : ""PERSONALIZED_MGIT"", ""max_duration"" : null, ""release_cause"" : 0, ""network_sip_code"" : 0, ""mscml_user_part"" : ""0943101110003728"", ""mscml_body_content"" : ""<?xml version=\""1.0\"" encoding=\""utf-8\""?><MediaServerControl version=\""1.0\""><request><playcollect maxdigits=\""1\"" barge=\""yes\"" extradigittimer=\""immediate\"" firstdigittimer=\""immediate\""><prompt><audio url=\""http://prod-serveur-oms-ip.vente.francetelecom.fr:8080/annonces/SVAIP/silence.wav\""/><audio url=\""http://prod-serveur-oms-ip.vente.francetelecom.fr:8080/annonces/SVAIP/10003728/SVAIPP10003728D012R79.wav\""/></prompt></playcollect></request></MediaServerControl>"", ""call_flow_type"" : ""EARLY_MEDIA_AND_RELEASE"", ""header_list"" : []}"
30761,SVAIPP10016149F1,"{""id"" : 30761, ""name"" : ""SVAIPP10016149F1"", ""vpn_id"" : 10016149, ""technical_type"" : ""PERSONALIZED_GREETING"", ""max_duration"" : null, ""release_cause"" : 21, ""network_sip_code"" : 603, ""mscml_user_part"" : ""0943101510016149"", ""mscml_body_content"" : ""<?xml version=\""1.0\"" encoding=\""utf-8\""?><MediaServerControl version=\""1.0\""><request><play><prompt repeat=\""2\""><audio url=\""http://prod-serveur-oms-ip.vente.francetelecom.fr:8080/annonces/SVAIP/silence.wav\""/><audio url=\""http://prod-serveur-oms-ip.vente.francetelecom.fr:8080/annonces/SVAIP/10016149/SVAIPP10016149F1.wav\""/></prompt></play></request></MediaServerControl>"", ""call_flow_type"" : ""EARLY_MEDIA_AND_RELEASE"", ""header_list"" : []}"
30481,SVAIPP10011302F3,"{""id"" : 30481, ""name"" : ""SVAIPP10011302F3"", ""vpn_id"" : 10011302, ""technical_type"" : ""PERSONALIZED_GREETING"", ""max_duration"" : null, ""release_cause"" : 21, ""network_sip_code"" : 603, ""mscml_user_part"" : ""0943101510011302"", ""mscml_body_content"" : ""<?xml version=\""1.0\"" encoding=\""utf-8\""?><MediaServerControl version=\""1.0\""><request><play><prompt repeat=\""2\""><audio url=\""http://prod-serveur-oms-ip.vente.francetelecom.fr:8080/annonces/SVAIP/silence.wav\""/><audio url=\""http://prod-serveur-oms-ip.vente.francetelecom.fr:8080/annonces/SVAIP/10011302/SVAIPP10011302F3.wav\""/></prompt></play></request></MediaServerControl>"", ""call_flow_type"" : ""EARLY_MEDIA_AND_RELEASE"", ""header_list"" : []}"
32561,SVAIPP10017268F1,"{""id"" : 32561, ""name"" : ""SVAIPP10017268F1"", ""vpn_id"" : 10017268, ""technical_type"" : ""PERSONALIZED_GREETING"", ""max_duration"" : null, ""release_cause"" : 21, ""network_sip_code"" : 603, ""mscml_user_part"" : ""0943101510017268"", ""mscml_body_content"" : ""<?xml version=\""1.0\"" encoding=\""utf-8\""?><MediaServerControl version=\""1.0\""><request><play><prompt repeat=\""2\""><audio url=\""http://prod-serveur-oms-ip.vente.francetelecom.fr:8080/annonces/SVAIP/silence.wav\""/><audio url=\""http://prod-serveur-oms-ip.vente.francetelecom.fr:8080/annonces/SVAIP/10017268/SVAIPP10017268F1.wav\""/></prompt></play></request></MediaServerControl>"", ""call_flow_type"" : ""EARLY_MEDIA_AND_RELEASE"", ""header_list"" : []}"
29524,SVAIPP10016755D040P1,"{""id"" : 29524, ""name"" : ""SVAIPP10016755D040P1"", ""vpn_id"" : 10016755, ""technical_type"" : ""PERSONALIZED_MGIT"", ""max_duration"" : null, ""release_cause"" : 0, ""network_sip_code"" : 0, ""mscml_user_part"" : ""0943101110016755"", ""mscml_body_content"" : ""<?xml version=\""1.0\"" encoding=\""utf-8\""?><MediaServerControl version=\""1.0\""><request><playcollect maxdigits=\""1\"" barge=\""yes\"" extradigittimer=\""immediate\"" firstdigittimer=\""immediate\""><prompt><audio url=\""http://prod-serveur-oms-ip.vente.francetelecom.fr:8080/annonces/SVAIP/silence.wav\""/><audio url=\""http://prod-serveur-oms-ip.vente.francetelecom.fr:8080/annonces/SVAIP/10016755/SVAIPP10016755D040P1.wav\""/></prompt></playcollect></request></MediaServerControl>"", ""call_flow_type"" : ""EARLY_MEDIA_AND_RELEASE"", ""header_list"" : []}"
29581,SVAIPP10005919F3,"{""id"" : 29581, ""name"" : ""SVAIPP10005919F3"", ""vpn_id"" : 10005919, ""technical_type"" : ""PERSONALIZED_GREETING"", ""max_duration"" : null, ""release_cause"" : 21, ""network_sip_code"" : 603, ""mscml_user_part"" : ""0943101510005919"", ""mscml_body_content"" : ""<?xml version=\""1.0\"" encoding=\""utf-8\""?><MediaServerControl version=\""1.0\""><request><play><prompt repeat=\""2\""><audio url=\""http://prod-serveur-oms-ip.vente.francetelecom.fr:8080/annonces/SVAIP/silence.wav\""/><audio url=\""http://prod-serveur-oms-ip.vente.francetelecom.fr:8080/annonces/SVAIP/10005919/SVAIPP10005919F3.wav\""/></prompt></play></request></MediaServerControl>"", ""call_flow_type"" : ""EARLY_MEDIA_AND_RELEASE"", ""header_list"" : []}"
33003,SVAIPP10003728D012N80,"{""id"" : 33003, ""name"" : ""SVAIPP10003728D012N80"", ""vpn_id"" : 10003728, ""technical_type"" : ""PERSONALIZED_MGIT"", ""max_duration"" : null, ""release_cause"" : 0, ""network_sip_code"" : 0, ""mscml_user_part"" : ""0943101110003728"", ""mscml_body_content"" : ""<?xml version=\""1.0\"" encoding=\""utf-8\""?><MediaServerControl version=\""1.0\""><request><playcollect maxdigits=\""1\"" barge=\""yes\"" extradigittimer=\""immediate\"" firstdigittimer=\""immediate\""><prompt><audio url=\""http://prod-serveur-oms-ip.vente.francetelecom.fr:8080/annonces/SVAIP/silence.wav\""/><audio url=\""http://prod-serveur-oms-ip.vente.francetelecom.fr:8080/annonces/SVAIP/10003728/SVAIPP10003728D012N80.wav\""/></prompt></playcollect></request></MediaServerControl>"", ""call_flow_type"" : ""EARLY_MEDIA_AND_RELEASE"", ""header_list"" : []}"
33021,SVAIPP10003728F81,"{""id"" : 33021, ""name"" : ""SVAIPP10003728F81"", ""vpn_id"" : 10003728, ""technical_type"" : ""PERSONALIZED_GREETING"", ""max_duration"" : null, ""release_cause"" : 21, ""network_sip_code"" : 603, ""mscml_user_part"" : ""0943101510003728"", ""mscml_body_content"" : ""<?xml version=\""1.0\"" encoding=\""utf-8\""?><MediaServerControl version=\""1.0\""><request><play><prompt repeat=\""2\""><audio url=\""http://prod-serveur-oms-ip.vente.francetelecom.fr:8080/annonces/SVAIP/silence.wav\""/><audio url=\""http://prod-serveur-oms-ip.vente.francetelecom.fr:8080/annonces/SVAIP/10003728/SVAIPP10003728F81.wav\""/></prompt></play></request></MediaServerControl>"", ""call_flow_type"" : ""EARLY_MEDIA_AND_RELEASE"", ""header_list"" : []}"
30524,SVAIPP10008639F1,"{""id"" : 30524, ""name"" : ""SVAIPP10008639F1"", ""vpn_id"" : 10008639, ""technical_type"" : ""PERSONALIZED_GREETING"", ""max_duration"" : null, ""release_cause"" : 21, ""network_sip_code"" : 603, ""mscml_user_part"" : ""0943101510008639"", ""mscml_body_content"" : ""<?xml version=\""1.0\"" encoding=\""utf-8\""?><MediaServerControl version=\""1.0\""><request><play><prompt repeat=\""2\""><audio url=\""http://prod-serveur-oms-ip.vente.francetelecom.fr:8080/annonces/SVAIP/silence.wav\""/><audio url=\""http://prod-serveur-oms-ip.vente.francetelecom.fr:8080/annonces/SVAIP/10008639/SVAIPP10008639F1.wav\""/></prompt></play></request></MediaServerControl>"", ""call_flow_type"" : ""EARLY_MEDIA_AND_RELEASE"", ""header_list"" : []}"
30822,SVAIPP10012081F4,"{""id"" : 30822, ""name"" : ""SVAIPP10012081F4"", ""vpn_id"" : 10012081, ""technical_type"" : ""PERSONALIZED_GREETING"", ""max_duration"" : null, ""release_cause"" : 21, ""network_sip_code"" : 603, ""mscml_user_part"" : ""0943101510012081"", ""mscml_body_content"" : ""<?xml version=\""1.0\"" encoding=\""utf-8\""?><MediaServerControl version=\""1.0\""><request><play><prompt repeat=\""2\""><audio url=\""http://prod-serveur-oms-ip.vente.francetelecom.fr:8080/annonces/SVAIP/silence.wav\""/><audio url=\""http://prod-serveur-oms-ip.vente.francetelecom.fr:8080/annonces/SVAIP/10012081/SVAIPP10012081F4.wav\""/></prompt></play></request></MediaServerControl>"", ""call_flow_type"" : ""EARLY_MEDIA_AND_RELEASE"", ""header_list"" : []}"
29881,SVAIPP10004077D015P26,"{""id"" : 29881, ""name"" : ""SVAIPP10004077D015P26"", ""vpn_id"" : 10004077, ""technical_type"" : ""PERSONALIZED_MGIT"", ""max_duration"" : null, ""release_cause"" : 0, ""network_sip_code"" : 0, ""mscml_user_part"" : ""0943101110004077"", ""mscml_body_content"" : ""<?xml version=\""1.0\"" encoding=\""utf-8\""?><MediaServerControl version=\""1.0\""><request><playcollect maxdigits=\""1\"" barge=\""yes\"" extradigittimer=\""immediate\"" firstdigittimer=\""immediate\""><prompt><audio url=\""http://prod-serveur-oms-ip.vente.francetelecom.fr:8080/annonces/SVAIP/silence.wav\""/><audio url=\""http://prod-serveur-oms-ip.vente.francetelecom.fr:8080/annonces/SVAIP/10004077/SVAIPP10004077D015P26.wav\""/></prompt></playcollect></request></MediaServerControl>"", ""call_flow_type"" : ""EARLY_MEDIA_AND_RELEASE"", ""header_list"" : []}"
31441,SVAIPP10017504F1,"{""id"" : 31441, ""name"" : ""SVAIPP10017504F1"", ""vpn_id"" : 10017504, ""technical_type"" : ""PERSONALIZED_GREETING"", ""max_duration"" : null, ""release_cause"" : 21, ""network_sip_code"" : 603, ""mscml_user_part"" : ""0943101510017504"", ""mscml_body_content"" : ""<?xml version=\""1.0\"" encoding=\""utf-8\""?><MediaServerControl version=\""1.0\""><request><play><prompt repeat=\""2\""><audio url=\""http://prod-serveur-oms-ip.vente.francetelecom.fr:8080/annonces/SVAIP/silence.wav\""/><audio url=\""http://prod-serveur-oms-ip.vente.francetelecom.fr:8080/annonces/SVAIP/10017504/SVAIPP10017504F1.wav\""/></prompt></play></request></MediaServerControl>"", ""call_flow_type"" : ""EARLY_MEDIA_AND_RELEASE"", ""header_list"" : []}"
29582,SVAIPP10005919F4,"{""id"" : 29582, ""name"" : ""SVAIPP10005919F4"", ""vpn_id"" : 10005919, ""technical_type"" : ""PERSONALIZED_GREETING"", ""max_duration"" : null, ""release_cause"" : 21, ""network_sip_code"" : 603, ""mscml_user_part"" : ""0943101510005919"", ""mscml_body_content"" : ""<?xml version=\""1.0\"" encoding=\""utf-8\""?><MediaServerControl version=\""1.0\""><request><play><prompt repeat=\""2\""><audio url=\""http://prod-serveur-oms-ip.vente.francetelecom.fr:8080/annonces/SVAIP/silence.wav\""/><audio url=\""http://prod-serveur-oms-ip.vente.francetelecom.fr:8080/annonces/SVAIP/10005919/SVAIPP10005919F4.wav\""/></prompt></play></request></MediaServerControl>"", ""call_flow_type"" : ""EARLY_MEDIA_AND_RELEASE"", ""header_list"" : []}"
29583,SVAIPP10005919F5,"{""id"" : 29583, ""name"" : ""SVAIPP10005919F5"", ""vpn_id"" : 10005919, ""technical_type"" : ""PERSONALIZED_GREETING"", ""max_duration"" : null, ""release_cause"" : 21, ""network_sip_code"" : 603, ""mscml_user_part"" : ""0943101510005919"", ""mscml_body_content"" : ""<?xml version=\""1.0\"" encoding=\""utf-8\""?><MediaServerControl version=\""1.0\""><request><play><prompt repeat=\""2\""><audio url=\""http://prod-serveur-oms-ip.vente.francetelecom.fr:8080/annonces/SVAIP/silence.wav\""/><audio url=\""http://prod-serveur-oms-ip.vente.francetelecom.fr:8080/annonces/SVAIP/10005919/SVAIPP10005919F5.wav\""/></prompt></play></request></MediaServerControl>"", ""call_flow_type"" : ""EARLY_MEDIA_AND_RELEASE"", ""header_list"" : []}"
30501,SVAIPP10013717F1,"{""id"" : 30501, ""name"" : ""SVAIPP10013717F1"", ""vpn_id"" : 10013717, ""technical_type"" : ""PERSONALIZED_GREETING"", ""max_duration"" : null, ""release_cause"" : 21, ""network_sip_code"" : 603, ""mscml_user_part"" : ""0943101510013717"", ""mscml_body_content"" : ""<?xml version=\""1.0\"" encoding=\""utf-8\""?><MediaServerControl version=\""1.0\""><request><play><prompt repeat=\""2\""><audio url=\""http://prod-serveur-oms-ip.vente.francetelecom.fr:8080/annonces/SVAIP/silence.wav\""/><audio url=\""http://prod-serveur-oms-ip.vente.francetelecom.fr:8080/annonces/SVAIP/10013717/SVAIPP10013717F1.wav\""/></prompt></play></request></MediaServerControl>"", ""call_flow_type"" : ""EARLY_MEDIA_AND_RELEASE"", ""header_list"" : []}"
33022,SVAIPP10003728A000P82,"{""id"" : 33022, ""name"" : ""SVAIPP10003728A000P82"", ""vpn_id"" : 10003728, ""technical_type"" : ""PERSONALIZED_MGIT"", ""max_duration"" : null, ""release_cause"" : 0, ""network_sip_code"" : 0, ""mscml_user_part"" : ""0943101110003728"", ""mscml_body_content"" : ""<?xml version=\""1.0\"" encoding=\""utf-8\""?><MediaServerControl version=\""1.0\""><request><playcollect maxdigits=\""1\"" barge=\""yes\"" extradigittimer=\""immediate\"" firstdigittimer=\""immediate\""><prompt><audio url=\""http://prod-serveur-oms-ip.vente.francetelecom.fr:8080/annonces/SVAIP/silence.wav\""/><audio url=\""http://prod-serveur-oms-ip.vente.francetelecom.fr:8080/annonces/SVAIP/10003728/SVAIPP10003728A000P82.wav\""/></prompt></playcollect></request></MediaServerControl>"", ""call_flow_type"" : ""EARLY_MEDIA_AND_RELEASE"", ""header_list"" : []}"
30122,SVAIPP10017906F1,"{""id"" : 30122, ""name"" : ""SVAIPP10017906F1"", ""vpn_id"" : 10017906, ""technical_type"" : ""PERSONALIZED_GREETING"", ""max_duration"" : null, ""release_cause"" : 21, ""network_sip_code"" : 603, ""mscml_user_part"" : ""0943101510017906"", ""mscml_body_content"" : ""<?xml version=\""1.0\"" encoding=\""utf-8\""?><MediaServerControl version=\""1.0\""><request><play><prompt repeat=\""2\""><audio url=\""http://prod-serveur-oms-ip.vente.francetelecom.fr:8080/annonces/SVAIP/silence.wav\""/><audio url=\""http://prod-serveur-oms-ip.vente.francetelecom.fr:8080/annonces/SVAIP/10017906/SVAIPP10017906F1.wav\""/></prompt></play></request></MediaServerControl>"", ""call_flow_type"" : ""EARLY_MEDIA_AND_RELEASE"", ""header_list"" : []}"
30843,SVAIPP10008653F2,"{""id"" : 30843, ""name"" : ""SVAIPP10008653F2"", ""vpn_id"" : 10008653, ""technical_type"" : ""PERSONALIZED_GREETING"", ""max_duration"" : null, ""release_cause"" : 21, ""network_sip_code"" : 603, ""mscml_user_part"" : ""0943101510008653"", ""mscml_body_content"" : ""<?xml version=\""1.0\"" encoding=\""utf-8\""?><MediaServerControl version=\""1.0\""><request><play><prompt repeat=\""2\""><audio url=\""http://prod-serveur-oms-ip.vente.francetelecom.fr:8080/annonces/SVAIP/silence.wav\""/><audio url=\""http://prod-serveur-oms-ip.vente.francetelecom.fr:8080/annonces/SVAIP/10008653/SVAIPP10008653F2.wav\""/></prompt></play></request></MediaServerControl>"", ""call_flow_type"" : ""EARLY_MEDIA_AND_RELEASE"", ""header_list"" : []}"
34221,SVAIPP10003012F4,"{""id"" : 34221, ""name"" : ""SVAIPP10003012F4"", ""vpn_id"" : 10003012, ""technical_type"" : ""PERSONALIZED_GREETING"", ""max_duration"" : null, ""release_cause"" : 21, ""network_sip_code"" : 603, ""mscml_user_part"" : ""0943101510003012"", ""mscml_body_content"" : ""<?xml version=\""1.0\"" encoding=\""utf-8\""?><MediaServerControl version=\""1.0\""><request><play><prompt repeat=\""2\""><audio url=\""http://prod-serveur-oms-ip.vente.francetelecom.fr:8080/annonces/SVAIP/silence.wav\""/><audio url=\""http://prod-serveur-oms-ip.vente.francetelecom.fr:8080/annonces/SVAIP/10003012/SVAIPP10003012F4.wav\""/></prompt></play></request></MediaServerControl>"", ""call_flow_type"" : ""EARLY_MEDIA_AND_RELEASE"", ""header_list"" : []}"
31501,SVAIPP10017503F2,"{""id"" : 31501, ""name"" : ""SVAIPP10017503F2"", ""vpn_id"" : 10017503, ""technical_type"" : ""PERSONALIZED_GREETING"", ""max_duration"" : null, ""release_cause"" : 21, ""network_sip_code"" : 603, ""mscml_user_part"" : ""0943101510017503"", ""mscml_body_content"" : ""<?xml version=\""1.0\"" encoding=\""utf-8\""?><MediaServerControl version=\""1.0\""><request><play><prompt repeat=\""2\""><audio url=\""http://prod-serveur-oms-ip.vente.francetelecom.fr:8080/annonces/SVAIP/silence.wav\""/><audio url=\""http://prod-serveur-oms-ip.vente.francetelecom.fr:8080/annonces/SVAIP/10017503/SVAIPP10017503F2.wav\""/></prompt></play></request></MediaServerControl>"", ""call_flow_type"" : ""EARLY_MEDIA_AND_RELEASE"", ""header_list"" : []}"
29622,SVAIPP10006354F1,"{""id"" : 29622, ""name"" : ""SVAIPP10006354F1"", ""vpn_id"" : 10006354, ""technical_type"" : ""PERSONALIZED_GREETING"", ""max_duration"" : null, ""release_cause"" : 21, ""network_sip_code"" : 603, ""mscml_user_part"" : ""0943101510006354"", ""mscml_body_content"" : ""<?xml version=\""1.0\"" encoding=\""utf-8\""?><MediaServerControl version=\""1.0\""><request><play><prompt repeat=\""2\""><audio url=\""http://prod-serveur-oms-ip.vente.francetelecom.fr:8080/annonces/SVAIP/silence.wav\""/><audio url=\""http://prod-serveur-oms-ip.vente.francetelecom.fr:8080/annonces/SVAIP/10006354/SVAIPP10006354F1.wav\""/></prompt></play></request></MediaServerControl>"", ""call_flow_type"" : ""EARLY_MEDIA_AND_RELEASE"", ""header_list"" : []}"
29764,SVAIPP10004553A012P4,"{""id"" : 29764, ""name"" : ""SVAIPP10004553A012P4"", ""vpn_id"" : 10004553, ""technical_type"" : ""PERSONALIZED_MGIT"", ""max_duration"" : null, ""release_cause"" : 0, ""network_sip_code"" : 0, ""mscml_user_part"" : ""0943101110004553"", ""mscml_body_content"" : ""<?xml version=\""1.0\"" encoding=\""utf-8\""?><MediaServerControl version=\""1.0\""><request><playcollect maxdigits=\""1\"" barge=\""yes\"" extradigittimer=\""immediate\"" firstdigittimer=\""immediate\""><prompt><audio url=\""http://prod-serveur-oms-ip.vente.francetelecom.fr:8080/annonces/SVAIP/silence.wav\""/><audio url=\""http://prod-serveur-oms-ip.vente.francetelecom.fr:8080/annonces/SVAIP/10004553/SVAIPP10004553A012P4.wav\""/></prompt></playcollect></request></MediaServerControl>"", ""call_flow_type"" : ""EARLY_MEDIA_AND_RELEASE"", ""header_list"" : []}"
33001,SVAIPP10003728D012P78,"{""id"" : 33001, ""name"" : ""SVAIPP10003728D012P78"", ""vpn_id"" : 10003728, ""technical_type"" : ""PERSONALIZED_MGIT"", ""max_duration"" : null, ""release_cause"" : 0, ""network_sip_code"" : 0, ""mscml_user_part"" : ""0943101110003728"", ""mscml_body_content"" : ""<?xml version=\""1.0\"" encoding=\""utf-8\""?><MediaServerControl version=\""1.0\""><request><playcollect maxdigits=\""1\"" barge=\""yes\"" extradigittimer=\""immediate\"" firstdigittimer=\""immediate\""><prompt><audio url=\""http://prod-serveur-oms-ip.vente.francetelecom.fr:8080/annonces/SVAIP/silence.wav\""/><audio url=\""http://prod-serveur-oms-ip.vente.francetelecom.fr:8080/annonces/SVAIP/10003728/SVAIPP10003728D012P78.wav\""/></prompt></playcollect></request></MediaServerControl>"", ""call_flow_type"" : ""EARLY_MEDIA_AND_RELEASE"", ""header_list"" : []}"
29930,SVAIPP10008316F1,"{""id"" : 29930, ""name"" : ""SVAIPP10008316F1"", ""vpn_id"" : 10008316, ""technical_type"" : ""PERSONALIZED_GREETING"", ""max_duration"" : null, ""release_cause"" : 21, ""network_sip_code"" : 603, ""mscml_user_part"" : ""0943101510008316"", ""mscml_body_content"" : ""<?xml version=\""1.0\"" encoding=\""utf-8\""?><MediaServerControl version=\""1.0\""><request><play><prompt repeat=\""2\""><audio url=\""http://prod-serveur-oms-ip.vente.francetelecom.fr:8080/annonces/SVAIP/silence.wav\""/><audio url=\""http://prod-serveur-oms-ip.vente.francetelecom.fr:8080/annonces/SVAIP/10008316/SVAIPP10008316F1.wav\""/></prompt></play></request></MediaServerControl>"", ""call_flow_type"" : ""EARLY_MEDIA_AND_RELEASE"", ""header_list"" : []}"
31541,SVAIPP10018412F2,"{""id"" : 31541, ""name"" : ""SVAIPP10018412F2"", ""vpn_id"" : 10018412, ""technical_type"" : ""PERSONALIZED_GREETING"", ""max_duration"" : null, ""release_cause"" : 21, ""network_sip_code"" : 603, ""mscml_user_part"" : ""0943101510018412"", ""mscml_body_content"" : ""<?xml version=\""1.0\"" encoding=\""utf-8\""?><MediaServerControl version=\""1.0\""><request><play><prompt repeat=\""2\""><audio url=\""http://prod-serveur-oms-ip.vente.francetelecom.fr:8080/annonces/SVAIP/silence.wav\""/><audio url=\""http://prod-serveur-oms-ip.vente.francetelecom.fr:8080/annonces/SVAIP/10018412/SVAIPP10018412F2.wav\""/></prompt></play></request></MediaServerControl>"", ""call_flow_type"" : ""EARLY_MEDIA_AND_RELEASE"", ""header_list"" : []}"
31563,SVAIPP10004011F6,"{""id"" : 31563, ""name"" : ""SVAIPP10004011F6"", ""vpn_id"" : 10004011, ""technical_type"" : ""PERSONALIZED_GREETING"", ""max_duration"" : null, ""release_cause"" : 21, ""network_sip_code"" : 603, ""mscml_user_part"" : ""0943101510004011"", ""mscml_body_content"" : ""<?xml version=\""1.0\"" encoding=\""utf-8\""?><MediaServerControl version=\""1.0\""><request><play><prompt repeat=\""2\""><audio url=\""http://prod-serveur-oms-ip.vente.francetelecom.fr:8080/annonces/SVAIP/silence.wav\""/><audio url=\""http://prod-serveur-oms-ip.vente.francetelecom.fr:8080/annonces/SVAIP/10004011/SVAIPP10004011F6.wav\""/></prompt></play></request></MediaServerControl>"", ""call_flow_type"" : ""EARLY_MEDIA_AND_RELEASE"", ""header_list"" : []}"
29769,SVAIPP10010083F1,"{""id"" : 29769, ""name"" : ""SVAIPP10010083F1"", ""vpn_id"" : 10010083, ""technical_type"" : ""PERSONALIZED_GREETING"", ""max_duration"" : null, ""release_cause"" : 21, ""network_sip_code"" : 603, ""mscml_user_part"" : ""0943101510010083"", ""mscml_body_content"" : ""<?xml version=\""1.0\"" encoding=\""utf-8\""?><MediaServerControl version=\""1.0\""><request><play><prompt repeat=\""2\""><audio url=\""http://prod-serveur-oms-ip.vente.francetelecom.fr:8080/annonces/SVAIP/silence.wav\""/><audio url=\""http://prod-serveur-oms-ip.vente.francetelecom.fr:8080/annonces/SVAIP/10010083/SVAIPP10010083F1.wav\""/></prompt></play></request></MediaServerControl>"", ""call_flow_type"" : ""EARLY_MEDIA_AND_RELEASE"", ""header_list"" : []}"
29824,SVAIPP10003728D009P59,"{""id"" : 29824, ""name"" : ""SVAIPP10003728D009P59"", ""vpn_id"" : 10003728, ""technical_type"" : ""PERSONALIZED_MGIT"", ""max_duration"" : null, ""release_cause"" : 0, ""network_sip_code"" : 0, ""mscml_user_part"" : ""0943101110003728"", ""mscml_body_content"" : ""<?xml version=\""1.0\"" encoding=\""utf-8\""?><MediaServerControl version=\""1.0\""><request><playcollect maxdigits=\""1\"" barge=\""yes\"" extradigittimer=\""immediate\"" firstdigittimer=\""immediate\""><prompt><audio url=\""http://prod-serveur-oms-ip.vente.francetelecom.fr:8080/annonces/SVAIP/silence.wav\""/><audio url=\""http://prod-serveur-oms-ip.vente.francetelecom.fr:8080/annonces/SVAIP/10003728/SVAIPP10003728D009P59.wav\""/></prompt></playcollect></request></MediaServerControl>"", ""call_flow_type"" : ""EARLY_MEDIA_AND_RELEASE"", ""header_list"" : []}"
35442,SVAIPAA100034891,"{""id"" : 35442, ""name"" : ""SVAIPAA100034891"", ""vpn_id"" : 10003489, ""technical_type"" : ""PERSONALIZED_MGIT"", ""max_duration"" : null, ""release_cause"" : 0, ""network_sip_code"" : 0, ""mscml_user_part"" : ""0943101110003489"", ""mscml_body_content"" : ""<?xml version=\""1.0\"" encoding=\""utf-8\""?><MediaServerControl version=\""1.0\""><request><play><prompt><audio url=\""http://prod-serveur-oms-ip.vente.francetelecom.fr:8080/annonces/SVAIP/silence.wav\""/><audio url=\""http://prod-serveur-oms-ip.vente.francetelecom.fr:8080/annonces/SVAIP/10003489/SVAIPAA100034891.wav\""/></prompt></play></request></MediaServerControl>"", ""call_flow_type"" : ""EARLY_MEDIA_AND_RELEASE"", ""header_list"" : []}"
33023,SVAIPP10003728A000R83,"{""id"" : 33023, ""name"" : ""SVAIPP10003728A000R83"", ""vpn_id"" : 10003728, ""technical_type"" : ""PERSONALIZED_MGIT"", ""max_duration"" : null, ""release_cause"" : 0, ""network_sip_code"" : 0, ""mscml_user_part"" : ""0943101110003728"", ""mscml_body_content"" : ""<?xml version=\""1.0\"" encoding=\""utf-8\""?><MediaServerControl version=\""1.0\""><request><playcollect maxdigits=\""1\"" barge=\""yes\"" extradigittimer=\""immediate\"" firstdigittimer=\""immediate\""><prompt><audio url=\""http://prod-serveur-oms-ip.vente.francetelecom.fr:8080/annonces/SVAIP/silence.wav\""/><audio url=\""http://prod-serveur-oms-ip.vente.francetelecom.fr:8080/annonces/SVAIP/10003728/SVAIPP10003728A000R83.wav\""/></prompt></playcollect></request></MediaServerControl>"", ""call_flow_type"" : ""EARLY_MEDIA_AND_RELEASE"", ""header_list"" : []}"
30921,SVAIPP10003900F1,"{""id"" : 30921, ""name"" : ""SVAIPP10003900F1"", ""vpn_id"" : 10003900, ""technical_type"" : ""PERSONALIZED_GREETING"", ""max_duration"" : null, ""release_cause"" : 21, ""network_sip_code"" : 603, ""mscml_user_part"" : ""0943101510003900"", ""mscml_body_content"" : ""<?xml version=\""1.0\"" encoding=\""utf-8\""?><MediaServerControl version=\""1.0\""><request><play><prompt repeat=\""2\""><audio url=\""http://prod-serveur-oms-ip.vente.francetelecom.fr:8080/annonces/SVAIP/silence.wav\""/><audio url=\""http://prod-serveur-oms-ip.vente.francetelecom.fr:8080/annonces/SVAIP/10003900/SVAIPP10003900F1.wav\""/></prompt></play></request></MediaServerControl>"", ""call_flow_type"" : ""EARLY_MEDIA_AND_RELEASE"", ""header_list"" : []}"
30801,SVAIPP10016325F2,"{""id"" : 30801, ""name"" : ""SVAIPP10016325F2"", ""vpn_id"" : 10016325, ""technical_type"" : ""PERSONALIZED_GREETING"", ""max_duration"" : null, ""release_cause"" : 21, ""network_sip_code"" : 603, ""mscml_user_part"" : ""0943101510016325"", ""mscml_body_content"" : ""<?xml version=\""1.0\"" encoding=\""utf-8\""?><MediaServerControl version=\""1.0\""><request><play><prompt repeat=\""2\""><audio url=\""http://prod-serveur-oms-ip.vente.francetelecom.fr:8080/annonces/SVAIP/silence.wav\""/><audio url=\""http://prod-serveur-oms-ip.vente.francetelecom.fr:8080/annonces/SVAIP/10016325/SVAIPP10016325F2.wav\""/></prompt></play></request></MediaServerControl>"", ""call_flow_type"" : ""EARLY_MEDIA_AND_RELEASE"", ""header_list"" : []}"
30662,SVAIPP10014573F1,"{""id"" : 30662, ""name"" : ""SVAIPP10014573F1"", ""vpn_id"" : 10014573, ""technical_type"" : ""PERSONALIZED_GREETING"", ""max_duration"" : null, ""release_cause"" : 21, ""network_sip_code"" : 603, ""mscml_user_part"" : ""0943101510014573"", ""mscml_body_content"" : ""<?xml version=\""1.0\"" encoding=\""utf-8\""?><MediaServerControl version=\""1.0\""><request><play><prompt repeat=\""2\""><audio url=\""http://prod-serveur-oms-ip.vente.francetelecom.fr:8080/annonces/SVAIP/silence.wav\""/><audio url=\""http://prod-serveur-oms-ip.vente.francetelecom.fr:8080/annonces/SVAIP/10014573/SVAIPP10014573F1.wav\""/></prompt></play></request></MediaServerControl>"", ""call_flow_type"" : ""EARLY_MEDIA_AND_RELEASE"", ""header_list"" : []}"
30687,SVAIPP10002184F4,"{""id"" : 30687, ""name"" : ""SVAIPP10002184F4"", ""vpn_id"" : 10002184, ""technical_type"" : ""PERSONALIZED_GREETING"", ""max_duration"" : null, ""release_cause"" : 21, ""network_sip_code"" : 603, ""mscml_user_part"" : ""0943101510002184"", ""mscml_body_content"" : ""<?xml version=\""1.0\"" encoding=\""utf-8\""?><MediaServerControl version=\""1.0\""><request><play><prompt repeat=\""2\""><audio url=\""http://prod-serveur-oms-ip.vente.francetelecom.fr:8080/annonces/SVAIP/silence.wav\""/><audio url=\""http://prod-serveur-oms-ip.vente.francetelecom.fr:8080/annonces/SVAIP/10002184/SVAIPP10002184F4.wav\""/></prompt></play></request></MediaServerControl>"", ""call_flow_type"" : ""EARLY_MEDIA_AND_RELEASE"", ""header_list"" : []}"
29861,SVAIPP10004077D015P23,"{""id"" : 29861, ""name"" : ""SVAIPP10004077D015P23"", ""vpn_id"" : 10004077, ""technical_type"" : ""PERSONALIZED_MGIT"", ""max_duration"" : null, ""release_cause"" : 0, ""network_sip_code"" : 0, ""mscml_user_part"" : ""0943101110004077"", ""mscml_body_content"" : ""<?xml version=\""1.0\"" encoding=\""utf-8\""?><MediaServerControl version=\""1.0\""><request><playcollect maxdigits=\""1\"" barge=\""yes\"" extradigittimer=\""immediate\"" firstdigittimer=\""immediate\""><prompt><audio url=\""http://prod-serveur-oms-ip.vente.francetelecom.fr:8080/annonces/SVAIP/silence.wav\""/><audio url=\""http://prod-serveur-oms-ip.vente.francetelecom.fr:8080/annonces/SVAIP/10004077/SVAIPP10004077D015P23.wav\""/></prompt></playcollect></request></MediaServerControl>"", ""call_flow_type"" : ""EARLY_MEDIA_AND_RELEASE"", ""header_list"" : []}"
29883,SVAIPP10013713F1,"{""id"" : 29883, ""name"" : ""SVAIPP10013713F1"", ""vpn_id"" : 10013713, ""technical_type"" : ""PERSONALIZED_GREETING"", ""max_duration"" : null, ""release_cause"" : 21, ""network_sip_code"" : 603, ""mscml_user_part"" : ""0943101510013713"", ""mscml_body_content"" : ""<?xml version=\""1.0\"" encoding=\""utf-8\""?><MediaServerControl version=\""1.0\""><request><play><prompt repeat=\""2\""><audio url=\""http://prod-serveur-oms-ip.vente.francetelecom.fr:8080/annonces/SVAIP/silence.wav\""/><audio url=\""http://prod-serveur-oms-ip.vente.francetelecom.fr:8080/annonces/SVAIP/10013713/SVAIPP10013713F1.wav\""/></prompt></play></request></MediaServerControl>"", ""call_flow_type"" : ""EARLY_MEDIA_AND_RELEASE"", ""header_list"" : []}"
33123,SVAIPP10016182F1,"{""id"" : 33123, ""name"" : ""SVAIPP10016182F1"", ""vpn_id"" : 10016182, ""technical_type"" : ""PERSONALIZED_GREETING"", ""max_duration"" : null, ""release_cause"" : 21, ""network_sip_code"" : 603, ""mscml_user_part"" : ""0943101510016182"", ""mscml_body_content"" : ""<?xml version=\""1.0\"" encoding=\""utf-8\""?><MediaServerControl version=\""1.0\""><request><play><prompt repeat=\""2\""><audio url=\""http://prod-serveur-oms-ip.vente.francetelecom.fr:8080/annonces/SVAIP/silence.wav\""/><audio url=\""http://prod-serveur-oms-ip.vente.francetelecom.fr:8080/annonces/SVAIP/10016182/SVAIPP10016182F1.wav\""/></prompt></play></request></MediaServerControl>"", ""call_flow_type"" : ""EARLY_MEDIA_AND_RELEASE"", ""header_list"" : []}"
33142,SVAIPP10003664F6,"{""id"" : 33142, ""name"" : ""SVAIPP10003664F6"", ""vpn_id"" : 10003664, ""technical_type"" : ""PERSONALIZED_GREETING"", ""max_duration"" : null, ""release_cause"" : 21, ""network_sip_code"" : 603, ""mscml_user_part"" : ""0943101510003664"", ""mscml_body_content"" : ""<?xml version=\""1.0\"" encoding=\""utf-8\""?><MediaServerControl version=\""1.0\""><request><play><prompt repeat=\""2\""><audio url=\""http://prod-serveur-oms-ip.vente.francetelecom.fr:8080/annonces/SVAIP/silence.wav\""/><audio url=\""http://prod-serveur-oms-ip.vente.francetelecom.fr:8080/annonces/SVAIP/10003664/SVAIPP10003664F6.wav\""/></prompt></play></request></MediaServerControl>"", ""call_flow_type"" : ""EARLY_MEDIA_AND_RELEASE"", ""header_list"" : []}"
33781,SVAIPP10014121F3,"{""id"" : 33781, ""name"" : ""SVAIPP10014121F3"", ""vpn_id"" : 10014121, ""technical_type"" : ""PERSONALIZED_GREETING"", ""max_duration"" : null, ""release_cause"" : 21, ""network_sip_code"" : 603, ""mscml_user_part"" : ""0943101510014121"", ""mscml_body_content"" : ""<?xml version=\""1.0\"" encoding=\""utf-8\""?><MediaServerControl version=\""1.0\""><request><play><prompt repeat=\""2\""><audio url=\""http://prod-serveur-oms-ip.vente.francetelecom.fr:8080/annonces/SVAIP/silence.wav\""/><audio url=\""http://prod-serveur-oms-ip.vente.francetelecom.fr:8080/annonces/SVAIP/10014121/SVAIPP10014121F3.wav\""/></prompt></play></request></MediaServerControl>"", ""call_flow_type"" : ""EARLY_MEDIA_AND_RELEASE"", ""header_list"" : []}"
33904,SVAIPP10017402F1,"{""id"" : 33904, ""name"" : ""SVAIPP10017402F1"", ""vpn_id"" : 10017402, ""technical_type"" : ""PERSONALIZED_GREETING"", ""max_duration"" : null, ""release_cause"" : 21, ""network_sip_code"" : 603, ""mscml_user_part"" : ""0943101510017402"", ""mscml_body_content"" : ""<?xml version=\""1.0\"" encoding=\""utf-8\""?><MediaServerControl version=\""1.0\""><request><play><prompt repeat=\""2\""><audio url=\""http://prod-serveur-oms-ip.vente.francetelecom.fr:8080/annonces/SVAIP/silence.wav\""/><audio url=\""http://prod-serveur-oms-ip.vente.francetelecom.fr:8080/annonces/SVAIP/10017402/SVAIPP10017402F1.wav\""/></prompt></play></request></MediaServerControl>"", ""call_flow_type"" : ""EARLY_MEDIA_AND_RELEASE"", ""header_list"" : []}"
34902,SVAIPP10002553F4,"{""id"" : 34902, ""name"" : ""SVAIPP10002553F4"", ""vpn_id"" : 10002553, ""technical_type"" : ""PERSONALIZED_GREETING"", ""max_duration"" : null, ""release_cause"" : 21, ""network_sip_code"" : 603, ""mscml_user_part"" : ""0943101510002553"", ""mscml_body_content"" : ""<?xml version=\""1.0\"" encoding=\""utf-8\""?><MediaServerControl version=\""1.0\""><request><play><prompt repeat=\""2\""><audio url=\""http://prod-serveur-oms-ip.vente.francetelecom.fr:8080/annonces/SVAIP/silence.wav\""/><audio url=\""http://prod-serveur-oms-ip.vente.francetelecom.fr:8080/annonces/SVAIP/10002553/SVAIPP10002553F4.wav\""/></prompt></play></request></MediaServerControl>"", ""call_flow_type"" : ""EARLY_MEDIA_AND_RELEASE"", ""header_list"" : []}"
34923,SVAIPP10017092F2,"{""id"" : 34923, ""name"" : ""SVAIPP10017092F2"", ""vpn_id"" : 10017092, ""technical_type"" : ""PERSONALIZED_GREETING"", ""max_duration"" : null, ""release_cause"" : 21, ""network_sip_code"" : 603, ""mscml_user_part"" : ""0943101510017092"", ""mscml_body_content"" : ""<?xml version=\""1.0\"" encoding=\""utf-8\""?><MediaServerControl version=\""1.0\""><request><play><prompt repeat=\""2\""><audio url=\""http://prod-serveur-oms-ip.vente.francetelecom.fr:8080/annonces/SVAIP/silence.wav\""/><audio url=\""http://prod-serveur-oms-ip.vente.francetelecom.fr:8080/annonces/SVAIP/10017092/SVAIPP10017092F2.wav\""/></prompt></play></request></MediaServerControl>"", ""call_flow_type"" : ""EARLY_MEDIA_AND_RELEASE"", ""header_list"" : []}"
33908,SVAIPP10017402F5,"{""id"" : 33908, ""name"" : ""SVAIPP10017402F5"", ""vpn_id"" : 10017402, ""technical_type"" : ""PERSONALIZED_GREETING"", ""max_duration"" : null, ""release_cause"" : 21, ""network_sip_code"" : 603, ""mscml_user_part"" : ""0943101510017402"", ""mscml_body_content"" : ""<?xml version=\""1.0\"" encoding=\""utf-8\""?><MediaServerControl version=\""1.0\""><request><play><prompt repeat=\""2\""><audio url=\""http://prod-serveur-oms-ip.vente.francetelecom.fr:8080/annonces/SVAIP/silence.wav\""/><audio url=\""http://prod-serveur-oms-ip.vente.francetelecom.fr:8080/annonces/SVAIP/10017402/SVAIPP10017402F5.wav\""/></prompt></play></request></MediaServerControl>"", ""call_flow_type"" : ""EARLY_MEDIA_AND_RELEASE"", ""header_list"" : []}"
34302,SVAIPP10017973F1,"{""id"" : 34302, ""name"" : ""SVAIPP10017973F1"", ""vpn_id"" : 10017973, ""technical_type"" : ""PERSONALIZED_GREETING"", ""max_duration"" : null, ""release_cause"" : 21, ""network_sip_code"" : 603, ""mscml_user_part"" : ""0943101510017973"", ""mscml_body_content"" : ""<?xml version=\""1.0\"" encoding=\""utf-8\""?><MediaServerControl version=\""1.0\""><request><play><prompt repeat=\""2\""><audio url=\""http://prod-serveur-oms-ip.vente.francetelecom.fr:8080/annonces/SVAIP/silence.wav\""/><audio url=\""http://prod-serveur-oms-ip.vente.francetelecom.fr:8080/annonces/SVAIP/10017973/SVAIPP10017973F1.wav\""/></prompt></play></request></MediaServerControl>"", ""call_flow_type"" : ""EARLY_MEDIA_AND_RELEASE"", ""header_list"" : []}"
34783,SVAIPP10003963F3,"{""id"" : 34783, ""name"" : ""SVAIPP10003963F3"", ""vpn_id"" : 10003963, ""technical_type"" : ""PERSONALIZED_GREETING"", ""max_duration"" : null, ""release_cause"" : 21, ""network_sip_code"" : 603, ""mscml_user_part"" : ""0943101510003963"", ""mscml_body_content"" : ""<?xml version=\""1.0\"" encoding=\""utf-8\""?><MediaServerControl version=\""1.0\""><request><play><prompt repeat=\""2\""><audio url=\""http://prod-serveur-oms-ip.vente.francetelecom.fr:8080/annonces/SVAIP/silence.wav\""/><audio url=\""http://prod-serveur-oms-ip.vente.francetelecom.fr:8080/annonces/SVAIP/10003963/SVAIPP10003963F3.wav\""/></prompt></play></request></MediaServerControl>"", ""call_flow_type"" : ""EARLY_MEDIA_AND_RELEASE"", ""header_list"" : []}"
34436,SVAIPP10002112F1,"{""id"" : 34436, ""name"" : ""SVAIPP10002112F1"", ""vpn_id"" : 10002112, ""technical_type"" : ""PERSONALIZED_GREETING"", ""max_duration"" : null, ""release_cause"" : 21, ""network_sip_code"" : 603, ""mscml_user_part"" : ""0943101510002112"", ""mscml_body_content"" : ""<?xml version=\""1.0\"" encoding=\""utf-8\""?><MediaServerControl version=\""1.0\""><request><play><prompt repeat=\""2\""><audio url=\""http://prod-serveur-oms-ip.vente.francetelecom.fr:8080/annonces/SVAIP/silence.wav\""/><audio url=\""http://prod-serveur-oms-ip.vente.francetelecom.fr:8080/annonces/SVAIP/10002112/SVAIPP10002112F1.wav\""/></prompt></play></request></MediaServerControl>"", ""call_flow_type"" : ""EARLY_MEDIA_AND_RELEASE"", ""header_list"" : []}"
34461,SVAIPP10017653F1,"{""id"" : 34461, ""name"" : ""SVAIPP10017653F1"", ""vpn_id"" : 10017653, ""technical_type"" : ""PERSONALIZED_GREETING"", ""max_duration"" : null, ""release_cause"" : 21, ""network_sip_code"" : 603, ""mscml_user_part"" : ""0943101510017653"", ""mscml_body_content"" : ""<?xml version=\""1.0\"" encoding=\""utf-8\""?><MediaServerControl version=\""1.0\""><request><play><prompt repeat=\""2\""><audio url=\""http://prod-serveur-oms-ip.vente.francetelecom.fr:8080/annonces/SVAIP/silence.wav\""/><audio url=\""http://prod-serveur-oms-ip.vente.francetelecom.fr:8080/annonces/SVAIP/10017653/SVAIPP10017653F1.wav\""/></prompt></play></request></MediaServerControl>"", ""call_flow_type"" : ""EARLY_MEDIA_AND_RELEASE"", ""header_list"" : []}"
35003,SVAIPP10012381F3,"{""id"" : 35003, ""name"" : ""SVAIPP10012381F3"", ""vpn_id"" : 10012381, ""technical_type"" : ""PERSONALIZED_GREETING"", ""max_duration"" : null, ""release_cause"" : 21, ""network_sip_code"" : 603, ""mscml_user_part"" : ""0943101510012381"", ""mscml_body_content"" : ""<?xml version=\""1.0\"" encoding=\""utf-8\""?><MediaServerControl version=\""1.0\""><request><play><prompt repeat=\""2\""><audio url=\""http://prod-serveur-oms-ip.vente.francetelecom.fr:8080/annonces/SVAIP/silence.wav\""/><audio url=\""http://prod-serveur-oms-ip.vente.francetelecom.fr:8080/annonces/SVAIP/10012381/SVAIPP10012381F3.wav\""/></prompt></play></request></MediaServerControl>"", ""call_flow_type"" : ""EARLY_MEDIA_AND_RELEASE"", ""header_list"" : []}"
34841,SVAIPP10003964F1,"{""id"" : 34841, ""name"" : ""SVAIPP10003964F1"", ""vpn_id"" : 10003964, ""technical_type"" : ""PERSONALIZED_GREETING"", ""max_duration"" : null, ""release_cause"" : 21, ""network_sip_code"" : 603, ""mscml_user_part"" : ""0943101510003964"", ""mscml_body_content"" : ""<?xml version=\""1.0\"" encoding=\""utf-8\""?><MediaServerControl version=\""1.0\""><request><play><prompt repeat=\""2\""><audio url=\""http://prod-serveur-oms-ip.vente.francetelecom.fr:8080/annonces/SVAIP/silence.wav\""/><audio url=\""http://prod-serveur-oms-ip.vente.francetelecom.fr:8080/annonces/SVAIP/10003964/SVAIPP10003964F1.wav\""/></prompt></play></request></MediaServerControl>"", ""call_flow_type"" : ""EARLY_MEDIA_AND_RELEASE"", ""header_list"" : []}"
34784,SVAIPP10003963A008P4,"{""id"" : 34784, ""name"" : ""SVAIPP10003963A008P4"", ""vpn_id"" : 10003963, ""technical_type"" : ""PERSONALIZED_MGIT"", ""max_duration"" : null, ""release_cause"" : 0, ""network_sip_code"" : 0, ""mscml_user_part"" : ""0943101110003963"", ""mscml_body_content"" : ""<?xml version=\""1.0\"" encoding=\""utf-8\""?><MediaServerControl version=\""1.0\""><request><playcollect maxdigits=\""1\"" barge=\""yes\"" extradigittimer=\""immediate\"" firstdigittimer=\""immediate\""><prompt><audio url=\""http://prod-serveur-oms-ip.vente.francetelecom.fr:8080/annonces/SVAIP/silence.wav\""/><audio url=\""http://prod-serveur-oms-ip.vente.francetelecom.fr:8080/annonces/SVAIP/10003963/SVAIPP10003963A008P4.wav\""/></prompt></playcollect></request></MediaServerControl>"", ""call_flow_type"" : ""EARLY_MEDIA_AND_RELEASE"", ""header_list"" : []}"
34643,SVAIPP10018686F1,"{""id"" : 34643, ""name"" : ""SVAIPP10018686F1"", ""vpn_id"" : 10018686, ""technical_type"" : ""PERSONALIZED_GREETING"", ""max_duration"" : null, ""release_cause"" : 21, ""network_sip_code"" : 603, ""mscml_user_part"" : ""0943101510018686"", ""mscml_body_content"" : ""<?xml version=\""1.0\"" encoding=\""utf-8\""?><MediaServerControl version=\""1.0\""><request><play><prompt repeat=\""2\""><audio url=\""http://prod-serveur-oms-ip.vente.francetelecom.fr:8080/annonces/SVAIP/silence.wav\""/><audio url=\""http://prod-serveur-oms-ip.vente.francetelecom.fr:8080/annonces/SVAIP/10018686/SVAIPP10018686F1.wav\""/></prompt></play></request></MediaServerControl>"", ""call_flow_type"" : ""EARLY_MEDIA_AND_RELEASE"", ""header_list"" : []}"
34842,SVAIPP10016933F1,"{""id"" : 34842, ""name"" : ""SVAIPP10016933F1"", ""vpn_id"" : 10016933, ""technical_type"" : ""PERSONALIZED_GREETING"", ""max_duration"" : null, ""release_cause"" : 21, ""network_sip_code"" : 603, ""mscml_user_part"" : ""0943101510016933"", ""mscml_body_content"" : ""<?xml version=\""1.0\"" encoding=\""utf-8\""?><MediaServerControl version=\""1.0\""><request><play><prompt repeat=\""2\""><audio url=\""http://prod-serveur-oms-ip.vente.francetelecom.fr:8080/annonces/SVAIP/silence.wav\""/><audio url=\""http://prod-serveur-oms-ip.vente.francetelecom.fr:8080/annonces/SVAIP/10016933/SVAIPP10016933F1.wav\""/></prompt></play></request></MediaServerControl>"", ""call_flow_type"" : ""EARLY_MEDIA_AND_RELEASE"", ""header_list"" : []}"
35327,SVAIPP10000001A009R6,"{""id"" : 35327, ""name"" : ""SVAIPP10000001A009R6"", ""vpn_id"" : 10000001, ""technical_type"" : ""PERSONALIZED_MGIT"", ""max_duration"" : null, ""release_cause"" : 0, ""network_sip_code"" : 0, ""mscml_user_part"" : ""0943101110000001"", ""mscml_body_content"" : ""<?xml version=\""1.0\"" encoding=\""utf-8\""?><MediaServerControl version=\""1.0\""><request><playcollect maxdigits=\""1\"" barge=\""yes\"" extradigittimer=\""immediate\"" firstdigittimer=\""immediate\""><prompt><audio url=\""http://prod-serveur-oms-ip.vente.francetelecom.fr:8080/annonces/SVAIP/silence.wav\""/><audio url=\""http://prod-serveur-oms-ip.vente.francetelecom.fr:8080/annonces/SVAIP/10000001/SVAIPP10000001A009R6.wav\""/></prompt></playcollect></request></MediaServerControl>"", ""call_flow_type"" : ""EARLY_MEDIA_AND_RELEASE"", ""header_list"" : []}"
35021,SVAIPP10011006F6,"{""id"" : 35021, ""name"" : ""SVAIPP10011006F6"", ""vpn_id"" : 10011006, ""technical_type"" : ""PERSONALIZED_GREETING"", ""max_duration"" : null, ""release_cause"" : 21, ""network_sip_code"" : 603, ""mscml_user_part"" : ""0943101510011006"", ""mscml_body_content"" : ""<?xml version=\""1.0\"" encoding=\""utf-8\""?><MediaServerControl version=\""1.0\""><request><play><prompt repeat=\""2\""><audio url=\""http://prod-serveur-oms-ip.vente.francetelecom.fr:8080/annonces/SVAIP/silence.wav\""/><audio url=\""http://prod-serveur-oms-ip.vente.francetelecom.fr:8080/annonces/SVAIP/10011006/SVAIPP10011006F6.wav\""/></prompt></play></request></MediaServerControl>"", ""call_flow_type"" : ""EARLY_MEDIA_AND_RELEASE"", ""header_list"" : []}"
35181,SVAIPP10003119F1,"{""id"" : 35181, ""name"" : ""SVAIPP10003119F1"", ""vpn_id"" : 10003119, ""technical_type"" : ""PERSONALIZED_GREETING"", ""max_duration"" : null, ""release_cause"" : 21, ""network_sip_code"" : 603, ""mscml_user_part"" : ""0943101510003119"", ""mscml_body_content"" : ""<?xml version=\""1.0\"" encoding=\""utf-8\""?><MediaServerControl version=\""1.0\""><request><play><prompt repeat=\""2\""><audio url=\""http://prod-serveur-oms-ip.vente.francetelecom.fr:8080/annonces/SVAIP/silence.wav\""/><audio url=\""http://prod-serveur-oms-ip.vente.francetelecom.fr:8080/annonces/SVAIP/10003119/SVAIPP10003119F1.wav\""/></prompt></play></request></MediaServerControl>"", ""call_flow_type"" : ""EARLY_MEDIA_AND_RELEASE"", ""header_list"" : []}"
33445,SVAIPP10011388F5,"{""id"" : 33445, ""name"" : ""SVAIPP10011388F5"", ""vpn_id"" : 10011388, ""technical_type"" : ""PERSONALIZED_GREETING"", ""max_duration"" : null, ""release_cause"" : 21, ""network_sip_code"" : 603, ""mscml_user_part"" : ""0943101510011388"", ""mscml_body_content"" : ""<?xml version=\""1.0\"" encoding=\""utf-8\""?><MediaServerControl version=\""1.0\""><request><play><prompt repeat=\""2\""><audio url=\""http://prod-serveur-oms-ip.vente.francetelecom.fr:8080/annonces/SVAIP/silence.wav\""/><audio url=\""http://prod-serveur-oms-ip.vente.francetelecom.fr:8080/annonces/SVAIP/10011388/SVAIPP10011388F5.wav\""/></prompt></play></request></MediaServerControl>"", ""call_flow_type"" : ""EARLY_MEDIA_AND_RELEASE"", ""header_list"" : []}"
35702,SVAIPAA100071082,"{""id"" : 35702, ""name"" : ""SVAIPAA100071082"", ""vpn_id"" : 10007108, ""technical_type"" : ""PERSONALIZED_MGIT"", ""max_duration"" : null, ""release_cause"" : 0, ""network_sip_code"" : 0, ""mscml_user_part"" : ""0943101110007108"", ""mscml_body_content"" : ""<?xml version=\""1.0\"" encoding=\""utf-8\""?><MediaServerControl version=\""1.0\""><request><play><prompt><audio url=\""http://prod-serveur-oms-ip.vente.francetelecom.fr:8080/annonces/SVAIP/silence.wav\""/><audio url=\""http://prod-serveur-oms-ip.vente.francetelecom.fr:8080/annonces/SVAIP/10007108/SVAIPAA100071082.wav\""/></prompt></play></request></MediaServerControl>"", ""call_flow_type"" : ""EARLY_MEDIA_AND_RELEASE"", ""header_list"" : []}"
34644,SVAIPP10002553F3,"{""id"" : 34644, ""name"" : ""SVAIPP10002553F3"", ""vpn_id"" : 10002553, ""technical_type"" : ""PERSONALIZED_GREETING"", ""max_duration"" : null, ""release_cause"" : 21, ""network_sip_code"" : 603, ""mscml_user_part"" : ""0943101510002553"", ""mscml_body_content"" : ""<?xml version=\""1.0\"" encoding=\""utf-8\""?><MediaServerControl version=\""1.0\""><request><play><prompt repeat=\""2\""><audio url=\""http://prod-serveur-oms-ip.vente.francetelecom.fr:8080/annonces/SVAIP/silence.wav\""/><audio url=\""http://prod-serveur-oms-ip.vente.francetelecom.fr:8080/annonces/SVAIP/10002553/SVAIPP10002553F3.wav\""/></prompt></play></request></MediaServerControl>"", ""call_flow_type"" : ""EARLY_MEDIA_AND_RELEASE"", ""header_list"" : []}"
35422,SVAIPP10017059F6,"{""id"" : 35422, ""name"" : ""SVAIPP10017059F6"", ""vpn_id"" : 10017059, ""technical_type"" : ""PERSONALIZED_GREETING"", ""max_duration"" : null, ""release_cause"" : 21, ""network_sip_code"" : 603, ""mscml_user_part"" : ""0943101510017059"", ""mscml_body_content"" : ""<?xml version=\""1.0\"" encoding=\""utf-8\""?><MediaServerControl version=\""1.0\""><request><play><prompt repeat=\""2\""><audio url=\""http://prod-serveur-oms-ip.vente.francetelecom.fr:8080/annonces/SVAIP/silence.wav\""/><audio url=\""http://prod-serveur-oms-ip.vente.francetelecom.fr:8080/annonces/SVAIP/10017059/SVAIPP10017059F6.wav\""/></prompt></play></request></MediaServerControl>"", ""call_flow_type"" : ""EARLY_MEDIA_AND_RELEASE"", ""header_list"" : []}"
34901,SVAIPP10005291F3,"{""id"" : 34901, ""name"" : ""SVAIPP10005291F3"", ""vpn_id"" : 10005291, ""technical_type"" : ""PERSONALIZED_GREETING"", ""max_duration"" : null, ""release_cause"" : 21, ""network_sip_code"" : 603, ""mscml_user_part"" : ""0943101510005291"", ""mscml_body_content"" : ""<?xml version=\""1.0\"" encoding=\""utf-8\""?><MediaServerControl version=\""1.0\""><request><play><prompt repeat=\""2\""><audio url=\""http://prod-serveur-oms-ip.vente.francetelecom.fr:8080/annonces/SVAIP/silence.wav\""/><audio url=\""http://prod-serveur-oms-ip.vente.francetelecom.fr:8080/annonces/SVAIP/10005291/SVAIPP10005291F3.wav\""/></prompt></play></request></MediaServerControl>"", ""call_flow_type"" : ""EARLY_MEDIA_AND_RELEASE"", ""header_list"" : []}"
34623,SVAIPP10016936F2,"{""id"" : 34623, ""name"" : ""SVAIPP10016936F2"", ""vpn_id"" : 10016936, ""technical_type"" : ""PERSONALIZED_GREETING"", ""max_duration"" : null, ""release_cause"" : 21, ""network_sip_code"" : 603, ""mscml_user_part"" : ""0943101510016936"", ""mscml_body_content"" : ""<?xml version=\""1.0\"" encoding=\""utf-8\""?><MediaServerControl version=\""1.0\""><request><play><prompt repeat=\""2\""><audio url=\""http://prod-serveur-oms-ip.vente.francetelecom.fr:8080/annonces/SVAIP/silence.wav\""/><audio url=\""http://prod-serveur-oms-ip.vente.francetelecom.fr:8080/annonces/SVAIP/10016936/SVAIPP10016936F2.wav\""/></prompt></play></request></MediaServerControl>"", ""call_flow_type"" : ""EARLY_MEDIA_AND_RELEASE"", ""header_list"" : []}"
34762,SVAIPP10017635F9,"{""id"" : 34762, ""name"" : ""SVAIPP10017635F9"", ""vpn_id"" : 10017635, ""technical_type"" : ""PERSONALIZED_GREETING"", ""max_duration"" : null, ""release_cause"" : 21, ""network_sip_code"" : 603, ""mscml_user_part"" : ""0943101510017635"", ""mscml_body_content"" : ""<?xml version=\""1.0\"" encoding=\""utf-8\""?><MediaServerControl version=\""1.0\""><request><play><prompt repeat=\""2\""><audio url=\""http://prod-serveur-oms-ip.vente.francetelecom.fr:8080/annonces/SVAIP/silence.wav\""/><audio url=\""http://prod-serveur-oms-ip.vente.francetelecom.fr:8080/annonces/SVAIP/10017635/SVAIPP10017635F9.wav\""/></prompt></play></request></MediaServerControl>"", ""call_flow_type"" : ""EARLY_MEDIA_AND_RELEASE"", ""header_list"" : []}"
33965,SVAIPP10017688F7,"{""id"" : 33965, ""name"" : ""SVAIPP10017688F7"", ""vpn_id"" : 10017688, ""technical_type"" : ""PERSONALIZED_GREETING"", ""max_duration"" : null, ""release_cause"" : 21, ""network_sip_code"" : 603, ""mscml_user_part"" : ""0943101510017688"", ""mscml_body_content"" : ""<?xml version=\""1.0\"" encoding=\""utf-8\""?><MediaServerControl version=\""1.0\""><request><play><prompt repeat=\""2\""><audio url=\""http://prod-serveur-oms-ip.vente.francetelecom.fr:8080/annonces/SVAIP/silence.wav\""/><audio url=\""http://prod-serveur-oms-ip.vente.francetelecom.fr:8080/annonces/SVAIP/10017688/SVAIPP10017688F7.wav\""/></prompt></play></request></MediaServerControl>"", ""call_flow_type"" : ""EARLY_MEDIA_AND_RELEASE"", ""header_list"" : []}"
34025,SVAIPP10013724F1,"{""id"" : 34025, ""name"" : ""SVAIPP10013724F1"", ""vpn_id"" : 10013724, ""technical_type"" : ""PERSONALIZED_GREETING"", ""max_duration"" : null, ""release_cause"" : 21, ""network_sip_code"" : 603, ""mscml_user_part"" : ""0943101510013724"", ""mscml_body_content"" : ""<?xml version=\""1.0\"" encoding=\""utf-8\""?><MediaServerControl version=\""1.0\""><request><play><prompt repeat=\""2\""><audio url=\""http://prod-serveur-oms-ip.vente.francetelecom.fr:8080/annonces/SVAIP/silence.wav\""/><audio url=\""http://prod-serveur-oms-ip.vente.francetelecom.fr:8080/annonces/SVAIP/10013724/SVAIPP10013724F1.wav\""/></prompt></play></request></MediaServerControl>"", ""call_flow_type"" : ""EARLY_MEDIA_AND_RELEASE"", ""header_list"" : []}"
34182,SVAIPP10006284F11,"{""id"" : 34182, ""name"" : ""SVAIPP10006284F11"", ""vpn_id"" : 10006284, ""technical_type"" : ""PERSONALIZED_GREETING"", ""max_duration"" : null, ""release_cause"" : 21, ""network_sip_code"" : 603, ""mscml_user_part"" : ""0943101510006284"", ""mscml_body_content"" : ""<?xml version=\""1.0\"" encoding=\""utf-8\""?><MediaServerControl version=\""1.0\""><request><play><prompt repeat=\""2\""><audio url=\""http://prod-serveur-oms-ip.vente.francetelecom.fr:8080/annonces/SVAIP/silence.wav\""/><audio url=\""http://prod-serveur-oms-ip.vente.francetelecom.fr:8080/annonces/SVAIP/10006284/SVAIPP10006284F11.wav\""/></prompt></play></request></MediaServerControl>"", ""call_flow_type"" : ""EARLY_MEDIA_AND_RELEASE"", ""header_list"" : []}"
34322,SVAIPP10009550F3,"{""id"" : 34322, ""name"" : ""SVAIPP10009550F3"", ""vpn_id"" : 10009550, ""technical_type"" : ""PERSONALIZED_GREETING"", ""max_duration"" : null, ""release_cause"" : 21, ""network_sip_code"" : 603, ""mscml_user_part"" : ""0943101510009550"", ""mscml_body_content"" : ""<?xml version=\""1.0\"" encoding=\""utf-8\""?><MediaServerControl version=\""1.0\""><request><play><prompt repeat=\""2\""><audio url=\""http://prod-serveur-oms-ip.vente.francetelecom.fr:8080/annonces/SVAIP/silence.wav\""/><audio url=\""http://prod-serveur-oms-ip.vente.francetelecom.fr:8080/annonces/SVAIP/10009550/SVAIPP10009550F3.wav\""/></prompt></play></request></MediaServerControl>"", ""call_flow_type"" : ""EARLY_MEDIA_AND_RELEASE"", ""header_list"" : []}"
35286,SVAIPP10003728F101,"{""id"" : 35286, ""name"" : ""SVAIPP10003728F101"", ""vpn_id"" : 10003728, ""technical_type"" : ""PERSONALIZED_GREETING"", ""max_duration"" : null, ""release_cause"" : 21, ""network_sip_code"" : 603, ""mscml_user_part"" : ""0943101510003728"", ""mscml_body_content"" : ""<?xml version=\""1.0\"" encoding=\""utf-8\""?><MediaServerControl version=\""1.0\""><request><play><prompt repeat=\""2\""><audio url=\""http://prod-serveur-oms-ip.vente.francetelecom.fr:8080/annonces/SVAIP/silence.wav\""/><audio url=\""http://prod-serveur-oms-ip.vente.francetelecom.fr:8080/annonces/SVAIP/10003728/SVAIPP10003728F101.wav\""/></prompt></play></request></MediaServerControl>"", ""call_flow_type"" : ""EARLY_MEDIA_AND_RELEASE"", ""header_list"" : []}"
34341,SVAIPP10011951F1,"{""id"" : 34341, ""name"" : ""SVAIPP10011951F1"", ""vpn_id"" : 10011951, ""technical_type"" : ""PERSONALIZED_GREETING"", ""max_duration"" : null, ""release_cause"" : 21, ""network_sip_code"" : 603, ""mscml_user_part"" : ""0943101510011951"", ""mscml_body_content"" : ""<?xml version=\""1.0\"" encoding=\""utf-8\""?><MediaServerControl version=\""1.0\""><request><play><prompt repeat=\""2\""><audio url=\""http://prod-serveur-oms-ip.vente.francetelecom.fr:8080/annonces/SVAIP/silence.wav\""/><audio url=\""http://prod-serveur-oms-ip.vente.francetelecom.fr:8080/annonces/SVAIP/10011951/SVAIPP10011951F1.wav\""/></prompt></play></request></MediaServerControl>"", ""call_flow_type"" : ""EARLY_MEDIA_AND_RELEASE"", ""header_list"" : []}"
33602,SVAIPP10011881F3,"{""id"" : 33602, ""name"" : ""SVAIPP10011881F3"", ""vpn_id"" : 10011881, ""technical_type"" : ""PERSONALIZED_GREETING"", ""max_duration"" : null, ""release_cause"" : 21, ""network_sip_code"" : 603, ""mscml_user_part"" : ""0943101510011881"", ""mscml_body_content"" : ""<?xml version=\""1.0\"" encoding=\""utf-8\""?><MediaServerControl version=\""1.0\""><request><play><prompt repeat=\""2\""><audio url=\""http://prod-serveur-oms-ip.vente.francetelecom.fr:8080/annonces/SVAIP/silence.wav\""/><audio url=\""http://prod-serveur-oms-ip.vente.francetelecom.fr:8080/annonces/SVAIP/10011881/SVAIPP10011881F3.wav\""/></prompt></play></request></MediaServerControl>"", ""call_flow_type"" : ""EARLY_MEDIA_AND_RELEASE"", ""header_list"" : []}"
33964,SVAIPP10006284F10,"{""id"" : 33964, ""name"" : ""SVAIPP10006284F10"", ""vpn_id"" : 10006284, ""technical_type"" : ""PERSONALIZED_GREETING"", ""max_duration"" : null, ""release_cause"" : 21, ""network_sip_code"" : 603, ""mscml_user_part"" : ""0943101510006284"", ""mscml_body_content"" : ""<?xml version=\""1.0\"" encoding=\""utf-8\""?><MediaServerControl version=\""1.0\""><request><play><prompt repeat=\""2\""><audio url=\""http://prod-serveur-oms-ip.vente.francetelecom.fr:8080/annonces/SVAIP/silence.wav\""/><audio url=\""http://prod-serveur-oms-ip.vente.francetelecom.fr:8080/annonces/SVAIP/10006284/SVAIPP10006284F10.wav\""/></prompt></play></request></MediaServerControl>"", ""call_flow_type"" : ""EARLY_MEDIA_AND_RELEASE"", ""header_list"" : []}"
34481,SVAIPP10003662F1,"{""id"" : 34481, ""name"" : ""SVAIPP10003662F1"", ""vpn_id"" : 10003662, ""technical_type"" : ""PERSONALIZED_GREETING"", ""max_duration"" : null, ""release_cause"" : 21, ""network_sip_code"" : 603, ""mscml_user_part"" : ""0943101510003662"", ""mscml_body_content"" : ""<?xml version=\""1.0\"" encoding=\""utf-8\""?><MediaServerControl version=\""1.0\""><request><play><prompt repeat=\""2\""><audio url=\""http://prod-serveur-oms-ip.vente.francetelecom.fr:8080/annonces/SVAIP/silence.wav\""/><audio url=\""http://prod-serveur-oms-ip.vente.francetelecom.fr:8080/annonces/SVAIP/10003662/SVAIPP10003662F1.wav\""/></prompt></play></request></MediaServerControl>"", ""call_flow_type"" : ""EARLY_MEDIA_AND_RELEASE"", ""header_list"" : []}"
35263,SVAIPP10017085F1,"{""id"" : 35263, ""name"" : ""SVAIPP10017085F1"", ""vpn_id"" : 10017085, ""technical_type"" : ""PERSONALIZED_GREETING"", ""max_duration"" : null, ""release_cause"" : 21, ""network_sip_code"" : 603, ""mscml_user_part"" : ""0943101510017085"", ""mscml_body_content"" : ""<?xml version=\""1.0\"" encoding=\""utf-8\""?><MediaServerControl version=\""1.0\""><request><play><prompt repeat=\""2\""><audio url=\""http://prod-serveur-oms-ip.vente.francetelecom.fr:8080/annonces/SVAIP/silence.wav\""/><audio url=\""http://prod-serveur-oms-ip.vente.francetelecom.fr:8080/annonces/SVAIP/10017085/SVAIPP10017085F1.wav\""/></prompt></play></request></MediaServerControl>"", ""call_flow_type"" : ""EARLY_MEDIA_AND_RELEASE"", ""header_list"" : []}"
33961,SVAIPP10002553F1,"{""id"" : 33961, ""name"" : ""SVAIPP10002553F1"", ""vpn_id"" : 10002553, ""technical_type"" : ""PERSONALIZED_GREETING"", ""max_duration"" : null, ""release_cause"" : 21, ""network_sip_code"" : 603, ""mscml_user_part"" : ""0943101510002553"", ""mscml_body_content"" : ""<?xml version=\""1.0\"" encoding=\""utf-8\""?><MediaServerControl version=\""1.0\""><request><play><prompt repeat=\""2\""><audio url=\""http://prod-serveur-oms-ip.vente.francetelecom.fr:8080/annonces/SVAIP/silence.wav\""/><audio url=\""http://prod-serveur-oms-ip.vente.francetelecom.fr:8080/annonces/SVAIP/10002553/SVAIPP10002553F1.wav\""/></prompt></play></request></MediaServerControl>"", ""call_flow_type"" : ""EARLY_MEDIA_AND_RELEASE"", ""header_list"" : []}"
34021,SVAIPP10017347F11,"{""id"" : 34021, ""name"" : ""SVAIPP10017347F11"", ""vpn_id"" : 10017347, ""technical_type"" : ""PERSONALIZED_GREETING"", ""max_duration"" : null, ""release_cause"" : 21, ""network_sip_code"" : 603, ""mscml_user_part"" : ""0943101510017347"", ""mscml_body_content"" : ""<?xml version=\""1.0\"" encoding=\""utf-8\""?><MediaServerControl version=\""1.0\""><request><play><prompt repeat=\""2\""><audio url=\""http://prod-serveur-oms-ip.vente.francetelecom.fr:8080/annonces/SVAIP/silence.wav\""/><audio url=\""http://prod-serveur-oms-ip.vente.francetelecom.fr:8080/annonces/SVAIP/10017347/SVAIPP10017347F11.wav\""/></prompt></play></request></MediaServerControl>"", ""call_flow_type"" : ""EARLY_MEDIA_AND_RELEASE"", ""header_list"" : []}"
35321,SVAIPAR100098421,"{""id"" : 35321, ""name"" : ""SVAIPAR100098421"", ""vpn_id"" : 10009842, ""technical_type"" : ""RINGBACK_TONE"", ""max_duration"" : 180000, ""release_cause"" : 0, ""network_sip_code"" : 0, ""mscml_user_part"" : ""0943101210009842"", ""mscml_body_content"" : ""<?xml version=\""1.0\"" encoding=\""utf-8\""?><MediaServerControl version=\""1.0\""><request><play><prompt repeat=\""infinite\""><audio url=\""http://prod-serveur-oms-ip.vente.francetelecom.fr:8080/annonces/SVAIP/silence.wav\""/><audio url=\""http://prod-serveur-oms-ip.vente.francetelecom.fr:8080/annonces/SVAIP/10009842/SVAIPAR100098421.wav\""/></prompt></play></request></MediaServerControl>"", ""call_flow_type"" : ""EARLY_MEDIA_AND_RELEASE"", ""header_list"" : []}"
35441,SVAIPAR100034891,"{""id"" : 35441, ""name"" : ""SVAIPAR100034891"", ""vpn_id"" : 10003489, ""technical_type"" : ""RINGBACK_TONE"", ""max_duration"" : 180000, ""release_cause"" : 0, ""network_sip_code"" : 0, ""mscml_user_part"" : ""0943101210003489"", ""mscml_body_content"" : ""<?xml version=\""1.0\"" encoding=\""utf-8\""?><MediaServerControl version=\""1.0\""><request><play><prompt repeat=\""infinite\""><audio url=\""http://prod-serveur-oms-ip.vente.francetelecom.fr:8080/annonces/SVAIP/silence.wav\""/><audio url=\""http://prod-serveur-oms-ip.vente.francetelecom.fr:8080/annonces/SVAIP/10003489/SVAIPAR100034891.wav\""/></prompt></play></request></MediaServerControl>"", ""call_flow_type"" : ""EARLY_MEDIA_AND_RELEASE"", ""header_list"" : []}"
35143,SVAIPP10016571F3,"{""id"" : 35143, ""name"" : ""SVAIPP10016571F3"", ""vpn_id"" : 10016571, ""technical_type"" : ""PERSONALIZED_GREETING"", ""max_duration"" : null, ""release_cause"" : 21, ""network_sip_code"" : 603, ""mscml_user_part"" : ""0943101510016571"", ""mscml_body_content"" : ""<?xml version=\""1.0\"" encoding=\""utf-8\""?><MediaServerControl version=\""1.0\""><request><play><prompt repeat=\""2\""><audio url=\""http://prod-serveur-oms-ip.vente.francetelecom.fr:8080/annonces/SVAIP/silence.wav\""/><audio url=\""http://prod-serveur-oms-ip.vente.francetelecom.fr:8080/annonces/SVAIP/10016571/SVAIPP10016571F3.wav\""/></prompt></play></request></MediaServerControl>"", ""call_flow_type"" : ""EARLY_MEDIA_AND_RELEASE"", ""header_list"" : []}"
33570,SVAIPP10003957F17,"{""id"" : 33570, ""name"" : ""SVAIPP10003957F17"", ""vpn_id"" : 10003957, ""technical_type"" : ""PERSONALIZED_GREETING"", ""max_duration"" : null, ""release_cause"" : 21, ""network_sip_code"" : 603, ""mscml_user_part"" : ""0943101510003957"", ""mscml_body_content"" : ""<?xml version=\""1.0\"" encoding=\""utf-8\""?><MediaServerControl version=\""1.0\""><request><play><prompt repeat=\""2\""><audio url=\""http://prod-serveur-oms-ip.vente.francetelecom.fr:8080/annonces/SVAIP/silence.wav\""/><audio url=\""http://prod-serveur-oms-ip.vente.francetelecom.fr:8080/annonces/SVAIP/10003957/SVAIPP10003957F17.wav\""/></prompt></play></request></MediaServerControl>"", ""call_flow_type"" : ""EARLY_MEDIA_AND_RELEASE"", ""header_list"" : []}"
33566,SVAIPP10003728F92,"{""id"" : 33566, ""name"" : ""SVAIPP10003728F92"", ""vpn_id"" : 10003728, ""technical_type"" : ""PERSONALIZED_GREETING"", ""max_duration"" : null, ""release_cause"" : 21, ""network_sip_code"" : 603, ""mscml_user_part"" : ""0943101510003728"", ""mscml_body_content"" : ""<?xml version=\""1.0\"" encoding=\""utf-8\""?><MediaServerControl version=\""1.0\""><request><play><prompt repeat=\""2\""><audio url=\""http://prod-serveur-oms-ip.vente.francetelecom.fr:8080/annonces/SVAIP/silence.wav\""/><audio url=\""http://prod-serveur-oms-ip.vente.francetelecom.fr:8080/annonces/SVAIP/10003728/SVAIPP10003728F92.wav\""/></prompt></play></request></MediaServerControl>"", ""call_flow_type"" : ""EARLY_MEDIA_AND_RELEASE"", ""header_list"" : []}"
35322,SVAIPP10008971F3,"{""id"" : 35322, ""name"" : ""SVAIPP10008971F3"", ""vpn_id"" : 10008971, ""technical_type"" : ""PERSONALIZED_GREETING"", ""max_duration"" : null, ""release_cause"" : 21, ""network_sip_code"" : 603, ""mscml_user_part"" : ""0943101510008971"", ""mscml_body_content"" : ""<?xml version=\""1.0\"" encoding=\""utf-8\""?><MediaServerControl version=\""1.0\""><request><play><prompt repeat=\""2\""><audio url=\""http://prod-serveur-oms-ip.vente.francetelecom.fr:8080/annonces/SVAIP/silence.wav\""/><audio url=\""http://prod-serveur-oms-ip.vente.francetelecom.fr:8080/annonces/SVAIP/10008971/SVAIPP10008971F3.wav\""/></prompt></play></request></MediaServerControl>"", ""call_flow_type"" : ""EARLY_MEDIA_AND_RELEASE"", ""header_list"" : []}"
35364,SVAIPP10010296F1,"{""id"" : 35364, ""name"" : ""SVAIPP10010296F1"", ""vpn_id"" : 10010296, ""technical_type"" : ""PERSONALIZED_GREETING"", ""max_duration"" : null, ""release_cause"" : 21, ""network_sip_code"" : 603, ""mscml_user_part"" : ""0943101510010296"", ""mscml_body_content"" : ""<?xml version=\""1.0\"" encoding=\""utf-8\""?><MediaServerControl version=\""1.0\""><request><play><prompt repeat=\""2\""><audio url=\""http://prod-serveur-oms-ip.vente.francetelecom.fr:8080/annonces/SVAIP/silence.wav\""/><audio url=\""http://prod-serveur-oms-ip.vente.francetelecom.fr:8080/annonces/SVAIP/10010296/SVAIPP10010296F1.wav\""/></prompt></play></request></MediaServerControl>"", ""call_flow_type"" : ""EARLY_MEDIA_AND_RELEASE"", ""header_list"" : []}"
34023,SVAIPP10017347F12,"{""id"" : 34023, ""name"" : ""SVAIPP10017347F12"", ""vpn_id"" : 10017347, ""technical_type"" : ""PERSONALIZED_GREETING"", ""max_duration"" : null, ""release_cause"" : 21, ""network_sip_code"" : 603, ""mscml_user_part"" : ""0943101510017347"", ""mscml_body_content"" : ""<?xml version=\""1.0\"" encoding=\""utf-8\""?><MediaServerControl version=\""1.0\""><request><play><prompt repeat=\""2\""><audio url=\""http://prod-serveur-oms-ip.vente.francetelecom.fr:8080/annonces/SVAIP/silence.wav\""/><audio url=\""http://prod-serveur-oms-ip.vente.francetelecom.fr:8080/annonces/SVAIP/10017347/SVAIPP10017347F12.wav\""/></prompt></play></request></MediaServerControl>"", ""call_flow_type"" : ""EARLY_MEDIA_AND_RELEASE"", ""header_list"" : []}"
33182,SVAIPP10014812A020P11,"{""id"" : 33182, ""name"" : ""SVAIPP10014812A020P11"", ""vpn_id"" : 10014812, ""technical_type"" : ""PERSONALIZED_MGIT"", ""max_duration"" : null, ""release_cause"" : 0, ""network_sip_code"" : 0, ""mscml_user_part"" : ""0943101110014812"", ""mscml_body_content"" : ""<?xml version=\""1.0\"" encoding=\""utf-8\""?><MediaServerControl version=\""1.0\""><request><playcollect maxdigits=\""1\"" barge=\""yes\"" extradigittimer=\""immediate\"" firstdigittimer=\""immediate\""><prompt><audio url=\""http://prod-serveur-oms-ip.vente.francetelecom.fr:8080/annonces/SVAIP/silence.wav\""/><audio url=\""http://prod-serveur-oms-ip.vente.francetelecom.fr:8080/annonces/SVAIP/10014812/SVAIPP10014812A020P11.wav\""/></prompt></playcollect></request></MediaServerControl>"", ""call_flow_type"" : ""EARLY_MEDIA_AND_RELEASE"", ""header_list"" : []}"
34201,SVAIPP10014985F1,"{""id"" : 34201, ""name"" : ""SVAIPP10014985F1"", ""vpn_id"" : 10014985, ""technical_type"" : ""PERSONALIZED_GREETING"", ""max_duration"" : null, ""release_cause"" : 21, ""network_sip_code"" : 603, ""mscml_user_part"" : ""0943101510014985"", ""mscml_body_content"" : ""<?xml version=\""1.0\"" encoding=\""utf-8\""?><MediaServerControl version=\""1.0\""><request><play><prompt repeat=\""2\""><audio url=\""http://prod-serveur-oms-ip.vente.francetelecom.fr:8080/annonces/SVAIP/silence.wav\""/><audio url=\""http://prod-serveur-oms-ip.vente.francetelecom.fr:8080/annonces/SVAIP/10014985/SVAIPP10014985F1.wav\""/></prompt></play></request></MediaServerControl>"", ""call_flow_type"" : ""EARLY_MEDIA_AND_RELEASE"", ""header_list"" : []}"
35382,SVAIPAR100037284,"{""id"" : 35382, ""name"" : ""SVAIPAR100037284"", ""vpn_id"" : 10003728, ""technical_type"" : ""RINGBACK_TONE"", ""max_duration"" : 180000, ""release_cause"" : 0, ""network_sip_code"" : 0, ""mscml_user_part"" : ""0943101210003728"", ""mscml_body_content"" : ""<?xml version=\""1.0\"" encoding=\""utf-8\""?><MediaServerControl version=\""1.0\""><request><play><prompt repeat=\""infinite\""><audio url=\""http://prod-serveur-oms-ip.vente.francetelecom.fr:8080/annonces/SVAIP/silence.wav\""/><audio url=\""http://prod-serveur-oms-ip.vente.francetelecom.fr:8080/annonces/SVAIP/10003728/SVAIPAR100037284.wav\""/></prompt></play></request></MediaServerControl>"", ""call_flow_type"" : ""EARLY_MEDIA_AND_RELEASE"", ""header_list"" : []}"
34343,SVAIPP10014088F2,"{""id"" : 34343, ""name"" : ""SVAIPP10014088F2"", ""vpn_id"" : 10014088, ""technical_type"" : ""PERSONALIZED_GREETING"", ""max_duration"" : null, ""release_cause"" : 21, ""network_sip_code"" : 603, ""mscml_user_part"" : ""0943101510014088"", ""mscml_body_content"" : ""<?xml version=\""1.0\"" encoding=\""utf-8\""?><MediaServerControl version=\""1.0\""><request><play><prompt repeat=\""2\""><audio url=\""http://prod-serveur-oms-ip.vente.francetelecom.fr:8080/annonces/SVAIP/silence.wav\""/><audio url=\""http://prod-serveur-oms-ip.vente.francetelecom.fr:8080/annonces/SVAIP/10014088/SVAIPP10014088F2.wav\""/></prompt></play></request></MediaServerControl>"", ""call_flow_type"" : ""EARLY_MEDIA_AND_RELEASE"", ""header_list"" : []}"
34521,SVAIPP10009809F1,"{""id"" : 34521, ""name"" : ""SVAIPP10009809F1"", ""vpn_id"" : 10009809, ""technical_type"" : ""PERSONALIZED_GREETING"", ""max_duration"" : null, ""release_cause"" : 21, ""network_sip_code"" : 603, ""mscml_user_part"" : ""0943101510009809"", ""mscml_body_content"" : ""<?xml version=\""1.0\"" encoding=\""utf-8\""?><MediaServerControl version=\""1.0\""><request><play><prompt repeat=\""2\""><audio url=\""http://prod-serveur-oms-ip.vente.francetelecom.fr:8080/annonces/SVAIP/silence.wav\""/><audio url=\""http://prod-serveur-oms-ip.vente.francetelecom.fr:8080/annonces/SVAIP/10009809/SVAIPP10009809F1.wav\""/></prompt></play></request></MediaServerControl>"", ""call_flow_type"" : ""EARLY_MEDIA_AND_RELEASE"", ""header_list"" : []}"
