id_site,rank,service_logic_leg,access_type,t1t7,rn,data
10,0,3,20,2250833,1,"{""id"" : -1, ""equipment_id"" : 53973, ""site_id"" : 10, ""rank"" : 0, ""load"" : 1, ""cdr_info"" : ""098993991"", ""called_prefix"" : ""04"", ""called_number_in_public_format"" : true, ""flexible_called"" : null, ""flexible_calling"" : null, ""calling_number_in_public_format"" : true, ""full_prefix"" : ""042250833"", ""calling_format"" : ""E164"", ""called_cli_policy"" : ""SIPDA""}"
10,1,3,20,2250834,1,"{""id"" : -1, ""equipment_id"" : 53974, ""site_id"" : 10, ""rank"" : 1, ""load"" : 1, ""cdr_info"" : ""098993991"", ""called_prefix"" : ""04"", ""called_number_in_public_format"" : true, ""flexible_called"" : null, ""flexible_calling"" : null, ""calling_number_in_public_format"" : true, ""full_prefix"" : ""042250834"", ""calling_format"" : ""E164"", ""called_cli_policy"" : ""SIPDA""}"
11,0,3,20,2250833,1,"{""id"" : -1, ""equipment_id"" : 53973, ""site_id"" : 11, ""rank"" : 0, ""load"" : 1, ""cdr_info"" : ""098993991"", ""called_prefix"" : ""04"", ""called_number_in_public_format"" : true, ""flexible_called"" : null, ""flexible_calling"" : null, ""calling_number_in_public_format"" : true, ""full_prefix"" : ""042250833"", ""calling_format"" : ""E164"", ""called_cli_policy"" : ""SIPDA""}"
11,1,3,20,2250834,1,"{""id"" : -1, ""equipment_id"" : 53974, ""site_id"" : 11, ""rank"" : 1, ""load"" : 1, ""cdr_info"" : ""098993991"", ""called_prefix"" : ""04"", ""called_number_in_public_format"" : true, ""flexible_called"" : null, ""flexible_calling"" : null, ""calling_number_in_public_format"" : true, ""full_prefix"" : ""042250834"", ""calling_format"" : ""E164"", ""called_cli_policy"" : ""SIPDA""}"
15,0,3,20,2320213,1,"{""id"" : -1, ""equipment_id"" : 56141, ""site_id"" : 15, ""rank"" : 0, ""load"" : 1, ""cdr_info"" : ""098993999"", ""called_prefix"" : ""04"", ""called_number_in_public_format"" : false, ""flexible_called"" : null, ""flexible_calling"" : null, ""calling_number_in_public_format"" : false, ""full_prefix"" : ""042320213"", ""calling_format"" : ""E164"", ""called_cli_policy"" : ""SIPDA""}"
15,1,3,20,2321886,1,"{""id"" : -1, ""equipment_id"" : 178063, ""site_id"" : 15, ""rank"" : 1, ""load"" : 1, ""cdr_info"" : ""098993999"", ""called_prefix"" : ""04"", ""called_number_in_public_format"" : false, ""flexible_called"" : null, ""flexible_calling"" : null, ""calling_number_in_public_format"" : false, ""full_prefix"" : ""042321886"", ""calling_format"" : ""FORMATTED"", ""called_cli_policy"" : ""SIPDA""}"
18,0,3,20,2306070,1,"{""id"" : -1, ""equipment_id"" : 89881, ""site_id"" : 18, ""rank"" : 0, ""load"" : 1, ""cdr_info"" : ""098993999"", ""called_prefix"" : ""04"", ""called_number_in_public_format"" : false, ""flexible_called"" : null, ""flexible_calling"" : null, ""calling_number_in_public_format"" : false, ""full_prefix"" : ""042306070"", ""calling_format"" : ""E164"", ""called_cli_policy"" : ""SIPDA""}"
21,0,3,20,2306070,1,"{""id"" : -1, ""equipment_id"" : 89881, ""site_id"" : 21, ""rank"" : 0, ""load"" : 1, ""cdr_info"" : ""098993999"", ""called_prefix"" : ""04"", ""called_number_in_public_format"" : false, ""flexible_called"" : null, ""flexible_calling"" : null, ""calling_number_in_public_format"" : false, ""full_prefix"" : ""042306070"", ""calling_format"" : ""E164"", ""called_cli_policy"" : ""SIPDA""}"
28,0,3,20,2385347,1,"{""id"" : -1, ""equipment_id"" : 118381, ""site_id"" : 28, ""rank"" : 0, ""load"" : 1, ""cdr_info"" : ""098993861"", ""called_prefix"" : ""04"", ""called_number_in_public_format"" : true, ""flexible_called"" : null, ""flexible_calling"" : null, ""calling_number_in_public_format"" : false, ""full_prefix"" : ""042385347"", ""calling_format"" : ""E164"", ""called_cli_policy"" : ""SIPDA""}"
32,0,3,20,2385347,1,"{""id"" : -1, ""equipment_id"" : 118381, ""site_id"" : 32, ""rank"" : 0, ""load"" : 1, ""cdr_info"" : ""098993861"", ""called_prefix"" : ""04"", ""called_number_in_public_format"" : true, ""flexible_called"" : null, ""flexible_calling"" : null, ""calling_number_in_public_format"" : false, ""full_prefix"" : ""042385347"", ""calling_format"" : ""E164"", ""called_cli_policy"" : ""SIPDA""}"
67,0,3,20,2320048,1,"{""id"" : -1, ""equipment_id"" : 83447, ""site_id"" : 67, ""rank"" : 0, ""load"" : 1, ""cdr_info"" : ""098993999"", ""called_prefix"" : ""04"", ""called_number_in_public_format"" : false, ""flexible_called"" : null, ""flexible_calling"" : null, ""calling_number_in_public_format"" : false, ""full_prefix"" : ""042320048"", ""calling_format"" : ""E164"", ""called_cli_policy"" : ""SIPDA""}"
73,0,3,20,2250833,1,"{""id"" : -1, ""equipment_id"" : 53973, ""site_id"" : 73, ""rank"" : 0, ""load"" : 1, ""cdr_info"" : ""098993991"", ""called_prefix"" : ""04"", ""called_number_in_public_format"" : true, ""flexible_called"" : null, ""flexible_calling"" : null, ""calling_number_in_public_format"" : true, ""full_prefix"" : ""042250833"", ""calling_format"" : ""E164"", ""called_cli_policy"" : ""SIPDA""}"
73,1,3,20,2250834,1,"{""id"" : -1, ""equipment_id"" : 53974, ""site_id"" : 73, ""rank"" : 1, ""load"" : 1, ""cdr_info"" : ""098993991"", ""called_prefix"" : ""04"", ""called_number_in_public_format"" : true, ""flexible_called"" : null, ""flexible_calling"" : null, ""calling_number_in_public_format"" : true, ""full_prefix"" : ""042250834"", ""calling_format"" : ""E164"", ""called_cli_policy"" : ""SIPDA""}"
75,1,3,20,2250833,1,"{""id"" : -1, ""equipment_id"" : 53973, ""site_id"" : 75, ""rank"" : 1, ""load"" : 1, ""cdr_info"" : ""098993991"", ""called_prefix"" : ""04"", ""called_number_in_public_format"" : true, ""flexible_called"" : null, ""flexible_calling"" : null, ""calling_number_in_public_format"" : true, ""full_prefix"" : ""042250833"", ""calling_format"" : ""E164"", ""called_cli_policy"" : ""SIPDA""}"
75,0,3,20,2250834,1,"{""id"" : -1, ""equipment_id"" : 53974, ""site_id"" : 75, ""rank"" : 0, ""load"" : 1, ""cdr_info"" : ""098993991"", ""called_prefix"" : ""04"", ""called_number_in_public_format"" : true, ""flexible_called"" : null, ""flexible_calling"" : null, ""calling_number_in_public_format"" : true, ""full_prefix"" : ""042250834"", ""calling_format"" : ""E164"", ""called_cli_policy"" : ""SIPDA""}"
79,0,3,20,2250833,1,"{""id"" : -1, ""equipment_id"" : 53973, ""site_id"" : 79, ""rank"" : 0, ""load"" : 1, ""cdr_info"" : ""098993991"", ""called_prefix"" : ""04"", ""called_number_in_public_format"" : true, ""flexible_called"" : null, ""flexible_calling"" : null, ""calling_number_in_public_format"" : true, ""full_prefix"" : ""042250833"", ""calling_format"" : ""E164"", ""called_cli_policy"" : ""SIPDA""}"
79,1,3,20,2250834,1,"{""id"" : -1, ""equipment_id"" : 53974, ""site_id"" : 79, ""rank"" : 1, ""load"" : 1, ""cdr_info"" : ""098993991"", ""called_prefix"" : ""04"", ""called_number_in_public_format"" : true, ""flexible_called"" : null, ""flexible_calling"" : null, ""calling_number_in_public_format"" : true, ""full_prefix"" : ""042250834"", ""calling_format"" : ""E164"", ""called_cli_policy"" : ""SIPDA""}"
105,0,3,20,2315369,1,"{""id"" : -1, ""equipment_id"" : 83442, ""site_id"" : 105, ""rank"" : 0, ""load"" : 1, ""cdr_info"" : ""098993999"", ""called_prefix"" : ""04"", ""called_number_in_public_format"" : false, ""flexible_called"" : null, ""flexible_calling"" : null, ""calling_number_in_public_format"" : false, ""full_prefix"" : ""042315369"", ""calling_format"" : ""E164"", ""called_cli_policy"" : ""SIPDA""}"
115,0,3,20,2250833,1,"{""id"" : -1, ""equipment_id"" : 53973, ""site_id"" : 115, ""rank"" : 0, ""load"" : 1, ""cdr_info"" : ""098993991"", ""called_prefix"" : ""04"", ""called_number_in_public_format"" : true, ""flexible_called"" : null, ""flexible_calling"" : null, ""calling_number_in_public_format"" : true, ""full_prefix"" : ""042250833"", ""calling_format"" : ""E164"", ""called_cli_policy"" : ""SIPDA""}"
115,1,3,20,2250834,1,"{""id"" : -1, ""equipment_id"" : 53974, ""site_id"" : 115, ""rank"" : 1, ""load"" : 1, ""cdr_info"" : ""098993991"", ""called_prefix"" : ""04"", ""called_number_in_public_format"" : true, ""flexible_called"" : null, ""flexible_calling"" : null, ""calling_number_in_public_format"" : true, ""full_prefix"" : ""042250834"", ""calling_format"" : ""E164"", ""called_cli_policy"" : ""SIPDA""}"
120,0,3,20,2315122,1,"{""id"" : -1, ""equipment_id"" : 73322, ""site_id"" : 120, ""rank"" : 0, ""load"" : 1, ""cdr_info"" : ""098993999"", ""called_prefix"" : ""04"", ""called_number_in_public_format"" : false, ""flexible_called"" : null, ""flexible_calling"" : null, ""calling_number_in_public_format"" : false, ""full_prefix"" : ""042315122"", ""calling_format"" : ""E164"", ""called_cli_policy"" : ""SIPDA""}"
120,1,3,20,2315891,1,"{""id"" : -1, ""equipment_id"" : 35283, ""site_id"" : 120, ""rank"" : 1, ""load"" : 1, ""cdr_info"" : ""098993999"", ""called_prefix"" : ""04"", ""called_number_in_public_format"" : false, ""flexible_called"" : null, ""flexible_calling"" : null, ""calling_number_in_public_format"" : true, ""full_prefix"" : ""042315891"", ""calling_format"" : ""FORMATTED"", ""called_cli_policy"" : ""SIPDA""}"
120,2,3,20,2315894,1,"{""id"" : -1, ""equipment_id"" : 35385, ""site_id"" : 120, ""rank"" : 2, ""load"" : 1, ""cdr_info"" : ""098993999"", ""called_prefix"" : ""04"", ""called_number_in_public_format"" : false, ""flexible_called"" : null, ""flexible_calling"" : null, ""calling_number_in_public_format"" : true, ""full_prefix"" : ""042315894"", ""calling_format"" : ""FORMATTED"", ""called_cli_policy"" : ""SIPDA""}"
121,0,3,20,2315369,1,"{""id"" : -1, ""equipment_id"" : 83442, ""site_id"" : 121, ""rank"" : 0, ""load"" : 1, ""cdr_info"" : ""098993999"", ""called_prefix"" : ""04"", ""called_number_in_public_format"" : false, ""flexible_called"" : null, ""flexible_calling"" : null, ""calling_number_in_public_format"" : false, ""full_prefix"" : ""042315369"", ""calling_format"" : ""E164"", ""called_cli_policy"" : ""SIPDA""}"
123,0,3,20,2315369,1,"{""id"" : -1, ""equipment_id"" : 83442, ""site_id"" : 123, ""rank"" : 0, ""load"" : 1, ""cdr_info"" : ""098993999"", ""called_prefix"" : ""04"", ""called_number_in_public_format"" : false, ""flexible_called"" : null, ""flexible_calling"" : null, ""calling_number_in_public_format"" : false, ""full_prefix"" : ""042315369"", ""calling_format"" : ""E164"", ""called_cli_policy"" : ""SIPDA""}"
124,0,3,20,2306070,1,"{""id"" : -1, ""equipment_id"" : 89881, ""site_id"" : 124, ""rank"" : 0, ""load"" : 1, ""cdr_info"" : ""098993999"", ""called_prefix"" : ""04"", ""called_number_in_public_format"" : false, ""flexible_called"" : null, ""flexible_calling"" : null, ""calling_number_in_public_format"" : false, ""full_prefix"" : ""042306070"", ""calling_format"" : ""E164"", ""called_cli_policy"" : ""SIPDA""}"
126,0,3,20,2315122,1,"{""id"" : -1, ""equipment_id"" : 73322, ""site_id"" : 126, ""rank"" : 0, ""load"" : 1, ""cdr_info"" : ""098993999"", ""called_prefix"" : ""04"", ""called_number_in_public_format"" : false, ""flexible_called"" : null, ""flexible_calling"" : null, ""calling_number_in_public_format"" : false, ""full_prefix"" : ""042315122"", ""calling_format"" : ""E164"", ""called_cli_policy"" : ""SIPDA""}"
126,1,3,20,2315891,1,"{""id"" : -1, ""equipment_id"" : 35283, ""site_id"" : 126, ""rank"" : 1, ""load"" : 1, ""cdr_info"" : ""098993999"", ""called_prefix"" : ""04"", ""called_number_in_public_format"" : false, ""flexible_called"" : null, ""flexible_calling"" : null, ""calling_number_in_public_format"" : true, ""full_prefix"" : ""042315891"", ""calling_format"" : ""FORMATTED"", ""called_cli_policy"" : ""SIPDA""}"
126,2,3,20,2315894,1,"{""id"" : -1, ""equipment_id"" : 35385, ""site_id"" : 126, ""rank"" : 2, ""load"" : 1, ""cdr_info"" : ""098993999"", ""called_prefix"" : ""04"", ""called_number_in_public_format"" : false, ""flexible_called"" : null, ""flexible_calling"" : null, ""calling_number_in_public_format"" : true, ""full_prefix"" : ""042315894"", ""calling_format"" : ""FORMATTED"", ""called_cli_policy"" : ""SIPDA""}"
136,0,3,20,2306070,1,"{""id"" : -1, ""equipment_id"" : 89881, ""site_id"" : 136, ""rank"" : 0, ""load"" : 1, ""cdr_info"" : ""098993999"", ""called_prefix"" : ""04"", ""called_number_in_public_format"" : false, ""flexible_called"" : null, ""flexible_calling"" : null, ""calling_number_in_public_format"" : false, ""full_prefix"" : ""042306070"", ""calling_format"" : ""E164"", ""called_cli_policy"" : ""SIPDA""}"
137,0,3,20,2306070,1,"{""id"" : -1, ""equipment_id"" : 89881, ""site_id"" : 137, ""rank"" : 0, ""load"" : 1, ""cdr_info"" : ""098993999"", ""called_prefix"" : ""04"", ""called_number_in_public_format"" : false, ""flexible_called"" : null, ""flexible_calling"" : null, ""calling_number_in_public_format"" : false, ""full_prefix"" : ""042306070"", ""calling_format"" : ""E164"", ""called_cli_policy"" : ""SIPDA""}"
138,0,3,20,2315122,1,"{""id"" : -1, ""equipment_id"" : 73322, ""site_id"" : 138, ""rank"" : 0, ""load"" : 1, ""cdr_info"" : ""098993999"", ""called_prefix"" : ""04"", ""called_number_in_public_format"" : false, ""flexible_called"" : null, ""flexible_calling"" : null, ""calling_number_in_public_format"" : false, ""full_prefix"" : ""042315122"", ""calling_format"" : ""E164"", ""called_cli_policy"" : ""SIPDA""}"
138,1,3,20,2315891,1,"{""id"" : -1, ""equipment_id"" : 35283, ""site_id"" : 138, ""rank"" : 1, ""load"" : 1, ""cdr_info"" : ""098993999"", ""called_prefix"" : ""04"", ""called_number_in_public_format"" : false, ""flexible_called"" : null, ""flexible_calling"" : null, ""calling_number_in_public_format"" : true, ""full_prefix"" : ""042315891"", ""calling_format"" : ""FORMATTED"", ""called_cli_policy"" : ""SIPDA""}"
138,2,3,20,2315894,1,"{""id"" : -1, ""equipment_id"" : 35385, ""site_id"" : 138, ""rank"" : 2, ""load"" : 1, ""cdr_info"" : ""098993999"", ""called_prefix"" : ""04"", ""called_number_in_public_format"" : false, ""flexible_called"" : null, ""flexible_calling"" : null, ""calling_number_in_public_format"" : true, ""full_prefix"" : ""042315894"", ""calling_format"" : ""FORMATTED"", ""called_cli_policy"" : ""SIPDA""}"
149,1,3,20,2385166,1,"{""id"" : -1, ""equipment_id"" : 70356, ""site_id"" : 149, ""rank"" : 1, ""load"" : 1, ""cdr_info"" : ""098994898"", ""called_prefix"" : ""04"", ""called_number_in_public_format"" : false, ""flexible_called"" : null, ""flexible_calling"" : null, ""calling_number_in_public_format"" : false, ""full_prefix"" : ""042385166"", ""calling_format"" : ""E164"", ""called_cli_policy"" : ""SIPDA""}"
149,4,3,20,2385470,1,"{""id"" : -1, ""equipment_id"" : 131861, ""site_id"" : 149, ""rank"" : 4, ""load"" : 1, ""cdr_info"" : ""933333333333"", ""called_prefix"" : ""04"", ""called_number_in_public_format"" : false, ""flexible_called"" : null, ""flexible_calling"" : null, ""calling_number_in_public_format"" : false, ""full_prefix"" : ""042385470"", ""calling_format"" : ""E164"", ""called_cli_policy"" : ""SIPDA""}"
149,2,3,20,2390082,1,"{""id"" : -1, ""equipment_id"" : 70357, ""site_id"" : 149, ""rank"" : 2, ""load"" : 1, ""cdr_info"" : ""098994898"", ""called_prefix"" : ""04"", ""called_number_in_public_format"" : false, ""flexible_called"" : null, ""flexible_calling"" : null, ""calling_number_in_public_format"" : false, ""full_prefix"" : ""042390082"", ""calling_format"" : ""E164"", ""called_cli_policy"" : ""SIPDA""}"
149,3,3,20,2405074,1,"{""id"" : -1, ""equipment_id"" : 70253, ""site_id"" : 149, ""rank"" : 3, ""load"" : 1, ""cdr_info"" : ""098994898"", ""called_prefix"" : ""04"", ""called_number_in_public_format"" : false, ""flexible_called"" : null, ""flexible_calling"" : null, ""calling_number_in_public_format"" : false, ""full_prefix"" : ""042405074"", ""calling_format"" : ""E164"", ""called_cli_policy"" : ""SIPDA""}"
149,0,3,20,8940012,1,"{""id"" : -1, ""equipment_id"" : 69174, ""site_id"" : 149, ""rank"" : 0, ""load"" : 1, ""cdr_info"" : ""098994898"", ""called_prefix"" : ""09"", ""called_number_in_public_format"" : true, ""flexible_called"" : null, ""flexible_calling"" : null, ""calling_number_in_public_format"" : true, ""full_prefix"" : ""098940012"", ""calling_format"" : ""E164"", ""called_cli_policy"" : ""SIPDA""}"
176,3,3,20,2385166,1,"{""id"" : -1, ""equipment_id"" : 70356, ""site_id"" : 176, ""rank"" : 3, ""load"" : 1, ""cdr_info"" : ""098994898"", ""called_prefix"" : ""04"", ""called_number_in_public_format"" : false, ""flexible_called"" : null, ""flexible_calling"" : null, ""calling_number_in_public_format"" : false, ""full_prefix"" : ""042385166"", ""calling_format"" : ""E164"", ""called_cli_policy"" : ""SIPDA""}"
176,2,3,20,2390082,1,"{""id"" : -1, ""equipment_id"" : 70357, ""site_id"" : 176, ""rank"" : 2, ""load"" : 1, ""cdr_info"" : ""098994898"", ""called_prefix"" : ""04"", ""called_number_in_public_format"" : false, ""flexible_called"" : null, ""flexible_calling"" : null, ""calling_number_in_public_format"" : false, ""full_prefix"" : ""042390082"", ""calling_format"" : ""E164"", ""called_cli_policy"" : ""SIPDA""}"
176,1,3,20,2405074,1,"{""id"" : -1, ""equipment_id"" : 70253, ""site_id"" : 176, ""rank"" : 1, ""load"" : 1, ""cdr_info"" : ""098994898"", ""called_prefix"" : ""04"", ""called_number_in_public_format"" : false, ""flexible_called"" : null, ""flexible_calling"" : null, ""calling_number_in_public_format"" : false, ""full_prefix"" : ""042405074"", ""calling_format"" : ""E164"", ""called_cli_policy"" : ""SIPDA""}"
176,0,3,20,8946012,1,"{""id"" : -1, ""equipment_id"" : 69173, ""site_id"" : 176, ""rank"" : 0, ""load"" : 1, ""cdr_info"" : ""098994898"", ""called_prefix"" : ""09"", ""called_number_in_public_format"" : true, ""flexible_called"" : null, ""flexible_calling"" : null, ""calling_number_in_public_format"" : true, ""full_prefix"" : ""098946012"", ""calling_format"" : ""E164"", ""called_cli_policy"" : ""SIPDA""}"
178,1,3,20,2385166,1,"{""id"" : -1, ""equipment_id"" : 70356, ""site_id"" : 178, ""rank"" : 1, ""load"" : 1, ""cdr_info"" : ""098994898"", ""called_prefix"" : ""04"", ""called_number_in_public_format"" : false, ""flexible_called"" : null, ""flexible_calling"" : null, ""calling_number_in_public_format"" : false, ""full_prefix"" : ""042385166"", ""calling_format"" : ""E164"", ""called_cli_policy"" : ""SIPDA""}"
178,2,3,20,2385470,1,"{""id"" : -1, ""equipment_id"" : 131861, ""site_id"" : 178, ""rank"" : 2, ""load"" : 1, ""cdr_info"" : ""933333333333"", ""called_prefix"" : ""08"", ""called_number_in_public_format"" : false, ""flexible_called"" : null, ""flexible_calling"" : null, ""calling_number_in_public_format"" : false, ""full_prefix"" : ""082385470"", ""calling_format"" : ""E164"", ""called_cli_policy"" : ""SIPDA""}"
178,3,3,20,2390082,1,"{""id"" : -1, ""equipment_id"" : 70357, ""site_id"" : 178, ""rank"" : 3, ""load"" : 1, ""cdr_info"" : ""098994898"", ""called_prefix"" : ""04"", ""called_number_in_public_format"" : false, ""flexible_called"" : null, ""flexible_calling"" : null, ""calling_number_in_public_format"" : false, ""full_prefix"" : ""042390082"", ""calling_format"" : ""E164"", ""called_cli_policy"" : ""SIPDA""}"
178,4,3,20,2405074,1,"{""id"" : -1, ""equipment_id"" : 70253, ""site_id"" : 178, ""rank"" : 4, ""load"" : 1, ""cdr_info"" : ""098994898"", ""called_prefix"" : ""04"", ""called_number_in_public_format"" : false, ""flexible_called"" : null, ""flexible_calling"" : null, ""calling_number_in_public_format"" : false, ""full_prefix"" : ""042405074"", ""calling_format"" : ""E164"", ""called_cli_policy"" : ""SIPDA""}"
178,0,3,20,8940012,1,"{""id"" : -1, ""equipment_id"" : 69174, ""site_id"" : 178, ""rank"" : 0, ""load"" : 1, ""cdr_info"" : ""098994898"", ""called_prefix"" : ""09"", ""called_number_in_public_format"" : true, ""flexible_called"" : null, ""flexible_calling"" : null, ""calling_number_in_public_format"" : true, ""full_prefix"" : ""098940012"", ""calling_format"" : ""E164"", ""called_cli_policy"" : ""SIPDA""}"
189,1,3,20,2385166,1,"{""id"" : -1, ""equipment_id"" : 70356, ""site_id"" : 189, ""rank"" : 1, ""load"" : 1, ""cdr_info"" : ""098994898"", ""called_prefix"" : ""04"", ""called_number_in_public_format"" : false, ""flexible_called"" : null, ""flexible_calling"" : null, ""calling_number_in_public_format"" : false, ""full_prefix"" : ""042385166"", ""calling_format"" : ""E164"", ""called_cli_policy"" : ""SIPDA""}"
189,4,3,20,2385470,1,"{""id"" : -1, ""equipment_id"" : 131861, ""site_id"" : 189, ""rank"" : 4, ""load"" : 1, ""cdr_info"" : ""098994898"", ""called_prefix"" : ""08"", ""called_number_in_public_format"" : false, ""flexible_called"" : null, ""flexible_calling"" : null, ""calling_number_in_public_format"" : false, ""full_prefix"" : ""082385470"", ""calling_format"" : ""E164"", ""called_cli_policy"" : ""SIPDA""}"
189,2,3,20,2390082,1,"{""id"" : -1, ""equipment_id"" : 70357, ""site_id"" : 189, ""rank"" : 2, ""load"" : 1, ""cdr_info"" : ""098994898"", ""called_prefix"" : ""04"", ""called_number_in_public_format"" : false, ""flexible_called"" : null, ""flexible_calling"" : null, ""calling_number_in_public_format"" : false, ""full_prefix"" : ""042390082"", ""calling_format"" : ""E164"", ""called_cli_policy"" : ""SIPDA""}"
189,3,3,20,2405074,1,"{""id"" : -1, ""equipment_id"" : 70253, ""site_id"" : 189, ""rank"" : 3, ""load"" : 1, ""cdr_info"" : ""098994898"", ""called_prefix"" : ""04"", ""called_number_in_public_format"" : false, ""flexible_called"" : null, ""flexible_calling"" : null, ""calling_number_in_public_format"" : false, ""full_prefix"" : ""042405074"", ""calling_format"" : ""E164"", ""called_cli_policy"" : ""SIPDA""}"
189,0,3,20,8940012,1,"{""id"" : -1, ""equipment_id"" : 69174, ""site_id"" : 189, ""rank"" : 0, ""load"" : 1, ""cdr_info"" : ""098994898"", ""called_prefix"" : ""09"", ""called_number_in_public_format"" : true, ""flexible_called"" : null, ""flexible_calling"" : null, ""calling_number_in_public_format"" : true, ""full_prefix"" : ""098940012"", ""calling_format"" : ""E164"", ""called_cli_policy"" : ""SIPDA""}"
190,0,3,20,2306070,1,"{""id"" : -1, ""equipment_id"" : 89881, ""site_id"" : 190, ""rank"" : 0, ""load"" : 1, ""cdr_info"" : ""098993999"", ""called_prefix"" : ""04"", ""called_number_in_public_format"" : false, ""flexible_called"" : null, ""flexible_calling"" : null, ""calling_number_in_public_format"" : false, ""full_prefix"" : ""042306070"", ""calling_format"" : ""E164"", ""called_cli_policy"" : ""SIPDA""}"
197,0,3,20,2395322,1,"{""id"" : -1, ""equipment_id"" : 161462, ""site_id"" : 197, ""rank"" : 0, ""load"" : 1, ""cdr_info"" : ""933333333333"", ""called_prefix"" : ""08"", ""called_number_in_public_format"" : false, ""flexible_called"" : null, ""flexible_calling"" : null, ""calling_number_in_public_format"" : false, ""full_prefix"" : ""082395322"", ""calling_format"" : ""E164"", ""called_cli_policy"" : ""SIPDA""}"
227,1,3,20,2385166,1,"{""id"" : -1, ""equipment_id"" : 70356, ""site_id"" : 227, ""rank"" : 1, ""load"" : 1, ""cdr_info"" : ""098994898"", ""called_prefix"" : ""04"", ""called_number_in_public_format"" : false, ""flexible_called"" : null, ""flexible_calling"" : null, ""calling_number_in_public_format"" : false, ""full_prefix"" : ""042385166"", ""calling_format"" : ""E164"", ""called_cli_policy"" : ""SIPDA""}"
227,2,3,20,2390082,1,"{""id"" : -1, ""equipment_id"" : 70357, ""site_id"" : 227, ""rank"" : 2, ""load"" : 1, ""cdr_info"" : ""098994898"", ""called_prefix"" : ""04"", ""called_number_in_public_format"" : false, ""flexible_called"" : null, ""flexible_calling"" : null, ""calling_number_in_public_format"" : false, ""full_prefix"" : ""042390082"", ""calling_format"" : ""E164"", ""called_cli_policy"" : ""SIPDA""}"
227,3,3,20,2405074,1,"{""id"" : -1, ""equipment_id"" : 70253, ""site_id"" : 227, ""rank"" : 3, ""load"" : 1, ""cdr_info"" : ""098994898"", ""called_prefix"" : ""04"", ""called_number_in_public_format"" : false, ""flexible_called"" : null, ""flexible_calling"" : null, ""calling_number_in_public_format"" : false, ""full_prefix"" : ""042405074"", ""calling_format"" : ""E164"", ""called_cli_policy"" : ""SIPDA""}"
227,0,3,20,8940012,1,"{""id"" : -1, ""equipment_id"" : 69174, ""site_id"" : 227, ""rank"" : 0, ""load"" : 1, ""cdr_info"" : ""098994898"", ""called_prefix"" : ""09"", ""called_number_in_public_format"" : true, ""flexible_called"" : null, ""flexible_calling"" : null, ""calling_number_in_public_format"" : true, ""full_prefix"" : ""098940012"", ""calling_format"" : ""E164"", ""called_cli_policy"" : ""SIPDA""}"
230,1,3,20,2385166,1,"{""id"" : -1, ""equipment_id"" : 70356, ""site_id"" : 230, ""rank"" : 1, ""load"" : 1, ""cdr_info"" : ""098994898"", ""called_prefix"" : ""04"", ""called_number_in_public_format"" : false, ""flexible_called"" : null, ""flexible_calling"" : null, ""calling_number_in_public_format"" : false, ""full_prefix"" : ""042385166"", ""calling_format"" : ""E164"", ""called_cli_policy"" : ""SIPDA""}"
230,2,3,20,2390082,1,"{""id"" : -1, ""equipment_id"" : 70357, ""site_id"" : 230, ""rank"" : 2, ""load"" : 1, ""cdr_info"" : ""098994898"", ""called_prefix"" : ""04"", ""called_number_in_public_format"" : false, ""flexible_called"" : null, ""flexible_calling"" : null, ""calling_number_in_public_format"" : false, ""full_prefix"" : ""042390082"", ""calling_format"" : ""E164"", ""called_cli_policy"" : ""SIPDA""}"
230,3,3,20,2405074,1,"{""id"" : -1, ""equipment_id"" : 70253, ""site_id"" : 230, ""rank"" : 3, ""load"" : 1, ""cdr_info"" : ""098994898"", ""called_prefix"" : ""04"", ""called_number_in_public_format"" : false, ""flexible_called"" : null, ""flexible_calling"" : null, ""calling_number_in_public_format"" : false, ""full_prefix"" : ""042405074"", ""calling_format"" : ""E164"", ""called_cli_policy"" : ""SIPDA""}"
230,0,3,20,8940012,1,"{""id"" : -1, ""equipment_id"" : 69174, ""site_id"" : 230, ""rank"" : 0, ""load"" : 1, ""cdr_info"" : ""098994898"", ""called_prefix"" : ""09"", ""called_number_in_public_format"" : true, ""flexible_called"" : null, ""flexible_calling"" : null, ""calling_number_in_public_format"" : true, ""full_prefix"" : ""098940012"", ""calling_format"" : ""E164"", ""called_cli_policy"" : ""SIPDA""}"
231,1,3,20,2385166,1,"{""id"" : -1, ""equipment_id"" : 70356, ""site_id"" : 231, ""rank"" : 1, ""load"" : 1, ""cdr_info"" : ""098994898"", ""called_prefix"" : ""04"", ""called_number_in_public_format"" : false, ""flexible_called"" : null, ""flexible_calling"" : null, ""calling_number_in_public_format"" : false, ""full_prefix"" : ""042385166"", ""calling_format"" : ""E164"", ""called_cli_policy"" : ""SIPDA""}"
231,3,3,20,2385816,1,"{""id"" : -1, ""equipment_id"" : 171162, ""site_id"" : 231, ""rank"" : 3, ""load"" : 1, ""cdr_info"" : ""098993106"", ""called_prefix"" : ""04"", ""called_number_in_public_format"" : false, ""flexible_called"" : null, ""flexible_calling"" : null, ""calling_number_in_public_format"" : false, ""full_prefix"" : ""042385816"", ""calling_format"" : ""E164"", ""called_cli_policy"" : ""SIPDA""}"
231,4,3,20,2385822,1,"{""id"" : -1, ""equipment_id"" : 173122, ""site_id"" : 231, ""rank"" : 4, ""load"" : 1, ""cdr_info"" : ""098993106"", ""called_prefix"" : ""07"", ""called_number_in_public_format"" : false, ""flexible_called"" : null, ""flexible_calling"" : null, ""calling_number_in_public_format"" : false, ""full_prefix"" : ""072385822"", ""calling_format"" : ""E164"", ""called_cli_policy"" : ""SIPDA""}"
231,2,3,20,2390082,1,"{""id"" : -1, ""equipment_id"" : 70357, ""site_id"" : 231, ""rank"" : 2, ""load"" : 1, ""cdr_info"" : ""098994898"", ""called_prefix"" : ""04"", ""called_number_in_public_format"" : false, ""flexible_called"" : null, ""flexible_calling"" : null, ""calling_number_in_public_format"" : false, ""full_prefix"" : ""042390082"", ""calling_format"" : ""E164"", ""called_cli_policy"" : ""SIPDA""}"
231,0,3,20,8940012,1,"{""id"" : -1, ""equipment_id"" : 69174, ""site_id"" : 231, ""rank"" : 0, ""load"" : 1, ""cdr_info"" : ""098994898"", ""called_prefix"" : ""09"", ""called_number_in_public_format"" : true, ""flexible_called"" : null, ""flexible_calling"" : null, ""calling_number_in_public_format"" : true, ""full_prefix"" : ""098940012"", ""calling_format"" : ""E164"", ""called_cli_policy"" : ""SIPDA""}"
232,1,3,20,2385166,1,"{""id"" : -1, ""equipment_id"" : 70356, ""site_id"" : 232, ""rank"" : 1, ""load"" : 1, ""cdr_info"" : ""098994898"", ""called_prefix"" : ""04"", ""called_number_in_public_format"" : false, ""flexible_called"" : null, ""flexible_calling"" : null, ""calling_number_in_public_format"" : false, ""full_prefix"" : ""042385166"", ""calling_format"" : ""E164"", ""called_cli_policy"" : ""SIPDA""}"
232,4,3,20,2385470,1,"{""id"" : -1, ""equipment_id"" : 131861, ""site_id"" : 232, ""rank"" : 4, ""load"" : 1, ""cdr_info"" : ""933333333333"", ""called_prefix"" : ""08"", ""called_number_in_public_format"" : false, ""flexible_called"" : null, ""flexible_calling"" : null, ""calling_number_in_public_format"" : false, ""full_prefix"" : ""082385470"", ""calling_format"" : ""E164"", ""called_cli_policy"" : ""SIPDA""}"
232,2,3,20,2390082,1,"{""id"" : -1, ""equipment_id"" : 70357, ""site_id"" : 232, ""rank"" : 2, ""load"" : 1, ""cdr_info"" : ""098994898"", ""called_prefix"" : ""04"", ""called_number_in_public_format"" : false, ""flexible_called"" : null, ""flexible_calling"" : null, ""calling_number_in_public_format"" : false, ""full_prefix"" : ""042390082"", ""calling_format"" : ""E164"", ""called_cli_policy"" : ""SIPDA""}"
232,3,3,20,2405074,1,"{""id"" : -1, ""equipment_id"" : 70253, ""site_id"" : 232, ""rank"" : 3, ""load"" : 1, ""cdr_info"" : ""098994898"", ""called_prefix"" : ""04"", ""called_number_in_public_format"" : false, ""flexible_called"" : null, ""flexible_calling"" : null, ""calling_number_in_public_format"" : false, ""full_prefix"" : ""042405074"", ""calling_format"" : ""E164"", ""called_cli_policy"" : ""SIPDA""}"
232,0,3,20,8940012,1,"{""id"" : -1, ""equipment_id"" : 69174, ""site_id"" : 232, ""rank"" : 0, ""load"" : 1, ""cdr_info"" : ""098994898"", ""called_prefix"" : ""09"", ""called_number_in_public_format"" : true, ""flexible_called"" : null, ""flexible_calling"" : null, ""calling_number_in_public_format"" : true, ""full_prefix"" : ""098940012"", ""calling_format"" : ""E164"", ""called_cli_policy"" : ""SIPDA""}"
255,0,3,20,2385470,1,"{""id"" : -1, ""equipment_id"" : 131861, ""site_id"" : 255, ""rank"" : 0, ""load"" : 1, ""cdr_info"" : ""933333333333"", ""called_prefix"" : ""08"", ""called_number_in_public_format"" : false, ""flexible_called"" : null, ""flexible_calling"" : null, ""calling_number_in_public_format"" : false, ""full_prefix"" : ""082385470"", ""calling_format"" : ""E164"", ""called_cli_policy"" : ""SIPDA""}"
257,,,20,2385264,1,"{""id"" : -1, ""equipment_id"" : 5029, ""site_id"" : 257, ""rank"" : null, ""load"" : 0, ""cdr_info"" : ""9999988"", ""called_prefix"" : ""04"", ""called_number_in_public_format"" : false, ""flexible_called"" : null, ""flexible_calling"" : null, ""calling_number_in_public_format"" : false, ""full_prefix"" : ""042385264"", ""calling_format"" : ""E164"", ""called_cli_policy"" : ""SIPDA""}"
262,0,3,20,2250833,1,"{""id"" : -1, ""equipment_id"" : 53973, ""site_id"" : 262, ""rank"" : 0, ""load"" : 1, ""cdr_info"" : ""098993991"", ""called_prefix"" : ""04"", ""called_number_in_public_format"" : true, ""flexible_called"" : null, ""flexible_calling"" : null, ""calling_number_in_public_format"" : true, ""full_prefix"" : ""042250833"", ""calling_format"" : ""E164"", ""called_cli_policy"" : ""SIPDA""}"
262,1,3,20,2250834,1,"{""id"" : -1, ""equipment_id"" : 53974, ""site_id"" : 262, ""rank"" : 1, ""load"" : 1, ""cdr_info"" : ""098993991"", ""called_prefix"" : ""04"", ""called_number_in_public_format"" : true, ""flexible_called"" : null, ""flexible_calling"" : null, ""calling_number_in_public_format"" : true, ""full_prefix"" : ""042250834"", ""calling_format"" : ""E164"", ""called_cli_policy"" : ""SIPDA""}"
280,1,3,20,2250833,1,"{""id"" : -1, ""equipment_id"" : 53973, ""site_id"" : 280, ""rank"" : 1, ""load"" : 1, ""cdr_info"" : ""098993991"", ""called_prefix"" : ""04"", ""called_number_in_public_format"" : true, ""flexible_called"" : null, ""flexible_calling"" : null, ""calling_number_in_public_format"" : true, ""full_prefix"" : ""042250833"", ""calling_format"" : ""E164"", ""called_cli_policy"" : ""SIPDA""}"
280,0,3,20,2250834,1,"{""id"" : -1, ""equipment_id"" : 53974, ""site_id"" : 280, ""rank"" : 0, ""load"" : 1, ""cdr_info"" : ""098993991"", ""called_prefix"" : ""04"", ""called_number_in_public_format"" : true, ""flexible_called"" : null, ""flexible_calling"" : null, ""calling_number_in_public_format"" : true, ""full_prefix"" : ""042250834"", ""calling_format"" : ""E164"", ""called_cli_policy"" : ""SIPDA""}"
286,0,3,20,2250833,1,"{""id"" : -1, ""equipment_id"" : 53973, ""site_id"" : 286, ""rank"" : 0, ""load"" : 1, ""cdr_info"" : ""098993991"", ""called_prefix"" : ""04"", ""called_number_in_public_format"" : true, ""flexible_called"" : null, ""flexible_calling"" : null, ""calling_number_in_public_format"" : true, ""full_prefix"" : ""042250833"", ""calling_format"" : ""E164"", ""called_cli_policy"" : ""SIPDA""}"
286,1,3,20,2250834,1,"{""id"" : -1, ""equipment_id"" : 53974, ""site_id"" : 286, ""rank"" : 1, ""load"" : 1, ""cdr_info"" : ""098993991"", ""called_prefix"" : ""04"", ""called_number_in_public_format"" : true, ""flexible_called"" : null, ""flexible_calling"" : null, ""calling_number_in_public_format"" : true, ""full_prefix"" : ""042250834"", ""calling_format"" : ""E164"", ""called_cli_policy"" : ""SIPDA""}"
288,0,3,20,2250833,1,"{""id"" : -1, ""equipment_id"" : 53973, ""site_id"" : 288, ""rank"" : 0, ""load"" : 1, ""cdr_info"" : ""098993991"", ""called_prefix"" : ""04"", ""called_number_in_public_format"" : true, ""flexible_called"" : null, ""flexible_calling"" : null, ""calling_number_in_public_format"" : true, ""full_prefix"" : ""042250833"", ""calling_format"" : ""E164"", ""called_cli_policy"" : ""SIPDA""}"
288,1,3,20,2250834,1,"{""id"" : -1, ""equipment_id"" : 53974, ""site_id"" : 288, ""rank"" : 1, ""load"" : 1, ""cdr_info"" : ""098993991"", ""called_prefix"" : ""04"", ""called_number_in_public_format"" : true, ""flexible_called"" : null, ""flexible_calling"" : null, ""calling_number_in_public_format"" : true, ""full_prefix"" : ""042250834"", ""calling_format"" : ""E164"", ""called_cli_policy"" : ""SIPDA""}"
293,1,3,20,2250833,1,"{""id"" : -1, ""equipment_id"" : 53973, ""site_id"" : 293, ""rank"" : 1, ""load"" : 1, ""cdr_info"" : ""098993991"", ""called_prefix"" : ""04"", ""called_number_in_public_format"" : true, ""flexible_called"" : null, ""flexible_calling"" : null, ""calling_number_in_public_format"" : true, ""full_prefix"" : ""042250833"", ""calling_format"" : ""E164"", ""called_cli_policy"" : ""SIPDA""}"
293,0,3,20,2250834,1,"{""id"" : -1, ""equipment_id"" : 53974, ""site_id"" : 293, ""rank"" : 0, ""load"" : 1, ""cdr_info"" : ""098993991"", ""called_prefix"" : ""04"", ""called_number_in_public_format"" : true, ""flexible_called"" : null, ""flexible_calling"" : null, ""calling_number_in_public_format"" : true, ""full_prefix"" : ""042250834"", ""calling_format"" : ""E164"", ""called_cli_policy"" : ""SIPDA""}"
309,0,3,20,2250833,1,"{""id"" : -1, ""equipment_id"" : 53973, ""site_id"" : 309, ""rank"" : 0, ""load"" : 1, ""cdr_info"" : ""098993991"", ""called_prefix"" : ""04"", ""called_number_in_public_format"" : true, ""flexible_called"" : null, ""flexible_calling"" : null, ""calling_number_in_public_format"" : true, ""full_prefix"" : ""042250833"", ""calling_format"" : ""E164"", ""called_cli_policy"" : ""SIPDA""}"
309,1,3,20,2250834,1,"{""id"" : -1, ""equipment_id"" : 53974, ""site_id"" : 309, ""rank"" : 1, ""load"" : 1, ""cdr_info"" : ""098993991"", ""called_prefix"" : ""04"", ""called_number_in_public_format"" : true, ""flexible_called"" : null, ""flexible_calling"" : null, ""calling_number_in_public_format"" : true, ""full_prefix"" : ""042250834"", ""calling_format"" : ""E164"", ""called_cli_policy"" : ""SIPDA""}"
310,1,3,20,2250833,1,"{""id"" : -1, ""equipment_id"" : 53973, ""site_id"" : 310, ""rank"" : 1, ""load"" : 1, ""cdr_info"" : ""098993991"", ""called_prefix"" : ""04"", ""called_number_in_public_format"" : true, ""flexible_called"" : null, ""flexible_calling"" : null, ""calling_number_in_public_format"" : true, ""full_prefix"" : ""042250833"", ""calling_format"" : ""E164"", ""called_cli_policy"" : ""SIPDA""}"
310,0,3,20,2250834,1,"{""id"" : -1, ""equipment_id"" : 53974, ""site_id"" : 310, ""rank"" : 0, ""load"" : 1, ""cdr_info"" : ""098993991"", ""called_prefix"" : ""04"", ""called_number_in_public_format"" : true, ""flexible_called"" : null, ""flexible_calling"" : null, ""calling_number_in_public_format"" : true, ""full_prefix"" : ""042250834"", ""calling_format"" : ""E164"", ""called_cli_policy"" : ""SIPDA""}"
311,0,3,20,2250833,1,"{""id"" : -1, ""equipment_id"" : 53973, ""site_id"" : 311, ""rank"" : 0, ""load"" : 1, ""cdr_info"" : ""098993991"", ""called_prefix"" : ""04"", ""called_number_in_public_format"" : true, ""flexible_called"" : null, ""flexible_calling"" : null, ""calling_number_in_public_format"" : true, ""full_prefix"" : ""042250833"", ""calling_format"" : ""E164"", ""called_cli_policy"" : ""SIPDA""}"
311,1,3,20,2250834,1,"{""id"" : -1, ""equipment_id"" : 53974, ""site_id"" : 311, ""rank"" : 1, ""load"" : 1, ""cdr_info"" : ""098993991"", ""called_prefix"" : ""04"", ""called_number_in_public_format"" : true, ""flexible_called"" : null, ""flexible_calling"" : null, ""calling_number_in_public_format"" : true, ""full_prefix"" : ""042250834"", ""calling_format"" : ""E164"", ""called_cli_policy"" : ""SIPDA""}"
312,1,3,20,2250833,1,"{""id"" : -1, ""equipment_id"" : 53973, ""site_id"" : 312, ""rank"" : 1, ""load"" : 1, ""cdr_info"" : ""098993991"", ""called_prefix"" : ""04"", ""called_number_in_public_format"" : true, ""flexible_called"" : null, ""flexible_calling"" : null, ""calling_number_in_public_format"" : true, ""full_prefix"" : ""042250833"", ""calling_format"" : ""E164"", ""called_cli_policy"" : ""SIPDA""}"
312,0,3,20,2250834,1,"{""id"" : -1, ""equipment_id"" : 53974, ""site_id"" : 312, ""rank"" : 0, ""load"" : 1, ""cdr_info"" : ""098993991"", ""called_prefix"" : ""04"", ""called_number_in_public_format"" : true, ""flexible_called"" : null, ""flexible_calling"" : null, ""calling_number_in_public_format"" : true, ""full_prefix"" : ""042250834"", ""calling_format"" : ""E164"", ""called_cli_policy"" : ""SIPDA""}"
313,0,3,20,2250833,1,"{""id"" : -1, ""equipment_id"" : 53973, ""site_id"" : 313, ""rank"" : 0, ""load"" : 1, ""cdr_info"" : ""098993991"", ""called_prefix"" : ""04"", ""called_number_in_public_format"" : true, ""flexible_called"" : null, ""flexible_calling"" : null, ""calling_number_in_public_format"" : true, ""full_prefix"" : ""042250833"", ""calling_format"" : ""E164"", ""called_cli_policy"" : ""SIPDA""}"
313,1,3,20,2250834,1,"{""id"" : -1, ""equipment_id"" : 53974, ""site_id"" : 313, ""rank"" : 1, ""load"" : 1, ""cdr_info"" : ""098993991"", ""called_prefix"" : ""04"", ""called_number_in_public_format"" : true, ""flexible_called"" : null, ""flexible_calling"" : null, ""calling_number_in_public_format"" : true, ""full_prefix"" : ""042250834"", ""calling_format"" : ""E164"", ""called_cli_policy"" : ""SIPDA""}"
315,1,3,20,2250833,1,"{""id"" : -1, ""equipment_id"" : 53973, ""site_id"" : 315, ""rank"" : 1, ""load"" : 1, ""cdr_info"" : ""098993991"", ""called_prefix"" : ""04"", ""called_number_in_public_format"" : true, ""flexible_called"" : null, ""flexible_calling"" : null, ""calling_number_in_public_format"" : true, ""full_prefix"" : ""042250833"", ""calling_format"" : ""E164"", ""called_cli_policy"" : ""SIPDA""}"
315,0,3,20,2250834,1,"{""id"" : -1, ""equipment_id"" : 53974, ""site_id"" : 315, ""rank"" : 0, ""load"" : 1, ""cdr_info"" : ""098993991"", ""called_prefix"" : ""04"", ""called_number_in_public_format"" : true, ""flexible_called"" : null, ""flexible_calling"" : null, ""calling_number_in_public_format"" : true, ""full_prefix"" : ""042250834"", ""calling_format"" : ""E164"", ""called_cli_policy"" : ""SIPDA""}"
316,1,3,20,2250833,1,"{""id"" : -1, ""equipment_id"" : 53973, ""site_id"" : 316, ""rank"" : 1, ""load"" : 1, ""cdr_info"" : ""098993991"", ""called_prefix"" : ""04"", ""called_number_in_public_format"" : true, ""flexible_called"" : null, ""flexible_calling"" : null, ""calling_number_in_public_format"" : true, ""full_prefix"" : ""042250833"", ""calling_format"" : ""E164"", ""called_cli_policy"" : ""SIPDA""}"
316,0,3,20,2250834,1,"{""id"" : -1, ""equipment_id"" : 53974, ""site_id"" : 316, ""rank"" : 0, ""load"" : 1, ""cdr_info"" : ""098993991"", ""called_prefix"" : ""04"", ""called_number_in_public_format"" : true, ""flexible_called"" : null, ""flexible_calling"" : null, ""calling_number_in_public_format"" : true, ""full_prefix"" : ""042250834"", ""calling_format"" : ""E164"", ""called_cli_policy"" : ""SIPDA""}"
317,1,3,20,2385346,1,"{""id"" : -1, ""equipment_id"" : 118362, ""site_id"" : 317, ""rank"" : 1, ""load"" : 1, ""cdr_info"" : ""09898"", ""called_prefix"" : ""04"", ""called_number_in_public_format"" : true, ""flexible_called"" : null, ""flexible_calling"" : null, ""calling_number_in_public_format"" : false, ""full_prefix"" : ""042385346"", ""calling_format"" : ""E164"", ""called_cli_policy"" : ""SIPDA""}"
317,0,3,20,2385347,1,"{""id"" : -1, ""equipment_id"" : 118381, ""site_id"" : 317, ""rank"" : 0, ""load"" : 1, ""cdr_info"" : ""098993861"", ""called_prefix"" : ""04"", ""called_number_in_public_format"" : true, ""flexible_called"" : null, ""flexible_calling"" : null, ""calling_number_in_public_format"" : false, ""full_prefix"" : ""042385347"", ""calling_format"" : ""E164"", ""called_cli_policy"" : ""SIPDA""}"
317,2,3,20,2385483,1,"{""id"" : -1, ""equipment_id"" : 132370, ""site_id"" : 317, ""rank"" : 2, ""load"" : 1, ""cdr_info"" : ""098993861"", ""called_prefix"" : ""04"", ""called_number_in_public_format"" : true, ""flexible_called"" : null, ""flexible_calling"" : null, ""calling_number_in_public_format"" : false, ""full_prefix"" : ""042385483"", ""calling_format"" : ""E164"", ""called_cli_policy"" : ""SIPDA""}"
320,0,3,20,2315650,1,"{""id"" : -1, ""equipment_id"" : 27076, ""site_id"" : 320, ""rank"" : 0, ""load"" : 1, ""cdr_info"" : ""098993999"", ""called_prefix"" : ""04"", ""called_number_in_public_format"" : false, ""flexible_called"" : null, ""flexible_calling"" : null, ""calling_number_in_public_format"" : false, ""full_prefix"" : ""042315650"", ""calling_format"" : ""E164"", ""called_cli_policy"" : ""SIPDA""}"
320,1,3,20,2315652,1,"{""id"" : -1, ""equipment_id"" : 31790, ""site_id"" : 320, ""rank"" : 1, ""load"" : 1, ""cdr_info"" : ""098993999"", ""called_prefix"" : ""04"", ""called_number_in_public_format"" : false, ""flexible_called"" : null, ""flexible_calling"" : null, ""calling_number_in_public_format"" : false, ""full_prefix"" : ""042315652"", ""calling_format"" : ""E164"", ""called_cli_policy"" : ""SIPDA""}"
334,0,3,20,2400167,1,"{""id"" : -1, ""equipment_id"" : 61109, ""site_id"" : 334, ""rank"" : 0, ""load"" : 1, ""cdr_info"" : ""098993634"", ""called_prefix"" : ""04"", ""called_number_in_public_format"" : true, ""flexible_called"" : null, ""flexible_calling"" : null, ""calling_number_in_public_format"" : true, ""full_prefix"" : ""042400167"", ""calling_format"" : ""E164"", ""called_cli_policy"" : ""SIPDA""}"
335,0,3,20,2395144,1,"{""id"" : -1, ""equipment_id"" : 118401, ""site_id"" : 335, ""rank"" : 0, ""load"" : 1, ""cdr_info"" : ""098993861"", ""called_prefix"" : ""04"", ""called_number_in_public_format"" : true, ""flexible_called"" : null, ""flexible_calling"" : null, ""calling_number_in_public_format"" : false, ""full_prefix"" : ""042395144"", ""calling_format"" : ""E164"", ""called_cli_policy"" : ""SIPDA""}"
351,1,3,20,2385166,1,"{""id"" : -1, ""equipment_id"" : 70356, ""site_id"" : 351, ""rank"" : 1, ""load"" : 1, ""cdr_info"" : ""098994898"", ""called_prefix"" : ""04"", ""called_number_in_public_format"" : false, ""flexible_called"" : null, ""flexible_calling"" : null, ""calling_number_in_public_format"" : false, ""full_prefix"" : ""042385166"", ""calling_format"" : ""E164"", ""called_cli_policy"" : ""SIPDA""}"
351,2,3,20,2390082,1,"{""id"" : -1, ""equipment_id"" : 70357, ""site_id"" : 351, ""rank"" : 2, ""load"" : 1, ""cdr_info"" : ""098994898"", ""called_prefix"" : ""04"", ""called_number_in_public_format"" : false, ""flexible_called"" : null, ""flexible_calling"" : null, ""calling_number_in_public_format"" : false, ""full_prefix"" : ""042390082"", ""calling_format"" : ""E164"", ""called_cli_policy"" : ""SIPDA""}"
351,3,3,20,2405074,1,"{""id"" : -1, ""equipment_id"" : 70253, ""site_id"" : 351, ""rank"" : 3, ""load"" : 1, ""cdr_info"" : ""098994898"", ""called_prefix"" : ""04"", ""called_number_in_public_format"" : false, ""flexible_called"" : null, ""flexible_calling"" : null, ""calling_number_in_public_format"" : false, ""full_prefix"" : ""042405074"", ""calling_format"" : ""E164"", ""called_cli_policy"" : ""SIPDA""}"
351,0,3,20,8940012,1,"{""id"" : -1, ""equipment_id"" : 69174, ""site_id"" : 351, ""rank"" : 0, ""load"" : 1, ""cdr_info"" : ""098994898"", ""called_prefix"" : ""09"", ""called_number_in_public_format"" : true, ""flexible_called"" : null, ""flexible_calling"" : null, ""calling_number_in_public_format"" : true, ""full_prefix"" : ""098940012"", ""calling_format"" : ""E164"", ""called_cli_policy"" : ""SIPDA""}"
363,0,3,20,2365135,1,"{""id"" : -1, ""equipment_id"" : 57814, ""site_id"" : 363, ""rank"" : 0, ""load"" : 1, ""cdr_info"" : ""098993634"", ""called_prefix"" : ""04"", ""called_number_in_public_format"" : true, ""flexible_called"" : null, ""flexible_calling"" : null, ""calling_number_in_public_format"" : true, ""full_prefix"" : ""042365135"", ""calling_format"" : ""E164"", ""called_cli_policy"" : ""SIPDA""}"
378,0,3,20,2365135,1,"{""id"" : -1, ""equipment_id"" : 57814, ""site_id"" : 378, ""rank"" : 0, ""load"" : 1, ""cdr_info"" : ""098993634"", ""called_prefix"" : ""04"", ""called_number_in_public_format"" : true, ""flexible_called"" : null, ""flexible_calling"" : null, ""calling_number_in_public_format"" : true, ""full_prefix"" : ""042365135"", ""calling_format"" : ""E164"", ""called_cli_policy"" : ""SIPDA""}"
428,0,3,20,2315650,1,"{""id"" : -1, ""equipment_id"" : 27076, ""site_id"" : 428, ""rank"" : 0, ""load"" : 1, ""cdr_info"" : ""098993999"", ""called_prefix"" : ""04"", ""called_number_in_public_format"" : false, ""flexible_called"" : null, ""flexible_calling"" : null, ""calling_number_in_public_format"" : false, ""full_prefix"" : ""042315650"", ""calling_format"" : ""E164"", ""called_cli_policy"" : ""SIPDA""}"
428,1,3,20,2315652,1,"{""id"" : -1, ""equipment_id"" : 31790, ""site_id"" : 428, ""rank"" : 1, ""load"" : 1, ""cdr_info"" : ""098993999"", ""called_prefix"" : ""04"", ""called_number_in_public_format"" : false, ""flexible_called"" : null, ""flexible_calling"" : null, ""calling_number_in_public_format"" : false, ""full_prefix"" : ""042315652"", ""calling_format"" : ""E164"", ""called_cli_policy"" : ""SIPDA""}"
429,0,3,20,2315650,1,"{""id"" : -1, ""equipment_id"" : 27076, ""site_id"" : 429, ""rank"" : 0, ""load"" : 1, ""cdr_info"" : ""098993999"", ""called_prefix"" : ""04"", ""called_number_in_public_format"" : false, ""flexible_called"" : null, ""flexible_calling"" : null, ""calling_number_in_public_format"" : false, ""full_prefix"" : ""042315650"", ""calling_format"" : ""E164"", ""called_cli_policy"" : ""SIPDA""}"
429,1,3,20,2315652,1,"{""id"" : -1, ""equipment_id"" : 31790, ""site_id"" : 429, ""rank"" : 1, ""load"" : 1, ""cdr_info"" : ""098993999"", ""called_prefix"" : ""04"", ""called_number_in_public_format"" : false, ""flexible_called"" : null, ""flexible_calling"" : null, ""calling_number_in_public_format"" : false, ""full_prefix"" : ""042315652"", ""calling_format"" : ""E164"", ""called_cli_policy"" : ""SIPDA""}"
430,1,3,20,2385166,1,"{""id"" : -1, ""equipment_id"" : 70356, ""site_id"" : 430, ""rank"" : 1, ""load"" : 1, ""cdr_info"" : ""098994898"", ""called_prefix"" : ""04"", ""called_number_in_public_format"" : false, ""flexible_called"" : null, ""flexible_calling"" : null, ""calling_number_in_public_format"" : false, ""full_prefix"" : ""042385166"", ""calling_format"" : ""E164"", ""called_cli_policy"" : ""SIPDA""}"
430,2,3,20,2390082,1,"{""id"" : -1, ""equipment_id"" : 70357, ""site_id"" : 430, ""rank"" : 2, ""load"" : 1, ""cdr_info"" : ""098994898"", ""called_prefix"" : ""04"", ""called_number_in_public_format"" : false, ""flexible_called"" : null, ""flexible_calling"" : null, ""calling_number_in_public_format"" : false, ""full_prefix"" : ""042390082"", ""calling_format"" : ""E164"", ""called_cli_policy"" : ""SIPDA""}"
430,3,3,20,2405074,1,"{""id"" : -1, ""equipment_id"" : 70253, ""site_id"" : 430, ""rank"" : 3, ""load"" : 1, ""cdr_info"" : ""098994898"", ""called_prefix"" : ""04"", ""called_number_in_public_format"" : false, ""flexible_called"" : null, ""flexible_calling"" : null, ""calling_number_in_public_format"" : false, ""full_prefix"" : ""042405074"", ""calling_format"" : ""E164"", ""called_cli_policy"" : ""SIPDA""}"
430,0,3,20,8940012,1,"{""id"" : -1, ""equipment_id"" : 69174, ""site_id"" : 430, ""rank"" : 0, ""load"" : 1, ""cdr_info"" : ""098994898"", ""called_prefix"" : ""09"", ""called_number_in_public_format"" : true, ""flexible_called"" : null, ""flexible_calling"" : null, ""calling_number_in_public_format"" : true, ""full_prefix"" : ""098940012"", ""calling_format"" : ""E164"", ""called_cli_policy"" : ""SIPDA""}"
433,0,3,20,2315650,1,"{""id"" : -1, ""equipment_id"" : 27076, ""site_id"" : 433, ""rank"" : 0, ""load"" : 1, ""cdr_info"" : ""098993999"", ""called_prefix"" : ""04"", ""called_number_in_public_format"" : false, ""flexible_called"" : null, ""flexible_calling"" : null, ""calling_number_in_public_format"" : false, ""full_prefix"" : ""042315650"", ""calling_format"" : ""E164"", ""called_cli_policy"" : ""SIPDA""}"
433,1,3,20,2315652,1,"{""id"" : -1, ""equipment_id"" : 31790, ""site_id"" : 433, ""rank"" : 1, ""load"" : 1, ""cdr_info"" : ""098993999"", ""called_prefix"" : ""04"", ""called_number_in_public_format"" : false, ""flexible_called"" : null, ""flexible_calling"" : null, ""calling_number_in_public_format"" : false, ""full_prefix"" : ""042315652"", ""calling_format"" : ""E164"", ""called_cli_policy"" : ""SIPDA""}"
434,0,3,20,2315650,1,"{""id"" : -1, ""equipment_id"" : 27076, ""site_id"" : 434, ""rank"" : 0, ""load"" : 1, ""cdr_info"" : ""098993999"", ""called_prefix"" : ""04"", ""called_number_in_public_format"" : false, ""flexible_called"" : null, ""flexible_calling"" : null, ""calling_number_in_public_format"" : false, ""full_prefix"" : ""042315650"", ""calling_format"" : ""E164"", ""called_cli_policy"" : ""SIPDA""}"
434,1,3,20,2315652,1,"{""id"" : -1, ""equipment_id"" : 31790, ""site_id"" : 434, ""rank"" : 1, ""load"" : 1, ""cdr_info"" : ""098993999"", ""called_prefix"" : ""04"", ""called_number_in_public_format"" : false, ""flexible_called"" : null, ""flexible_calling"" : null, ""calling_number_in_public_format"" : false, ""full_prefix"" : ""042315652"", ""calling_format"" : ""E164"", ""called_cli_policy"" : ""SIPDA""}"
435,0,3,20,2315650,1,"{""id"" : -1, ""equipment_id"" : 27076, ""site_id"" : 435, ""rank"" : 0, ""load"" : 1, ""cdr_info"" : ""098993999"", ""called_prefix"" : ""04"", ""called_number_in_public_format"" : false, ""flexible_called"" : null, ""flexible_calling"" : null, ""calling_number_in_public_format"" : false, ""full_prefix"" : ""042315650"", ""calling_format"" : ""E164"", ""called_cli_policy"" : ""SIPDA""}"
435,1,3,20,2315652,1,"{""id"" : -1, ""equipment_id"" : 31790, ""site_id"" : 435, ""rank"" : 1, ""load"" : 1, ""cdr_info"" : ""098993999"", ""called_prefix"" : ""04"", ""called_number_in_public_format"" : false, ""flexible_called"" : null, ""flexible_calling"" : null, ""calling_number_in_public_format"" : false, ""full_prefix"" : ""042315652"", ""calling_format"" : ""E164"", ""called_cli_policy"" : ""SIPDA""}"
436,0,3,20,2315650,1,"{""id"" : -1, ""equipment_id"" : 27076, ""site_id"" : 436, ""rank"" : 0, ""load"" : 1, ""cdr_info"" : ""098993999"", ""called_prefix"" : ""04"", ""called_number_in_public_format"" : false, ""flexible_called"" : null, ""flexible_calling"" : null, ""calling_number_in_public_format"" : false, ""full_prefix"" : ""042315650"", ""calling_format"" : ""E164"", ""called_cli_policy"" : ""SIPDA""}"
436,1,3,20,2315652,1,"{""id"" : -1, ""equipment_id"" : 31790, ""site_id"" : 436, ""rank"" : 1, ""load"" : 1, ""cdr_info"" : ""098993999"", ""called_prefix"" : ""04"", ""called_number_in_public_format"" : false, ""flexible_called"" : null, ""flexible_calling"" : null, ""calling_number_in_public_format"" : false, ""full_prefix"" : ""042315652"", ""calling_format"" : ""E164"", ""called_cli_policy"" : ""SIPDA""}"
437,0,3,20,2315650,1,"{""id"" : -1, ""equipment_id"" : 27076, ""site_id"" : 437, ""rank"" : 0, ""load"" : 1, ""cdr_info"" : ""098993999"", ""called_prefix"" : ""04"", ""called_number_in_public_format"" : false, ""flexible_called"" : null, ""flexible_calling"" : null, ""calling_number_in_public_format"" : false, ""full_prefix"" : ""042315650"", ""calling_format"" : ""E164"", ""called_cli_policy"" : ""SIPDA""}"
437,1,3,20,2315652,1,"{""id"" : -1, ""equipment_id"" : 31790, ""site_id"" : 437, ""rank"" : 1, ""load"" : 1, ""cdr_info"" : ""098993999"", ""called_prefix"" : ""04"", ""called_number_in_public_format"" : false, ""flexible_called"" : null, ""flexible_calling"" : null, ""calling_number_in_public_format"" : false, ""full_prefix"" : ""042315652"", ""calling_format"" : ""E164"", ""called_cli_policy"" : ""SIPDA""}"
438,0,3,20,2315650,1,"{""id"" : -1, ""equipment_id"" : 27076, ""site_id"" : 438, ""rank"" : 0, ""load"" : 1, ""cdr_info"" : ""098993999"", ""called_prefix"" : ""04"", ""called_number_in_public_format"" : false, ""flexible_called"" : null, ""flexible_calling"" : null, ""calling_number_in_public_format"" : false, ""full_prefix"" : ""042315650"", ""calling_format"" : ""E164"", ""called_cli_policy"" : ""SIPDA""}"
438,1,3,20,2315652,1,"{""id"" : -1, ""equipment_id"" : 31790, ""site_id"" : 438, ""rank"" : 1, ""load"" : 1, ""cdr_info"" : ""098993999"", ""called_prefix"" : ""04"", ""called_number_in_public_format"" : false, ""flexible_called"" : null, ""flexible_calling"" : null, ""calling_number_in_public_format"" : false, ""full_prefix"" : ""042315652"", ""calling_format"" : ""E164"", ""called_cli_policy"" : ""SIPDA""}"
454,1,3,20,2385166,1,"{""id"" : -1, ""equipment_id"" : 70356, ""site_id"" : 454, ""rank"" : 1, ""load"" : 1, ""cdr_info"" : ""098994898"", ""called_prefix"" : ""04"", ""called_number_in_public_format"" : false, ""flexible_called"" : null, ""flexible_calling"" : null, ""calling_number_in_public_format"" : false, ""full_prefix"" : ""042385166"", ""calling_format"" : ""E164"", ""called_cli_policy"" : ""SIPDA""}"
454,3,3,20,2385470,1,"{""id"" : -1, ""equipment_id"" : 131861, ""site_id"" : 454, ""rank"" : 3, ""load"" : 1, ""cdr_info"" : ""098993105"", ""called_prefix"" : ""04"", ""called_number_in_public_format"" : false, ""flexible_called"" : null, ""flexible_calling"" : null, ""calling_number_in_public_format"" : false, ""full_prefix"" : ""042385470"", ""calling_format"" : ""E164"", ""called_cli_policy"" : ""SIPDA""}"
454,2,3,20,2390082,1,"{""id"" : -1, ""equipment_id"" : 70357, ""site_id"" : 454, ""rank"" : 2, ""load"" : 1, ""cdr_info"" : ""098994898"", ""called_prefix"" : ""04"", ""called_number_in_public_format"" : false, ""flexible_called"" : null, ""flexible_calling"" : null, ""calling_number_in_public_format"" : false, ""full_prefix"" : ""042390082"", ""calling_format"" : ""E164"", ""called_cli_policy"" : ""SIPDA""}"
454,3,3,20,2405074,1,"{""id"" : -1, ""equipment_id"" : 70253, ""site_id"" : 454, ""rank"" : 3, ""load"" : 1, ""cdr_info"" : ""098994898"", ""called_prefix"" : ""04"", ""called_number_in_public_format"" : false, ""flexible_called"" : null, ""flexible_calling"" : null, ""calling_number_in_public_format"" : false, ""full_prefix"" : ""042405074"", ""calling_format"" : ""E164"", ""called_cli_policy"" : ""SIPDA""}"
454,0,3,20,8940012,1,"{""id"" : -1, ""equipment_id"" : 69174, ""site_id"" : 454, ""rank"" : 0, ""load"" : 1, ""cdr_info"" : ""098994898"", ""called_prefix"" : ""09"", ""called_number_in_public_format"" : true, ""flexible_called"" : null, ""flexible_calling"" : null, ""calling_number_in_public_format"" : true, ""full_prefix"" : ""098940012"", ""calling_format"" : ""E164"", ""called_cli_policy"" : ""SIPDA""}"
457,,,20,2390110,1,"{""id"" : -1, ""equipment_id"" : 118361, ""site_id"" : 457, ""rank"" : null, ""load"" : 0, ""cdr_info"" : ""098993861"", ""called_prefix"" : ""04"", ""called_number_in_public_format"" : false, ""flexible_called"" : null, ""flexible_calling"" : null, ""calling_number_in_public_format"" : false, ""full_prefix"" : ""042390110"", ""calling_format"" : ""E164"", ""called_cli_policy"" : ""SIPDA""}"
473,0,3,20,2250833,1,"{""id"" : -1, ""equipment_id"" : 53973, ""site_id"" : 473, ""rank"" : 0, ""load"" : 1, ""cdr_info"" : ""098993991"", ""called_prefix"" : ""04"", ""called_number_in_public_format"" : true, ""flexible_called"" : null, ""flexible_calling"" : null, ""calling_number_in_public_format"" : true, ""full_prefix"" : ""042250833"", ""calling_format"" : ""E164"", ""called_cli_policy"" : ""SIPDA""}"
473,1,3,20,2250834,1,"{""id"" : -1, ""equipment_id"" : 53974, ""site_id"" : 473, ""rank"" : 1, ""load"" : 1, ""cdr_info"" : ""098993991"", ""called_prefix"" : ""04"", ""called_number_in_public_format"" : true, ""flexible_called"" : null, ""flexible_calling"" : null, ""calling_number_in_public_format"" : true, ""full_prefix"" : ""042250834"", ""calling_format"" : ""E164"", ""called_cli_policy"" : ""SIPDA""}"
478,1,3,20,2250833,1,"{""id"" : -1, ""equipment_id"" : 53973, ""site_id"" : 478, ""rank"" : 1, ""load"" : 1, ""cdr_info"" : ""098993991"", ""called_prefix"" : ""04"", ""called_number_in_public_format"" : true, ""flexible_called"" : null, ""flexible_calling"" : null, ""calling_number_in_public_format"" : true, ""full_prefix"" : ""042250833"", ""calling_format"" : ""E164"", ""called_cli_policy"" : ""SIPDA""}"
478,0,3,20,2250834,1,"{""id"" : -1, ""equipment_id"" : 53974, ""site_id"" : 478, ""rank"" : 0, ""load"" : 1, ""cdr_info"" : ""098993991"", ""called_prefix"" : ""04"", ""called_number_in_public_format"" : true, ""flexible_called"" : null, ""flexible_calling"" : null, ""calling_number_in_public_format"" : true, ""full_prefix"" : ""042250834"", ""calling_format"" : ""E164"", ""called_cli_policy"" : ""SIPDA""}"
480,1,3,20,2250833,1,"{""id"" : -1, ""equipment_id"" : 53973, ""site_id"" : 480, ""rank"" : 1, ""load"" : 1, ""cdr_info"" : ""098993991"", ""called_prefix"" : ""04"", ""called_number_in_public_format"" : true, ""flexible_called"" : null, ""flexible_calling"" : null, ""calling_number_in_public_format"" : true, ""full_prefix"" : ""042250833"", ""calling_format"" : ""E164"", ""called_cli_policy"" : ""SIPDA""}"
480,0,3,20,2250834,1,"{""id"" : -1, ""equipment_id"" : 53974, ""site_id"" : 480, ""rank"" : 0, ""load"" : 1, ""cdr_info"" : ""098993991"", ""called_prefix"" : ""04"", ""called_number_in_public_format"" : true, ""flexible_called"" : null, ""flexible_calling"" : null, ""calling_number_in_public_format"" : true, ""full_prefix"" : ""042250834"", ""calling_format"" : ""E164"", ""called_cli_policy"" : ""SIPDA""}"
481,2,3,20,2390082,1,"{""id"" : -1, ""equipment_id"" : 70357, ""site_id"" : 481, ""rank"" : 2, ""load"" : 1, ""cdr_info"" : ""098994898"", ""called_prefix"" : ""04"", ""called_number_in_public_format"" : false, ""flexible_called"" : null, ""flexible_calling"" : null, ""calling_number_in_public_format"" : false, ""full_prefix"" : ""042390082"", ""calling_format"" : ""E164"", ""called_cli_policy"" : ""SIPDA""}"
481,3,3,20,2395322,1,"{""id"" : -1, ""equipment_id"" : 161462, ""site_id"" : 481, ""rank"" : 3, ""load"" : 1, ""cdr_info"" : ""098994898"", ""called_prefix"" : ""04"", ""called_number_in_public_format"" : false, ""flexible_called"" : null, ""flexible_calling"" : null, ""calling_number_in_public_format"" : false, ""full_prefix"" : ""042395322"", ""calling_format"" : ""E164"", ""called_cli_policy"" : ""SIPDA""}"
481,1,3,20,2405074,1,"{""id"" : -1, ""equipment_id"" : 70253, ""site_id"" : 481, ""rank"" : 1, ""load"" : 1, ""cdr_info"" : ""098994898"", ""called_prefix"" : ""04"", ""called_number_in_public_format"" : false, ""flexible_called"" : null, ""flexible_calling"" : null, ""calling_number_in_public_format"" : false, ""full_prefix"" : ""042405074"", ""calling_format"" : ""E164"", ""called_cli_policy"" : ""SIPDA""}"
481,0,3,20,8946012,1,"{""id"" : -1, ""equipment_id"" : 69173, ""site_id"" : 481, ""rank"" : 0, ""load"" : 1, ""cdr_info"" : ""098994898"", ""called_prefix"" : ""09"", ""called_number_in_public_format"" : true, ""flexible_called"" : null, ""flexible_calling"" : null, ""calling_number_in_public_format"" : true, ""full_prefix"" : ""098946012"", ""calling_format"" : ""E164"", ""called_cli_policy"" : ""SIPDA""}"
482,0,3,20,2395322,1,"{""id"" : -1, ""equipment_id"" : 161462, ""site_id"" : 482, ""rank"" : 0, ""load"" : 1, ""cdr_info"" : ""933333333333"", ""called_prefix"" : ""04"", ""called_number_in_public_format"" : false, ""flexible_called"" : null, ""flexible_calling"" : null, ""calling_number_in_public_format"" : false, ""full_prefix"" : ""042395322"", ""calling_format"" : ""E164"", ""called_cli_policy"" : ""SIPDA""}"
504,0,3,20,2325881,1,"{""id"" : -1, ""equipment_id"" : 83449, ""site_id"" : 504, ""rank"" : 0, ""load"" : 1, ""cdr_info"" : ""098993999"", ""called_prefix"" : ""04"", ""called_number_in_public_format"" : false, ""flexible_called"" : null, ""flexible_calling"" : null, ""calling_number_in_public_format"" : false, ""full_prefix"" : ""042325881"", ""calling_format"" : ""E164"", ""called_cli_policy"" : ""SIPDA""}"
506,0,3,20,2325881,1,"{""id"" : -1, ""equipment_id"" : 83449, ""site_id"" : 506, ""rank"" : 0, ""load"" : 1, ""cdr_info"" : ""098993999"", ""called_prefix"" : ""04"", ""called_number_in_public_format"" : false, ""flexible_called"" : null, ""flexible_calling"" : null, ""calling_number_in_public_format"" : false, ""full_prefix"" : ""042325881"", ""calling_format"" : ""E164"", ""called_cli_policy"" : ""SIPDA""}"
581,1,3,20,2385166,1,"{""id"" : -1, ""equipment_id"" : 70356, ""site_id"" : 581, ""rank"" : 1, ""load"" : 1, ""cdr_info"" : ""098994898"", ""called_prefix"" : ""04"", ""called_number_in_public_format"" : false, ""flexible_called"" : null, ""flexible_calling"" : null, ""calling_number_in_public_format"" : false, ""full_prefix"" : ""042385166"", ""calling_format"" : ""E164"", ""called_cli_policy"" : ""SIPDA""}"
581,2,3,20,2390082,1,"{""id"" : -1, ""equipment_id"" : 70357, ""site_id"" : 581, ""rank"" : 2, ""load"" : 1, ""cdr_info"" : ""098994898"", ""called_prefix"" : ""04"", ""called_number_in_public_format"" : false, ""flexible_called"" : null, ""flexible_calling"" : null, ""calling_number_in_public_format"" : false, ""full_prefix"" : ""042390082"", ""calling_format"" : ""E164"", ""called_cli_policy"" : ""SIPDA""}"
581,3,3,20,2405074,1,"{""id"" : -1, ""equipment_id"" : 70253, ""site_id"" : 581, ""rank"" : 3, ""load"" : 1, ""cdr_info"" : ""098994898"", ""called_prefix"" : ""04"", ""called_number_in_public_format"" : false, ""flexible_called"" : null, ""flexible_calling"" : null, ""calling_number_in_public_format"" : false, ""full_prefix"" : ""042405074"", ""calling_format"" : ""E164"", ""called_cli_policy"" : ""SIPDA""}"
581,0,3,20,8940012,1,"{""id"" : -1, ""equipment_id"" : 69174, ""site_id"" : 581, ""rank"" : 0, ""load"" : 1, ""cdr_info"" : ""098994898"", ""called_prefix"" : ""09"", ""called_number_in_public_format"" : true, ""flexible_called"" : null, ""flexible_calling"" : null, ""calling_number_in_public_format"" : true, ""full_prefix"" : ""098940012"", ""calling_format"" : ""E164"", ""called_cli_policy"" : ""SIPDA""}"
587,1,3,20,2385166,1,"{""id"" : -1, ""equipment_id"" : 70356, ""site_id"" : 587, ""rank"" : 1, ""load"" : 1, ""cdr_info"" : ""098994898"", ""called_prefix"" : ""04"", ""called_number_in_public_format"" : false, ""flexible_called"" : null, ""flexible_calling"" : null, ""calling_number_in_public_format"" : false, ""full_prefix"" : ""042385166"", ""calling_format"" : ""E164"", ""called_cli_policy"" : ""SIPDA""}"
587,2,3,20,2390082,1,"{""id"" : -1, ""equipment_id"" : 70357, ""site_id"" : 587, ""rank"" : 2, ""load"" : 1, ""cdr_info"" : ""098994898"", ""called_prefix"" : ""04"", ""called_number_in_public_format"" : false, ""flexible_called"" : null, ""flexible_calling"" : null, ""calling_number_in_public_format"" : false, ""full_prefix"" : ""042390082"", ""calling_format"" : ""E164"", ""called_cli_policy"" : ""SIPDA""}"
587,3,3,20,2405074,1,"{""id"" : -1, ""equipment_id"" : 70253, ""site_id"" : 587, ""rank"" : 3, ""load"" : 1, ""cdr_info"" : ""098994898"", ""called_prefix"" : ""04"", ""called_number_in_public_format"" : false, ""flexible_called"" : null, ""flexible_calling"" : null, ""calling_number_in_public_format"" : false, ""full_prefix"" : ""042405074"", ""calling_format"" : ""E164"", ""called_cli_policy"" : ""SIPDA""}"
587,0,3,20,8940012,1,"{""id"" : -1, ""equipment_id"" : 69174, ""site_id"" : 587, ""rank"" : 0, ""load"" : 1, ""cdr_info"" : ""098994898"", ""called_prefix"" : ""09"", ""called_number_in_public_format"" : true, ""flexible_called"" : null, ""flexible_calling"" : null, ""calling_number_in_public_format"" : true, ""full_prefix"" : ""098940012"", ""calling_format"" : ""E164"", ""called_cli_policy"" : ""SIPDA""}"
588,1,3,20,2385166,1,"{""id"" : -1, ""equipment_id"" : 70356, ""site_id"" : 588, ""rank"" : 1, ""load"" : 1, ""cdr_info"" : ""098994898"", ""called_prefix"" : ""04"", ""called_number_in_public_format"" : false, ""flexible_called"" : null, ""flexible_calling"" : null, ""calling_number_in_public_format"" : false, ""full_prefix"" : ""042385166"", ""calling_format"" : ""E164"", ""called_cli_policy"" : ""SIPDA""}"
588,2,3,20,2390082,1,"{""id"" : -1, ""equipment_id"" : 70357, ""site_id"" : 588, ""rank"" : 2, ""load"" : 1, ""cdr_info"" : ""098994898"", ""called_prefix"" : ""04"", ""called_number_in_public_format"" : false, ""flexible_called"" : null, ""flexible_calling"" : null, ""calling_number_in_public_format"" : false, ""full_prefix"" : ""042390082"", ""calling_format"" : ""E164"", ""called_cli_policy"" : ""SIPDA""}"
588,3,3,20,2405074,1,"{""id"" : -1, ""equipment_id"" : 70253, ""site_id"" : 588, ""rank"" : 3, ""load"" : 1, ""cdr_info"" : ""098994898"", ""called_prefix"" : ""04"", ""called_number_in_public_format"" : false, ""flexible_called"" : null, ""flexible_calling"" : null, ""calling_number_in_public_format"" : false, ""full_prefix"" : ""042405074"", ""calling_format"" : ""E164"", ""called_cli_policy"" : ""SIPDA""}"
588,0,3,20,8940012,1,"{""id"" : -1, ""equipment_id"" : 69174, ""site_id"" : 588, ""rank"" : 0, ""load"" : 1, ""cdr_info"" : ""098994898"", ""called_prefix"" : ""09"", ""called_number_in_public_format"" : true, ""flexible_called"" : null, ""flexible_calling"" : null, ""calling_number_in_public_format"" : true, ""full_prefix"" : ""098940012"", ""calling_format"" : ""E164"", ""called_cli_policy"" : ""SIPDA""}"
913,1,3,20,2385166,1,"{""id"" : -1, ""equipment_id"" : 70356, ""site_id"" : 913, ""rank"" : 1, ""load"" : 1, ""cdr_info"" : ""098994898"", ""called_prefix"" : ""04"", ""called_number_in_public_format"" : false, ""flexible_called"" : null, ""flexible_calling"" : null, ""calling_number_in_public_format"" : false, ""full_prefix"" : ""042385166"", ""calling_format"" : ""E164"", ""called_cli_policy"" : ""SIPDA""}"
913,2,3,20,2390082,1,"{""id"" : -1, ""equipment_id"" : 70357, ""site_id"" : 913, ""rank"" : 2, ""load"" : 1, ""cdr_info"" : ""098994898"", ""called_prefix"" : ""04"", ""called_number_in_public_format"" : false, ""flexible_called"" : null, ""flexible_calling"" : null, ""calling_number_in_public_format"" : false, ""full_prefix"" : ""042390082"", ""calling_format"" : ""E164"", ""called_cli_policy"" : ""SIPDA""}"
913,3,3,20,2405074,1,"{""id"" : -1, ""equipment_id"" : 70253, ""site_id"" : 913, ""rank"" : 3, ""load"" : 1, ""cdr_info"" : ""098994898"", ""called_prefix"" : ""04"", ""called_number_in_public_format"" : false, ""flexible_called"" : null, ""flexible_calling"" : null, ""calling_number_in_public_format"" : false, ""full_prefix"" : ""042405074"", ""calling_format"" : ""E164"", ""called_cli_policy"" : ""SIPDA""}"
913,0,3,20,8940012,1,"{""id"" : -1, ""equipment_id"" : 69174, ""site_id"" : 913, ""rank"" : 0, ""load"" : 1, ""cdr_info"" : ""098994898"", ""called_prefix"" : ""09"", ""called_number_in_public_format"" : true, ""flexible_called"" : null, ""flexible_calling"" : null, ""calling_number_in_public_format"" : true, ""full_prefix"" : ""098940012"", ""calling_format"" : ""E164"", ""called_cli_policy"" : ""SIPDA""}"
922,0,3,20,2325881,1,"{""id"" : -1, ""equipment_id"" : 83449, ""site_id"" : 922, ""rank"" : 0, ""load"" : 1, ""cdr_info"" : ""098993999"", ""called_prefix"" : ""04"", ""called_number_in_public_format"" : false, ""flexible_called"" : null, ""flexible_calling"" : null, ""calling_number_in_public_format"" : false, ""full_prefix"" : ""042325881"", ""calling_format"" : ""E164"", ""called_cli_policy"" : ""SIPDA""}"
963,1,3,20,2385166,1,"{""id"" : -1, ""equipment_id"" : 70356, ""site_id"" : 963, ""rank"" : 1, ""load"" : 1, ""cdr_info"" : ""098994898"", ""called_prefix"" : ""04"", ""called_number_in_public_format"" : false, ""flexible_called"" : null, ""flexible_calling"" : null, ""calling_number_in_public_format"" : false, ""full_prefix"" : ""042385166"", ""calling_format"" : ""E164"", ""called_cli_policy"" : ""SIPDA""}"
963,,,20,2385470,1,"{""id"" : -1, ""equipment_id"" : 131861, ""site_id"" : 963, ""rank"" : null, ""load"" : 0, ""cdr_info"" : ""098994898"", ""called_prefix"" : ""04"", ""called_number_in_public_format"" : false, ""flexible_called"" : null, ""flexible_calling"" : null, ""calling_number_in_public_format"" : false, ""full_prefix"" : ""042385470"", ""calling_format"" : ""E164"", ""called_cli_policy"" : ""SIPDA""}"
963,2,3,20,2390082,1,"{""id"" : -1, ""equipment_id"" : 70357, ""site_id"" : 963, ""rank"" : 2, ""load"" : 1, ""cdr_info"" : ""098994898"", ""called_prefix"" : ""04"", ""called_number_in_public_format"" : false, ""flexible_called"" : null, ""flexible_calling"" : null, ""calling_number_in_public_format"" : false, ""full_prefix"" : ""042390082"", ""calling_format"" : ""E164"", ""called_cli_policy"" : ""SIPDA""}"
963,0,3,20,8940012,1,"{""id"" : -1, ""equipment_id"" : 69174, ""site_id"" : 963, ""rank"" : 0, ""load"" : 1, ""cdr_info"" : ""098994898"", ""called_prefix"" : ""09"", ""called_number_in_public_format"" : true, ""flexible_called"" : null, ""flexible_calling"" : null, ""calling_number_in_public_format"" : true, ""full_prefix"" : ""098940012"", ""calling_format"" : ""E164"", ""called_cli_policy"" : ""SIPDA""}"
981,0,3,20,2385417,1,"{""id"" : -1, ""equipment_id"" : 121462, ""site_id"" : 981, ""rank"" : 0, ""load"" : 1, ""cdr_info"" : ""098993634"", ""called_prefix"" : ""04"", ""called_number_in_public_format"" : false, ""flexible_called"" : null, ""flexible_calling"" : null, ""calling_number_in_public_format"" : false, ""full_prefix"" : ""042385417"", ""calling_format"" : ""E164"", ""called_cli_policy"" : ""SIPDA""}"
1082,0,3,20,3274893,1,"{""id"" : -1, ""equipment_id"" : 62983, ""site_id"" : 1082, ""rank"" : 0, ""load"" : 1, ""cdr_info"" : ""893"", ""called_prefix"" : """", ""called_number_in_public_format"" : false, ""flexible_called"" : null, ""flexible_calling"" : null, ""calling_number_in_public_format"" : false, ""full_prefix"" : ""3274893"", ""calling_format"" : ""E164"", ""called_cli_policy"" : ""SIPDA""}"
1090,1,3,20,2385166,1,"{""id"" : -1, ""equipment_id"" : 70356, ""site_id"" : 1090, ""rank"" : 1, ""load"" : 1, ""cdr_info"" : ""098994898"", ""called_prefix"" : ""04"", ""called_number_in_public_format"" : false, ""flexible_called"" : null, ""flexible_calling"" : null, ""calling_number_in_public_format"" : false, ""full_prefix"" : ""042385166"", ""calling_format"" : ""E164"", ""called_cli_policy"" : ""SIPDA""}"
1090,4,3,20,2385470,1,"{""id"" : -1, ""equipment_id"" : 131861, ""site_id"" : 1090, ""rank"" : 4, ""load"" : 1, ""cdr_info"" : ""098994898"", ""called_prefix"" : ""04"", ""called_number_in_public_format"" : false, ""flexible_called"" : null, ""flexible_calling"" : null, ""calling_number_in_public_format"" : false, ""full_prefix"" : ""042385470"", ""calling_format"" : ""E164"", ""called_cli_policy"" : ""SIPDA""}"
1090,2,3,20,2390082,1,"{""id"" : -1, ""equipment_id"" : 70357, ""site_id"" : 1090, ""rank"" : 2, ""load"" : 1, ""cdr_info"" : ""098994898"", ""called_prefix"" : ""04"", ""called_number_in_public_format"" : false, ""flexible_called"" : null, ""flexible_calling"" : null, ""calling_number_in_public_format"" : false, ""full_prefix"" : ""042390082"", ""calling_format"" : ""E164"", ""called_cli_policy"" : ""SIPDA""}"
1090,3,3,20,2405074,1,"{""id"" : -1, ""equipment_id"" : 70253, ""site_id"" : 1090, ""rank"" : 3, ""load"" : 1, ""cdr_info"" : ""098994898"", ""called_prefix"" : ""04"", ""called_number_in_public_format"" : false, ""flexible_called"" : null, ""flexible_calling"" : null, ""calling_number_in_public_format"" : false, ""full_prefix"" : ""042405074"", ""calling_format"" : ""E164"", ""called_cli_policy"" : ""SIPDA""}"
1090,0,3,20,8940012,1,"{""id"" : -1, ""equipment_id"" : 69174, ""site_id"" : 1090, ""rank"" : 0, ""load"" : 1, ""cdr_info"" : ""098994898"", ""called_prefix"" : ""09"", ""called_number_in_public_format"" : true, ""flexible_called"" : null, ""flexible_calling"" : null, ""calling_number_in_public_format"" : true, ""full_prefix"" : ""098940012"", ""calling_format"" : ""E164"", ""called_cli_policy"" : ""SIPDA""}"
1111,0,3,20,3274893,1,"{""id"" : -1, ""equipment_id"" : 62983, ""site_id"" : 1111, ""rank"" : 0, ""load"" : 1, ""cdr_info"" : ""893"", ""called_prefix"" : """", ""called_number_in_public_format"" : false, ""flexible_called"" : null, ""flexible_calling"" : null, ""calling_number_in_public_format"" : false, ""full_prefix"" : ""3274893"", ""calling_format"" : ""E164"", ""called_cli_policy"" : ""SIPDA""}"
1142,0,3,20,2250833,1,"{""id"" : -1, ""equipment_id"" : 53973, ""site_id"" : 1142, ""rank"" : 0, ""load"" : 1, ""cdr_info"" : ""098993991"", ""called_prefix"" : ""04"", ""called_number_in_public_format"" : true, ""flexible_called"" : null, ""flexible_calling"" : null, ""calling_number_in_public_format"" : true, ""full_prefix"" : ""042250833"", ""calling_format"" : ""E164"", ""called_cli_policy"" : ""SIPDA""}"
1142,1,3,20,2250834,1,"{""id"" : -1, ""equipment_id"" : 53974, ""site_id"" : 1142, ""rank"" : 1, ""load"" : 1, ""cdr_info"" : ""098993991"", ""called_prefix"" : ""04"", ""called_number_in_public_format"" : true, ""flexible_called"" : null, ""flexible_calling"" : null, ""calling_number_in_public_format"" : true, ""full_prefix"" : ""042250834"", ""calling_format"" : ""E164"", ""called_cli_policy"" : ""SIPDA""}"
1181,0,3,20,3274893,1,"{""id"" : -1, ""equipment_id"" : 62983, ""site_id"" : 1181, ""rank"" : 0, ""load"" : 1, ""cdr_info"" : ""893"", ""called_prefix"" : """", ""called_number_in_public_format"" : false, ""flexible_called"" : null, ""flexible_calling"" : null, ""calling_number_in_public_format"" : false, ""full_prefix"" : ""3274893"", ""calling_format"" : ""E164"", ""called_cli_policy"" : ""SIPDA""}"
1213,0,3,20,2316412,1,"{""id"" : -1, ""equipment_id"" : 57658, ""site_id"" : 1213, ""rank"" : 0, ""load"" : 1, ""cdr_info"" : ""098993999"", ""called_prefix"" : ""04"", ""called_number_in_public_format"" : true, ""flexible_called"" : null, ""flexible_calling"" : null, ""calling_number_in_public_format"" : true, ""full_prefix"" : ""042316412"", ""calling_format"" : ""E164"", ""called_cli_policy"" : ""SIPDA""}"
1234,1,3,20,2315136,1,"{""id"" : -1, ""equipment_id"" : 46894, ""site_id"" : 1234, ""rank"" : 1, ""load"" : 1, ""cdr_info"" : ""098993999"", ""called_prefix"" : ""04"", ""called_number_in_public_format"" : false, ""flexible_called"" : null, ""flexible_calling"" : null, ""calling_number_in_public_format"" : false, ""full_prefix"" : ""042315136"", ""calling_format"" : ""E164"", ""called_cli_policy"" : ""SIPDA""}"
1234,0,3,20,2316412,1,"{""id"" : -1, ""equipment_id"" : 57658, ""site_id"" : 1234, ""rank"" : 0, ""load"" : 1, ""cdr_info"" : ""098993999"", ""called_prefix"" : ""04"", ""called_number_in_public_format"" : false, ""flexible_called"" : null, ""flexible_calling"" : null, ""calling_number_in_public_format"" : false, ""full_prefix"" : ""042316412"", ""calling_format"" : ""FORMATTED"", ""called_cli_policy"" : ""SIPDA""}"
1235,0,3,20,2315369,1,"{""id"" : -1, ""equipment_id"" : 83442, ""site_id"" : 1235, ""rank"" : 0, ""load"" : 1, ""cdr_info"" : ""098993999"", ""called_prefix"" : ""04"", ""called_number_in_public_format"" : false, ""flexible_called"" : null, ""flexible_calling"" : null, ""calling_number_in_public_format"" : false, ""full_prefix"" : ""042315369"", ""calling_format"" : ""E164"", ""called_cli_policy"" : ""SIPDA""}"
1236,0,3,20,2316412,1,"{""id"" : -1, ""equipment_id"" : 57658, ""site_id"" : 1236, ""rank"" : 0, ""load"" : 1, ""cdr_info"" : ""098993999"", ""called_prefix"" : ""04"", ""called_number_in_public_format"" : true, ""flexible_called"" : null, ""flexible_calling"" : null, ""calling_number_in_public_format"" : true, ""full_prefix"" : ""042316412"", ""calling_format"" : ""E164"", ""called_cli_policy"" : ""SIPDA""}"
1241,0,3,20,3274893,1,"{""id"" : -1, ""equipment_id"" : 62983, ""site_id"" : 1241, ""rank"" : 0, ""load"" : 1, ""cdr_info"" : ""893"", ""called_prefix"" : """", ""called_number_in_public_format"" : false, ""flexible_called"" : null, ""flexible_calling"" : null, ""calling_number_in_public_format"" : false, ""full_prefix"" : ""3274893"", ""calling_format"" : ""E164"", ""called_cli_policy"" : ""SIPDA""}"
1249,0,3,20,2325881,1,"{""id"" : -1, ""equipment_id"" : 83449, ""site_id"" : 1249, ""rank"" : 0, ""load"" : 1, ""cdr_info"" : ""098993999"", ""called_prefix"" : ""04"", ""called_number_in_public_format"" : false, ""flexible_called"" : null, ""flexible_calling"" : null, ""calling_number_in_public_format"" : false, ""full_prefix"" : ""042325881"", ""calling_format"" : ""E164"", ""called_cli_policy"" : ""SIPDA""}"
1261,0,3,20,3274893,1,"{""id"" : -1, ""equipment_id"" : 62983, ""site_id"" : 1261, ""rank"" : 0, ""load"" : 1, ""cdr_info"" : ""893"", ""called_prefix"" : """", ""called_number_in_public_format"" : false, ""flexible_called"" : null, ""flexible_calling"" : null, ""calling_number_in_public_format"" : false, ""full_prefix"" : ""3274893"", ""calling_format"" : ""E164"", ""called_cli_policy"" : ""SIPDA""}"
1301,0,3,20,5109996,1,"{""id"" : -1, ""equipment_id"" : 105, ""site_id"" : 1301, ""rank"" : 0, ""load"" : 1, ""cdr_info"" : ""095109996"", ""called_prefix"" : ""09"", ""called_number_in_public_format"" : true, ""flexible_called"" : null, ""flexible_calling"" : null, ""calling_number_in_public_format"" : true, ""full_prefix"" : ""095109996"", ""calling_format"" : ""E164"", ""called_cli_policy"" : ""SIPDA""}"
1319,0,3,20,2250833,1,"{""id"" : -1, ""equipment_id"" : 53973, ""site_id"" : 1319, ""rank"" : 0, ""load"" : 1, ""cdr_info"" : ""098993991"", ""called_prefix"" : ""04"", ""called_number_in_public_format"" : true, ""flexible_called"" : null, ""flexible_calling"" : null, ""calling_number_in_public_format"" : true, ""full_prefix"" : ""042250833"", ""calling_format"" : ""E164"", ""called_cli_policy"" : ""SIPDA""}"
1319,1,3,20,2250834,1,"{""id"" : -1, ""equipment_id"" : 53974, ""site_id"" : 1319, ""rank"" : 1, ""load"" : 1, ""cdr_info"" : ""098993991"", ""called_prefix"" : ""04"", ""called_number_in_public_format"" : true, ""flexible_called"" : null, ""flexible_calling"" : null, ""calling_number_in_public_format"" : true, ""full_prefix"" : ""042250834"", ""calling_format"" : ""E164"", ""called_cli_policy"" : ""SIPDA""}"
1328,0,3,20,2250833,1,"{""id"" : -1, ""equipment_id"" : 53973, ""site_id"" : 1328, ""rank"" : 0, ""load"" : 1, ""cdr_info"" : ""098993991"", ""called_prefix"" : ""04"", ""called_number_in_public_format"" : true, ""flexible_called"" : null, ""flexible_calling"" : null, ""calling_number_in_public_format"" : true, ""full_prefix"" : ""042250833"", ""calling_format"" : ""E164"", ""called_cli_policy"" : ""SIPDA""}"
1328,1,3,20,2250834,1,"{""id"" : -1, ""equipment_id"" : 53974, ""site_id"" : 1328, ""rank"" : 1, ""load"" : 1, ""cdr_info"" : ""098993991"", ""called_prefix"" : ""04"", ""called_number_in_public_format"" : true, ""flexible_called"" : null, ""flexible_calling"" : null, ""calling_number_in_public_format"" : true, ""full_prefix"" : ""042250834"", ""calling_format"" : ""E164"", ""called_cli_policy"" : ""SIPDA""}"
1337,1,3,20,2250833,1,"{""id"" : -1, ""equipment_id"" : 53973, ""site_id"" : 1337, ""rank"" : 1, ""load"" : 1, ""cdr_info"" : ""098993991"", ""called_prefix"" : ""04"", ""called_number_in_public_format"" : true, ""flexible_called"" : null, ""flexible_calling"" : null, ""calling_number_in_public_format"" : true, ""full_prefix"" : ""042250833"", ""calling_format"" : ""E164"", ""called_cli_policy"" : ""SIPDA""}"
1337,0,3,20,2250834,1,"{""id"" : -1, ""equipment_id"" : 53974, ""site_id"" : 1337, ""rank"" : 0, ""load"" : 1, ""cdr_info"" : ""098993991"", ""called_prefix"" : ""04"", ""called_number_in_public_format"" : true, ""flexible_called"" : null, ""flexible_calling"" : null, ""calling_number_in_public_format"" : true, ""full_prefix"" : ""042250834"", ""calling_format"" : ""E164"", ""called_cli_policy"" : ""SIPDA""}"
1341,0,3,20,2360196,1,"{""id"" : -1, ""equipment_id"" : 49661, ""site_id"" : 1341, ""rank"" : 0, ""load"" : 1, ""cdr_info"" : ""098997026"", ""called_prefix"" : ""24"", ""called_number_in_public_format"" : true, ""flexible_called"" : null, ""flexible_calling"" : null, ""calling_number_in_public_format"" : true, ""full_prefix"" : ""242360196"", ""calling_format"" : ""E164"", ""called_cli_policy"" : ""SIPDA""}"
1341,0,3,20,2360199,1,"{""id"" : -1, ""equipment_id"" : 49662, ""site_id"" : 1341, ""rank"" : 0, ""load"" : 1, ""cdr_info"" : ""098997026"", ""called_prefix"" : ""24"", ""called_number_in_public_format"" : true, ""flexible_called"" : null, ""flexible_calling"" : null, ""calling_number_in_public_format"" : true, ""full_prefix"" : ""242360199"", ""calling_format"" : ""E164"", ""called_cli_policy"" : ""SIPDA""}"
1381,0,3,20,2400009,1,"{""id"" : -1, ""equipment_id"" : 54890, ""site_id"" : 1381, ""rank"" : 0, ""load"" : 1, ""cdr_info"" : ""098997045"", ""called_prefix"" : ""04"", ""called_number_in_public_format"" : true, ""flexible_called"" : null, ""flexible_calling"" : null, ""calling_number_in_public_format"" : true, ""full_prefix"" : ""042400009"", ""calling_format"" : ""E164"", ""called_cli_policy"" : ""SIPDA""}"
1401,0,3,20,2214574,1,"{""id"" : -1, ""equipment_id"" : 641, ""site_id"" : 1401, ""rank"" : 0, ""load"" : 1, ""cdr_info"" : ""098993999"", ""called_prefix"" : ""04"", ""called_number_in_public_format"" : false, ""flexible_called"" : null, ""flexible_calling"" : null, ""calling_number_in_public_format"" : false, ""full_prefix"" : ""042214574"", ""calling_format"" : ""E164"", ""called_cli_policy"" : ""SIPDA""}"
1421,0,3,20,2403855,1,"{""id"" : -1, ""equipment_id"" : 74205, ""site_id"" : 1421, ""rank"" : 0, ""load"" : 1, ""cdr_info"" : ""098997268"", ""called_prefix"" : ""04"", ""called_number_in_public_format"" : true, ""flexible_called"" : null, ""flexible_calling"" : null, ""calling_number_in_public_format"" : true, ""full_prefix"" : ""042403855"", ""calling_format"" : ""E164"", ""called_cli_policy"" : ""SIPDA""}"
1441,0,3,20,2363878,1,"{""id"" : -1, ""equipment_id"" : 14982, ""site_id"" : 1441, ""rank"" : 0, ""load"" : 1, ""cdr_info"" : ""098997066"", ""called_prefix"" : ""04"", ""called_number_in_public_format"" : false, ""flexible_called"" : ""+33+PrivFulld"", ""flexible_calling"" : null, ""calling_number_in_public_format"" : true, ""full_prefix"" : ""042363878"", ""calling_format"" : ""E164"", ""called_cli_policy"" : ""SIPDA""}"
1461,0,3,20,2373850,1,"{""id"" : -1, ""equipment_id"" : 67233, ""site_id"" : 1461, ""rank"" : 0, ""load"" : 1, ""cdr_info"" : ""098997154"", ""called_prefix"" : ""04"", ""called_number_in_public_format"" : true, ""flexible_called"" : null, ""flexible_calling"" : null, ""calling_number_in_public_format"" : true, ""full_prefix"" : ""042373850"", ""calling_format"" : ""E164"", ""called_cli_policy"" : ""SIPDA""}"
1462,0,3,20,2214405,1,"{""id"" : -1, ""equipment_id"" : 671, ""site_id"" : 1462, ""rank"" : 0, ""load"" : 1, ""cdr_info"" : ""098993999"", ""called_prefix"" : ""04"", ""called_number_in_public_format"" : false, ""flexible_called"" : null, ""flexible_calling"" : null, ""calling_number_in_public_format"" : false, ""full_prefix"" : ""042214405"", ""calling_format"" : ""E164"", ""called_cli_policy"" : ""SIPDA""}"
1481,0,3,20,2240005,1,"{""id"" : -1, ""equipment_id"" : 141921, ""site_id"" : 1481, ""rank"" : 0, ""load"" : 1, ""cdr_info"" : ""098993999"", ""called_prefix"" : ""04"", ""called_number_in_public_format"" : false, ""flexible_called"" : null, ""flexible_calling"" : null, ""calling_number_in_public_format"" : false, ""full_prefix"" : ""042240005"", ""calling_format"" : ""E164"", ""called_cli_policy"" : ""SIPDA""}"
1482,1,3,20,2250833,1,"{""id"" : -1, ""equipment_id"" : 53973, ""site_id"" : 1482, ""rank"" : 1, ""load"" : 1, ""cdr_info"" : ""098993991"", ""called_prefix"" : ""04"", ""called_number_in_public_format"" : true, ""flexible_called"" : null, ""flexible_calling"" : null, ""calling_number_in_public_format"" : true, ""full_prefix"" : ""042250833"", ""calling_format"" : ""E164"", ""called_cli_policy"" : ""SIPDA""}"
1482,0,3,20,2250834,1,"{""id"" : -1, ""equipment_id"" : 53974, ""site_id"" : 1482, ""rank"" : 0, ""load"" : 1, ""cdr_info"" : ""098993991"", ""called_prefix"" : ""04"", ""called_number_in_public_format"" : true, ""flexible_called"" : null, ""flexible_calling"" : null, ""calling_number_in_public_format"" : true, ""full_prefix"" : ""042250834"", ""calling_format"" : ""E164"", ""called_cli_policy"" : ""SIPDA""}"
1502,2,3,20,2385518,1,"{""id"" : -1, ""equipment_id"" : 137483, ""site_id"" : 1502, ""rank"" : 2, ""load"" : 1, ""cdr_info"" : ""9874111111"", ""called_prefix"" : ""04"", ""called_number_in_public_format"" : false, ""flexible_called"" : null, ""flexible_calling"" : null, ""calling_number_in_public_format"" : false, ""full_prefix"" : ""042385518"", ""calling_format"" : ""E164"", ""called_cli_policy"" : ""SIPDA""}"
1504,0,3,20,2363838,1,"{""id"" : -1, ""equipment_id"" : 60480, ""site_id"" : 1504, ""rank"" : 0, ""load"" : 1, ""cdr_info"" : ""098997168"", ""called_prefix"" : ""04"", ""called_number_in_public_format"" : true, ""flexible_called"" : null, ""flexible_calling"" : null, ""calling_number_in_public_format"" : true, ""full_prefix"" : ""042363838"", ""calling_format"" : ""E164"", ""called_cli_policy"" : ""SIPDA""}"
1504,1,3,20,2363839,1,"{""id"" : -1, ""equipment_id"" : 60967, ""site_id"" : 1504, ""rank"" : 1, ""load"" : 1, ""cdr_info"" : ""098997168"", ""called_prefix"" : ""04"", ""called_number_in_public_format"" : true, ""flexible_called"" : null, ""flexible_calling"" : null, ""calling_number_in_public_format"" : true, ""full_prefix"" : ""042363839"", ""calling_format"" : ""E164"", ""called_cli_policy"" : ""SIPDA""}"
1521,0,3,20,2363838,1,"{""id"" : -1, ""equipment_id"" : 60480, ""site_id"" : 1521, ""rank"" : 0, ""load"" : 1, ""cdr_info"" : ""098997168"", ""called_prefix"" : ""04"", ""called_number_in_public_format"" : true, ""flexible_called"" : null, ""flexible_calling"" : null, ""calling_number_in_public_format"" : true, ""full_prefix"" : ""042363838"", ""calling_format"" : ""E164"", ""called_cli_policy"" : ""SIPDA""}"
1521,1,3,20,2363839,1,"{""id"" : -1, ""equipment_id"" : 60967, ""site_id"" : 1521, ""rank"" : 1, ""load"" : 1, ""cdr_info"" : ""098997168"", ""called_prefix"" : ""04"", ""called_number_in_public_format"" : true, ""flexible_called"" : null, ""flexible_calling"" : null, ""calling_number_in_public_format"" : true, ""full_prefix"" : ""042363839"", ""calling_format"" : ""E164"", ""called_cli_policy"" : ""SIPDA""}"
1542,0,3,20,2395105,1,"{""id"" : -1, ""equipment_id"" : 97341, ""site_id"" : 1542, ""rank"" : 0, ""load"" : 1, ""cdr_info"" : ""99985668"", ""called_prefix"" : ""04"", ""called_number_in_public_format"" : false, ""flexible_called"" : null, ""flexible_calling"" : null, ""calling_number_in_public_format"" : false, ""full_prefix"" : ""042395105"", ""calling_format"" : ""E164"", ""called_cli_policy"" : ""SIPDA""}"
1543,0,3,20,2363878,1,"{""id"" : -1, ""equipment_id"" : 14982, ""site_id"" : 1543, ""rank"" : 0, ""load"" : 1, ""cdr_info"" : ""098997066"", ""called_prefix"" : ""04"", ""called_number_in_public_format"" : false, ""flexible_called"" : ""+43+PrivFulld"", ""flexible_calling"" : null, ""calling_number_in_public_format"" : true, ""full_prefix"" : ""042363878"", ""calling_format"" : ""E164"", ""called_cli_policy"" : ""SIPDA""}"
1561,0,3,20,2363838,1,"{""id"" : -1, ""equipment_id"" : 60480, ""site_id"" : 1561, ""rank"" : 0, ""load"" : 1, ""cdr_info"" : ""098997168"", ""called_prefix"" : ""04"", ""called_number_in_public_format"" : true, ""flexible_called"" : null, ""flexible_calling"" : null, ""calling_number_in_public_format"" : true, ""full_prefix"" : ""042363838"", ""calling_format"" : ""E164"", ""called_cli_policy"" : ""SIPDA""}"
1561,1,3,20,2363839,1,"{""id"" : -1, ""equipment_id"" : 60967, ""site_id"" : 1561, ""rank"" : 1, ""load"" : 1, ""cdr_info"" : ""098997168"", ""called_prefix"" : ""04"", ""called_number_in_public_format"" : true, ""flexible_called"" : null, ""flexible_calling"" : null, ""calling_number_in_public_format"" : true, ""full_prefix"" : ""042363839"", ""calling_format"" : ""E164"", ""called_cli_policy"" : ""SIPDA""}"
1661,0,3,20,2316880,1,"{""id"" : -1, ""equipment_id"" : 62730, ""site_id"" : 1661, ""rank"" : 0, ""load"" : 1, ""cdr_info"" : ""098993999"", ""called_prefix"" : ""04"", ""called_number_in_public_format"" : false, ""flexible_called"" : null, ""flexible_calling"" : null, ""calling_number_in_public_format"" : false, ""full_prefix"" : ""042316880"", ""calling_format"" : ""E164"", ""called_cli_policy"" : ""SIPDA""}"
1662,0,3,20,2315559,1,"{""id"" : -1, ""equipment_id"" : 64835, ""site_id"" : 1662, ""rank"" : 0, ""load"" : 1, ""cdr_info"" : ""098993999"", ""called_prefix"" : ""04"", ""called_number_in_public_format"" : false, ""flexible_called"" : null, ""flexible_calling"" : null, ""calling_number_in_public_format"" : false, ""full_prefix"" : ""042315559"", ""calling_format"" : ""E164"", ""called_cli_policy"" : ""SIPDA""}"
1664,0,3,20,8946012,1,"{""id"" : -1, ""equipment_id"" : 69173, ""site_id"" : 1664, ""rank"" : 0, ""load"" : 1, ""cdr_info"" : ""098994898"", ""called_prefix"" : ""09"", ""called_number_in_public_format"" : true, ""flexible_called"" : null, ""flexible_calling"" : null, ""calling_number_in_public_format"" : true, ""full_prefix"" : ""098946012"", ""calling_format"" : ""FORMATTED"", ""called_cli_policy"" : ""SIPDA""}"
1665,1,3,20,2395322,1,"{""id"" : -1, ""equipment_id"" : 161462, ""site_id"" : 1665, ""rank"" : 1, ""load"" : 1, ""cdr_info"" : ""933333333333"", ""called_prefix"" : ""08"", ""called_number_in_public_format"" : false, ""flexible_called"" : null, ""flexible_calling"" : null, ""calling_number_in_public_format"" : false, ""full_prefix"" : ""082395322"", ""calling_format"" : ""E164"", ""called_cli_policy"" : ""SIPDA""}"
1665,0,3,20,8946012,1,"{""id"" : -1, ""equipment_id"" : 69173, ""site_id"" : 1665, ""rank"" : 0, ""load"" : 1, ""cdr_info"" : ""098994898"", ""called_prefix"" : ""09"", ""called_number_in_public_format"" : true, ""flexible_called"" : null, ""flexible_calling"" : null, ""calling_number_in_public_format"" : true, ""full_prefix"" : ""098946012"", ""calling_format"" : ""E164"", ""called_cli_policy"" : ""SIPDA""}"
1681,0,3,20,2245083,1,"{""id"" : -1, ""equipment_id"" : 74170, ""site_id"" : 1681, ""rank"" : 0, ""load"" : 1, ""cdr_info"" : ""098993999"", ""called_prefix"" : ""04"", ""called_number_in_public_format"" : false, ""flexible_called"" : null, ""flexible_calling"" : null, ""calling_number_in_public_format"" : false, ""full_prefix"" : ""042245083"", ""calling_format"" : ""E164"", ""called_cli_policy"" : ""SIPDA""}"
1682,0,3,20,2245083,1,"{""id"" : -1, ""equipment_id"" : 74170, ""site_id"" : 1682, ""rank"" : 0, ""load"" : 1, ""cdr_info"" : ""098993999"", ""called_prefix"" : ""04"", ""called_number_in_public_format"" : false, ""flexible_called"" : null, ""flexible_calling"" : null, ""calling_number_in_public_format"" : false, ""full_prefix"" : ""042245083"", ""calling_format"" : ""E164"", ""called_cli_policy"" : ""SIPDA""}"
1701,0,3,20,2250316,1,"{""id"" : -1, ""equipment_id"" : 73149, ""site_id"" : 1701, ""rank"" : 0, ""load"" : 1, ""cdr_info"" : ""098993999"", ""called_prefix"" : ""04"", ""called_number_in_public_format"" : false, ""flexible_called"" : null, ""flexible_calling"" : null, ""calling_number_in_public_format"" : false, ""full_prefix"" : ""042250316"", ""calling_format"" : ""E164"", ""called_cli_policy"" : ""SIPDA""}"
1721,0,3,20,2223522,1,"{""id"" : -1, ""equipment_id"" : 62328, ""site_id"" : 1721, ""rank"" : 0, ""load"" : 1, ""cdr_info"" : ""098993999"", ""called_prefix"" : ""04"", ""called_number_in_public_format"" : false, ""flexible_called"" : null, ""flexible_calling"" : null, ""calling_number_in_public_format"" : false, ""full_prefix"" : ""042223522"", ""calling_format"" : ""E164"", ""called_cli_policy"" : ""SIPDA""}"
1728,1,3,20,2250833,1,"{""id"" : -1, ""equipment_id"" : 53973, ""site_id"" : 1728, ""rank"" : 1, ""load"" : 1, ""cdr_info"" : ""098993991"", ""called_prefix"" : ""04"", ""called_number_in_public_format"" : true, ""flexible_called"" : null, ""flexible_calling"" : null, ""calling_number_in_public_format"" : true, ""full_prefix"" : ""042250833"", ""calling_format"" : ""E164"", ""called_cli_policy"" : ""SIPDA""}"
1728,0,3,20,2250834,1,"{""id"" : -1, ""equipment_id"" : 53974, ""site_id"" : 1728, ""rank"" : 0, ""load"" : 1, ""cdr_info"" : ""098993991"", ""called_prefix"" : ""04"", ""called_number_in_public_format"" : true, ""flexible_called"" : null, ""flexible_calling"" : null, ""calling_number_in_public_format"" : true, ""full_prefix"" : ""042250834"", ""calling_format"" : ""E164"", ""called_cli_policy"" : ""SIPDA""}"
1741,0,3,20,5104175,1,"{""id"" : -1, ""equipment_id"" : 807, ""site_id"" : 1741, ""rank"" : 0, ""load"" : 1, ""cdr_info"" : ""098993999"", ""called_prefix"" : ""09"", ""called_number_in_public_format"" : false, ""flexible_called"" : null, ""flexible_calling"" : null, ""calling_number_in_public_format"" : false, ""full_prefix"" : ""095104175"", ""calling_format"" : ""E164"", ""called_cli_policy"" : ""SIPDA""}"
1742,1,3,20,2363801,1,"{""id"" : -1, ""equipment_id"" : 177424, ""site_id"" : 1742, ""rank"" : 1, ""load"" : 1, ""cdr_info"" : ""098994977"", ""called_prefix"" : ""04"", ""called_number_in_public_format"" : true, ""flexible_called"" : null, ""flexible_calling"" : null, ""calling_number_in_public_format"" : true, ""full_prefix"" : ""042363801"", ""calling_format"" : ""E164"", ""called_cli_policy"" : ""SIPDA""}"
1742,0,3,20,2368800,1,"{""id"" : -1, ""equipment_id"" : 48815, ""site_id"" : 1742, ""rank"" : 0, ""load"" : 1, ""cdr_info"" : ""098994977"", ""called_prefix"" : ""04"", ""called_number_in_public_format"" : true, ""flexible_called"" : null, ""flexible_calling"" : null, ""calling_number_in_public_format"" : true, ""full_prefix"" : ""042368800"", ""calling_format"" : ""E164"", ""called_cli_policy"" : ""SIPDA""}"
1761,0,3,20,2360196,1,"{""id"" : -1, ""equipment_id"" : 49661, ""site_id"" : 1761, ""rank"" : 0, ""load"" : 1, ""cdr_info"" : ""098997026"", ""called_prefix"" : ""24"", ""called_number_in_public_format"" : true, ""flexible_called"" : null, ""flexible_calling"" : null, ""calling_number_in_public_format"" : true, ""full_prefix"" : ""242360196"", ""calling_format"" : ""E164"", ""called_cli_policy"" : ""SIPDA""}"
1761,0,3,20,2360199,1,"{""id"" : -1, ""equipment_id"" : 49662, ""site_id"" : 1761, ""rank"" : 0, ""load"" : 1, ""cdr_info"" : ""098997026"", ""called_prefix"" : ""24"", ""called_number_in_public_format"" : true, ""flexible_called"" : null, ""flexible_calling"" : null, ""calling_number_in_public_format"" : true, ""full_prefix"" : ""242360199"", ""calling_format"" : ""E164"", ""called_cli_policy"" : ""SIPDA""}"
1762,0,3,20,2400185,1,"{""id"" : -1, ""equipment_id"" : 62279, ""site_id"" : 1762, ""rank"" : 0, ""load"" : 1, ""cdr_info"" : ""098993610"", ""called_prefix"" : ""04"", ""called_number_in_public_format"" : true, ""flexible_called"" : null, ""flexible_calling"" : null, ""calling_number_in_public_format"" : false, ""full_prefix"" : ""042400185"", ""calling_format"" : ""E164"", ""called_cli_policy"" : ""SIPDA""}"
1763,0,3,20,2395105,1,"{""id"" : -1, ""equipment_id"" : 97341, ""site_id"" : 1763, ""rank"" : 0, ""load"" : 1, ""cdr_info"" : ""99886998"", ""called_prefix"" : ""04"", ""called_number_in_public_format"" : false, ""flexible_called"" : null, ""flexible_calling"" : null, ""calling_number_in_public_format"" : false, ""full_prefix"" : ""042395105"", ""calling_format"" : ""E164"", ""called_cli_policy"" : ""SIPDA""}"
1764,1,3,20,2250833,1,"{""id"" : -1, ""equipment_id"" : 53973, ""site_id"" : 1764, ""rank"" : 1, ""load"" : 1, ""cdr_info"" : ""098993991"", ""called_prefix"" : ""04"", ""called_number_in_public_format"" : true, ""flexible_called"" : null, ""flexible_calling"" : null, ""calling_number_in_public_format"" : true, ""full_prefix"" : ""042250833"", ""calling_format"" : ""E164"", ""called_cli_policy"" : ""SIPDA""}"
1764,0,3,20,2250834,1,"{""id"" : -1, ""equipment_id"" : 53974, ""site_id"" : 1764, ""rank"" : 0, ""load"" : 1, ""cdr_info"" : ""098993991"", ""called_prefix"" : ""04"", ""called_number_in_public_format"" : true, ""flexible_called"" : null, ""flexible_calling"" : null, ""calling_number_in_public_format"" : true, ""full_prefix"" : ""042250834"", ""calling_format"" : ""E164"", ""called_cli_policy"" : ""SIPDA""}"
1768,0,3,20,2385264,1,"{""id"" : -1, ""equipment_id"" : 5029, ""site_id"" : 1768, ""rank"" : 0, ""load"" : 1, ""cdr_info"" : ""098878788"", ""called_prefix"" : ""04"", ""called_number_in_public_format"" : false, ""flexible_called"" : null, ""flexible_calling"" : null, ""calling_number_in_public_format"" : false, ""full_prefix"" : ""042385264"", ""calling_format"" : ""E164"", ""called_cli_policy"" : ""SIPDA""}"
1770,0,3,20,2250833,1,"{""id"" : -1, ""equipment_id"" : 53973, ""site_id"" : 1770, ""rank"" : 0, ""load"" : 1, ""cdr_info"" : ""098993991"", ""called_prefix"" : ""04"", ""called_number_in_public_format"" : true, ""flexible_called"" : null, ""flexible_calling"" : null, ""calling_number_in_public_format"" : true, ""full_prefix"" : ""042250833"", ""calling_format"" : ""E164"", ""called_cli_policy"" : ""SIPDA""}"
1770,1,3,20,2250834,1,"{""id"" : -1, ""equipment_id"" : 53974, ""site_id"" : 1770, ""rank"" : 1, ""load"" : 1, ""cdr_info"" : ""098993991"", ""called_prefix"" : ""04"", ""called_number_in_public_format"" : true, ""flexible_called"" : null, ""flexible_calling"" : null, ""calling_number_in_public_format"" : true, ""full_prefix"" : ""042250834"", ""calling_format"" : ""E164"", ""called_cli_policy"" : ""SIPDA""}"
1772,1,3,20,2250833,1,"{""id"" : -1, ""equipment_id"" : 53973, ""site_id"" : 1772, ""rank"" : 1, ""load"" : 1, ""cdr_info"" : ""098993991"", ""called_prefix"" : ""04"", ""called_number_in_public_format"" : true, ""flexible_called"" : null, ""flexible_calling"" : null, ""calling_number_in_public_format"" : true, ""full_prefix"" : ""042250833"", ""calling_format"" : ""E164"", ""called_cli_policy"" : ""SIPDA""}"
1772,0,3,20,2250834,1,"{""id"" : -1, ""equipment_id"" : 53974, ""site_id"" : 1772, ""rank"" : 0, ""load"" : 1, ""cdr_info"" : ""098993991"", ""called_prefix"" : ""04"", ""called_number_in_public_format"" : true, ""flexible_called"" : null, ""flexible_calling"" : null, ""calling_number_in_public_format"" : true, ""full_prefix"" : ""042250834"", ""calling_format"" : ""E164"", ""called_cli_policy"" : ""SIPDA""}"
1774,0,3,20,2250833,1,"{""id"" : -1, ""equipment_id"" : 53973, ""site_id"" : 1774, ""rank"" : 0, ""load"" : 1, ""cdr_info"" : ""098993991"", ""called_prefix"" : ""04"", ""called_number_in_public_format"" : true, ""flexible_called"" : null, ""flexible_calling"" : null, ""calling_number_in_public_format"" : true, ""full_prefix"" : ""042250833"", ""calling_format"" : ""E164"", ""called_cli_policy"" : ""SIPDA""}"
1774,1,3,20,2250834,1,"{""id"" : -1, ""equipment_id"" : 53974, ""site_id"" : 1774, ""rank"" : 1, ""load"" : 1, ""cdr_info"" : ""098993991"", ""called_prefix"" : ""04"", ""called_number_in_public_format"" : true, ""flexible_called"" : null, ""flexible_calling"" : null, ""calling_number_in_public_format"" : true, ""full_prefix"" : ""042250834"", ""calling_format"" : ""E164"", ""called_cli_policy"" : ""SIPDA""}"
1775,0,3,20,2250833,1,"{""id"" : -1, ""equipment_id"" : 53973, ""site_id"" : 1775, ""rank"" : 0, ""load"" : 1, ""cdr_info"" : ""098993991"", ""called_prefix"" : ""04"", ""called_number_in_public_format"" : true, ""flexible_called"" : null, ""flexible_calling"" : null, ""calling_number_in_public_format"" : true, ""full_prefix"" : ""042250833"", ""calling_format"" : ""E164"", ""called_cli_policy"" : ""SIPDA""}"
1775,1,3,20,2250834,1,"{""id"" : -1, ""equipment_id"" : 53974, ""site_id"" : 1775, ""rank"" : 1, ""load"" : 1, ""cdr_info"" : ""098993991"", ""called_prefix"" : ""04"", ""called_number_in_public_format"" : true, ""flexible_called"" : null, ""flexible_calling"" : null, ""calling_number_in_public_format"" : true, ""full_prefix"" : ""042250834"", ""calling_format"" : ""E164"", ""called_cli_policy"" : ""SIPDA""}"
1776,0,3,20,2250833,1,"{""id"" : -1, ""equipment_id"" : 53973, ""site_id"" : 1776, ""rank"" : 0, ""load"" : 1, ""cdr_info"" : ""098993991"", ""called_prefix"" : ""04"", ""called_number_in_public_format"" : true, ""flexible_called"" : null, ""flexible_calling"" : null, ""calling_number_in_public_format"" : true, ""full_prefix"" : ""042250833"", ""calling_format"" : ""E164"", ""called_cli_policy"" : ""SIPDA""}"
1776,1,3,20,2250834,1,"{""id"" : -1, ""equipment_id"" : 53974, ""site_id"" : 1776, ""rank"" : 1, ""load"" : 1, ""cdr_info"" : ""098993991"", ""called_prefix"" : ""04"", ""called_number_in_public_format"" : true, ""flexible_called"" : null, ""flexible_calling"" : null, ""calling_number_in_public_format"" : true, ""full_prefix"" : ""042250834"", ""calling_format"" : ""E164"", ""called_cli_policy"" : ""SIPDA""}"
1779,0,3,20,2250833,1,"{""id"" : -1, ""equipment_id"" : 53973, ""site_id"" : 1779, ""rank"" : 0, ""load"" : 1, ""cdr_info"" : ""098993991"", ""called_prefix"" : ""04"", ""called_number_in_public_format"" : true, ""flexible_called"" : null, ""flexible_calling"" : null, ""calling_number_in_public_format"" : true, ""full_prefix"" : ""042250833"", ""calling_format"" : ""E164"", ""called_cli_policy"" : ""SIPDA""}"
1779,1,3,20,2250834,1,"{""id"" : -1, ""equipment_id"" : 53974, ""site_id"" : 1779, ""rank"" : 1, ""load"" : 1, ""cdr_info"" : ""098993991"", ""called_prefix"" : ""04"", ""called_number_in_public_format"" : true, ""flexible_called"" : null, ""flexible_calling"" : null, ""calling_number_in_public_format"" : true, ""full_prefix"" : ""042250834"", ""calling_format"" : ""E164"", ""called_cli_policy"" : ""SIPDA""}"
1780,1,3,20,2250833,1,"{""id"" : -1, ""equipment_id"" : 53973, ""site_id"" : 1780, ""rank"" : 1, ""load"" : 1, ""cdr_info"" : ""098993991"", ""called_prefix"" : ""04"", ""called_number_in_public_format"" : true, ""flexible_called"" : null, ""flexible_calling"" : null, ""calling_number_in_public_format"" : true, ""full_prefix"" : ""042250833"", ""calling_format"" : ""E164"", ""called_cli_policy"" : ""SIPDA""}"
1780,0,3,20,2250834,1,"{""id"" : -1, ""equipment_id"" : 53974, ""site_id"" : 1780, ""rank"" : 0, ""load"" : 1, ""cdr_info"" : ""098993991"", ""called_prefix"" : ""04"", ""called_number_in_public_format"" : true, ""flexible_called"" : null, ""flexible_calling"" : null, ""calling_number_in_public_format"" : true, ""full_prefix"" : ""042250834"", ""calling_format"" : ""E164"", ""called_cli_policy"" : ""SIPDA""}"
1781,0,3,20,2360196,1,"{""id"" : -1, ""equipment_id"" : 49661, ""site_id"" : 1781, ""rank"" : 0, ""load"" : 1, ""cdr_info"" : ""098997026"", ""called_prefix"" : ""24"", ""called_number_in_public_format"" : true, ""flexible_called"" : null, ""flexible_calling"" : null, ""calling_number_in_public_format"" : true, ""full_prefix"" : ""242360196"", ""calling_format"" : ""E164"", ""called_cli_policy"" : ""SIPDA""}"
1781,0,3,20,2360199,1,"{""id"" : -1, ""equipment_id"" : 49662, ""site_id"" : 1781, ""rank"" : 0, ""load"" : 1, ""cdr_info"" : ""098997026"", ""called_prefix"" : ""24"", ""called_number_in_public_format"" : true, ""flexible_called"" : null, ""flexible_calling"" : null, ""calling_number_in_public_format"" : true, ""full_prefix"" : ""242360199"", ""calling_format"" : ""E164"", ""called_cli_policy"" : ""SIPDA""}"
1784,1,3,20,2250833,1,"{""id"" : -1, ""equipment_id"" : 53973, ""site_id"" : 1784, ""rank"" : 1, ""load"" : 1, ""cdr_info"" : ""098993991"", ""called_prefix"" : ""04"", ""called_number_in_public_format"" : true, ""flexible_called"" : null, ""flexible_calling"" : null, ""calling_number_in_public_format"" : true, ""full_prefix"" : ""042250833"", ""calling_format"" : ""E164"", ""called_cli_policy"" : ""SIPDA""}"
1784,0,3,20,2250834,1,"{""id"" : -1, ""equipment_id"" : 53974, ""site_id"" : 1784, ""rank"" : 0, ""load"" : 1, ""cdr_info"" : ""098993991"", ""called_prefix"" : ""04"", ""called_number_in_public_format"" : true, ""flexible_called"" : null, ""flexible_calling"" : null, ""calling_number_in_public_format"" : true, ""full_prefix"" : ""042250834"", ""calling_format"" : ""E164"", ""called_cli_policy"" : ""SIPDA""}"
1785,0,3,20,2250833,1,"{""id"" : -1, ""equipment_id"" : 53973, ""site_id"" : 1785, ""rank"" : 0, ""load"" : 1, ""cdr_info"" : ""098993991"", ""called_prefix"" : ""04"", ""called_number_in_public_format"" : true, ""flexible_called"" : null, ""flexible_calling"" : null, ""calling_number_in_public_format"" : true, ""full_prefix"" : ""042250833"", ""calling_format"" : ""E164"", ""called_cli_policy"" : ""SIPDA""}"
1785,1,3,20,2250834,1,"{""id"" : -1, ""equipment_id"" : 53974, ""site_id"" : 1785, ""rank"" : 1, ""load"" : 1, ""cdr_info"" : ""098993991"", ""called_prefix"" : ""04"", ""called_number_in_public_format"" : true, ""flexible_called"" : null, ""flexible_calling"" : null, ""calling_number_in_public_format"" : true, ""full_prefix"" : ""042250834"", ""calling_format"" : ""E164"", ""called_cli_policy"" : ""SIPDA""}"
1788,1,3,20,2250833,1,"{""id"" : -1, ""equipment_id"" : 53973, ""site_id"" : 1788, ""rank"" : 1, ""load"" : 1, ""cdr_info"" : ""098993991"", ""called_prefix"" : ""04"", ""called_number_in_public_format"" : true, ""flexible_called"" : null, ""flexible_calling"" : null, ""calling_number_in_public_format"" : true, ""full_prefix"" : ""042250833"", ""calling_format"" : ""E164"", ""called_cli_policy"" : ""SIPDA""}"
1788,0,3,20,2250834,1,"{""id"" : -1, ""equipment_id"" : 53974, ""site_id"" : 1788, ""rank"" : 0, ""load"" : 1, ""cdr_info"" : ""098993991"", ""called_prefix"" : ""04"", ""called_number_in_public_format"" : true, ""flexible_called"" : null, ""flexible_calling"" : null, ""calling_number_in_public_format"" : true, ""full_prefix"" : ""042250834"", ""calling_format"" : ""E164"", ""called_cli_policy"" : ""SIPDA""}"
1789,1,3,20,2250833,1,"{""id"" : -1, ""equipment_id"" : 53973, ""site_id"" : 1789, ""rank"" : 1, ""load"" : 1, ""cdr_info"" : ""098993991"", ""called_prefix"" : ""04"", ""called_number_in_public_format"" : true, ""flexible_called"" : null, ""flexible_calling"" : null, ""calling_number_in_public_format"" : true, ""full_prefix"" : ""042250833"", ""calling_format"" : ""E164"", ""called_cli_policy"" : ""SIPDA""}"
1789,0,3,20,2250834,1,"{""id"" : -1, ""equipment_id"" : 53974, ""site_id"" : 1789, ""rank"" : 0, ""load"" : 1, ""cdr_info"" : ""098993991"", ""called_prefix"" : ""04"", ""called_number_in_public_format"" : true, ""flexible_called"" : null, ""flexible_calling"" : null, ""calling_number_in_public_format"" : true, ""full_prefix"" : ""042250834"", ""calling_format"" : ""E164"", ""called_cli_policy"" : ""SIPDA""}"
1790,0,3,20,2250833,1,"{""id"" : -1, ""equipment_id"" : 53973, ""site_id"" : 1790, ""rank"" : 0, ""load"" : 1, ""cdr_info"" : ""098993991"", ""called_prefix"" : ""04"", ""called_number_in_public_format"" : true, ""flexible_called"" : null, ""flexible_calling"" : null, ""calling_number_in_public_format"" : true, ""full_prefix"" : ""042250833"", ""calling_format"" : ""E164"", ""called_cli_policy"" : ""SIPDA""}"
1790,1,3,20,2250834,1,"{""id"" : -1, ""equipment_id"" : 53974, ""site_id"" : 1790, ""rank"" : 1, ""load"" : 1, ""cdr_info"" : ""098993991"", ""called_prefix"" : ""04"", ""called_number_in_public_format"" : true, ""flexible_called"" : null, ""flexible_calling"" : null, ""calling_number_in_public_format"" : true, ""full_prefix"" : ""042250834"", ""calling_format"" : ""E164"", ""called_cli_policy"" : ""SIPDA""}"
1791,0,3,20,2250833,1,"{""id"" : -1, ""equipment_id"" : 53973, ""site_id"" : 1791, ""rank"" : 0, ""load"" : 1, ""cdr_info"" : ""098993991"", ""called_prefix"" : ""04"", ""called_number_in_public_format"" : true, ""flexible_called"" : null, ""flexible_calling"" : null, ""calling_number_in_public_format"" : true, ""full_prefix"" : ""042250833"", ""calling_format"" : ""E164"", ""called_cli_policy"" : ""SIPDA""}"
1791,1,3,20,2250834,1,"{""id"" : -1, ""equipment_id"" : 53974, ""site_id"" : 1791, ""rank"" : 1, ""load"" : 1, ""cdr_info"" : ""098993991"", ""called_prefix"" : ""04"", ""called_number_in_public_format"" : true, ""flexible_called"" : null, ""flexible_calling"" : null, ""calling_number_in_public_format"" : true, ""full_prefix"" : ""042250834"", ""calling_format"" : ""E164"", ""called_cli_policy"" : ""SIPDA""}"
1792,0,3,20,2250833,1,"{""id"" : -1, ""equipment_id"" : 53973, ""site_id"" : 1792, ""rank"" : 0, ""load"" : 1, ""cdr_info"" : ""098993991"", ""called_prefix"" : ""04"", ""called_number_in_public_format"" : true, ""flexible_called"" : null, ""flexible_calling"" : null, ""calling_number_in_public_format"" : true, ""full_prefix"" : ""042250833"", ""calling_format"" : ""E164"", ""called_cli_policy"" : ""SIPDA""}"
1792,1,3,20,2250834,1,"{""id"" : -1, ""equipment_id"" : 53974, ""site_id"" : 1792, ""rank"" : 1, ""load"" : 1, ""cdr_info"" : ""098993991"", ""called_prefix"" : ""04"", ""called_number_in_public_format"" : true, ""flexible_called"" : null, ""flexible_calling"" : null, ""calling_number_in_public_format"" : true, ""full_prefix"" : ""042250834"", ""calling_format"" : ""E164"", ""called_cli_policy"" : ""SIPDA""}"
1798,0,3,20,2250833,1,"{""id"" : -1, ""equipment_id"" : 53973, ""site_id"" : 1798, ""rank"" : 0, ""load"" : 1, ""cdr_info"" : ""098993991"", ""called_prefix"" : ""04"", ""called_number_in_public_format"" : true, ""flexible_called"" : null, ""flexible_calling"" : null, ""calling_number_in_public_format"" : true, ""full_prefix"" : ""042250833"", ""calling_format"" : ""E164"", ""called_cli_policy"" : ""SIPDA""}"
1798,1,3,20,2250834,1,"{""id"" : -1, ""equipment_id"" : 53974, ""site_id"" : 1798, ""rank"" : 1, ""load"" : 1, ""cdr_info"" : ""098993991"", ""called_prefix"" : ""04"", ""called_number_in_public_format"" : true, ""flexible_called"" : null, ""flexible_calling"" : null, ""calling_number_in_public_format"" : true, ""full_prefix"" : ""042250834"", ""calling_format"" : ""E164"", ""called_cli_policy"" : ""SIPDA""}"
1800,1,3,20,2385166,1,"{""id"" : -1, ""equipment_id"" : 70356, ""site_id"" : 1800, ""rank"" : 1, ""load"" : 1, ""cdr_info"" : ""098994898"", ""called_prefix"" : ""04"", ""called_number_in_public_format"" : false, ""flexible_called"" : null, ""flexible_calling"" : null, ""calling_number_in_public_format"" : false, ""full_prefix"" : ""042385166"", ""calling_format"" : ""E164"", ""called_cli_policy"" : ""SIPDA""}"
1800,4,3,20,2385470,1,"{""id"" : -1, ""equipment_id"" : 131861, ""site_id"" : 1800, ""rank"" : 4, ""load"" : 1, ""cdr_info"" : ""933333333333"", ""called_prefix"" : ""04"", ""called_number_in_public_format"" : false, ""flexible_called"" : null, ""flexible_calling"" : null, ""calling_number_in_public_format"" : false, ""full_prefix"" : ""042385470"", ""calling_format"" : ""E164"", ""called_cli_policy"" : ""SIPDA""}"
1800,2,3,20,2390082,1,"{""id"" : -1, ""equipment_id"" : 70357, ""site_id"" : 1800, ""rank"" : 2, ""load"" : 1, ""cdr_info"" : ""098994898"", ""called_prefix"" : ""04"", ""called_number_in_public_format"" : false, ""flexible_called"" : null, ""flexible_calling"" : null, ""calling_number_in_public_format"" : false, ""full_prefix"" : ""042390082"", ""calling_format"" : ""E164"", ""called_cli_policy"" : ""SIPDA""}"
1800,0,3,20,8940012,1,"{""id"" : -1, ""equipment_id"" : 69174, ""site_id"" : 1800, ""rank"" : 0, ""load"" : 1, ""cdr_info"" : ""098994898"", ""called_prefix"" : ""09"", ""called_number_in_public_format"" : true, ""flexible_called"" : null, ""flexible_calling"" : null, ""calling_number_in_public_format"" : true, ""full_prefix"" : ""098940012"", ""calling_format"" : ""E164"", ""called_cli_policy"" : ""SIPDA""}"
1800,3,3,20,8944012,1,"{""id"" : -1, ""equipment_id"" : 69172, ""site_id"" : 1800, ""rank"" : 3, ""load"" : 1, ""cdr_info"" : ""098994898"", ""called_prefix"" : ""09"", ""called_number_in_public_format"" : true, ""flexible_called"" : null, ""flexible_calling"" : null, ""calling_number_in_public_format"" : true, ""full_prefix"" : ""098944012"", ""calling_format"" : ""E164"", ""called_cli_policy"" : ""SIPDA""}"
1801,0,3,20,8860192,1,"{""id"" : -1, ""equipment_id"" : 73833, ""site_id"" : 1801, ""rank"" : 0, ""load"" : 1, ""cdr_info"" : ""098997352"", ""called_prefix"" : ""09"", ""called_number_in_public_format"" : true, ""flexible_called"" : null, ""flexible_calling"" : null, ""calling_number_in_public_format"" : true, ""full_prefix"" : ""098860192"", ""calling_format"" : ""E164"", ""called_cli_policy"" : ""SIPDA""}"
1813,0,3,20,2400185,1,"{""id"" : -1, ""equipment_id"" : 62279, ""site_id"" : 1813, ""rank"" : 0, ""load"" : 1, ""cdr_info"" : ""098993610"", ""called_prefix"" : ""04"", ""called_number_in_public_format"" : true, ""flexible_called"" : null, ""flexible_calling"" : null, ""calling_number_in_public_format"" : false, ""full_prefix"" : ""042400185"", ""calling_format"" : ""E164"", ""called_cli_policy"" : ""SIPDA""}"
1816,0,3,20,2250833,1,"{""id"" : -1, ""equipment_id"" : 53973, ""site_id"" : 1816, ""rank"" : 0, ""load"" : 1, ""cdr_info"" : ""098993991"", ""called_prefix"" : ""04"", ""called_number_in_public_format"" : true, ""flexible_called"" : null, ""flexible_calling"" : null, ""calling_number_in_public_format"" : true, ""full_prefix"" : ""042250833"", ""calling_format"" : ""E164"", ""called_cli_policy"" : ""SIPDA""}"
1816,1,3,20,2250834,1,"{""id"" : -1, ""equipment_id"" : 53974, ""site_id"" : 1816, ""rank"" : 1, ""load"" : 1, ""cdr_info"" : ""098993991"", ""called_prefix"" : ""04"", ""called_number_in_public_format"" : true, ""flexible_called"" : null, ""flexible_calling"" : null, ""calling_number_in_public_format"" : true, ""full_prefix"" : ""042250834"", ""calling_format"" : ""E164"", ""called_cli_policy"" : ""SIPDA""}"
1818,1,3,20,2250833,1,"{""id"" : -1, ""equipment_id"" : 53973, ""site_id"" : 1818, ""rank"" : 1, ""load"" : 1, ""cdr_info"" : ""098993991"", ""called_prefix"" : ""04"", ""called_number_in_public_format"" : true, ""flexible_called"" : null, ""flexible_calling"" : null, ""calling_number_in_public_format"" : true, ""full_prefix"" : ""042250833"", ""calling_format"" : ""E164"", ""called_cli_policy"" : ""SIPDA""}"
1818,0,3,20,2250834,1,"{""id"" : -1, ""equipment_id"" : 53974, ""site_id"" : 1818, ""rank"" : 0, ""load"" : 1, ""cdr_info"" : ""098993991"", ""called_prefix"" : ""04"", ""called_number_in_public_format"" : true, ""flexible_called"" : null, ""flexible_calling"" : null, ""calling_number_in_public_format"" : true, ""full_prefix"" : ""042250834"", ""calling_format"" : ""E164"", ""called_cli_policy"" : ""SIPDA""}"
1820,0,3,20,2250833,1,"{""id"" : -1, ""equipment_id"" : 53973, ""site_id"" : 1820, ""rank"" : 0, ""load"" : 1, ""cdr_info"" : ""098993991"", ""called_prefix"" : ""04"", ""called_number_in_public_format"" : true, ""flexible_called"" : null, ""flexible_calling"" : null, ""calling_number_in_public_format"" : true, ""full_prefix"" : ""042250833"", ""calling_format"" : ""E164"", ""called_cli_policy"" : ""SIPDA""}"
1820,1,3,20,2250834,1,"{""id"" : -1, ""equipment_id"" : 53974, ""site_id"" : 1820, ""rank"" : 1, ""load"" : 1, ""cdr_info"" : ""098993991"", ""called_prefix"" : ""04"", ""called_number_in_public_format"" : true, ""flexible_called"" : null, ""flexible_calling"" : null, ""calling_number_in_public_format"" : true, ""full_prefix"" : ""042250834"", ""calling_format"" : ""E164"", ""called_cli_policy"" : ""SIPDA""}"
1829,1,3,20,2250833,1,"{""id"" : -1, ""equipment_id"" : 53973, ""site_id"" : 1829, ""rank"" : 1, ""load"" : 1, ""cdr_info"" : ""098993991"", ""called_prefix"" : ""04"", ""called_number_in_public_format"" : true, ""flexible_called"" : null, ""flexible_calling"" : null, ""calling_number_in_public_format"" : true, ""full_prefix"" : ""042250833"", ""calling_format"" : ""E164"", ""called_cli_policy"" : ""SIPDA""}"
1829,0,3,20,2250834,1,"{""id"" : -1, ""equipment_id"" : 53974, ""site_id"" : 1829, ""rank"" : 0, ""load"" : 1, ""cdr_info"" : ""098993991"", ""called_prefix"" : ""04"", ""called_number_in_public_format"" : true, ""flexible_called"" : null, ""flexible_calling"" : null, ""calling_number_in_public_format"" : true, ""full_prefix"" : ""042250834"", ""calling_format"" : ""E164"", ""called_cli_policy"" : ""SIPDA""}"
1830,0,3,20,2385347,1,"{""id"" : -1, ""equipment_id"" : 118381, ""site_id"" : 1830, ""rank"" : 0, ""load"" : 1, ""cdr_info"" : ""098993861"", ""called_prefix"" : ""04"", ""called_number_in_public_format"" : true, ""flexible_called"" : null, ""flexible_calling"" : null, ""calling_number_in_public_format"" : false, ""full_prefix"" : ""042385347"", ""calling_format"" : ""E164"", ""called_cli_policy"" : ""SIPDA""}"
1831,1,3,20,2250833,1,"{""id"" : -1, ""equipment_id"" : 53973, ""site_id"" : 1831, ""rank"" : 1, ""load"" : 1, ""cdr_info"" : ""098993991"", ""called_prefix"" : ""04"", ""called_number_in_public_format"" : true, ""flexible_called"" : null, ""flexible_calling"" : null, ""calling_number_in_public_format"" : true, ""full_prefix"" : ""042250833"", ""calling_format"" : ""E164"", ""called_cli_policy"" : ""SIPDA""}"
1831,0,3,20,2250834,1,"{""id"" : -1, ""equipment_id"" : 53974, ""site_id"" : 1831, ""rank"" : 0, ""load"" : 1, ""cdr_info"" : ""098993991"", ""called_prefix"" : ""04"", ""called_number_in_public_format"" : true, ""flexible_called"" : null, ""flexible_calling"" : null, ""calling_number_in_public_format"" : true, ""full_prefix"" : ""042250834"", ""calling_format"" : ""E164"", ""called_cli_policy"" : ""SIPDA""}"
1832,1,3,20,2250833,1,"{""id"" : -1, ""equipment_id"" : 53973, ""site_id"" : 1832, ""rank"" : 1, ""load"" : 1, ""cdr_info"" : ""098993991"", ""called_prefix"" : ""04"", ""called_number_in_public_format"" : true, ""flexible_called"" : null, ""flexible_calling"" : null, ""calling_number_in_public_format"" : true, ""full_prefix"" : ""042250833"", ""calling_format"" : ""E164"", ""called_cli_policy"" : ""SIPDA""}"
1832,0,3,20,2250834,1,"{""id"" : -1, ""equipment_id"" : 53974, ""site_id"" : 1832, ""rank"" : 0, ""load"" : 1, ""cdr_info"" : ""098993991"", ""called_prefix"" : ""04"", ""called_number_in_public_format"" : true, ""flexible_called"" : null, ""flexible_calling"" : null, ""calling_number_in_public_format"" : true, ""full_prefix"" : ""042250834"", ""calling_format"" : ""E164"", ""called_cli_policy"" : ""SIPDA""}"
1841,0,3,20,2360196,1,"{""id"" : -1, ""equipment_id"" : 49661, ""site_id"" : 1841, ""rank"" : 0, ""load"" : 1, ""cdr_info"" : ""098997026"", ""called_prefix"" : ""24"", ""called_number_in_public_format"" : true, ""flexible_called"" : null, ""flexible_calling"" : null, ""calling_number_in_public_format"" : true, ""full_prefix"" : ""242360196"", ""calling_format"" : ""E164"", ""called_cli_policy"" : ""SIPDA""}"
1841,0,3,20,2360199,1,"{""id"" : -1, ""equipment_id"" : 49662, ""site_id"" : 1841, ""rank"" : 0, ""load"" : 1, ""cdr_info"" : ""098997026"", ""called_prefix"" : ""24"", ""called_number_in_public_format"" : true, ""flexible_called"" : null, ""flexible_calling"" : null, ""calling_number_in_public_format"" : true, ""full_prefix"" : ""242360199"", ""calling_format"" : ""E164"", ""called_cli_policy"" : ""SIPDA""}"
1844,1,3,20,2385470,1,"{""id"" : -1, ""equipment_id"" : 131861, ""site_id"" : 1844, ""rank"" : 1, ""load"" : 1, ""cdr_info"" : ""933333333333"", ""called_prefix"" : ""04"", ""called_number_in_public_format"" : false, ""flexible_called"" : null, ""flexible_calling"" : null, ""calling_number_in_public_format"" : false, ""full_prefix"" : ""042385470"", ""calling_format"" : ""E164"", ""called_cli_policy"" : ""SIPDA""}"
1844,0,3,20,8940012,1,"{""id"" : -1, ""equipment_id"" : 69174, ""site_id"" : 1844, ""rank"" : 0, ""load"" : 1, ""cdr_info"" : ""098994898"", ""called_prefix"" : ""09"", ""called_number_in_public_format"" : true, ""flexible_called"" : null, ""flexible_calling"" : null, ""calling_number_in_public_format"" : true, ""full_prefix"" : ""098940012"", ""calling_format"" : ""E164"", ""called_cli_policy"" : ""SIPDA""}"
1852,0,3,20,2250833,1,"{""id"" : -1, ""equipment_id"" : 53973, ""site_id"" : 1852, ""rank"" : 0, ""load"" : 1, ""cdr_info"" : ""098993991"", ""called_prefix"" : ""04"", ""called_number_in_public_format"" : true, ""flexible_called"" : null, ""flexible_calling"" : null, ""calling_number_in_public_format"" : true, ""full_prefix"" : ""042250833"", ""calling_format"" : ""E164"", ""called_cli_policy"" : ""SIPDA""}"
1852,1,3,20,2250834,1,"{""id"" : -1, ""equipment_id"" : 53974, ""site_id"" : 1852, ""rank"" : 1, ""load"" : 1, ""cdr_info"" : ""098993991"", ""called_prefix"" : ""04"", ""called_number_in_public_format"" : true, ""flexible_called"" : null, ""flexible_calling"" : null, ""calling_number_in_public_format"" : true, ""full_prefix"" : ""042250834"", ""calling_format"" : ""E164"", ""called_cli_policy"" : ""SIPDA""}"
1854,,,20,2385347,1,"{""id"" : -1, ""equipment_id"" : 118381, ""site_id"" : 1854, ""rank"" : null, ""load"" : 0, ""cdr_info"" : ""098993861"", ""called_prefix"" : ""04"", ""called_number_in_public_format"" : false, ""flexible_called"" : null, ""flexible_calling"" : null, ""calling_number_in_public_format"" : false, ""full_prefix"" : ""042385347"", ""calling_format"" : ""E164"", ""called_cli_policy"" : ""SIPDA""}"
1855,,,20,2385347,1,"{""id"" : -1, ""equipment_id"" : 118381, ""site_id"" : 1855, ""rank"" : null, ""load"" : 0, ""cdr_info"" : ""098993861"", ""called_prefix"" : ""04"", ""called_number_in_public_format"" : false, ""flexible_called"" : null, ""flexible_calling"" : null, ""calling_number_in_public_format"" : false, ""full_prefix"" : ""042385347"", ""calling_format"" : ""E164"", ""called_cli_policy"" : ""SIPDA""}"
1901,0,3,20,2214469,1,"{""id"" : -1, ""equipment_id"" : 861, ""site_id"" : 1901, ""rank"" : 0, ""load"" : 1, ""cdr_info"" : ""098993999"", ""called_prefix"" : ""04"", ""called_number_in_public_format"" : false, ""flexible_called"" : null, ""flexible_calling"" : null, ""calling_number_in_public_format"" : false, ""full_prefix"" : ""042214469"", ""calling_format"" : ""E164"", ""called_cli_policy"" : ""SIPDA""}"
1921,0,3,20,2250833,1,"{""id"" : -1, ""equipment_id"" : 53973, ""site_id"" : 1921, ""rank"" : 0, ""load"" : 1, ""cdr_info"" : ""098993991"", ""called_prefix"" : ""04"", ""called_number_in_public_format"" : true, ""flexible_called"" : null, ""flexible_calling"" : null, ""calling_number_in_public_format"" : true, ""full_prefix"" : ""042250833"", ""calling_format"" : ""E164"", ""called_cli_policy"" : ""SIPDA""}"
1921,1,3,20,2250834,1,"{""id"" : -1, ""equipment_id"" : 53974, ""site_id"" : 1921, ""rank"" : 1, ""load"" : 1, ""cdr_info"" : ""098993991"", ""called_prefix"" : ""04"", ""called_number_in_public_format"" : true, ""flexible_called"" : null, ""flexible_calling"" : null, ""calling_number_in_public_format"" : true, ""full_prefix"" : ""042250834"", ""calling_format"" : ""E164"", ""called_cli_policy"" : ""SIPDA""}"
1923,0,3,20,5105003,1,"{""id"" : -1, ""equipment_id"" : 68107, ""site_id"" : 1923, ""rank"" : 0, ""load"" : 1, ""cdr_info"" : ""098993999"", ""called_prefix"" : ""09"", ""called_number_in_public_format"" : false, ""flexible_called"" : null, ""flexible_calling"" : null, ""calling_number_in_public_format"" : false, ""full_prefix"" : ""095105003"", ""calling_format"" : ""E164"", ""called_cli_policy"" : ""SIPDA""}"
1924,0,3,20,2214469,1,"{""id"" : -1, ""equipment_id"" : 861, ""site_id"" : 1924, ""rank"" : 0, ""load"" : 1, ""cdr_info"" : ""098993999"", ""called_prefix"" : ""04"", ""called_number_in_public_format"" : false, ""flexible_called"" : null, ""flexible_calling"" : null, ""calling_number_in_public_format"" : false, ""full_prefix"" : ""042214469"", ""calling_format"" : ""E164"", ""called_cli_policy"" : ""SIPDA""}"
1940,0,3,20,2250833,1,"{""id"" : -1, ""equipment_id"" : 53973, ""site_id"" : 1940, ""rank"" : 0, ""load"" : 1, ""cdr_info"" : ""098993991"", ""called_prefix"" : ""04"", ""called_number_in_public_format"" : true, ""flexible_called"" : null, ""flexible_calling"" : null, ""calling_number_in_public_format"" : true, ""full_prefix"" : ""042250833"", ""calling_format"" : ""E164"", ""called_cli_policy"" : ""SIPDA""}"
1940,1,3,20,2250834,1,"{""id"" : -1, ""equipment_id"" : 53974, ""site_id"" : 1940, ""rank"" : 1, ""load"" : 1, ""cdr_info"" : ""098993991"", ""called_prefix"" : ""04"", ""called_number_in_public_format"" : true, ""flexible_called"" : null, ""flexible_calling"" : null, ""calling_number_in_public_format"" : true, ""full_prefix"" : ""042250834"", ""calling_format"" : ""E164"", ""called_cli_policy"" : ""SIPDA""}"
1941,0,3,20,2214469,1,"{""id"" : -1, ""equipment_id"" : 861, ""site_id"" : 1941, ""rank"" : 0, ""load"" : 1, ""cdr_info"" : ""098993999"", ""called_prefix"" : ""04"", ""called_number_in_public_format"" : false, ""flexible_called"" : null, ""flexible_calling"" : null, ""calling_number_in_public_format"" : false, ""full_prefix"" : ""042214469"", ""calling_format"" : ""E164"", ""called_cli_policy"" : ""SIPDA""}"
1943,0,3,20,2250833,1,"{""id"" : -1, ""equipment_id"" : 53973, ""site_id"" : 1943, ""rank"" : 0, ""load"" : 1, ""cdr_info"" : ""098993991"", ""called_prefix"" : ""04"", ""called_number_in_public_format"" : true, ""flexible_called"" : null, ""flexible_calling"" : null, ""calling_number_in_public_format"" : true, ""full_prefix"" : ""042250833"", ""calling_format"" : ""E164"", ""called_cli_policy"" : ""SIPDA""}"
1943,1,3,20,2250834,1,"{""id"" : -1, ""equipment_id"" : 53974, ""site_id"" : 1943, ""rank"" : 1, ""load"" : 1, ""cdr_info"" : ""098993991"", ""called_prefix"" : ""04"", ""called_number_in_public_format"" : true, ""flexible_called"" : null, ""flexible_calling"" : null, ""calling_number_in_public_format"" : true, ""full_prefix"" : ""042250834"", ""calling_format"" : ""E164"", ""called_cli_policy"" : ""SIPDA""}"
1944,0,3,20,2214469,1,"{""id"" : -1, ""equipment_id"" : 861, ""site_id"" : 1944, ""rank"" : 0, ""load"" : 1, ""cdr_info"" : ""098993999"", ""called_prefix"" : ""04"", ""called_number_in_public_format"" : false, ""flexible_called"" : null, ""flexible_calling"" : null, ""calling_number_in_public_format"" : false, ""full_prefix"" : ""042214469"", ""calling_format"" : ""E164"", ""called_cli_policy"" : ""SIPDA""}"
1961,0,3,20,2214469,1,"{""id"" : -1, ""equipment_id"" : 861, ""site_id"" : 1961, ""rank"" : 0, ""load"" : 1, ""cdr_info"" : ""098993999"", ""called_prefix"" : ""04"", ""called_number_in_public_format"" : false, ""flexible_called"" : null, ""flexible_calling"" : null, ""calling_number_in_public_format"" : false, ""full_prefix"" : ""042214469"", ""calling_format"" : ""E164"", ""called_cli_policy"" : ""SIPDA""}"
1979,0,3,20,2315369,1,"{""id"" : -1, ""equipment_id"" : 83442, ""site_id"" : 1979, ""rank"" : 0, ""load"" : 1, ""cdr_info"" : ""098993999"", ""called_prefix"" : ""04"", ""called_number_in_public_format"" : false, ""flexible_called"" : null, ""flexible_calling"" : null, ""calling_number_in_public_format"" : false, ""full_prefix"" : ""042315369"", ""calling_format"" : ""E164"", ""called_cli_policy"" : ""SIPDA""}"
1981,0,3,20,2214469,1,"{""id"" : -1, ""equipment_id"" : 861, ""site_id"" : 1981, ""rank"" : 0, ""load"" : 1, ""cdr_info"" : ""098993999"", ""called_prefix"" : ""04"", ""called_number_in_public_format"" : false, ""flexible_called"" : null, ""flexible_calling"" : null, ""calling_number_in_public_format"" : false, ""full_prefix"" : ""042214469"", ""calling_format"" : ""E164"", ""called_cli_policy"" : ""SIPDA""}"
1994,0,3,20,2250833,1,"{""id"" : -1, ""equipment_id"" : 53973, ""site_id"" : 1994, ""rank"" : 0, ""load"" : 1, ""cdr_info"" : ""098993991"", ""called_prefix"" : ""04"", ""called_number_in_public_format"" : true, ""flexible_called"" : null, ""flexible_calling"" : null, ""calling_number_in_public_format"" : true, ""full_prefix"" : ""042250833"", ""calling_format"" : ""E164"", ""called_cli_policy"" : ""SIPDA""}"
1994,1,3,20,2250834,1,"{""id"" : -1, ""equipment_id"" : 53974, ""site_id"" : 1994, ""rank"" : 1, ""load"" : 1, ""cdr_info"" : ""098993991"", ""called_prefix"" : ""04"", ""called_number_in_public_format"" : true, ""flexible_called"" : null, ""flexible_calling"" : null, ""calling_number_in_public_format"" : true, ""full_prefix"" : ""042250834"", ""calling_format"" : ""E164"", ""called_cli_policy"" : ""SIPDA""}"
2001,0,3,20,2214469,1,"{""id"" : -1, ""equipment_id"" : 861, ""site_id"" : 2001, ""rank"" : 0, ""load"" : 1, ""cdr_info"" : ""098993999"", ""called_prefix"" : ""04"", ""called_number_in_public_format"" : false, ""flexible_called"" : null, ""flexible_calling"" : null, ""calling_number_in_public_format"" : false, ""full_prefix"" : ""042214469"", ""calling_format"" : ""E164"", ""called_cli_policy"" : ""SIPDA""}"
2002,0,3,20,2214469,1,"{""id"" : -1, ""equipment_id"" : 861, ""site_id"" : 2002, ""rank"" : 0, ""load"" : 1, ""cdr_info"" : ""098993999"", ""called_prefix"" : ""04"", ""called_number_in_public_format"" : false, ""flexible_called"" : null, ""flexible_calling"" : null, ""calling_number_in_public_format"" : false, ""full_prefix"" : ""042214469"", ""calling_format"" : ""E164"", ""called_cli_policy"" : ""SIPDA""}"
2040,1,3,20,2250833,1,"{""id"" : -1, ""equipment_id"" : 53973, ""site_id"" : 2040, ""rank"" : 1, ""load"" : 1, ""cdr_info"" : ""098993991"", ""called_prefix"" : ""04"", ""called_number_in_public_format"" : true, ""flexible_called"" : null, ""flexible_calling"" : null, ""calling_number_in_public_format"" : true, ""full_prefix"" : ""042250833"", ""calling_format"" : ""E164"", ""called_cli_policy"" : ""SIPDA""}"
2040,0,3,20,2250834,1,"{""id"" : -1, ""equipment_id"" : 53974, ""site_id"" : 2040, ""rank"" : 0, ""load"" : 1, ""cdr_info"" : ""098993991"", ""called_prefix"" : ""04"", ""called_number_in_public_format"" : true, ""flexible_called"" : null, ""flexible_calling"" : null, ""calling_number_in_public_format"" : true, ""full_prefix"" : ""042250834"", ""calling_format"" : ""E164"", ""called_cli_policy"" : ""SIPDA""}"
2041,0,3,20,2351617,1,"{""id"" : -1, ""equipment_id"" : 51926, ""site_id"" : 2041, ""rank"" : 0, ""load"" : 1, ""cdr_info"" : ""098993999"", ""called_prefix"" : ""04"", ""called_number_in_public_format"" : false, ""flexible_called"" : null, ""flexible_calling"" : null, ""calling_number_in_public_format"" : false, ""full_prefix"" : ""042351617"", ""calling_format"" : ""E164"", ""called_cli_policy"" : ""SIPDA""}"
2046,0,3,20,2250833,1,"{""id"" : -1, ""equipment_id"" : 53973, ""site_id"" : 2046, ""rank"" : 0, ""load"" : 1, ""cdr_info"" : ""098993991"", ""called_prefix"" : ""04"", ""called_number_in_public_format"" : true, ""flexible_called"" : null, ""flexible_calling"" : null, ""calling_number_in_public_format"" : true, ""full_prefix"" : ""042250833"", ""calling_format"" : ""E164"", ""called_cli_policy"" : ""SIPDA""}"
2046,1,3,20,2250834,1,"{""id"" : -1, ""equipment_id"" : 53974, ""site_id"" : 2046, ""rank"" : 1, ""load"" : 1, ""cdr_info"" : ""098993991"", ""called_prefix"" : ""04"", ""called_number_in_public_format"" : true, ""flexible_called"" : null, ""flexible_calling"" : null, ""calling_number_in_public_format"" : true, ""full_prefix"" : ""042250834"", ""calling_format"" : ""E164"", ""called_cli_policy"" : ""SIPDA""}"
2053,0,3,20,2250833,1,"{""id"" : -1, ""equipment_id"" : 53973, ""site_id"" : 2053, ""rank"" : 0, ""load"" : 1, ""cdr_info"" : ""098993991"", ""called_prefix"" : ""04"", ""called_number_in_public_format"" : true, ""flexible_called"" : null, ""flexible_calling"" : null, ""calling_number_in_public_format"" : true, ""full_prefix"" : ""042250833"", ""calling_format"" : ""E164"", ""called_cli_policy"" : ""SIPDA""}"
2053,1,3,20,2250834,1,"{""id"" : -1, ""equipment_id"" : 53974, ""site_id"" : 2053, ""rank"" : 1, ""load"" : 1, ""cdr_info"" : ""098993991"", ""called_prefix"" : ""04"", ""called_number_in_public_format"" : true, ""flexible_called"" : null, ""flexible_calling"" : null, ""calling_number_in_public_format"" : true, ""full_prefix"" : ""042250834"", ""calling_format"" : ""E164"", ""called_cli_policy"" : ""SIPDA""}"
2054,0,3,20,2250833,1,"{""id"" : -1, ""equipment_id"" : 53973, ""site_id"" : 2054, ""rank"" : 0, ""load"" : 1, ""cdr_info"" : ""098993991"", ""called_prefix"" : ""04"", ""called_number_in_public_format"" : true, ""flexible_called"" : null, ""flexible_calling"" : null, ""calling_number_in_public_format"" : true, ""full_prefix"" : ""042250833"", ""calling_format"" : ""E164"", ""called_cli_policy"" : ""SIPDA""}"
2054,1,3,20,2250834,1,"{""id"" : -1, ""equipment_id"" : 53974, ""site_id"" : 2054, ""rank"" : 1, ""load"" : 1, ""cdr_info"" : ""098993991"", ""called_prefix"" : ""04"", ""called_number_in_public_format"" : true, ""flexible_called"" : null, ""flexible_calling"" : null, ""calling_number_in_public_format"" : true, ""full_prefix"" : ""042250834"", ""calling_format"" : ""E164"", ""called_cli_policy"" : ""SIPDA""}"
2055,1,3,20,2250833,1,"{""id"" : -1, ""equipment_id"" : 53973, ""site_id"" : 2055, ""rank"" : 1, ""load"" : 1, ""cdr_info"" : ""098993991"", ""called_prefix"" : ""04"", ""called_number_in_public_format"" : true, ""flexible_called"" : null, ""flexible_calling"" : null, ""calling_number_in_public_format"" : true, ""full_prefix"" : ""042250833"", ""calling_format"" : ""E164"", ""called_cli_policy"" : ""SIPDA""}"
2055,0,3,20,2250834,1,"{""id"" : -1, ""equipment_id"" : 53974, ""site_id"" : 2055, ""rank"" : 0, ""load"" : 1, ""cdr_info"" : ""098993991"", ""called_prefix"" : ""04"", ""called_number_in_public_format"" : true, ""flexible_called"" : null, ""flexible_calling"" : null, ""calling_number_in_public_format"" : true, ""full_prefix"" : ""042250834"", ""calling_format"" : ""E164"", ""called_cli_policy"" : ""SIPDA""}"
2056,1,3,20,2250833,1,"{""id"" : -1, ""equipment_id"" : 53973, ""site_id"" : 2056, ""rank"" : 1, ""load"" : 1, ""cdr_info"" : ""098993991"", ""called_prefix"" : ""04"", ""called_number_in_public_format"" : true, ""flexible_called"" : null, ""flexible_calling"" : null, ""calling_number_in_public_format"" : true, ""full_prefix"" : ""042250833"", ""calling_format"" : ""E164"", ""called_cli_policy"" : ""SIPDA""}"
2056,0,3,20,2250834,1,"{""id"" : -1, ""equipment_id"" : 53974, ""site_id"" : 2056, ""rank"" : 0, ""load"" : 1, ""cdr_info"" : ""098993991"", ""called_prefix"" : ""04"", ""called_number_in_public_format"" : true, ""flexible_called"" : null, ""flexible_calling"" : null, ""calling_number_in_public_format"" : true, ""full_prefix"" : ""042250834"", ""calling_format"" : ""E164"", ""called_cli_policy"" : ""SIPDA""}"
2057,0,3,20,2250833,1,"{""id"" : -1, ""equipment_id"" : 53973, ""site_id"" : 2057, ""rank"" : 0, ""load"" : 1, ""cdr_info"" : ""098993991"", ""called_prefix"" : ""04"", ""called_number_in_public_format"" : true, ""flexible_called"" : null, ""flexible_calling"" : null, ""calling_number_in_public_format"" : true, ""full_prefix"" : ""042250833"", ""calling_format"" : ""E164"", ""called_cli_policy"" : ""SIPDA""}"
2057,1,3,20,2250834,1,"{""id"" : -1, ""equipment_id"" : 53974, ""site_id"" : 2057, ""rank"" : 1, ""load"" : 1, ""cdr_info"" : ""098993991"", ""called_prefix"" : ""04"", ""called_number_in_public_format"" : true, ""flexible_called"" : null, ""flexible_calling"" : null, ""calling_number_in_public_format"" : true, ""full_prefix"" : ""042250834"", ""calling_format"" : ""E164"", ""called_cli_policy"" : ""SIPDA""}"
2060,1,3,20,2250833,1,"{""id"" : -1, ""equipment_id"" : 53973, ""site_id"" : 2060, ""rank"" : 1, ""load"" : 1, ""cdr_info"" : ""098993991"", ""called_prefix"" : ""04"", ""called_number_in_public_format"" : true, ""flexible_called"" : null, ""flexible_calling"" : null, ""calling_number_in_public_format"" : true, ""full_prefix"" : ""042250833"", ""calling_format"" : ""E164"", ""called_cli_policy"" : ""SIPDA""}"
2060,0,3,20,2250834,1,"{""id"" : -1, ""equipment_id"" : 53974, ""site_id"" : 2060, ""rank"" : 0, ""load"" : 1, ""cdr_info"" : ""098993991"", ""called_prefix"" : ""04"", ""called_number_in_public_format"" : true, ""flexible_called"" : null, ""flexible_calling"" : null, ""calling_number_in_public_format"" : true, ""full_prefix"" : ""042250834"", ""calling_format"" : ""E164"", ""called_cli_policy"" : ""SIPDA""}"
2061,0,3,20,5105115,1,"{""id"" : -1, ""equipment_id"" : 73150, ""site_id"" : 2061, ""rank"" : 0, ""load"" : 1, ""cdr_info"" : ""098993999"", ""called_prefix"" : ""09"", ""called_number_in_public_format"" : false, ""flexible_called"" : null, ""flexible_calling"" : null, ""calling_number_in_public_format"" : false, ""full_prefix"" : ""095105115"", ""calling_format"" : ""E164"", ""called_cli_policy"" : ""SIPDA""}"
2069,0,3,20,2250833,1,"{""id"" : -1, ""equipment_id"" : 53973, ""site_id"" : 2069, ""rank"" : 0, ""load"" : 1, ""cdr_info"" : ""098993991"", ""called_prefix"" : ""04"", ""called_number_in_public_format"" : true, ""flexible_called"" : null, ""flexible_calling"" : null, ""calling_number_in_public_format"" : true, ""full_prefix"" : ""042250833"", ""calling_format"" : ""E164"", ""called_cli_policy"" : ""SIPDA""}"
2069,1,3,20,2250834,1,"{""id"" : -1, ""equipment_id"" : 53974, ""site_id"" : 2069, ""rank"" : 1, ""load"" : 1, ""cdr_info"" : ""098993991"", ""called_prefix"" : ""04"", ""called_number_in_public_format"" : true, ""flexible_called"" : null, ""flexible_calling"" : null, ""calling_number_in_public_format"" : true, ""full_prefix"" : ""042250834"", ""calling_format"" : ""E164"", ""called_cli_policy"" : ""SIPDA""}"
2070,1,3,20,2250833,1,"{""id"" : -1, ""equipment_id"" : 53973, ""site_id"" : 2070, ""rank"" : 1, ""load"" : 1, ""cdr_info"" : ""098993991"", ""called_prefix"" : ""04"", ""called_number_in_public_format"" : true, ""flexible_called"" : null, ""flexible_calling"" : null, ""calling_number_in_public_format"" : true, ""full_prefix"" : ""042250833"", ""calling_format"" : ""E164"", ""called_cli_policy"" : ""SIPDA""}"
2070,0,3,20,2250834,1,"{""id"" : -1, ""equipment_id"" : 53974, ""site_id"" : 2070, ""rank"" : 0, ""load"" : 1, ""cdr_info"" : ""098993991"", ""called_prefix"" : ""04"", ""called_number_in_public_format"" : true, ""flexible_called"" : null, ""flexible_calling"" : null, ""calling_number_in_public_format"" : true, ""full_prefix"" : ""042250834"", ""calling_format"" : ""E164"", ""called_cli_policy"" : ""SIPDA""}"
2079,0,3,20,2315461,1,"{""id"" : -1, ""equipment_id"" : 529, ""site_id"" : 2079, ""rank"" : 0, ""load"" : 1, ""cdr_info"" : ""098993999"", ""called_prefix"" : ""04"", ""called_number_in_public_format"" : false, ""flexible_called"" : null, ""flexible_calling"" : null, ""calling_number_in_public_format"" : false, ""full_prefix"" : ""042315461"", ""calling_format"" : ""FORMATTED"", ""called_cli_policy"" : ""SIPDA""}"
2080,0,3,20,2330130,1,"{""id"" : -1, ""equipment_id"" : 72003, ""site_id"" : 2080, ""rank"" : 0, ""load"" : 1, ""cdr_info"" : ""098993999"", ""called_prefix"" : ""04"", ""called_number_in_public_format"" : false, ""flexible_called"" : null, ""flexible_calling"" : null, ""calling_number_in_public_format"" : true, ""full_prefix"" : ""042330130"", ""calling_format"" : ""E164"", ""called_cli_policy"" : ""SIPDA""}"
2081,0,3,20,8860229,1,"{""id"" : -1, ""equipment_id"" : 74209, ""site_id"" : 2081, ""rank"" : 0, ""load"" : 1, ""cdr_info"" : ""098997352"", ""called_prefix"" : ""09"", ""called_number_in_public_format"" : true, ""flexible_called"" : null, ""flexible_calling"" : null, ""calling_number_in_public_format"" : true, ""full_prefix"" : ""098860229"", ""calling_format"" : ""E164"", ""called_cli_policy"" : ""SIPDA""}"
2083,0,3,20,2385693,1,"{""id"" : -1, ""equipment_id"" : 149725, ""site_id"" : 2083, ""rank"" : 0, ""load"" : 1, ""cdr_info"" : ""098994934"", ""called_prefix"" : ""04"", ""called_number_in_public_format"" : true, ""flexible_called"" : null, ""flexible_calling"" : null, ""calling_number_in_public_format"" : true, ""full_prefix"" : ""042385693"", ""calling_format"" : ""E164"", ""called_cli_policy"" : ""SIPDA""}"
2087,0,3,20,2330130,1,"{""id"" : -1, ""equipment_id"" : 72003, ""site_id"" : 2087, ""rank"" : 0, ""load"" : 1, ""cdr_info"" : ""098993999"", ""called_prefix"" : ""04"", ""called_number_in_public_format"" : false, ""flexible_called"" : null, ""flexible_calling"" : null, ""calling_number_in_public_format"" : true, ""full_prefix"" : ""042330130"", ""calling_format"" : ""E164"", ""called_cli_policy"" : ""SIPDA""}"
2088,0,3,20,2330130,1,"{""id"" : -1, ""equipment_id"" : 72003, ""site_id"" : 2088, ""rank"" : 0, ""load"" : 1, ""cdr_info"" : ""098993999"", ""called_prefix"" : ""04"", ""called_number_in_public_format"" : false, ""flexible_called"" : null, ""flexible_calling"" : null, ""calling_number_in_public_format"" : true, ""full_prefix"" : ""042330130"", ""calling_format"" : ""E164"", ""called_cli_policy"" : ""SIPDA""}"
2089,0,3,20,2330130,1,"{""id"" : -1, ""equipment_id"" : 72003, ""site_id"" : 2089, ""rank"" : 0, ""load"" : 1, ""cdr_info"" : ""098993999"", ""called_prefix"" : ""04"", ""called_number_in_public_format"" : false, ""flexible_called"" : null, ""flexible_calling"" : null, ""calling_number_in_public_format"" : true, ""full_prefix"" : ""042330130"", ""calling_format"" : ""E164"", ""called_cli_policy"" : ""SIPDA""}"
2090,0,3,20,2330130,1,"{""id"" : -1, ""equipment_id"" : 72003, ""site_id"" : 2090, ""rank"" : 0, ""load"" : 1, ""cdr_info"" : ""098993999"", ""called_prefix"" : ""04"", ""called_number_in_public_format"" : false, ""flexible_called"" : null, ""flexible_calling"" : null, ""calling_number_in_public_format"" : true, ""full_prefix"" : ""042330130"", ""calling_format"" : ""E164"", ""called_cli_policy"" : ""SIPDA""}"
2091,0,3,20,2330130,1,"{""id"" : -1, ""equipment_id"" : 72003, ""site_id"" : 2091, ""rank"" : 0, ""load"" : 1, ""cdr_info"" : ""098993999"", ""called_prefix"" : ""04"", ""called_number_in_public_format"" : false, ""flexible_called"" : null, ""flexible_calling"" : null, ""calling_number_in_public_format"" : true, ""full_prefix"" : ""042330130"", ""calling_format"" : ""E164"", ""called_cli_policy"" : ""SIPDA""}"
2092,0,3,20,2330130,1,"{""id"" : -1, ""equipment_id"" : 72003, ""site_id"" : 2092, ""rank"" : 0, ""load"" : 1, ""cdr_info"" : ""098993999"", ""called_prefix"" : ""04"", ""called_number_in_public_format"" : false, ""flexible_called"" : null, ""flexible_calling"" : null, ""calling_number_in_public_format"" : true, ""full_prefix"" : ""042330130"", ""calling_format"" : ""E164"", ""called_cli_policy"" : ""SIPDA""}"
2093,0,3,20,2330130,1,"{""id"" : -1, ""equipment_id"" : 72003, ""site_id"" : 2093, ""rank"" : 0, ""load"" : 1, ""cdr_info"" : ""098993999"", ""called_prefix"" : ""04"", ""called_number_in_public_format"" : false, ""flexible_called"" : null, ""flexible_calling"" : null, ""calling_number_in_public_format"" : true, ""full_prefix"" : ""042330130"", ""calling_format"" : ""E164"", ""called_cli_policy"" : ""SIPDA""}"
2094,1,3,20,2250833,1,"{""id"" : -1, ""equipment_id"" : 53973, ""site_id"" : 2094, ""rank"" : 1, ""load"" : 1, ""cdr_info"" : ""098993991"", ""called_prefix"" : ""04"", ""called_number_in_public_format"" : true, ""flexible_called"" : null, ""flexible_calling"" : null, ""calling_number_in_public_format"" : true, ""full_prefix"" : ""042250833"", ""calling_format"" : ""E164"", ""called_cli_policy"" : ""SIPDA""}"
2094,0,3,20,2250834,1,"{""id"" : -1, ""equipment_id"" : 53974, ""site_id"" : 2094, ""rank"" : 0, ""load"" : 1, ""cdr_info"" : ""098993991"", ""called_prefix"" : ""04"", ""called_number_in_public_format"" : true, ""flexible_called"" : null, ""flexible_calling"" : null, ""calling_number_in_public_format"" : true, ""full_prefix"" : ""042250834"", ""calling_format"" : ""E164"", ""called_cli_policy"" : ""SIPDA""}"
2096,0,3,20,2250833,1,"{""id"" : -1, ""equipment_id"" : 53973, ""site_id"" : 2096, ""rank"" : 0, ""load"" : 1, ""cdr_info"" : ""098993991"", ""called_prefix"" : ""04"", ""called_number_in_public_format"" : true, ""flexible_called"" : null, ""flexible_calling"" : null, ""calling_number_in_public_format"" : true, ""full_prefix"" : ""042250833"", ""calling_format"" : ""E164"", ""called_cli_policy"" : ""SIPDA""}"
2096,1,3,20,2250834,1,"{""id"" : -1, ""equipment_id"" : 53974, ""site_id"" : 2096, ""rank"" : 1, ""load"" : 1, ""cdr_info"" : ""098993991"", ""called_prefix"" : ""04"", ""called_number_in_public_format"" : true, ""flexible_called"" : null, ""flexible_calling"" : null, ""calling_number_in_public_format"" : true, ""full_prefix"" : ""042250834"", ""calling_format"" : ""E164"", ""called_cli_policy"" : ""SIPDA""}"
2097,1,3,20,2250833,1,"{""id"" : -1, ""equipment_id"" : 53973, ""site_id"" : 2097, ""rank"" : 1, ""load"" : 1, ""cdr_info"" : ""098993991"", ""called_prefix"" : ""04"", ""called_number_in_public_format"" : true, ""flexible_called"" : null, ""flexible_calling"" : null, ""calling_number_in_public_format"" : true, ""full_prefix"" : ""042250833"", ""calling_format"" : ""E164"", ""called_cli_policy"" : ""SIPDA""}"
2097,0,3,20,2250834,1,"{""id"" : -1, ""equipment_id"" : 53974, ""site_id"" : 2097, ""rank"" : 0, ""load"" : 1, ""cdr_info"" : ""098993991"", ""called_prefix"" : ""04"", ""called_number_in_public_format"" : true, ""flexible_called"" : null, ""flexible_calling"" : null, ""calling_number_in_public_format"" : true, ""full_prefix"" : ""042250834"", ""calling_format"" : ""E164"", ""called_cli_policy"" : ""SIPDA""}"
2099,1,3,20,2250833,1,"{""id"" : -1, ""equipment_id"" : 53973, ""site_id"" : 2099, ""rank"" : 1, ""load"" : 1, ""cdr_info"" : ""098993991"", ""called_prefix"" : ""04"", ""called_number_in_public_format"" : true, ""flexible_called"" : null, ""flexible_calling"" : null, ""calling_number_in_public_format"" : true, ""full_prefix"" : ""042250833"", ""calling_format"" : ""E164"", ""called_cli_policy"" : ""SIPDA""}"
2099,0,3,20,2250834,1,"{""id"" : -1, ""equipment_id"" : 53974, ""site_id"" : 2099, ""rank"" : 0, ""load"" : 1, ""cdr_info"" : ""098993991"", ""called_prefix"" : ""04"", ""called_number_in_public_format"" : true, ""flexible_called"" : null, ""flexible_calling"" : null, ""calling_number_in_public_format"" : true, ""full_prefix"" : ""042250834"", ""calling_format"" : ""E164"", ""called_cli_policy"" : ""SIPDA""}"
2100,1,3,20,2250833,1,"{""id"" : -1, ""equipment_id"" : 53973, ""site_id"" : 2100, ""rank"" : 1, ""load"" : 1, ""cdr_info"" : ""098993991"", ""called_prefix"" : ""04"", ""called_number_in_public_format"" : true, ""flexible_called"" : null, ""flexible_calling"" : null, ""calling_number_in_public_format"" : true, ""full_prefix"" : ""042250833"", ""calling_format"" : ""E164"", ""called_cli_policy"" : ""SIPDA""}"
2100,0,3,20,2250834,1,"{""id"" : -1, ""equipment_id"" : 53974, ""site_id"" : 2100, ""rank"" : 0, ""load"" : 1, ""cdr_info"" : ""098993991"", ""called_prefix"" : ""04"", ""called_number_in_public_format"" : true, ""flexible_called"" : null, ""flexible_calling"" : null, ""calling_number_in_public_format"" : true, ""full_prefix"" : ""042250834"", ""calling_format"" : ""E164"", ""called_cli_policy"" : ""SIPDA""}"
2101,0,3,20,2363878,1,"{""id"" : -1, ""equipment_id"" : 14982, ""site_id"" : 2101, ""rank"" : 0, ""load"" : 1, ""cdr_info"" : ""098997066"", ""called_prefix"" : ""04"", ""called_number_in_public_format"" : false, ""flexible_called"" : ""+31+PrivFulld"", ""flexible_calling"" : null, ""calling_number_in_public_format"" : true, ""full_prefix"" : ""042363878"", ""calling_format"" : ""E164"", ""called_cli_policy"" : ""SIPDA""}"
2105,0,3,20,2250833,1,"{""id"" : -1, ""equipment_id"" : 53973, ""site_id"" : 2105, ""rank"" : 0, ""load"" : 1, ""cdr_info"" : ""098993991"", ""called_prefix"" : ""04"", ""called_number_in_public_format"" : true, ""flexible_called"" : null, ""flexible_calling"" : null, ""calling_number_in_public_format"" : true, ""full_prefix"" : ""042250833"", ""calling_format"" : ""E164"", ""called_cli_policy"" : ""SIPDA""}"
2105,1,3,20,2250834,1,"{""id"" : -1, ""equipment_id"" : 53974, ""site_id"" : 2105, ""rank"" : 1, ""load"" : 1, ""cdr_info"" : ""098993991"", ""called_prefix"" : ""04"", ""called_number_in_public_format"" : true, ""flexible_called"" : null, ""flexible_calling"" : null, ""calling_number_in_public_format"" : true, ""full_prefix"" : ""042250834"", ""calling_format"" : ""E164"", ""called_cli_policy"" : ""SIPDA""}"
2107,1,3,20,2315056,1,"{""id"" : -1, ""equipment_id"" : 1242, ""site_id"" : 2107, ""rank"" : 1, ""load"" : 1, ""cdr_info"" : ""098993999"", ""called_prefix"" : ""04"", ""called_number_in_public_format"" : false, ""flexible_called"" : null, ""flexible_calling"" : null, ""calling_number_in_public_format"" : false, ""full_prefix"" : ""042315056"", ""calling_format"" : ""E164"", ""called_cli_policy"" : ""SIPDA""}"
2107,0,3,20,2315296,1,"{""id"" : -1, ""equipment_id"" : 48549, ""site_id"" : 2107, ""rank"" : 0, ""load"" : 1, ""cdr_info"" : ""098993999"", ""called_prefix"" : ""04"", ""called_number_in_public_format"" : false, ""flexible_called"" : null, ""flexible_calling"" : null, ""calling_number_in_public_format"" : false, ""full_prefix"" : ""042315296"", ""calling_format"" : ""E164"", ""called_cli_policy"" : ""SIPDA""}"
2114,0,3,20,2250833,1,"{""id"" : -1, ""equipment_id"" : 53973, ""site_id"" : 2114, ""rank"" : 0, ""load"" : 1, ""cdr_info"" : ""098993991"", ""called_prefix"" : ""04"", ""called_number_in_public_format"" : true, ""flexible_called"" : null, ""flexible_calling"" : null, ""calling_number_in_public_format"" : true, ""full_prefix"" : ""042250833"", ""calling_format"" : ""E164"", ""called_cli_policy"" : ""SIPDA""}"
2114,1,3,20,2250834,1,"{""id"" : -1, ""equipment_id"" : 53974, ""site_id"" : 2114, ""rank"" : 1, ""load"" : 1, ""cdr_info"" : ""098993991"", ""called_prefix"" : ""04"", ""called_number_in_public_format"" : true, ""flexible_called"" : null, ""flexible_calling"" : null, ""calling_number_in_public_format"" : true, ""full_prefix"" : ""042250834"", ""calling_format"" : ""E164"", ""called_cli_policy"" : ""SIPDA""}"
2116,1,3,20,2250833,1,"{""id"" : -1, ""equipment_id"" : 53973, ""site_id"" : 2116, ""rank"" : 1, ""load"" : 1, ""cdr_info"" : ""098993991"", ""called_prefix"" : ""04"", ""called_number_in_public_format"" : true, ""flexible_called"" : null, ""flexible_calling"" : null, ""calling_number_in_public_format"" : true, ""full_prefix"" : ""042250833"", ""calling_format"" : ""E164"", ""called_cli_policy"" : ""SIPDA""}"
2116,0,3,20,2250834,1,"{""id"" : -1, ""equipment_id"" : 53974, ""site_id"" : 2116, ""rank"" : 0, ""load"" : 1, ""cdr_info"" : ""098993991"", ""called_prefix"" : ""04"", ""called_number_in_public_format"" : true, ""flexible_called"" : null, ""flexible_calling"" : null, ""calling_number_in_public_format"" : true, ""full_prefix"" : ""042250834"", ""calling_format"" : ""E164"", ""called_cli_policy"" : ""SIPDA""}"
2117,1,3,20,2250833,1,"{""id"" : -1, ""equipment_id"" : 53973, ""site_id"" : 2117, ""rank"" : 1, ""load"" : 1, ""cdr_info"" : ""098993991"", ""called_prefix"" : ""04"", ""called_number_in_public_format"" : true, ""flexible_called"" : null, ""flexible_calling"" : null, ""calling_number_in_public_format"" : true, ""full_prefix"" : ""042250833"", ""calling_format"" : ""E164"", ""called_cli_policy"" : ""SIPDA""}"
2117,0,3,20,2250834,1,"{""id"" : -1, ""equipment_id"" : 53974, ""site_id"" : 2117, ""rank"" : 0, ""load"" : 1, ""cdr_info"" : ""098993991"", ""called_prefix"" : ""04"", ""called_number_in_public_format"" : true, ""flexible_called"" : null, ""flexible_calling"" : null, ""calling_number_in_public_format"" : true, ""full_prefix"" : ""042250834"", ""calling_format"" : ""E164"", ""called_cli_policy"" : ""SIPDA""}"
2118,1,3,20,2250833,1,"{""id"" : -1, ""equipment_id"" : 53973, ""site_id"" : 2118, ""rank"" : 1, ""load"" : 1, ""cdr_info"" : ""098993991"", ""called_prefix"" : ""04"", ""called_number_in_public_format"" : true, ""flexible_called"" : null, ""flexible_calling"" : null, ""calling_number_in_public_format"" : true, ""full_prefix"" : ""042250833"", ""calling_format"" : ""E164"", ""called_cli_policy"" : ""SIPDA""}"
2118,0,3,20,2250834,1,"{""id"" : -1, ""equipment_id"" : 53974, ""site_id"" : 2118, ""rank"" : 0, ""load"" : 1, ""cdr_info"" : ""098993991"", ""called_prefix"" : ""04"", ""called_number_in_public_format"" : true, ""flexible_called"" : null, ""flexible_calling"" : null, ""calling_number_in_public_format"" : true, ""full_prefix"" : ""042250834"", ""calling_format"" : ""E164"", ""called_cli_policy"" : ""SIPDA""}"
2119,0,3,20,2250833,1,"{""id"" : -1, ""equipment_id"" : 53973, ""site_id"" : 2119, ""rank"" : 0, ""load"" : 1, ""cdr_info"" : ""098993991"", ""called_prefix"" : ""04"", ""called_number_in_public_format"" : true, ""flexible_called"" : null, ""flexible_calling"" : null, ""calling_number_in_public_format"" : true, ""full_prefix"" : ""042250833"", ""calling_format"" : ""E164"", ""called_cli_policy"" : ""SIPDA""}"
2119,1,3,20,2250834,1,"{""id"" : -1, ""equipment_id"" : 53974, ""site_id"" : 2119, ""rank"" : 1, ""load"" : 1, ""cdr_info"" : ""098993991"", ""called_prefix"" : ""04"", ""called_number_in_public_format"" : true, ""flexible_called"" : null, ""flexible_calling"" : null, ""calling_number_in_public_format"" : true, ""full_prefix"" : ""042250834"", ""calling_format"" : ""E164"", ""called_cli_policy"" : ""SIPDA""}"
2120,0,3,20,2395144,1,"{""id"" : -1, ""equipment_id"" : 118401, ""site_id"" : 2120, ""rank"" : 0, ""load"" : 1, ""cdr_info"" : ""098993861"", ""called_prefix"" : ""04"", ""called_number_in_public_format"" : true, ""flexible_called"" : null, ""flexible_calling"" : null, ""calling_number_in_public_format"" : false, ""full_prefix"" : ""042395144"", ""calling_format"" : ""E164"", ""called_cli_policy"" : ""SIPDA""}"
2120,1,3,20,2395254,1,"{""id"" : -1, ""equipment_id"" : 143931, ""site_id"" : 2120, ""rank"" : 1, ""load"" : 1, ""cdr_info"" : ""098993861"", ""called_prefix"" : ""04"", ""called_number_in_public_format"" : false, ""flexible_called"" : null, ""flexible_calling"" : null, ""calling_number_in_public_format"" : false, ""full_prefix"" : ""042395254"", ""calling_format"" : ""E164"", ""called_cli_policy"" : ""SIPDA""}"
2121,0,3,20,2245150,1,"{""id"" : -1, ""equipment_id"" : 74090, ""site_id"" : 2121, ""rank"" : 0, ""load"" : 1, ""cdr_info"" : ""098993999"", ""called_prefix"" : ""04"", ""called_number_in_public_format"" : false, ""flexible_called"" : null, ""flexible_calling"" : null, ""calling_number_in_public_format"" : false, ""full_prefix"" : ""042245150"", ""calling_format"" : ""E164"", ""called_cli_policy"" : ""SIPDA""}"
2122,0,3,20,2395144,1,"{""id"" : -1, ""equipment_id"" : 118401, ""site_id"" : 2122, ""rank"" : 0, ""load"" : 1, ""cdr_info"" : ""098993861"", ""called_prefix"" : ""04"", ""called_number_in_public_format"" : true, ""flexible_called"" : null, ""flexible_calling"" : null, ""calling_number_in_public_format"" : false, ""full_prefix"" : ""042395144"", ""calling_format"" : ""E164"", ""called_cli_policy"" : ""SIPDA""}"
2124,1,3,20,2385166,1,"{""id"" : -1, ""equipment_id"" : 70356, ""site_id"" : 2124, ""rank"" : 1, ""load"" : 1, ""cdr_info"" : ""098994898"", ""called_prefix"" : ""04"", ""called_number_in_public_format"" : false, ""flexible_called"" : null, ""flexible_calling"" : null, ""calling_number_in_public_format"" : false, ""full_prefix"" : ""042385166"", ""calling_format"" : ""E164"", ""called_cli_policy"" : ""SIPDA""}"
2124,2,3,20,2390082,1,"{""id"" : -1, ""equipment_id"" : 70357, ""site_id"" : 2124, ""rank"" : 2, ""load"" : 1, ""cdr_info"" : ""098994898"", ""called_prefix"" : ""04"", ""called_number_in_public_format"" : false, ""flexible_called"" : null, ""flexible_calling"" : null, ""calling_number_in_public_format"" : false, ""full_prefix"" : ""042390082"", ""calling_format"" : ""E164"", ""called_cli_policy"" : ""SIPDA""}"
2124,3,3,20,2405074,1,"{""id"" : -1, ""equipment_id"" : 70253, ""site_id"" : 2124, ""rank"" : 3, ""load"" : 1, ""cdr_info"" : ""098994898"", ""called_prefix"" : ""04"", ""called_number_in_public_format"" : false, ""flexible_called"" : null, ""flexible_calling"" : null, ""calling_number_in_public_format"" : false, ""full_prefix"" : ""042405074"", ""calling_format"" : ""E164"", ""called_cli_policy"" : ""SIPDA""}"
2124,0,3,20,8940012,1,"{""id"" : -1, ""equipment_id"" : 69174, ""site_id"" : 2124, ""rank"" : 0, ""load"" : 1, ""cdr_info"" : ""098994898"", ""called_prefix"" : ""09"", ""called_number_in_public_format"" : true, ""flexible_called"" : null, ""flexible_calling"" : null, ""calling_number_in_public_format"" : true, ""full_prefix"" : ""098940012"", ""calling_format"" : ""E164"", ""called_cli_policy"" : ""SIPDA""}"
2128,0,3,20,2315091,1,"{""id"" : -1, ""equipment_id"" : 45235, ""site_id"" : 2128, ""rank"" : 0, ""load"" : 1, ""cdr_info"" : ""098993999"", ""called_prefix"" : ""04"", ""called_number_in_public_format"" : false, ""flexible_called"" : null, ""flexible_calling"" : null, ""calling_number_in_public_format"" : false, ""full_prefix"" : ""042315091"", ""calling_format"" : ""FORMATTED"", ""called_cli_policy"" : ""SIPDA""}"
2137,0,3,20,2222281,1,"{""id"" : -1, ""equipment_id"" : 138832, ""site_id"" : 2137, ""rank"" : 0, ""load"" : 1, ""cdr_info"" : ""098993999"", ""called_prefix"" : ""04"", ""called_number_in_public_format"" : false, ""flexible_called"" : null, ""flexible_calling"" : null, ""calling_number_in_public_format"" : false, ""full_prefix"" : ""042222281"", ""calling_format"" : ""E164"", ""called_cli_policy"" : ""SIPDA""}"
2142,0,3,20,2265112,1,"{""id"" : -1, ""equipment_id"" : 73949, ""site_id"" : 2142, ""rank"" : 0, ""load"" : 1, ""cdr_info"" : ""098993999"", ""called_prefix"" : ""04"", ""called_number_in_public_format"" : false, ""flexible_called"" : null, ""flexible_calling"" : null, ""calling_number_in_public_format"" : false, ""full_prefix"" : ""042265112"", ""calling_format"" : ""E164"", ""called_cli_policy"" : ""SIPDA""}"
2161,1,3,20,2385353,1,"{""id"" : -1, ""equipment_id"" : 111581, ""site_id"" : 2161, ""rank"" : 1, ""load"" : 1, ""cdr_info"" : ""098994867"", ""called_prefix"" : ""04"", ""called_number_in_public_format"" : true, ""flexible_called"" : ""PubFulld"", ""flexible_calling"" : null, ""calling_number_in_public_format"" : true, ""full_prefix"" : ""042385353"", ""calling_format"" : ""E164"", ""called_cli_policy"" : ""SIPDA""}"
2161,0,3,20,2385653,1,"{""id"" : -1, ""equipment_id"" : 146284, ""site_id"" : 2161, ""rank"" : 0, ""load"" : 1, ""cdr_info"" : ""098994867"", ""called_prefix"" : ""04"", ""called_number_in_public_format"" : true, ""flexible_called"" : ""PubFulld"", ""flexible_calling"" : null, ""calling_number_in_public_format"" : true, ""full_prefix"" : ""042385653"", ""calling_format"" : ""E164"", ""called_cli_policy"" : ""SIPDA""}"
2181,0,3,20,8860228,1,"{""id"" : -1, ""equipment_id"" : 74198, ""site_id"" : 2181, ""rank"" : 0, ""load"" : 1, ""cdr_info"" : ""098997352"", ""called_prefix"" : ""09"", ""called_number_in_public_format"" : true, ""flexible_called"" : null, ""flexible_calling"" : null, ""calling_number_in_public_format"" : true, ""full_prefix"" : ""098860228"", ""calling_format"" : ""E164"", ""called_cli_policy"" : ""SIPDA""}"
2189,1,3,20,2250833,1,"{""id"" : -1, ""equipment_id"" : 53973, ""site_id"" : 2189, ""rank"" : 1, ""load"" : 1, ""cdr_info"" : ""098993991"", ""called_prefix"" : ""04"", ""called_number_in_public_format"" : true, ""flexible_called"" : null, ""flexible_calling"" : null, ""calling_number_in_public_format"" : true, ""full_prefix"" : ""042250833"", ""calling_format"" : ""E164"", ""called_cli_policy"" : ""SIPDA""}"
2189,0,3,20,2250834,1,"{""id"" : -1, ""equipment_id"" : 53974, ""site_id"" : 2189, ""rank"" : 0, ""load"" : 1, ""cdr_info"" : ""098993991"", ""called_prefix"" : ""04"", ""called_number_in_public_format"" : true, ""flexible_called"" : null, ""flexible_calling"" : null, ""calling_number_in_public_format"" : true, ""full_prefix"" : ""042250834"", ""calling_format"" : ""E164"", ""called_cli_policy"" : ""SIPDA""}"
2192,1,3,20,2250833,1,"{""id"" : -1, ""equipment_id"" : 53973, ""site_id"" : 2192, ""rank"" : 1, ""load"" : 1, ""cdr_info"" : ""098993991"", ""called_prefix"" : ""04"", ""called_number_in_public_format"" : true, ""flexible_called"" : null, ""flexible_calling"" : null, ""calling_number_in_public_format"" : true, ""full_prefix"" : ""042250833"", ""calling_format"" : ""E164"", ""called_cli_policy"" : ""SIPDA""}"
2192,0,3,20,2250834,1,"{""id"" : -1, ""equipment_id"" : 53974, ""site_id"" : 2192, ""rank"" : 0, ""load"" : 1, ""cdr_info"" : ""098993991"", ""called_prefix"" : ""04"", ""called_number_in_public_format"" : true, ""flexible_called"" : null, ""flexible_calling"" : null, ""calling_number_in_public_format"" : true, ""full_prefix"" : ""042250834"", ""calling_format"" : ""E164"", ""called_cli_policy"" : ""SIPDA""}"
2201,0,3,20,8860228,1,"{""id"" : -1, ""equipment_id"" : 74198, ""site_id"" : 2201, ""rank"" : 0, ""load"" : 1, ""cdr_info"" : ""098997352"", ""called_prefix"" : ""09"", ""called_number_in_public_format"" : true, ""flexible_called"" : null, ""flexible_calling"" : null, ""calling_number_in_public_format"" : true, ""full_prefix"" : ""098860228"", ""calling_format"" : ""E164"", ""called_cli_policy"" : ""SIPDA""}"
2209,1,3,20,2250833,1,"{""id"" : -1, ""equipment_id"" : 53973, ""site_id"" : 2209, ""rank"" : 1, ""load"" : 1, ""cdr_info"" : ""098993991"", ""called_prefix"" : ""04"", ""called_number_in_public_format"" : true, ""flexible_called"" : null, ""flexible_calling"" : null, ""calling_number_in_public_format"" : true, ""full_prefix"" : ""042250833"", ""calling_format"" : ""E164"", ""called_cli_policy"" : ""SIPDA""}"
2209,0,3,20,2250834,1,"{""id"" : -1, ""equipment_id"" : 53974, ""site_id"" : 2209, ""rank"" : 0, ""load"" : 1, ""cdr_info"" : ""098993991"", ""called_prefix"" : ""04"", ""called_number_in_public_format"" : true, ""flexible_called"" : null, ""flexible_calling"" : null, ""calling_number_in_public_format"" : true, ""full_prefix"" : ""042250834"", ""calling_format"" : ""E164"", ""called_cli_policy"" : ""SIPDA""}"
2221,0,3,20,8870197,1,"{""id"" : -1, ""equipment_id"" : 2601, ""site_id"" : 2221, ""rank"" : 0, ""load"" : 1, ""cdr_info"" : ""098870197"", ""called_prefix"" : ""09"", ""called_number_in_public_format"" : true, ""flexible_called"" : null, ""flexible_calling"" : null, ""calling_number_in_public_format"" : true, ""full_prefix"" : ""098870197"", ""calling_format"" : ""E164"", ""called_cli_policy"" : ""SIPDA""}"
2241,0,3,20,2275027,1,"{""id"" : -1, ""equipment_id"" : 902, ""site_id"" : 2241, ""rank"" : 0, ""load"" : 1, ""cdr_info"" : ""098993999"", ""called_prefix"" : ""04"", ""called_number_in_public_format"" : false, ""flexible_called"" : null, ""flexible_calling"" : null, ""calling_number_in_public_format"" : false, ""full_prefix"" : ""042275027"", ""calling_format"" : ""E164"", ""called_cli_policy"" : ""SIPDA""}"
2242,0,3,20,2223561,1,"{""id"" : -1, ""equipment_id"" : 63756, ""site_id"" : 2242, ""rank"" : 0, ""load"" : 1, ""cdr_info"" : ""098993999"", ""called_prefix"" : ""04"", ""called_number_in_public_format"" : false, ""flexible_called"" : null, ""flexible_calling"" : null, ""calling_number_in_public_format"" : false, ""full_prefix"" : ""042223561"", ""calling_format"" : ""E164"", ""called_cli_policy"" : ""SIPDA""}"
2247,0,3,20,2250833,1,"{""id"" : -1, ""equipment_id"" : 53973, ""site_id"" : 2247, ""rank"" : 0, ""load"" : 1, ""cdr_info"" : ""098993991"", ""called_prefix"" : ""04"", ""called_number_in_public_format"" : true, ""flexible_called"" : null, ""flexible_calling"" : null, ""calling_number_in_public_format"" : true, ""full_prefix"" : ""042250833"", ""calling_format"" : ""E164"", ""called_cli_policy"" : ""SIPDA""}"
2247,1,3,20,2250834,1,"{""id"" : -1, ""equipment_id"" : 53974, ""site_id"" : 2247, ""rank"" : 1, ""load"" : 1, ""cdr_info"" : ""098993991"", ""called_prefix"" : ""04"", ""called_number_in_public_format"" : true, ""flexible_called"" : null, ""flexible_calling"" : null, ""calling_number_in_public_format"" : true, ""full_prefix"" : ""042250834"", ""calling_format"" : ""E164"", ""called_cli_policy"" : ""SIPDA""}"
2251,0,3,20,2370238,1,"{""id"" : -1, ""equipment_id"" : 62277, ""site_id"" : 2251, ""rank"" : 0, ""load"" : 1, ""cdr_info"" : ""098993610"", ""called_prefix"" : ""04"", ""called_number_in_public_format"" : true, ""flexible_called"" : null, ""flexible_calling"" : null, ""calling_number_in_public_format"" : true, ""full_prefix"" : ""042370238"", ""calling_format"" : ""E164"", ""called_cli_policy"" : ""SIPDA""}"
2268,0,3,20,2400185,1,"{""id"" : -1, ""equipment_id"" : 62279, ""site_id"" : 2268, ""rank"" : 0, ""load"" : 1, ""cdr_info"" : ""098993610"", ""called_prefix"" : ""04"", ""called_number_in_public_format"" : true, ""flexible_called"" : null, ""flexible_calling"" : null, ""calling_number_in_public_format"" : false, ""full_prefix"" : ""042400185"", ""calling_format"" : ""E164"", ""called_cli_policy"" : ""SIPDA""}"
2281,0,3,20,8940044,1,"{""id"" : -1, ""equipment_id"" : 71088, ""site_id"" : 2281, ""rank"" : 0, ""load"" : 1, ""cdr_info"" : ""098997397"", ""called_prefix"" : ""09"", ""called_number_in_public_format"" : true, ""flexible_called"" : null, ""flexible_calling"" : null, ""calling_number_in_public_format"" : true, ""full_prefix"" : ""098940044"", ""calling_format"" : ""E164"", ""called_cli_policy"" : ""SIPDA""}"
2301,0,3,20,2373817,1,"{""id"" : -1, ""equipment_id"" : 52108, ""site_id"" : 2301, ""rank"" : 0, ""load"" : 1, ""cdr_info"" : ""098997019"", ""called_prefix"" : ""04"", ""called_number_in_public_format"" : true, ""flexible_called"" : null, ""flexible_calling"" : null, ""calling_number_in_public_format"" : true, ""full_prefix"" : ""042373817"", ""calling_format"" : ""E164"", ""called_cli_policy"" : ""SIPDA""}"
2301,1,3,20,2373818,1,"{""id"" : -1, ""equipment_id"" : 52197, ""site_id"" : 2301, ""rank"" : 1, ""load"" : 1, ""cdr_info"" : ""098997019"", ""called_prefix"" : ""04"", ""called_number_in_public_format"" : true, ""flexible_called"" : null, ""flexible_calling"" : null, ""calling_number_in_public_format"" : true, ""full_prefix"" : ""042373818"", ""calling_format"" : ""E164"", ""called_cli_policy"" : ""SIPDA""}"
2321,0,3,20,8860224,1,"{""id"" : -1, ""equipment_id"" : 74190, ""site_id"" : 2321, ""rank"" : 0, ""load"" : 1, ""cdr_info"" : ""098997352"", ""called_prefix"" : ""09"", ""called_number_in_public_format"" : true, ""flexible_called"" : null, ""flexible_calling"" : null, ""calling_number_in_public_format"" : true, ""full_prefix"" : ""098860224"", ""calling_format"" : ""E164"", ""called_cli_policy"" : ""SIPDA""}"
2332,0,3,20,2315209,1,"{""id"" : -1, ""equipment_id"" : 1418, ""site_id"" : 2332, ""rank"" : 0, ""load"" : 1, ""cdr_info"" : ""098993999"", ""called_prefix"" : ""04"", ""called_number_in_public_format"" : false, ""flexible_called"" : null, ""flexible_calling"" : null, ""calling_number_in_public_format"" : false, ""full_prefix"" : ""042315209"", ""calling_format"" : ""E164"", ""called_cli_policy"" : ""SIPDA""}"
2333,0,3,20,2310620,1,"{""id"" : -1, ""equipment_id"" : 51283, ""site_id"" : 2333, ""rank"" : 0, ""load"" : 1, ""cdr_info"" : ""098993999"", ""called_prefix"" : ""04"", ""called_number_in_public_format"" : false, ""flexible_called"" : null, ""flexible_calling"" : null, ""calling_number_in_public_format"" : false, ""full_prefix"" : ""042310620"", ""calling_format"" : ""E164"", ""called_cli_policy"" : ""SIPDA""}"
2334,0,3,20,2315427,1,"{""id"" : -1, ""equipment_id"" : 1675, ""site_id"" : 2334, ""rank"" : 0, ""load"" : 1, ""cdr_info"" : ""098993999"", ""called_prefix"" : ""04"", ""called_number_in_public_format"" : false, ""flexible_called"" : null, ""flexible_calling"" : null, ""calling_number_in_public_format"" : false, ""full_prefix"" : ""042315427"", ""calling_format"" : ""FORMATTED"", ""called_cli_policy"" : ""SIPDA""}"
2336,1,3,20,2315426,1,"{""id"" : -1, ""equipment_id"" : 1678, ""site_id"" : 2336, ""rank"" : 1, ""load"" : 1, ""cdr_info"" : ""098993999"", ""called_prefix"" : ""04"", ""called_number_in_public_format"" : false, ""flexible_called"" : null, ""flexible_calling"" : null, ""calling_number_in_public_format"" : false, ""full_prefix"" : ""042315426"", ""calling_format"" : ""FORMATTED"", ""called_cli_policy"" : ""SIPDA""}"
2336,0,3,20,2315427,1,"{""id"" : -1, ""equipment_id"" : 1675, ""site_id"" : 2336, ""rank"" : 0, ""load"" : 1, ""cdr_info"" : ""098993999"", ""called_prefix"" : ""04"", ""called_number_in_public_format"" : false, ""flexible_called"" : null, ""flexible_calling"" : null, ""calling_number_in_public_format"" : false, ""full_prefix"" : ""042315427"", ""calling_format"" : ""FORMATTED"", ""called_cli_policy"" : ""SIPDA""}"
2340,1,3,20,2300439,1,"{""id"" : -1, ""equipment_id"" : 44468, ""site_id"" : 2340, ""rank"" : 1, ""load"" : 1, ""cdr_info"" : ""098993999"", ""called_prefix"" : ""04"", ""called_number_in_public_format"" : false, ""flexible_called"" : null, ""flexible_calling"" : null, ""calling_number_in_public_format"" : false, ""full_prefix"" : ""042300439"", ""calling_format"" : ""E164"", ""called_cli_policy"" : ""SIPDA""}"
2340,2,3,20,2300440,1,"{""id"" : -1, ""equipment_id"" : 44469, ""site_id"" : 2340, ""rank"" : 2, ""load"" : 1, ""cdr_info"" : ""098993999"", ""called_prefix"" : ""04"", ""called_number_in_public_format"" : false, ""flexible_called"" : null, ""flexible_calling"" : null, ""calling_number_in_public_format"" : false, ""full_prefix"" : ""042300440"", ""calling_format"" : ""E164"", ""called_cli_policy"" : ""SIPDA""}"
2340,0,3,20,2301728,1,"{""id"" : -1, ""equipment_id"" : 48920, ""site_id"" : 2340, ""rank"" : 0, ""load"" : 1, ""cdr_info"" : ""098993999"", ""called_prefix"" : ""04"", ""called_number_in_public_format"" : false, ""flexible_called"" : null, ""flexible_calling"" : null, ""calling_number_in_public_format"" : false, ""full_prefix"" : ""042301728"", ""calling_format"" : ""E164"", ""called_cli_policy"" : ""SIPDA""}"
2341,0,3,20,8860231,1,"{""id"" : -1, ""equipment_id"" : 74214, ""site_id"" : 2341, ""rank"" : 0, ""load"" : 1, ""cdr_info"" : ""098997352"", ""called_prefix"" : ""09"", ""called_number_in_public_format"" : true, ""flexible_called"" : null, ""flexible_calling"" : null, ""calling_number_in_public_format"" : true, ""full_prefix"" : ""098860231"", ""calling_format"" : ""E164"", ""called_cli_policy"" : ""SIPDA""}"
2346,0,3,20,2315222,1,"{""id"" : -1, ""equipment_id"" : 48398, ""site_id"" : 2346, ""rank"" : 0, ""load"" : 1, ""cdr_info"" : ""098993999"", ""called_prefix"" : ""04"", ""called_number_in_public_format"" : false, ""flexible_called"" : null, ""flexible_calling"" : null, ""calling_number_in_public_format"" : false, ""full_prefix"" : ""042315222"", ""calling_format"" : ""FORMATTED"", ""called_cli_policy"" : ""SIPDA""}"
2347,0,3,20,2315222,1,"{""id"" : -1, ""equipment_id"" : 48398, ""site_id"" : 2347, ""rank"" : 0, ""load"" : 1, ""cdr_info"" : ""098993999"", ""called_prefix"" : ""04"", ""called_number_in_public_format"" : false, ""flexible_called"" : null, ""flexible_calling"" : null, ""calling_number_in_public_format"" : false, ""full_prefix"" : ""042315222"", ""calling_format"" : ""FORMATTED"", ""called_cli_policy"" : ""SIPDA""}"
2358,0,3,20,2315443,1,"{""id"" : -1, ""equipment_id"" : 1963, ""site_id"" : 2358, ""rank"" : 0, ""load"" : 1, ""cdr_info"" : ""098993999"", ""called_prefix"" : ""04"", ""called_number_in_public_format"" : false, ""flexible_called"" : null, ""flexible_calling"" : null, ""calling_number_in_public_format"" : false, ""full_prefix"" : ""042315443"", ""calling_format"" : ""E164"", ""called_cli_policy"" : ""SIPDA""}"
2359,0,3,20,2315443,1,"{""id"" : -1, ""equipment_id"" : 1963, ""site_id"" : 2359, ""rank"" : 0, ""load"" : 1, ""cdr_info"" : ""098993999"", ""called_prefix"" : ""04"", ""called_number_in_public_format"" : false, ""flexible_called"" : null, ""flexible_calling"" : null, ""calling_number_in_public_format"" : false, ""full_prefix"" : ""042315443"", ""calling_format"" : ""E164"", ""called_cli_policy"" : ""SIPDA""}"
2360,0,3,20,2315443,1,"{""id"" : -1, ""equipment_id"" : 1963, ""site_id"" : 2360, ""rank"" : 0, ""load"" : 1, ""cdr_info"" : ""098993999"", ""called_prefix"" : ""04"", ""called_number_in_public_format"" : false, ""flexible_called"" : null, ""flexible_calling"" : null, ""calling_number_in_public_format"" : false, ""full_prefix"" : ""042315443"", ""calling_format"" : ""E164"", ""called_cli_policy"" : ""SIPDA""}"
2361,0,3,20,2315443,1,"{""id"" : -1, ""equipment_id"" : 1963, ""site_id"" : 2361, ""rank"" : 0, ""load"" : 1, ""cdr_info"" : ""098993999"", ""called_prefix"" : ""04"", ""called_number_in_public_format"" : false, ""flexible_called"" : null, ""flexible_calling"" : null, ""calling_number_in_public_format"" : false, ""full_prefix"" : ""042315443"", ""calling_format"" : ""E164"", ""called_cli_policy"" : ""SIPDA""}"
2362,0,3,20,2315443,1,"{""id"" : -1, ""equipment_id"" : 1963, ""site_id"" : 2362, ""rank"" : 0, ""load"" : 1, ""cdr_info"" : ""098993999"", ""called_prefix"" : ""04"", ""called_number_in_public_format"" : false, ""flexible_called"" : null, ""flexible_calling"" : null, ""calling_number_in_public_format"" : false, ""full_prefix"" : ""042315443"", ""calling_format"" : ""E164"", ""called_cli_policy"" : ""SIPDA""}"
2363,0,3,20,2315443,1,"{""id"" : -1, ""equipment_id"" : 1963, ""site_id"" : 2363, ""rank"" : 0, ""load"" : 1, ""cdr_info"" : ""098993999"", ""called_prefix"" : ""04"", ""called_number_in_public_format"" : false, ""flexible_called"" : null, ""flexible_calling"" : null, ""calling_number_in_public_format"" : false, ""full_prefix"" : ""042315443"", ""calling_format"" : ""E164"", ""called_cli_policy"" : ""SIPDA""}"
2364,0,3,20,2315443,1,"{""id"" : -1, ""equipment_id"" : 1963, ""site_id"" : 2364, ""rank"" : 0, ""load"" : 1, ""cdr_info"" : ""098993999"", ""called_prefix"" : ""04"", ""called_number_in_public_format"" : false, ""flexible_called"" : null, ""flexible_calling"" : null, ""calling_number_in_public_format"" : false, ""full_prefix"" : ""042315443"", ""calling_format"" : ""E164"", ""called_cli_policy"" : ""SIPDA""}"
2365,0,3,20,2315443,1,"{""id"" : -1, ""equipment_id"" : 1963, ""site_id"" : 2365, ""rank"" : 0, ""load"" : 1, ""cdr_info"" : ""098993999"", ""called_prefix"" : ""04"", ""called_number_in_public_format"" : false, ""flexible_called"" : null, ""flexible_calling"" : null, ""calling_number_in_public_format"" : false, ""full_prefix"" : ""042315443"", ""calling_format"" : ""E164"", ""called_cli_policy"" : ""SIPDA""}"
2366,0,3,20,2315443,1,"{""id"" : -1, ""equipment_id"" : 1963, ""site_id"" : 2366, ""rank"" : 0, ""load"" : 1, ""cdr_info"" : ""098993999"", ""called_prefix"" : ""04"", ""called_number_in_public_format"" : false, ""flexible_called"" : null, ""flexible_calling"" : null, ""calling_number_in_public_format"" : false, ""full_prefix"" : ""042315443"", ""calling_format"" : ""E164"", ""called_cli_policy"" : ""SIPDA""}"
2368,1,3,20,2390232,1,"{""id"" : -1, ""equipment_id"" : 146885, ""site_id"" : 2368, ""rank"" : 1, ""load"" : 1, ""cdr_info"" : ""0992390232"", ""called_prefix"" : ""08"", ""called_number_in_public_format"" : false, ""flexible_called"" : null, ""flexible_calling"" : null, ""calling_number_in_public_format"" : false, ""full_prefix"" : ""082390232"", ""calling_format"" : ""E164"", ""called_cli_policy"" : ""SIPDA""}"
2368,0,3,20,2390330,1,"{""id"" : -1, ""equipment_id"" : 178885, ""site_id"" : 2368, ""rank"" : 0, ""load"" : 1, ""cdr_info"" : ""098993237"", ""called_prefix"" : ""08"", ""called_number_in_public_format"" : false, ""flexible_called"" : null, ""flexible_calling"" : null, ""calling_number_in_public_format"" : false, ""full_prefix"" : ""082390330"", ""calling_format"" : ""E164"", ""called_cli_policy"" : ""SIPDA""}"
2369,0,3,20,8860138,1,"{""id"" : -1, ""equipment_id"" : 73515, ""site_id"" : 2369, ""rank"" : 0, ""load"" : 1, ""cdr_info"" : ""098997352"", ""called_prefix"" : ""09"", ""called_number_in_public_format"" : true, ""flexible_called"" : null, ""flexible_calling"" : null, ""calling_number_in_public_format"" : true, ""full_prefix"" : ""098860138"", ""calling_format"" : ""E164"", ""called_cli_policy"" : ""SIPDA""}"
2382,0,3,20,2390252,1,"{""id"" : -1, ""equipment_id"" : 153625, ""site_id"" : 2382, ""rank"" : 0, ""load"" : 1, ""cdr_info"" : ""098993237"", ""called_prefix"" : ""04"", ""called_number_in_public_format"" : false, ""flexible_called"" : null, ""flexible_calling"" : null, ""calling_number_in_public_format"" : false, ""full_prefix"" : ""042390252"", ""calling_format"" : ""E164"", ""called_cli_policy"" : ""SIPDA""}"
2383,0,3,20,2390251,1,"{""id"" : -1, ""equipment_id"" : 153626, ""site_id"" : 2383, ""rank"" : 0, ""load"" : 1, ""cdr_info"" : ""098993237"", ""called_prefix"" : ""04"", ""called_number_in_public_format"" : false, ""flexible_called"" : null, ""flexible_calling"" : null, ""calling_number_in_public_format"" : false, ""full_prefix"" : ""042390251"", ""calling_format"" : ""E164"", ""called_cli_policy"" : ""SIPDA""}"
2402,0,3,20,2403851,1,"{""id"" : -1, ""equipment_id"" : 9922, ""site_id"" : 2402, ""rank"" : 0, ""load"" : 1, ""cdr_info"" : ""098997372"", ""called_prefix"" : ""04"", ""called_number_in_public_format"" : true, ""flexible_called"" : null, ""flexible_calling"" : null, ""calling_number_in_public_format"" : true, ""full_prefix"" : ""042403851"", ""calling_format"" : ""E164"", ""called_cli_policy"" : ""SIPDA""}"
2421,0,3,20,2305115,1,"{""id"" : -1, ""equipment_id"" : 38544, ""site_id"" : 2421, ""rank"" : 0, ""load"" : 1, ""cdr_info"" : ""098993999"", ""called_prefix"" : ""04"", ""called_number_in_public_format"" : false, ""flexible_called"" : null, ""flexible_calling"" : null, ""calling_number_in_public_format"" : false, ""full_prefix"" : ""042305115"", ""calling_format"" : ""E164"", ""called_cli_policy"" : ""SIPDA""}"
2422,0,3,20,2305115,1,"{""id"" : -1, ""equipment_id"" : 38544, ""site_id"" : 2422, ""rank"" : 0, ""load"" : 1, ""cdr_info"" : ""098993999"", ""called_prefix"" : ""04"", ""called_number_in_public_format"" : false, ""flexible_called"" : null, ""flexible_calling"" : null, ""calling_number_in_public_format"" : false, ""full_prefix"" : ""042305115"", ""calling_format"" : ""E164"", ""called_cli_policy"" : ""SIPDA""}"
2425,1,3,20,2320013,1,"{""id"" : -1, ""equipment_id"" : 53447, ""site_id"" : 2425, ""rank"" : 1, ""load"" : 1, ""cdr_info"" : ""098993999"", ""called_prefix"" : ""04"", ""called_number_in_public_format"" : false, ""flexible_called"" : null, ""flexible_calling"" : null, ""calling_number_in_public_format"" : false, ""full_prefix"" : ""042320013"", ""calling_format"" : ""E164"", ""called_cli_policy"" : ""SIPDA""}"
2425,0,3,20,2320023,1,"{""id"" : -1, ""equipment_id"" : 3473, ""site_id"" : 2425, ""rank"" : 0, ""load"" : 1, ""cdr_info"" : ""098993999"", ""called_prefix"" : ""04"", ""called_number_in_public_format"" : false, ""flexible_called"" : null, ""flexible_calling"" : null, ""calling_number_in_public_format"" : false, ""full_prefix"" : ""042320023"", ""calling_format"" : ""E164"", ""called_cli_policy"" : ""SIPDA""}"
2441,0,3,20,2305115,1,"{""id"" : -1, ""equipment_id"" : 38544, ""site_id"" : 2441, ""rank"" : 0, ""load"" : 1, ""cdr_info"" : ""098993999"", ""called_prefix"" : ""04"", ""called_number_in_public_format"" : false, ""flexible_called"" : null, ""flexible_calling"" : null, ""calling_number_in_public_format"" : false, ""full_prefix"" : ""042305115"", ""calling_format"" : ""E164"", ""called_cli_policy"" : ""SIPDA""}"
2442,0,3,20,2305115,1,"{""id"" : -1, ""equipment_id"" : 38544, ""site_id"" : 2442, ""rank"" : 0, ""load"" : 1, ""cdr_info"" : ""098993999"", ""called_prefix"" : ""04"", ""called_number_in_public_format"" : false, ""flexible_called"" : null, ""flexible_calling"" : null, ""calling_number_in_public_format"" : false, ""full_prefix"" : ""042305115"", ""calling_format"" : ""E164"", ""called_cli_policy"" : ""SIPDA""}"
2443,0,3,20,2395193,1,"{""id"" : -1, ""equipment_id"" : 132524, ""site_id"" : 2443, ""rank"" : 0, ""load"" : 1, ""cdr_info"" : ""098993314"", ""called_prefix"" : ""04"", ""called_number_in_public_format"" : false, ""flexible_called"" : null, ""flexible_calling"" : null, ""calling_number_in_public_format"" : false, ""full_prefix"" : ""042395193"", ""calling_format"" : ""E164"", ""called_cli_policy"" : ""SIPDA""}"
2443,,,20,8800801,1,"{""id"" : -1, ""equipment_id"" : 69816, ""site_id"" : 2443, ""rank"" : null, ""load"" : 0, ""cdr_info"" : ""098993314"", ""called_prefix"" : ""09"", ""called_number_in_public_format"" : false, ""flexible_called"" : null, ""flexible_calling"" : null, ""calling_number_in_public_format"" : false, ""full_prefix"" : ""098800801"", ""calling_format"" : ""E164"", ""called_cli_policy"" : ""SIPDA""}"
2443,,,20,8800907,1,"{""id"" : -1, ""equipment_id"" : 69817, ""site_id"" : 2443, ""rank"" : null, ""load"" : 0, ""cdr_info"" : ""098993314"", ""called_prefix"" : ""09"", ""called_number_in_public_format"" : false, ""flexible_called"" : null, ""flexible_calling"" : null, ""calling_number_in_public_format"" : false, ""full_prefix"" : ""098800907"", ""calling_format"" : ""E164"", ""called_cli_policy"" : ""SIPDA""}"
2443,,,20,8801002,1,"{""id"" : -1, ""equipment_id"" : 69818, ""site_id"" : 2443, ""rank"" : null, ""load"" : 0, ""cdr_info"" : ""098993314"", ""called_prefix"" : ""09"", ""called_number_in_public_format"" : false, ""flexible_called"" : null, ""flexible_calling"" : null, ""calling_number_in_public_format"" : false, ""full_prefix"" : ""098801002"", ""calling_format"" : ""E164"", ""called_cli_policy"" : ""SIPDA""}"
2444,0,3,20,2305115,1,"{""id"" : -1, ""equipment_id"" : 38544, ""site_id"" : 2444, ""rank"" : 0, ""load"" : 1, ""cdr_info"" : ""098993999"", ""called_prefix"" : ""04"", ""called_number_in_public_format"" : false, ""flexible_called"" : null, ""flexible_calling"" : null, ""calling_number_in_public_format"" : false, ""full_prefix"" : ""042305115"", ""calling_format"" : ""E164"", ""called_cli_policy"" : ""SIPDA""}"
2445,0,3,20,2223872,1,"{""id"" : -1, ""equipment_id"" : 70429, ""site_id"" : 2445, ""rank"" : 0, ""load"" : 1, ""cdr_info"" : ""098993999"", ""called_prefix"" : ""04"", ""called_number_in_public_format"" : false, ""flexible_called"" : null, ""flexible_calling"" : null, ""calling_number_in_public_format"" : false, ""full_prefix"" : ""042223872"", ""calling_format"" : ""E164"", ""called_cli_policy"" : ""SIPDA""}"
2446,0,3,20,2305115,1,"{""id"" : -1, ""equipment_id"" : 38544, ""site_id"" : 2446, ""rank"" : 0, ""load"" : 1, ""cdr_info"" : ""098993999"", ""called_prefix"" : ""04"", ""called_number_in_public_format"" : false, ""flexible_called"" : null, ""flexible_calling"" : null, ""calling_number_in_public_format"" : false, ""full_prefix"" : ""042305115"", ""calling_format"" : ""E164"", ""called_cli_policy"" : ""SIPDA""}"
2461,0,3,20,2305115,1,"{""id"" : -1, ""equipment_id"" : 38544, ""site_id"" : 2461, ""rank"" : 0, ""load"" : 1, ""cdr_info"" : ""098993999"", ""called_prefix"" : ""04"", ""called_number_in_public_format"" : false, ""flexible_called"" : null, ""flexible_calling"" : null, ""calling_number_in_public_format"" : false, ""full_prefix"" : ""042305115"", ""calling_format"" : ""E164"", ""called_cli_policy"" : ""SIPDA""}"
2462,0,3,20,2305115,1,"{""id"" : -1, ""equipment_id"" : 38544, ""site_id"" : 2462, ""rank"" : 0, ""load"" : 1, ""cdr_info"" : ""098993999"", ""called_prefix"" : ""04"", ""called_number_in_public_format"" : false, ""flexible_called"" : null, ""flexible_calling"" : null, ""calling_number_in_public_format"" : false, ""full_prefix"" : ""042305115"", ""calling_format"" : ""E164"", ""called_cli_policy"" : ""SIPDA""}"
2479,0,3,20,2315369,1,"{""id"" : -1, ""equipment_id"" : 83442, ""site_id"" : 2479, ""rank"" : 0, ""load"" : 1, ""cdr_info"" : ""098993999"", ""called_prefix"" : ""04"", ""called_number_in_public_format"" : false, ""flexible_called"" : null, ""flexible_calling"" : null, ""calling_number_in_public_format"" : false, ""full_prefix"" : ""042315369"", ""calling_format"" : ""E164"", ""called_cli_policy"" : ""SIPDA""}"
2481,0,3,20,8960012,1,"{""id"" : -1, ""equipment_id"" : 68144, ""site_id"" : 2481, ""rank"" : 0, ""load"" : 1, ""cdr_info"" : ""098997158"", ""called_prefix"" : ""09"", ""called_number_in_public_format"" : true, ""flexible_called"" : null, ""flexible_calling"" : null, ""calling_number_in_public_format"" : true, ""full_prefix"" : ""098960012"", ""calling_format"" : ""E164"", ""called_cli_policy"" : ""SIPDA""}"
2482,0,3,20,2350363,1,"{""id"" : -1, ""equipment_id"" : 921, ""site_id"" : 2482, ""rank"" : 0, ""load"" : 1, ""cdr_info"" : ""098993999"", ""called_prefix"" : ""04"", ""called_number_in_public_format"" : false, ""flexible_called"" : null, ""flexible_calling"" : null, ""calling_number_in_public_format"" : false, ""full_prefix"" : ""042350363"", ""calling_format"" : ""E164"", ""called_cli_policy"" : ""SIPDA""}"
2487,0,3,20,2315411,1,"{""id"" : -1, ""equipment_id"" : 2262, ""site_id"" : 2487, ""rank"" : 0, ""load"" : 1, ""cdr_info"" : ""098993999"", ""called_prefix"" : ""04"", ""called_number_in_public_format"" : false, ""flexible_called"" : null, ""flexible_calling"" : null, ""calling_number_in_public_format"" : false, ""full_prefix"" : ""042315411"", ""calling_format"" : ""FORMATTED"", ""called_cli_policy"" : ""SIPDA""}"
2489,0,3,20,2250833,1,"{""id"" : -1, ""equipment_id"" : 53973, ""site_id"" : 2489, ""rank"" : 0, ""load"" : 1, ""cdr_info"" : ""098993991"", ""called_prefix"" : ""04"", ""called_number_in_public_format"" : true, ""flexible_called"" : null, ""flexible_calling"" : null, ""calling_number_in_public_format"" : true, ""full_prefix"" : ""042250833"", ""calling_format"" : ""E164"", ""called_cli_policy"" : ""SIPDA""}"
2489,1,3,20,2250834,1,"{""id"" : -1, ""equipment_id"" : 53974, ""site_id"" : 2489, ""rank"" : 1, ""load"" : 1, ""cdr_info"" : ""098993991"", ""called_prefix"" : ""04"", ""called_number_in_public_format"" : true, ""flexible_called"" : null, ""flexible_calling"" : null, ""calling_number_in_public_format"" : true, ""full_prefix"" : ""042250834"", ""calling_format"" : ""E164"", ""called_cli_policy"" : ""SIPDA""}"
2493,0,3,20,2315411,1,"{""id"" : -1, ""equipment_id"" : 2262, ""site_id"" : 2493, ""rank"" : 0, ""load"" : 1, ""cdr_info"" : ""098993999"", ""called_prefix"" : ""04"", ""called_number_in_public_format"" : false, ""flexible_called"" : null, ""flexible_calling"" : null, ""calling_number_in_public_format"" : false, ""full_prefix"" : ""042315411"", ""calling_format"" : ""E164"", ""called_cli_policy"" : ""SIPDA""}"
2501,0,3,20,2315624,1,"{""id"" : -1, ""equipment_id"" : 169141, ""site_id"" : 2501, ""rank"" : 0, ""load"" : 1, ""cdr_info"" : ""098993999"", ""called_prefix"" : ""04"", ""called_number_in_public_format"" : false, ""flexible_called"" : null, ""flexible_calling"" : null, ""calling_number_in_public_format"" : false, ""full_prefix"" : ""042315624"", ""calling_format"" : ""E164"", ""called_cli_policy"" : ""SIPDA""}"
2502,0,3,20,2275037,1,"{""id"" : -1, ""equipment_id"" : 71574, ""site_id"" : 2502, ""rank"" : 0, ""load"" : 1, ""cdr_info"" : ""098993999"", ""called_prefix"" : ""04"", ""called_number_in_public_format"" : false, ""flexible_called"" : null, ""flexible_calling"" : null, ""calling_number_in_public_format"" : false, ""full_prefix"" : ""042275037"", ""calling_format"" : ""E164"", ""called_cli_policy"" : ""SIPDA""}"
2519,0,3,20,2250833,1,"{""id"" : -1, ""equipment_id"" : 53973, ""site_id"" : 2519, ""rank"" : 0, ""load"" : 1, ""cdr_info"" : ""098993991"", ""called_prefix"" : ""04"", ""called_number_in_public_format"" : true, ""flexible_called"" : null, ""flexible_calling"" : null, ""calling_number_in_public_format"" : true, ""full_prefix"" : ""042250833"", ""calling_format"" : ""E164"", ""called_cli_policy"" : ""SIPDA""}"
2519,1,3,20,2250834,1,"{""id"" : -1, ""equipment_id"" : 53974, ""site_id"" : 2519, ""rank"" : 1, ""load"" : 1, ""cdr_info"" : ""098993991"", ""called_prefix"" : ""04"", ""called_number_in_public_format"" : true, ""flexible_called"" : null, ""flexible_calling"" : null, ""calling_number_in_public_format"" : true, ""full_prefix"" : ""042250834"", ""calling_format"" : ""E164"", ""called_cli_policy"" : ""SIPDA""}"
2520,0,3,20,2250833,1,"{""id"" : -1, ""equipment_id"" : 53973, ""site_id"" : 2520, ""rank"" : 0, ""load"" : 1, ""cdr_info"" : ""098993991"", ""called_prefix"" : ""04"", ""called_number_in_public_format"" : true, ""flexible_called"" : null, ""flexible_calling"" : null, ""calling_number_in_public_format"" : true, ""full_prefix"" : ""042250833"", ""calling_format"" : ""E164"", ""called_cli_policy"" : ""SIPDA""}"
2520,1,3,20,2250834,1,"{""id"" : -1, ""equipment_id"" : 53974, ""site_id"" : 2520, ""rank"" : 1, ""load"" : 1, ""cdr_info"" : ""098993991"", ""called_prefix"" : ""04"", ""called_number_in_public_format"" : true, ""flexible_called"" : null, ""flexible_calling"" : null, ""calling_number_in_public_format"" : true, ""full_prefix"" : ""042250834"", ""calling_format"" : ""E164"", ""called_cli_policy"" : ""SIPDA""}"
2522,0,3,20,5106003,1,"{""id"" : -1, ""equipment_id"" : 70343, ""site_id"" : 2522, ""rank"" : 0, ""load"" : 1, ""cdr_info"" : ""098993999"", ""called_prefix"" : ""09"", ""called_number_in_public_format"" : false, ""flexible_called"" : null, ""flexible_calling"" : null, ""calling_number_in_public_format"" : false, ""full_prefix"" : ""095106003"", ""calling_format"" : ""E164"", ""called_cli_policy"" : ""SIPDA""}"
2529,0,3,20,2315442,1,"{""id"" : -1, ""equipment_id"" : 2448, ""site_id"" : 2529, ""rank"" : 0, ""load"" : 1, ""cdr_info"" : ""098993999"", ""called_prefix"" : ""04"", ""called_number_in_public_format"" : false, ""flexible_called"" : null, ""flexible_calling"" : null, ""calling_number_in_public_format"" : false, ""full_prefix"" : ""042315442"", ""calling_format"" : ""E164"", ""called_cli_policy"" : ""SIPDA""}"
2530,0,3,20,2315442,1,"{""id"" : -1, ""equipment_id"" : 2448, ""site_id"" : 2530, ""rank"" : 0, ""load"" : 1, ""cdr_info"" : ""098993999"", ""called_prefix"" : ""04"", ""called_number_in_public_format"" : false, ""flexible_called"" : null, ""flexible_calling"" : null, ""calling_number_in_public_format"" : false, ""full_prefix"" : ""042315442"", ""calling_format"" : ""E164"", ""called_cli_policy"" : ""SIPDA""}"
2537,0,3,20,2300345,1,"{""id"" : -1, ""equipment_id"" : 35210, ""site_id"" : 2537, ""rank"" : 0, ""load"" : 1, ""cdr_info"" : ""098993999"", ""called_prefix"" : ""04"", ""called_number_in_public_format"" : false, ""flexible_called"" : null, ""flexible_calling"" : null, ""calling_number_in_public_format"" : false, ""full_prefix"" : ""042300345"", ""calling_format"" : ""FORMATTED"", ""called_cli_policy"" : ""SIPDA""}"
2539,0,3,20,2305651,1,"{""id"" : -1, ""equipment_id"" : 2487, ""site_id"" : 2539, ""rank"" : 0, ""load"" : 1, ""cdr_info"" : ""098993999"", ""called_prefix"" : ""04"", ""called_number_in_public_format"" : false, ""flexible_called"" : null, ""flexible_calling"" : null, ""calling_number_in_public_format"" : false, ""full_prefix"" : ""042305651"", ""calling_format"" : ""E164"", ""called_cli_policy"" : ""SIPDA""}"
2540,0,3,20,2250833,1,"{""id"" : -1, ""equipment_id"" : 53973, ""site_id"" : 2540, ""rank"" : 0, ""load"" : 1, ""cdr_info"" : ""098993991"", ""called_prefix"" : ""04"", ""called_number_in_public_format"" : true, ""flexible_called"" : null, ""flexible_calling"" : null, ""calling_number_in_public_format"" : true, ""full_prefix"" : ""042250833"", ""calling_format"" : ""E164"", ""called_cli_policy"" : ""SIPDA""}"
2540,1,3,20,2250834,1,"{""id"" : -1, ""equipment_id"" : 53974, ""site_id"" : 2540, ""rank"" : 1, ""load"" : 1, ""cdr_info"" : ""098993991"", ""called_prefix"" : ""04"", ""called_number_in_public_format"" : true, ""flexible_called"" : null, ""flexible_calling"" : null, ""calling_number_in_public_format"" : true, ""full_prefix"" : ""042250834"", ""calling_format"" : ""E164"", ""called_cli_policy"" : ""SIPDA""}"
2541,0,3,20,5106003,1,"{""id"" : -1, ""equipment_id"" : 70343, ""site_id"" : 2541, ""rank"" : 0, ""load"" : 1, ""cdr_info"" : ""098993999"", ""called_prefix"" : ""09"", ""called_number_in_public_format"" : false, ""flexible_called"" : null, ""flexible_calling"" : null, ""calling_number_in_public_format"" : false, ""full_prefix"" : ""095106003"", ""calling_format"" : ""E164"", ""called_cli_policy"" : ""SIPDA""}"
2542,0,3,20,5106003,1,"{""id"" : -1, ""equipment_id"" : 70343, ""site_id"" : 2542, ""rank"" : 0, ""load"" : 1, ""cdr_info"" : ""098993999"", ""called_prefix"" : ""09"", ""called_number_in_public_format"" : false, ""flexible_called"" : null, ""flexible_calling"" : null, ""calling_number_in_public_format"" : false, ""full_prefix"" : ""095106003"", ""calling_format"" : ""E164"", ""called_cli_policy"" : ""SIPDA""}"
2543,0,3,20,8800215,1,"{""id"" : -1, ""equipment_id"" : 71735, ""site_id"" : 2543, ""rank"" : 0, ""load"" : 1, ""cdr_info"" : ""098994950"", ""called_prefix"" : ""09"", ""called_number_in_public_format"" : true, ""flexible_called"" : null, ""flexible_calling"" : null, ""calling_number_in_public_format"" : true, ""full_prefix"" : ""098800215"", ""calling_format"" : ""E164"", ""called_cli_policy"" : ""SIPDA""}"
2581,0,3,20,2315421,1,"{""id"" : -1, ""equipment_id"" : 2509, ""site_id"" : 2581, ""rank"" : 0, ""load"" : 1, ""cdr_info"" : ""098993999"", ""called_prefix"" : ""04"", ""called_number_in_public_format"" : false, ""flexible_called"" : null, ""flexible_calling"" : null, ""calling_number_in_public_format"" : false, ""full_prefix"" : ""042315421"", ""calling_format"" : ""FORMATTED"", ""called_cli_policy"" : ""SIPDA""}"
2582,0,3,20,2315423,1,"{""id"" : -1, ""equipment_id"" : 2510, ""site_id"" : 2582, ""rank"" : 0, ""load"" : 1, ""cdr_info"" : ""098993999"", ""called_prefix"" : ""04"", ""called_number_in_public_format"" : false, ""flexible_called"" : null, ""flexible_calling"" : null, ""calling_number_in_public_format"" : false, ""full_prefix"" : ""042315423"", ""calling_format"" : ""E164"", ""called_cli_policy"" : ""SIPDA""}"
2586,0,3,20,2321886,1,"{""id"" : -1, ""equipment_id"" : 178063, ""site_id"" : 2586, ""rank"" : 0, ""load"" : 1, ""cdr_info"" : ""098993999"", ""called_prefix"" : ""04"", ""called_number_in_public_format"" : false, ""flexible_called"" : null, ""flexible_calling"" : null, ""calling_number_in_public_format"" : false, ""full_prefix"" : ""042321886"", ""calling_format"" : ""FORMATTED"", ""called_cli_policy"" : ""SIPDA""}"
2589,0,3,20,2215257,1,"{""id"" : -1, ""equipment_id"" : 113081, ""site_id"" : 2589, ""rank"" : 0, ""load"" : 1, ""cdr_info"" : ""098993999"", ""called_prefix"" : ""04"", ""called_number_in_public_format"" : false, ""flexible_called"" : null, ""flexible_calling"" : null, ""calling_number_in_public_format"" : false, ""full_prefix"" : ""042215257"", ""calling_format"" : ""E164"", ""called_cli_policy"" : ""SIPDA""}"
2590,0,3,20,2215257,1,"{""id"" : -1, ""equipment_id"" : 113081, ""site_id"" : 2590, ""rank"" : 0, ""load"" : 1, ""cdr_info"" : ""098993999"", ""called_prefix"" : ""04"", ""called_number_in_public_format"" : false, ""flexible_called"" : null, ""flexible_calling"" : null, ""calling_number_in_public_format"" : false, ""full_prefix"" : ""042215257"", ""calling_format"" : ""E164"", ""called_cli_policy"" : ""SIPDA""}"
2601,0,3,20,2360196,1,"{""id"" : -1, ""equipment_id"" : 49661, ""site_id"" : 2601, ""rank"" : 0, ""load"" : 1, ""cdr_info"" : ""098997026"", ""called_prefix"" : ""24"", ""called_number_in_public_format"" : true, ""flexible_called"" : null, ""flexible_calling"" : null, ""calling_number_in_public_format"" : true, ""full_prefix"" : ""242360196"", ""calling_format"" : ""E164"", ""called_cli_policy"" : ""SIPDA""}"
2601,0,3,20,2360199,1,"{""id"" : -1, ""equipment_id"" : 49662, ""site_id"" : 2601, ""rank"" : 0, ""load"" : 1, ""cdr_info"" : ""098997026"", ""called_prefix"" : ""24"", ""called_number_in_public_format"" : true, ""flexible_called"" : null, ""flexible_calling"" : null, ""calling_number_in_public_format"" : true, ""full_prefix"" : ""242360199"", ""calling_format"" : ""E164"", ""called_cli_policy"" : ""SIPDA""}"
2608,0,3,20,2250833,1,"{""id"" : -1, ""equipment_id"" : 53973, ""site_id"" : 2608, ""rank"" : 0, ""load"" : 1, ""cdr_info"" : ""098993991"", ""called_prefix"" : ""04"", ""called_number_in_public_format"" : true, ""flexible_called"" : null, ""flexible_calling"" : null, ""calling_number_in_public_format"" : true, ""full_prefix"" : ""042250833"", ""calling_format"" : ""E164"", ""called_cli_policy"" : ""SIPDA""}"
2608,1,3,20,2250834,1,"{""id"" : -1, ""equipment_id"" : 53974, ""site_id"" : 2608, ""rank"" : 1, ""load"" : 1, ""cdr_info"" : ""098993991"", ""called_prefix"" : ""04"", ""called_number_in_public_format"" : true, ""flexible_called"" : null, ""flexible_calling"" : null, ""calling_number_in_public_format"" : true, ""full_prefix"" : ""042250834"", ""calling_format"" : ""E164"", ""called_cli_policy"" : ""SIPDA""}"
2622,0,3,20,2315222,1,"{""id"" : -1, ""equipment_id"" : 48398, ""site_id"" : 2622, ""rank"" : 0, ""load"" : 1, ""cdr_info"" : ""098993999"", ""called_prefix"" : ""04"", ""called_number_in_public_format"" : false, ""flexible_called"" : null, ""flexible_calling"" : null, ""calling_number_in_public_format"" : false, ""full_prefix"" : ""042315222"", ""calling_format"" : ""FORMATTED"", ""called_cli_policy"" : ""SIPDA""}"
2641,0,3,20,5104163,1,"{""id"" : -1, ""equipment_id"" : 73737, ""site_id"" : 2641, ""rank"" : 0, ""load"" : 1, ""cdr_info"" : ""098993999"", ""called_prefix"" : ""09"", ""called_number_in_public_format"" : false, ""flexible_called"" : null, ""flexible_calling"" : null, ""calling_number_in_public_format"" : false, ""full_prefix"" : ""095104163"", ""calling_format"" : ""E164"", ""called_cli_policy"" : ""SIPDA""}"
2665,0,3,20,5104180,1,"{""id"" : -1, ""equipment_id"" : 978, ""site_id"" : 2665, ""rank"" : 0, ""load"" : 1, ""cdr_info"" : ""098993999"", ""called_prefix"" : ""09"", ""called_number_in_public_format"" : false, ""flexible_called"" : null, ""flexible_calling"" : null, ""calling_number_in_public_format"" : false, ""full_prefix"" : ""095104180"", ""calling_format"" : ""E164"", ""called_cli_policy"" : ""SIPDA""}"
2681,0,3,20,2218411,1,"{""id"" : -1, ""equipment_id"" : 981, ""site_id"" : 2681, ""rank"" : 0, ""load"" : 1, ""cdr_info"" : ""098993999"", ""called_prefix"" : ""04"", ""called_number_in_public_format"" : false, ""flexible_called"" : null, ""flexible_calling"" : null, ""calling_number_in_public_format"" : false, ""full_prefix"" : ""042218411"", ""calling_format"" : ""E164"", ""called_cli_policy"" : ""SIPDA""}"
2683,0,3,20,2250833,1,"{""id"" : -1, ""equipment_id"" : 53973, ""site_id"" : 2683, ""rank"" : 0, ""load"" : 1, ""cdr_info"" : ""098993991"", ""called_prefix"" : ""04"", ""called_number_in_public_format"" : true, ""flexible_called"" : null, ""flexible_calling"" : null, ""calling_number_in_public_format"" : true, ""full_prefix"" : ""042250833"", ""calling_format"" : ""E164"", ""called_cli_policy"" : ""SIPDA""}"
2683,1,3,20,2250834,1,"{""id"" : -1, ""equipment_id"" : 53974, ""site_id"" : 2683, ""rank"" : 1, ""load"" : 1, ""cdr_info"" : ""098993991"", ""called_prefix"" : ""04"", ""called_number_in_public_format"" : true, ""flexible_called"" : null, ""flexible_calling"" : null, ""calling_number_in_public_format"" : true, ""full_prefix"" : ""042250834"", ""calling_format"" : ""E164"", ""called_cli_policy"" : ""SIPDA""}"
2695,1,3,20,2250833,1,"{""id"" : -1, ""equipment_id"" : 53973, ""site_id"" : 2695, ""rank"" : 1, ""load"" : 1, ""cdr_info"" : ""098993991"", ""called_prefix"" : ""04"", ""called_number_in_public_format"" : true, ""flexible_called"" : null, ""flexible_calling"" : null, ""calling_number_in_public_format"" : true, ""full_prefix"" : ""042250833"", ""calling_format"" : ""E164"", ""called_cli_policy"" : ""SIPDA""}"
2695,0,3,20,2250834,1,"{""id"" : -1, ""equipment_id"" : 53974, ""site_id"" : 2695, ""rank"" : 0, ""load"" : 1, ""cdr_info"" : ""098993991"", ""called_prefix"" : ""04"", ""called_number_in_public_format"" : true, ""flexible_called"" : null, ""flexible_calling"" : null, ""calling_number_in_public_format"" : true, ""full_prefix"" : ""042250834"", ""calling_format"" : ""E164"", ""called_cli_policy"" : ""SIPDA""}"
2701,0,3,20,2260019,1,"{""id"" : -1, ""equipment_id"" : 57241, ""site_id"" : 2701, ""rank"" : 0, ""load"" : 1, ""cdr_info"" : ""098993999"", ""called_prefix"" : ""04"", ""called_number_in_public_format"" : false, ""flexible_called"" : null, ""flexible_calling"" : null, ""calling_number_in_public_format"" : false, ""full_prefix"" : ""042260019"", ""calling_format"" : ""E164"", ""called_cli_policy"" : ""SIPDA""}"
2721,0,3,20,2363838,1,"{""id"" : -1, ""equipment_id"" : 60480, ""site_id"" : 2721, ""rank"" : 0, ""load"" : 1, ""cdr_info"" : ""098997168"", ""called_prefix"" : ""04"", ""called_number_in_public_format"" : true, ""flexible_called"" : null, ""flexible_calling"" : null, ""calling_number_in_public_format"" : true, ""full_prefix"" : ""042363838"", ""calling_format"" : ""E164"", ""called_cli_policy"" : ""SIPDA""}"
2721,1,3,20,2363839,1,"{""id"" : -1, ""equipment_id"" : 60967, ""site_id"" : 2721, ""rank"" : 1, ""load"" : 1, ""cdr_info"" : ""098997168"", ""called_prefix"" : ""04"", ""called_number_in_public_format"" : true, ""flexible_called"" : null, ""flexible_calling"" : null, ""calling_number_in_public_format"" : true, ""full_prefix"" : ""042363839"", ""calling_format"" : ""E164"", ""called_cli_policy"" : ""SIPDA""}"
2725,0,3,20,2306070,1,"{""id"" : -1, ""equipment_id"" : 89881, ""site_id"" : 2725, ""rank"" : 0, ""load"" : 1, ""cdr_info"" : ""098993999"", ""called_prefix"" : ""04"", ""called_number_in_public_format"" : false, ""flexible_called"" : null, ""flexible_calling"" : null, ""calling_number_in_public_format"" : false, ""full_prefix"" : ""042306070"", ""calling_format"" : ""E164"", ""called_cli_policy"" : ""SIPDA""}"
2741,0,3,20,2363838,1,"{""id"" : -1, ""equipment_id"" : 60480, ""site_id"" : 2741, ""rank"" : 0, ""load"" : 1, ""cdr_info"" : ""098997168"", ""called_prefix"" : ""04"", ""called_number_in_public_format"" : true, ""flexible_called"" : null, ""flexible_calling"" : null, ""calling_number_in_public_format"" : true, ""full_prefix"" : ""042363838"", ""calling_format"" : ""E164"", ""called_cli_policy"" : ""SIPDA""}"
2741,1,3,20,2363839,1,"{""id"" : -1, ""equipment_id"" : 60967, ""site_id"" : 2741, ""rank"" : 1, ""load"" : 1, ""cdr_info"" : ""098997168"", ""called_prefix"" : ""04"", ""called_number_in_public_format"" : true, ""flexible_called"" : null, ""flexible_calling"" : null, ""calling_number_in_public_format"" : true, ""full_prefix"" : ""042363839"", ""calling_format"" : ""E164"", ""called_cli_policy"" : ""SIPDA""}"
2745,1,3,20,2250833,1,"{""id"" : -1, ""equipment_id"" : 53973, ""site_id"" : 2745, ""rank"" : 1, ""load"" : 1, ""cdr_info"" : ""098993991"", ""called_prefix"" : ""04"", ""called_number_in_public_format"" : true, ""flexible_called"" : null, ""flexible_calling"" : null, ""calling_number_in_public_format"" : true, ""full_prefix"" : ""042250833"", ""calling_format"" : ""E164"", ""called_cli_policy"" : ""SIPDA""}"
2745,0,3,20,2250834,1,"{""id"" : -1, ""equipment_id"" : 53974, ""site_id"" : 2745, ""rank"" : 0, ""load"" : 1, ""cdr_info"" : ""098993991"", ""called_prefix"" : ""04"", ""called_number_in_public_format"" : true, ""flexible_called"" : null, ""flexible_calling"" : null, ""calling_number_in_public_format"" : true, ""full_prefix"" : ""042250834"", ""calling_format"" : ""E164"", ""called_cli_policy"" : ""SIPDA""}"
2761,0,3,20,2350068,1,"{""id"" : -1, ""equipment_id"" : 164662, ""site_id"" : 2761, ""rank"" : 0, ""load"" : 1, ""cdr_info"" : ""098993999"", ""called_prefix"" : ""04"", ""called_number_in_public_format"" : true, ""flexible_called"" : null, ""flexible_calling"" : null, ""calling_number_in_public_format"" : true, ""full_prefix"" : ""042350068"", ""calling_format"" : ""E164"", ""called_cli_policy"" : ""SIPDA""}"
2761,1,3,20,2350069,1,"{""id"" : -1, ""equipment_id"" : 164661, ""site_id"" : 2761, ""rank"" : 1, ""load"" : 1, ""cdr_info"" : ""098993999"", ""called_prefix"" : ""04"", ""called_number_in_public_format"" : true, ""flexible_called"" : null, ""flexible_calling"" : null, ""calling_number_in_public_format"" : true, ""full_prefix"" : ""042350069"", ""calling_format"" : ""E164"", ""called_cli_policy"" : ""SIPDA""}"
2773,0,3,20,2305486,1,"{""id"" : -1, ""equipment_id"" : 42422, ""site_id"" : 2773, ""rank"" : 0, ""load"" : 1, ""cdr_info"" : ""098993999"", ""called_prefix"" : ""04"", ""called_number_in_public_format"" : false, ""flexible_called"" : null, ""flexible_calling"" : null, ""calling_number_in_public_format"" : false, ""full_prefix"" : ""042305486"", ""calling_format"" : ""E164"", ""called_cli_policy"" : ""SIPDA""}"
2776,0,3,20,2250833,1,"{""id"" : -1, ""equipment_id"" : 53973, ""site_id"" : 2776, ""rank"" : 0, ""load"" : 1, ""cdr_info"" : ""098993991"", ""called_prefix"" : ""04"", ""called_number_in_public_format"" : true, ""flexible_called"" : null, ""flexible_calling"" : null, ""calling_number_in_public_format"" : true, ""full_prefix"" : ""042250833"", ""calling_format"" : ""E164"", ""called_cli_policy"" : ""SIPDA""}"
2776,1,3,20,2250834,1,"{""id"" : -1, ""equipment_id"" : 53974, ""site_id"" : 2776, ""rank"" : 1, ""load"" : 1, ""cdr_info"" : ""098993991"", ""called_prefix"" : ""04"", ""called_number_in_public_format"" : true, ""flexible_called"" : null, ""flexible_calling"" : null, ""calling_number_in_public_format"" : true, ""full_prefix"" : ""042250834"", ""calling_format"" : ""E164"", ""called_cli_policy"" : ""SIPDA""}"
2781,0,3,20,2360196,1,"{""id"" : -1, ""equipment_id"" : 49661, ""site_id"" : 2781, ""rank"" : 0, ""load"" : 1, ""cdr_info"" : ""098997026"", ""called_prefix"" : ""24"", ""called_number_in_public_format"" : true, ""flexible_called"" : null, ""flexible_calling"" : null, ""calling_number_in_public_format"" : true, ""full_prefix"" : ""242360196"", ""calling_format"" : ""E164"", ""called_cli_policy"" : ""SIPDA""}"
2781,0,3,20,2360199,1,"{""id"" : -1, ""equipment_id"" : 49662, ""site_id"" : 2781, ""rank"" : 0, ""load"" : 1, ""cdr_info"" : ""098997026"", ""called_prefix"" : ""24"", ""called_number_in_public_format"" : true, ""flexible_called"" : null, ""flexible_calling"" : null, ""calling_number_in_public_format"" : true, ""full_prefix"" : ""242360199"", ""calling_format"" : ""E164"", ""called_cli_policy"" : ""SIPDA""}"
2788,0,3,20,2400185,1,"{""id"" : -1, ""equipment_id"" : 62279, ""site_id"" : 2788, ""rank"" : 0, ""load"" : 1, ""cdr_info"" : ""098993610"", ""called_prefix"" : ""04"", ""called_number_in_public_format"" : true, ""flexible_called"" : null, ""flexible_calling"" : null, ""calling_number_in_public_format"" : true, ""full_prefix"" : ""042400185"", ""calling_format"" : ""E164"", ""called_cli_policy"" : ""SIPDA""}"
2801,0,3,20,2360196,1,"{""id"" : -1, ""equipment_id"" : 49661, ""site_id"" : 2801, ""rank"" : 0, ""load"" : 1, ""cdr_info"" : ""098997026"", ""called_prefix"" : ""24"", ""called_number_in_public_format"" : true, ""flexible_called"" : null, ""flexible_calling"" : null, ""calling_number_in_public_format"" : true, ""full_prefix"" : ""242360196"", ""calling_format"" : ""E164"", ""called_cli_policy"" : ""SIPDA""}"
2801,0,3,20,2360199,1,"{""id"" : -1, ""equipment_id"" : 49662, ""site_id"" : 2801, ""rank"" : 0, ""load"" : 1, ""cdr_info"" : ""098997026"", ""called_prefix"" : ""24"", ""called_number_in_public_format"" : true, ""flexible_called"" : null, ""flexible_calling"" : null, ""calling_number_in_public_format"" : true, ""full_prefix"" : ""242360199"", ""calling_format"" : ""E164"", ""called_cli_policy"" : ""SIPDA""}"
2821,0,3,20,2370238,1,"{""id"" : -1, ""equipment_id"" : 62277, ""site_id"" : 2821, ""rank"" : 0, ""load"" : 1, ""cdr_info"" : ""098993610"", ""called_prefix"" : ""04"", ""called_number_in_public_format"" : false, ""flexible_called"" : null, ""flexible_calling"" : null, ""calling_number_in_public_format"" : false, ""full_prefix"" : ""042370238"", ""calling_format"" : ""E164"", ""called_cli_policy"" : ""SIPDA""}"
2822,0,3,20,2385347,1,"{""id"" : -1, ""equipment_id"" : 118381, ""site_id"" : 2822, ""rank"" : 0, ""load"" : 1, ""cdr_info"" : ""933333333333"", ""called_prefix"" : ""04"", ""called_number_in_public_format"" : true, ""flexible_called"" : null, ""flexible_calling"" : null, ""calling_number_in_public_format"" : false, ""full_prefix"" : ""042385347"", ""calling_format"" : ""E164"", ""called_cli_policy"" : ""SIPDA""}"
2822,,,20,2390110,1,"{""id"" : -1, ""equipment_id"" : 118361, ""site_id"" : 2822, ""rank"" : null, ""load"" : 0, ""cdr_info"" : ""098993861"", ""called_prefix"" : ""04"", ""called_number_in_public_format"" : false, ""flexible_called"" : null, ""flexible_calling"" : null, ""calling_number_in_public_format"" : false, ""full_prefix"" : ""042390110"", ""calling_format"" : ""E164"", ""called_cli_policy"" : ""SIPDA""}"
2823,0,3,20,2385580,1,"{""id"" : -1, ""equipment_id"" : 145351, ""site_id"" : 2823, ""rank"" : 0, ""load"" : 1, ""cdr_info"" : ""098993248"", ""called_prefix"" : ""04"", ""called_number_in_public_format"" : true, ""flexible_called"" : null, ""flexible_calling"" : null, ""calling_number_in_public_format"" : true, ""full_prefix"" : ""042385580"", ""calling_format"" : ""E164"", ""called_cli_policy"" : ""SIPDA""}"
2823,1,3,20,2385581,1,"{""id"" : -1, ""equipment_id"" : 61226, ""site_id"" : 2823, ""rank"" : 1, ""load"" : 1, ""cdr_info"" : ""098993248"", ""called_prefix"" : ""04"", ""called_number_in_public_format"" : true, ""flexible_called"" : null, ""flexible_calling"" : null, ""calling_number_in_public_format"" : true, ""full_prefix"" : ""042385581"", ""calling_format"" : ""E164"", ""called_cli_policy"" : ""SIPDA""}"
2851,0,3,20,2250833,1,"{""id"" : -1, ""equipment_id"" : 53973, ""site_id"" : 2851, ""rank"" : 0, ""load"" : 1, ""cdr_info"" : ""098993991"", ""called_prefix"" : ""04"", ""called_number_in_public_format"" : true, ""flexible_called"" : null, ""flexible_calling"" : null, ""calling_number_in_public_format"" : true, ""full_prefix"" : ""042250833"", ""calling_format"" : ""E164"", ""called_cli_policy"" : ""SIPDA""}"
2851,1,3,20,2250834,1,"{""id"" : -1, ""equipment_id"" : 53974, ""site_id"" : 2851, ""rank"" : 1, ""load"" : 1, ""cdr_info"" : ""098993991"", ""called_prefix"" : ""04"", ""called_number_in_public_format"" : true, ""flexible_called"" : null, ""flexible_calling"" : null, ""calling_number_in_public_format"" : true, ""full_prefix"" : ""042250834"", ""calling_format"" : ""E164"", ""called_cli_policy"" : ""SIPDA""}"
2859,0,3,20,2315443,1,"{""id"" : -1, ""equipment_id"" : 1963, ""site_id"" : 2859, ""rank"" : 0, ""load"" : 1, ""cdr_info"" : ""098993999"", ""called_prefix"" : ""04"", ""called_number_in_public_format"" : false, ""flexible_called"" : null, ""flexible_calling"" : null, ""calling_number_in_public_format"" : false, ""full_prefix"" : ""042315443"", ""calling_format"" : ""E164"", ""called_cli_policy"" : ""SIPDA""}"
2866,0,3,20,2315443,1,"{""id"" : -1, ""equipment_id"" : 1963, ""site_id"" : 2866, ""rank"" : 0, ""load"" : 1, ""cdr_info"" : ""098993999"", ""called_prefix"" : ""04"", ""called_number_in_public_format"" : false, ""flexible_called"" : null, ""flexible_calling"" : null, ""calling_number_in_public_format"" : false, ""full_prefix"" : ""042315443"", ""calling_format"" : ""E164"", ""called_cli_policy"" : ""SIPDA""}"
2874,0,3,20,2250833,1,"{""id"" : -1, ""equipment_id"" : 53973, ""site_id"" : 2874, ""rank"" : 0, ""load"" : 1, ""cdr_info"" : ""098993991"", ""called_prefix"" : ""04"", ""called_number_in_public_format"" : true, ""flexible_called"" : null, ""flexible_calling"" : null, ""calling_number_in_public_format"" : true, ""full_prefix"" : ""042250833"", ""calling_format"" : ""E164"", ""called_cli_policy"" : ""SIPDA""}"
2874,1,3,20,2250834,1,"{""id"" : -1, ""equipment_id"" : 53974, ""site_id"" : 2874, ""rank"" : 1, ""load"" : 1, ""cdr_info"" : ""098993991"", ""called_prefix"" : ""04"", ""called_number_in_public_format"" : true, ""flexible_called"" : null, ""flexible_calling"" : null, ""calling_number_in_public_format"" : true, ""full_prefix"" : ""042250834"", ""calling_format"" : ""E164"", ""called_cli_policy"" : ""SIPDA""}"
2918,0,3,20,2385752,1,"{""id"" : -1, ""equipment_id"" : 161521, ""site_id"" : 2918, ""rank"" : 0, ""load"" : 1, ""cdr_info"" : ""3610952"", ""called_prefix"" : ""04"", ""called_number_in_public_format"" : false, ""flexible_called"" : null, ""flexible_calling"" : null, ""calling_number_in_public_format"" : false, ""full_prefix"" : ""042385752"", ""calling_format"" : ""E164"", ""called_cli_policy"" : ""SIPDA""}"
2921,1,3,20,2360196,1,"{""id"" : -1, ""equipment_id"" : 49661, ""site_id"" : 2921, ""rank"" : 1, ""load"" : 1, ""cdr_info"" : ""098997026"", ""called_prefix"" : ""24"", ""called_number_in_public_format"" : true, ""flexible_called"" : null, ""flexible_calling"" : null, ""calling_number_in_public_format"" : true, ""full_prefix"" : ""242360196"", ""calling_format"" : ""E164"", ""called_cli_policy"" : ""SIPDA""}"
2921,0,3,20,2360199,1,"{""id"" : -1, ""equipment_id"" : 49662, ""site_id"" : 2921, ""rank"" : 0, ""load"" : 1, ""cdr_info"" : ""098997026"", ""called_prefix"" : ""24"", ""called_number_in_public_format"" : true, ""flexible_called"" : null, ""flexible_calling"" : null, ""calling_number_in_public_format"" : true, ""full_prefix"" : ""242360199"", ""calling_format"" : ""E164"", ""called_cli_policy"" : ""SIPDA""}"
2941,0,3,20,2360196,1,"{""id"" : -1, ""equipment_id"" : 49661, ""site_id"" : 2941, ""rank"" : 0, ""load"" : 1, ""cdr_info"" : ""098997026"", ""called_prefix"" : ""24"", ""called_number_in_public_format"" : true, ""flexible_called"" : null, ""flexible_calling"" : null, ""calling_number_in_public_format"" : true, ""full_prefix"" : ""242360196"", ""calling_format"" : ""E164"", ""called_cli_policy"" : ""SIPDA""}"
2941,0,3,20,2360199,1,"{""id"" : -1, ""equipment_id"" : 49662, ""site_id"" : 2941, ""rank"" : 0, ""load"" : 1, ""cdr_info"" : ""098997026"", ""called_prefix"" : ""24"", ""called_number_in_public_format"" : true, ""flexible_called"" : null, ""flexible_calling"" : null, ""calling_number_in_public_format"" : true, ""full_prefix"" : ""242360199"", ""calling_format"" : ""E164"", ""called_cli_policy"" : ""SIPDA""}"
2958,0,3,20,2320255,1,"{""id"" : -1, ""equipment_id"" : 58541, ""site_id"" : 2958, ""rank"" : 0, ""load"" : 1, ""cdr_info"" : ""098993999"", ""called_prefix"" : ""04"", ""called_number_in_public_format"" : false, ""flexible_called"" : null, ""flexible_calling"" : null, ""calling_number_in_public_format"" : false, ""full_prefix"" : ""042320255"", ""calling_format"" : ""E164"", ""called_cli_policy"" : ""SIPDA""}"
2959,0,3,20,2315222,1,"{""id"" : -1, ""equipment_id"" : 48398, ""site_id"" : 2959, ""rank"" : 0, ""load"" : 1, ""cdr_info"" : ""098993999"", ""called_prefix"" : ""04"", ""called_number_in_public_format"" : false, ""flexible_called"" : null, ""flexible_calling"" : null, ""calling_number_in_public_format"" : false, ""full_prefix"" : ""042315222"", ""calling_format"" : ""FORMATTED"", ""called_cli_policy"" : ""SIPDA""}"
2962,0,3,20,2218557,1,"{""id"" : -1, ""equipment_id"" : 71712, ""site_id"" : 2962, ""rank"" : 0, ""load"" : 1, ""cdr_info"" : ""098993999"", ""called_prefix"" : ""04"", ""called_number_in_public_format"" : false, ""flexible_called"" : null, ""flexible_calling"" : null, ""calling_number_in_public_format"" : false, ""full_prefix"" : ""042218557"", ""calling_format"" : ""E164"", ""called_cli_policy"" : ""SIPDA""}"
2966,0,3,20,2315222,1,"{""id"" : -1, ""equipment_id"" : 48398, ""site_id"" : 2966, ""rank"" : 0, ""load"" : 1, ""cdr_info"" : ""098993999"", ""called_prefix"" : ""04"", ""called_number_in_public_format"" : false, ""flexible_called"" : null, ""flexible_calling"" : null, ""calling_number_in_public_format"" : false, ""full_prefix"" : ""042315222"", ""calling_format"" : ""FORMATTED"", ""called_cli_policy"" : ""SIPDA""}"
2976,0,3,20,2250833,1,"{""id"" : -1, ""equipment_id"" : 53973, ""site_id"" : 2976, ""rank"" : 0, ""load"" : 1, ""cdr_info"" : ""098993991"", ""called_prefix"" : ""04"", ""called_number_in_public_format"" : true, ""flexible_called"" : null, ""flexible_calling"" : null, ""calling_number_in_public_format"" : true, ""full_prefix"" : ""042250833"", ""calling_format"" : ""E164"", ""called_cli_policy"" : ""SIPDA""}"
2976,1,3,20,2250834,1,"{""id"" : -1, ""equipment_id"" : 53974, ""site_id"" : 2976, ""rank"" : 1, ""load"" : 1, ""cdr_info"" : ""098993991"", ""called_prefix"" : ""04"", ""called_number_in_public_format"" : true, ""flexible_called"" : null, ""flexible_calling"" : null, ""calling_number_in_public_format"" : true, ""full_prefix"" : ""042250834"", ""calling_format"" : ""E164"", ""called_cli_policy"" : ""SIPDA""}"
2977,1,3,20,2250833,1,"{""id"" : -1, ""equipment_id"" : 53973, ""site_id"" : 2977, ""rank"" : 1, ""load"" : 1, ""cdr_info"" : ""098993991"", ""called_prefix"" : ""04"", ""called_number_in_public_format"" : true, ""flexible_called"" : null, ""flexible_calling"" : null, ""calling_number_in_public_format"" : true, ""full_prefix"" : ""042250833"", ""calling_format"" : ""E164"", ""called_cli_policy"" : ""SIPDA""}"
2977,0,3,20,2250834,1,"{""id"" : -1, ""equipment_id"" : 53974, ""site_id"" : 2977, ""rank"" : 0, ""load"" : 1, ""cdr_info"" : ""098993991"", ""called_prefix"" : ""04"", ""called_number_in_public_format"" : true, ""flexible_called"" : null, ""flexible_calling"" : null, ""calling_number_in_public_format"" : true, ""full_prefix"" : ""042250834"", ""calling_format"" : ""E164"", ""called_cli_policy"" : ""SIPDA""}"
2979,1,3,20,2250833,1,"{""id"" : -1, ""equipment_id"" : 53973, ""site_id"" : 2979, ""rank"" : 1, ""load"" : 1, ""cdr_info"" : ""098993991"", ""called_prefix"" : ""04"", ""called_number_in_public_format"" : true, ""flexible_called"" : null, ""flexible_calling"" : null, ""calling_number_in_public_format"" : true, ""full_prefix"" : ""042250833"", ""calling_format"" : ""E164"", ""called_cli_policy"" : ""SIPDA""}"
2979,0,3,20,2250834,1,"{""id"" : -1, ""equipment_id"" : 53974, ""site_id"" : 2979, ""rank"" : 0, ""load"" : 1, ""cdr_info"" : ""098993991"", ""called_prefix"" : ""04"", ""called_number_in_public_format"" : true, ""flexible_called"" : null, ""flexible_calling"" : null, ""calling_number_in_public_format"" : true, ""full_prefix"" : ""042250834"", ""calling_format"" : ""E164"", ""called_cli_policy"" : ""SIPDA""}"
2980,0,3,20,2250833,1,"{""id"" : -1, ""equipment_id"" : 53973, ""site_id"" : 2980, ""rank"" : 0, ""load"" : 1, ""cdr_info"" : ""098993991"", ""called_prefix"" : ""04"", ""called_number_in_public_format"" : true, ""flexible_called"" : null, ""flexible_calling"" : null, ""calling_number_in_public_format"" : true, ""full_prefix"" : ""042250833"", ""calling_format"" : ""E164"", ""called_cli_policy"" : ""SIPDA""}"
2980,1,3,20,2250834,1,"{""id"" : -1, ""equipment_id"" : 53974, ""site_id"" : 2980, ""rank"" : 1, ""load"" : 1, ""cdr_info"" : ""098993991"", ""called_prefix"" : ""04"", ""called_number_in_public_format"" : true, ""flexible_called"" : null, ""flexible_calling"" : null, ""calling_number_in_public_format"" : true, ""full_prefix"" : ""042250834"", ""calling_format"" : ""E164"", ""called_cli_policy"" : ""SIPDA""}"
2981,0,3,20,2335029,1,"{""id"" : -1, ""equipment_id"" : 1069, ""site_id"" : 2981, ""rank"" : 0, ""load"" : 1, ""cdr_info"" : ""098993999"", ""called_prefix"" : ""04"", ""called_number_in_public_format"" : false, ""flexible_called"" : null, ""flexible_calling"" : null, ""calling_number_in_public_format"" : false, ""full_prefix"" : ""042335029"", ""calling_format"" : ""E164"", ""called_cli_policy"" : ""SIPDA""}"
2989,0,3,20,2250833,1,"{""id"" : -1, ""equipment_id"" : 53973, ""site_id"" : 2989, ""rank"" : 0, ""load"" : 1, ""cdr_info"" : ""098993991"", ""called_prefix"" : ""04"", ""called_number_in_public_format"" : true, ""flexible_called"" : null, ""flexible_calling"" : null, ""calling_number_in_public_format"" : true, ""full_prefix"" : ""042250833"", ""calling_format"" : ""E164"", ""called_cli_policy"" : ""SIPDA""}"
2989,1,3,20,2250834,1,"{""id"" : -1, ""equipment_id"" : 53974, ""site_id"" : 2989, ""rank"" : 1, ""load"" : 1, ""cdr_info"" : ""098993991"", ""called_prefix"" : ""04"", ""called_number_in_public_format"" : true, ""flexible_called"" : null, ""flexible_calling"" : null, ""calling_number_in_public_format"" : true, ""full_prefix"" : ""042250834"", ""calling_format"" : ""E164"", ""called_cli_policy"" : ""SIPDA""}"
2995,0,3,20,2250833,1,"{""id"" : -1, ""equipment_id"" : 53973, ""site_id"" : 2995, ""rank"" : 0, ""load"" : 1, ""cdr_info"" : ""098993991"", ""called_prefix"" : ""04"", ""called_number_in_public_format"" : true, ""flexible_called"" : null, ""flexible_calling"" : null, ""calling_number_in_public_format"" : true, ""full_prefix"" : ""042250833"", ""calling_format"" : ""E164"", ""called_cli_policy"" : ""SIPDA""}"
2995,1,3,20,2250834,1,"{""id"" : -1, ""equipment_id"" : 53974, ""site_id"" : 2995, ""rank"" : 1, ""load"" : 1, ""cdr_info"" : ""098993991"", ""called_prefix"" : ""04"", ""called_number_in_public_format"" : true, ""flexible_called"" : null, ""flexible_calling"" : null, ""calling_number_in_public_format"" : true, ""full_prefix"" : ""042250834"", ""calling_format"" : ""E164"", ""called_cli_policy"" : ""SIPDA""}"
3001,0,3,20,2385985,1,"{""id"" : -1, ""equipment_id"" : 607, ""site_id"" : 3001, ""rank"" : 0, ""load"" : 1, ""cdr_info"" : ""098997445"", ""called_prefix"" : ""04"", ""called_number_in_public_format"" : true, ""flexible_called"" : null, ""flexible_calling"" : null, ""calling_number_in_public_format"" : true, ""full_prefix"" : ""042385985"", ""calling_format"" : ""E164"", ""called_cli_policy"" : ""SIPDA""}"
3002,0,3,20,2250833,1,"{""id"" : -1, ""equipment_id"" : 53973, ""site_id"" : 3002, ""rank"" : 0, ""load"" : 1, ""cdr_info"" : ""098993991"", ""called_prefix"" : ""04"", ""called_number_in_public_format"" : true, ""flexible_called"" : null, ""flexible_calling"" : null, ""calling_number_in_public_format"" : true, ""full_prefix"" : ""042250833"", ""calling_format"" : ""E164"", ""called_cli_policy"" : ""SIPDA""}"
3002,1,3,20,2250834,1,"{""id"" : -1, ""equipment_id"" : 53974, ""site_id"" : 3002, ""rank"" : 1, ""load"" : 1, ""cdr_info"" : ""098993991"", ""called_prefix"" : ""04"", ""called_number_in_public_format"" : true, ""flexible_called"" : null, ""flexible_calling"" : null, ""calling_number_in_public_format"" : true, ""full_prefix"" : ""042250834"", ""calling_format"" : ""E164"", ""called_cli_policy"" : ""SIPDA""}"
3003,0,3,20,2385956,1,"{""id"" : -1, ""equipment_id"" : 68491, ""site_id"" : 3003, ""rank"" : 0, ""load"" : 1, ""cdr_info"" : ""098993670"", ""called_prefix"" : ""04"", ""called_number_in_public_format"" : true, ""flexible_called"" : null, ""flexible_calling"" : null, ""calling_number_in_public_format"" : true, ""full_prefix"" : ""042385956"", ""calling_format"" : ""E164"", ""called_cli_policy"" : ""SIPDA""}"
3003,0,3,20,2385957,1,"{""id"" : -1, ""equipment_id"" : 68493, ""site_id"" : 3003, ""rank"" : 0, ""load"" : 1, ""cdr_info"" : ""098993670"", ""called_prefix"" : ""04"", ""called_number_in_public_format"" : true, ""flexible_called"" : null, ""flexible_calling"" : null, ""calling_number_in_public_format"" : true, ""full_prefix"" : ""042385957"", ""calling_format"" : ""E164"", ""called_cli_policy"" : ""SIPDA""}"
3009,0,3,20,2310888,1,"{""id"" : -1, ""equipment_id"" : 83444, ""site_id"" : 3009, ""rank"" : 0, ""load"" : 1, ""cdr_info"" : ""098993999"", ""called_prefix"" : ""04"", ""called_number_in_public_format"" : false, ""flexible_called"" : null, ""flexible_calling"" : null, ""calling_number_in_public_format"" : false, ""full_prefix"" : ""042310888"", ""calling_format"" : ""E164"", ""called_cli_policy"" : ""SIPDA""}"
3013,0,3,20,2250833,1,"{""id"" : -1, ""equipment_id"" : 53973, ""site_id"" : 3013, ""rank"" : 0, ""load"" : 1, ""cdr_info"" : ""098993991"", ""called_prefix"" : ""04"", ""called_number_in_public_format"" : true, ""flexible_called"" : null, ""flexible_calling"" : null, ""calling_number_in_public_format"" : true, ""full_prefix"" : ""042250833"", ""calling_format"" : ""E164"", ""called_cli_policy"" : ""SIPDA""}"
3013,1,3,20,2250834,1,"{""id"" : -1, ""equipment_id"" : 53974, ""site_id"" : 3013, ""rank"" : 1, ""load"" : 1, ""cdr_info"" : ""098993991"", ""called_prefix"" : ""04"", ""called_number_in_public_format"" : true, ""flexible_called"" : null, ""flexible_calling"" : null, ""calling_number_in_public_format"" : true, ""full_prefix"" : ""042250834"", ""calling_format"" : ""E164"", ""called_cli_policy"" : ""SIPDA""}"
3014,0,3,20,2250833,1,"{""id"" : -1, ""equipment_id"" : 53973, ""site_id"" : 3014, ""rank"" : 0, ""load"" : 1, ""cdr_info"" : ""098993991"", ""called_prefix"" : ""04"", ""called_number_in_public_format"" : true, ""flexible_called"" : null, ""flexible_calling"" : null, ""calling_number_in_public_format"" : true, ""full_prefix"" : ""042250833"", ""calling_format"" : ""E164"", ""called_cli_policy"" : ""SIPDA""}"
3014,1,3,20,2250834,1,"{""id"" : -1, ""equipment_id"" : 53974, ""site_id"" : 3014, ""rank"" : 1, ""load"" : 1, ""cdr_info"" : ""098993991"", ""called_prefix"" : ""04"", ""called_number_in_public_format"" : true, ""flexible_called"" : null, ""flexible_calling"" : null, ""calling_number_in_public_format"" : true, ""full_prefix"" : ""042250834"", ""calling_format"" : ""E164"", ""called_cli_policy"" : ""SIPDA""}"
3018,0,3,20,2250833,1,"{""id"" : -1, ""equipment_id"" : 53973, ""site_id"" : 3018, ""rank"" : 0, ""load"" : 1, ""cdr_info"" : ""098993991"", ""called_prefix"" : ""04"", ""called_number_in_public_format"" : true, ""flexible_called"" : null, ""flexible_calling"" : null, ""calling_number_in_public_format"" : true, ""full_prefix"" : ""042250833"", ""calling_format"" : ""E164"", ""called_cli_policy"" : ""SIPDA""}"
3018,1,3,20,2250834,1,"{""id"" : -1, ""equipment_id"" : 53974, ""site_id"" : 3018, ""rank"" : 1, ""load"" : 1, ""cdr_info"" : ""098993991"", ""called_prefix"" : ""04"", ""called_number_in_public_format"" : true, ""flexible_called"" : null, ""flexible_calling"" : null, ""calling_number_in_public_format"" : true, ""full_prefix"" : ""042250834"", ""calling_format"" : ""E164"", ""called_cli_policy"" : ""SIPDA""}"
3019,0,3,20,2250833,1,"{""id"" : -1, ""equipment_id"" : 53973, ""site_id"" : 3019, ""rank"" : 0, ""load"" : 1, ""cdr_info"" : ""098993991"", ""called_prefix"" : ""04"", ""called_number_in_public_format"" : true, ""flexible_called"" : null, ""flexible_calling"" : null, ""calling_number_in_public_format"" : true, ""full_prefix"" : ""042250833"", ""calling_format"" : ""E164"", ""called_cli_policy"" : ""SIPDA""}"
3019,1,3,20,2250834,1,"{""id"" : -1, ""equipment_id"" : 53974, ""site_id"" : 3019, ""rank"" : 1, ""load"" : 1, ""cdr_info"" : ""098993991"", ""called_prefix"" : ""04"", ""called_number_in_public_format"" : true, ""flexible_called"" : null, ""flexible_calling"" : null, ""calling_number_in_public_format"" : true, ""full_prefix"" : ""042250834"", ""calling_format"" : ""E164"", ""called_cli_policy"" : ""SIPDA""}"
3021,0,3,20,2315222,1,"{""id"" : -1, ""equipment_id"" : 48398, ""site_id"" : 3021, ""rank"" : 0, ""load"" : 1, ""cdr_info"" : ""098993999"", ""called_prefix"" : ""04"", ""called_number_in_public_format"" : false, ""flexible_called"" : null, ""flexible_calling"" : null, ""calling_number_in_public_format"" : false, ""full_prefix"" : ""042315222"", ""calling_format"" : ""FORMATTED"", ""called_cli_policy"" : ""SIPDA""}"
3022,0,3,20,2385693,1,"{""id"" : -1, ""equipment_id"" : 149725, ""site_id"" : 3022, ""rank"" : 0, ""load"" : 1, ""cdr_info"" : ""098994934"", ""called_prefix"" : ""04"", ""called_number_in_public_format"" : true, ""flexible_called"" : null, ""flexible_calling"" : null, ""calling_number_in_public_format"" : true, ""full_prefix"" : ""042385693"", ""calling_format"" : ""E164"", ""called_cli_policy"" : ""SIPDA""}"
3032,0,3,20,2250833,1,"{""id"" : -1, ""equipment_id"" : 53973, ""site_id"" : 3032, ""rank"" : 0, ""load"" : 1, ""cdr_info"" : ""098993991"", ""called_prefix"" : ""04"", ""called_number_in_public_format"" : true, ""flexible_called"" : null, ""flexible_calling"" : null, ""calling_number_in_public_format"" : true, ""full_prefix"" : ""042250833"", ""calling_format"" : ""E164"", ""called_cli_policy"" : ""SIPDA""}"
3032,1,3,20,2250834,1,"{""id"" : -1, ""equipment_id"" : 53974, ""site_id"" : 3032, ""rank"" : 1, ""load"" : 1, ""cdr_info"" : ""098993991"", ""called_prefix"" : ""04"", ""called_number_in_public_format"" : true, ""flexible_called"" : null, ""flexible_calling"" : null, ""calling_number_in_public_format"" : true, ""full_prefix"" : ""042250834"", ""calling_format"" : ""E164"", ""called_cli_policy"" : ""SIPDA""}"
3041,0,3,20,8950027,1,"{""id"" : -1, ""equipment_id"" : 64406, ""site_id"" : 3041, ""rank"" : 0, ""load"" : 1, ""cdr_info"" : ""098994907"", ""called_prefix"" : ""09"", ""called_number_in_public_format"" : true, ""flexible_called"" : null, ""flexible_calling"" : null, ""calling_number_in_public_format"" : true, ""full_prefix"" : ""098950027"", ""calling_format"" : ""E164"", ""called_cli_policy"" : ""SIPDA""}"
3101,1,3,20,2305463,1,"{""id"" : -1, ""equipment_id"" : 119987, ""site_id"" : 3101, ""rank"" : 1, ""load"" : 1, ""cdr_info"" : ""098993999"", ""called_prefix"" : ""04"", ""called_number_in_public_format"" : false, ""flexible_called"" : null, ""flexible_calling"" : null, ""calling_number_in_public_format"" : false, ""full_prefix"" : ""042305463"", ""calling_format"" : ""E164"", ""called_cli_policy"" : ""SIPDA""}"
3101,0,3,20,2305723,1,"{""id"" : -1, ""equipment_id"" : 34024, ""site_id"" : 3101, ""rank"" : 0, ""load"" : 1, ""cdr_info"" : ""098993999"", ""called_prefix"" : ""04"", ""called_number_in_public_format"" : false, ""flexible_called"" : null, ""flexible_calling"" : null, ""calling_number_in_public_format"" : false, ""full_prefix"" : ""042305723"", ""calling_format"" : ""E164"", ""called_cli_policy"" : ""SIPDA""}"
3112,1,3,20,2250833,1,"{""id"" : -1, ""equipment_id"" : 53973, ""site_id"" : 3112, ""rank"" : 1, ""load"" : 1, ""cdr_info"" : ""098993991"", ""called_prefix"" : ""04"", ""called_number_in_public_format"" : true, ""flexible_called"" : null, ""flexible_calling"" : null, ""calling_number_in_public_format"" : true, ""full_prefix"" : ""042250833"", ""calling_format"" : ""E164"", ""called_cli_policy"" : ""SIPDA""}"
3112,0,3,20,2250834,1,"{""id"" : -1, ""equipment_id"" : 53974, ""site_id"" : 3112, ""rank"" : 0, ""load"" : 1, ""cdr_info"" : ""098993991"", ""called_prefix"" : ""04"", ""called_number_in_public_format"" : true, ""flexible_called"" : null, ""flexible_calling"" : null, ""calling_number_in_public_format"" : true, ""full_prefix"" : ""042250834"", ""calling_format"" : ""E164"", ""called_cli_policy"" : ""SIPDA""}"
3113,1,3,20,2250833,1,"{""id"" : -1, ""equipment_id"" : 53973, ""site_id"" : 3113, ""rank"" : 1, ""load"" : 1, ""cdr_info"" : ""098993991"", ""called_prefix"" : ""04"", ""called_number_in_public_format"" : true, ""flexible_called"" : null, ""flexible_calling"" : null, ""calling_number_in_public_format"" : true, ""full_prefix"" : ""042250833"", ""calling_format"" : ""E164"", ""called_cli_policy"" : ""SIPDA""}"
3113,0,3,20,2250834,1,"{""id"" : -1, ""equipment_id"" : 53974, ""site_id"" : 3113, ""rank"" : 0, ""load"" : 1, ""cdr_info"" : ""098993991"", ""called_prefix"" : ""04"", ""called_number_in_public_format"" : true, ""flexible_called"" : null, ""flexible_calling"" : null, ""calling_number_in_public_format"" : true, ""full_prefix"" : ""042250834"", ""calling_format"" : ""E164"", ""called_cli_policy"" : ""SIPDA""}"
3120,0,3,20,2250833,1,"{""id"" : -1, ""equipment_id"" : 53973, ""site_id"" : 3120, ""rank"" : 0, ""load"" : 1, ""cdr_info"" : ""098993991"", ""called_prefix"" : ""04"", ""called_number_in_public_format"" : true, ""flexible_called"" : null, ""flexible_calling"" : null, ""calling_number_in_public_format"" : true, ""full_prefix"" : ""042250833"", ""calling_format"" : ""E164"", ""called_cli_policy"" : ""SIPDA""}"
3120,1,3,20,2250834,1,"{""id"" : -1, ""equipment_id"" : 53974, ""site_id"" : 3120, ""rank"" : 1, ""load"" : 1, ""cdr_info"" : ""098993991"", ""called_prefix"" : ""04"", ""called_number_in_public_format"" : true, ""flexible_called"" : null, ""flexible_calling"" : null, ""calling_number_in_public_format"" : true, ""full_prefix"" : ""042250834"", ""calling_format"" : ""E164"", ""called_cli_policy"" : ""SIPDA""}"
3141,0,3,20,2385693,1,"{""id"" : -1, ""equipment_id"" : 149725, ""site_id"" : 3141, ""rank"" : 0, ""load"" : 1, ""cdr_info"" : ""098994934"", ""called_prefix"" : ""04"", ""called_number_in_public_format"" : true, ""flexible_called"" : null, ""flexible_calling"" : null, ""calling_number_in_public_format"" : true, ""full_prefix"" : ""042385693"", ""calling_format"" : ""E164"", ""called_cli_policy"" : ""SIPDA""}"
3156,0,3,20,2310567,1,"{""id"" : -1, ""equipment_id"" : 52646, ""site_id"" : 3156, ""rank"" : 0, ""load"" : 1, ""cdr_info"" : ""098993999"", ""called_prefix"" : ""04"", ""called_number_in_public_format"" : false, ""flexible_called"" : null, ""flexible_calling"" : null, ""calling_number_in_public_format"" : false, ""full_prefix"" : ""042310567"", ""calling_format"" : ""FORMATTED"", ""called_cli_policy"" : ""SIPDA""}"
3161,0,3,20,5105080,1,"{""id"" : -1, ""equipment_id"" : 72248, ""site_id"" : 3161, ""rank"" : 0, ""load"" : 1, ""cdr_info"" : ""098993999"", ""called_prefix"" : ""09"", ""called_number_in_public_format"" : true, ""flexible_called"" : null, ""flexible_calling"" : null, ""calling_number_in_public_format"" : true, ""full_prefix"" : ""095105080"", ""calling_format"" : ""E164"", ""called_cli_policy"" : ""SIPDA""}"
3201,0,3,20,2385693,1,"{""id"" : -1, ""equipment_id"" : 149725, ""site_id"" : 3201, ""rank"" : 0, ""load"" : 1, ""cdr_info"" : ""098994934"", ""called_prefix"" : ""04"", ""called_number_in_public_format"" : true, ""flexible_called"" : null, ""flexible_calling"" : null, ""calling_number_in_public_format"" : true, ""full_prefix"" : ""042385693"", ""calling_format"" : ""E164"", ""called_cli_policy"" : ""SIPDA""}"
3221,0,3,20,8860240,1,"{""id"" : -1, ""equipment_id"" : 1157, ""site_id"" : 3221, ""rank"" : 0, ""load"" : 1, ""cdr_info"" : ""098997352"", ""called_prefix"" : ""09"", ""called_number_in_public_format"" : true, ""flexible_called"" : null, ""flexible_calling"" : null, ""calling_number_in_public_format"" : true, ""full_prefix"" : ""098860240"", ""calling_format"" : ""E164"", ""called_cli_policy"" : ""SIPDA""}"
3241,0,3,20,2245688,1,"{""id"" : -1, ""equipment_id"" : 50360, ""site_id"" : 3241, ""rank"" : 0, ""load"" : 1, ""cdr_info"" : ""098993999"", ""called_prefix"" : ""04"", ""called_number_in_public_format"" : false, ""flexible_called"" : null, ""flexible_calling"" : null, ""calling_number_in_public_format"" : false, ""full_prefix"" : ""042245688"", ""calling_format"" : ""E164"", ""called_cli_policy"" : ""SIPDA""}"
3261,0,3,20,2385693,1,"{""id"" : -1, ""equipment_id"" : 149725, ""site_id"" : 3261, ""rank"" : 0, ""load"" : 1, ""cdr_info"" : ""098994934"", ""called_prefix"" : ""04"", ""called_number_in_public_format"" : true, ""flexible_called"" : null, ""flexible_calling"" : null, ""calling_number_in_public_format"" : true, ""full_prefix"" : ""042385693"", ""calling_format"" : ""E164"", ""called_cli_policy"" : ""SIPDA""}"
3269,0,3,20,2310567,1,"{""id"" : -1, ""equipment_id"" : 52646, ""site_id"" : 3269, ""rank"" : 0, ""load"" : 1, ""cdr_info"" : ""098993999"", ""called_prefix"" : ""04"", ""called_number_in_public_format"" : false, ""flexible_called"" : null, ""flexible_calling"" : null, ""calling_number_in_public_format"" : false, ""full_prefix"" : ""042310567"", ""calling_format"" : ""FORMATTED"", ""called_cli_policy"" : ""SIPDA""}"
3270,0,3,20,2315222,1,"{""id"" : -1, ""equipment_id"" : 48398, ""site_id"" : 3270, ""rank"" : 0, ""load"" : 1, ""cdr_info"" : ""098993999"", ""called_prefix"" : ""04"", ""called_number_in_public_format"" : false, ""flexible_called"" : null, ""flexible_calling"" : null, ""calling_number_in_public_format"" : false, ""full_prefix"" : ""042315222"", ""calling_format"" : ""FORMATTED"", ""called_cli_policy"" : ""SIPDA""}"
3281,0,3,20,2385693,1,"{""id"" : -1, ""equipment_id"" : 149725, ""site_id"" : 3281, ""rank"" : 0, ""load"" : 1, ""cdr_info"" : ""098994934"", ""called_prefix"" : ""04"", ""called_number_in_public_format"" : true, ""flexible_called"" : null, ""flexible_calling"" : null, ""calling_number_in_public_format"" : true, ""full_prefix"" : ""042385693"", ""calling_format"" : ""E164"", ""called_cli_policy"" : ""SIPDA""}"
3284,0,3,20,2306070,1,"{""id"" : -1, ""equipment_id"" : 89881, ""site_id"" : 3284, ""rank"" : 0, ""load"" : 1, ""cdr_info"" : ""098993999"", ""called_prefix"" : ""04"", ""called_number_in_public_format"" : false, ""flexible_called"" : null, ""flexible_calling"" : null, ""calling_number_in_public_format"" : false, ""full_prefix"" : ""042306070"", ""calling_format"" : ""E164"", ""called_cli_policy"" : ""SIPDA""}"
3301,0,3,20,2360361,1,"{""id"" : -1, ""equipment_id"" : 53765, ""site_id"" : 3301, ""rank"" : 0, ""load"" : 1, ""cdr_info"" : ""098997087"", ""called_prefix"" : ""04"", ""called_number_in_public_format"" : true, ""flexible_called"" : null, ""flexible_calling"" : null, ""calling_number_in_public_format"" : true, ""full_prefix"" : ""042360361"", ""calling_format"" : ""E164"", ""called_cli_policy"" : ""SIPDA""}"
3301,1,3,20,2370117,1,"{""id"" : -1, ""equipment_id"" : 53766, ""site_id"" : 3301, ""rank"" : 1, ""load"" : 1, ""cdr_info"" : ""098997087"", ""called_prefix"" : ""04"", ""called_number_in_public_format"" : true, ""flexible_called"" : null, ""flexible_calling"" : null, ""calling_number_in_public_format"" : true, ""full_prefix"" : ""042370117"", ""calling_format"" : ""E164"", ""called_cli_policy"" : ""SIPDA""}"
3314,0,3,20,2306070,1,"{""id"" : -1, ""equipment_id"" : 89881, ""site_id"" : 3314, ""rank"" : 0, ""load"" : 1, ""cdr_info"" : ""098993999"", ""called_prefix"" : ""04"", ""called_number_in_public_format"" : false, ""flexible_called"" : null, ""flexible_calling"" : null, ""calling_number_in_public_format"" : false, ""full_prefix"" : ""042306070"", ""calling_format"" : ""E164"", ""called_cli_policy"" : ""SIPDA""}"
3317,0,3,20,2250833,1,"{""id"" : -1, ""equipment_id"" : 53973, ""site_id"" : 3317, ""rank"" : 0, ""load"" : 1, ""cdr_info"" : ""098993991"", ""called_prefix"" : ""04"", ""called_number_in_public_format"" : true, ""flexible_called"" : null, ""flexible_calling"" : null, ""calling_number_in_public_format"" : true, ""full_prefix"" : ""042250833"", ""calling_format"" : ""E164"", ""called_cli_policy"" : ""SIPDA""}"
3317,1,3,20,2250834,1,"{""id"" : -1, ""equipment_id"" : 53974, ""site_id"" : 3317, ""rank"" : 1, ""load"" : 1, ""cdr_info"" : ""098993991"", ""called_prefix"" : ""04"", ""called_number_in_public_format"" : true, ""flexible_called"" : null, ""flexible_calling"" : null, ""calling_number_in_public_format"" : true, ""full_prefix"" : ""042250834"", ""calling_format"" : ""E164"", ""called_cli_policy"" : ""SIPDA""}"
3321,0,3,20,2350068,1,"{""id"" : -1, ""equipment_id"" : 164662, ""site_id"" : 3321, ""rank"" : 0, ""load"" : 1, ""cdr_info"" : ""098993999"", ""called_prefix"" : ""04"", ""called_number_in_public_format"" : true, ""flexible_called"" : null, ""flexible_calling"" : null, ""calling_number_in_public_format"" : true, ""full_prefix"" : ""042350068"", ""calling_format"" : ""E164"", ""called_cli_policy"" : ""SIPDA""}"
3321,1,3,20,2350069,1,"{""id"" : -1, ""equipment_id"" : 164661, ""site_id"" : 3321, ""rank"" : 1, ""load"" : 1, ""cdr_info"" : ""098993999"", ""called_prefix"" : ""04"", ""called_number_in_public_format"" : true, ""flexible_called"" : null, ""flexible_calling"" : null, ""calling_number_in_public_format"" : true, ""full_prefix"" : ""042350069"", ""calling_format"" : ""E164"", ""called_cli_policy"" : ""SIPDA""}"
3324,0,3,20,2218117,1,"{""id"" : -1, ""equipment_id"" : 57047, ""site_id"" : 3324, ""rank"" : 0, ""load"" : 1, ""cdr_info"" : ""098993999"", ""called_prefix"" : ""04"", ""called_number_in_public_format"" : false, ""flexible_called"" : null, ""flexible_calling"" : null, ""calling_number_in_public_format"" : false, ""full_prefix"" : ""042218117"", ""calling_format"" : ""E164"", ""called_cli_policy"" : ""SIPDA""}"
3335,0,3,20,2325881,1,"{""id"" : -1, ""equipment_id"" : 83449, ""site_id"" : 3335, ""rank"" : 0, ""load"" : 1, ""cdr_info"" : ""098993999"", ""called_prefix"" : ""04"", ""called_number_in_public_format"" : false, ""flexible_called"" : null, ""flexible_calling"" : null, ""calling_number_in_public_format"" : false, ""full_prefix"" : ""042325881"", ""calling_format"" : ""E164"", ""called_cli_policy"" : ""SIPDA""}"
3341,0,3,20,2363878,1,"{""id"" : -1, ""equipment_id"" : 14982, ""site_id"" : 3341, ""rank"" : 0, ""load"" : 1, ""cdr_info"" : ""098997066"", ""called_prefix"" : ""04"", ""called_number_in_public_format"" : false, ""flexible_called"" : ""+390+PrivFulld"", ""flexible_calling"" : null, ""calling_number_in_public_format"" : true, ""full_prefix"" : ""042363878"", ""calling_format"" : ""E164"", ""called_cli_policy"" : ""SIPDA""}"
3347,0,3,20,2320048,1,"{""id"" : -1, ""equipment_id"" : 83447, ""site_id"" : 3347, ""rank"" : 0, ""load"" : 1, ""cdr_info"" : ""098993999"", ""called_prefix"" : ""04"", ""called_number_in_public_format"" : false, ""flexible_called"" : null, ""flexible_calling"" : null, ""calling_number_in_public_format"" : false, ""full_prefix"" : ""042320048"", ""calling_format"" : ""E164"", ""called_cli_policy"" : ""SIPDA""}"
3349,0,3,20,2306070,1,"{""id"" : -1, ""equipment_id"" : 89881, ""site_id"" : 3349, ""rank"" : 0, ""load"" : 1, ""cdr_info"" : ""098993999"", ""called_prefix"" : ""04"", ""called_number_in_public_format"" : false, ""flexible_called"" : null, ""flexible_calling"" : null, ""calling_number_in_public_format"" : false, ""full_prefix"" : ""042306070"", ""calling_format"" : ""E164"", ""called_cli_policy"" : ""SIPDA""}"
3350,0,3,20,2306070,1,"{""id"" : -1, ""equipment_id"" : 89881, ""site_id"" : 3350, ""rank"" : 0, ""load"" : 1, ""cdr_info"" : ""098993999"", ""called_prefix"" : ""04"", ""called_number_in_public_format"" : false, ""flexible_called"" : null, ""flexible_calling"" : null, ""calling_number_in_public_format"" : false, ""full_prefix"" : ""042306070"", ""calling_format"" : ""E164"", ""called_cli_policy"" : ""SIPDA""}"
3361,1,3,20,2385353,1,"{""id"" : -1, ""equipment_id"" : 111581, ""site_id"" : 3361, ""rank"" : 1, ""load"" : 1, ""cdr_info"" : ""098994867"", ""called_prefix"" : ""04"", ""called_number_in_public_format"" : true, ""flexible_called"" : ""PubFulld"", ""flexible_calling"" : null, ""calling_number_in_public_format"" : true, ""full_prefix"" : ""042385353"", ""calling_format"" : ""E164"", ""called_cli_policy"" : ""SIPDA""}"
3361,0,3,20,2385653,1,"{""id"" : -1, ""equipment_id"" : 146284, ""site_id"" : 3361, ""rank"" : 0, ""load"" : 1, ""cdr_info"" : ""098994867"", ""called_prefix"" : ""04"", ""called_number_in_public_format"" : true, ""flexible_called"" : ""PubFulld"", ""flexible_calling"" : null, ""calling_number_in_public_format"" : true, ""full_prefix"" : ""042385653"", ""calling_format"" : ""E164"", ""called_cli_policy"" : ""SIPDA""}"
3374,0,3,20,2390150,1,"{""id"" : -1, ""equipment_id"" : 47646, ""site_id"" : 3374, ""rank"" : 0, ""load"" : 1, ""cdr_info"" : ""098993650"", ""called_prefix"" : ""08"", ""called_number_in_public_format"" : false, ""flexible_called"" : null, ""flexible_calling"" : null, ""calling_number_in_public_format"" : false, ""full_prefix"" : ""082390150"", ""calling_format"" : ""E164"", ""called_cli_policy"" : ""SIPDA""}"
3381,0,3,20,2363801,1,"{""id"" : -1, ""equipment_id"" : 177424, ""site_id"" : 3381, ""rank"" : 0, ""load"" : 1, ""cdr_info"" : ""098994977"", ""called_prefix"" : ""04"", ""called_number_in_public_format"" : true, ""flexible_called"" : null, ""flexible_calling"" : null, ""calling_number_in_public_format"" : true, ""full_prefix"" : ""042363801"", ""calling_format"" : ""E164"", ""called_cli_policy"" : ""SIPDA""}"
3381,0,3,20,2373800,1,"{""id"" : -1, ""equipment_id"" : 177663, ""site_id"" : 3381, ""rank"" : 0, ""load"" : 1, ""cdr_info"" : ""098994977"", ""called_prefix"" : ""04"", ""called_number_in_public_format"" : true, ""flexible_called"" : null, ""flexible_calling"" : null, ""calling_number_in_public_format"" : true, ""full_prefix"" : ""042373800"", ""calling_format"" : ""E164"", ""called_cli_policy"" : ""SIPDA""}"
3389,0,3,20,2315369,1,"{""id"" : -1, ""equipment_id"" : 83442, ""site_id"" : 3389, ""rank"" : 0, ""load"" : 1, ""cdr_info"" : ""098993999"", ""called_prefix"" : ""04"", ""called_number_in_public_format"" : false, ""flexible_called"" : null, ""flexible_calling"" : null, ""calling_number_in_public_format"" : false, ""full_prefix"" : ""042315369"", ""calling_format"" : ""E164"", ""called_cli_policy"" : ""SIPDA""}"
3401,0,3,20,2385985,1,"{""id"" : -1, ""equipment_id"" : 607, ""site_id"" : 3401, ""rank"" : 0, ""load"" : 1, ""cdr_info"" : ""098997445"", ""called_prefix"" : ""04"", ""called_number_in_public_format"" : true, ""flexible_called"" : null, ""flexible_calling"" : null, ""calling_number_in_public_format"" : true, ""full_prefix"" : ""042385985"", ""calling_format"" : ""E164"", ""called_cli_policy"" : ""SIPDA""}"
3401,1,3,20,2385986,1,"{""id"" : -1, ""equipment_id"" : 608, ""site_id"" : 3401, ""rank"" : 1, ""load"" : 1, ""cdr_info"" : ""098997445"", ""called_prefix"" : ""04"", ""called_number_in_public_format"" : true, ""flexible_called"" : null, ""flexible_calling"" : null, ""calling_number_in_public_format"" : true, ""full_prefix"" : ""042385986"", ""calling_format"" : ""E164"", ""called_cli_policy"" : ""SIPDA""}"
3402,0,3,20,2385956,1,"{""id"" : -1, ""equipment_id"" : 68491, ""site_id"" : 3402, ""rank"" : 0, ""load"" : 1, ""cdr_info"" : ""098993670"", ""called_prefix"" : ""04"", ""called_number_in_public_format"" : true, ""flexible_called"" : null, ""flexible_calling"" : null, ""calling_number_in_public_format"" : true, ""full_prefix"" : ""042385956"", ""calling_format"" : ""E164"", ""called_cli_policy"" : ""SIPDA""}"
3402,0,3,20,2385957,1,"{""id"" : -1, ""equipment_id"" : 68493, ""site_id"" : 3402, ""rank"" : 0, ""load"" : 1, ""cdr_info"" : ""098993670"", ""called_prefix"" : ""04"", ""called_number_in_public_format"" : true, ""flexible_called"" : null, ""flexible_calling"" : null, ""calling_number_in_public_format"" : true, ""full_prefix"" : ""042385957"", ""calling_format"" : ""E164"", ""called_cli_policy"" : ""SIPDA""}"
3418,0,3,20,2214430,1,"{""id"" : -1, ""equipment_id"" : 62008, ""site_id"" : 3418, ""rank"" : 0, ""load"" : 1, ""cdr_info"" : ""098993999"", ""called_prefix"" : ""04"", ""called_number_in_public_format"" : true, ""flexible_called"" : null, ""flexible_calling"" : null, ""calling_number_in_public_format"" : true, ""full_prefix"" : ""042214430"", ""calling_format"" : ""E164"", ""called_cli_policy"" : ""SIPDA""}"
3418,1,3,20,2310042,1,"{""id"" : -1, ""equipment_id"" : 117286, ""site_id"" : 3418, ""rank"" : 1, ""load"" : 1, ""cdr_info"" : ""098993999"", ""called_prefix"" : ""04"", ""called_number_in_public_format"" : false, ""flexible_called"" : null, ""flexible_calling"" : null, ""calling_number_in_public_format"" : false, ""full_prefix"" : ""042310042"", ""calling_format"" : ""E164"", ""called_cli_policy"" : ""SIPDA""}"
3421,0,3,20,2306070,1,"{""id"" : -1, ""equipment_id"" : 89881, ""site_id"" : 3421, ""rank"" : 0, ""load"" : 1, ""cdr_info"" : ""098993999"", ""called_prefix"" : ""04"", ""called_number_in_public_format"" : false, ""flexible_called"" : null, ""flexible_calling"" : null, ""calling_number_in_public_format"" : false, ""full_prefix"" : ""042306070"", ""calling_format"" : ""E164"", ""called_cli_policy"" : ""SIPDA""}"
3424,0,3,20,2306070,1,"{""id"" : -1, ""equipment_id"" : 89881, ""site_id"" : 3424, ""rank"" : 0, ""load"" : 1, ""cdr_info"" : ""098993999"", ""called_prefix"" : ""04"", ""called_number_in_public_format"" : false, ""flexible_called"" : null, ""flexible_calling"" : null, ""calling_number_in_public_format"" : false, ""full_prefix"" : ""042306070"", ""calling_format"" : ""E164"", ""called_cli_policy"" : ""SIPDA""}"
3441,0,3,20,2385956,1,"{""id"" : -1, ""equipment_id"" : 68491, ""site_id"" : 3441, ""rank"" : 0, ""load"" : 1, ""cdr_info"" : ""098993670"", ""called_prefix"" : ""04"", ""called_number_in_public_format"" : true, ""flexible_called"" : null, ""flexible_calling"" : null, ""calling_number_in_public_format"" : true, ""full_prefix"" : ""042385956"", ""calling_format"" : ""E164"", ""called_cli_policy"" : ""SIPDA""}"
3441,0,3,20,2385957,1,"{""id"" : -1, ""equipment_id"" : 68493, ""site_id"" : 3441, ""rank"" : 0, ""load"" : 1, ""cdr_info"" : ""098993670"", ""called_prefix"" : ""04"", ""called_number_in_public_format"" : true, ""flexible_called"" : null, ""flexible_calling"" : null, ""calling_number_in_public_format"" : true, ""full_prefix"" : ""042385957"", ""calling_format"" : ""E164"", ""called_cli_policy"" : ""SIPDA""}"
3462,0,3,20,2385956,1,"{""id"" : -1, ""equipment_id"" : 68491, ""site_id"" : 3462, ""rank"" : 0, ""load"" : 1, ""cdr_info"" : ""098993670"", ""called_prefix"" : ""04"", ""called_number_in_public_format"" : true, ""flexible_called"" : null, ""flexible_calling"" : null, ""calling_number_in_public_format"" : true, ""full_prefix"" : ""042385956"", ""calling_format"" : ""E164"", ""called_cli_policy"" : ""SIPDA""}"
3462,0,3,20,2385957,1,"{""id"" : -1, ""equipment_id"" : 68493, ""site_id"" : 3462, ""rank"" : 0, ""load"" : 1, ""cdr_info"" : ""098993670"", ""called_prefix"" : ""04"", ""called_number_in_public_format"" : true, ""flexible_called"" : null, ""flexible_calling"" : null, ""calling_number_in_public_format"" : true, ""full_prefix"" : ""042385957"", ""calling_format"" : ""E164"", ""called_cli_policy"" : ""SIPDA""}"
3476,0,3,20,2250833,1,"{""id"" : -1, ""equipment_id"" : 53973, ""site_id"" : 3476, ""rank"" : 0, ""load"" : 1, ""cdr_info"" : ""098993991"", ""called_prefix"" : ""04"", ""called_number_in_public_format"" : true, ""flexible_called"" : null, ""flexible_calling"" : null, ""calling_number_in_public_format"" : true, ""full_prefix"" : ""042250833"", ""calling_format"" : ""E164"", ""called_cli_policy"" : ""SIPDA""}"
3476,1,3,20,2250834,1,"{""id"" : -1, ""equipment_id"" : 53974, ""site_id"" : 3476, ""rank"" : 1, ""load"" : 1, ""cdr_info"" : ""098993991"", ""called_prefix"" : ""04"", ""called_number_in_public_format"" : true, ""flexible_called"" : null, ""flexible_calling"" : null, ""calling_number_in_public_format"" : true, ""full_prefix"" : ""042250834"", ""calling_format"" : ""E164"", ""called_cli_policy"" : ""SIPDA""}"
3482,0,3,20,2315222,1,"{""id"" : -1, ""equipment_id"" : 48398, ""site_id"" : 3482, ""rank"" : 0, ""load"" : 1, ""cdr_info"" : ""098993999"", ""called_prefix"" : ""04"", ""called_number_in_public_format"" : false, ""flexible_called"" : null, ""flexible_calling"" : null, ""calling_number_in_public_format"" : false, ""full_prefix"" : ""042315222"", ""calling_format"" : ""FORMATTED"", ""called_cli_policy"" : ""SIPDA""}"
3485,0,3,20,8946006,1,"{""id"" : -1, ""equipment_id"" : 1986, ""site_id"" : 3485, ""rank"" : 0, ""load"" : 1, ""cdr_info"" : ""098997468"", ""called_prefix"" : ""09"", ""called_number_in_public_format"" : true, ""flexible_called"" : null, ""flexible_calling"" : null, ""calling_number_in_public_format"" : true, ""full_prefix"" : ""098946006"", ""calling_format"" : ""E164"", ""called_cli_policy"" : ""SIPDA""}"
3497,0,3,20,2315222,1,"{""id"" : -1, ""equipment_id"" : 48398, ""site_id"" : 3497, ""rank"" : 0, ""load"" : 1, ""cdr_info"" : ""098993999"", ""called_prefix"" : ""04"", ""called_number_in_public_format"" : false, ""flexible_called"" : null, ""flexible_calling"" : null, ""calling_number_in_public_format"" : false, ""full_prefix"" : ""042315222"", ""calling_format"" : ""FORMATTED"", ""called_cli_policy"" : ""SIPDA""}"
3502,0,3,20,2365290,1,"{""id"" : -1, ""equipment_id"" : 10535, ""site_id"" : 3502, ""rank"" : 0, ""load"" : 1, ""cdr_info"" : ""098997468"", ""called_prefix"" : ""04"", ""called_number_in_public_format"" : true, ""flexible_called"" : null, ""flexible_calling"" : null, ""calling_number_in_public_format"" : true, ""full_prefix"" : ""042365290"", ""calling_format"" : ""E164"", ""called_cli_policy"" : ""SIPDA""}"
3515,0,3,20,2222244,1,"{""id"" : -1, ""equipment_id"" : 136122, ""site_id"" : 3515, ""rank"" : 0, ""load"" : 1, ""cdr_info"" : ""098993999"", ""called_prefix"" : ""04"", ""called_number_in_public_format"" : false, ""flexible_called"" : null, ""flexible_calling"" : null, ""calling_number_in_public_format"" : false, ""full_prefix"" : ""042222244"", ""calling_format"" : ""E164"", ""called_cli_policy"" : ""SIPDA""}"
3521,1,3,20,2385166,1,"{""id"" : -1, ""equipment_id"" : 70356, ""site_id"" : 3521, ""rank"" : 1, ""load"" : 1, ""cdr_info"" : ""098994898"", ""called_prefix"" : ""04"", ""called_number_in_public_format"" : false, ""flexible_called"" : null, ""flexible_calling"" : null, ""calling_number_in_public_format"" : false, ""full_prefix"" : ""042385166"", ""calling_format"" : ""E164"", ""called_cli_policy"" : ""SIPDA""}"
3521,4,3,20,2385816,1,"{""id"" : -1, ""equipment_id"" : 171162, ""site_id"" : 3521, ""rank"" : 4, ""load"" : 1, ""cdr_info"" : ""098994898"", ""called_prefix"" : ""04"", ""called_number_in_public_format"" : false, ""flexible_called"" : null, ""flexible_calling"" : null, ""calling_number_in_public_format"" : false, ""full_prefix"" : ""042385816"", ""calling_format"" : ""E164"", ""called_cli_policy"" : ""SIPDA""}"
3521,2,3,20,2390082,1,"{""id"" : -1, ""equipment_id"" : 70357, ""site_id"" : 3521, ""rank"" : 2, ""load"" : 1, ""cdr_info"" : ""098994898"", ""called_prefix"" : ""04"", ""called_number_in_public_format"" : false, ""flexible_called"" : null, ""flexible_calling"" : null, ""calling_number_in_public_format"" : false, ""full_prefix"" : ""042390082"", ""calling_format"" : ""E164"", ""called_cli_policy"" : ""SIPDA""}"
3521,3,3,20,2405074,1,"{""id"" : -1, ""equipment_id"" : 70253, ""site_id"" : 3521, ""rank"" : 3, ""load"" : 1, ""cdr_info"" : ""098994898"", ""called_prefix"" : ""04"", ""called_number_in_public_format"" : false, ""flexible_called"" : null, ""flexible_calling"" : null, ""calling_number_in_public_format"" : false, ""full_prefix"" : ""042405074"", ""calling_format"" : ""E164"", ""called_cli_policy"" : ""SIPDA""}"
3521,0,3,20,8940012,1,"{""id"" : -1, ""equipment_id"" : 69174, ""site_id"" : 3521, ""rank"" : 0, ""load"" : 1, ""cdr_info"" : ""098994898"", ""called_prefix"" : ""09"", ""called_number_in_public_format"" : true, ""flexible_called"" : null, ""flexible_calling"" : null, ""calling_number_in_public_format"" : true, ""full_prefix"" : ""098940012"", ""calling_format"" : ""E164"", ""called_cli_policy"" : ""SIPDA""}"
3522,0,3,20,2363838,1,"{""id"" : -1, ""equipment_id"" : 60480, ""site_id"" : 3522, ""rank"" : 0, ""load"" : 1, ""cdr_info"" : ""098997168"", ""called_prefix"" : ""04"", ""called_number_in_public_format"" : true, ""flexible_called"" : null, ""flexible_calling"" : null, ""calling_number_in_public_format"" : true, ""full_prefix"" : ""042363838"", ""calling_format"" : ""E164"", ""called_cli_policy"" : ""SIPDA""}"
3522,1,3,20,2363839,1,"{""id"" : -1, ""equipment_id"" : 60967, ""site_id"" : 3522, ""rank"" : 1, ""load"" : 1, ""cdr_info"" : ""098997168"", ""called_prefix"" : ""04"", ""called_number_in_public_format"" : true, ""flexible_called"" : null, ""flexible_calling"" : null, ""calling_number_in_public_format"" : true, ""full_prefix"" : ""042363839"", ""calling_format"" : ""E164"", ""called_cli_policy"" : ""SIPDA""}"
3532,0,3,20,2310567,1,"{""id"" : -1, ""equipment_id"" : 52646, ""site_id"" : 3532, ""rank"" : 0, ""load"" : 1, ""cdr_info"" : ""098993999"", ""called_prefix"" : ""04"", ""called_number_in_public_format"" : false, ""flexible_called"" : null, ""flexible_calling"" : null, ""calling_number_in_public_format"" : false, ""full_prefix"" : ""042310567"", ""calling_format"" : ""E164"", ""called_cli_policy"" : ""SIPDA""}"
3533,0,3,20,2310567,1,"{""id"" : -1, ""equipment_id"" : 52646, ""site_id"" : 3533, ""rank"" : 0, ""load"" : 1, ""cdr_info"" : ""098993999"", ""called_prefix"" : ""04"", ""called_number_in_public_format"" : false, ""flexible_called"" : null, ""flexible_calling"" : null, ""calling_number_in_public_format"" : false, ""full_prefix"" : ""042310567"", ""calling_format"" : ""FORMATTED"", ""called_cli_policy"" : ""SIPDA""}"
3534,0,3,20,2310567,1,"{""id"" : -1, ""equipment_id"" : 52646, ""site_id"" : 3534, ""rank"" : 0, ""load"" : 1, ""cdr_info"" : ""098993999"", ""called_prefix"" : ""04"", ""called_number_in_public_format"" : false, ""flexible_called"" : null, ""flexible_calling"" : null, ""calling_number_in_public_format"" : false, ""full_prefix"" : ""042310567"", ""calling_format"" : ""FORMATTED"", ""called_cli_policy"" : ""SIPDA""}"
3542,0,3,20,8944021,1,"{""id"" : -1, ""equipment_id"" : 750, ""site_id"" : 3542, ""rank"" : 0, ""load"" : 1, ""cdr_info"" : ""098997468"", ""called_prefix"" : ""09"", ""called_number_in_public_format"" : true, ""flexible_called"" : null, ""flexible_calling"" : null, ""calling_number_in_public_format"" : true, ""full_prefix"" : ""098944021"", ""calling_format"" : ""E164"", ""called_cli_policy"" : ""SIPDA""}"
3543,0,3,20,8860270,1,"{""id"" : -1, ""equipment_id"" : 3542, ""site_id"" : 3543, ""rank"" : 0, ""load"" : 1, ""cdr_info"" : ""098997468"", ""called_prefix"" : ""09"", ""called_number_in_public_format"" : true, ""flexible_called"" : null, ""flexible_calling"" : null, ""calling_number_in_public_format"" : true, ""full_prefix"" : ""098860270"", ""calling_format"" : ""E164"", ""called_cli_policy"" : ""SIPDA""}"
3550,0,3,20,2306070,1,"{""id"" : -1, ""equipment_id"" : 89881, ""site_id"" : 3550, ""rank"" : 0, ""load"" : 1, ""cdr_info"" : ""098993999"", ""called_prefix"" : ""04"", ""called_number_in_public_format"" : false, ""flexible_called"" : null, ""flexible_calling"" : null, ""calling_number_in_public_format"" : false, ""full_prefix"" : ""042306070"", ""calling_format"" : ""E164"", ""called_cli_policy"" : ""SIPDA""}"
3561,0,3,20,2363838,1,"{""id"" : -1, ""equipment_id"" : 60480, ""site_id"" : 3561, ""rank"" : 0, ""load"" : 1, ""cdr_info"" : ""098997168"", ""called_prefix"" : ""04"", ""called_number_in_public_format"" : true, ""flexible_called"" : null, ""flexible_calling"" : null, ""calling_number_in_public_format"" : true, ""full_prefix"" : ""042363838"", ""calling_format"" : ""E164"", ""called_cli_policy"" : ""SIPDA""}"
3561,1,3,20,2363839,1,"{""id"" : -1, ""equipment_id"" : 60967, ""site_id"" : 3561, ""rank"" : 1, ""load"" : 1, ""cdr_info"" : ""098997168"", ""called_prefix"" : ""04"", ""called_number_in_public_format"" : true, ""flexible_called"" : null, ""flexible_calling"" : null, ""calling_number_in_public_format"" : true, ""full_prefix"" : ""042363839"", ""calling_format"" : ""E164"", ""called_cli_policy"" : ""SIPDA""}"
3574,0,3,20,2315222,1,"{""id"" : -1, ""equipment_id"" : 48398, ""site_id"" : 3574, ""rank"" : 0, ""load"" : 1, ""cdr_info"" : ""098993999"", ""called_prefix"" : ""04"", ""called_number_in_public_format"" : false, ""flexible_called"" : null, ""flexible_calling"" : null, ""calling_number_in_public_format"" : false, ""full_prefix"" : ""042315222"", ""calling_format"" : ""FORMATTED"", ""called_cli_policy"" : ""SIPDA""}"
3601,0,3,20,8810021,1,"{""id"" : -1, ""equipment_id"" : 622, ""site_id"" : 3601, ""rank"" : 0, ""load"" : 1, ""cdr_info"" : ""098997470"", ""called_prefix"" : ""09"", ""called_number_in_public_format"" : true, ""flexible_called"" : null, ""flexible_calling"" : null, ""calling_number_in_public_format"" : true, ""full_prefix"" : ""098810021"", ""calling_format"" : ""E164"", ""called_cli_policy"" : ""SIPDA""}"
3621,0,3,20,8810021,1,"{""id"" : -1, ""equipment_id"" : 622, ""site_id"" : 3621, ""rank"" : 0, ""load"" : 1, ""cdr_info"" : ""098997470"", ""called_prefix"" : ""09"", ""called_number_in_public_format"" : true, ""flexible_called"" : null, ""flexible_calling"" : null, ""calling_number_in_public_format"" : true, ""full_prefix"" : ""098810021"", ""calling_format"" : ""E164"", ""called_cli_policy"" : ""SIPDA""}"
3622,0,3,20,2214323,1,"{""id"" : -1, ""equipment_id"" : 1103, ""site_id"" : 3622, ""rank"" : 0, ""load"" : 1, ""cdr_info"" : ""098993999"", ""called_prefix"" : ""04"", ""called_number_in_public_format"" : false, ""flexible_called"" : null, ""flexible_calling"" : null, ""calling_number_in_public_format"" : false, ""full_prefix"" : ""042214323"", ""calling_format"" : ""E164"", ""called_cli_policy"" : ""SIPDA""}"
3641,0,3,20,8810021,1,"{""id"" : -1, ""equipment_id"" : 622, ""site_id"" : 3641, ""rank"" : 0, ""load"" : 1, ""cdr_info"" : ""098997470"", ""called_prefix"" : ""09"", ""called_number_in_public_format"" : true, ""flexible_called"" : null, ""flexible_calling"" : null, ""calling_number_in_public_format"" : true, ""full_prefix"" : ""098810021"", ""calling_format"" : ""E164"", ""called_cli_policy"" : ""SIPDA""}"
3662,0,3,20,8810021,1,"{""id"" : -1, ""equipment_id"" : 622, ""site_id"" : 3662, ""rank"" : 0, ""load"" : 1, ""cdr_info"" : ""098997470"", ""called_prefix"" : ""09"", ""called_number_in_public_format"" : true, ""flexible_called"" : null, ""flexible_calling"" : null, ""calling_number_in_public_format"" : true, ""full_prefix"" : ""098810021"", ""calling_format"" : ""E164"", ""called_cli_policy"" : ""SIPDA""}"
3664,0,3,20,2395105,1,"{""id"" : -1, ""equipment_id"" : 97341, ""site_id"" : 3664, ""rank"" : 0, ""load"" : 1, ""cdr_info"" : ""9998877899"", ""called_prefix"" : ""04"", ""called_number_in_public_format"" : false, ""flexible_called"" : null, ""flexible_calling"" : null, ""calling_number_in_public_format"" : false, ""full_prefix"" : ""042395105"", ""calling_format"" : ""E164"", ""called_cli_policy"" : ""SIPDA""}"
3681,0,3,20,8810021,1,"{""id"" : -1, ""equipment_id"" : 622, ""site_id"" : 3681, ""rank"" : 0, ""load"" : 1, ""cdr_info"" : ""098997470"", ""called_prefix"" : ""09"", ""called_number_in_public_format"" : true, ""flexible_called"" : null, ""flexible_calling"" : null, ""calling_number_in_public_format"" : true, ""full_prefix"" : ""098810021"", ""calling_format"" : ""E164"", ""called_cli_policy"" : ""SIPDA""}"
3682,0,3,20,2245220,1,"{""id"" : -1, ""equipment_id"" : 49092, ""site_id"" : 3682, ""rank"" : 0, ""load"" : 1, ""cdr_info"" : ""098993999"", ""called_prefix"" : ""04"", ""called_number_in_public_format"" : false, ""flexible_called"" : null, ""flexible_calling"" : null, ""calling_number_in_public_format"" : false, ""full_prefix"" : ""042245220"", ""calling_format"" : ""E164"", ""called_cli_policy"" : ""SIPDA""}"
3683,0,3,20,8810021,1,"{""id"" : -1, ""equipment_id"" : 622, ""site_id"" : 3683, ""rank"" : 0, ""load"" : 1, ""cdr_info"" : ""098997470"", ""called_prefix"" : ""09"", ""called_number_in_public_format"" : true, ""flexible_called"" : null, ""flexible_calling"" : null, ""calling_number_in_public_format"" : true, ""full_prefix"" : ""098810021"", ""calling_format"" : ""E164"", ""called_cli_policy"" : ""SIPDA""}"
3701,0,3,20,5105159,1,"{""id"" : -1, ""equipment_id"" : 74003, ""site_id"" : 3701, ""rank"" : 0, ""load"" : 1, ""cdr_info"" : ""098993999"", ""called_prefix"" : ""09"", ""called_number_in_public_format"" : false, ""flexible_called"" : null, ""flexible_calling"" : null, ""calling_number_in_public_format"" : false, ""full_prefix"" : ""095105159"", ""calling_format"" : ""E164"", ""called_cli_policy"" : ""SIPDA""}"
3702,0,3,20,8810021,1,"{""id"" : -1, ""equipment_id"" : 622, ""site_id"" : 3702, ""rank"" : 0, ""load"" : 1, ""cdr_info"" : ""098997470"", ""called_prefix"" : ""09"", ""called_number_in_public_format"" : true, ""flexible_called"" : null, ""flexible_calling"" : null, ""calling_number_in_public_format"" : true, ""full_prefix"" : ""098810021"", ""calling_format"" : ""E164"", ""called_cli_policy"" : ""SIPDA""}"
3723,0,3,20,2250833,1,"{""id"" : -1, ""equipment_id"" : 53973, ""site_id"" : 3723, ""rank"" : 0, ""load"" : 1, ""cdr_info"" : ""098993991"", ""called_prefix"" : ""04"", ""called_number_in_public_format"" : true, ""flexible_called"" : null, ""flexible_calling"" : null, ""calling_number_in_public_format"" : true, ""full_prefix"" : ""042250833"", ""calling_format"" : ""E164"", ""called_cli_policy"" : ""SIPDA""}"
3723,1,3,20,2250834,1,"{""id"" : -1, ""equipment_id"" : 53974, ""site_id"" : 3723, ""rank"" : 1, ""load"" : 1, ""cdr_info"" : ""098993991"", ""called_prefix"" : ""04"", ""called_number_in_public_format"" : true, ""flexible_called"" : null, ""flexible_calling"" : null, ""calling_number_in_public_format"" : true, ""full_prefix"" : ""042250834"", ""calling_format"" : ""E164"", ""called_cli_policy"" : ""SIPDA""}"
3728,0,3,20,2315513,1,"{""id"" : -1, ""equipment_id"" : 3361, ""site_id"" : 3728, ""rank"" : 0, ""load"" : 1, ""cdr_info"" : ""098993999"", ""called_prefix"" : ""04"", ""called_number_in_public_format"" : false, ""flexible_called"" : null, ""flexible_calling"" : null, ""calling_number_in_public_format"" : false, ""full_prefix"" : ""042315513"", ""calling_format"" : ""E164"", ""called_cli_policy"" : ""SIPDA""}"
3729,0,3,20,2223875,1,"{""id"" : -1, ""equipment_id"" : 70258, ""site_id"" : 3729, ""rank"" : 0, ""load"" : 1, ""cdr_info"" : ""098993999"", ""called_prefix"" : ""04"", ""called_number_in_public_format"" : false, ""flexible_called"" : null, ""flexible_calling"" : null, ""calling_number_in_public_format"" : false, ""full_prefix"" : ""042223875"", ""calling_format"" : ""E164"", ""called_cli_policy"" : ""SIPDA""}"
3729,1,3,20,2310495,1,"{""id"" : -1, ""equipment_id"" : 50961, ""site_id"" : 3729, ""rank"" : 1, ""load"" : 1, ""cdr_info"" : ""098993999"", ""called_prefix"" : ""04"", ""called_number_in_public_format"" : false, ""flexible_called"" : null, ""flexible_calling"" : null, ""calling_number_in_public_format"" : false, ""full_prefix"" : ""042310495"", ""calling_format"" : ""E164"", ""called_cli_policy"" : ""SIPDA""}"
3731,0,3,20,2315513,1,"{""id"" : -1, ""equipment_id"" : 3361, ""site_id"" : 3731, ""rank"" : 0, ""load"" : 1, ""cdr_info"" : ""098993999"", ""called_prefix"" : ""04"", ""called_number_in_public_format"" : false, ""flexible_called"" : null, ""flexible_calling"" : null, ""calling_number_in_public_format"" : false, ""full_prefix"" : ""042315513"", ""calling_format"" : ""E164"", ""called_cli_policy"" : ""SIPDA""}"
3734,1,3,20,2250833,1,"{""id"" : -1, ""equipment_id"" : 53973, ""site_id"" : 3734, ""rank"" : 1, ""load"" : 1, ""cdr_info"" : ""098993991"", ""called_prefix"" : ""04"", ""called_number_in_public_format"" : true, ""flexible_called"" : null, ""flexible_calling"" : null, ""calling_number_in_public_format"" : true, ""full_prefix"" : ""042250833"", ""calling_format"" : ""E164"", ""called_cli_policy"" : ""SIPDA""}"
3734,0,3,20,2250834,1,"{""id"" : -1, ""equipment_id"" : 53974, ""site_id"" : 3734, ""rank"" : 0, ""load"" : 1, ""cdr_info"" : ""098993991"", ""called_prefix"" : ""04"", ""called_number_in_public_format"" : true, ""flexible_called"" : null, ""flexible_calling"" : null, ""calling_number_in_public_format"" : true, ""full_prefix"" : ""042250834"", ""calling_format"" : ""E164"", ""called_cli_policy"" : ""SIPDA""}"
3735,0,3,20,2250833,1,"{""id"" : -1, ""equipment_id"" : 53973, ""site_id"" : 3735, ""rank"" : 0, ""load"" : 1, ""cdr_info"" : ""098993991"", ""called_prefix"" : ""04"", ""called_number_in_public_format"" : true, ""flexible_called"" : null, ""flexible_calling"" : null, ""calling_number_in_public_format"" : true, ""full_prefix"" : ""042250833"", ""calling_format"" : ""E164"", ""called_cli_policy"" : ""SIPDA""}"
3735,1,3,20,2250834,1,"{""id"" : -1, ""equipment_id"" : 53974, ""site_id"" : 3735, ""rank"" : 1, ""load"" : 1, ""cdr_info"" : ""098993991"", ""called_prefix"" : ""04"", ""called_number_in_public_format"" : true, ""flexible_called"" : null, ""flexible_calling"" : null, ""calling_number_in_public_format"" : true, ""full_prefix"" : ""042250834"", ""calling_format"" : ""E164"", ""called_cli_policy"" : ""SIPDA""}"
3737,1,3,20,2250833,1,"{""id"" : -1, ""equipment_id"" : 53973, ""site_id"" : 3737, ""rank"" : 1, ""load"" : 1, ""cdr_info"" : ""098993991"", ""called_prefix"" : ""04"", ""called_number_in_public_format"" : true, ""flexible_called"" : null, ""flexible_calling"" : null, ""calling_number_in_public_format"" : true, ""full_prefix"" : ""042250833"", ""calling_format"" : ""E164"", ""called_cli_policy"" : ""SIPDA""}"
3737,0,3,20,2250834,1,"{""id"" : -1, ""equipment_id"" : 53974, ""site_id"" : 3737, ""rank"" : 0, ""load"" : 1, ""cdr_info"" : ""098993991"", ""called_prefix"" : ""04"", ""called_number_in_public_format"" : true, ""flexible_called"" : null, ""flexible_calling"" : null, ""calling_number_in_public_format"" : true, ""full_prefix"" : ""042250834"", ""calling_format"" : ""E164"", ""called_cli_policy"" : ""SIPDA""}"
3738,0,3,20,2250833,1,"{""id"" : -1, ""equipment_id"" : 53973, ""site_id"" : 3738, ""rank"" : 0, ""load"" : 1, ""cdr_info"" : ""098993991"", ""called_prefix"" : ""04"", ""called_number_in_public_format"" : true, ""flexible_called"" : null, ""flexible_calling"" : null, ""calling_number_in_public_format"" : true, ""full_prefix"" : ""042250833"", ""calling_format"" : ""E164"", ""called_cli_policy"" : ""SIPDA""}"
3738,1,3,20,2250834,1,"{""id"" : -1, ""equipment_id"" : 53974, ""site_id"" : 3738, ""rank"" : 1, ""load"" : 1, ""cdr_info"" : ""098993991"", ""called_prefix"" : ""04"", ""called_number_in_public_format"" : true, ""flexible_called"" : null, ""flexible_calling"" : null, ""calling_number_in_public_format"" : true, ""full_prefix"" : ""042250834"", ""calling_format"" : ""E164"", ""called_cli_policy"" : ""SIPDA""}"
3739,1,3,20,2250833,1,"{""id"" : -1, ""equipment_id"" : 53973, ""site_id"" : 3739, ""rank"" : 1, ""load"" : 1, ""cdr_info"" : ""098993991"", ""called_prefix"" : ""04"", ""called_number_in_public_format"" : true, ""flexible_called"" : null, ""flexible_calling"" : null, ""calling_number_in_public_format"" : true, ""full_prefix"" : ""042250833"", ""calling_format"" : ""E164"", ""called_cli_policy"" : ""SIPDA""}"
3739,0,3,20,2250834,1,"{""id"" : -1, ""equipment_id"" : 53974, ""site_id"" : 3739, ""rank"" : 0, ""load"" : 1, ""cdr_info"" : ""098993991"", ""called_prefix"" : ""04"", ""called_number_in_public_format"" : true, ""flexible_called"" : null, ""flexible_calling"" : null, ""calling_number_in_public_format"" : true, ""full_prefix"" : ""042250834"", ""calling_format"" : ""E164"", ""called_cli_policy"" : ""SIPDA""}"
3740,0,3,20,2250833,1,"{""id"" : -1, ""equipment_id"" : 53973, ""site_id"" : 3740, ""rank"" : 0, ""load"" : 1, ""cdr_info"" : ""098993991"", ""called_prefix"" : ""04"", ""called_number_in_public_format"" : true, ""flexible_called"" : null, ""flexible_calling"" : null, ""calling_number_in_public_format"" : true, ""full_prefix"" : ""042250833"", ""calling_format"" : ""E164"", ""called_cli_policy"" : ""SIPDA""}"
3740,1,3,20,2250834,1,"{""id"" : -1, ""equipment_id"" : 53974, ""site_id"" : 3740, ""rank"" : 1, ""load"" : 1, ""cdr_info"" : ""098993991"", ""called_prefix"" : ""04"", ""called_number_in_public_format"" : true, ""flexible_called"" : null, ""flexible_calling"" : null, ""calling_number_in_public_format"" : true, ""full_prefix"" : ""042250834"", ""calling_format"" : ""E164"", ""called_cli_policy"" : ""SIPDA""}"
3742,0,3,20,8810021,1,"{""id"" : -1, ""equipment_id"" : 622, ""site_id"" : 3742, ""rank"" : 0, ""load"" : 1, ""cdr_info"" : ""098997470"", ""called_prefix"" : ""09"", ""called_number_in_public_format"" : true, ""flexible_called"" : null, ""flexible_calling"" : null, ""calling_number_in_public_format"" : true, ""full_prefix"" : ""098810021"", ""calling_format"" : ""E164"", ""called_cli_policy"" : ""SIPDA""}"
3743,0,3,20,8810021,1,"{""id"" : -1, ""equipment_id"" : 622, ""site_id"" : 3743, ""rank"" : 0, ""load"" : 1, ""cdr_info"" : ""098997470"", ""called_prefix"" : ""09"", ""called_number_in_public_format"" : true, ""flexible_called"" : null, ""flexible_calling"" : null, ""calling_number_in_public_format"" : true, ""full_prefix"" : ""098810021"", ""calling_format"" : ""E164"", ""called_cli_policy"" : ""SIPDA""}"
3748,0,3,20,2250833,1,"{""id"" : -1, ""equipment_id"" : 53973, ""site_id"" : 3748, ""rank"" : 0, ""load"" : 1, ""cdr_info"" : ""098993991"", ""called_prefix"" : ""04"", ""called_number_in_public_format"" : true, ""flexible_called"" : null, ""flexible_calling"" : null, ""calling_number_in_public_format"" : true, ""full_prefix"" : ""042250833"", ""calling_format"" : ""E164"", ""called_cli_policy"" : ""SIPDA""}"
3748,1,3,20,2250834,1,"{""id"" : -1, ""equipment_id"" : 53974, ""site_id"" : 3748, ""rank"" : 1, ""load"" : 1, ""cdr_info"" : ""098993991"", ""called_prefix"" : ""04"", ""called_number_in_public_format"" : true, ""flexible_called"" : null, ""flexible_calling"" : null, ""calling_number_in_public_format"" : true, ""full_prefix"" : ""042250834"", ""calling_format"" : ""E164"", ""called_cli_policy"" : ""SIPDA""}"
3752,0,3,20,2250833,1,"{""id"" : -1, ""equipment_id"" : 53973, ""site_id"" : 3752, ""rank"" : 0, ""load"" : 1, ""cdr_info"" : ""098993991"", ""called_prefix"" : ""04"", ""called_number_in_public_format"" : true, ""flexible_called"" : null, ""flexible_calling"" : null, ""calling_number_in_public_format"" : true, ""full_prefix"" : ""042250833"", ""calling_format"" : ""E164"", ""called_cli_policy"" : ""SIPDA""}"
3752,1,3,20,2250834,1,"{""id"" : -1, ""equipment_id"" : 53974, ""site_id"" : 3752, ""rank"" : 1, ""load"" : 1, ""cdr_info"" : ""098993991"", ""called_prefix"" : ""04"", ""called_number_in_public_format"" : true, ""flexible_called"" : null, ""flexible_calling"" : null, ""calling_number_in_public_format"" : true, ""full_prefix"" : ""042250834"", ""calling_format"" : ""E164"", ""called_cli_policy"" : ""SIPDA""}"
3753,1,3,20,2250833,1,"{""id"" : -1, ""equipment_id"" : 53973, ""site_id"" : 3753, ""rank"" : 1, ""load"" : 1, ""cdr_info"" : ""098993991"", ""called_prefix"" : ""04"", ""called_number_in_public_format"" : true, ""flexible_called"" : null, ""flexible_calling"" : null, ""calling_number_in_public_format"" : true, ""full_prefix"" : ""042250833"", ""calling_format"" : ""E164"", ""called_cli_policy"" : ""SIPDA""}"
3753,0,3,20,2250834,1,"{""id"" : -1, ""equipment_id"" : 53974, ""site_id"" : 3753, ""rank"" : 0, ""load"" : 1, ""cdr_info"" : ""098993991"", ""called_prefix"" : ""04"", ""called_number_in_public_format"" : true, ""flexible_called"" : null, ""flexible_calling"" : null, ""calling_number_in_public_format"" : true, ""full_prefix"" : ""042250834"", ""calling_format"" : ""E164"", ""called_cli_policy"" : ""SIPDA""}"
3756,0,3,20,2223875,1,"{""id"" : -1, ""equipment_id"" : 70258, ""site_id"" : 3756, ""rank"" : 0, ""load"" : 1, ""cdr_info"" : ""098993999"", ""called_prefix"" : ""04"", ""called_number_in_public_format"" : false, ""flexible_called"" : null, ""flexible_calling"" : null, ""calling_number_in_public_format"" : false, ""full_prefix"" : ""042223875"", ""calling_format"" : ""E164"", ""called_cli_policy"" : ""SIPDA""}"
3756,1,3,20,2310495,1,"{""id"" : -1, ""equipment_id"" : 50961, ""site_id"" : 3756, ""rank"" : 1, ""load"" : 1, ""cdr_info"" : ""098993999"", ""called_prefix"" : ""04"", ""called_number_in_public_format"" : false, ""flexible_called"" : null, ""flexible_calling"" : null, ""calling_number_in_public_format"" : false, ""full_prefix"" : ""042310495"", ""calling_format"" : ""E164"", ""called_cli_policy"" : ""SIPDA""}"
3801,0,3,20,2360196,1,"{""id"" : -1, ""equipment_id"" : 49661, ""site_id"" : 3801, ""rank"" : 0, ""load"" : 1, ""cdr_info"" : ""098997026"", ""called_prefix"" : ""24"", ""called_number_in_public_format"" : true, ""flexible_called"" : null, ""flexible_calling"" : null, ""calling_number_in_public_format"" : true, ""full_prefix"" : ""242360196"", ""calling_format"" : ""E164"", ""called_cli_policy"" : ""SIPDA""}"
3801,0,3,20,2360199,1,"{""id"" : -1, ""equipment_id"" : 49662, ""site_id"" : 3801, ""rank"" : 0, ""load"" : 1, ""cdr_info"" : ""098997026"", ""called_prefix"" : ""24"", ""called_number_in_public_format"" : true, ""flexible_called"" : null, ""flexible_calling"" : null, ""calling_number_in_public_format"" : true, ""full_prefix"" : ""242360199"", ""calling_format"" : ""E164"", ""called_cli_policy"" : ""SIPDA""}"
3811,0,3,20,2320054,1,"{""id"" : -1, ""equipment_id"" : 3084, ""site_id"" : 3811, ""rank"" : 0, ""load"" : 1, ""cdr_info"" : ""098993999"", ""called_prefix"" : ""04"", ""called_number_in_public_format"" : false, ""flexible_called"" : null, ""flexible_calling"" : null, ""calling_number_in_public_format"" : false, ""full_prefix"" : ""042320054"", ""calling_format"" : ""E164"", ""called_cli_policy"" : ""SIPDA""}"
3829,0,3,20,2390079,1,"{""id"" : -1, ""equipment_id"" : 97322, ""site_id"" : 3829, ""rank"" : 0, ""load"" : 1, ""cdr_info"" : ""99865999"", ""called_prefix"" : ""04"", ""called_number_in_public_format"" : false, ""flexible_called"" : null, ""flexible_calling"" : null, ""calling_number_in_public_format"" : false, ""full_prefix"" : ""042390079"", ""calling_format"" : ""E164"", ""called_cli_policy"" : ""SIPDA""}"
3830,0,3,20,2320054,1,"{""id"" : -1, ""equipment_id"" : 3084, ""site_id"" : 3830, ""rank"" : 0, ""load"" : 1, ""cdr_info"" : ""098993999"", ""called_prefix"" : ""04"", ""called_number_in_public_format"" : false, ""flexible_called"" : null, ""flexible_calling"" : null, ""calling_number_in_public_format"" : false, ""full_prefix"" : ""042320054"", ""calling_format"" : ""E164"", ""called_cli_policy"" : ""SIPDA""}"
3831,1,3,20,2320053,1,"{""id"" : -1, ""equipment_id"" : 3085, ""site_id"" : 3831, ""rank"" : 1, ""load"" : 1, ""cdr_info"" : ""098993999"", ""called_prefix"" : ""04"", ""called_number_in_public_format"" : false, ""flexible_called"" : null, ""flexible_calling"" : null, ""calling_number_in_public_format"" : false, ""full_prefix"" : ""042320053"", ""calling_format"" : ""E164"", ""called_cli_policy"" : ""SIPDA""}"
3831,0,3,20,2320054,1,"{""id"" : -1, ""equipment_id"" : 3084, ""site_id"" : 3831, ""rank"" : 0, ""load"" : 1, ""cdr_info"" : ""098993999"", ""called_prefix"" : ""04"", ""called_number_in_public_format"" : false, ""flexible_called"" : null, ""flexible_calling"" : null, ""calling_number_in_public_format"" : false, ""full_prefix"" : ""042320054"", ""calling_format"" : ""E164"", ""called_cli_policy"" : ""SIPDA""}"
3833,0,3,20,2390079,1,"{""id"" : -1, ""equipment_id"" : 97322, ""site_id"" : 3833, ""rank"" : 0, ""load"" : 1, ""cdr_info"" : ""998799889"", ""called_prefix"" : ""04"", ""called_number_in_public_format"" : false, ""flexible_called"" : null, ""flexible_calling"" : null, ""calling_number_in_public_format"" : false, ""full_prefix"" : ""042390079"", ""calling_format"" : ""E164"", ""called_cli_policy"" : ""SIPDA""}"
3834,0,3,20,2390079,1,"{""id"" : -1, ""equipment_id"" : 97322, ""site_id"" : 3834, ""rank"" : 0, ""load"" : 1, ""cdr_info"" : ""9989796699"", ""called_prefix"" : ""04"", ""called_number_in_public_format"" : false, ""flexible_called"" : null, ""flexible_calling"" : null, ""calling_number_in_public_format"" : false, ""full_prefix"" : ""042390079"", ""calling_format"" : ""E164"", ""called_cli_policy"" : ""SIPDA""}"
3835,0,3,20,2385264,1,"{""id"" : -1, ""equipment_id"" : 5029, ""site_id"" : 3835, ""rank"" : 0, ""load"" : 1, ""cdr_info"" : ""0989083610"", ""called_prefix"" : ""04"", ""called_number_in_public_format"" : false, ""flexible_called"" : null, ""flexible_calling"" : null, ""calling_number_in_public_format"" : false, ""full_prefix"" : ""042385264"", ""calling_format"" : ""E164"", ""called_cli_policy"" : ""SIPDA""}"
3836,0,3,20,2390079,1,"{""id"" : -1, ""equipment_id"" : 97322, ""site_id"" : 3836, ""rank"" : 0, ""load"" : 1, ""cdr_info"" : ""999955"", ""called_prefix"" : ""04"", ""called_number_in_public_format"" : false, ""flexible_called"" : null, ""flexible_calling"" : null, ""calling_number_in_public_format"" : false, ""full_prefix"" : ""042390079"", ""calling_format"" : ""E164"", ""called_cli_policy"" : ""SIPDA""}"
3838,0,3,20,2320054,1,"{""id"" : -1, ""equipment_id"" : 3084, ""site_id"" : 3838, ""rank"" : 0, ""load"" : 1, ""cdr_info"" : ""098993999"", ""called_prefix"" : ""04"", ""called_number_in_public_format"" : false, ""flexible_called"" : null, ""flexible_calling"" : null, ""calling_number_in_public_format"" : false, ""full_prefix"" : ""042320054"", ""calling_format"" : ""E164"", ""called_cli_policy"" : ""SIPDA""}"
3841,0,3,20,2351617,1,"{""id"" : -1, ""equipment_id"" : 51926, ""site_id"" : 3841, ""rank"" : 0, ""load"" : 1, ""cdr_info"" : ""098993999"", ""called_prefix"" : ""04"", ""called_number_in_public_format"" : false, ""flexible_called"" : null, ""flexible_calling"" : null, ""calling_number_in_public_format"" : false, ""full_prefix"" : ""042351617"", ""calling_format"" : ""E164"", ""called_cli_policy"" : ""SIPDA""}"
3848,1,3,20,2250833,1,"{""id"" : -1, ""equipment_id"" : 53973, ""site_id"" : 3848, ""rank"" : 1, ""load"" : 1, ""cdr_info"" : ""098993991"", ""called_prefix"" : ""04"", ""called_number_in_public_format"" : true, ""flexible_called"" : null, ""flexible_calling"" : null, ""calling_number_in_public_format"" : true, ""full_prefix"" : ""042250833"", ""calling_format"" : ""E164"", ""called_cli_policy"" : ""SIPDA""}"
3848,0,3,20,2250834,1,"{""id"" : -1, ""equipment_id"" : 53974, ""site_id"" : 3848, ""rank"" : 0, ""load"" : 1, ""cdr_info"" : ""098993991"", ""called_prefix"" : ""04"", ""called_number_in_public_format"" : true, ""flexible_called"" : null, ""flexible_calling"" : null, ""calling_number_in_public_format"" : true, ""full_prefix"" : ""042250834"", ""calling_format"" : ""E164"", ""called_cli_policy"" : ""SIPDA""}"
3875,0,3,20,2250833,1,"{""id"" : -1, ""equipment_id"" : 53973, ""site_id"" : 3875, ""rank"" : 0, ""load"" : 1, ""cdr_info"" : ""098993991"", ""called_prefix"" : ""04"", ""called_number_in_public_format"" : true, ""flexible_called"" : null, ""flexible_calling"" : null, ""calling_number_in_public_format"" : true, ""full_prefix"" : ""042250833"", ""calling_format"" : ""E164"", ""called_cli_policy"" : ""SIPDA""}"
3875,1,3,20,2250834,1,"{""id"" : -1, ""equipment_id"" : 53974, ""site_id"" : 3875, ""rank"" : 1, ""load"" : 1, ""cdr_info"" : ""098993991"", ""called_prefix"" : ""04"", ""called_number_in_public_format"" : true, ""flexible_called"" : null, ""flexible_calling"" : null, ""calling_number_in_public_format"" : true, ""full_prefix"" : ""042250834"", ""calling_format"" : ""E164"", ""called_cli_policy"" : ""SIPDA""}"
3881,0,3,20,2360196,1,"{""id"" : -1, ""equipment_id"" : 49661, ""site_id"" : 3881, ""rank"" : 0, ""load"" : 1, ""cdr_info"" : ""098997026"", ""called_prefix"" : ""24"", ""called_number_in_public_format"" : true, ""flexible_called"" : null, ""flexible_calling"" : null, ""calling_number_in_public_format"" : true, ""full_prefix"" : ""242360196"", ""calling_format"" : ""E164"", ""called_cli_policy"" : ""SIPDA""}"
3881,0,3,20,2360199,1,"{""id"" : -1, ""equipment_id"" : 49662, ""site_id"" : 3881, ""rank"" : 0, ""load"" : 1, ""cdr_info"" : ""098997026"", ""called_prefix"" : ""24"", ""called_number_in_public_format"" : true, ""flexible_called"" : null, ""flexible_calling"" : null, ""calling_number_in_public_format"" : true, ""full_prefix"" : ""242360199"", ""calling_format"" : ""E164"", ""called_cli_policy"" : ""SIPDA""}"
3899,0,3,20,2240749,1,"{""id"" : -1, ""equipment_id"" : 155421, ""site_id"" : 3899, ""rank"" : 0, ""load"" : 1, ""cdr_info"" : ""098993999"", ""called_prefix"" : ""04"", ""called_number_in_public_format"" : false, ""flexible_called"" : null, ""flexible_calling"" : null, ""calling_number_in_public_format"" : false, ""full_prefix"" : ""042240749"", ""calling_format"" : ""FORMATTED"", ""called_cli_policy"" : ""SIPDA""}"
3904,0,3,20,2351617,1,"{""id"" : -1, ""equipment_id"" : 51926, ""site_id"" : 3904, ""rank"" : 0, ""load"" : 1, ""cdr_info"" : ""098993999"", ""called_prefix"" : ""04"", ""called_number_in_public_format"" : false, ""flexible_called"" : null, ""flexible_calling"" : null, ""calling_number_in_public_format"" : false, ""full_prefix"" : ""042351617"", ""calling_format"" : ""E164"", ""called_cli_policy"" : ""SIPDA""}"
3916,0,3,20,2315300,1,"{""id"" : -1, ""equipment_id"" : 55663, ""site_id"" : 3916, ""rank"" : 0, ""load"" : 1, ""cdr_info"" : ""098993999"", ""called_prefix"" : ""04"", ""called_number_in_public_format"" : false, ""flexible_called"" : null, ""flexible_calling"" : null, ""calling_number_in_public_format"" : false, ""full_prefix"" : ""042315300"", ""calling_format"" : ""FORMATTED"", ""called_cli_policy"" : ""SIPDA""}"
3921,0,3,20,2351617,1,"{""id"" : -1, ""equipment_id"" : 51926, ""site_id"" : 3921, ""rank"" : 0, ""load"" : 1, ""cdr_info"" : ""098993999"", ""called_prefix"" : ""04"", ""called_number_in_public_format"" : false, ""flexible_called"" : null, ""flexible_calling"" : null, ""calling_number_in_public_format"" : false, ""full_prefix"" : ""042351617"", ""calling_format"" : ""E164"", ""called_cli_policy"" : ""SIPDA""}"
3931,1,3,20,2320039,1,"{""id"" : -1, ""equipment_id"" : 3086, ""site_id"" : 3931, ""rank"" : 1, ""load"" : 1, ""cdr_info"" : ""098993999"", ""called_prefix"" : ""04"", ""called_number_in_public_format"" : false, ""flexible_called"" : null, ""flexible_calling"" : null, ""calling_number_in_public_format"" : false, ""full_prefix"" : ""042320039"", ""calling_format"" : ""E164"", ""called_cli_policy"" : ""SIPDA""}"
3931,0,3,20,2320054,1,"{""id"" : -1, ""equipment_id"" : 3084, ""site_id"" : 3931, ""rank"" : 0, ""load"" : 1, ""cdr_info"" : ""098993999"", ""called_prefix"" : ""04"", ""called_number_in_public_format"" : false, ""flexible_called"" : null, ""flexible_calling"" : null, ""calling_number_in_public_format"" : false, ""full_prefix"" : ""042320054"", ""calling_format"" : ""E164"", ""called_cli_policy"" : ""SIPDA""}"
3936,1,3,20,2250833,1,"{""id"" : -1, ""equipment_id"" : 53973, ""site_id"" : 3936, ""rank"" : 1, ""load"" : 1, ""cdr_info"" : ""098993991"", ""called_prefix"" : ""04"", ""called_number_in_public_format"" : true, ""flexible_called"" : null, ""flexible_calling"" : null, ""calling_number_in_public_format"" : true, ""full_prefix"" : ""042250833"", ""calling_format"" : ""E164"", ""called_cli_policy"" : ""SIPDA""}"
3936,0,3,20,2250834,1,"{""id"" : -1, ""equipment_id"" : 53974, ""site_id"" : 3936, ""rank"" : 0, ""load"" : 1, ""cdr_info"" : ""098993991"", ""called_prefix"" : ""04"", ""called_number_in_public_format"" : true, ""flexible_called"" : null, ""flexible_calling"" : null, ""calling_number_in_public_format"" : true, ""full_prefix"" : ""042250834"", ""calling_format"" : ""E164"", ""called_cli_policy"" : ""SIPDA""}"
3937,1,3,20,2250833,1,"{""id"" : -1, ""equipment_id"" : 53973, ""site_id"" : 3937, ""rank"" : 1, ""load"" : 1, ""cdr_info"" : ""098993991"", ""called_prefix"" : ""04"", ""called_number_in_public_format"" : true, ""flexible_called"" : null, ""flexible_calling"" : null, ""calling_number_in_public_format"" : true, ""full_prefix"" : ""042250833"", ""calling_format"" : ""E164"", ""called_cli_policy"" : ""SIPDA""}"
3937,0,3,20,2250834,1,"{""id"" : -1, ""equipment_id"" : 53974, ""site_id"" : 3937, ""rank"" : 0, ""load"" : 1, ""cdr_info"" : ""098993991"", ""called_prefix"" : ""04"", ""called_number_in_public_format"" : true, ""flexible_called"" : null, ""flexible_calling"" : null, ""calling_number_in_public_format"" : true, ""full_prefix"" : ""042250834"", ""calling_format"" : ""E164"", ""called_cli_policy"" : ""SIPDA""}"
3938,0,3,20,2320054,1,"{""id"" : -1, ""equipment_id"" : 3084, ""site_id"" : 3938, ""rank"" : 0, ""load"" : 1, ""cdr_info"" : ""098993999"", ""called_prefix"" : ""04"", ""called_number_in_public_format"" : false, ""flexible_called"" : null, ""flexible_calling"" : null, ""calling_number_in_public_format"" : false, ""full_prefix"" : ""042320054"", ""calling_format"" : ""E164"", ""called_cli_policy"" : ""SIPDA""}"
3945,0,3,20,2351617,1,"{""id"" : -1, ""equipment_id"" : 51926, ""site_id"" : 3945, ""rank"" : 0, ""load"" : 1, ""cdr_info"" : ""098993999"", ""called_prefix"" : ""04"", ""called_number_in_public_format"" : false, ""flexible_called"" : null, ""flexible_calling"" : null, ""calling_number_in_public_format"" : false, ""full_prefix"" : ""042351617"", ""calling_format"" : ""E164"", ""called_cli_policy"" : ""SIPDA""}"
3947,0,3,20,2315300,1,"{""id"" : -1, ""equipment_id"" : 55663, ""site_id"" : 3947, ""rank"" : 0, ""load"" : 1, ""cdr_info"" : ""098993999"", ""called_prefix"" : ""04"", ""called_number_in_public_format"" : false, ""flexible_called"" : null, ""flexible_calling"" : null, ""calling_number_in_public_format"" : false, ""full_prefix"" : ""042315300"", ""calling_format"" : ""FORMATTED"", ""called_cli_policy"" : ""SIPDA""}"
3948,0,3,20,2315260,1,"{""id"" : -1, ""equipment_id"" : 21921, ""site_id"" : 3948, ""rank"" : 0, ""load"" : 1, ""cdr_info"" : ""098993999"", ""called_prefix"" : ""04"", ""called_number_in_public_format"" : false, ""flexible_called"" : ""RL-PubFulld-2"", ""flexible_calling"" : null, ""calling_number_in_public_format"" : false, ""full_prefix"" : ""042315260"", ""calling_format"" : ""E164"", ""called_cli_policy"" : ""SIPDA""}"
3948,1,3,20,2316012,1,"{""id"" : -1, ""equipment_id"" : 52501, ""site_id"" : 3948, ""rank"" : 1, ""load"" : 1, ""cdr_info"" : ""098993999"", ""called_prefix"" : ""04"", ""called_number_in_public_format"" : false, ""flexible_called"" : ""RL-PubFulld-2"", ""flexible_calling"" : null, ""calling_number_in_public_format"" : false, ""full_prefix"" : ""042316012"", ""calling_format"" : ""E164"", ""called_cli_policy"" : ""SIPDA""}"
3950,0,3,20,2315300,1,"{""id"" : -1, ""equipment_id"" : 55663, ""site_id"" : 3950, ""rank"" : 0, ""load"" : 1, ""cdr_info"" : ""098993999"", ""called_prefix"" : ""04"", ""called_number_in_public_format"" : false, ""flexible_called"" : null, ""flexible_calling"" : null, ""calling_number_in_public_format"" : false, ""full_prefix"" : ""042315300"", ""calling_format"" : ""E164"", ""called_cli_policy"" : ""SIPDA""}"
3953,0,3,20,2315300,1,"{""id"" : -1, ""equipment_id"" : 55663, ""site_id"" : 3953, ""rank"" : 0, ""load"" : 1, ""cdr_info"" : ""098993999"", ""called_prefix"" : ""04"", ""called_number_in_public_format"" : false, ""flexible_called"" : null, ""flexible_calling"" : null, ""calling_number_in_public_format"" : false, ""full_prefix"" : ""042315300"", ""calling_format"" : ""FORMATTED"", ""called_cli_policy"" : ""SIPDA""}"
3955,0,3,20,2315300,1,"{""id"" : -1, ""equipment_id"" : 55663, ""site_id"" : 3955, ""rank"" : 0, ""load"" : 1, ""cdr_info"" : ""098993999"", ""called_prefix"" : ""04"", ""called_number_in_public_format"" : false, ""flexible_called"" : null, ""flexible_calling"" : null, ""calling_number_in_public_format"" : false, ""full_prefix"" : ""042315300"", ""calling_format"" : ""E164"", ""called_cli_policy"" : ""SIPDA""}"
3956,0,3,20,2315300,1,"{""id"" : -1, ""equipment_id"" : 55663, ""site_id"" : 3956, ""rank"" : 0, ""load"" : 1, ""cdr_info"" : ""098993999"", ""called_prefix"" : ""04"", ""called_number_in_public_format"" : false, ""flexible_called"" : null, ""flexible_calling"" : null, ""calling_number_in_public_format"" : false, ""full_prefix"" : ""042315300"", ""calling_format"" : ""E164"", ""called_cli_policy"" : ""SIPDA""}"
3957,0,3,20,2315300,1,"{""id"" : -1, ""equipment_id"" : 55663, ""site_id"" : 3957, ""rank"" : 0, ""load"" : 1, ""cdr_info"" : ""098993999"", ""called_prefix"" : ""04"", ""called_number_in_public_format"" : false, ""flexible_called"" : null, ""flexible_calling"" : null, ""calling_number_in_public_format"" : false, ""full_prefix"" : ""042315300"", ""calling_format"" : ""FORMATTED"", ""called_cli_policy"" : ""SIPDA""}"
3960,0,3,20,2315300,1,"{""id"" : -1, ""equipment_id"" : 55663, ""site_id"" : 3960, ""rank"" : 0, ""load"" : 1, ""cdr_info"" : ""098993999"", ""called_prefix"" : ""04"", ""called_number_in_public_format"" : false, ""flexible_called"" : null, ""flexible_calling"" : null, ""calling_number_in_public_format"" : false, ""full_prefix"" : ""042315300"", ""calling_format"" : ""FORMATTED"", ""called_cli_policy"" : ""SIPDA""}"
3962,0,3,20,5105159,1,"{""id"" : -1, ""equipment_id"" : 74003, ""site_id"" : 3962, ""rank"" : 0, ""load"" : 1, ""cdr_info"" : ""098993999"", ""called_prefix"" : ""09"", ""called_number_in_public_format"" : false, ""flexible_called"" : null, ""flexible_calling"" : null, ""calling_number_in_public_format"" : false, ""full_prefix"" : ""095105159"", ""calling_format"" : ""E164"", ""called_cli_policy"" : ""SIPDA""}"
3965,0,3,20,2315300,1,"{""id"" : -1, ""equipment_id"" : 55663, ""site_id"" : 3965, ""rank"" : 0, ""load"" : 1, ""cdr_info"" : ""098993999"", ""called_prefix"" : ""04"", ""called_number_in_public_format"" : false, ""flexible_called"" : null, ""flexible_calling"" : null, ""calling_number_in_public_format"" : false, ""full_prefix"" : ""042315300"", ""calling_format"" : ""FORMATTED"", ""called_cli_policy"" : ""SIPDA""}"
3973,0,3,20,2250833,1,"{""id"" : -1, ""equipment_id"" : 53973, ""site_id"" : 3973, ""rank"" : 0, ""load"" : 1, ""cdr_info"" : ""098993991"", ""called_prefix"" : ""04"", ""called_number_in_public_format"" : true, ""flexible_called"" : null, ""flexible_calling"" : null, ""calling_number_in_public_format"" : true, ""full_prefix"" : ""042250833"", ""calling_format"" : ""E164"", ""called_cli_policy"" : ""SIPDA""}"
3973,1,3,20,2250834,1,"{""id"" : -1, ""equipment_id"" : 53974, ""site_id"" : 3973, ""rank"" : 1, ""load"" : 1, ""cdr_info"" : ""098993991"", ""called_prefix"" : ""04"", ""called_number_in_public_format"" : true, ""flexible_called"" : null, ""flexible_calling"" : null, ""calling_number_in_public_format"" : true, ""full_prefix"" : ""042250834"", ""calling_format"" : ""E164"", ""called_cli_policy"" : ""SIPDA""}"
3974,1,3,20,2250833,1,"{""id"" : -1, ""equipment_id"" : 53973, ""site_id"" : 3974, ""rank"" : 1, ""load"" : 1, ""cdr_info"" : ""098993991"", ""called_prefix"" : ""04"", ""called_number_in_public_format"" : true, ""flexible_called"" : null, ""flexible_calling"" : null, ""calling_number_in_public_format"" : true, ""full_prefix"" : ""042250833"", ""calling_format"" : ""E164"", ""called_cli_policy"" : ""SIPDA""}"
3974,0,3,20,2250834,1,"{""id"" : -1, ""equipment_id"" : 53974, ""site_id"" : 3974, ""rank"" : 0, ""load"" : 1, ""cdr_info"" : ""098993991"", ""called_prefix"" : ""04"", ""called_number_in_public_format"" : true, ""flexible_called"" : null, ""flexible_calling"" : null, ""calling_number_in_public_format"" : true, ""full_prefix"" : ""042250834"", ""calling_format"" : ""E164"", ""called_cli_policy"" : ""SIPDA""}"
3975,0,3,20,2250833,1,"{""id"" : -1, ""equipment_id"" : 53973, ""site_id"" : 3975, ""rank"" : 0, ""load"" : 1, ""cdr_info"" : ""098993991"", ""called_prefix"" : ""04"", ""called_number_in_public_format"" : true, ""flexible_called"" : null, ""flexible_calling"" : null, ""calling_number_in_public_format"" : true, ""full_prefix"" : ""042250833"", ""calling_format"" : ""E164"", ""called_cli_policy"" : ""SIPDA""}"
3975,1,3,20,2250834,1,"{""id"" : -1, ""equipment_id"" : 53974, ""site_id"" : 3975, ""rank"" : 1, ""load"" : 1, ""cdr_info"" : ""098993991"", ""called_prefix"" : ""04"", ""called_number_in_public_format"" : true, ""flexible_called"" : null, ""flexible_calling"" : null, ""calling_number_in_public_format"" : true, ""full_prefix"" : ""042250834"", ""calling_format"" : ""E164"", ""called_cli_policy"" : ""SIPDA""}"
3976,1,3,20,2250833,1,"{""id"" : -1, ""equipment_id"" : 53973, ""site_id"" : 3976, ""rank"" : 1, ""load"" : 1, ""cdr_info"" : ""098993991"", ""called_prefix"" : ""04"", ""called_number_in_public_format"" : true, ""flexible_called"" : null, ""flexible_calling"" : null, ""calling_number_in_public_format"" : true, ""full_prefix"" : ""042250833"", ""calling_format"" : ""E164"", ""called_cli_policy"" : ""SIPDA""}"
3976,0,3,20,2250834,1,"{""id"" : -1, ""equipment_id"" : 53974, ""site_id"" : 3976, ""rank"" : 0, ""load"" : 1, ""cdr_info"" : ""098993991"", ""called_prefix"" : ""04"", ""called_number_in_public_format"" : true, ""flexible_called"" : null, ""flexible_calling"" : null, ""calling_number_in_public_format"" : true, ""full_prefix"" : ""042250834"", ""calling_format"" : ""E164"", ""called_cli_policy"" : ""SIPDA""}"
3977,1,3,20,2250833,1,"{""id"" : -1, ""equipment_id"" : 53973, ""site_id"" : 3977, ""rank"" : 1, ""load"" : 1, ""cdr_info"" : ""098993991"", ""called_prefix"" : ""04"", ""called_number_in_public_format"" : true, ""flexible_called"" : null, ""flexible_calling"" : null, ""calling_number_in_public_format"" : true, ""full_prefix"" : ""042250833"", ""calling_format"" : ""E164"", ""called_cli_policy"" : ""SIPDA""}"
3977,0,3,20,2250834,1,"{""id"" : -1, ""equipment_id"" : 53974, ""site_id"" : 3977, ""rank"" : 0, ""load"" : 1, ""cdr_info"" : ""098993991"", ""called_prefix"" : ""04"", ""called_number_in_public_format"" : true, ""flexible_called"" : null, ""flexible_calling"" : null, ""calling_number_in_public_format"" : true, ""full_prefix"" : ""042250834"", ""calling_format"" : ""E164"", ""called_cli_policy"" : ""SIPDA""}"
3980,0,3,20,2250833,1,"{""id"" : -1, ""equipment_id"" : 53973, ""site_id"" : 3980, ""rank"" : 0, ""load"" : 1, ""cdr_info"" : ""098993991"", ""called_prefix"" : ""04"", ""called_number_in_public_format"" : true, ""flexible_called"" : null, ""flexible_calling"" : null, ""calling_number_in_public_format"" : true, ""full_prefix"" : ""042250833"", ""calling_format"" : ""E164"", ""called_cli_policy"" : ""SIPDA""}"
3980,1,3,20,2250834,1,"{""id"" : -1, ""equipment_id"" : 53974, ""site_id"" : 3980, ""rank"" : 1, ""load"" : 1, ""cdr_info"" : ""098993991"", ""called_prefix"" : ""04"", ""called_number_in_public_format"" : true, ""flexible_called"" : null, ""flexible_calling"" : null, ""calling_number_in_public_format"" : true, ""full_prefix"" : ""042250834"", ""calling_format"" : ""E164"", ""called_cli_policy"" : ""SIPDA""}"
3981,0,3,20,2330699,1,"{""id"" : -1, ""equipment_id"" : 89941, ""site_id"" : 3981, ""rank"" : 0, ""load"" : 1, ""cdr_info"" : ""098993999"", ""called_prefix"" : ""04"", ""called_number_in_public_format"" : false, ""flexible_called"" : null, ""flexible_calling"" : null, ""calling_number_in_public_format"" : false, ""full_prefix"" : ""042330699"", ""calling_format"" : ""E164"", ""called_cli_policy"" : ""SIPDA""}"
3981,1,3,20,2330700,1,"{""id"" : -1, ""equipment_id"" : 89981, ""site_id"" : 3981, ""rank"" : 1, ""load"" : 1, ""cdr_info"" : ""098993999"", ""called_prefix"" : ""04"", ""called_number_in_public_format"" : false, ""flexible_called"" : null, ""flexible_calling"" : null, ""calling_number_in_public_format"" : false, ""full_prefix"" : ""042330700"", ""calling_format"" : ""E164"", ""called_cli_policy"" : ""SIPDA""}"
3985,1,3,20,2250833,1,"{""id"" : -1, ""equipment_id"" : 53973, ""site_id"" : 3985, ""rank"" : 1, ""load"" : 1, ""cdr_info"" : ""098993991"", ""called_prefix"" : ""04"", ""called_number_in_public_format"" : true, ""flexible_called"" : null, ""flexible_calling"" : null, ""calling_number_in_public_format"" : true, ""full_prefix"" : ""042250833"", ""calling_format"" : ""E164"", ""called_cli_policy"" : ""SIPDA""}"
3985,0,3,20,2250834,1,"{""id"" : -1, ""equipment_id"" : 53974, ""site_id"" : 3985, ""rank"" : 0, ""load"" : 1, ""cdr_info"" : ""098993991"", ""called_prefix"" : ""04"", ""called_number_in_public_format"" : true, ""flexible_called"" : null, ""flexible_calling"" : null, ""calling_number_in_public_format"" : true, ""full_prefix"" : ""042250834"", ""calling_format"" : ""E164"", ""called_cli_policy"" : ""SIPDA""}"
3989,0,3,20,2240124,1,"{""id"" : -1, ""equipment_id"" : 144465, ""site_id"" : 3989, ""rank"" : 0, ""load"" : 1, ""cdr_info"" : ""098993999"", ""called_prefix"" : ""04"", ""called_number_in_public_format"" : false, ""flexible_called"" : null, ""flexible_calling"" : null, ""calling_number_in_public_format"" : false, ""full_prefix"" : ""042240124"", ""calling_format"" : ""E164"", ""called_cli_policy"" : ""SIPDA""}"
3990,0,3,20,2240124,1,"{""id"" : -1, ""equipment_id"" : 144465, ""site_id"" : 3990, ""rank"" : 0, ""load"" : 1, ""cdr_info"" : ""098993999"", ""called_prefix"" : ""04"", ""called_number_in_public_format"" : true, ""flexible_called"" : null, ""flexible_calling"" : null, ""calling_number_in_public_format"" : false, ""full_prefix"" : ""042240124"", ""calling_format"" : ""FORMATTED"", ""called_cli_policy"" : ""SIPDA""}"
3992,0,3,20,2250833,1,"{""id"" : -1, ""equipment_id"" : 53973, ""site_id"" : 3992, ""rank"" : 0, ""load"" : 1, ""cdr_info"" : ""098993991"", ""called_prefix"" : ""04"", ""called_number_in_public_format"" : true, ""flexible_called"" : null, ""flexible_calling"" : null, ""calling_number_in_public_format"" : true, ""full_prefix"" : ""042250833"", ""calling_format"" : ""E164"", ""called_cli_policy"" : ""SIPDA""}"
3992,1,3,20,2250834,1,"{""id"" : -1, ""equipment_id"" : 53974, ""site_id"" : 3992, ""rank"" : 1, ""load"" : 1, ""cdr_info"" : ""098993991"", ""called_prefix"" : ""04"", ""called_number_in_public_format"" : true, ""flexible_called"" : null, ""flexible_calling"" : null, ""calling_number_in_public_format"" : true, ""full_prefix"" : ""042250834"", ""calling_format"" : ""E164"", ""called_cli_policy"" : ""SIPDA""}"
3993,0,3,20,2250833,1,"{""id"" : -1, ""equipment_id"" : 53973, ""site_id"" : 3993, ""rank"" : 0, ""load"" : 1, ""cdr_info"" : ""098993991"", ""called_prefix"" : ""04"", ""called_number_in_public_format"" : true, ""flexible_called"" : null, ""flexible_calling"" : null, ""calling_number_in_public_format"" : true, ""full_prefix"" : ""042250833"", ""calling_format"" : ""E164"", ""called_cli_policy"" : ""SIPDA""}"
3993,1,3,20,2250834,1,"{""id"" : -1, ""equipment_id"" : 53974, ""site_id"" : 3993, ""rank"" : 1, ""load"" : 1, ""cdr_info"" : ""098993991"", ""called_prefix"" : ""04"", ""called_number_in_public_format"" : true, ""flexible_called"" : null, ""flexible_calling"" : null, ""calling_number_in_public_format"" : true, ""full_prefix"" : ""042250834"", ""calling_format"" : ""E164"", ""called_cli_policy"" : ""SIPDA""}"
4001,0,3,20,2403828,1,"{""id"" : -1, ""equipment_id"" : 68774, ""site_id"" : 4001, ""rank"" : 0, ""load"" : 1, ""cdr_info"" : ""098997331"", ""called_prefix"" : ""04"", ""called_number_in_public_format"" : true, ""flexible_called"" : null, ""flexible_calling"" : null, ""calling_number_in_public_format"" : true, ""full_prefix"" : ""042403828"", ""calling_format"" : ""E164"", ""called_cli_policy"" : ""SIPDA""}"
4041,0,3,20,2215257,1,"{""id"" : -1, ""equipment_id"" : 113081, ""site_id"" : 4041, ""rank"" : 0, ""load"" : 1, ""cdr_info"" : ""098993999"", ""called_prefix"" : ""04"", ""called_number_in_public_format"" : false, ""flexible_called"" : null, ""flexible_calling"" : null, ""calling_number_in_public_format"" : false, ""full_prefix"" : ""042215257"", ""calling_format"" : ""E164"", ""called_cli_policy"" : ""SIPDA""}"
4042,0,3,20,2350852,1,"{""id"" : -1, ""equipment_id"" : 177083, ""site_id"" : 4042, ""rank"" : 0, ""load"" : 1, ""cdr_info"" : ""098993999"", ""called_prefix"" : ""04"", ""called_number_in_public_format"" : false, ""flexible_called"" : null, ""flexible_calling"" : null, ""calling_number_in_public_format"" : false, ""full_prefix"" : ""042350852"", ""calling_format"" : ""E164"", ""called_cli_policy"" : ""SIPDA""}"
4051,0,3,20,2315512,1,"{""id"" : -1, ""equipment_id"" : 3792, ""site_id"" : 4051, ""rank"" : 0, ""load"" : 1, ""cdr_info"" : ""098993999"", ""called_prefix"" : ""04"", ""called_number_in_public_format"" : false, ""flexible_called"" : null, ""flexible_calling"" : null, ""calling_number_in_public_format"" : false, ""full_prefix"" : ""042315512"", ""calling_format"" : ""E164"", ""called_cli_policy"" : ""SIPDA""}"
4052,0,3,20,2315512,1,"{""id"" : -1, ""equipment_id"" : 3792, ""site_id"" : 4052, ""rank"" : 0, ""load"" : 1, ""cdr_info"" : ""098993999"", ""called_prefix"" : ""04"", ""called_number_in_public_format"" : false, ""flexible_called"" : null, ""flexible_calling"" : null, ""calling_number_in_public_format"" : false, ""full_prefix"" : ""042315512"", ""calling_format"" : ""E164"", ""called_cli_policy"" : ""SIPDA""}"
4063,0,3,20,2350852,1,"{""id"" : -1, ""equipment_id"" : 177083, ""site_id"" : 4063, ""rank"" : 0, ""load"" : 1, ""cdr_info"" : ""098993999"", ""called_prefix"" : ""04"", ""called_number_in_public_format"" : false, ""flexible_called"" : null, ""flexible_calling"" : null, ""calling_number_in_public_format"" : false, ""full_prefix"" : ""042350852"", ""calling_format"" : ""E164"", ""called_cli_policy"" : ""SIPDA""}"
4075,0,3,20,2250833,1,"{""id"" : -1, ""equipment_id"" : 53973, ""site_id"" : 4075, ""rank"" : 0, ""load"" : 1, ""cdr_info"" : ""098993991"", ""called_prefix"" : ""04"", ""called_number_in_public_format"" : true, ""flexible_called"" : null, ""flexible_calling"" : null, ""calling_number_in_public_format"" : true, ""full_prefix"" : ""042250833"", ""calling_format"" : ""E164"", ""called_cli_policy"" : ""SIPDA""}"
4075,1,3,20,2250834,1,"{""id"" : -1, ""equipment_id"" : 53974, ""site_id"" : 4075, ""rank"" : 1, ""load"" : 1, ""cdr_info"" : ""098993991"", ""called_prefix"" : ""04"", ""called_number_in_public_format"" : true, ""flexible_called"" : null, ""flexible_calling"" : null, ""calling_number_in_public_format"" : true, ""full_prefix"" : ""042250834"", ""calling_format"" : ""E164"", ""called_cli_policy"" : ""SIPDA""}"
4078,1,3,20,2250833,1,"{""id"" : -1, ""equipment_id"" : 53973, ""site_id"" : 4078, ""rank"" : 1, ""load"" : 1, ""cdr_info"" : ""098993991"", ""called_prefix"" : ""04"", ""called_number_in_public_format"" : true, ""flexible_called"" : null, ""flexible_calling"" : null, ""calling_number_in_public_format"" : true, ""full_prefix"" : ""042250833"", ""calling_format"" : ""E164"", ""called_cli_policy"" : ""SIPDA""}"
4078,0,3,20,2250834,1,"{""id"" : -1, ""equipment_id"" : 53974, ""site_id"" : 4078, ""rank"" : 0, ""load"" : 1, ""cdr_info"" : ""098993991"", ""called_prefix"" : ""04"", ""called_number_in_public_format"" : true, ""flexible_called"" : null, ""flexible_calling"" : null, ""calling_number_in_public_format"" : true, ""full_prefix"" : ""042250834"", ""calling_format"" : ""E164"", ""called_cli_policy"" : ""SIPDA""}"
4079,1,3,20,2250833,1,"{""id"" : -1, ""equipment_id"" : 53973, ""site_id"" : 4079, ""rank"" : 1, ""load"" : 1, ""cdr_info"" : ""098993991"", ""called_prefix"" : ""04"", ""called_number_in_public_format"" : true, ""flexible_called"" : null, ""flexible_calling"" : null, ""calling_number_in_public_format"" : true, ""full_prefix"" : ""042250833"", ""calling_format"" : ""E164"", ""called_cli_policy"" : ""SIPDA""}"
4079,0,3,20,2250834,1,"{""id"" : -1, ""equipment_id"" : 53974, ""site_id"" : 4079, ""rank"" : 0, ""load"" : 1, ""cdr_info"" : ""098993991"", ""called_prefix"" : ""04"", ""called_number_in_public_format"" : true, ""flexible_called"" : null, ""flexible_calling"" : null, ""calling_number_in_public_format"" : true, ""full_prefix"" : ""042250834"", ""calling_format"" : ""E164"", ""called_cli_policy"" : ""SIPDA""}"
4081,0,3,20,2330238,1,"{""id"" : -1, ""equipment_id"" : 79041, ""site_id"" : 4081, ""rank"" : 0, ""load"" : 1, ""cdr_info"" : ""098993999"", ""called_prefix"" : ""04"", ""called_number_in_public_format"" : false, ""flexible_called"" : null, ""flexible_calling"" : null, ""calling_number_in_public_format"" : false, ""full_prefix"" : ""042330238"", ""calling_format"" : ""E164"", ""called_cli_policy"" : ""SIPDA""}"
4089,1,3,20,2250833,1,"{""id"" : -1, ""equipment_id"" : 53973, ""site_id"" : 4089, ""rank"" : 1, ""load"" : 1, ""cdr_info"" : ""098993991"", ""called_prefix"" : ""04"", ""called_number_in_public_format"" : true, ""flexible_called"" : null, ""flexible_calling"" : null, ""calling_number_in_public_format"" : true, ""full_prefix"" : ""042250833"", ""calling_format"" : ""E164"", ""called_cli_policy"" : ""SIPDA""}"
4089,0,3,20,2250834,1,"{""id"" : -1, ""equipment_id"" : 53974, ""site_id"" : 4089, ""rank"" : 0, ""load"" : 1, ""cdr_info"" : ""098993991"", ""called_prefix"" : ""04"", ""called_number_in_public_format"" : true, ""flexible_called"" : null, ""flexible_calling"" : null, ""calling_number_in_public_format"" : true, ""full_prefix"" : ""042250834"", ""calling_format"" : ""E164"", ""called_cli_policy"" : ""SIPDA""}"
4090,1,3,20,2250833,1,"{""id"" : -1, ""equipment_id"" : 53973, ""site_id"" : 4090, ""rank"" : 1, ""load"" : 1, ""cdr_info"" : ""098993991"", ""called_prefix"" : ""04"", ""called_number_in_public_format"" : true, ""flexible_called"" : null, ""flexible_calling"" : null, ""calling_number_in_public_format"" : true, ""full_prefix"" : ""042250833"", ""calling_format"" : ""E164"", ""called_cli_policy"" : ""SIPDA""}"
4090,0,3,20,2250834,1,"{""id"" : -1, ""equipment_id"" : 53974, ""site_id"" : 4090, ""rank"" : 0, ""load"" : 1, ""cdr_info"" : ""098993991"", ""called_prefix"" : ""04"", ""called_number_in_public_format"" : true, ""flexible_called"" : null, ""flexible_calling"" : null, ""calling_number_in_public_format"" : true, ""full_prefix"" : ""042250834"", ""calling_format"" : ""E164"", ""called_cli_policy"" : ""SIPDA""}"
4091,1,3,20,2250833,1,"{""id"" : -1, ""equipment_id"" : 53973, ""site_id"" : 4091, ""rank"" : 1, ""load"" : 1, ""cdr_info"" : ""098993991"", ""called_prefix"" : ""04"", ""called_number_in_public_format"" : true, ""flexible_called"" : null, ""flexible_calling"" : null, ""calling_number_in_public_format"" : true, ""full_prefix"" : ""042250833"", ""calling_format"" : ""E164"", ""called_cli_policy"" : ""SIPDA""}"
4091,0,3,20,2250834,1,"{""id"" : -1, ""equipment_id"" : 53974, ""site_id"" : 4091, ""rank"" : 0, ""load"" : 1, ""cdr_info"" : ""098993991"", ""called_prefix"" : ""04"", ""called_number_in_public_format"" : true, ""flexible_called"" : null, ""flexible_calling"" : null, ""calling_number_in_public_format"" : true, ""full_prefix"" : ""042250834"", ""calling_format"" : ""E164"", ""called_cli_policy"" : ""SIPDA""}"
4097,0,3,20,2250833,1,"{""id"" : -1, ""equipment_id"" : 53973, ""site_id"" : 4097, ""rank"" : 0, ""load"" : 1, ""cdr_info"" : ""098993991"", ""called_prefix"" : ""04"", ""called_number_in_public_format"" : true, ""flexible_called"" : null, ""flexible_calling"" : null, ""calling_number_in_public_format"" : true, ""full_prefix"" : ""042250833"", ""calling_format"" : ""E164"", ""called_cli_policy"" : ""SIPDA""}"
4097,1,3,20,2250834,1,"{""id"" : -1, ""equipment_id"" : 53974, ""site_id"" : 4097, ""rank"" : 1, ""load"" : 1, ""cdr_info"" : ""098993991"", ""called_prefix"" : ""04"", ""called_number_in_public_format"" : true, ""flexible_called"" : null, ""flexible_calling"" : null, ""calling_number_in_public_format"" : true, ""full_prefix"" : ""042250834"", ""calling_format"" : ""E164"", ""called_cli_policy"" : ""SIPDA""}"
4100,0,3,20,2250833,1,"{""id"" : -1, ""equipment_id"" : 53973, ""site_id"" : 4100, ""rank"" : 0, ""load"" : 1, ""cdr_info"" : ""098993991"", ""called_prefix"" : ""04"", ""called_number_in_public_format"" : true, ""flexible_called"" : null, ""flexible_calling"" : null, ""calling_number_in_public_format"" : true, ""full_prefix"" : ""042250833"", ""calling_format"" : ""E164"", ""called_cli_policy"" : ""SIPDA""}"
4100,1,3,20,2250834,1,"{""id"" : -1, ""equipment_id"" : 53974, ""site_id"" : 4100, ""rank"" : 1, ""load"" : 1, ""cdr_info"" : ""098993991"", ""called_prefix"" : ""04"", ""called_number_in_public_format"" : true, ""flexible_called"" : null, ""flexible_calling"" : null, ""calling_number_in_public_format"" : true, ""full_prefix"" : ""042250834"", ""calling_format"" : ""E164"", ""called_cli_policy"" : ""SIPDA""}"
4101,0,3,20,2350852,1,"{""id"" : -1, ""equipment_id"" : 177083, ""site_id"" : 4101, ""rank"" : 0, ""load"" : 1, ""cdr_info"" : ""098993999"", ""called_prefix"" : ""04"", ""called_number_in_public_format"" : false, ""flexible_called"" : null, ""flexible_calling"" : null, ""calling_number_in_public_format"" : false, ""full_prefix"" : ""042350852"", ""calling_format"" : ""E164"", ""called_cli_policy"" : ""SIPDA""}"
4104,1,3,20,2250833,1,"{""id"" : -1, ""equipment_id"" : 53973, ""site_id"" : 4104, ""rank"" : 1, ""load"" : 1, ""cdr_info"" : ""098993991"", ""called_prefix"" : ""04"", ""called_number_in_public_format"" : true, ""flexible_called"" : null, ""flexible_calling"" : null, ""calling_number_in_public_format"" : true, ""full_prefix"" : ""042250833"", ""calling_format"" : ""E164"", ""called_cli_policy"" : ""SIPDA""}"
4104,0,3,20,2250834,1,"{""id"" : -1, ""equipment_id"" : 53974, ""site_id"" : 4104, ""rank"" : 0, ""load"" : 1, ""cdr_info"" : ""098993991"", ""called_prefix"" : ""04"", ""called_number_in_public_format"" : true, ""flexible_called"" : null, ""flexible_calling"" : null, ""calling_number_in_public_format"" : true, ""full_prefix"" : ""042250834"", ""calling_format"" : ""E164"", ""called_cli_policy"" : ""SIPDA""}"
4108,0,3,20,2250833,1,"{""id"" : -1, ""equipment_id"" : 53973, ""site_id"" : 4108, ""rank"" : 0, ""load"" : 1, ""cdr_info"" : ""098993991"", ""called_prefix"" : ""04"", ""called_number_in_public_format"" : true, ""flexible_called"" : null, ""flexible_calling"" : null, ""calling_number_in_public_format"" : true, ""full_prefix"" : ""042250833"", ""calling_format"" : ""E164"", ""called_cli_policy"" : ""SIPDA""}"
4108,1,3,20,2250834,1,"{""id"" : -1, ""equipment_id"" : 53974, ""site_id"" : 4108, ""rank"" : 1, ""load"" : 1, ""cdr_info"" : ""098993991"", ""called_prefix"" : ""04"", ""called_number_in_public_format"" : true, ""flexible_called"" : null, ""flexible_calling"" : null, ""calling_number_in_public_format"" : true, ""full_prefix"" : ""042250834"", ""calling_format"" : ""E164"", ""called_cli_policy"" : ""SIPDA""}"
4110,0,3,20,2250833,1,"{""id"" : -1, ""equipment_id"" : 53973, ""site_id"" : 4110, ""rank"" : 0, ""load"" : 1, ""cdr_info"" : ""098993991"", ""called_prefix"" : ""04"", ""called_number_in_public_format"" : true, ""flexible_called"" : null, ""flexible_calling"" : null, ""calling_number_in_public_format"" : true, ""full_prefix"" : ""042250833"", ""calling_format"" : ""E164"", ""called_cli_policy"" : ""SIPDA""}"
4110,1,3,20,2250834,1,"{""id"" : -1, ""equipment_id"" : 53974, ""site_id"" : 4110, ""rank"" : 1, ""load"" : 1, ""cdr_info"" : ""098993991"", ""called_prefix"" : ""04"", ""called_number_in_public_format"" : true, ""flexible_called"" : null, ""flexible_calling"" : null, ""calling_number_in_public_format"" : true, ""full_prefix"" : ""042250834"", ""calling_format"" : ""E164"", ""called_cli_policy"" : ""SIPDA""}"
4111,1,3,20,2250833,1,"{""id"" : -1, ""equipment_id"" : 53973, ""site_id"" : 4111, ""rank"" : 1, ""load"" : 1, ""cdr_info"" : ""098993991"", ""called_prefix"" : ""04"", ""called_number_in_public_format"" : true, ""flexible_called"" : null, ""flexible_calling"" : null, ""calling_number_in_public_format"" : true, ""full_prefix"" : ""042250833"", ""calling_format"" : ""E164"", ""called_cli_policy"" : ""SIPDA""}"
4111,0,3,20,2250834,1,"{""id"" : -1, ""equipment_id"" : 53974, ""site_id"" : 4111, ""rank"" : 0, ""load"" : 1, ""cdr_info"" : ""098993991"", ""called_prefix"" : ""04"", ""called_number_in_public_format"" : true, ""flexible_called"" : null, ""flexible_calling"" : null, ""calling_number_in_public_format"" : true, ""full_prefix"" : ""042250834"", ""calling_format"" : ""E164"", ""called_cli_policy"" : ""SIPDA""}"
4112,0,3,20,2250833,1,"{""id"" : -1, ""equipment_id"" : 53973, ""site_id"" : 4112, ""rank"" : 0, ""load"" : 1, ""cdr_info"" : ""098993991"", ""called_prefix"" : ""04"", ""called_number_in_public_format"" : true, ""flexible_called"" : null, ""flexible_calling"" : null, ""calling_number_in_public_format"" : true, ""full_prefix"" : ""042250833"", ""calling_format"" : ""E164"", ""called_cli_policy"" : ""SIPDA""}"
4112,1,3,20,2250834,1,"{""id"" : -1, ""equipment_id"" : 53974, ""site_id"" : 4112, ""rank"" : 1, ""load"" : 1, ""cdr_info"" : ""098993991"", ""called_prefix"" : ""04"", ""called_number_in_public_format"" : true, ""flexible_called"" : null, ""flexible_calling"" : null, ""calling_number_in_public_format"" : true, ""full_prefix"" : ""042250834"", ""calling_format"" : ""E164"", ""called_cli_policy"" : ""SIPDA""}"
4117,1,3,20,2250833,1,"{""id"" : -1, ""equipment_id"" : 53973, ""site_id"" : 4117, ""rank"" : 1, ""load"" : 1, ""cdr_info"" : ""098993991"", ""called_prefix"" : ""04"", ""called_number_in_public_format"" : true, ""flexible_called"" : null, ""flexible_calling"" : null, ""calling_number_in_public_format"" : true, ""full_prefix"" : ""042250833"", ""calling_format"" : ""E164"", ""called_cli_policy"" : ""SIPDA""}"
4117,0,3,20,2250834,1,"{""id"" : -1, ""equipment_id"" : 53974, ""site_id"" : 4117, ""rank"" : 0, ""load"" : 1, ""cdr_info"" : ""098993991"", ""called_prefix"" : ""04"", ""called_number_in_public_format"" : true, ""flexible_called"" : null, ""flexible_calling"" : null, ""calling_number_in_public_format"" : true, ""full_prefix"" : ""042250834"", ""calling_format"" : ""E164"", ""called_cli_policy"" : ""SIPDA""}"
4118,1,3,20,2250833,1,"{""id"" : -1, ""equipment_id"" : 53973, ""site_id"" : 4118, ""rank"" : 1, ""load"" : 1, ""cdr_info"" : ""098993991"", ""called_prefix"" : ""04"", ""called_number_in_public_format"" : true, ""flexible_called"" : null, ""flexible_calling"" : null, ""calling_number_in_public_format"" : true, ""full_prefix"" : ""042250833"", ""calling_format"" : ""E164"", ""called_cli_policy"" : ""SIPDA""}"
4118,0,3,20,2250834,1,"{""id"" : -1, ""equipment_id"" : 53974, ""site_id"" : 4118, ""rank"" : 0, ""load"" : 1, ""cdr_info"" : ""098993991"", ""called_prefix"" : ""04"", ""called_number_in_public_format"" : true, ""flexible_called"" : null, ""flexible_calling"" : null, ""calling_number_in_public_format"" : true, ""full_prefix"" : ""042250834"", ""calling_format"" : ""E164"", ""called_cli_policy"" : ""SIPDA""}"
4119,0,3,20,2250833,1,"{""id"" : -1, ""equipment_id"" : 53973, ""site_id"" : 4119, ""rank"" : 0, ""load"" : 1, ""cdr_info"" : ""098993991"", ""called_prefix"" : ""04"", ""called_number_in_public_format"" : true, ""flexible_called"" : null, ""flexible_calling"" : null, ""calling_number_in_public_format"" : true, ""full_prefix"" : ""042250833"", ""calling_format"" : ""E164"", ""called_cli_policy"" : ""SIPDA""}"
4119,1,3,20,2250834,1,"{""id"" : -1, ""equipment_id"" : 53974, ""site_id"" : 4119, ""rank"" : 1, ""load"" : 1, ""cdr_info"" : ""098993991"", ""called_prefix"" : ""04"", ""called_number_in_public_format"" : true, ""flexible_called"" : null, ""flexible_calling"" : null, ""calling_number_in_public_format"" : true, ""full_prefix"" : ""042250834"", ""calling_format"" : ""E164"", ""called_cli_policy"" : ""SIPDA""}"
4121,0,3,20,5105141,1,"{""id"" : -1, ""equipment_id"" : 74029, ""site_id"" : 4121, ""rank"" : 0, ""load"" : 1, ""cdr_info"" : ""098993999"", ""called_prefix"" : ""09"", ""called_number_in_public_format"" : false, ""flexible_called"" : null, ""flexible_calling"" : null, ""calling_number_in_public_format"" : false, ""full_prefix"" : ""095105141"", ""calling_format"" : ""E164"", ""called_cli_policy"" : ""SIPDA""}"
4129,1,3,20,2250833,1,"{""id"" : -1, ""equipment_id"" : 53973, ""site_id"" : 4129, ""rank"" : 1, ""load"" : 1, ""cdr_info"" : ""098993991"", ""called_prefix"" : ""04"", ""called_number_in_public_format"" : true, ""flexible_called"" : null, ""flexible_calling"" : null, ""calling_number_in_public_format"" : true, ""full_prefix"" : ""042250833"", ""calling_format"" : ""E164"", ""called_cli_policy"" : ""SIPDA""}"
4129,0,3,20,2250834,1,"{""id"" : -1, ""equipment_id"" : 53974, ""site_id"" : 4129, ""rank"" : 0, ""load"" : 1, ""cdr_info"" : ""098993991"", ""called_prefix"" : ""04"", ""called_number_in_public_format"" : true, ""flexible_called"" : null, ""flexible_calling"" : null, ""calling_number_in_public_format"" : true, ""full_prefix"" : ""042250834"", ""calling_format"" : ""E164"", ""called_cli_policy"" : ""SIPDA""}"
4130,1,3,20,2250833,1,"{""id"" : -1, ""equipment_id"" : 53973, ""site_id"" : 4130, ""rank"" : 1, ""load"" : 1, ""cdr_info"" : ""098993991"", ""called_prefix"" : ""04"", ""called_number_in_public_format"" : true, ""flexible_called"" : null, ""flexible_calling"" : null, ""calling_number_in_public_format"" : true, ""full_prefix"" : ""042250833"", ""calling_format"" : ""E164"", ""called_cli_policy"" : ""SIPDA""}"
4130,0,3,20,2250834,1,"{""id"" : -1, ""equipment_id"" : 53974, ""site_id"" : 4130, ""rank"" : 0, ""load"" : 1, ""cdr_info"" : ""098993991"", ""called_prefix"" : ""04"", ""called_number_in_public_format"" : true, ""flexible_called"" : null, ""flexible_calling"" : null, ""calling_number_in_public_format"" : true, ""full_prefix"" : ""042250834"", ""calling_format"" : ""E164"", ""called_cli_policy"" : ""SIPDA""}"
4138,1,3,20,2300095,1,"{""id"" : -1, ""equipment_id"" : 127661, ""site_id"" : 4138, ""rank"" : 1, ""load"" : 1, ""cdr_info"" : ""098993999"", ""called_prefix"" : ""04"", ""called_number_in_public_format"" : false, ""flexible_called"" : null, ""flexible_calling"" : null, ""calling_number_in_public_format"" : false, ""full_prefix"" : ""042300095"", ""calling_format"" : ""E164"", ""called_cli_policy"" : ""SIPDA""}"
4138,0,3,20,2300141,1,"{""id"" : -1, ""equipment_id"" : 43553, ""site_id"" : 4138, ""rank"" : 0, ""load"" : 1, ""cdr_info"" : ""098993999"", ""called_prefix"" : ""04"", ""called_number_in_public_format"" : false, ""flexible_called"" : null, ""flexible_calling"" : null, ""calling_number_in_public_format"" : false, ""full_prefix"" : ""042300141"", ""calling_format"" : ""E164"", ""called_cli_policy"" : ""SIPDA""}"
4139,1,3,20,2300095,1,"{""id"" : -1, ""equipment_id"" : 127661, ""site_id"" : 4139, ""rank"" : 1, ""load"" : 1, ""cdr_info"" : ""098993999"", ""called_prefix"" : ""04"", ""called_number_in_public_format"" : false, ""flexible_called"" : null, ""flexible_calling"" : null, ""calling_number_in_public_format"" : false, ""full_prefix"" : ""042300095"", ""calling_format"" : ""E164"", ""called_cli_policy"" : ""SIPDA""}"
4139,0,3,20,2300141,1,"{""id"" : -1, ""equipment_id"" : 43553, ""site_id"" : 4139, ""rank"" : 0, ""load"" : 1, ""cdr_info"" : ""098993999"", ""called_prefix"" : ""04"", ""called_number_in_public_format"" : false, ""flexible_called"" : null, ""flexible_calling"" : null, ""calling_number_in_public_format"" : false, ""full_prefix"" : ""042300141"", ""calling_format"" : ""E164"", ""called_cli_policy"" : ""SIPDA""}"
4141,0,3,20,2360196,1,"{""id"" : -1, ""equipment_id"" : 49661, ""site_id"" : 4141, ""rank"" : 0, ""load"" : 1, ""cdr_info"" : ""098997026"", ""called_prefix"" : ""24"", ""called_number_in_public_format"" : true, ""flexible_called"" : null, ""flexible_calling"" : null, ""calling_number_in_public_format"" : true, ""full_prefix"" : ""242360196"", ""calling_format"" : ""E164"", ""called_cli_policy"" : ""SIPDA""}"
4141,0,3,20,2360199,1,"{""id"" : -1, ""equipment_id"" : 49662, ""site_id"" : 4141, ""rank"" : 0, ""load"" : 1, ""cdr_info"" : ""098997026"", ""called_prefix"" : ""24"", ""called_number_in_public_format"" : true, ""flexible_called"" : null, ""flexible_calling"" : null, ""calling_number_in_public_format"" : true, ""full_prefix"" : ""242360199"", ""calling_format"" : ""E164"", ""called_cli_policy"" : ""SIPDA""}"
4143,2,3,20,2385166,1,"{""id"" : -1, ""equipment_id"" : 70356, ""site_id"" : 4143, ""rank"" : 2, ""load"" : 1, ""cdr_info"" : ""098994898"", ""called_prefix"" : ""04"", ""called_number_in_public_format"" : false, ""flexible_called"" : null, ""flexible_calling"" : null, ""calling_number_in_public_format"" : false, ""full_prefix"" : ""042385166"", ""calling_format"" : ""E164"", ""called_cli_policy"" : ""SIPDA""}"
4143,1,3,20,2390082,1,"{""id"" : -1, ""equipment_id"" : 70357, ""site_id"" : 4143, ""rank"" : 1, ""load"" : 1, ""cdr_info"" : ""098994898"", ""called_prefix"" : ""04"", ""called_number_in_public_format"" : false, ""flexible_called"" : null, ""flexible_calling"" : null, ""calling_number_in_public_format"" : false, ""full_prefix"" : ""042390082"", ""calling_format"" : ""E164"", ""called_cli_policy"" : ""SIPDA""}"
4143,4,3,20,2390287,1,"{""id"" : -1, ""equipment_id"" : 166416, ""site_id"" : 4143, ""rank"" : 4, ""load"" : 1, ""cdr_info"" : ""933333333333"", ""called_prefix"" : ""04"", ""called_number_in_public_format"" : false, ""flexible_called"" : null, ""flexible_calling"" : null, ""calling_number_in_public_format"" : false, ""full_prefix"" : ""042390287"", ""calling_format"" : ""E164"", ""called_cli_policy"" : ""SIPDA""}"
4143,3,3,20,2405074,1,"{""id"" : -1, ""equipment_id"" : 70253, ""site_id"" : 4143, ""rank"" : 3, ""load"" : 1, ""cdr_info"" : ""098994898"", ""called_prefix"" : ""04"", ""called_number_in_public_format"" : false, ""flexible_called"" : null, ""flexible_calling"" : null, ""calling_number_in_public_format"" : false, ""full_prefix"" : ""042405074"", ""calling_format"" : ""E164"", ""called_cli_policy"" : ""SIPDA""}"
4143,0,3,20,8944012,1,"{""id"" : -1, ""equipment_id"" : 69172, ""site_id"" : 4143, ""rank"" : 0, ""load"" : 1, ""cdr_info"" : ""098994898"", ""called_prefix"" : ""09"", ""called_number_in_public_format"" : true, ""flexible_called"" : null, ""flexible_calling"" : null, ""calling_number_in_public_format"" : true, ""full_prefix"" : ""098944012"", ""calling_format"" : ""E164"", ""called_cli_policy"" : ""SIPDA""}"
4161,0,3,20,2330238,1,"{""id"" : -1, ""equipment_id"" : 79041, ""site_id"" : 4161, ""rank"" : 0, ""load"" : 1, ""cdr_info"" : ""098993999"", ""called_prefix"" : ""04"", ""called_number_in_public_format"" : false, ""flexible_called"" : null, ""flexible_calling"" : null, ""calling_number_in_public_format"" : false, ""full_prefix"" : ""042330238"", ""calling_format"" : ""E164"", ""called_cli_policy"" : ""SIPDA""}"
4172,0,3,20,2250833,1,"{""id"" : -1, ""equipment_id"" : 53973, ""site_id"" : 4172, ""rank"" : 0, ""load"" : 1, ""cdr_info"" : ""098993991"", ""called_prefix"" : ""04"", ""called_number_in_public_format"" : true, ""flexible_called"" : null, ""flexible_calling"" : null, ""calling_number_in_public_format"" : true, ""full_prefix"" : ""042250833"", ""calling_format"" : ""E164"", ""called_cli_policy"" : ""SIPDA""}"
4172,1,3,20,2250834,1,"{""id"" : -1, ""equipment_id"" : 53974, ""site_id"" : 4172, ""rank"" : 1, ""load"" : 1, ""cdr_info"" : ""098993991"", ""called_prefix"" : ""04"", ""called_number_in_public_format"" : true, ""flexible_called"" : null, ""flexible_calling"" : null, ""calling_number_in_public_format"" : true, ""full_prefix"" : ""042250834"", ""calling_format"" : ""E164"", ""called_cli_policy"" : ""SIPDA""}"
4173,1,3,20,2250833,1,"{""id"" : -1, ""equipment_id"" : 53973, ""site_id"" : 4173, ""rank"" : 1, ""load"" : 1, ""cdr_info"" : ""098993991"", ""called_prefix"" : ""04"", ""called_number_in_public_format"" : true, ""flexible_called"" : null, ""flexible_calling"" : null, ""calling_number_in_public_format"" : true, ""full_prefix"" : ""042250833"", ""calling_format"" : ""E164"", ""called_cli_policy"" : ""SIPDA""}"
4173,0,3,20,2250834,1,"{""id"" : -1, ""equipment_id"" : 53974, ""site_id"" : 4173, ""rank"" : 0, ""load"" : 1, ""cdr_info"" : ""098993991"", ""called_prefix"" : ""04"", ""called_number_in_public_format"" : true, ""flexible_called"" : null, ""flexible_calling"" : null, ""calling_number_in_public_format"" : true, ""full_prefix"" : ""042250834"", ""calling_format"" : ""E164"", ""called_cli_policy"" : ""SIPDA""}"
4178,1,3,20,2250833,1,"{""id"" : -1, ""equipment_id"" : 53973, ""site_id"" : 4178, ""rank"" : 1, ""load"" : 1, ""cdr_info"" : ""098993991"", ""called_prefix"" : ""04"", ""called_number_in_public_format"" : true, ""flexible_called"" : null, ""flexible_calling"" : null, ""calling_number_in_public_format"" : true, ""full_prefix"" : ""042250833"", ""calling_format"" : ""E164"", ""called_cli_policy"" : ""SIPDA""}"
4178,0,3,20,2250834,1,"{""id"" : -1, ""equipment_id"" : 53974, ""site_id"" : 4178, ""rank"" : 0, ""load"" : 1, ""cdr_info"" : ""098993991"", ""called_prefix"" : ""04"", ""called_number_in_public_format"" : true, ""flexible_called"" : null, ""flexible_calling"" : null, ""calling_number_in_public_format"" : true, ""full_prefix"" : ""042250834"", ""calling_format"" : ""E164"", ""called_cli_policy"" : ""SIPDA""}"
4179,0,3,20,2250833,1,"{""id"" : -1, ""equipment_id"" : 53973, ""site_id"" : 4179, ""rank"" : 0, ""load"" : 1, ""cdr_info"" : ""098993991"", ""called_prefix"" : ""04"", ""called_number_in_public_format"" : true, ""flexible_called"" : null, ""flexible_calling"" : null, ""calling_number_in_public_format"" : true, ""full_prefix"" : ""042250833"", ""calling_format"" : ""E164"", ""called_cli_policy"" : ""SIPDA""}"
4179,1,3,20,2250834,1,"{""id"" : -1, ""equipment_id"" : 53974, ""site_id"" : 4179, ""rank"" : 1, ""load"" : 1, ""cdr_info"" : ""098993991"", ""called_prefix"" : ""04"", ""called_number_in_public_format"" : true, ""flexible_called"" : null, ""flexible_calling"" : null, ""calling_number_in_public_format"" : true, ""full_prefix"" : ""042250834"", ""calling_format"" : ""E164"", ""called_cli_policy"" : ""SIPDA""}"
4180,1,3,20,2250833,1,"{""id"" : -1, ""equipment_id"" : 53973, ""site_id"" : 4180, ""rank"" : 1, ""load"" : 1, ""cdr_info"" : ""098993991"", ""called_prefix"" : ""04"", ""called_number_in_public_format"" : true, ""flexible_called"" : null, ""flexible_calling"" : null, ""calling_number_in_public_format"" : true, ""full_prefix"" : ""042250833"", ""calling_format"" : ""E164"", ""called_cli_policy"" : ""SIPDA""}"
4180,0,3,20,2250834,1,"{""id"" : -1, ""equipment_id"" : 53974, ""site_id"" : 4180, ""rank"" : 0, ""load"" : 1, ""cdr_info"" : ""098993991"", ""called_prefix"" : ""04"", ""called_number_in_public_format"" : true, ""flexible_called"" : null, ""flexible_calling"" : null, ""calling_number_in_public_format"" : true, ""full_prefix"" : ""042250834"", ""calling_format"" : ""E164"", ""called_cli_policy"" : ""SIPDA""}"
4181,0,3,20,2403828,1,"{""id"" : -1, ""equipment_id"" : 68774, ""site_id"" : 4181, ""rank"" : 0, ""load"" : 1, ""cdr_info"" : ""098997331"", ""called_prefix"" : ""04"", ""called_number_in_public_format"" : true, ""flexible_called"" : null, ""flexible_calling"" : null, ""calling_number_in_public_format"" : true, ""full_prefix"" : ""042403828"", ""calling_format"" : ""E164"", ""called_cli_policy"" : ""SIPDA""}"
4184,0,3,20,2250833,1,"{""id"" : -1, ""equipment_id"" : 53973, ""site_id"" : 4184, ""rank"" : 0, ""load"" : 1, ""cdr_info"" : ""098993991"", ""called_prefix"" : ""04"", ""called_number_in_public_format"" : true, ""flexible_called"" : null, ""flexible_calling"" : null, ""calling_number_in_public_format"" : true, ""full_prefix"" : ""042250833"", ""calling_format"" : ""E164"", ""called_cli_policy"" : ""SIPDA""}"
4184,1,3,20,2250834,1,"{""id"" : -1, ""equipment_id"" : 53974, ""site_id"" : 4184, ""rank"" : 1, ""load"" : 1, ""cdr_info"" : ""098993991"", ""called_prefix"" : ""04"", ""called_number_in_public_format"" : true, ""flexible_called"" : null, ""flexible_calling"" : null, ""calling_number_in_public_format"" : true, ""full_prefix"" : ""042250834"", ""calling_format"" : ""E164"", ""called_cli_policy"" : ""SIPDA""}"
4185,0,3,20,2250833,1,"{""id"" : -1, ""equipment_id"" : 53973, ""site_id"" : 4185, ""rank"" : 0, ""load"" : 1, ""cdr_info"" : ""098993991"", ""called_prefix"" : ""04"", ""called_number_in_public_format"" : true, ""flexible_called"" : null, ""flexible_calling"" : null, ""calling_number_in_public_format"" : true, ""full_prefix"" : ""042250833"", ""calling_format"" : ""E164"", ""called_cli_policy"" : ""SIPDA""}"
4185,1,3,20,2250834,1,"{""id"" : -1, ""equipment_id"" : 53974, ""site_id"" : 4185, ""rank"" : 1, ""load"" : 1, ""cdr_info"" : ""098993991"", ""called_prefix"" : ""04"", ""called_number_in_public_format"" : true, ""flexible_called"" : null, ""flexible_calling"" : null, ""calling_number_in_public_format"" : true, ""full_prefix"" : ""042250834"", ""calling_format"" : ""E164"", ""called_cli_policy"" : ""SIPDA""}"
4186,0,3,20,2250833,1,"{""id"" : -1, ""equipment_id"" : 53973, ""site_id"" : 4186, ""rank"" : 0, ""load"" : 1, ""cdr_info"" : ""098993991"", ""called_prefix"" : ""04"", ""called_number_in_public_format"" : true, ""flexible_called"" : null, ""flexible_calling"" : null, ""calling_number_in_public_format"" : true, ""full_prefix"" : ""042250833"", ""calling_format"" : ""E164"", ""called_cli_policy"" : ""SIPDA""}"
4186,1,3,20,2250834,1,"{""id"" : -1, ""equipment_id"" : 53974, ""site_id"" : 4186, ""rank"" : 1, ""load"" : 1, ""cdr_info"" : ""098993991"", ""called_prefix"" : ""04"", ""called_number_in_public_format"" : true, ""flexible_called"" : null, ""flexible_calling"" : null, ""calling_number_in_public_format"" : true, ""full_prefix"" : ""042250834"", ""calling_format"" : ""E164"", ""called_cli_policy"" : ""SIPDA""}"
4187,1,3,20,2250833,1,"{""id"" : -1, ""equipment_id"" : 53973, ""site_id"" : 4187, ""rank"" : 1, ""load"" : 1, ""cdr_info"" : ""098993991"", ""called_prefix"" : ""04"", ""called_number_in_public_format"" : true, ""flexible_called"" : null, ""flexible_calling"" : null, ""calling_number_in_public_format"" : true, ""full_prefix"" : ""042250833"", ""calling_format"" : ""E164"", ""called_cli_policy"" : ""SIPDA""}"
4187,0,3,20,2250834,1,"{""id"" : -1, ""equipment_id"" : 53974, ""site_id"" : 4187, ""rank"" : 0, ""load"" : 1, ""cdr_info"" : ""098993991"", ""called_prefix"" : ""04"", ""called_number_in_public_format"" : true, ""flexible_called"" : null, ""flexible_calling"" : null, ""calling_number_in_public_format"" : true, ""full_prefix"" : ""042250834"", ""calling_format"" : ""E164"", ""called_cli_policy"" : ""SIPDA""}"
4201,0,3,20,8930004,1,"{""id"" : -1, ""equipment_id"" : 58966, ""site_id"" : 4201, ""rank"" : 0, ""load"" : 1, ""cdr_info"" : ""098994919"", ""called_prefix"" : ""09"", ""called_number_in_public_format"" : false, ""flexible_called"" : ""PubFulld"", ""flexible_calling"" : null, ""calling_number_in_public_format"" : true, ""full_prefix"" : ""098930004"", ""calling_format"" : ""E164"", ""called_cli_policy"" : ""SIPDA""}"
4218,0,3,20,2330699,1,"{""id"" : -1, ""equipment_id"" : 89941, ""site_id"" : 4218, ""rank"" : 0, ""load"" : 1, ""cdr_info"" : ""098993999"", ""called_prefix"" : ""04"", ""called_number_in_public_format"" : false, ""flexible_called"" : null, ""flexible_calling"" : null, ""calling_number_in_public_format"" : false, ""full_prefix"" : ""042330699"", ""calling_format"" : ""E164"", ""called_cli_policy"" : ""SIPDA""}"
4218,1,3,20,2330700,1,"{""id"" : -1, ""equipment_id"" : 89981, ""site_id"" : 4218, ""rank"" : 1, ""load"" : 1, ""cdr_info"" : ""098993999"", ""called_prefix"" : ""04"", ""called_number_in_public_format"" : false, ""flexible_called"" : null, ""flexible_calling"" : null, ""calling_number_in_public_format"" : false, ""full_prefix"" : ""042330700"", ""calling_format"" : ""E164"", ""called_cli_policy"" : ""SIPDA""}"
4221,0,3,20,8930004,1,"{""id"" : -1, ""equipment_id"" : 58966, ""site_id"" : 4221, ""rank"" : 0, ""load"" : 1, ""cdr_info"" : ""098994919"", ""called_prefix"" : ""09"", ""called_number_in_public_format"" : false, ""flexible_called"" : ""PubFulld"", ""flexible_calling"" : null, ""calling_number_in_public_format"" : true, ""full_prefix"" : ""098930004"", ""calling_format"" : ""E164"", ""called_cli_policy"" : ""SIPDA""}"
4233,0,3,20,2223425,1,"{""id"" : -1, ""equipment_id"" : 61477, ""site_id"" : 4233, ""rank"" : 0, ""load"" : 1, ""cdr_info"" : ""098993999"", ""called_prefix"" : ""04"", ""called_number_in_public_format"" : false, ""flexible_called"" : null, ""flexible_calling"" : null, ""calling_number_in_public_format"" : true, ""full_prefix"" : ""042223425"", ""calling_format"" : ""E164"", ""called_cli_policy"" : ""SIPDA""}"
4237,0,3,20,2250833,1,"{""id"" : -1, ""equipment_id"" : 53973, ""site_id"" : 4237, ""rank"" : 0, ""load"" : 1, ""cdr_info"" : ""098993991"", ""called_prefix"" : ""04"", ""called_number_in_public_format"" : true, ""flexible_called"" : null, ""flexible_calling"" : null, ""calling_number_in_public_format"" : true, ""full_prefix"" : ""042250833"", ""calling_format"" : ""E164"", ""called_cli_policy"" : ""SIPDA""}"
4237,1,3,20,2250834,1,"{""id"" : -1, ""equipment_id"" : 53974, ""site_id"" : 4237, ""rank"" : 1, ""load"" : 1, ""cdr_info"" : ""098993991"", ""called_prefix"" : ""04"", ""called_number_in_public_format"" : true, ""flexible_called"" : null, ""flexible_calling"" : null, ""calling_number_in_public_format"" : true, ""full_prefix"" : ""042250834"", ""calling_format"" : ""E164"", ""called_cli_policy"" : ""SIPDA""}"
4238,0,3,20,2250833,1,"{""id"" : -1, ""equipment_id"" : 53973, ""site_id"" : 4238, ""rank"" : 0, ""load"" : 1, ""cdr_info"" : ""098993991"", ""called_prefix"" : ""04"", ""called_number_in_public_format"" : true, ""flexible_called"" : null, ""flexible_calling"" : null, ""calling_number_in_public_format"" : true, ""full_prefix"" : ""042250833"", ""calling_format"" : ""E164"", ""called_cli_policy"" : ""SIPDA""}"
4238,1,3,20,2250834,1,"{""id"" : -1, ""equipment_id"" : 53974, ""site_id"" : 4238, ""rank"" : 1, ""load"" : 1, ""cdr_info"" : ""098993991"", ""called_prefix"" : ""04"", ""called_number_in_public_format"" : true, ""flexible_called"" : null, ""flexible_calling"" : null, ""calling_number_in_public_format"" : true, ""full_prefix"" : ""042250834"", ""calling_format"" : ""E164"", ""called_cli_policy"" : ""SIPDA""}"
4247,1,3,20,2250833,1,"{""id"" : -1, ""equipment_id"" : 53973, ""site_id"" : 4247, ""rank"" : 1, ""load"" : 1, ""cdr_info"" : ""098993991"", ""called_prefix"" : ""04"", ""called_number_in_public_format"" : true, ""flexible_called"" : null, ""flexible_calling"" : null, ""calling_number_in_public_format"" : true, ""full_prefix"" : ""042250833"", ""calling_format"" : ""E164"", ""called_cli_policy"" : ""SIPDA""}"
4247,0,3,20,2250834,1,"{""id"" : -1, ""equipment_id"" : 53974, ""site_id"" : 4247, ""rank"" : 0, ""load"" : 1, ""cdr_info"" : ""098993991"", ""called_prefix"" : ""04"", ""called_number_in_public_format"" : true, ""flexible_called"" : null, ""flexible_calling"" : null, ""calling_number_in_public_format"" : true, ""full_prefix"" : ""042250834"", ""calling_format"" : ""E164"", ""called_cli_policy"" : ""SIPDA""}"
4248,1,3,20,2250833,1,"{""id"" : -1, ""equipment_id"" : 53973, ""site_id"" : 4248, ""rank"" : 1, ""load"" : 1, ""cdr_info"" : ""098993991"", ""called_prefix"" : ""04"", ""called_number_in_public_format"" : true, ""flexible_called"" : null, ""flexible_calling"" : null, ""calling_number_in_public_format"" : true, ""full_prefix"" : ""042250833"", ""calling_format"" : ""E164"", ""called_cli_policy"" : ""SIPDA""}"
4248,0,3,20,2250834,1,"{""id"" : -1, ""equipment_id"" : 53974, ""site_id"" : 4248, ""rank"" : 0, ""load"" : 1, ""cdr_info"" : ""098993991"", ""called_prefix"" : ""04"", ""called_number_in_public_format"" : true, ""flexible_called"" : null, ""flexible_calling"" : null, ""calling_number_in_public_format"" : true, ""full_prefix"" : ""042250834"", ""calling_format"" : ""E164"", ""called_cli_policy"" : ""SIPDA""}"
4255,0,3,20,2250833,1,"{""id"" : -1, ""equipment_id"" : 53973, ""site_id"" : 4255, ""rank"" : 0, ""load"" : 1, ""cdr_info"" : ""098993991"", ""called_prefix"" : ""04"", ""called_number_in_public_format"" : true, ""flexible_called"" : null, ""flexible_calling"" : null, ""calling_number_in_public_format"" : true, ""full_prefix"" : ""042250833"", ""calling_format"" : ""E164"", ""called_cli_policy"" : ""SIPDA""}"
4255,1,3,20,2250834,1,"{""id"" : -1, ""equipment_id"" : 53974, ""site_id"" : 4255, ""rank"" : 1, ""load"" : 1, ""cdr_info"" : ""098993991"", ""called_prefix"" : ""04"", ""called_number_in_public_format"" : true, ""flexible_called"" : null, ""flexible_calling"" : null, ""calling_number_in_public_format"" : true, ""full_prefix"" : ""042250834"", ""calling_format"" : ""E164"", ""called_cli_policy"" : ""SIPDA""}"
4256,0,3,20,2330699,1,"{""id"" : -1, ""equipment_id"" : 89941, ""site_id"" : 4256, ""rank"" : 0, ""load"" : 1, ""cdr_info"" : ""098993999"", ""called_prefix"" : ""04"", ""called_number_in_public_format"" : false, ""flexible_called"" : null, ""flexible_calling"" : null, ""calling_number_in_public_format"" : false, ""full_prefix"" : ""042330699"", ""calling_format"" : ""FORMATTED"", ""called_cli_policy"" : ""SIPDA""}"
4256,1,3,20,2330707,1,"{""id"" : -1, ""equipment_id"" : 89961, ""site_id"" : 4256, ""rank"" : 1, ""load"" : 1, ""cdr_info"" : ""098993999"", ""called_prefix"" : ""04"", ""called_number_in_public_format"" : false, ""flexible_called"" : null, ""flexible_calling"" : null, ""calling_number_in_public_format"" : false, ""full_prefix"" : ""042330707"", ""calling_format"" : ""FORMATTED"", ""called_cli_policy"" : ""SIPDA""}"
4261,0,3,20,2330238,1,"{""id"" : -1, ""equipment_id"" : 79041, ""site_id"" : 4261, ""rank"" : 0, ""load"" : 1, ""cdr_info"" : ""098993999"", ""called_prefix"" : ""04"", ""called_number_in_public_format"" : false, ""flexible_called"" : null, ""flexible_calling"" : null, ""calling_number_in_public_format"" : false, ""full_prefix"" : ""042330238"", ""calling_format"" : ""E164"", ""called_cli_policy"" : ""SIPDA""}"
4265,3,3,20,2385166,1,"{""id"" : -1, ""equipment_id"" : 70356, ""site_id"" : 4265, ""rank"" : 3, ""load"" : 1, ""cdr_info"" : ""098994898"", ""called_prefix"" : ""04"", ""called_number_in_public_format"" : false, ""flexible_called"" : null, ""flexible_calling"" : null, ""calling_number_in_public_format"" : false, ""full_prefix"" : ""042385166"", ""calling_format"" : ""E164"", ""called_cli_policy"" : ""SIPDA""}"
4265,2,3,20,2390082,1,"{""id"" : -1, ""equipment_id"" : 70357, ""site_id"" : 4265, ""rank"" : 2, ""load"" : 1, ""cdr_info"" : ""098994898"", ""called_prefix"" : ""04"", ""called_number_in_public_format"" : false, ""flexible_called"" : null, ""flexible_calling"" : null, ""calling_number_in_public_format"" : false, ""full_prefix"" : ""042390082"", ""calling_format"" : ""E164"", ""called_cli_policy"" : ""SIPDA""}"
4265,1,3,20,2405074,1,"{""id"" : -1, ""equipment_id"" : 70253, ""site_id"" : 4265, ""rank"" : 1, ""load"" : 1, ""cdr_info"" : ""098994898"", ""called_prefix"" : ""04"", ""called_number_in_public_format"" : false, ""flexible_called"" : null, ""flexible_calling"" : null, ""calling_number_in_public_format"" : false, ""full_prefix"" : ""042405074"", ""calling_format"" : ""E164"", ""called_cli_policy"" : ""SIPDA""}"
4265,0,3,20,8946012,1,"{""id"" : -1, ""equipment_id"" : 69173, ""site_id"" : 4265, ""rank"" : 0, ""load"" : 1, ""cdr_info"" : ""933333333333"", ""called_prefix"" : ""09"", ""called_number_in_public_format"" : true, ""flexible_called"" : null, ""flexible_calling"" : null, ""calling_number_in_public_format"" : true, ""full_prefix"" : ""098946012"", ""calling_format"" : ""FORMATTED"", ""called_cli_policy"" : ""SIPDA""}"
4272,0,3,20,2330699,1,"{""id"" : -1, ""equipment_id"" : 89941, ""site_id"" : 4272, ""rank"" : 0, ""load"" : 1, ""cdr_info"" : ""098993999"", ""called_prefix"" : ""04"", ""called_number_in_public_format"" : false, ""flexible_called"" : null, ""flexible_calling"" : null, ""calling_number_in_public_format"" : false, ""full_prefix"" : ""042330699"", ""calling_format"" : ""E164"", ""called_cli_policy"" : ""SIPDA""}"
4272,1,3,20,2330700,1,"{""id"" : -1, ""equipment_id"" : 89981, ""site_id"" : 4272, ""rank"" : 1, ""load"" : 1, ""cdr_info"" : ""098993999"", ""called_prefix"" : ""04"", ""called_number_in_public_format"" : false, ""flexible_called"" : null, ""flexible_calling"" : null, ""calling_number_in_public_format"" : false, ""full_prefix"" : ""042330700"", ""calling_format"" : ""E164"", ""called_cli_policy"" : ""SIPDA""}"
4288,0,3,20,2385374,1,"{""id"" : -1, ""equipment_id"" : 118971, ""site_id"" : 4288, ""rank"" : 0, ""load"" : 1, ""cdr_info"" : ""098993634"", ""called_prefix"" : ""04"", ""called_number_in_public_format"" : false, ""flexible_called"" : null, ""flexible_calling"" : null, ""calling_number_in_public_format"" : true, ""full_prefix"" : ""042385374"", ""calling_format"" : ""E164"", ""called_cli_policy"" : ""SIPDA""}"
4291,0,3,20,2250833,1,"{""id"" : -1, ""equipment_id"" : 53973, ""site_id"" : 4291, ""rank"" : 0, ""load"" : 1, ""cdr_info"" : ""098993991"", ""called_prefix"" : ""04"", ""called_number_in_public_format"" : true, ""flexible_called"" : null, ""flexible_calling"" : null, ""calling_number_in_public_format"" : true, ""full_prefix"" : ""042250833"", ""calling_format"" : ""E164"", ""called_cli_policy"" : ""SIPDA""}"
4291,1,3,20,2250834,1,"{""id"" : -1, ""equipment_id"" : 53974, ""site_id"" : 4291, ""rank"" : 1, ""load"" : 1, ""cdr_info"" : ""098993991"", ""called_prefix"" : ""04"", ""called_number_in_public_format"" : true, ""flexible_called"" : null, ""flexible_calling"" : null, ""calling_number_in_public_format"" : true, ""full_prefix"" : ""042250834"", ""calling_format"" : ""E164"", ""called_cli_policy"" : ""SIPDA""}"
4292,1,3,20,2250833,1,"{""id"" : -1, ""equipment_id"" : 53973, ""site_id"" : 4292, ""rank"" : 1, ""load"" : 1, ""cdr_info"" : ""098993991"", ""called_prefix"" : ""04"", ""called_number_in_public_format"" : true, ""flexible_called"" : null, ""flexible_calling"" : null, ""calling_number_in_public_format"" : true, ""full_prefix"" : ""042250833"", ""calling_format"" : ""E164"", ""called_cli_policy"" : ""SIPDA""}"
4292,0,3,20,2250834,1,"{""id"" : -1, ""equipment_id"" : 53974, ""site_id"" : 4292, ""rank"" : 0, ""load"" : 1, ""cdr_info"" : ""098993991"", ""called_prefix"" : ""04"", ""called_number_in_public_format"" : true, ""flexible_called"" : null, ""flexible_calling"" : null, ""calling_number_in_public_format"" : true, ""full_prefix"" : ""042250834"", ""calling_format"" : ""E164"", ""called_cli_policy"" : ""SIPDA""}"
4293,1,3,20,2250833,1,"{""id"" : -1, ""equipment_id"" : 53973, ""site_id"" : 4293, ""rank"" : 1, ""load"" : 1, ""cdr_info"" : ""098993991"", ""called_prefix"" : ""04"", ""called_number_in_public_format"" : true, ""flexible_called"" : null, ""flexible_calling"" : null, ""calling_number_in_public_format"" : true, ""full_prefix"" : ""042250833"", ""calling_format"" : ""E164"", ""called_cli_policy"" : ""SIPDA""}"
4293,0,3,20,2250834,1,"{""id"" : -1, ""equipment_id"" : 53974, ""site_id"" : 4293, ""rank"" : 0, ""load"" : 1, ""cdr_info"" : ""098993991"", ""called_prefix"" : ""04"", ""called_number_in_public_format"" : true, ""flexible_called"" : null, ""flexible_calling"" : null, ""calling_number_in_public_format"" : true, ""full_prefix"" : ""042250834"", ""calling_format"" : ""E164"", ""called_cli_policy"" : ""SIPDA""}"
4294,0,3,20,2250833,1,"{""id"" : -1, ""equipment_id"" : 53973, ""site_id"" : 4294, ""rank"" : 0, ""load"" : 1, ""cdr_info"" : ""098993991"", ""called_prefix"" : ""04"", ""called_number_in_public_format"" : true, ""flexible_called"" : null, ""flexible_calling"" : null, ""calling_number_in_public_format"" : true, ""full_prefix"" : ""042250833"", ""calling_format"" : ""E164"", ""called_cli_policy"" : ""SIPDA""}"
4294,1,3,20,2250834,1,"{""id"" : -1, ""equipment_id"" : 53974, ""site_id"" : 4294, ""rank"" : 1, ""load"" : 1, ""cdr_info"" : ""098993991"", ""called_prefix"" : ""04"", ""called_number_in_public_format"" : true, ""flexible_called"" : null, ""flexible_calling"" : null, ""calling_number_in_public_format"" : true, ""full_prefix"" : ""042250834"", ""calling_format"" : ""E164"", ""called_cli_policy"" : ""SIPDA""}"
4295,0,3,20,2250833,1,"{""id"" : -1, ""equipment_id"" : 53973, ""site_id"" : 4295, ""rank"" : 0, ""load"" : 1, ""cdr_info"" : ""098993991"", ""called_prefix"" : ""04"", ""called_number_in_public_format"" : true, ""flexible_called"" : null, ""flexible_calling"" : null, ""calling_number_in_public_format"" : true, ""full_prefix"" : ""042250833"", ""calling_format"" : ""E164"", ""called_cli_policy"" : ""SIPDA""}"
4295,1,3,20,2250834,1,"{""id"" : -1, ""equipment_id"" : 53974, ""site_id"" : 4295, ""rank"" : 1, ""load"" : 1, ""cdr_info"" : ""098993991"", ""called_prefix"" : ""04"", ""called_number_in_public_format"" : true, ""flexible_called"" : null, ""flexible_calling"" : null, ""calling_number_in_public_format"" : true, ""full_prefix"" : ""042250834"", ""calling_format"" : ""E164"", ""called_cli_policy"" : ""SIPDA""}"
4296,1,3,20,2250833,1,"{""id"" : -1, ""equipment_id"" : 53973, ""site_id"" : 4296, ""rank"" : 1, ""load"" : 1, ""cdr_info"" : ""098993991"", ""called_prefix"" : ""04"", ""called_number_in_public_format"" : true, ""flexible_called"" : null, ""flexible_calling"" : null, ""calling_number_in_public_format"" : true, ""full_prefix"" : ""042250833"", ""calling_format"" : ""E164"", ""called_cli_policy"" : ""SIPDA""}"
4296,0,3,20,2250834,1,"{""id"" : -1, ""equipment_id"" : 53974, ""site_id"" : 4296, ""rank"" : 0, ""load"" : 1, ""cdr_info"" : ""098993991"", ""called_prefix"" : ""04"", ""called_number_in_public_format"" : true, ""flexible_called"" : null, ""flexible_calling"" : null, ""calling_number_in_public_format"" : true, ""full_prefix"" : ""042250834"", ""calling_format"" : ""E164"", ""called_cli_policy"" : ""SIPDA""}"
4297,1,3,20,2250833,1,"{""id"" : -1, ""equipment_id"" : 53973, ""site_id"" : 4297, ""rank"" : 1, ""load"" : 1, ""cdr_info"" : ""098993991"", ""called_prefix"" : ""04"", ""called_number_in_public_format"" : true, ""flexible_called"" : null, ""flexible_calling"" : null, ""calling_number_in_public_format"" : true, ""full_prefix"" : ""042250833"", ""calling_format"" : ""E164"", ""called_cli_policy"" : ""SIPDA""}"
4297,0,3,20,2250834,1,"{""id"" : -1, ""equipment_id"" : 53974, ""site_id"" : 4297, ""rank"" : 0, ""load"" : 1, ""cdr_info"" : ""098993991"", ""called_prefix"" : ""04"", ""called_number_in_public_format"" : true, ""flexible_called"" : null, ""flexible_calling"" : null, ""calling_number_in_public_format"" : true, ""full_prefix"" : ""042250834"", ""calling_format"" : ""E164"", ""called_cli_policy"" : ""SIPDA""}"
4298,1,3,20,2250833,1,"{""id"" : -1, ""equipment_id"" : 53973, ""site_id"" : 4298, ""rank"" : 1, ""load"" : 1, ""cdr_info"" : ""098993991"", ""called_prefix"" : ""04"", ""called_number_in_public_format"" : true, ""flexible_called"" : null, ""flexible_calling"" : null, ""calling_number_in_public_format"" : true, ""full_prefix"" : ""042250833"", ""calling_format"" : ""E164"", ""called_cli_policy"" : ""SIPDA""}"
4298,0,3,20,2250834,1,"{""id"" : -1, ""equipment_id"" : 53974, ""site_id"" : 4298, ""rank"" : 0, ""load"" : 1, ""cdr_info"" : ""098993991"", ""called_prefix"" : ""04"", ""called_number_in_public_format"" : true, ""flexible_called"" : null, ""flexible_calling"" : null, ""calling_number_in_public_format"" : true, ""full_prefix"" : ""042250834"", ""calling_format"" : ""E164"", ""called_cli_policy"" : ""SIPDA""}"
4299,1,3,20,2250833,1,"{""id"" : -1, ""equipment_id"" : 53973, ""site_id"" : 4299, ""rank"" : 1, ""load"" : 1, ""cdr_info"" : ""098993991"", ""called_prefix"" : ""04"", ""called_number_in_public_format"" : true, ""flexible_called"" : null, ""flexible_calling"" : null, ""calling_number_in_public_format"" : true, ""full_prefix"" : ""042250833"", ""calling_format"" : ""E164"", ""called_cli_policy"" : ""SIPDA""}"
4299,0,3,20,2250834,1,"{""id"" : -1, ""equipment_id"" : 53974, ""site_id"" : 4299, ""rank"" : 0, ""load"" : 1, ""cdr_info"" : ""098993991"", ""called_prefix"" : ""04"", ""called_number_in_public_format"" : true, ""flexible_called"" : null, ""flexible_calling"" : null, ""calling_number_in_public_format"" : true, ""full_prefix"" : ""042250834"", ""calling_format"" : ""E164"", ""called_cli_policy"" : ""SIPDA""}"
4300,0,3,20,2250833,1,"{""id"" : -1, ""equipment_id"" : 53973, ""site_id"" : 4300, ""rank"" : 0, ""load"" : 1, ""cdr_info"" : ""098993991"", ""called_prefix"" : ""04"", ""called_number_in_public_format"" : true, ""flexible_called"" : null, ""flexible_calling"" : null, ""calling_number_in_public_format"" : true, ""full_prefix"" : ""042250833"", ""calling_format"" : ""E164"", ""called_cli_policy"" : ""SIPDA""}"
4300,1,3,20,2250834,1,"{""id"" : -1, ""equipment_id"" : 53974, ""site_id"" : 4300, ""rank"" : 1, ""load"" : 1, ""cdr_info"" : ""098993991"", ""called_prefix"" : ""04"", ""called_number_in_public_format"" : true, ""flexible_called"" : null, ""flexible_calling"" : null, ""calling_number_in_public_format"" : true, ""full_prefix"" : ""042250834"", ""calling_format"" : ""E164"", ""called_cli_policy"" : ""SIPDA""}"
4301,0,3,20,2350482,1,"{""id"" : -1, ""equipment_id"" : 1204, ""site_id"" : 4301, ""rank"" : 0, ""load"" : 1, ""cdr_info"" : ""098993999"", ""called_prefix"" : ""04"", ""called_number_in_public_format"" : false, ""flexible_called"" : null, ""flexible_calling"" : null, ""calling_number_in_public_format"" : false, ""full_prefix"" : ""042350482"", ""calling_format"" : ""E164"", ""called_cli_policy"" : ""SIPDA""}"
4307,0,3,20,2330699,1,"{""id"" : -1, ""equipment_id"" : 89941, ""site_id"" : 4307, ""rank"" : 0, ""load"" : 1, ""cdr_info"" : ""098993999"", ""called_prefix"" : ""04"", ""called_number_in_public_format"" : false, ""flexible_called"" : null, ""flexible_calling"" : null, ""calling_number_in_public_format"" : false, ""full_prefix"" : ""042330699"", ""calling_format"" : ""E164"", ""called_cli_policy"" : ""SIPDA""}"
4307,1,3,20,2330707,1,"{""id"" : -1, ""equipment_id"" : 89961, ""site_id"" : 4307, ""rank"" : 1, ""load"" : 1, ""cdr_info"" : ""098993999"", ""called_prefix"" : ""04"", ""called_number_in_public_format"" : false, ""flexible_called"" : null, ""flexible_calling"" : null, ""calling_number_in_public_format"" : false, ""full_prefix"" : ""042330707"", ""calling_format"" : ""E164"", ""called_cli_policy"" : ""SIPDA""}"
4314,0,3,20,2325466,1,"{""id"" : -1, ""equipment_id"" : 74041, ""site_id"" : 4314, ""rank"" : 0, ""load"" : 1, ""cdr_info"" : ""098993999"", ""called_prefix"" : ""04"", ""called_number_in_public_format"" : false, ""flexible_called"" : null, ""flexible_calling"" : null, ""calling_number_in_public_format"" : false, ""full_prefix"" : ""042325466"", ""calling_format"" : ""E164"", ""called_cli_policy"" : ""SIPDA""}"
4315,0,3,20,2325466,1,"{""id"" : -1, ""equipment_id"" : 74041, ""site_id"" : 4315, ""rank"" : 0, ""load"" : 1, ""cdr_info"" : ""098993999"", ""called_prefix"" : ""04"", ""called_number_in_public_format"" : false, ""flexible_called"" : null, ""flexible_calling"" : null, ""calling_number_in_public_format"" : false, ""full_prefix"" : ""042325466"", ""calling_format"" : ""E164"", ""called_cli_policy"" : ""SIPDA""}"
4317,0,3,20,2330699,1,"{""id"" : -1, ""equipment_id"" : 89941, ""site_id"" : 4317, ""rank"" : 0, ""load"" : 1, ""cdr_info"" : ""098993999"", ""called_prefix"" : ""04"", ""called_number_in_public_format"" : false, ""flexible_called"" : null, ""flexible_calling"" : null, ""calling_number_in_public_format"" : false, ""full_prefix"" : ""042330699"", ""calling_format"" : ""E164"", ""called_cli_policy"" : ""SIPDA""}"
4317,1,3,20,2330707,1,"{""id"" : -1, ""equipment_id"" : 89961, ""site_id"" : 4317, ""rank"" : 1, ""load"" : 1, ""cdr_info"" : ""098993999"", ""called_prefix"" : ""04"", ""called_number_in_public_format"" : false, ""flexible_called"" : null, ""flexible_calling"" : null, ""calling_number_in_public_format"" : false, ""full_prefix"" : ""042330707"", ""calling_format"" : ""E164"", ""called_cli_policy"" : ""SIPDA""}"
4332,0,3,20,2330675,1,"{""id"" : -1, ""equipment_id"" : 90641, ""site_id"" : 4332, ""rank"" : 0, ""load"" : 1, ""cdr_info"" : ""098993999"", ""called_prefix"" : ""04"", ""called_number_in_public_format"" : false, ""flexible_called"" : null, ""flexible_calling"" : null, ""calling_number_in_public_format"" : false, ""full_prefix"" : ""042330675"", ""calling_format"" : ""E164"", ""called_cli_policy"" : ""SIPDA""}"
4342,0,3,20,2218488,1,"{""id"" : -1, ""equipment_id"" : 65570, ""site_id"" : 4342, ""rank"" : 0, ""load"" : 1, ""cdr_info"" : ""098993999"", ""called_prefix"" : ""04"", ""called_number_in_public_format"" : false, ""flexible_called"" : null, ""flexible_calling"" : null, ""calling_number_in_public_format"" : false, ""full_prefix"" : ""042218488"", ""calling_format"" : ""E164"", ""called_cli_policy"" : ""SIPDA""}"
4350,0,3,20,2250833,1,"{""id"" : -1, ""equipment_id"" : 53973, ""site_id"" : 4350, ""rank"" : 0, ""load"" : 1, ""cdr_info"" : ""098993991"", ""called_prefix"" : ""04"", ""called_number_in_public_format"" : true, ""flexible_called"" : null, ""flexible_calling"" : null, ""calling_number_in_public_format"" : true, ""full_prefix"" : ""042250833"", ""calling_format"" : ""E164"", ""called_cli_policy"" : ""SIPDA""}"
4350,1,3,20,2250834,1,"{""id"" : -1, ""equipment_id"" : 53974, ""site_id"" : 4350, ""rank"" : 1, ""load"" : 1, ""cdr_info"" : ""098993991"", ""called_prefix"" : ""04"", ""called_number_in_public_format"" : true, ""flexible_called"" : null, ""flexible_calling"" : null, ""calling_number_in_public_format"" : true, ""full_prefix"" : ""042250834"", ""calling_format"" : ""E164"", ""called_cli_policy"" : ""SIPDA""}"
4351,1,3,20,2250833,1,"{""id"" : -1, ""equipment_id"" : 53973, ""site_id"" : 4351, ""rank"" : 1, ""load"" : 1, ""cdr_info"" : ""098993991"", ""called_prefix"" : ""04"", ""called_number_in_public_format"" : true, ""flexible_called"" : null, ""flexible_calling"" : null, ""calling_number_in_public_format"" : true, ""full_prefix"" : ""042250833"", ""calling_format"" : ""E164"", ""called_cli_policy"" : ""SIPDA""}"
4351,0,3,20,2250834,1,"{""id"" : -1, ""equipment_id"" : 53974, ""site_id"" : 4351, ""rank"" : 0, ""load"" : 1, ""cdr_info"" : ""098993991"", ""called_prefix"" : ""04"", ""called_number_in_public_format"" : true, ""flexible_called"" : null, ""flexible_calling"" : null, ""calling_number_in_public_format"" : true, ""full_prefix"" : ""042250834"", ""calling_format"" : ""E164"", ""called_cli_policy"" : ""SIPDA""}"
4360,0,3,20,2305651,1,"{""id"" : -1, ""equipment_id"" : 2487, ""site_id"" : 4360, ""rank"" : 0, ""load"" : 1, ""cdr_info"" : ""098993999"", ""called_prefix"" : ""04"", ""called_number_in_public_format"" : false, ""flexible_called"" : null, ""flexible_calling"" : null, ""calling_number_in_public_format"" : false, ""full_prefix"" : ""042305651"", ""calling_format"" : ""E164"", ""called_cli_policy"" : ""SIPDA""}"
4361,0,3,20,2214876,1,"{""id"" : -1, ""equipment_id"" : 67652, ""site_id"" : 4361, ""rank"" : 0, ""load"" : 1, ""cdr_info"" : ""098993999"", ""called_prefix"" : ""04"", ""called_number_in_public_format"" : false, ""flexible_called"" : null, ""flexible_calling"" : null, ""calling_number_in_public_format"" : false, ""full_prefix"" : ""042214876"", ""calling_format"" : ""E164"", ""called_cli_policy"" : ""SIPDA""}"
4376,0,3,20,2395144,1,"{""id"" : -1, ""equipment_id"" : 118401, ""site_id"" : 4376, ""rank"" : 0, ""load"" : 1, ""cdr_info"" : ""098993861"", ""called_prefix"" : ""08"", ""called_number_in_public_format"" : true, ""flexible_called"" : null, ""flexible_calling"" : null, ""calling_number_in_public_format"" : true, ""full_prefix"" : ""082395144"", ""calling_format"" : ""E164"", ""called_cli_policy"" : ""SIPDA""}"
4378,0,3,20,2250833,1,"{""id"" : -1, ""equipment_id"" : 53973, ""site_id"" : 4378, ""rank"" : 0, ""load"" : 1, ""cdr_info"" : ""098993991"", ""called_prefix"" : ""04"", ""called_number_in_public_format"" : true, ""flexible_called"" : null, ""flexible_calling"" : null, ""calling_number_in_public_format"" : true, ""full_prefix"" : ""042250833"", ""calling_format"" : ""E164"", ""called_cli_policy"" : ""SIPDA""}"
4378,1,3,20,2250834,1,"{""id"" : -1, ""equipment_id"" : 53974, ""site_id"" : 4378, ""rank"" : 1, ""load"" : 1, ""cdr_info"" : ""098993991"", ""called_prefix"" : ""04"", ""called_number_in_public_format"" : true, ""flexible_called"" : null, ""flexible_calling"" : null, ""calling_number_in_public_format"" : true, ""full_prefix"" : ""042250834"", ""calling_format"" : ""E164"", ""called_cli_policy"" : ""SIPDA""}"
4379,0,3,20,2250833,1,"{""id"" : -1, ""equipment_id"" : 53973, ""site_id"" : 4379, ""rank"" : 0, ""load"" : 1, ""cdr_info"" : ""098993991"", ""called_prefix"" : ""04"", ""called_number_in_public_format"" : true, ""flexible_called"" : null, ""flexible_calling"" : null, ""calling_number_in_public_format"" : true, ""full_prefix"" : ""042250833"", ""calling_format"" : ""E164"", ""called_cli_policy"" : ""SIPDA""}"
4379,1,3,20,2250834,1,"{""id"" : -1, ""equipment_id"" : 53974, ""site_id"" : 4379, ""rank"" : 1, ""load"" : 1, ""cdr_info"" : ""098993991"", ""called_prefix"" : ""04"", ""called_number_in_public_format"" : true, ""flexible_called"" : null, ""flexible_calling"" : null, ""calling_number_in_public_format"" : true, ""full_prefix"" : ""042250834"", ""calling_format"" : ""E164"", ""called_cli_policy"" : ""SIPDA""}"
4380,0,3,20,2250833,1,"{""id"" : -1, ""equipment_id"" : 53973, ""site_id"" : 4380, ""rank"" : 0, ""load"" : 1, ""cdr_info"" : ""098993991"", ""called_prefix"" : ""04"", ""called_number_in_public_format"" : true, ""flexible_called"" : null, ""flexible_calling"" : null, ""calling_number_in_public_format"" : true, ""full_prefix"" : ""042250833"", ""calling_format"" : ""E164"", ""called_cli_policy"" : ""SIPDA""}"
4380,1,3,20,2250834,1,"{""id"" : -1, ""equipment_id"" : 53974, ""site_id"" : 4380, ""rank"" : 1, ""load"" : 1, ""cdr_info"" : ""098993991"", ""called_prefix"" : ""04"", ""called_number_in_public_format"" : true, ""flexible_called"" : null, ""flexible_calling"" : null, ""calling_number_in_public_format"" : true, ""full_prefix"" : ""042250834"", ""calling_format"" : ""E164"", ""called_cli_policy"" : ""SIPDA""}"
4381,0,3,20,2223872,1,"{""id"" : -1, ""equipment_id"" : 70429, ""site_id"" : 4381, ""rank"" : 0, ""load"" : 1, ""cdr_info"" : ""098993999"", ""called_prefix"" : ""04"", ""called_number_in_public_format"" : false, ""flexible_called"" : null, ""flexible_calling"" : null, ""calling_number_in_public_format"" : false, ""full_prefix"" : ""042223872"", ""calling_format"" : ""E164"", ""called_cli_policy"" : ""SIPDA""}"
4389,0,3,20,2250833,1,"{""id"" : -1, ""equipment_id"" : 53973, ""site_id"" : 4389, ""rank"" : 0, ""load"" : 1, ""cdr_info"" : ""098993991"", ""called_prefix"" : ""04"", ""called_number_in_public_format"" : true, ""flexible_called"" : null, ""flexible_calling"" : null, ""calling_number_in_public_format"" : true, ""full_prefix"" : ""042250833"", ""calling_format"" : ""E164"", ""called_cli_policy"" : ""SIPDA""}"
4389,1,3,20,2250834,1,"{""id"" : -1, ""equipment_id"" : 53974, ""site_id"" : 4389, ""rank"" : 1, ""load"" : 1, ""cdr_info"" : ""098993991"", ""called_prefix"" : ""04"", ""called_number_in_public_format"" : true, ""flexible_called"" : null, ""flexible_calling"" : null, ""calling_number_in_public_format"" : true, ""full_prefix"" : ""042250834"", ""calling_format"" : ""E164"", ""called_cli_policy"" : ""SIPDA""}"
4401,0,3,20,2250679,1,"{""id"" : -1, ""equipment_id"" : 53593, ""site_id"" : 4401, ""rank"" : 0, ""load"" : 1, ""cdr_info"" : ""098993999"", ""called_prefix"" : ""04"", ""called_number_in_public_format"" : false, ""flexible_called"" : null, ""flexible_calling"" : null, ""calling_number_in_public_format"" : false, ""full_prefix"" : ""042250679"", ""calling_format"" : ""E164"", ""called_cli_policy"" : ""SIPDA""}"
4404,0,3,20,2340739,1,"{""id"" : -1, ""equipment_id"" : 103101, ""site_id"" : 4404, ""rank"" : 0, ""load"" : 1, ""cdr_info"" : ""098993999"", ""called_prefix"" : ""04"", ""called_number_in_public_format"" : false, ""flexible_called"" : null, ""flexible_calling"" : null, ""calling_number_in_public_format"" : false, ""full_prefix"" : ""042340739"", ""calling_format"" : ""E164"", ""called_cli_policy"" : ""SIPDA""}"
4413,1,3,20,2250833,1,"{""id"" : -1, ""equipment_id"" : 53973, ""site_id"" : 4413, ""rank"" : 1, ""load"" : 1, ""cdr_info"" : ""098993991"", ""called_prefix"" : ""04"", ""called_number_in_public_format"" : true, ""flexible_called"" : null, ""flexible_calling"" : null, ""calling_number_in_public_format"" : true, ""full_prefix"" : ""042250833"", ""calling_format"" : ""E164"", ""called_cli_policy"" : ""SIPDA""}"
4413,0,3,20,2250834,1,"{""id"" : -1, ""equipment_id"" : 53974, ""site_id"" : 4413, ""rank"" : 0, ""load"" : 1, ""cdr_info"" : ""098993991"", ""called_prefix"" : ""04"", ""called_number_in_public_format"" : true, ""flexible_called"" : null, ""flexible_calling"" : null, ""calling_number_in_public_format"" : true, ""full_prefix"" : ""042250834"", ""calling_format"" : ""E164"", ""called_cli_policy"" : ""SIPDA""}"
4414,1,3,20,2250833,1,"{""id"" : -1, ""equipment_id"" : 53973, ""site_id"" : 4414, ""rank"" : 1, ""load"" : 1, ""cdr_info"" : ""098993991"", ""called_prefix"" : ""04"", ""called_number_in_public_format"" : true, ""flexible_called"" : null, ""flexible_calling"" : null, ""calling_number_in_public_format"" : true, ""full_prefix"" : ""042250833"", ""calling_format"" : ""E164"", ""called_cli_policy"" : ""SIPDA""}"
4414,0,3,20,2250834,1,"{""id"" : -1, ""equipment_id"" : 53974, ""site_id"" : 4414, ""rank"" : 0, ""load"" : 1, ""cdr_info"" : ""098993991"", ""called_prefix"" : ""04"", ""called_number_in_public_format"" : true, ""flexible_called"" : null, ""flexible_calling"" : null, ""calling_number_in_public_format"" : true, ""full_prefix"" : ""042250834"", ""calling_format"" : ""E164"", ""called_cli_policy"" : ""SIPDA""}"
4415,1,3,20,2250833,1,"{""id"" : -1, ""equipment_id"" : 53973, ""site_id"" : 4415, ""rank"" : 1, ""load"" : 1, ""cdr_info"" : ""098993991"", ""called_prefix"" : ""04"", ""called_number_in_public_format"" : true, ""flexible_called"" : null, ""flexible_calling"" : null, ""calling_number_in_public_format"" : true, ""full_prefix"" : ""042250833"", ""calling_format"" : ""E164"", ""called_cli_policy"" : ""SIPDA""}"
4415,0,3,20,2250834,1,"{""id"" : -1, ""equipment_id"" : 53974, ""site_id"" : 4415, ""rank"" : 0, ""load"" : 1, ""cdr_info"" : ""098993991"", ""called_prefix"" : ""04"", ""called_number_in_public_format"" : true, ""flexible_called"" : null, ""flexible_calling"" : null, ""calling_number_in_public_format"" : true, ""full_prefix"" : ""042250834"", ""calling_format"" : ""E164"", ""called_cli_policy"" : ""SIPDA""}"
4417,1,3,20,2250833,1,"{""id"" : -1, ""equipment_id"" : 53973, ""site_id"" : 4417, ""rank"" : 1, ""load"" : 1, ""cdr_info"" : ""098993991"", ""called_prefix"" : ""04"", ""called_number_in_public_format"" : true, ""flexible_called"" : null, ""flexible_calling"" : null, ""calling_number_in_public_format"" : true, ""full_prefix"" : ""042250833"", ""calling_format"" : ""E164"", ""called_cli_policy"" : ""SIPDA""}"
4417,0,3,20,2250834,1,"{""id"" : -1, ""equipment_id"" : 53974, ""site_id"" : 4417, ""rank"" : 0, ""load"" : 1, ""cdr_info"" : ""098993991"", ""called_prefix"" : ""04"", ""called_number_in_public_format"" : true, ""flexible_called"" : null, ""flexible_calling"" : null, ""calling_number_in_public_format"" : true, ""full_prefix"" : ""042250834"", ""calling_format"" : ""E164"", ""called_cli_policy"" : ""SIPDA""}"
4419,0,3,20,2250833,1,"{""id"" : -1, ""equipment_id"" : 53973, ""site_id"" : 4419, ""rank"" : 0, ""load"" : 1, ""cdr_info"" : ""098993991"", ""called_prefix"" : ""04"", ""called_number_in_public_format"" : true, ""flexible_called"" : null, ""flexible_calling"" : null, ""calling_number_in_public_format"" : true, ""full_prefix"" : ""042250833"", ""calling_format"" : ""E164"", ""called_cli_policy"" : ""SIPDA""}"
4419,1,3,20,2250834,1,"{""id"" : -1, ""equipment_id"" : 53974, ""site_id"" : 4419, ""rank"" : 1, ""load"" : 1, ""cdr_info"" : ""098993991"", ""called_prefix"" : ""04"", ""called_number_in_public_format"" : true, ""flexible_called"" : null, ""flexible_calling"" : null, ""calling_number_in_public_format"" : true, ""full_prefix"" : ""042250834"", ""calling_format"" : ""E164"", ""called_cli_policy"" : ""SIPDA""}"
4420,1,3,20,2250833,1,"{""id"" : -1, ""equipment_id"" : 53973, ""site_id"" : 4420, ""rank"" : 1, ""load"" : 1, ""cdr_info"" : ""098993991"", ""called_prefix"" : ""04"", ""called_number_in_public_format"" : true, ""flexible_called"" : null, ""flexible_calling"" : null, ""calling_number_in_public_format"" : true, ""full_prefix"" : ""042250833"", ""calling_format"" : ""E164"", ""called_cli_policy"" : ""SIPDA""}"
4420,0,3,20,2250834,1,"{""id"" : -1, ""equipment_id"" : 53974, ""site_id"" : 4420, ""rank"" : 0, ""load"" : 1, ""cdr_info"" : ""098993991"", ""called_prefix"" : ""04"", ""called_number_in_public_format"" : true, ""flexible_called"" : null, ""flexible_calling"" : null, ""calling_number_in_public_format"" : true, ""full_prefix"" : ""042250834"", ""calling_format"" : ""E164"", ""called_cli_policy"" : ""SIPDA""}"
4422,0,3,20,8860237,1,"{""id"" : -1, ""equipment_id"" : 721, ""site_id"" : 4422, ""rank"" : 0, ""load"" : 1, ""cdr_info"" : ""098997352"", ""called_prefix"" : ""09"", ""called_number_in_public_format"" : true, ""flexible_called"" : null, ""flexible_calling"" : null, ""calling_number_in_public_format"" : true, ""full_prefix"" : ""098860237"", ""calling_format"" : ""E164"", ""called_cli_policy"" : ""SIPDA""}"
4425,1,3,20,2250833,1,"{""id"" : -1, ""equipment_id"" : 53973, ""site_id"" : 4425, ""rank"" : 1, ""load"" : 1, ""cdr_info"" : ""098993991"", ""called_prefix"" : ""04"", ""called_number_in_public_format"" : true, ""flexible_called"" : null, ""flexible_calling"" : null, ""calling_number_in_public_format"" : true, ""full_prefix"" : ""042250833"", ""calling_format"" : ""E164"", ""called_cli_policy"" : ""SIPDA""}"
4425,0,3,20,2250834,1,"{""id"" : -1, ""equipment_id"" : 53974, ""site_id"" : 4425, ""rank"" : 0, ""load"" : 1, ""cdr_info"" : ""098993991"", ""called_prefix"" : ""04"", ""called_number_in_public_format"" : true, ""flexible_called"" : null, ""flexible_calling"" : null, ""calling_number_in_public_format"" : true, ""full_prefix"" : ""042250834"", ""calling_format"" : ""E164"", ""called_cli_policy"" : ""SIPDA""}"
4426,0,3,20,2340739,1,"{""id"" : -1, ""equipment_id"" : 103101, ""site_id"" : 4426, ""rank"" : 0, ""load"" : 1, ""cdr_info"" : ""098993999"", ""called_prefix"" : ""04"", ""called_number_in_public_format"" : false, ""flexible_called"" : null, ""flexible_calling"" : null, ""calling_number_in_public_format"" : false, ""full_prefix"" : ""042340739"", ""calling_format"" : ""E164"", ""called_cli_policy"" : ""SIPDA""}"
4427,0,3,20,2340739,1,"{""id"" : -1, ""equipment_id"" : 103101, ""site_id"" : 4427, ""rank"" : 0, ""load"" : 1, ""cdr_info"" : ""098993999"", ""called_prefix"" : ""04"", ""called_number_in_public_format"" : false, ""flexible_called"" : null, ""flexible_calling"" : null, ""calling_number_in_public_format"" : false, ""full_prefix"" : ""042340739"", ""calling_format"" : ""FORMATTED"", ""called_cli_policy"" : ""SIPDA""}"
4429,0,3,20,2340739,1,"{""id"" : -1, ""equipment_id"" : 103101, ""site_id"" : 4429, ""rank"" : 0, ""load"" : 1, ""cdr_info"" : ""098993999"", ""called_prefix"" : ""04"", ""called_number_in_public_format"" : false, ""flexible_called"" : null, ""flexible_calling"" : null, ""calling_number_in_public_format"" : false, ""full_prefix"" : ""042340739"", ""calling_format"" : ""E164"", ""called_cli_policy"" : ""SIPDA""}"
4430,0,3,20,2340739,1,"{""id"" : -1, ""equipment_id"" : 103101, ""site_id"" : 4430, ""rank"" : 0, ""load"" : 1, ""cdr_info"" : ""098993999"", ""called_prefix"" : ""04"", ""called_number_in_public_format"" : false, ""flexible_called"" : null, ""flexible_calling"" : null, ""calling_number_in_public_format"" : false, ""full_prefix"" : ""042340739"", ""calling_format"" : ""E164"", ""called_cli_policy"" : ""SIPDA""}"
4431,0,3,20,2340739,1,"{""id"" : -1, ""equipment_id"" : 103101, ""site_id"" : 4431, ""rank"" : 0, ""load"" : 1, ""cdr_info"" : ""098993999"", ""called_prefix"" : ""04"", ""called_number_in_public_format"" : false, ""flexible_called"" : null, ""flexible_calling"" : null, ""calling_number_in_public_format"" : false, ""full_prefix"" : ""042340739"", ""calling_format"" : ""E164"", ""called_cli_policy"" : ""SIPDA""}"
4432,0,3,20,2340739,1,"{""id"" : -1, ""equipment_id"" : 103101, ""site_id"" : 4432, ""rank"" : 0, ""load"" : 1, ""cdr_info"" : ""098993999"", ""called_prefix"" : ""04"", ""called_number_in_public_format"" : false, ""flexible_called"" : null, ""flexible_calling"" : null, ""calling_number_in_public_format"" : false, ""full_prefix"" : ""042340739"", ""calling_format"" : ""E164"", ""called_cli_policy"" : ""SIPDA""}"
4433,0,3,20,2340739,1,"{""id"" : -1, ""equipment_id"" : 103101, ""site_id"" : 4433, ""rank"" : 0, ""load"" : 1, ""cdr_info"" : ""098993999"", ""called_prefix"" : ""04"", ""called_number_in_public_format"" : false, ""flexible_called"" : null, ""flexible_calling"" : null, ""calling_number_in_public_format"" : false, ""full_prefix"" : ""042340739"", ""calling_format"" : ""E164"", ""called_cli_policy"" : ""SIPDA""}"
4434,0,3,20,2340739,1,"{""id"" : -1, ""equipment_id"" : 103101, ""site_id"" : 4434, ""rank"" : 0, ""load"" : 1, ""cdr_info"" : ""098993999"", ""called_prefix"" : ""04"", ""called_number_in_public_format"" : false, ""flexible_called"" : null, ""flexible_calling"" : null, ""calling_number_in_public_format"" : false, ""full_prefix"" : ""042340739"", ""calling_format"" : ""E164"", ""called_cli_policy"" : ""SIPDA""}"
4435,1,3,20,2250833,1,"{""id"" : -1, ""equipment_id"" : 53973, ""site_id"" : 4435, ""rank"" : 1, ""load"" : 1, ""cdr_info"" : ""098993991"", ""called_prefix"" : ""04"", ""called_number_in_public_format"" : true, ""flexible_called"" : null, ""flexible_calling"" : null, ""calling_number_in_public_format"" : true, ""full_prefix"" : ""042250833"", ""calling_format"" : ""E164"", ""called_cli_policy"" : ""SIPDA""}"
4435,0,3,20,2250834,1,"{""id"" : -1, ""equipment_id"" : 53974, ""site_id"" : 4435, ""rank"" : 0, ""load"" : 1, ""cdr_info"" : ""098993991"", ""called_prefix"" : ""04"", ""called_number_in_public_format"" : true, ""flexible_called"" : null, ""flexible_calling"" : null, ""calling_number_in_public_format"" : true, ""full_prefix"" : ""042250834"", ""calling_format"" : ""E164"", ""called_cli_policy"" : ""SIPDA""}"
4437,1,3,20,2250833,1,"{""id"" : -1, ""equipment_id"" : 53973, ""site_id"" : 4437, ""rank"" : 1, ""load"" : 1, ""cdr_info"" : ""098993991"", ""called_prefix"" : ""04"", ""called_number_in_public_format"" : true, ""flexible_called"" : null, ""flexible_calling"" : null, ""calling_number_in_public_format"" : true, ""full_prefix"" : ""042250833"", ""calling_format"" : ""E164"", ""called_cli_policy"" : ""SIPDA""}"
4437,0,3,20,2250834,1,"{""id"" : -1, ""equipment_id"" : 53974, ""site_id"" : 4437, ""rank"" : 0, ""load"" : 1, ""cdr_info"" : ""098993991"", ""called_prefix"" : ""04"", ""called_number_in_public_format"" : true, ""flexible_called"" : null, ""flexible_calling"" : null, ""calling_number_in_public_format"" : true, ""full_prefix"" : ""042250834"", ""calling_format"" : ""E164"", ""called_cli_policy"" : ""SIPDA""}"
4438,0,3,20,2250833,1,"{""id"" : -1, ""equipment_id"" : 53973, ""site_id"" : 4438, ""rank"" : 0, ""load"" : 1, ""cdr_info"" : ""098993991"", ""called_prefix"" : ""04"", ""called_number_in_public_format"" : true, ""flexible_called"" : null, ""flexible_calling"" : null, ""calling_number_in_public_format"" : true, ""full_prefix"" : ""042250833"", ""calling_format"" : ""E164"", ""called_cli_policy"" : ""SIPDA""}"
4438,1,3,20,2250834,1,"{""id"" : -1, ""equipment_id"" : 53974, ""site_id"" : 4438, ""rank"" : 1, ""load"" : 1, ""cdr_info"" : ""098993991"", ""called_prefix"" : ""04"", ""called_number_in_public_format"" : true, ""flexible_called"" : null, ""flexible_calling"" : null, ""calling_number_in_public_format"" : true, ""full_prefix"" : ""042250834"", ""calling_format"" : ""E164"", ""called_cli_policy"" : ""SIPDA""}"
4441,0,3,20,2250833,1,"{""id"" : -1, ""equipment_id"" : 53973, ""site_id"" : 4441, ""rank"" : 0, ""load"" : 1, ""cdr_info"" : ""098993991"", ""called_prefix"" : ""04"", ""called_number_in_public_format"" : true, ""flexible_called"" : null, ""flexible_calling"" : null, ""calling_number_in_public_format"" : true, ""full_prefix"" : ""042250833"", ""calling_format"" : ""E164"", ""called_cli_policy"" : ""SIPDA""}"
4441,1,3,20,2250834,1,"{""id"" : -1, ""equipment_id"" : 53974, ""site_id"" : 4441, ""rank"" : 1, ""load"" : 1, ""cdr_info"" : ""098993991"", ""called_prefix"" : ""04"", ""called_number_in_public_format"" : true, ""flexible_called"" : null, ""flexible_calling"" : null, ""calling_number_in_public_format"" : true, ""full_prefix"" : ""042250834"", ""calling_format"" : ""E164"", ""called_cli_policy"" : ""SIPDA""}"
4442,0,3,20,5105103,1,"{""id"" : -1, ""equipment_id"" : 72783, ""site_id"" : 4442, ""rank"" : 0, ""load"" : 1, ""cdr_info"" : ""098993999"", ""called_prefix"" : ""09"", ""called_number_in_public_format"" : false, ""flexible_called"" : null, ""flexible_calling"" : null, ""calling_number_in_public_format"" : false, ""full_prefix"" : ""095105103"", ""calling_format"" : ""E164"", ""called_cli_policy"" : ""SIPDA""}"
4454,1,3,20,2250833,1,"{""id"" : -1, ""equipment_id"" : 53973, ""site_id"" : 4454, ""rank"" : 1, ""load"" : 1, ""cdr_info"" : ""098993991"", ""called_prefix"" : ""04"", ""called_number_in_public_format"" : true, ""flexible_called"" : null, ""flexible_calling"" : null, ""calling_number_in_public_format"" : true, ""full_prefix"" : ""042250833"", ""calling_format"" : ""E164"", ""called_cli_policy"" : ""SIPDA""}"
4454,0,3,20,2250834,1,"{""id"" : -1, ""equipment_id"" : 53974, ""site_id"" : 4454, ""rank"" : 0, ""load"" : 1, ""cdr_info"" : ""098993991"", ""called_prefix"" : ""04"", ""called_number_in_public_format"" : true, ""flexible_called"" : null, ""flexible_calling"" : null, ""calling_number_in_public_format"" : true, ""full_prefix"" : ""042250834"", ""calling_format"" : ""E164"", ""called_cli_policy"" : ""SIPDA""}"
4455,0,3,20,2250833,1,"{""id"" : -1, ""equipment_id"" : 53973, ""site_id"" : 4455, ""rank"" : 0, ""load"" : 1, ""cdr_info"" : ""098993991"", ""called_prefix"" : ""04"", ""called_number_in_public_format"" : true, ""flexible_called"" : null, ""flexible_calling"" : null, ""calling_number_in_public_format"" : true, ""full_prefix"" : ""042250833"", ""calling_format"" : ""E164"", ""called_cli_policy"" : ""SIPDA""}"
4455,1,3,20,2250834,1,"{""id"" : -1, ""equipment_id"" : 53974, ""site_id"" : 4455, ""rank"" : 1, ""load"" : 1, ""cdr_info"" : ""098993991"", ""called_prefix"" : ""04"", ""called_number_in_public_format"" : true, ""flexible_called"" : null, ""flexible_calling"" : null, ""calling_number_in_public_format"" : true, ""full_prefix"" : ""042250834"", ""calling_format"" : ""E164"", ""called_cli_policy"" : ""SIPDA""}"
4461,0,3,20,5105103,1,"{""id"" : -1, ""equipment_id"" : 72783, ""site_id"" : 4461, ""rank"" : 0, ""load"" : 1, ""cdr_info"" : ""098993999"", ""called_prefix"" : ""09"", ""called_number_in_public_format"" : false, ""flexible_called"" : null, ""flexible_calling"" : null, ""calling_number_in_public_format"" : false, ""full_prefix"" : ""095105103"", ""calling_format"" : ""E164"", ""called_cli_policy"" : ""SIPDA""}"
4477,0,3,20,2250833,1,"{""id"" : -1, ""equipment_id"" : 53973, ""site_id"" : 4477, ""rank"" : 0, ""load"" : 1, ""cdr_info"" : ""098993991"", ""called_prefix"" : ""04"", ""called_number_in_public_format"" : true, ""flexible_called"" : null, ""flexible_calling"" : null, ""calling_number_in_public_format"" : true, ""full_prefix"" : ""042250833"", ""calling_format"" : ""E164"", ""called_cli_policy"" : ""SIPDA""}"
4477,1,3,20,2250834,1,"{""id"" : -1, ""equipment_id"" : 53974, ""site_id"" : 4477, ""rank"" : 1, ""load"" : 1, ""cdr_info"" : ""098993991"", ""called_prefix"" : ""04"", ""called_number_in_public_format"" : true, ""flexible_called"" : null, ""flexible_calling"" : null, ""calling_number_in_public_format"" : true, ""full_prefix"" : ""042250834"", ""calling_format"" : ""E164"", ""called_cli_policy"" : ""SIPDA""}"
4481,0,3,20,5105103,1,"{""id"" : -1, ""equipment_id"" : 72783, ""site_id"" : 4481, ""rank"" : 0, ""load"" : 1, ""cdr_info"" : ""098993999"", ""called_prefix"" : ""09"", ""called_number_in_public_format"" : false, ""flexible_called"" : null, ""flexible_calling"" : null, ""calling_number_in_public_format"" : false, ""full_prefix"" : ""095105103"", ""calling_format"" : ""E164"", ""called_cli_policy"" : ""SIPDA""}"
4483,0,3,20,2320484,1,"{""id"" : -1, ""equipment_id"" : 64804, ""site_id"" : 4483, ""rank"" : 0, ""load"" : 1, ""cdr_info"" : ""098993999"", ""called_prefix"" : ""04"", ""called_number_in_public_format"" : false, ""flexible_called"" : null, ""flexible_calling"" : null, ""calling_number_in_public_format"" : false, ""full_prefix"" : ""042320484"", ""calling_format"" : ""FORMATTED"", ""called_cli_policy"" : ""SIPDA""}"
4495,0,3,20,2310622,1,"{""id"" : -1, ""equipment_id"" : 51282, ""site_id"" : 4495, ""rank"" : 0, ""load"" : 1, ""cdr_info"" : ""098993999"", ""called_prefix"" : ""04"", ""called_number_in_public_format"" : false, ""flexible_called"" : null, ""flexible_calling"" : null, ""calling_number_in_public_format"" : false, ""full_prefix"" : ""042310622"", ""calling_format"" : ""E164"", ""called_cli_policy"" : ""SIPDA""}"
4501,0,3,20,5105103,1,"{""id"" : -1, ""equipment_id"" : 72783, ""site_id"" : 4501, ""rank"" : 0, ""load"" : 1, ""cdr_info"" : ""098993999"", ""called_prefix"" : ""09"", ""called_number_in_public_format"" : false, ""flexible_called"" : null, ""flexible_calling"" : null, ""calling_number_in_public_format"" : false, ""full_prefix"" : ""095105103"", ""calling_format"" : ""E164"", ""called_cli_policy"" : ""SIPDA""}"
4502,0,3,20,5105103,1,"{""id"" : -1, ""equipment_id"" : 72783, ""site_id"" : 4502, ""rank"" : 0, ""load"" : 1, ""cdr_info"" : ""098993999"", ""called_prefix"" : ""09"", ""called_number_in_public_format"" : false, ""flexible_called"" : null, ""flexible_calling"" : null, ""calling_number_in_public_format"" : false, ""full_prefix"" : ""095105103"", ""calling_format"" : ""E164"", ""called_cli_policy"" : ""SIPDA""}"
4503,0,3,20,2265112,1,"{""id"" : -1, ""equipment_id"" : 73949, ""site_id"" : 4503, ""rank"" : 0, ""load"" : 1, ""cdr_info"" : ""098993999"", ""called_prefix"" : ""04"", ""called_number_in_public_format"" : false, ""flexible_called"" : null, ""flexible_calling"" : null, ""calling_number_in_public_format"" : false, ""full_prefix"" : ""042265112"", ""calling_format"" : ""E164"", ""called_cli_policy"" : ""SIPDA""}"
4521,0,3,20,5105103,1,"{""id"" : -1, ""equipment_id"" : 72783, ""site_id"" : 4521, ""rank"" : 0, ""load"" : 1, ""cdr_info"" : ""098993999"", ""called_prefix"" : ""09"", ""called_number_in_public_format"" : false, ""flexible_called"" : null, ""flexible_calling"" : null, ""calling_number_in_public_format"" : false, ""full_prefix"" : ""095105103"", ""calling_format"" : ""E164"", ""called_cli_policy"" : ""SIPDA""}"
4523,0,3,20,5105103,1,"{""id"" : -1, ""equipment_id"" : 72783, ""site_id"" : 4523, ""rank"" : 0, ""load"" : 1, ""cdr_info"" : ""098993999"", ""called_prefix"" : ""09"", ""called_number_in_public_format"" : false, ""flexible_called"" : null, ""flexible_calling"" : null, ""calling_number_in_public_format"" : false, ""full_prefix"" : ""095105103"", ""calling_format"" : ""E164"", ""called_cli_policy"" : ""SIPDA""}"
4532,0,3,20,2340603,1,"{""id"" : -1, ""equipment_id"" : 99542, ""site_id"" : 4532, ""rank"" : 0, ""load"" : 1, ""cdr_info"" : ""098993999"", ""called_prefix"" : ""04"", ""called_number_in_public_format"" : false, ""flexible_called"" : null, ""flexible_calling"" : null, ""calling_number_in_public_format"" : false, ""full_prefix"" : ""042340603"", ""calling_format"" : ""E164"", ""called_cli_policy"" : ""SIPDA""}"
4533,0,3,20,2340603,1,"{""id"" : -1, ""equipment_id"" : 99542, ""site_id"" : 4533, ""rank"" : 0, ""load"" : 1, ""cdr_info"" : ""098993999"", ""called_prefix"" : ""04"", ""called_number_in_public_format"" : false, ""flexible_called"" : null, ""flexible_calling"" : null, ""calling_number_in_public_format"" : false, ""full_prefix"" : ""042340603"", ""calling_format"" : ""E164"", ""called_cli_policy"" : ""SIPDA""}"
4534,,,20,2385346,1,"{""id"" : -1, ""equipment_id"" : 118362, ""site_id"" : 4534, ""rank"" : null, ""load"" : 0, ""cdr_info"" : ""098993861"", ""called_prefix"" : ""04"", ""called_number_in_public_format"" : false, ""flexible_called"" : null, ""flexible_calling"" : null, ""calling_number_in_public_format"" : false, ""full_prefix"" : ""042385346"", ""calling_format"" : ""E164"", ""called_cli_policy"" : ""SIPDA""}"
4542,0,3,20,5105103,1,"{""id"" : -1, ""equipment_id"" : 72783, ""site_id"" : 4542, ""rank"" : 0, ""load"" : 1, ""cdr_info"" : ""098993999"", ""called_prefix"" : ""09"", ""called_number_in_public_format"" : false, ""flexible_called"" : null, ""flexible_calling"" : null, ""calling_number_in_public_format"" : false, ""full_prefix"" : ""095105103"", ""calling_format"" : ""E164"", ""called_cli_policy"" : ""SIPDA""}"
4553,2,3,20,2385346,1,"{""id"" : -1, ""equipment_id"" : 118362, ""site_id"" : 4553, ""rank"" : 2, ""load"" : 1, ""cdr_info"" : ""098993861"", ""called_prefix"" : ""04"", ""called_number_in_public_format"" : true, ""flexible_called"" : null, ""flexible_calling"" : null, ""calling_number_in_public_format"" : false, ""full_prefix"" : ""042385346"", ""calling_format"" : ""E164"", ""called_cli_policy"" : ""SIPDA""}"
4553,0,3,20,2385347,1,"{""id"" : -1, ""equipment_id"" : 118381, ""site_id"" : 4553, ""rank"" : 0, ""load"" : 1, ""cdr_info"" : ""933333333333"", ""called_prefix"" : ""04"", ""called_number_in_public_format"" : true, ""flexible_called"" : null, ""flexible_calling"" : null, ""calling_number_in_public_format"" : false, ""full_prefix"" : ""042385347"", ""calling_format"" : ""E164"", ""called_cli_policy"" : ""SIPDA""}"
4553,1,3,20,2385474,1,"{""id"" : -1, ""equipment_id"" : 130341, ""site_id"" : 4553, ""rank"" : 1, ""load"" : 1, ""cdr_info"" : ""098993861"", ""called_prefix"" : ""04"", ""called_number_in_public_format"" : true, ""flexible_called"" : null, ""flexible_calling"" : null, ""calling_number_in_public_format"" : false, ""full_prefix"" : ""042385474"", ""calling_format"" : ""E164"", ""called_cli_policy"" : ""SIPDA""}"
4557,0,3,20,2320621,1,"{""id"" : -1, ""equipment_id"" : 64681, ""site_id"" : 4557, ""rank"" : 0, ""load"" : 1, ""cdr_info"" : ""098993998"", ""called_prefix"" : ""04"", ""called_number_in_public_format"" : false, ""flexible_called"" : null, ""flexible_calling"" : null, ""calling_number_in_public_format"" : false, ""full_prefix"" : ""042320621"", ""calling_format"" : ""FORMATTED"", ""called_cli_policy"" : ""SIPDA""}"
4561,0,3,20,2321845,1,"{""id"" : -1, ""equipment_id"" : 132363, ""site_id"" : 4561, ""rank"" : 0, ""load"" : 1, ""cdr_info"" : ""098993999"", ""called_prefix"" : ""04"", ""called_number_in_public_format"" : false, ""flexible_called"" : null, ""flexible_calling"" : null, ""calling_number_in_public_format"" : false, ""full_prefix"" : ""042321845"", ""calling_format"" : ""E164"", ""called_cli_policy"" : ""SIPDA""}"
4581,0,3,20,5105103,1,"{""id"" : -1, ""equipment_id"" : 72783, ""site_id"" : 4581, ""rank"" : 0, ""load"" : 1, ""cdr_info"" : ""098993999"", ""called_prefix"" : ""09"", ""called_number_in_public_format"" : false, ""flexible_called"" : null, ""flexible_calling"" : null, ""calling_number_in_public_format"" : false, ""full_prefix"" : ""095105103"", ""calling_format"" : ""E164"", ""called_cli_policy"" : ""SIPDA""}"
4590,0,3,20,2390079,1,"{""id"" : -1, ""equipment_id"" : 97322, ""site_id"" : 4590, ""rank"" : 0, ""load"" : 1, ""cdr_info"" : ""99999898"", ""called_prefix"" : ""04"", ""called_number_in_public_format"" : false, ""flexible_called"" : null, ""flexible_calling"" : null, ""calling_number_in_public_format"" : false, ""full_prefix"" : ""042390079"", ""calling_format"" : ""E164"", ""called_cli_policy"" : ""SIPDA""}"
4601,0,3,20,5105103,1,"{""id"" : -1, ""equipment_id"" : 72783, ""site_id"" : 4601, ""rank"" : 0, ""load"" : 1, ""cdr_info"" : ""098993999"", ""called_prefix"" : ""09"", ""called_number_in_public_format"" : false, ""flexible_called"" : null, ""flexible_calling"" : null, ""calling_number_in_public_format"" : false, ""full_prefix"" : ""095105103"", ""calling_format"" : ""E164"", ""called_cli_policy"" : ""SIPDA""}"
4604,0,3,20,2310567,1,"{""id"" : -1, ""equipment_id"" : 52646, ""site_id"" : 4604, ""rank"" : 0, ""load"" : 1, ""cdr_info"" : ""098993999"", ""called_prefix"" : ""04"", ""called_number_in_public_format"" : false, ""flexible_called"" : null, ""flexible_calling"" : null, ""calling_number_in_public_format"" : false, ""full_prefix"" : ""042310567"", ""calling_format"" : ""FORMATTED"", ""called_cli_policy"" : ""SIPDA""}"
4610,0,3,20,2310567,1,"{""id"" : -1, ""equipment_id"" : 52646, ""site_id"" : 4610, ""rank"" : 0, ""load"" : 1, ""cdr_info"" : ""098993999"", ""called_prefix"" : ""04"", ""called_number_in_public_format"" : false, ""flexible_called"" : null, ""flexible_calling"" : null, ""calling_number_in_public_format"" : false, ""full_prefix"" : ""042310567"", ""calling_format"" : ""E164"", ""called_cli_policy"" : ""SIPDA""}"
4616,0,3,20,2310567,1,"{""id"" : -1, ""equipment_id"" : 52646, ""site_id"" : 4616, ""rank"" : 0, ""load"" : 1, ""cdr_info"" : ""098993999"", ""called_prefix"" : ""04"", ""called_number_in_public_format"" : false, ""flexible_called"" : null, ""flexible_calling"" : null, ""calling_number_in_public_format"" : false, ""full_prefix"" : ""042310567"", ""calling_format"" : ""FORMATTED"", ""called_cli_policy"" : ""SIPDA""}"
4621,0,3,20,5105103,1,"{""id"" : -1, ""equipment_id"" : 72783, ""site_id"" : 4621, ""rank"" : 0, ""load"" : 1, ""cdr_info"" : ""098993999"", ""called_prefix"" : ""09"", ""called_number_in_public_format"" : false, ""flexible_called"" : null, ""flexible_calling"" : null, ""calling_number_in_public_format"" : false, ""full_prefix"" : ""095105103"", ""calling_format"" : ""E164"", ""called_cli_policy"" : ""SIPDA""}"
4632,0,3,20,2310567,1,"{""id"" : -1, ""equipment_id"" : 52646, ""site_id"" : 4632, ""rank"" : 0, ""load"" : 1, ""cdr_info"" : ""098993999"", ""called_prefix"" : ""04"", ""called_number_in_public_format"" : false, ""flexible_called"" : null, ""flexible_calling"" : null, ""calling_number_in_public_format"" : false, ""full_prefix"" : ""042310567"", ""calling_format"" : ""FORMATTED"", ""called_cli_policy"" : ""SIPDA""}"
4635,0,3,20,2310567,1,"{""id"" : -1, ""equipment_id"" : 52646, ""site_id"" : 4635, ""rank"" : 0, ""load"" : 1, ""cdr_info"" : ""098993999"", ""called_prefix"" : ""04"", ""called_number_in_public_format"" : false, ""flexible_called"" : null, ""flexible_calling"" : null, ""calling_number_in_public_format"" : false, ""full_prefix"" : ""042310567"", ""calling_format"" : ""FORMATTED"", ""called_cli_policy"" : ""SIPDA""}"
4637,0,3,20,2310567,1,"{""id"" : -1, ""equipment_id"" : 52646, ""site_id"" : 4637, ""rank"" : 0, ""load"" : 1, ""cdr_info"" : ""098993999"", ""called_prefix"" : ""04"", ""called_number_in_public_format"" : false, ""flexible_called"" : null, ""flexible_calling"" : null, ""calling_number_in_public_format"" : false, ""full_prefix"" : ""042310567"", ""calling_format"" : ""FORMATTED"", ""called_cli_policy"" : ""SIPDA""}"
4641,0,3,20,2214902,1,"{""id"" : -1, ""equipment_id"" : 72246, ""site_id"" : 4641, ""rank"" : 0, ""load"" : 1, ""cdr_info"" : ""098993999"", ""called_prefix"" : ""04"", ""called_number_in_public_format"" : false, ""flexible_called"" : null, ""flexible_calling"" : null, ""calling_number_in_public_format"" : false, ""full_prefix"" : ""042214902"", ""calling_format"" : ""E164"", ""called_cli_policy"" : ""SIPDA""}"
4642,0,3,20,5105103,1,"{""id"" : -1, ""equipment_id"" : 72783, ""site_id"" : 4642, ""rank"" : 0, ""load"" : 1, ""cdr_info"" : ""098993999"", ""called_prefix"" : ""09"", ""called_number_in_public_format"" : false, ""flexible_called"" : null, ""flexible_calling"" : null, ""calling_number_in_public_format"" : false, ""full_prefix"" : ""095105103"", ""calling_format"" : ""E164"", ""called_cli_policy"" : ""SIPDA""}"
4661,0,3,20,5105103,1,"{""id"" : -1, ""equipment_id"" : 72783, ""site_id"" : 4661, ""rank"" : 0, ""load"" : 1, ""cdr_info"" : ""098993999"", ""called_prefix"" : ""09"", ""called_number_in_public_format"" : false, ""flexible_called"" : null, ""flexible_calling"" : null, ""calling_number_in_public_format"" : false, ""full_prefix"" : ""095105103"", ""calling_format"" : ""E164"", ""called_cli_policy"" : ""SIPDA""}"
4662,0,3,20,5105103,1,"{""id"" : -1, ""equipment_id"" : 72783, ""site_id"" : 4662, ""rank"" : 0, ""load"" : 1, ""cdr_info"" : ""098993999"", ""called_prefix"" : ""09"", ""called_number_in_public_format"" : false, ""flexible_called"" : null, ""flexible_calling"" : null, ""calling_number_in_public_format"" : false, ""full_prefix"" : ""095105103"", ""calling_format"" : ""E164"", ""called_cli_policy"" : ""SIPDA""}"
4663,0,3,20,5105103,1,"{""id"" : -1, ""equipment_id"" : 72783, ""site_id"" : 4663, ""rank"" : 0, ""load"" : 1, ""cdr_info"" : ""098993999"", ""called_prefix"" : ""09"", ""called_number_in_public_format"" : false, ""flexible_called"" : null, ""flexible_calling"" : null, ""calling_number_in_public_format"" : false, ""full_prefix"" : ""095105103"", ""calling_format"" : ""E164"", ""called_cli_policy"" : ""SIPDA""}"
4664,0,3,20,5105103,1,"{""id"" : -1, ""equipment_id"" : 72783, ""site_id"" : 4664, ""rank"" : 0, ""load"" : 1, ""cdr_info"" : ""098993999"", ""called_prefix"" : ""09"", ""called_number_in_public_format"" : false, ""flexible_called"" : null, ""flexible_calling"" : null, ""calling_number_in_public_format"" : false, ""full_prefix"" : ""095105103"", ""calling_format"" : ""E164"", ""called_cli_policy"" : ""SIPDA""}"
4681,0,3,20,5105103,1,"{""id"" : -1, ""equipment_id"" : 72783, ""site_id"" : 4681, ""rank"" : 0, ""load"" : 1, ""cdr_info"" : ""098993999"", ""called_prefix"" : ""09"", ""called_number_in_public_format"" : false, ""flexible_called"" : null, ""flexible_calling"" : null, ""calling_number_in_public_format"" : false, ""full_prefix"" : ""095105103"", ""calling_format"" : ""E164"", ""called_cli_policy"" : ""SIPDA""}"
4682,1,3,20,2250833,1,"{""id"" : -1, ""equipment_id"" : 53973, ""site_id"" : 4682, ""rank"" : 1, ""load"" : 1, ""cdr_info"" : ""098993991"", ""called_prefix"" : ""04"", ""called_number_in_public_format"" : true, ""flexible_called"" : null, ""flexible_calling"" : null, ""calling_number_in_public_format"" : true, ""full_prefix"" : ""042250833"", ""calling_format"" : ""E164"", ""called_cli_policy"" : ""SIPDA""}"
4682,0,3,20,2250834,1,"{""id"" : -1, ""equipment_id"" : 53974, ""site_id"" : 4682, ""rank"" : 0, ""load"" : 1, ""cdr_info"" : ""098993991"", ""called_prefix"" : ""04"", ""called_number_in_public_format"" : true, ""flexible_called"" : null, ""flexible_calling"" : null, ""calling_number_in_public_format"" : true, ""full_prefix"" : ""042250834"", ""calling_format"" : ""E164"", ""called_cli_policy"" : ""SIPDA""}"
4701,,,20,2385347,1,"{""id"" : -1, ""equipment_id"" : 118381, ""site_id"" : 4701, ""rank"" : null, ""load"" : 0, ""cdr_info"" : ""098993861"", ""called_prefix"" : ""04"", ""called_number_in_public_format"" : false, ""flexible_called"" : null, ""flexible_calling"" : null, ""calling_number_in_public_format"" : false, ""full_prefix"" : ""042385347"", ""calling_format"" : ""E164"", ""called_cli_policy"" : ""SIPDA""}"
4702,0,3,20,5105103,1,"{""id"" : -1, ""equipment_id"" : 72783, ""site_id"" : 4702, ""rank"" : 0, ""load"" : 1, ""cdr_info"" : ""098993999"", ""called_prefix"" : ""09"", ""called_number_in_public_format"" : false, ""flexible_called"" : null, ""flexible_calling"" : null, ""calling_number_in_public_format"" : false, ""full_prefix"" : ""095105103"", ""calling_format"" : ""E164"", ""called_cli_policy"" : ""SIPDA""}"
4711,1,3,20,2250833,1,"{""id"" : -1, ""equipment_id"" : 53973, ""site_id"" : 4711, ""rank"" : 1, ""load"" : 1, ""cdr_info"" : ""098993991"", ""called_prefix"" : ""04"", ""called_number_in_public_format"" : true, ""flexible_called"" : null, ""flexible_calling"" : null, ""calling_number_in_public_format"" : true, ""full_prefix"" : ""042250833"", ""calling_format"" : ""E164"", ""called_cli_policy"" : ""SIPDA""}"
4711,0,3,20,2250834,1,"{""id"" : -1, ""equipment_id"" : 53974, ""site_id"" : 4711, ""rank"" : 0, ""load"" : 1, ""cdr_info"" : ""098993991"", ""called_prefix"" : ""04"", ""called_number_in_public_format"" : true, ""flexible_called"" : null, ""flexible_calling"" : null, ""calling_number_in_public_format"" : true, ""full_prefix"" : ""042250834"", ""calling_format"" : ""E164"", ""called_cli_policy"" : ""SIPDA""}"
4712,1,3,20,2250833,1,"{""id"" : -1, ""equipment_id"" : 53973, ""site_id"" : 4712, ""rank"" : 1, ""load"" : 1, ""cdr_info"" : ""098993991"", ""called_prefix"" : ""04"", ""called_number_in_public_format"" : true, ""flexible_called"" : null, ""flexible_calling"" : null, ""calling_number_in_public_format"" : true, ""full_prefix"" : ""042250833"", ""calling_format"" : ""E164"", ""called_cli_policy"" : ""SIPDA""}"
4712,0,3,20,2250834,1,"{""id"" : -1, ""equipment_id"" : 53974, ""site_id"" : 4712, ""rank"" : 0, ""load"" : 1, ""cdr_info"" : ""098993991"", ""called_prefix"" : ""04"", ""called_number_in_public_format"" : true, ""flexible_called"" : null, ""flexible_calling"" : null, ""calling_number_in_public_format"" : true, ""full_prefix"" : ""042250834"", ""calling_format"" : ""E164"", ""called_cli_policy"" : ""SIPDA""}"
4721,0,3,20,5105103,1,"{""id"" : -1, ""equipment_id"" : 72783, ""site_id"" : 4721, ""rank"" : 0, ""load"" : 1, ""cdr_info"" : ""098993999"", ""called_prefix"" : ""09"", ""called_number_in_public_format"" : false, ""flexible_called"" : null, ""flexible_calling"" : null, ""calling_number_in_public_format"" : false, ""full_prefix"" : ""095105103"", ""calling_format"" : ""E164"", ""called_cli_policy"" : ""SIPDA""}"
4722,1,3,20,2250833,1,"{""id"" : -1, ""equipment_id"" : 53973, ""site_id"" : 4722, ""rank"" : 1, ""load"" : 1, ""cdr_info"" : ""098993991"", ""called_prefix"" : ""04"", ""called_number_in_public_format"" : true, ""flexible_called"" : null, ""flexible_calling"" : null, ""calling_number_in_public_format"" : true, ""full_prefix"" : ""042250833"", ""calling_format"" : ""E164"", ""called_cli_policy"" : ""SIPDA""}"
4722,0,3,20,2250834,1,"{""id"" : -1, ""equipment_id"" : 53974, ""site_id"" : 4722, ""rank"" : 0, ""load"" : 1, ""cdr_info"" : ""098993991"", ""called_prefix"" : ""04"", ""called_number_in_public_format"" : true, ""flexible_called"" : null, ""flexible_calling"" : null, ""calling_number_in_public_format"" : true, ""full_prefix"" : ""042250834"", ""calling_format"" : ""E164"", ""called_cli_policy"" : ""SIPDA""}"
4723,0,3,20,5105103,1,"{""id"" : -1, ""equipment_id"" : 72783, ""site_id"" : 4723, ""rank"" : 0, ""load"" : 1, ""cdr_info"" : ""098993999"", ""called_prefix"" : ""09"", ""called_number_in_public_format"" : false, ""flexible_called"" : null, ""flexible_calling"" : null, ""calling_number_in_public_format"" : false, ""full_prefix"" : ""095105103"", ""calling_format"" : ""E164"", ""called_cli_policy"" : ""SIPDA""}"
4729,,,20,2385347,1,"{""id"" : -1, ""equipment_id"" : 118381, ""site_id"" : 4729, ""rank"" : null, ""load"" : 0, ""cdr_info"" : ""098993861"", ""called_prefix"" : ""04"", ""called_number_in_public_format"" : false, ""flexible_called"" : null, ""flexible_calling"" : null, ""calling_number_in_public_format"" : false, ""full_prefix"" : ""042385347"", ""calling_format"" : ""E164"", ""called_cli_policy"" : ""SIPDA""}"
4730,0,3,20,2385346,1,"{""id"" : -1, ""equipment_id"" : 118362, ""site_id"" : 4730, ""rank"" : 0, ""load"" : 1, ""cdr_info"" : ""0988898"", ""called_prefix"" : ""04"", ""called_number_in_public_format"" : true, ""flexible_called"" : null, ""flexible_calling"" : null, ""calling_number_in_public_format"" : false, ""full_prefix"" : ""042385346"", ""calling_format"" : ""E164"", ""called_cli_policy"" : ""SIPDA""}"
4730,1,3,20,2385347,1,"{""id"" : -1, ""equipment_id"" : 118381, ""site_id"" : 4730, ""rank"" : 1, ""load"" : 1, ""cdr_info"" : ""0988898"", ""called_prefix"" : ""04"", ""called_number_in_public_format"" : true, ""flexible_called"" : null, ""flexible_calling"" : null, ""calling_number_in_public_format"" : false, ""full_prefix"" : ""042385347"", ""calling_format"" : ""E164"", ""called_cli_policy"" : ""SIPDA""}"
4730,,,20,2385449,1,"{""id"" : -1, ""equipment_id"" : 126161, ""site_id"" : 4730, ""rank"" : null, ""load"" : 0, ""cdr_info"" : ""098993861"", ""called_prefix"" : ""04"", ""called_number_in_public_format"" : false, ""flexible_called"" : null, ""flexible_calling"" : null, ""calling_number_in_public_format"" : false, ""full_prefix"" : ""042385449"", ""calling_format"" : ""E164"", ""called_cli_policy"" : ""SIPDA""}"
4731,,,20,2385347,1,"{""id"" : -1, ""equipment_id"" : 118381, ""site_id"" : 4731, ""rank"" : null, ""load"" : 0, ""cdr_info"" : ""098993861"", ""called_prefix"" : ""04"", ""called_number_in_public_format"" : false, ""flexible_called"" : null, ""flexible_calling"" : null, ""calling_number_in_public_format"" : false, ""full_prefix"" : ""042385347"", ""calling_format"" : ""E164"", ""called_cli_policy"" : ""SIPDA""}"
4741,0,3,20,5105103,1,"{""id"" : -1, ""equipment_id"" : 72783, ""site_id"" : 4741, ""rank"" : 0, ""load"" : 1, ""cdr_info"" : ""098993999"", ""called_prefix"" : ""09"", ""called_number_in_public_format"" : false, ""flexible_called"" : null, ""flexible_calling"" : null, ""calling_number_in_public_format"" : false, ""full_prefix"" : ""095105103"", ""calling_format"" : ""E164"", ""called_cli_policy"" : ""SIPDA""}"
4742,0,3,20,5105103,1,"{""id"" : -1, ""equipment_id"" : 72783, ""site_id"" : 4742, ""rank"" : 0, ""load"" : 1, ""cdr_info"" : ""098993999"", ""called_prefix"" : ""09"", ""called_number_in_public_format"" : false, ""flexible_called"" : null, ""flexible_calling"" : null, ""calling_number_in_public_format"" : false, ""full_prefix"" : ""095105103"", ""calling_format"" : ""E164"", ""called_cli_policy"" : ""SIPDA""}"
4761,0,3,20,5105103,1,"{""id"" : -1, ""equipment_id"" : 72783, ""site_id"" : 4761, ""rank"" : 0, ""load"" : 1, ""cdr_info"" : ""098993999"", ""called_prefix"" : ""09"", ""called_number_in_public_format"" : false, ""flexible_called"" : null, ""flexible_calling"" : null, ""calling_number_in_public_format"" : false, ""full_prefix"" : ""095105103"", ""calling_format"" : ""E164"", ""called_cli_policy"" : ""SIPDA""}"
4781,0,3,20,5105103,1,"{""id"" : -1, ""equipment_id"" : 72783, ""site_id"" : 4781, ""rank"" : 0, ""load"" : 1, ""cdr_info"" : ""098993999"", ""called_prefix"" : ""09"", ""called_number_in_public_format"" : false, ""flexible_called"" : null, ""flexible_calling"" : null, ""calling_number_in_public_format"" : false, ""full_prefix"" : ""095105103"", ""calling_format"" : ""E164"", ""called_cli_policy"" : ""SIPDA""}"
4802,0,3,20,5105103,1,"{""id"" : -1, ""equipment_id"" : 72783, ""site_id"" : 4802, ""rank"" : 0, ""load"" : 1, ""cdr_info"" : ""098993999"", ""called_prefix"" : ""09"", ""called_number_in_public_format"" : false, ""flexible_called"" : null, ""flexible_calling"" : null, ""calling_number_in_public_format"" : false, ""full_prefix"" : ""095105103"", ""calling_format"" : ""E164"", ""called_cli_policy"" : ""SIPDA""}"
4821,0,3,20,2265112,1,"{""id"" : -1, ""equipment_id"" : 73949, ""site_id"" : 4821, ""rank"" : 0, ""load"" : 1, ""cdr_info"" : ""098993999"", ""called_prefix"" : ""04"", ""called_number_in_public_format"" : false, ""flexible_called"" : null, ""flexible_calling"" : null, ""calling_number_in_public_format"" : false, ""full_prefix"" : ""042265112"", ""calling_format"" : ""E164"", ""called_cli_policy"" : ""SIPDA""}"
4841,0,3,20,5105103,1,"{""id"" : -1, ""equipment_id"" : 72783, ""site_id"" : 4841, ""rank"" : 0, ""load"" : 1, ""cdr_info"" : ""098993999"", ""called_prefix"" : ""09"", ""called_number_in_public_format"" : false, ""flexible_called"" : null, ""flexible_calling"" : null, ""calling_number_in_public_format"" : false, ""full_prefix"" : ""095105103"", ""calling_format"" : ""E164"", ""called_cli_policy"" : ""SIPDA""}"
4842,0,3,20,5105103,1,"{""id"" : -1, ""equipment_id"" : 72783, ""site_id"" : 4842, ""rank"" : 0, ""load"" : 1, ""cdr_info"" : ""098993999"", ""called_prefix"" : ""09"", ""called_number_in_public_format"" : false, ""flexible_called"" : null, ""flexible_calling"" : null, ""calling_number_in_public_format"" : false, ""full_prefix"" : ""095105103"", ""calling_format"" : ""E164"", ""called_cli_policy"" : ""SIPDA""}"
4851,1,3,20,2250833,1,"{""id"" : -1, ""equipment_id"" : 53973, ""site_id"" : 4851, ""rank"" : 1, ""load"" : 1, ""cdr_info"" : ""098993991"", ""called_prefix"" : ""04"", ""called_number_in_public_format"" : true, ""flexible_called"" : null, ""flexible_calling"" : null, ""calling_number_in_public_format"" : true, ""full_prefix"" : ""042250833"", ""calling_format"" : ""E164"", ""called_cli_policy"" : ""SIPDA""}"
4851,0,3,20,2250834,1,"{""id"" : -1, ""equipment_id"" : 53974, ""site_id"" : 4851, ""rank"" : 0, ""load"" : 1, ""cdr_info"" : ""098993991"", ""called_prefix"" : ""04"", ""called_number_in_public_format"" : true, ""flexible_called"" : null, ""flexible_calling"" : null, ""calling_number_in_public_format"" : true, ""full_prefix"" : ""042250834"", ""calling_format"" : ""E164"", ""called_cli_policy"" : ""SIPDA""}"
4861,1,3,20,2385353,1,"{""id"" : -1, ""equipment_id"" : 111581, ""site_id"" : 4861, ""rank"" : 1, ""load"" : 1, ""cdr_info"" : ""098994867"", ""called_prefix"" : ""04"", ""called_number_in_public_format"" : true, ""flexible_called"" : ""PubFulld"", ""flexible_calling"" : null, ""calling_number_in_public_format"" : true, ""full_prefix"" : ""042385353"", ""calling_format"" : ""E164"", ""called_cli_policy"" : ""SIPDA""}"
4861,0,3,20,2385653,1,"{""id"" : -1, ""equipment_id"" : 146284, ""site_id"" : 4861, ""rank"" : 0, ""load"" : 1, ""cdr_info"" : ""098994867"", ""called_prefix"" : ""04"", ""called_number_in_public_format"" : true, ""flexible_called"" : ""PubFulld"", ""flexible_calling"" : null, ""calling_number_in_public_format"" : true, ""full_prefix"" : ""042385653"", ""calling_format"" : ""E164"", ""called_cli_policy"" : ""SIPDA""}"
4864,1,3,20,2250833,1,"{""id"" : -1, ""equipment_id"" : 53973, ""site_id"" : 4864, ""rank"" : 1, ""load"" : 1, ""cdr_info"" : ""098993991"", ""called_prefix"" : ""04"", ""called_number_in_public_format"" : true, ""flexible_called"" : null, ""flexible_calling"" : null, ""calling_number_in_public_format"" : true, ""full_prefix"" : ""042250833"", ""calling_format"" : ""E164"", ""called_cli_policy"" : ""SIPDA""}"
4864,0,3,20,2250834,1,"{""id"" : -1, ""equipment_id"" : 53974, ""site_id"" : 4864, ""rank"" : 0, ""load"" : 1, ""cdr_info"" : ""098993991"", ""called_prefix"" : ""04"", ""called_number_in_public_format"" : true, ""flexible_called"" : null, ""flexible_calling"" : null, ""calling_number_in_public_format"" : true, ""full_prefix"" : ""042250834"", ""calling_format"" : ""E164"", ""called_cli_policy"" : ""SIPDA""}"
4881,0,3,20,2251186,1,"{""id"" : -1, ""equipment_id"" : 65397, ""site_id"" : 4881, ""rank"" : 0, ""load"" : 1, ""cdr_info"" : ""098993999"", ""called_prefix"" : ""04"", ""called_number_in_public_format"" : false, ""flexible_called"" : null, ""flexible_calling"" : null, ""calling_number_in_public_format"" : false, ""full_prefix"" : ""042251186"", ""calling_format"" : ""E164"", ""called_cli_policy"" : ""SIPDA""}"
4886,0,3,20,2330062,1,"{""id"" : -1, ""equipment_id"" : 52293, ""site_id"" : 4886, ""rank"" : 0, ""load"" : 1, ""cdr_info"" : ""098993999"", ""called_prefix"" : ""04"", ""called_number_in_public_format"" : false, ""flexible_called"" : null, ""flexible_calling"" : null, ""calling_number_in_public_format"" : false, ""full_prefix"" : ""042330062"", ""calling_format"" : ""FORMATTED"", ""called_cli_policy"" : ""SIPDA""}"
4886,,,20,2330245,1,"{""id"" : -1, ""equipment_id"" : 82443, ""site_id"" : 4886, ""rank"" : null, ""load"" : 0, ""cdr_info"" : ""098993999"", ""called_prefix"" : ""04"", ""called_number_in_public_format"" : false, ""flexible_called"" : null, ""flexible_calling"" : null, ""calling_number_in_public_format"" : false, ""full_prefix"" : ""042330245"", ""calling_format"" : ""FORMATTED"", ""called_cli_policy"" : ""SIPDA""}"
4889,0,3,20,2330062,1,"{""id"" : -1, ""equipment_id"" : 52293, ""site_id"" : 4889, ""rank"" : 0, ""load"" : 1, ""cdr_info"" : ""098993999"", ""called_prefix"" : ""04"", ""called_number_in_public_format"" : false, ""flexible_called"" : null, ""flexible_calling"" : null, ""calling_number_in_public_format"" : false, ""full_prefix"" : ""042330062"", ""calling_format"" : ""FORMATTED"", ""called_cli_policy"" : ""SIPDA""}"
4889,,,20,2330245,1,"{""id"" : -1, ""equipment_id"" : 82443, ""site_id"" : 4889, ""rank"" : null, ""load"" : 0, ""cdr_info"" : ""098993999"", ""called_prefix"" : ""04"", ""called_number_in_public_format"" : false, ""flexible_called"" : null, ""flexible_calling"" : null, ""calling_number_in_public_format"" : false, ""full_prefix"" : ""042330245"", ""calling_format"" : ""FORMATTED"", ""called_cli_policy"" : ""SIPDA""}"
4890,0,3,20,2250833,1,"{""id"" : -1, ""equipment_id"" : 53973, ""site_id"" : 4890, ""rank"" : 0, ""load"" : 1, ""cdr_info"" : ""098993991"", ""called_prefix"" : ""04"", ""called_number_in_public_format"" : true, ""flexible_called"" : null, ""flexible_calling"" : null, ""calling_number_in_public_format"" : true, ""full_prefix"" : ""042250833"", ""calling_format"" : ""E164"", ""called_cli_policy"" : ""SIPDA""}"
4890,1,3,20,2250834,1,"{""id"" : -1, ""equipment_id"" : 53974, ""site_id"" : 4890, ""rank"" : 1, ""load"" : 1, ""cdr_info"" : ""098993991"", ""called_prefix"" : ""04"", ""called_number_in_public_format"" : true, ""flexible_called"" : null, ""flexible_calling"" : null, ""calling_number_in_public_format"" : true, ""full_prefix"" : ""042250834"", ""calling_format"" : ""E164"", ""called_cli_policy"" : ""SIPDA""}"
4891,0,3,20,2250833,1,"{""id"" : -1, ""equipment_id"" : 53973, ""site_id"" : 4891, ""rank"" : 0, ""load"" : 1, ""cdr_info"" : ""098993991"", ""called_prefix"" : ""04"", ""called_number_in_public_format"" : true, ""flexible_called"" : null, ""flexible_calling"" : null, ""calling_number_in_public_format"" : true, ""full_prefix"" : ""042250833"", ""calling_format"" : ""E164"", ""called_cli_policy"" : ""SIPDA""}"
4891,1,3,20,2250834,1,"{""id"" : -1, ""equipment_id"" : 53974, ""site_id"" : 4891, ""rank"" : 1, ""load"" : 1, ""cdr_info"" : ""098993991"", ""called_prefix"" : ""04"", ""called_number_in_public_format"" : true, ""flexible_called"" : null, ""flexible_calling"" : null, ""calling_number_in_public_format"" : true, ""full_prefix"" : ""042250834"", ""calling_format"" : ""E164"", ""called_cli_policy"" : ""SIPDA""}"
4895,1,3,20,2250833,1,"{""id"" : -1, ""equipment_id"" : 53973, ""site_id"" : 4895, ""rank"" : 1, ""load"" : 1, ""cdr_info"" : ""098993991"", ""called_prefix"" : ""04"", ""called_number_in_public_format"" : true, ""flexible_called"" : null, ""flexible_calling"" : null, ""calling_number_in_public_format"" : true, ""full_prefix"" : ""042250833"", ""calling_format"" : ""E164"", ""called_cli_policy"" : ""SIPDA""}"
4895,0,3,20,2250834,1,"{""id"" : -1, ""equipment_id"" : 53974, ""site_id"" : 4895, ""rank"" : 0, ""load"" : 1, ""cdr_info"" : ""098993991"", ""called_prefix"" : ""04"", ""called_number_in_public_format"" : true, ""flexible_called"" : null, ""flexible_calling"" : null, ""calling_number_in_public_format"" : true, ""full_prefix"" : ""042250834"", ""calling_format"" : ""E164"", ""called_cli_policy"" : ""SIPDA""}"
4901,0,3,20,2245688,1,"{""id"" : -1, ""equipment_id"" : 50360, ""site_id"" : 4901, ""rank"" : 0, ""load"" : 1, ""cdr_info"" : ""098993999"", ""called_prefix"" : ""04"", ""called_number_in_public_format"" : false, ""flexible_called"" : null, ""flexible_calling"" : null, ""calling_number_in_public_format"" : false, ""full_prefix"" : ""042245688"", ""calling_format"" : ""E164"", ""called_cli_policy"" : ""SIPDA""}"
4921,0,3,20,2218800,1,"{""id"" : -1, ""equipment_id"" : 70892, ""site_id"" : 4921, ""rank"" : 0, ""load"" : 1, ""cdr_info"" : ""098993999"", ""called_prefix"" : ""04"", ""called_number_in_public_format"" : false, ""flexible_called"" : ""0+RL-PubFulld-2"", ""flexible_calling"" : null, ""calling_number_in_public_format"" : false, ""full_prefix"" : ""042218800"", ""calling_format"" : ""E164"", ""called_cli_policy"" : ""SIPDA""}"
