vpn_code,id,data
,6174,"{""id"" : 6174, ""input_prefix"" : ""INPUT_PREFIX"", ""routing_prefix"" : ""phone-context=+44"", ""output_prefix"" : ""OUTPUT_PREFIX"", ""portability_type"" : ""PORTED_OUT"", ""req_uri_additional_parameters"" : ""phone-context=+44"", ""comment"" : null, ""bcr_product"" : ""RETAIL"", ""bcr_region"" : null}"
,6175,"{""id"" : 6175, ""input_prefix"" : ""INPUT_PREFIX"", ""routing_prefix"" : ""phone-context=+44"", ""output_prefix"" : ""OUTPUT_PREFIX"", ""portability_type"" : ""PORTED_OUT"", ""req_uri_additional_parameters"" : ""phone-context=+44"", ""comment"" : null, ""bcr_product"" : ""RETAIL"", ""bcr_region"" : null}"
,6176,"{""id"" : 6176, ""input_prefix"" : ""INPUT_PREFIX"", ""routing_prefix"" : ""phone-context=+44"", ""output_prefix"" : ""OUTPUT_PREFIX"", ""portability_type"" : ""PORTED_OUT"", ""req_uri_additional_parameters"" : ""phone-context=+44"", ""comment"" : null, ""bcr_product"" : ""RETAIL"", ""bcr_region"" : null}"
,6177,"{""id"" : 6177, ""input_prefix"" : ""INPUT_PREFIX"", ""routing_prefix"" : ""phone-context=+44"", ""output_prefix"" : ""OUTPUT_PREFIX"", ""portability_type"" : ""PORTED_OUT"", ""req_uri_additional_parameters"" : ""phone-context=+44"", ""comment"" : null, ""bcr_product"" : ""RETAIL"", ""bcr_region"" : null}"
,6182,"{""id"" : 6182, ""input_prefix"" : ""INPUT_PREFIX"", ""routing_prefix"" : ""phone-context=+44"", ""output_prefix"" : ""OUTPUT_PREFIX"", ""portability_type"" : ""PORTED_OUT"", ""req_uri_additional_parameters"" : ""phone-context=+44"", ""comment"" : ""null migrated to NBI 06500089 from 05118028 and phone-context=nprtspa.126.PORprefix F ALLBACK  FALLBACK  migrated to NBI 06500089 from 05118028 and phone-context=nprtspa.126.PORprefix"", ""bcr_product"" : ""RETAIL"", ""bcr_region"" : null}"
,6183,"{""id"" : 6183, ""input_prefix"" : ""INPUT_PREFIX"", ""routing_prefix"" : ""phone-context=+44"", ""output_prefix"" : ""OUTPUT_PREFIX"", ""portability_type"" : ""PORTED_OUT"", ""req_uri_additional_parameters"" : ""phone-context=+44"", ""comment"" : ""null migrated to NBI 06500089 from 05118028 and phone-context=nprtspa.126.PORprefix F ALLBACK  FALLBACK  migrated to NBI 06500089 from 05118028 and phone-context=nprtspa.126.PORprefix"", ""bcr_product"" : ""RETAIL"", ""bcr_region"" : null}"
,6184,"{""id"" : 6184, ""input_prefix"" : ""INPUT_PREFIX"", ""routing_prefix"" : ""phone-context=+44"", ""output_prefix"" : ""OUTPUT_PREFIX"", ""portability_type"" : ""PORTED_OUT"", ""req_uri_additional_parameters"" : ""phone-context=+44"", ""comment"" : ""null migrated to NBI 06500089 from 05118028 and phone-context=nprtspa.126.PORprefix F ALLBACK  FALLBACK  migrated to NBI 06500089 from 05118028 and phone-context=nprtspa.126.PORprefix"", ""bcr_product"" : ""RETAIL"", ""bcr_region"" : null}"
,6190,"{""id"" : 6190, ""input_prefix"" : ""INPUT_PREFIX"", ""routing_prefix"" : ""phone-context=+44"", ""output_prefix"" : ""OUTPUT_PREFIX"", ""portability_type"" : ""PORTED_OUT"", ""req_uri_additional_parameters"" : ""phone-context=+44"", ""comment"" : ""null migrated to NBI 06500089 from 05118028 and phone-context=nprtspa.126.PORprefix F ALLBACK  FALLBACK  migrated to NBI 06500089 from 05118028 and phone-context=nprtspa.126.PORprefix"", ""bcr_product"" : ""RETAIL"", ""bcr_region"" : null}"
,6191,"{""id"" : 6191, ""input_prefix"" : ""INPUT_PREFIX"", ""routing_prefix"" : ""phone-context=+44"", ""output_prefix"" : ""OUTPUT_PREFIX"", ""portability_type"" : ""PORTED_OUT"", ""req_uri_additional_parameters"" : ""phone-context=+44"", ""comment"" : ""null migrated to NBI 06500089 from 05118028 and phone-context=nprtspa.126.PORprefix F ALLBACK  FALLBACK  migrated to NBI 06500089 from 05118028 and phone-context=nprtspa.126.PORprefix"", ""bcr_product"" : ""RETAIL"", ""bcr_region"" : null}"
,6193,"{""id"" : 6193, ""input_prefix"" : ""INPUT_PREFIX"", ""routing_prefix"" : ""phone-context=+44"", ""output_prefix"" : ""OUTPUT_PREFIX"", ""portability_type"" : ""PORTED_OUT"", ""req_uri_additional_parameters"" : ""phone-context=+44"", ""comment"" : ""null migrated to NBI 06500089 from 05118028 and phone-context=nprtspa.126.PORprefix F ALLBACK  FALLBACK  migrated to NBI 06500089 from 05118028 and phone-context=nprtspa.126.PORprefix"", ""bcr_product"" : ""RETAIL"", ""bcr_region"" : null}"
,6201,"{""id"" : 6201, ""input_prefix"" : ""INPUT_PREFIX"", ""routing_prefix"" : ""phone-context=+44"", ""output_prefix"" : ""OUTPUT_PREFIX"", ""portability_type"" : ""PORTED_OUT"", ""req_uri_additional_parameters"" : ""phone-context=+44"", ""comment"" : ""null migrated to NBI 06500089 from 05118028 and phone-context=nprtspa.126.PORprefix F ALLBACK  FALLBACK "", ""bcr_product"" : ""RETAIL"", ""bcr_region"" : null}"
,6202,"{""id"" : 6202, ""input_prefix"" : ""INPUT_PREFIX"", ""routing_prefix"" : ""phone-context=+44"", ""output_prefix"" : ""OUTPUT_PREFIX"", ""portability_type"" : ""PORTED_OUT"", ""req_uri_additional_parameters"" : ""phone-context=+44"", ""comment"" : null, ""bcr_product"" : ""RETAIL"", ""bcr_region"" : null}"
,6203,"{""id"" : 6203, ""input_prefix"" : ""INPUT_PREFIX"", ""routing_prefix"" : ""phone-context=+44"", ""output_prefix"" : ""OUTPUT_PREFIX"", ""portability_type"" : ""PORTED_OUT"", ""req_uri_additional_parameters"" : ""phone-context=+44"", ""comment"" : null, ""bcr_product"" : ""RETAIL"", ""bcr_region"" : null}"
,6204,"{""id"" : 6204, ""input_prefix"" : ""INPUT_PREFIX"", ""routing_prefix"" : ""phone-context=+44"", ""output_prefix"" : ""OUTPUT_PREFIX"", ""portability_type"" : ""PORTED_OUT"", ""req_uri_additional_parameters"" : ""phone-context=+44"", ""comment"" : null, ""bcr_product"" : ""RETAIL"", ""bcr_region"" : null}"
,6205,"{""id"" : 6205, ""input_prefix"" : ""INPUT_PREFIX"", ""routing_prefix"" : ""phone-context=+44"", ""output_prefix"" : ""OUTPUT_PREFIX"", ""portability_type"" : ""PORTED_OUT"", ""req_uri_additional_parameters"" : ""phone-context=+44"", ""comment"" : null, ""bcr_product"" : ""RETAIL"", ""bcr_region"" : null}"
,6206,"{""id"" : 6206, ""input_prefix"" : ""INPUT_PREFIX"", ""routing_prefix"" : ""phone-context=+44"", ""output_prefix"" : ""OUTPUT_PREFIX"", ""portability_type"" : ""PORTED_OUT"", ""req_uri_additional_parameters"" : ""phone-context=+44"", ""comment"" : null, ""bcr_product"" : ""RETAIL"", ""bcr_region"" : null}"
,6207,"{""id"" : 6207, ""input_prefix"" : ""INPUT_PREFIX"", ""routing_prefix"" : ""phone-context=+44"", ""output_prefix"" : ""OUTPUT_PREFIX"", ""portability_type"" : ""PORTED_OUT"", ""req_uri_additional_parameters"" : ""phone-context=+44"", ""comment"" : null, ""bcr_product"" : ""RETAIL"", ""bcr_region"" : null}"
,6208,"{""id"" : 6208, ""input_prefix"" : ""INPUT_PREFIX"", ""routing_prefix"" : ""phone-context=+44"", ""output_prefix"" : ""OUTPUT_PREFIX"", ""portability_type"" : ""PORTED_OUT"", ""req_uri_additional_parameters"" : ""phone-context=+44"", ""comment"" : null, ""bcr_product"" : ""RETAIL"", ""bcr_region"" : null}"
,6210,"{""id"" : 6210, ""input_prefix"" : ""INPUT_PREFIX"", ""routing_prefix"" : ""phone-context=+44"", ""output_prefix"" : ""OUTPUT_PREFIX"", ""portability_type"" : ""PORTED_OUT"", ""req_uri_additional_parameters"" : ""phone-context=+44"", ""comment"" : null, ""bcr_product"" : ""RETAIL"", ""bcr_region"" : null}"
,6211,"{""id"" : 6211, ""input_prefix"" : ""INPUT_PREFIX"", ""routing_prefix"" : ""phone-context=+44"", ""output_prefix"" : ""OUTPUT_PREFIX"", ""portability_type"" : ""PORTED_OUT"", ""req_uri_additional_parameters"" : ""phone-context=+44"", ""comment"" : null, ""bcr_product"" : ""RETAIL"", ""bcr_region"" : null}"
,6212,"{""id"" : 6212, ""input_prefix"" : ""INPUT_PREFIX"", ""routing_prefix"" : ""phone-context=+44"", ""output_prefix"" : ""OUTPUT_PREFIX"", ""portability_type"" : ""PORTED_OUT"", ""req_uri_additional_parameters"" : ""phone-context=+44"", ""comment"" : null, ""bcr_product"" : ""RETAIL"", ""bcr_region"" : null}"
,6213,"{""id"" : 6213, ""input_prefix"" : ""INPUT_PREFIX"", ""routing_prefix"" : ""phone-context=+44"", ""output_prefix"" : ""OUTPUT_PREFIX"", ""portability_type"" : ""PORTED_OUT"", ""req_uri_additional_parameters"" : ""phone-context=+44"", ""comment"" : null, ""bcr_product"" : ""RETAIL"", ""bcr_region"" : null}"
,6214,"{""id"" : 6214, ""input_prefix"" : ""INPUT_PREFIX"", ""routing_prefix"" : ""phone-context=+44"", ""output_prefix"" : ""OUTPUT_PREFIX"", ""portability_type"" : ""PORTED_OUT"", ""req_uri_additional_parameters"" : ""phone-context=+44"", ""comment"" : null, ""bcr_product"" : ""RETAIL"", ""bcr_region"" : null}"
,6215,"{""id"" : 6215, ""input_prefix"" : ""INPUT_PREFIX"", ""routing_prefix"" : ""phone-context=+44"", ""output_prefix"" : ""OUTPUT_PREFIX"", ""portability_type"" : ""PORTED_OUT"", ""req_uri_additional_parameters"" : ""phone-context=+44"", ""comment"" : null, ""bcr_product"" : ""RETAIL"", ""bcr_region"" : null}"
,6216,"{""id"" : 6216, ""input_prefix"" : ""INPUT_PREFIX"", ""routing_prefix"" : ""phone-context=+44"", ""output_prefix"" : ""OUTPUT_PREFIX"", ""portability_type"" : ""PORTED_OUT"", ""req_uri_additional_parameters"" : ""phone-context=+44"", ""comment"" : null, ""bcr_product"" : ""RETAIL"", ""bcr_region"" : null}"
,6217,"{""id"" : 6217, ""input_prefix"" : ""INPUT_PREFIX"", ""routing_prefix"" : ""phone-context=+44"", ""output_prefix"" : ""OUTPUT_PREFIX"", ""portability_type"" : ""PORTED_OUT"", ""req_uri_additional_parameters"" : ""phone-context=+44"", ""comment"" : null, ""bcr_product"" : ""RETAIL"", ""bcr_region"" : null}"
,6218,"{""id"" : 6218, ""input_prefix"" : ""INPUT_PREFIX"", ""routing_prefix"" : ""phone-context=+44"", ""output_prefix"" : ""OUTPUT_PREFIX"", ""portability_type"" : ""PORTED_OUT"", ""req_uri_additional_parameters"" : ""phone-context=+44"", ""comment"" : null, ""bcr_product"" : ""RETAIL"", ""bcr_region"" : null}"
,6461,"{""id"" : 6461, ""input_prefix"" : ""INPUT_PREFIX"", ""routing_prefix"" : ""phone-context=+44"", ""output_prefix"" : ""OUTPUT_PREFIX"", ""portability_type"" : ""PORTED_OUT"", ""req_uri_additional_parameters"" : ""phone-context=+44"", ""comment"" : ""BCR in Hookah port out 4433058765 05118010505069033058765 nprtspa"", ""bcr_product"" : ""RETAIL"", ""bcr_region"" : null}"
,6219,"{""id"" : 6219, ""input_prefix"" : ""INPUT_PREFIX"", ""routing_prefix"" : ""phone-context=+44"", ""output_prefix"" : ""OUTPUT_PREFIX"", ""portability_type"" : ""PORTED_OUT"", ""req_uri_additional_parameters"" : ""phone-context=+44"", ""comment"" : null, ""bcr_product"" : ""RETAIL"", ""bcr_region"" : null}"
,6220,"{""id"" : 6220, ""input_prefix"" : ""INPUT_PREFIX"", ""routing_prefix"" : ""phone-context=+44"", ""output_prefix"" : ""OUTPUT_PREFIX"", ""portability_type"" : ""PORTED_OUT"", ""req_uri_additional_parameters"" : ""phone-context=+44"", ""comment"" : null, ""bcr_product"" : ""RETAIL"", ""bcr_region"" : null}"
,6221,"{""id"" : 6221, ""input_prefix"" : ""INPUT_PREFIX"", ""routing_prefix"" : ""phone-context=+44"", ""output_prefix"" : ""OUTPUT_PREFIX"", ""portability_type"" : ""PORTED_OUT"", ""req_uri_additional_parameters"" : ""phone-context=+44"", ""comment"" : null, ""bcr_product"" : ""RETAIL"", ""bcr_region"" : null}"
,6222,"{""id"" : 6222, ""input_prefix"" : ""INPUT_PREFIX"", ""routing_prefix"" : ""phone-context=+44"", ""output_prefix"" : ""OUTPUT_PREFIX"", ""portability_type"" : ""PORTED_OUT"", ""req_uri_additional_parameters"" : ""phone-context=+44"", ""comment"" : null, ""bcr_product"" : ""RETAIL"", ""bcr_region"" : null}"
,6223,"{""id"" : 6223, ""input_prefix"" : ""INPUT_PREFIX"", ""routing_prefix"" : ""phone-context=+44"", ""output_prefix"" : ""OUTPUT_PREFIX"", ""portability_type"" : ""PORTED_OUT"", ""req_uri_additional_parameters"" : ""phone-context=+44"", ""comment"" : null, ""bcr_product"" : ""RETAIL"", ""bcr_region"" : null}"
,6224,"{""id"" : 6224, ""input_prefix"" : ""INPUT_PREFIX"", ""routing_prefix"" : ""phone-context=+44"", ""output_prefix"" : ""OUTPUT_PREFIX"", ""portability_type"" : ""PORTED_OUT"", ""req_uri_additional_parameters"" : ""phone-context=+44"", ""comment"" : null, ""bcr_product"" : ""RETAIL"", ""bcr_region"" : null}"
,6225,"{""id"" : 6225, ""input_prefix"" : ""INPUT_PREFIX"", ""routing_prefix"" : ""phone-context=+44"", ""output_prefix"" : ""OUTPUT_PREFIX"", ""portability_type"" : ""PORTED_OUT"", ""req_uri_additional_parameters"" : ""phone-context=+44"", ""comment"" : null, ""bcr_product"" : ""RETAIL"", ""bcr_region"" : null}"
,6226,"{""id"" : 6226, ""input_prefix"" : ""INPUT_PREFIX"", ""routing_prefix"" : ""phone-context=+44"", ""output_prefix"" : ""OUTPUT_PREFIX"", ""portability_type"" : ""PORTED_OUT"", ""req_uri_additional_parameters"" : ""phone-context=+44"", ""comment"" : null, ""bcr_product"" : ""RETAIL"", ""bcr_region"" : null}"
,6227,"{""id"" : 6227, ""input_prefix"" : ""INPUT_PREFIX"", ""routing_prefix"" : ""phone-context=+44"", ""output_prefix"" : ""OUTPUT_PREFIX"", ""portability_type"" : ""PORTED_OUT"", ""req_uri_additional_parameters"" : ""phone-context=+44"", ""comment"" : null, ""bcr_product"" : ""RETAIL"", ""bcr_region"" : null}"
,7522,"{""id"" : 7522, ""input_prefix"" : ""INPUT_PREFIX"", ""routing_prefix"" : ""phone-context=national.3.PORprefix"", ""output_prefix"" : ""OUTPUT_PREFIX"", ""portability_type"" : ""PORTED_OUT"", ""req_uri_additional_parameters"" : ""phone-context=national.3.PORprefix"", ""comment"" : null, ""bcr_product"" : ""RETAIL"", ""bcr_region"" : null}"
,6231,"{""id"" : 6231, ""input_prefix"" : ""INPUT_PREFIX"", ""routing_prefix"" : ""phone-context=+44"", ""output_prefix"" : ""OUTPUT_PREFIX"", ""portability_type"" : ""PORTED_OUT"", ""req_uri_additional_parameters"" : ""phone-context=+44"", ""comment"" : null, ""bcr_product"" : ""RETAIL"", ""bcr_region"" : null}"
,7725,"{""id"" : 7725, ""input_prefix"" : ""INPUT_PREFIX"", ""routing_prefix"" : null, ""output_prefix"" : ""OUTPUT_PREFIX"", ""portability_type"" : ""OBS_OWNER"", ""req_uri_additional_parameters"" : null, ""comment"" : ""XIP202004-00978"", ""bcr_product"" : ""RETAIL"", ""bcr_region"" : null}"
,6233,"{""id"" : 6233, ""input_prefix"" : ""INPUT_PREFIX"", ""routing_prefix"" : ""phone-context=+44"", ""output_prefix"" : ""OUTPUT_PREFIX"", ""portability_type"" : ""PORTED_OUT"", ""req_uri_additional_parameters"" : ""phone-context=+44"", ""comment"" : null, ""bcr_product"" : ""RETAIL"", ""bcr_region"" : null}"
,7728,"{""id"" : 7728, ""input_prefix"" : ""INPUT_PREFIX"", ""routing_prefix"" : null, ""output_prefix"" : ""OUTPUT_PREFIX"", ""portability_type"" : ""OBS_OWNER"", ""req_uri_additional_parameters"" : null, ""comment"" : ""XIP202004-00978"", ""bcr_product"" : ""RETAIL"", ""bcr_region"" : null}"
,7741,"{""id"" : 7741, ""input_prefix"" : ""INPUT_PREFIX"", ""routing_prefix"" : null, ""output_prefix"" : ""OUTPUT_PREFIX"", ""portability_type"" : ""OBS_OWNER"", ""req_uri_additional_parameters"" : null, ""comment"" : ""Test"", ""bcr_product"" : ""RETAIL"", ""bcr_region"" : null}"
,7803,"{""id"" : 7803, ""input_prefix"" : ""INPUT_PREFIX"", ""routing_prefix"" : null, ""output_prefix"" : ""OUTPUT_PREFIX"", ""portability_type"" : ""OBS_OWNER"", ""req_uri_additional_parameters"" : null, ""comment"" : ""Scam number India legal"", ""bcr_product"" : ""RETAIL"", ""bcr_region"" : null}"
,6237,"{""id"" : 6237, ""input_prefix"" : ""INPUT_PREFIX"", ""routing_prefix"" : ""phone-context=+44"", ""output_prefix"" : ""OUTPUT_PREFIX"", ""portability_type"" : ""PORTED_OUT"", ""req_uri_additional_parameters"" : ""phone-context=+44"", ""comment"" : null, ""bcr_product"" : ""RETAIL"", ""bcr_region"" : null}"
,6238,"{""id"" : 6238, ""input_prefix"" : ""INPUT_PREFIX"", ""routing_prefix"" : ""phone-context=+44"", ""output_prefix"" : ""OUTPUT_PREFIX"", ""portability_type"" : ""PORTED_OUT"", ""req_uri_additional_parameters"" : ""phone-context=+44"", ""comment"" : null, ""bcr_product"" : ""RETAIL"", ""bcr_region"" : null}"
,42,"{""id"" : 42, ""input_prefix"" : ""INPUT_PREFIX"", ""routing_prefix"" : ""phone-context=+44"", ""output_prefix"" : ""OUTPUT_PREFIX"", ""portability_type"" : ""PORTED_OUT"", ""req_uri_additional_parameters"" : ""phone-context=+44"", ""comment"" : null, ""bcr_product"" : ""RETAIL"", ""bcr_region"" : null}"
,7822,"{""id"" : 7822, ""input_prefix"" : ""INPUT_PREFIX"", ""routing_prefix"" : null, ""output_prefix"" : ""OUTPUT_PREFIX"", ""portability_type"" : ""OBS_OWNER"", ""req_uri_additional_parameters"" : null, ""comment"" : ""Scam number India legal"", ""bcr_product"" : ""RETAIL"", ""bcr_region"" : null}"
,8071,"{""id"" : 8071, ""input_prefix"" : ""INPUT_PREFIX"", ""routing_prefix"" : null, ""output_prefix"" : ""OUTPUT_PREFIX"", ""portability_type"" : ""OBS_OWNER"", ""req_uri_additional_parameters"" : null, ""comment"" : ""India legal scam number"", ""bcr_product"" : ""RETAIL"", ""bcr_region"" : null}"
,8073,"{""id"" : 8073, ""input_prefix"" : ""INPUT_PREFIX"", ""routing_prefix"" : null, ""output_prefix"" : ""OUTPUT_PREFIX"", ""portability_type"" : ""OBS_OWNER"", ""req_uri_additional_parameters"" : null, ""comment"" : ""India legal scam number"", ""bcr_product"" : ""RETAIL"", ""bcr_region"" : null}"
,8075,"{""id"" : 8075, ""input_prefix"" : ""INPUT_PREFIX"", ""routing_prefix"" : null, ""output_prefix"" : ""OUTPUT_PREFIX"", ""portability_type"" : ""OBS_OWNER"", ""req_uri_additional_parameters"" : null, ""comment"" : ""India legal scam number"", ""bcr_product"" : ""RETAIL"", ""bcr_region"" : null}"
,8076,"{""id"" : 8076, ""input_prefix"" : ""INPUT_PREFIX"", ""routing_prefix"" : null, ""output_prefix"" : ""OUTPUT_PREFIX"", ""portability_type"" : ""OBS_OWNER"", ""req_uri_additional_parameters"" : null, ""comment"" : ""India legal scam number"", ""bcr_product"" : ""RETAIL"", ""bcr_region"" : null}"
,7541,"{""id"" : 7541, ""input_prefix"" : ""INPUT_PREFIX"", ""routing_prefix"" : ""phone-context=+44"", ""output_prefix"" : ""OUTPUT_PREFIX"", ""portability_type"" : ""PORTED_OUT"", ""req_uri_additional_parameters"" : ""phone-context=+44"", ""comment"" : null, ""bcr_product"" : ""RETAIL"", ""bcr_region"" : null}"
,6292,"{""id"" : 6292, ""input_prefix"" : ""INPUT_PREFIX"", ""routing_prefix"" : ""phone-context=+44"", ""output_prefix"" : ""OUTPUT_PREFIX"", ""portability_type"" : ""PORTED_OUT"", ""req_uri_additional_parameters"" : ""phone-context=+44"", ""comment"" : null, ""bcr_product"" : ""RETAIL"", ""bcr_region"" : null}"
,6293,"{""id"" : 6293, ""input_prefix"" : ""INPUT_PREFIX"", ""routing_prefix"" : ""phone-context=+44"", ""output_prefix"" : ""OUTPUT_PREFIX"", ""portability_type"" : ""PORTED_OUT"", ""req_uri_additional_parameters"" : ""phone-context=+44"", ""comment"" : null, ""bcr_product"" : ""RETAIL"", ""bcr_region"" : null}"
,8077,"{""id"" : 8077, ""input_prefix"" : ""INPUT_PREFIX"", ""routing_prefix"" : null, ""output_prefix"" : ""OUTPUT_PREFIX"", ""portability_type"" : ""OBS_OWNER"", ""req_uri_additional_parameters"" : null, ""comment"" : ""India legal scam number"", ""bcr_product"" : ""RETAIL"", ""bcr_region"" : null}"
,8078,"{""id"" : 8078, ""input_prefix"" : ""INPUT_PREFIX"", ""routing_prefix"" : null, ""output_prefix"" : ""OUTPUT_PREFIX"", ""portability_type"" : ""OBS_OWNER"", ""req_uri_additional_parameters"" : null, ""comment"" : ""India legal scam number"", ""bcr_product"" : ""RETAIL"", ""bcr_region"" : null}"
,6296,"{""id"" : 6296, ""input_prefix"" : ""INPUT_PREFIX"", ""routing_prefix"" : ""phone-context=+44"", ""output_prefix"" : ""OUTPUT_PREFIX"", ""portability_type"" : ""PORTED_OUT"", ""req_uri_additional_parameters"" : ""phone-context=+44"", ""comment"" : null, ""bcr_product"" : ""RETAIL"", ""bcr_region"" : null}"
,6297,"{""id"" : 6297, ""input_prefix"" : ""INPUT_PREFIX"", ""routing_prefix"" : ""phone-context=+44"", ""output_prefix"" : ""OUTPUT_PREFIX"", ""portability_type"" : ""PORTED_OUT"", ""req_uri_additional_parameters"" : ""phone-context=+44"", ""comment"" : null, ""bcr_product"" : ""RETAIL"", ""bcr_region"" : null}"
,6298,"{""id"" : 6298, ""input_prefix"" : ""INPUT_PREFIX"", ""routing_prefix"" : ""phone-context=+44"", ""output_prefix"" : ""OUTPUT_PREFIX"", ""portability_type"" : ""PORTED_OUT"", ""req_uri_additional_parameters"" : ""phone-context=+44"", ""comment"" : null, ""bcr_product"" : ""RETAIL"", ""bcr_region"" : null}"
,8080,"{""id"" : 8080, ""input_prefix"" : ""INPUT_PREFIX"", ""routing_prefix"" : ""phone-context=national.3.PORprefix"", ""output_prefix"" : ""OUTPUT_PREFIX"", ""portability_type"" : ""PORTED_OUT"", ""req_uri_additional_parameters"" : ""phone-context=national.3.PORprefix"", ""comment"" : null, ""bcr_product"" : ""RETAIL"", ""bcr_region"" : null}"
,8089,"{""id"" : 8089, ""input_prefix"" : ""INPUT_PREFIX"", ""routing_prefix"" : null, ""output_prefix"" : ""OUTPUT_PREFIX"", ""portability_type"" : ""OBS_OWNER"", ""req_uri_additional_parameters"" : null, ""comment"" : ""India legal scam number"", ""bcr_product"" : ""RETAIL"", ""bcr_region"" : null}"
,6301,"{""id"" : 6301, ""input_prefix"" : ""INPUT_PREFIX"", ""routing_prefix"" : ""phone-context=+44"", ""output_prefix"" : ""OUTPUT_PREFIX"", ""portability_type"" : ""PORTED_OUT"", ""req_uri_additional_parameters"" : ""phone-context=+44"", ""comment"" : null, ""bcr_product"" : ""RETAIL"", ""bcr_region"" : null}"
,6302,"{""id"" : 6302, ""input_prefix"" : ""INPUT_PREFIX"", ""routing_prefix"" : ""phone-context=+44"", ""output_prefix"" : ""OUTPUT_PREFIX"", ""portability_type"" : ""PORTED_OUT"", ""req_uri_additional_parameters"" : ""phone-context=+44"", ""comment"" : null, ""bcr_product"" : ""RETAIL"", ""bcr_region"" : null}"
,6303,"{""id"" : 6303, ""input_prefix"" : ""INPUT_PREFIX"", ""routing_prefix"" : ""phone-context=+44"", ""output_prefix"" : ""OUTPUT_PREFIX"", ""portability_type"" : ""PORTED_OUT"", ""req_uri_additional_parameters"" : ""phone-context=+44"", ""comment"" : null, ""bcr_product"" : ""RETAIL"", ""bcr_region"" : null}"
,6304,"{""id"" : 6304, ""input_prefix"" : ""INPUT_PREFIX"", ""routing_prefix"" : ""phone-context=+44"", ""output_prefix"" : ""OUTPUT_PREFIX"", ""portability_type"" : ""PORTED_OUT"", ""req_uri_additional_parameters"" : ""phone-context=+44"", ""comment"" : null, ""bcr_product"" : ""RETAIL"", ""bcr_region"" : null}"
,6305,"{""id"" : 6305, ""input_prefix"" : ""INPUT_PREFIX"", ""routing_prefix"" : ""phone-context=+44"", ""output_prefix"" : ""OUTPUT_PREFIX"", ""portability_type"" : ""PORTED_OUT"", ""req_uri_additional_parameters"" : ""phone-context=+44"", ""comment"" : null, ""bcr_product"" : ""RETAIL"", ""bcr_region"" : null}"
,6306,"{""id"" : 6306, ""input_prefix"" : ""INPUT_PREFIX"", ""routing_prefix"" : ""phone-context=+44"", ""output_prefix"" : ""OUTPUT_PREFIX"", ""portability_type"" : ""PORTED_OUT"", ""req_uri_additional_parameters"" : ""phone-context=+44"", ""comment"" : null, ""bcr_product"" : ""RETAIL"", ""bcr_region"" : null}"
,6307,"{""id"" : 6307, ""input_prefix"" : ""INPUT_PREFIX"", ""routing_prefix"" : ""phone-context=+44"", ""output_prefix"" : ""OUTPUT_PREFIX"", ""portability_type"" : ""PORTED_OUT"", ""req_uri_additional_parameters"" : ""phone-context=+44"", ""comment"" : null, ""bcr_product"" : ""RETAIL"", ""bcr_region"" : null}"
,8385,"{""id"" : 8385, ""input_prefix"" : ""INPUT_PREFIX"", ""routing_prefix"" : null, ""output_prefix"" : ""OUTPUT_PREFIX"", ""portability_type"" : ""OBS_OWNER"", ""req_uri_additional_parameters"" : null, ""comment"" : ""India legal scam number"", ""bcr_product"" : ""RETAIL"", ""bcr_region"" : null}"
,8531,"{""id"" : 8531, ""input_prefix"" : ""INPUT_PREFIX"", ""routing_prefix"" : ""phone-context=+44"", ""output_prefix"" : ""OUTPUT_PREFIX"", ""portability_type"" : ""PORTED_OUT"", ""req_uri_additional_parameters"" : ""phone-context=+44"", ""comment"" : null, ""bcr_product"" : ""RETAIL"", ""bcr_region"" : null}"
,6310,"{""id"" : 6310, ""input_prefix"" : ""INPUT_PREFIX"", ""routing_prefix"" : ""phone-context=+44"", ""output_prefix"" : ""OUTPUT_PREFIX"", ""portability_type"" : ""PORTED_OUT"", ""req_uri_additional_parameters"" : ""phone-context=+44"", ""comment"" : null, ""bcr_product"" : ""RETAIL"", ""bcr_region"" : null}"
,8533,"{""id"" : 8533, ""input_prefix"" : ""INPUT_PREFIX"", ""routing_prefix"" : ""phone-context=+44"", ""output_prefix"" : ""OUTPUT_PREFIX"", ""portability_type"" : ""PORTED_OUT"", ""req_uri_additional_parameters"" : ""phone-context=+44"", ""comment"" : null, ""bcr_product"" : ""RETAIL"", ""bcr_region"" : null}"
,8943,"{""id"" : 8943, ""input_prefix"" : ""INPUT_PREFIX"", ""routing_prefix"" : ""phone-context=+44"", ""output_prefix"" : ""OUTPUT_PREFIX"", ""portability_type"" : ""PORTED_OUT"", ""req_uri_additional_parameters"" : ""phone-context=+44"", ""comment"" : null, ""bcr_product"" : ""RETAIL"", ""bcr_region"" : null}"
,9102,"{""id"" : 9102, ""input_prefix"" : ""INPUT_PREFIX"", ""routing_prefix"" : ""phone-context=+44"", ""output_prefix"" : ""OUTPUT_PREFIX"", ""portability_type"" : ""PORTED_OUT"", ""req_uri_additional_parameters"" : ""phone-context=+44"", ""comment"" : ""FW: PORTING on 24 july ACTION REQUIRED 44 (0) 2076601141 exporting from OBS to Colt on 24-06-2021 17:30 UK time"", ""bcr_product"" : ""RETAIL"", ""bcr_region"" : null}"
,6313,"{""id"" : 6313, ""input_prefix"" : ""INPUT_PREFIX"", ""routing_prefix"" : ""phone-context=+44"", ""output_prefix"" : ""OUTPUT_PREFIX"", ""portability_type"" : ""PORTED_OUT"", ""req_uri_additional_parameters"" : ""phone-context=+44"", ""comment"" : null, ""bcr_product"" : ""RETAIL"", ""bcr_region"" : null}"
,6240,"{""id"" : 6240, ""input_prefix"" : ""INPUT_PREFIX"", ""routing_prefix"" : ""phone-context=+44"", ""output_prefix"" : ""OUTPUT_PREFIX"", ""portability_type"" : ""PORTED_OUT"", ""req_uri_additional_parameters"" : ""phone-context=+44"", ""comment"" : null, ""bcr_product"" : ""RETAIL"", ""bcr_region"" : null}"
,6241,"{""id"" : 6241, ""input_prefix"" : ""INPUT_PREFIX"", ""routing_prefix"" : ""phone-context=+44"", ""output_prefix"" : ""OUTPUT_PREFIX"", ""portability_type"" : ""PORTED_OUT"", ""req_uri_additional_parameters"" : ""phone-context=+44"", ""comment"" : null, ""bcr_product"" : ""RETAIL"", ""bcr_region"" : null}"
,6242,"{""id"" : 6242, ""input_prefix"" : ""INPUT_PREFIX"", ""routing_prefix"" : ""phone-context=+44"", ""output_prefix"" : ""OUTPUT_PREFIX"", ""portability_type"" : ""PORTED_OUT"", ""req_uri_additional_parameters"" : ""phone-context=+44"", ""comment"" : null, ""bcr_product"" : ""RETAIL"", ""bcr_region"" : null}"
,6244,"{""id"" : 6244, ""input_prefix"" : ""INPUT_PREFIX"", ""routing_prefix"" : ""phone-context=+44"", ""output_prefix"" : ""OUTPUT_PREFIX"", ""portability_type"" : ""PORTED_OUT"", ""req_uri_additional_parameters"" : ""phone-context=+44"", ""comment"" : null, ""bcr_product"" : ""RETAIL"", ""bcr_region"" : null}"
,6247,"{""id"" : 6247, ""input_prefix"" : ""INPUT_PREFIX"", ""routing_prefix"" : ""phone-context=+44"", ""output_prefix"" : ""OUTPUT_PREFIX"", ""portability_type"" : ""PORTED_OUT"", ""req_uri_additional_parameters"" : ""phone-context=+44"", ""comment"" : null, ""bcr_product"" : ""RETAIL"", ""bcr_region"" : null}"
,6249,"{""id"" : 6249, ""input_prefix"" : ""INPUT_PREFIX"", ""routing_prefix"" : ""phone-context=+44"", ""output_prefix"" : ""OUTPUT_PREFIX"", ""portability_type"" : ""PORTED_OUT"", ""req_uri_additional_parameters"" : ""phone-context=+44"", ""comment"" : null, ""bcr_product"" : ""RETAIL"", ""bcr_region"" : null}"
,6250,"{""id"" : 6250, ""input_prefix"" : ""INPUT_PREFIX"", ""routing_prefix"" : ""phone-context=+44"", ""output_prefix"" : ""OUTPUT_PREFIX"", ""portability_type"" : ""PORTED_OUT"", ""req_uri_additional_parameters"" : ""phone-context=+44"", ""comment"" : null, ""bcr_product"" : ""RETAIL"", ""bcr_region"" : null}"
,6251,"{""id"" : 6251, ""input_prefix"" : ""INPUT_PREFIX"", ""routing_prefix"" : ""phone-context=+44"", ""output_prefix"" : ""OUTPUT_PREFIX"", ""portability_type"" : ""PORTED_OUT"", ""req_uri_additional_parameters"" : ""phone-context=+44"", ""comment"" : null, ""bcr_product"" : ""RETAIL"", ""bcr_region"" : null}"
,6252,"{""id"" : 6252, ""input_prefix"" : ""INPUT_PREFIX"", ""routing_prefix"" : ""phone-context=+44"", ""output_prefix"" : ""OUTPUT_PREFIX"", ""portability_type"" : ""PORTED_OUT"", ""req_uri_additional_parameters"" : ""phone-context=+44"", ""comment"" : null, ""bcr_product"" : ""RETAIL"", ""bcr_region"" : null}"
,6253,"{""id"" : 6253, ""input_prefix"" : ""INPUT_PREFIX"", ""routing_prefix"" : ""phone-context=+44"", ""output_prefix"" : ""OUTPUT_PREFIX"", ""portability_type"" : ""PORTED_OUT"", ""req_uri_additional_parameters"" : ""phone-context=+44"", ""comment"" : null, ""bcr_product"" : ""RETAIL"", ""bcr_region"" : null}"
,6254,"{""id"" : 6254, ""input_prefix"" : ""INPUT_PREFIX"", ""routing_prefix"" : ""phone-context=+44"", ""output_prefix"" : ""OUTPUT_PREFIX"", ""portability_type"" : ""PORTED_OUT"", ""req_uri_additional_parameters"" : ""phone-context=+44"", ""comment"" : null, ""bcr_product"" : ""RETAIL"", ""bcr_region"" : null}"
,6255,"{""id"" : 6255, ""input_prefix"" : ""INPUT_PREFIX"", ""routing_prefix"" : ""phone-context=+44"", ""output_prefix"" : ""OUTPUT_PREFIX"", ""portability_type"" : ""PORTED_OUT"", ""req_uri_additional_parameters"" : ""phone-context=+44"", ""comment"" : null, ""bcr_product"" : ""RETAIL"", ""bcr_region"" : null}"
,6256,"{""id"" : 6256, ""input_prefix"" : ""INPUT_PREFIX"", ""routing_prefix"" : ""phone-context=+44"", ""output_prefix"" : ""OUTPUT_PREFIX"", ""portability_type"" : ""PORTED_OUT"", ""req_uri_additional_parameters"" : ""phone-context=+44"", ""comment"" : null, ""bcr_product"" : ""RETAIL"", ""bcr_region"" : null}"
,6257,"{""id"" : 6257, ""input_prefix"" : ""INPUT_PREFIX"", ""routing_prefix"" : ""phone-context=+44"", ""output_prefix"" : ""OUTPUT_PREFIX"", ""portability_type"" : ""PORTED_OUT"", ""req_uri_additional_parameters"" : ""phone-context=+44"", ""comment"" : null, ""bcr_product"" : ""RETAIL"", ""bcr_region"" : null}"
,9180,"{""id"" : 9180, ""input_prefix"" : ""INPUT_PREFIX"", ""routing_prefix"" : ""phone-context=+44"", ""output_prefix"" : ""OUTPUT_PREFIX"", ""portability_type"" : ""PORTED_OUT"", ""req_uri_additional_parameters"" : ""phone-context=+44"", ""comment"" : null, ""bcr_product"" : ""RETAIL"", ""bcr_region"" : null}"
,9178,"{""id"" : 9178, ""input_prefix"" : ""INPUT_PREFIX"", ""routing_prefix"" : ""phone-context=+44"", ""output_prefix"" : ""OUTPUT_PREFIX"", ""portability_type"" : ""PORTED_OUT"", ""req_uri_additional_parameters"" : ""phone-context=+44"", ""comment"" : null, ""bcr_product"" : ""RETAIL"", ""bcr_region"" : null}"
,106,"{""id"" : 106, ""input_prefix"" : ""INPUT_PREFIX"", ""routing_prefix"" : null, ""output_prefix"" : ""OUTPUT_PREFIX"", ""portability_type"" : ""PORTED_OUT"", ""req_uri_additional_parameters"" : null, ""comment"" : null, ""bcr_product"" : ""RETAIL"", ""bcr_region"" : null}"
,9179,"{""id"" : 9179, ""input_prefix"" : ""INPUT_PREFIX"", ""routing_prefix"" : ""phone-context=+44"", ""output_prefix"" : ""OUTPUT_PREFIX"", ""portability_type"" : ""PORTED_OUT"", ""req_uri_additional_parameters"" : ""phone-context=+44"", ""comment"" : null, ""bcr_product"" : ""RETAIL"", ""bcr_region"" : null}"
,9226,"{""id"" : 9226, ""input_prefix"" : ""INPUT_PREFIX"", ""routing_prefix"" : null, ""output_prefix"" : ""OUTPUT_PREFIX"", ""portability_type"" : ""PORTED_OUT"", ""req_uri_additional_parameters"" : null, ""comment"" : null, ""bcr_product"" : ""RETAIL"", ""bcr_region"" : null}"
,277,"{""id"" : 277, ""input_prefix"" : ""INPUT_PREFIX"", ""routing_prefix"" : ""phone-context=internat.4.PORprefix"", ""output_prefix"" : ""OUTPUT_PREFIX"", ""portability_type"" : ""PORTED_OUT"", ""req_uri_additional_parameters"" : ""phone-context=internat.4.PORprefix"", ""comment"" : ""BCR in Hookah port out 3271989999 051120113271989999f internat"", ""bcr_product"" : ""RETAIL"", ""bcr_region"" : null}"
,12291,"{""id"" : 12291, ""input_prefix"" : ""INPUT_PREFIX"", ""routing_prefix"" : ""phone-context=national.3.PORprefix"", ""output_prefix"" : ""OUTPUT_PREFIX"", ""portability_type"" : ""PORTED_OUT"", ""req_uri_additional_parameters"" : ""phone-context=national.3.PORprefix"", ""comment"" : null, ""bcr_product"" : ""RETAIL"", ""bcr_region"" : null}"
,12295,"{""id"" : 12295, ""input_prefix"" : ""INPUT_PREFIX"", ""routing_prefix"" : null, ""output_prefix"" : ""OUTPUT_PREFIX"", ""portability_type"" : ""PORTED_OUT"", ""req_uri_additional_parameters"" : null, ""comment"" : null, ""bcr_product"" : ""RETAIL"", ""bcr_region"" : null}"
,12328,"{""id"" : 12328, ""input_prefix"" : ""INPUT_PREFIX"", ""routing_prefix"" : null, ""output_prefix"" : ""OUTPUT_PREFIX"", ""portability_type"" : ""PORTED_OUT"", ""req_uri_additional_parameters"" : null, ""comment"" : ""Bjørn Ole Johannesen  8000567046535"", ""bcr_product"" : ""RETAIL"", ""bcr_region"" : null}"
,12334,"{""id"" : 12334, ""input_prefix"" : ""INPUT_PREFIX"", ""routing_prefix"" : null, ""output_prefix"" : ""OUTPUT_PREFIX"", ""portability_type"" : ""PORTED_OUT"", ""req_uri_additional_parameters"" : null, ""comment"" : ""Bjørn Ole Johannesen  8000567051568"", ""bcr_product"" : ""RETAIL"", ""bcr_region"" : null}"
,6258,"{""id"" : 6258, ""input_prefix"" : ""INPUT_PREFIX"", ""routing_prefix"" : ""phone-context=+44"", ""output_prefix"" : ""OUTPUT_PREFIX"", ""portability_type"" : ""PORTED_OUT"", ""req_uri_additional_parameters"" : ""phone-context=+44"", ""comment"" : null, ""bcr_product"" : ""RETAIL"", ""bcr_region"" : null}"
,267,"{""id"" : 267, ""input_prefix"" : ""INPUT_PREFIX"", ""routing_prefix"" : ""phone-context=internat.4.PORprefix"", ""output_prefix"" : ""OUTPUT_PREFIX"", ""portability_type"" : ""PORTED_OUT"", ""req_uri_additional_parameters"" : ""phone-context=internat.4.PORprefix"", ""comment"" : ""BCR in Hookah port out 3226439598 051120113226439598f internat"", ""bcr_product"" : ""RETAIL"", ""bcr_region"" : null}"
,268,"{""id"" : 268, ""input_prefix"" : ""INPUT_PREFIX"", ""routing_prefix"" : ""phone-context=internat.4.PORprefix"", ""output_prefix"" : ""OUTPUT_PREFIX"", ""portability_type"" : ""PORTED_OUT"", ""req_uri_additional_parameters"" : ""phone-context=internat.4.PORprefix"", ""comment"" : ""BCR in Hookah port out 3228149999 051120113228149999f internat"", ""bcr_product"" : ""RETAIL"", ""bcr_region"" : null}"
,9239,"{""id"" : 9239, ""input_prefix"" : ""INPUT_PREFIX"", ""routing_prefix"" : null, ""output_prefix"" : ""OUTPUT_PREFIX"", ""portability_type"" : ""OBS_OWNER"", ""req_uri_additional_parameters"" : null, ""comment"" : null, ""bcr_product"" : ""RETAIL"", ""bcr_region"" : null}"
,9242,"{""id"" : 9242, ""input_prefix"" : ""INPUT_PREFIX"", ""routing_prefix"" : null, ""output_prefix"" : ""OUTPUT_PREFIX"", ""portability_type"" : ""OBS_OWNER"", ""req_uri_additional_parameters"" : null, ""comment"" : null, ""bcr_product"" : ""RETAIL"", ""bcr_region"" : null}"
,9245,"{""id"" : 9245, ""input_prefix"" : ""INPUT_PREFIX"", ""routing_prefix"" : null, ""output_prefix"" : ""OUTPUT_PREFIX"", ""portability_type"" : ""OBS_OWNER"", ""req_uri_additional_parameters"" : null, ""comment"" : null, ""bcr_product"" : ""RETAIL"", ""bcr_region"" : null}"
,12335,"{""id"" : 12335, ""input_prefix"" : ""INPUT_PREFIX"", ""routing_prefix"" : null, ""output_prefix"" : ""OUTPUT_PREFIX"", ""portability_type"" : ""PORTED_OUT"", ""req_uri_additional_parameters"" : null, ""comment"" : ""Bjørn Ole Johannesen"", ""bcr_product"" : ""RETAIL"", ""bcr_region"" : null}"
,12339,"{""id"" : 12339, ""input_prefix"" : ""INPUT_PREFIX"", ""routing_prefix"" : null, ""output_prefix"" : ""OUTPUT_PREFIX"", ""portability_type"" : ""PORTED_OUT"", ""req_uri_additional_parameters"" : null, ""comment"" : ""Bjørn Ole Johannesen"", ""bcr_product"" : ""RETAIL"", ""bcr_region"" : null}"
,12345,"{""id"" : 12345, ""input_prefix"" : ""INPUT_PREFIX"", ""routing_prefix"" : null, ""output_prefix"" : ""OUTPUT_PREFIX"", ""portability_type"" : ""PORTED_OUT"", ""req_uri_additional_parameters"" : null, ""comment"" : ""Bjørn Ole Johannesen"", ""bcr_product"" : ""RETAIL"", ""bcr_region"" : null}"
,12353,"{""id"" : 12353, ""input_prefix"" : ""INPUT_PREFIX"", ""routing_prefix"" : null, ""output_prefix"" : ""OUTPUT_PREFIX"", ""portability_type"" : ""PORTED_OUT"", ""req_uri_additional_parameters"" : null, ""comment"" : ""sss"", ""bcr_product"" : ""RETAIL"", ""bcr_region"" : null}"
,12359,"{""id"" : 12359, ""input_prefix"" : ""INPUT_PREFIX"", ""routing_prefix"" : null, ""output_prefix"" : ""OUTPUT_PREFIX"", ""portability_type"" : ""PORTED_OUT"", ""req_uri_additional_parameters"" : null, ""comment"" : ""sss"", ""bcr_product"" : ""RETAIL"", ""bcr_region"" : null}"
,12364,"{""id"" : 12364, ""input_prefix"" : ""INPUT_PREFIX"", ""routing_prefix"" : null, ""output_prefix"" : ""OUTPUT_PREFIX"", ""portability_type"" : ""OBS_OWNER"", ""req_uri_additional_parameters"" : null, ""comment"" : null, ""bcr_product"" : ""RETAIL"", ""bcr_region"" : null}"
,12386,"{""id"" : 12386, ""input_prefix"" : ""INPUT_PREFIX"", ""routing_prefix"" : null, ""output_prefix"" : ""OUTPUT_PREFIX"", ""portability_type"" : ""PORTED_OUT"", ""req_uri_additional_parameters"" : null, ""comment"" : ""RE: Norway - NRDB Porting-Out Order: APPROCHE SUR MESURE (A.S.M.), Single number +4723502472  Req date: 14-11-2022 10:00 CET LT (11:00 UTC)"", ""bcr_product"" : ""RETAIL"", ""bcr_region"" : null}"
,12422,"{""id"" : 12422, ""input_prefix"" : ""INPUT_PREFIX"", ""routing_prefix"" : null, ""output_prefix"" : ""OUTPUT_PREFIX"", ""portability_type"" : ""PORTED_OUT"", ""req_uri_additional_parameters"" : null, ""comment"" : null, ""bcr_product"" : ""RETAIL"", ""bcr_region"" : null}"
,9344,"{""id"" : 9344, ""input_prefix"" : ""INPUT_PREFIX"", ""routing_prefix"" : ""phone-context=national.3.PORprefix"", ""output_prefix"" : ""OUTPUT_PREFIX"", ""portability_type"" : ""PORTED_OUT"", ""req_uri_additional_parameters"" : ""phone-context=national.3.PORprefix"", ""comment"" : null, ""bcr_product"" : ""RETAIL"", ""bcr_region"" : null}"
,9415,"{""id"" : 9415, ""input_prefix"" : ""INPUT_PREFIX"", ""routing_prefix"" : ""phone-context=national.3.PORprefix"", ""output_prefix"" : ""OUTPUT_PREFIX"", ""portability_type"" : ""PORTED_OUT"", ""req_uri_additional_parameters"" : ""phone-context=national.3.PORprefix"", ""comment"" : null, ""bcr_product"" : ""RETAIL"", ""bcr_region"" : null}"
,9416,"{""id"" : 9416, ""input_prefix"" : ""INPUT_PREFIX"", ""routing_prefix"" : ""phone-context=national.3.PORprefix"", ""output_prefix"" : ""OUTPUT_PREFIX"", ""portability_type"" : ""PORTED_OUT"", ""req_uri_additional_parameters"" : ""phone-context=national.3.PORprefix"", ""comment"" : null, ""bcr_product"" : ""RETAIL"", ""bcr_region"" : null}"
,9422,"{""id"" : 9422, ""input_prefix"" : ""INPUT_PREFIX"", ""routing_prefix"" : null, ""output_prefix"" : ""OUTPUT_PREFIX"", ""portability_type"" : ""OBS_OWNER"", ""req_uri_additional_parameters"" : null, ""comment"" : ""CLEANUP  3210224126"", ""bcr_product"" : ""RETAIL"", ""bcr_region"" : null}"
,9427,"{""id"" : 9427, ""input_prefix"" : ""INPUT_PREFIX"", ""routing_prefix"" : null, ""output_prefix"" : ""OUTPUT_PREFIX"", ""portability_type"" : ""OBS_OWNER"", ""req_uri_additional_parameters"" : null, ""comment"" : ""CLEANUP  321023705"", ""bcr_product"" : ""RETAIL"", ""bcr_region"" : null}"
,6259,"{""id"" : 6259, ""input_prefix"" : ""INPUT_PREFIX"", ""routing_prefix"" : ""phone-context=+44"", ""output_prefix"" : ""OUTPUT_PREFIX"", ""portability_type"" : ""PORTED_OUT"", ""req_uri_additional_parameters"" : ""phone-context=+44"", ""comment"" : null, ""bcr_product"" : ""RETAIL"", ""bcr_region"" : null}"
,6260,"{""id"" : 6260, ""input_prefix"" : ""INPUT_PREFIX"", ""routing_prefix"" : ""phone-context=+44"", ""output_prefix"" : ""OUTPUT_PREFIX"", ""portability_type"" : ""PORTED_OUT"", ""req_uri_additional_parameters"" : ""phone-context=+44"", ""comment"" : null, ""bcr_product"" : ""RETAIL"", ""bcr_region"" : null}"
,6261,"{""id"" : 6261, ""input_prefix"" : ""INPUT_PREFIX"", ""routing_prefix"" : ""phone-context=+44"", ""output_prefix"" : ""OUTPUT_PREFIX"", ""portability_type"" : ""PORTED_OUT"", ""req_uri_additional_parameters"" : ""phone-context=+44"", ""comment"" : null, ""bcr_product"" : ""RETAIL"", ""bcr_region"" : null}"
,6262,"{""id"" : 6262, ""input_prefix"" : ""INPUT_PREFIX"", ""routing_prefix"" : ""phone-context=+44"", ""output_prefix"" : ""OUTPUT_PREFIX"", ""portability_type"" : ""PORTED_OUT"", ""req_uri_additional_parameters"" : ""phone-context=+44"", ""comment"" : null, ""bcr_product"" : ""RETAIL"", ""bcr_region"" : null}"
,6264,"{""id"" : 6264, ""input_prefix"" : ""INPUT_PREFIX"", ""routing_prefix"" : ""phone-context=+44"", ""output_prefix"" : ""OUTPUT_PREFIX"", ""portability_type"" : ""PORTED_OUT"", ""req_uri_additional_parameters"" : ""phone-context=+44"", ""comment"" : null, ""bcr_product"" : ""RETAIL"", ""bcr_region"" : null}"
,6265,"{""id"" : 6265, ""input_prefix"" : ""INPUT_PREFIX"", ""routing_prefix"" : ""phone-context=+44"", ""output_prefix"" : ""OUTPUT_PREFIX"", ""portability_type"" : ""PORTED_OUT"", ""req_uri_additional_parameters"" : ""phone-context=+44"", ""comment"" : null, ""bcr_product"" : ""RETAIL"", ""bcr_region"" : null}"
,6267,"{""id"" : 6267, ""input_prefix"" : ""INPUT_PREFIX"", ""routing_prefix"" : ""phone-context=+44"", ""output_prefix"" : ""OUTPUT_PREFIX"", ""portability_type"" : ""PORTED_OUT"", ""req_uri_additional_parameters"" : ""phone-context=+44"", ""comment"" : null, ""bcr_product"" : ""RETAIL"", ""bcr_region"" : null}"
,6268,"{""id"" : 6268, ""input_prefix"" : ""INPUT_PREFIX"", ""routing_prefix"" : ""phone-context=+44"", ""output_prefix"" : ""OUTPUT_PREFIX"", ""portability_type"" : ""PORTED_OUT"", ""req_uri_additional_parameters"" : ""phone-context=+44"", ""comment"" : null, ""bcr_product"" : ""RETAIL"", ""bcr_region"" : null}"
,6269,"{""id"" : 6269, ""input_prefix"" : ""INPUT_PREFIX"", ""routing_prefix"" : ""phone-context=+44"", ""output_prefix"" : ""OUTPUT_PREFIX"", ""portability_type"" : ""PORTED_OUT"", ""req_uri_additional_parameters"" : ""phone-context=+44"", ""comment"" : null, ""bcr_product"" : ""RETAIL"", ""bcr_region"" : null}"
,9393,"{""id"" : 9393, ""input_prefix"" : ""INPUT_PREFIX"", ""routing_prefix"" : null, ""output_prefix"" : ""OUTPUT_PREFIX"", ""portability_type"" : ""OBS_OWNER"", ""req_uri_additional_parameters"" : null, ""comment"" : null, ""bcr_product"" : ""RETAIL"", ""bcr_region"" : null}"
,9399,"{""id"" : 9399, ""input_prefix"" : ""INPUT_PREFIX"", ""routing_prefix"" : null, ""output_prefix"" : ""OUTPUT_PREFIX"", ""portability_type"" : ""OBS_OWNER"", ""req_uri_additional_parameters"" : null, ""comment"" : null, ""bcr_product"" : ""RETAIL"", ""bcr_region"" : null}"
,9402,"{""id"" : 9402, ""input_prefix"" : ""INPUT_PREFIX"", ""routing_prefix"" : null, ""output_prefix"" : ""OUTPUT_PREFIX"", ""portability_type"" : ""OBS_OWNER"", ""req_uri_additional_parameters"" : null, ""comment"" : null, ""bcr_product"" : ""RETAIL"", ""bcr_region"" : null}"
,9408,"{""id"" : 9408, ""input_prefix"" : ""INPUT_PREFIX"", ""routing_prefix"" : null, ""output_prefix"" : ""OUTPUT_PREFIX"", ""portability_type"" : ""OBS_OWNER"", ""req_uri_additional_parameters"" : null, ""comment"" : null, ""bcr_product"" : ""RETAIL"", ""bcr_region"" : null}"
,9413,"{""id"" : 9413, ""input_prefix"" : ""INPUT_PREFIX"", ""routing_prefix"" : null, ""output_prefix"" : ""OUTPUT_PREFIX"", ""portability_type"" : ""PORTED_OUT"", ""req_uri_additional_parameters"" : null, ""comment"" : null, ""bcr_product"" : ""RETAIL"", ""bcr_region"" : null}"
,9432,"{""id"" : 9432, ""input_prefix"" : ""INPUT_PREFIX"", ""routing_prefix"" : null, ""output_prefix"" : ""OUTPUT_PREFIX"", ""portability_type"" : ""OBS_OWNER"", ""req_uri_additional_parameters"" : null, ""comment"" : ""CLEANUP  3211224611"", ""bcr_product"" : ""RETAIL"", ""bcr_region"" : null}"
,9437,"{""id"" : 9437, ""input_prefix"" : ""INPUT_PREFIX"", ""routing_prefix"" : null, ""output_prefix"" : ""OUTPUT_PREFIX"", ""portability_type"" : ""OBS_OWNER"", ""req_uri_additional_parameters"" : null, ""comment"" : ""CLEANUP  321127871"", ""bcr_product"" : ""RETAIL"", ""bcr_region"" : null}"
,9442,"{""id"" : 9442, ""input_prefix"" : ""INPUT_PREFIX"", ""routing_prefix"" : null, ""output_prefix"" : ""OUTPUT_PREFIX"", ""portability_type"" : ""OBS_OWNER"", ""req_uri_additional_parameters"" : null, ""comment"" : ""CLEANUP  321134960"", ""bcr_product"" : ""RETAIL"", ""bcr_region"" : null}"
,9447,"{""id"" : 9447, ""input_prefix"" : ""INPUT_PREFIX"", ""routing_prefix"" : null, ""output_prefix"" : ""OUTPUT_PREFIX"", ""portability_type"" : ""OBS_OWNER"", ""req_uri_additional_parameters"" : null, ""comment"" : ""CLEANUP  321134965"", ""bcr_product"" : ""RETAIL"", ""bcr_region"" : null}"
,9452,"{""id"" : 9452, ""input_prefix"" : ""INPUT_PREFIX"", ""routing_prefix"" : null, ""output_prefix"" : ""OUTPUT_PREFIX"", ""portability_type"" : ""OBS_OWNER"", ""req_uri_additional_parameters"" : null, ""comment"" : ""CLEANUP  32135004"", ""bcr_product"" : ""RETAIL"", ""bcr_region"" : null}"
,9457,"{""id"" : 9457, ""input_prefix"" : ""INPUT_PREFIX"", ""routing_prefix"" : null, ""output_prefix"" : ""OUTPUT_PREFIX"", ""portability_type"" : ""OBS_OWNER"", ""req_uri_additional_parameters"" : null, ""comment"" : ""CLEANUP  3213530294"", ""bcr_product"" : ""RETAIL"", ""bcr_region"" : null}"
,9462,"{""id"" : 9462, ""input_prefix"" : ""INPUT_PREFIX"", ""routing_prefix"" : null, ""output_prefix"" : ""OUTPUT_PREFIX"", ""portability_type"" : ""OBS_OWNER"", ""req_uri_additional_parameters"" : null, ""comment"" : ""CLEANUP  321367933"", ""bcr_product"" : ""RETAIL"", ""bcr_region"" : null}"
,9467,"{""id"" : 9467, ""input_prefix"" : ""INPUT_PREFIX"", ""routing_prefix"" : null, ""output_prefix"" : ""OUTPUT_PREFIX"", ""portability_type"" : ""OBS_OWNER"", ""req_uri_additional_parameters"" : null, ""comment"" : ""CLEANUP  3214410316"", ""bcr_product"" : ""RETAIL"", ""bcr_region"" : null}"
,6274,"{""id"" : 6274, ""input_prefix"" : ""INPUT_PREFIX"", ""routing_prefix"" : ""phone-context=+44"", ""output_prefix"" : ""OUTPUT_PREFIX"", ""portability_type"" : ""PORTED_OUT"", ""req_uri_additional_parameters"" : ""phone-context=+44"", ""comment"" : null, ""bcr_product"" : ""RETAIL"", ""bcr_region"" : null}"
,6275,"{""id"" : 6275, ""input_prefix"" : ""INPUT_PREFIX"", ""routing_prefix"" : ""phone-context=+44"", ""output_prefix"" : ""OUTPUT_PREFIX"", ""portability_type"" : ""PORTED_OUT"", ""req_uri_additional_parameters"" : ""phone-context=+44"", ""comment"" : null, ""bcr_product"" : ""RETAIL"", ""bcr_region"" : null}"
,6276,"{""id"" : 6276, ""input_prefix"" : ""INPUT_PREFIX"", ""routing_prefix"" : ""phone-context=+44"", ""output_prefix"" : ""OUTPUT_PREFIX"", ""portability_type"" : ""PORTED_OUT"", ""req_uri_additional_parameters"" : ""phone-context=+44"", ""comment"" : null, ""bcr_product"" : ""RETAIL"", ""bcr_region"" : null}"
,9472,"{""id"" : 9472, ""input_prefix"" : ""INPUT_PREFIX"", ""routing_prefix"" : null, ""output_prefix"" : ""OUTPUT_PREFIX"", ""portability_type"" : ""OBS_OWNER"", ""req_uri_additional_parameters"" : null, ""comment"" : ""CLEANUP  3214605"", ""bcr_product"" : ""RETAIL"", ""bcr_region"" : null}"
,6277,"{""id"" : 6277, ""input_prefix"" : ""INPUT_PREFIX"", ""routing_prefix"" : ""phone-context=+44"", ""output_prefix"" : ""OUTPUT_PREFIX"", ""portability_type"" : ""PORTED_OUT"", ""req_uri_additional_parameters"" : ""phone-context=+44"", ""comment"" : null, ""bcr_product"" : ""RETAIL"", ""bcr_region"" : null}"
,6278,"{""id"" : 6278, ""input_prefix"" : ""INPUT_PREFIX"", ""routing_prefix"" : ""phone-context=+44"", ""output_prefix"" : ""OUTPUT_PREFIX"", ""portability_type"" : ""PORTED_OUT"", ""req_uri_additional_parameters"" : ""phone-context=+44"", ""comment"" : null, ""bcr_product"" : ""RETAIL"", ""bcr_region"" : null}"
,6279,"{""id"" : 6279, ""input_prefix"" : ""INPUT_PREFIX"", ""routing_prefix"" : ""phone-context=+44"", ""output_prefix"" : ""OUTPUT_PREFIX"", ""portability_type"" : ""PORTED_OUT"", ""req_uri_additional_parameters"" : ""phone-context=+44"", ""comment"" : null, ""bcr_product"" : ""RETAIL"", ""bcr_region"" : null}"
,6280,"{""id"" : 6280, ""input_prefix"" : ""INPUT_PREFIX"", ""routing_prefix"" : ""phone-context=+44"", ""output_prefix"" : ""OUTPUT_PREFIX"", ""portability_type"" : ""PORTED_OUT"", ""req_uri_additional_parameters"" : ""phone-context=+44"", ""comment"" : null, ""bcr_product"" : ""RETAIL"", ""bcr_region"" : null}"
,9477,"{""id"" : 9477, ""input_prefix"" : ""INPUT_PREFIX"", ""routing_prefix"" : null, ""output_prefix"" : ""OUTPUT_PREFIX"", ""portability_type"" : ""OBS_OWNER"", ""req_uri_additional_parameters"" : null, ""comment"" : ""CLEANUP  32152151"", ""bcr_product"" : ""RETAIL"", ""bcr_region"" : null}"
,6282,"{""id"" : 6282, ""input_prefix"" : ""INPUT_PREFIX"", ""routing_prefix"" : ""phone-context=+44"", ""output_prefix"" : ""OUTPUT_PREFIX"", ""portability_type"" : ""PORTED_OUT"", ""req_uri_additional_parameters"" : ""phone-context=+44"", ""comment"" : null, ""bcr_product"" : ""RETAIL"", ""bcr_region"" : null}"
,9482,"{""id"" : 9482, ""input_prefix"" : ""INPUT_PREFIX"", ""routing_prefix"" : null, ""output_prefix"" : ""OUTPUT_PREFIX"", ""portability_type"" : ""OBS_OWNER"", ""req_uri_additional_parameters"" : null, ""comment"" : ""CLEANUP  321529421"", ""bcr_product"" : ""RETAIL"", ""bcr_region"" : null}"
,9487,"{""id"" : 9487, ""input_prefix"" : ""INPUT_PREFIX"", ""routing_prefix"" : null, ""output_prefix"" : ""OUTPUT_PREFIX"", ""portability_type"" : ""OBS_OWNER"", ""req_uri_additional_parameters"" : null, ""comment"" : ""CLEANUP  3215405121"", ""bcr_product"" : ""RETAIL"", ""bcr_region"" : null}"
,6285,"{""id"" : 6285, ""input_prefix"" : ""INPUT_PREFIX"", ""routing_prefix"" : ""phone-context=+44"", ""output_prefix"" : ""OUTPUT_PREFIX"", ""portability_type"" : ""PORTED_OUT"", ""req_uri_additional_parameters"" : ""phone-context=+44"", ""comment"" : null, ""bcr_product"" : ""RETAIL"", ""bcr_region"" : null}"
,6286,"{""id"" : 6286, ""input_prefix"" : ""INPUT_PREFIX"", ""routing_prefix"" : ""phone-context=+44"", ""output_prefix"" : ""OUTPUT_PREFIX"", ""portability_type"" : ""PORTED_OUT"", ""req_uri_additional_parameters"" : ""phone-context=+44"", ""comment"" : null, ""bcr_product"" : ""RETAIL"", ""bcr_region"" : null}"
,6287,"{""id"" : 6287, ""input_prefix"" : ""INPUT_PREFIX"", ""routing_prefix"" : ""phone-context=+44"", ""output_prefix"" : ""OUTPUT_PREFIX"", ""portability_type"" : ""PORTED_OUT"", ""req_uri_additional_parameters"" : ""phone-context=+44"", ""comment"" : null, ""bcr_product"" : ""RETAIL"", ""bcr_region"" : null}"
,6288,"{""id"" : 6288, ""input_prefix"" : ""INPUT_PREFIX"", ""routing_prefix"" : ""phone-context=+44"", ""output_prefix"" : ""OUTPUT_PREFIX"", ""portability_type"" : ""PORTED_OUT"", ""req_uri_additional_parameters"" : ""phone-context=+44"", ""comment"" : null, ""bcr_product"" : ""RETAIL"", ""bcr_region"" : null}"
,6289,"{""id"" : 6289, ""input_prefix"" : ""INPUT_PREFIX"", ""routing_prefix"" : ""phone-context=+44"", ""output_prefix"" : ""OUTPUT_PREFIX"", ""portability_type"" : ""PORTED_OUT"", ""req_uri_additional_parameters"" : ""phone-context=+44"", ""comment"" : null, ""bcr_product"" : ""RETAIL"", ""bcr_region"" : null}"
,9492,"{""id"" : 9492, ""input_prefix"" : ""INPUT_PREFIX"", ""routing_prefix"" : null, ""output_prefix"" : ""OUTPUT_PREFIX"", ""portability_type"" : ""OBS_OWNER"", ""req_uri_additional_parameters"" : null, ""comment"" : ""CLEANUP  32154738"", ""bcr_product"" : ""RETAIL"", ""bcr_region"" : null}"
,9497,"{""id"" : 9497, ""input_prefix"" : ""INPUT_PREFIX"", ""routing_prefix"" : null, ""output_prefix"" : ""OUTPUT_PREFIX"", ""portability_type"" : ""OBS_OWNER"", ""req_uri_additional_parameters"" : null, ""comment"" : ""CLEANUP  3216258788"", ""bcr_product"" : ""RETAIL"", ""bcr_region"" : null}"
,9502,"{""id"" : 9502, ""input_prefix"" : ""INPUT_PREFIX"", ""routing_prefix"" : null, ""output_prefix"" : ""OUTPUT_PREFIX"", ""portability_type"" : ""OBS_OWNER"", ""req_uri_additional_parameters"" : null, ""comment"" : ""CLEANUP  3216300125"", ""bcr_product"" : ""RETAIL"", ""bcr_region"" : null}"
,6722,"{""id"" : 6722, ""input_prefix"" : ""INPUT_PREFIX"", ""routing_prefix"" : null, ""output_prefix"" : ""OUTPUT_PREFIX"", ""portability_type"" : ""OBS_OWNER"", ""req_uri_additional_parameters"" : null, ""comment"" : ""Block from Neo"", ""bcr_product"" : ""RETAIL"", ""bcr_region"" : null}"
,9507,"{""id"" : 9507, ""input_prefix"" : ""INPUT_PREFIX"", ""routing_prefix"" : null, ""output_prefix"" : ""OUTPUT_PREFIX"", ""portability_type"" : ""OBS_OWNER"", ""req_uri_additional_parameters"" : null, ""comment"" : ""CLEANUP  3216300133"", ""bcr_product"" : ""RETAIL"", ""bcr_region"" : null}"
,9512,"{""id"" : 9512, ""input_prefix"" : ""INPUT_PREFIX"", ""routing_prefix"" : null, ""output_prefix"" : ""OUTPUT_PREFIX"", ""portability_type"" : ""OBS_OWNER"", ""req_uri_additional_parameters"" : null, ""comment"" : ""CLEANUP  3216300142"", ""bcr_product"" : ""RETAIL"", ""bcr_region"" : null}"
,9517,"{""id"" : 9517, ""input_prefix"" : ""INPUT_PREFIX"", ""routing_prefix"" : null, ""output_prefix"" : ""OUTPUT_PREFIX"", ""portability_type"" : ""OBS_OWNER"", ""req_uri_additional_parameters"" : null, ""comment"" : ""CLEANUP  3216300148"", ""bcr_product"" : ""RETAIL"", ""bcr_region"" : null}"
,9522,"{""id"" : 9522, ""input_prefix"" : ""INPUT_PREFIX"", ""routing_prefix"" : null, ""output_prefix"" : ""OUTPUT_PREFIX"", ""portability_type"" : ""OBS_OWNER"", ""req_uri_additional_parameters"" : null, ""comment"" : ""CLEANUP  321639616"", ""bcr_product"" : ""RETAIL"", ""bcr_region"" : null}"
,9527,"{""id"" : 9527, ""input_prefix"" : ""INPUT_PREFIX"", ""routing_prefix"" : null, ""output_prefix"" : ""OUTPUT_PREFIX"", ""portability_type"" : ""OBS_OWNER"", ""req_uri_additional_parameters"" : null, ""comment"" : ""CLEANUP  321639628"", ""bcr_product"" : ""RETAIL"", ""bcr_region"" : null}"
,261,"{""id"" : 261, ""input_prefix"" : ""INPUT_PREFIX"", ""routing_prefix"" : ""phone-context=internat.4.PORprefix"", ""output_prefix"" : ""OUTPUT_PREFIX"", ""portability_type"" : ""PORTED_OUT"", ""req_uri_additional_parameters"" : ""phone-context=internat.4.PORprefix"", ""comment"" : ""BCR in Hookah port out 3210840398 051120113210840398f internat"", ""bcr_product"" : ""RETAIL"", ""bcr_region"" : null}"
,262,"{""id"" : 262, ""input_prefix"" : ""INPUT_PREFIX"", ""routing_prefix"" : ""phone-context=internat.4.PORprefix"", ""output_prefix"" : ""OUTPUT_PREFIX"", ""portability_type"" : ""PORTED_OUT"", ""req_uri_additional_parameters"" : ""phone-context=internat.4.PORprefix"", ""comment"" : ""BCR in Hookah port out 3211231991 051120113211231991f internat"", ""bcr_product"" : ""RETAIL"", ""bcr_region"" : null}"
,9572,"{""id"" : 9572, ""input_prefix"" : ""INPUT_PREFIX"", ""routing_prefix"" : null, ""output_prefix"" : ""OUTPUT_PREFIX"", ""portability_type"" : ""OBS_OWNER"", ""req_uri_additional_parameters"" : null, ""comment"" : ""CLEANUP  3216980504"", ""bcr_product"" : ""RETAIL"", ""bcr_region"" : null}"
,9577,"{""id"" : 9577, ""input_prefix"" : ""INPUT_PREFIX"", ""routing_prefix"" : null, ""output_prefix"" : ""OUTPUT_PREFIX"", ""portability_type"" : ""OBS_OWNER"", ""req_uri_additional_parameters"" : null, ""comment"" : ""CLEANUP  3216980542"", ""bcr_product"" : ""RETAIL"", ""bcr_region"" : null}"
,9582,"{""id"" : 9582, ""input_prefix"" : ""INPUT_PREFIX"", ""routing_prefix"" : null, ""output_prefix"" : ""OUTPUT_PREFIX"", ""portability_type"" : ""OBS_OWNER"", ""req_uri_additional_parameters"" : null, ""comment"" : ""CLEANUP  3216980588"", ""bcr_product"" : ""RETAIL"", ""bcr_region"" : null}"
,9587,"{""id"" : 9587, ""input_prefix"" : ""INPUT_PREFIX"", ""routing_prefix"" : null, ""output_prefix"" : ""OUTPUT_PREFIX"", ""portability_type"" : ""OBS_OWNER"", ""req_uri_additional_parameters"" : null, ""comment"" : ""CLEANUP  3216980632"", ""bcr_product"" : ""RETAIL"", ""bcr_region"" : null}"
,9592,"{""id"" : 9592, ""input_prefix"" : ""INPUT_PREFIX"", ""routing_prefix"" : null, ""output_prefix"" : ""OUTPUT_PREFIX"", ""portability_type"" : ""OBS_OWNER"", ""req_uri_additional_parameters"" : null, ""comment"" : ""CLEANUP  3216980730"", ""bcr_product"" : ""RETAIL"", ""bcr_region"" : null}"
,9532,"{""id"" : 9532, ""input_prefix"" : ""INPUT_PREFIX"", ""routing_prefix"" : null, ""output_prefix"" : ""OUTPUT_PREFIX"", ""portability_type"" : ""OBS_OWNER"", ""req_uri_additional_parameters"" : null, ""comment"" : ""CLEANUP  321639673"", ""bcr_product"" : ""RETAIL"", ""bcr_region"" : null}"
,9537,"{""id"" : 9537, ""input_prefix"" : ""INPUT_PREFIX"", ""routing_prefix"" : null, ""output_prefix"" : ""OUTPUT_PREFIX"", ""portability_type"" : ""OBS_OWNER"", ""req_uri_additional_parameters"" : null, ""comment"" : ""CLEANUP  32166604"", ""bcr_product"" : ""RETAIL"", ""bcr_region"" : null}"
,9542,"{""id"" : 9542, ""input_prefix"" : ""INPUT_PREFIX"", ""routing_prefix"" : null, ""output_prefix"" : ""OUTPUT_PREFIX"", ""portability_type"" : ""OBS_OWNER"", ""req_uri_additional_parameters"" : null, ""comment"" : ""CLEANUP  321670654"", ""bcr_product"" : ""RETAIL"", ""bcr_region"" : null}"
,9547,"{""id"" : 9547, ""input_prefix"" : ""INPUT_PREFIX"", ""routing_prefix"" : null, ""output_prefix"" : ""OUTPUT_PREFIX"", ""portability_type"" : ""OBS_OWNER"", ""req_uri_additional_parameters"" : null, ""comment"" : ""CLEANUP  321672166"", ""bcr_product"" : ""RETAIL"", ""bcr_region"" : null}"
,9552,"{""id"" : 9552, ""input_prefix"" : ""INPUT_PREFIX"", ""routing_prefix"" : null, ""output_prefix"" : ""OUTPUT_PREFIX"", ""portability_type"" : ""OBS_OWNER"", ""req_uri_additional_parameters"" : null, ""comment"" : ""CLEANUP  3216744913"", ""bcr_product"" : ""RETAIL"", ""bcr_region"" : null}"
,266,"{""id"" : 266, ""input_prefix"" : ""INPUT_PREFIX"", ""routing_prefix"" : ""phone-context=internat.4.PORprefix"", ""output_prefix"" : ""OUTPUT_PREFIX"", ""portability_type"" : ""PORTED_OUT"", ""req_uri_additional_parameters"" : ""phone-context=internat.4.PORprefix"", ""comment"" : ""BCR in Hookah port out 3226439535 051120113226439535f internat"", ""bcr_product"" : ""RETAIL"", ""bcr_region"" : null}"
,271,"{""id"" : 271, ""input_prefix"" : ""INPUT_PREFIX"", ""routing_prefix"" : ""phone-context=internat.4.PORprefix"", ""output_prefix"" : ""OUTPUT_PREFIX"", ""portability_type"" : ""PORTED_OUT"", ""req_uri_additional_parameters"" : ""phone-context=internat.4.PORprefix"", ""comment"" : ""BCR in Hookah port out 3238129999 051120113238129999f internat"", ""bcr_product"" : ""RETAIL"", ""bcr_region"" : null}"
,9557,"{""id"" : 9557, ""input_prefix"" : ""INPUT_PREFIX"", ""routing_prefix"" : null, ""output_prefix"" : ""OUTPUT_PREFIX"", ""portability_type"" : ""OBS_OWNER"", ""req_uri_additional_parameters"" : null, ""comment"" : ""CLEANUP  3216744918"", ""bcr_product"" : ""RETAIL"", ""bcr_region"" : null}"
,9562,"{""id"" : 9562, ""input_prefix"" : ""INPUT_PREFIX"", ""routing_prefix"" : null, ""output_prefix"" : ""OUTPUT_PREFIX"", ""portability_type"" : ""OBS_OWNER"", ""req_uri_additional_parameters"" : null, ""comment"" : ""CLEANUP  321674495"", ""bcr_product"" : ""RETAIL"", ""bcr_region"" : null}"
,9567,"{""id"" : 9567, ""input_prefix"" : ""INPUT_PREFIX"", ""routing_prefix"" : null, ""output_prefix"" : ""OUTPUT_PREFIX"", ""portability_type"" : ""OBS_OWNER"", ""req_uri_additional_parameters"" : null, ""comment"" : ""CLEANUP  3216822222"", ""bcr_product"" : ""RETAIL"", ""bcr_region"" : null}"
,9597,"{""id"" : 9597, ""input_prefix"" : ""INPUT_PREFIX"", ""routing_prefix"" : null, ""output_prefix"" : ""OUTPUT_PREFIX"", ""portability_type"" : ""OBS_OWNER"", ""req_uri_additional_parameters"" : null, ""comment"" : ""CLEANUP  3216980771"", ""bcr_product"" : ""RETAIL"", ""bcr_region"" : null}"
,9602,"{""id"" : 9602, ""input_prefix"" : ""INPUT_PREFIX"", ""routing_prefix"" : null, ""output_prefix"" : ""OUTPUT_PREFIX"", ""portability_type"" : ""OBS_OWNER"", ""req_uri_additional_parameters"" : null, ""comment"" : ""CLEANUP  3216981095"", ""bcr_product"" : ""RETAIL"", ""bcr_region"" : null}"
,9607,"{""id"" : 9607, ""input_prefix"" : ""INPUT_PREFIX"", ""routing_prefix"" : null, ""output_prefix"" : ""OUTPUT_PREFIX"", ""portability_type"" : ""OBS_OWNER"", ""req_uri_additional_parameters"" : null, ""comment"" : ""CLEANUP  3216981101"", ""bcr_product"" : ""RETAIL"", ""bcr_region"" : null}"
,9612,"{""id"" : 9612, ""input_prefix"" : ""INPUT_PREFIX"", ""routing_prefix"" : null, ""output_prefix"" : ""OUTPUT_PREFIX"", ""portability_type"" : ""OBS_OWNER"", ""req_uri_additional_parameters"" : null, ""comment"" : ""CLEANUP  3216981106"", ""bcr_product"" : ""RETAIL"", ""bcr_region"" : null}"
,9617,"{""id"" : 9617, ""input_prefix"" : ""INPUT_PREFIX"", ""routing_prefix"" : null, ""output_prefix"" : ""OUTPUT_PREFIX"", ""portability_type"" : ""OBS_OWNER"", ""req_uri_additional_parameters"" : null, ""comment"" : ""CLEANUP  3216981111"", ""bcr_product"" : ""RETAIL"", ""bcr_region"" : null}"
,9622,"{""id"" : 9622, ""input_prefix"" : ""INPUT_PREFIX"", ""routing_prefix"" : null, ""output_prefix"" : ""OUTPUT_PREFIX"", ""portability_type"" : ""OBS_OWNER"", ""req_uri_additional_parameters"" : null, ""comment"" : ""CLEANUP  3216981116"", ""bcr_product"" : ""RETAIL"", ""bcr_region"" : null}"
,274,"{""id"" : 274, ""input_prefix"" : ""INPUT_PREFIX"", ""routing_prefix"" : ""phone-context=internat.4.PORprefix"", ""output_prefix"" : ""OUTPUT_PREFIX"", ""portability_type"" : ""PORTED_OUT"", ""req_uri_additional_parameters"" : ""phone-context=internat.4.PORprefix"", ""comment"" : ""BCR in Hookah port out 3250869999 051120113250869999f internat"", ""bcr_product"" : ""RETAIL"", ""bcr_region"" : null}"
,8215,"{""id"" : 8215, ""input_prefix"" : ""INPUT_PREFIX"", ""routing_prefix"" : null, ""output_prefix"" : ""OUTPUT_PREFIX"", ""portability_type"" : ""OBS_OWNER"", ""req_uri_additional_parameters"" : null, ""comment"" : ""India legal scam number"", ""bcr_product"" : ""RETAIL"", ""bcr_region"" : null}"
,8221,"{""id"" : 8221, ""input_prefix"" : ""INPUT_PREFIX"", ""routing_prefix"" : null, ""output_prefix"" : ""OUTPUT_PREFIX"", ""portability_type"" : ""OBS_OWNER"", ""req_uri_additional_parameters"" : null, ""comment"" : ""India legal scam number"", ""bcr_product"" : ""RETAIL"", ""bcr_region"" : null}"
,8246,"{""id"" : 8246, ""input_prefix"" : ""INPUT_PREFIX"", ""routing_prefix"" : null, ""output_prefix"" : ""OUTPUT_PREFIX"", ""portability_type"" : ""OBS_OWNER"", ""req_uri_additional_parameters"" : null, ""comment"" : ""India NRA request"", ""bcr_product"" : ""RETAIL"", ""bcr_region"" : null}"
,102,"{""id"" : 102, ""input_prefix"" : ""INPUT_PREFIX"", ""routing_prefix"" : ""phone-context=national.3.PORprefix"", ""output_prefix"" : ""OUTPUT_PREFIX"", ""portability_type"" : ""PORTED_OUT"", ""req_uri_additional_parameters"" : ""phone-context=national.3.PORprefix"", ""comment"" : ""BCR in Hookah port out 39800905642 052099020180200800905642f national"", ""bcr_product"" : ""RETAIL"", ""bcr_region"" : null}"
,8524,"{""id"" : 8524, ""input_prefix"" : ""INPUT_PREFIX"", ""routing_prefix"" : ""phone-context=+44"", ""output_prefix"" : ""OUTPUT_PREFIX"", ""portability_type"" : ""PORTED_OUT"", ""req_uri_additional_parameters"" : ""phone-context=+44"", ""comment"" : null, ""bcr_product"" : ""RETAIL"", ""bcr_region"" : null}"
,6104,"{""id"" : 6104, ""input_prefix"" : ""INPUT_PREFIX"", ""routing_prefix"" : ""phone-context=+44"", ""output_prefix"" : ""OUTPUT_PREFIX"", ""portability_type"" : ""PORTED_OUT"", ""req_uri_additional_parameters"" : ""phone-context=+44"", ""comment"" : ""null migrated to NBI 06500089 from 05118028 and phone-context=nprtspa.126.PORprefix F ALLBACK  FALLBACK "", ""bcr_product"" : ""RETAIL"", ""bcr_region"" : null}"
,6106,"{""id"" : 6106, ""input_prefix"" : ""INPUT_PREFIX"", ""routing_prefix"" : ""phone-context=+44"", ""output_prefix"" : ""OUTPUT_PREFIX"", ""portability_type"" : ""PORTED_OUT"", ""req_uri_additional_parameters"" : ""phone-context=+44"", ""comment"" : ""null migrated to NBI 06500089 from 05118028 and phone-context=nprtspa.126.PORprefix F ALLBACK  FALLBACK "", ""bcr_product"" : ""RETAIL"", ""bcr_region"" : null}"
,6107,"{""id"" : 6107, ""input_prefix"" : ""INPUT_PREFIX"", ""routing_prefix"" : ""phone-context=+44"", ""output_prefix"" : ""OUTPUT_PREFIX"", ""portability_type"" : ""PORTED_OUT"", ""req_uri_additional_parameters"" : ""phone-context=+44"", ""comment"" : ""null migrated to NBI 06500089 from 05118028 and phone-context=nprtspa.126.PORprefix F ALLBACK  FALLBACK "", ""bcr_product"" : ""RETAIL"", ""bcr_region"" : null}"
,6108,"{""id"" : 6108, ""input_prefix"" : ""INPUT_PREFIX"", ""routing_prefix"" : ""phone-context=+44"", ""output_prefix"" : ""OUTPUT_PREFIX"", ""portability_type"" : ""PORTED_OUT"", ""req_uri_additional_parameters"" : ""phone-context=+44"", ""comment"" : ""null migrated to NBI 06500089 from 05118028 and phone-context=nprtspa.126.PORprefix F ALLBACK  FALLBACK "", ""bcr_product"" : ""RETAIL"", ""bcr_region"" : null}"
,6109,"{""id"" : 6109, ""input_prefix"" : ""INPUT_PREFIX"", ""routing_prefix"" : ""phone-context=+44"", ""output_prefix"" : ""OUTPUT_PREFIX"", ""portability_type"" : ""PORTED_OUT"", ""req_uri_additional_parameters"" : ""phone-context=+44"", ""comment"" : null, ""bcr_product"" : ""RETAIL"", ""bcr_region"" : null}"
,6110,"{""id"" : 6110, ""input_prefix"" : ""INPUT_PREFIX"", ""routing_prefix"" : ""phone-context=+44"", ""output_prefix"" : ""OUTPUT_PREFIX"", ""portability_type"" : ""PORTED_OUT"", ""req_uri_additional_parameters"" : ""phone-context=+44"", ""comment"" : null, ""bcr_product"" : ""RETAIL"", ""bcr_region"" : null}"
,6112,"{""id"" : 6112, ""input_prefix"" : ""INPUT_PREFIX"", ""routing_prefix"" : ""phone-context=+44"", ""output_prefix"" : ""OUTPUT_PREFIX"", ""portability_type"" : ""PORTED_OUT"", ""req_uri_additional_parameters"" : ""phone-context=+44"", ""comment"" : ""null migrated to NBI 06500089 from 05118028 and phone-context=nprtspa.126.PORprefix F ALLBACK  FALLBACK "", ""bcr_product"" : ""RETAIL"", ""bcr_region"" : null}"
,8529,"{""id"" : 8529, ""input_prefix"" : ""INPUT_PREFIX"", ""routing_prefix"" : ""phone-context=+44"", ""output_prefix"" : ""OUTPUT_PREFIX"", ""portability_type"" : ""PORTED_OUT"", ""req_uri_additional_parameters"" : ""phone-context=+44"", ""comment"" : null, ""bcr_product"" : ""RETAIL"", ""bcr_region"" : null}"
,6114,"{""id"" : 6114, ""input_prefix"" : ""INPUT_PREFIX"", ""routing_prefix"" : ""phone-context=+44"", ""output_prefix"" : ""OUTPUT_PREFIX"", ""portability_type"" : ""PORTED_OUT"", ""req_uri_additional_parameters"" : ""phone-context=+44"", ""comment"" : ""null migrated to NBI 06500089 from 05118028 and phone-context=nprtspa.126.PORprefix F ALLBACK  FALLBACK "", ""bcr_product"" : ""RETAIL"", ""bcr_region"" : null}"
,6116,"{""id"" : 6116, ""input_prefix"" : ""INPUT_PREFIX"", ""routing_prefix"" : ""phone-context=+44"", ""output_prefix"" : ""OUTPUT_PREFIX"", ""portability_type"" : ""PORTED_OUT"", ""req_uri_additional_parameters"" : ""phone-context=+44"", ""comment"" : ""null migrated to NBI 06500089 from 05118028 and phone-context=nprtspa.126.PORprefix F ALLBACK  FALLBACK "", ""bcr_product"" : ""RETAIL"", ""bcr_region"" : null}"
,6117,"{""id"" : 6117, ""input_prefix"" : ""INPUT_PREFIX"", ""routing_prefix"" : ""phone-context=+44"", ""output_prefix"" : ""OUTPUT_PREFIX"", ""portability_type"" : ""PORTED_OUT"", ""req_uri_additional_parameters"" : ""phone-context=+44"", ""comment"" : ""null migrated to NBI 06500089 from 05118028 and phone-context=nprtspa.126.PORprefix F ALLBACK  FALLBACK "", ""bcr_product"" : ""RETAIL"", ""bcr_region"" : null}"
,6118,"{""id"" : 6118, ""input_prefix"" : ""INPUT_PREFIX"", ""routing_prefix"" : ""phone-context=+44"", ""output_prefix"" : ""OUTPUT_PREFIX"", ""portability_type"" : ""PORTED_OUT"", ""req_uri_additional_parameters"" : ""phone-context=+44"", ""comment"" : ""null migrated to NBI 06500089 from 05118028 and phone-context=nprtspa.126.PORprefix F ALLBACK  FALLBACK "", ""bcr_product"" : ""RETAIL"", ""bcr_region"" : null}"
,6124,"{""id"" : 6124, ""input_prefix"" : ""INPUT_PREFIX"", ""routing_prefix"" : ""phone-context=+44"", ""output_prefix"" : ""OUTPUT_PREFIX"", ""portability_type"" : ""PORTED_OUT"", ""req_uri_additional_parameters"" : ""phone-context=+44"", ""comment"" : ""null migrated to NBI 06500089 from 05118028 and phone-context=nprtspa.126.PORprefix F ALLBACK  FALLBACK  migrated to NBI 06500089 from 05118028 and phone-context=nprtspa.126.PORprefix"", ""bcr_product"" : ""RETAIL"", ""bcr_region"" : null}"
,6126,"{""id"" : 6126, ""input_prefix"" : ""INPUT_PREFIX"", ""routing_prefix"" : ""phone-context=+44"", ""output_prefix"" : ""OUTPUT_PREFIX"", ""portability_type"" : ""PORTED_OUT"", ""req_uri_additional_parameters"" : ""phone-context=+44"", ""comment"" : ""null migrated to NBI 06500089 from 05118028 and phone-context=nprtspa.126.PORprefix F ALLBACK  FALLBACK  migrated to NBI 06500089 from 05118028 and phone-context=nprtspa.126.PORprefix"", ""bcr_product"" : ""RETAIL"", ""bcr_region"" : null}"
,6128,"{""id"" : 6128, ""input_prefix"" : ""INPUT_PREFIX"", ""routing_prefix"" : ""phone-context=+44"", ""output_prefix"" : ""OUTPUT_PREFIX"", ""portability_type"" : ""PORTED_OUT"", ""req_uri_additional_parameters"" : ""phone-context=+44"", ""comment"" : null, ""bcr_product"" : ""RETAIL"", ""bcr_region"" : null}"
,6129,"{""id"" : 6129, ""input_prefix"" : ""INPUT_PREFIX"", ""routing_prefix"" : ""phone-context=+44"", ""output_prefix"" : ""OUTPUT_PREFIX"", ""portability_type"" : ""PORTED_OUT"", ""req_uri_additional_parameters"" : ""phone-context=+44"", ""comment"" : null, ""bcr_product"" : ""RETAIL"", ""bcr_region"" : null}"
,6130,"{""id"" : 6130, ""input_prefix"" : ""INPUT_PREFIX"", ""routing_prefix"" : ""phone-context=+44"", ""output_prefix"" : ""OUTPUT_PREFIX"", ""portability_type"" : ""PORTED_OUT"", ""req_uri_additional_parameters"" : ""phone-context=+44"", ""comment"" : null, ""bcr_product"" : ""RETAIL"", ""bcr_region"" : null}"
,6131,"{""id"" : 6131, ""input_prefix"" : ""INPUT_PREFIX"", ""routing_prefix"" : ""phone-context=+44"", ""output_prefix"" : ""OUTPUT_PREFIX"", ""portability_type"" : ""PORTED_OUT"", ""req_uri_additional_parameters"" : ""phone-context=+44"", ""comment"" : ""null migrated to NBI 06500089 from 05118028 and phone-context=nprtspa.126.PORprefix F ALLBACK  FALLBACK  migrated to NBI 06500089 from 05118028 and phone-context=nprtspa.126.PORprefix"", ""bcr_product"" : ""RETAIL"", ""bcr_region"" : null}"
,6132,"{""id"" : 6132, ""input_prefix"" : ""INPUT_PREFIX"", ""routing_prefix"" : ""phone-context=+44"", ""output_prefix"" : ""OUTPUT_PREFIX"", ""portability_type"" : ""PORTED_OUT"", ""req_uri_additional_parameters"" : ""phone-context=+44"", ""comment"" : null, ""bcr_product"" : ""RETAIL"", ""bcr_region"" : null}"
,6136,"{""id"" : 6136, ""input_prefix"" : ""INPUT_PREFIX"", ""routing_prefix"" : ""phone-context=+44"", ""output_prefix"" : ""OUTPUT_PREFIX"", ""portability_type"" : ""PORTED_OUT"", ""req_uri_additional_parameters"" : ""phone-context=+44"", ""comment"" : ""null migrated to NBI 06500089 from 05118028 and phone-context=nprtspa.126.PORprefix F ALLBACK  FALLBACK  migrated to NBI 06500089 from 05118028 and phone-context=nprtspa.126.PORprefix"", ""bcr_product"" : ""RETAIL"", ""bcr_region"" : null}"
,6137,"{""id"" : 6137, ""input_prefix"" : ""INPUT_PREFIX"", ""routing_prefix"" : ""phone-context=+44"", ""output_prefix"" : ""OUTPUT_PREFIX"", ""portability_type"" : ""PORTED_OUT"", ""req_uri_additional_parameters"" : ""phone-context=+44"", ""comment"" : ""null migrated to NBI 06500089 from 05118028 and phone-context=nprtspa.126.PORprefix F ALLBACK  FALLBACK  migrated to NBI 06500089 from 05118028 and phone-context=nprtspa.126.PORprefix"", ""bcr_product"" : ""RETAIL"", ""bcr_region"" : null}"
,6139,"{""id"" : 6139, ""input_prefix"" : ""INPUT_PREFIX"", ""routing_prefix"" : ""phone-context=+44"", ""output_prefix"" : ""OUTPUT_PREFIX"", ""portability_type"" : ""PORTED_OUT"", ""req_uri_additional_parameters"" : ""phone-context=+44"", ""comment"" : ""null migrated to NBI 06500089 from 05118028 and phone-context=nprtspa.126.PORprefix F ALLBACK  FALLBACK  migrated to NBI 06500089 from 05118028 and phone-context=nprtspa.126.PORprefix"", ""bcr_product"" : ""RETAIL"", ""bcr_region"" : null}"
,6143,"{""id"" : 6143, ""input_prefix"" : ""INPUT_PREFIX"", ""routing_prefix"" : ""phone-context=+44"", ""output_prefix"" : ""OUTPUT_PREFIX"", ""portability_type"" : ""PORTED_OUT"", ""req_uri_additional_parameters"" : ""phone-context=+44"", ""comment"" : ""null migrated to NBI 06500089 from 05118028 and phone-context=nprtspa.126.PORprefix F ALLBACK  FALLBACK  migrated to NBI 06500089 from 05118028 and phone-context=nprtspa.126.PORprefix"", ""bcr_product"" : ""RETAIL"", ""bcr_region"" : null}"
,7807,"{""id"" : 7807, ""input_prefix"" : ""INPUT_PREFIX"", ""routing_prefix"" : null, ""output_prefix"" : ""OUTPUT_PREFIX"", ""portability_type"" : ""OBS_OWNER"", ""req_uri_additional_parameters"" : null, ""comment"" : ""Scam number India legal"", ""bcr_product"" : ""RETAIL"", ""bcr_region"" : null}"
,6354,"{""id"" : 6354, ""input_prefix"" : ""INPUT_PREFIX"", ""routing_prefix"" : ""phone-context=+44"", ""output_prefix"" : ""OUTPUT_PREFIX"", ""portability_type"" : ""PORTED_OUT"", ""req_uri_additional_parameters"" : ""phone-context=+44"", ""comment"" : null, ""bcr_product"" : ""RETAIL"", ""bcr_region"" : null}"
,6146,"{""id"" : 6146, ""input_prefix"" : ""INPUT_PREFIX"", ""routing_prefix"" : ""phone-context=+44"", ""output_prefix"" : ""OUTPUT_PREFIX"", ""portability_type"" : ""PORTED_OUT"", ""req_uri_additional_parameters"" : ""phone-context=+44"", ""comment"" : ""null migrated to NBI 06500089 from 05118028 and phone-context=nprtspa.126.PORprefix F ALLBACK  FALLBACK  migrated to NBI 06500089 from 05118028 and phone-context=nprtspa.126.PORprefix"", ""bcr_product"" : ""RETAIL"", ""bcr_region"" : null}"
,6148,"{""id"" : 6148, ""input_prefix"" : ""INPUT_PREFIX"", ""routing_prefix"" : ""phone-context=+44"", ""output_prefix"" : ""OUTPUT_PREFIX"", ""portability_type"" : ""PORTED_OUT"", ""req_uri_additional_parameters"" : ""phone-context=+44"", ""comment"" : ""null migrated to NBI 06500089 from 05118028 and phone-context=nprtspa.126.PORprefix F ALLBACK  FALLBACK  migrated to NBI 06500089 from 05118028 and phone-context=nprtspa.126.PORprefix"", ""bcr_product"" : ""RETAIL"", ""bcr_region"" : null}"
,6150,"{""id"" : 6150, ""input_prefix"" : ""INPUT_PREFIX"", ""routing_prefix"" : ""phone-context=+44"", ""output_prefix"" : ""OUTPUT_PREFIX"", ""portability_type"" : ""PORTED_OUT"", ""req_uri_additional_parameters"" : ""phone-context=+44"", ""comment"" : ""null migrated to NBI 06500089 from 05118028 and phone-context=nprtspa.126.PORprefix F ALLBACK  FALLBACK  migrated to NBI 06500089 from 05118028 and phone-context=nprtspa.126.PORprefix"", ""bcr_product"" : ""RETAIL"", ""bcr_region"" : null}"
,6156,"{""id"" : 6156, ""input_prefix"" : ""INPUT_PREFIX"", ""routing_prefix"" : ""phone-context=+44"", ""output_prefix"" : ""OUTPUT_PREFIX"", ""portability_type"" : ""PORTED_OUT"", ""req_uri_additional_parameters"" : ""phone-context=+44"", ""comment"" : ""null migrated to NBI 06500089 from 05118028 and phone-context=nprtspa.126.PORprefix F ALLBACK  FALLBACK  migrated to NBI 06500089 from 05118028 and phone-context=nprtspa.126.PORprefix"", ""bcr_product"" : ""RETAIL"", ""bcr_region"" : null}"
,6157,"{""id"" : 6157, ""input_prefix"" : ""INPUT_PREFIX"", ""routing_prefix"" : ""phone-context=+44"", ""output_prefix"" : ""OUTPUT_PREFIX"", ""portability_type"" : ""PORTED_OUT"", ""req_uri_additional_parameters"" : ""phone-context=+44"", ""comment"" : ""null migrated to NBI 06500089 from 05118028 and phone-context=nprtspa.126.PORprefix F ALLBACK  FALLBACK  migrated to NBI 06500089 from 05118028 and phone-context=nprtspa.126.PORprefix"", ""bcr_product"" : ""RETAIL"", ""bcr_region"" : null}"
,7021,"{""id"" : 7021, ""input_prefix"" : ""INPUT_PREFIX"", ""routing_prefix"" : null, ""output_prefix"" : ""OUTPUT_PREFIX"", ""portability_type"" : ""PORTED_OUT"", ""req_uri_additional_parameters"" : null, ""comment"" : ""phone-context=national.3.PORprefix"", ""bcr_product"" : ""RETAIL"", ""bcr_region"" : null}"
,6159,"{""id"" : 6159, ""input_prefix"" : ""INPUT_PREFIX"", ""routing_prefix"" : ""phone-context=+44"", ""output_prefix"" : ""OUTPUT_PREFIX"", ""portability_type"" : ""PORTED_OUT"", ""req_uri_additional_parameters"" : ""phone-context=+44"", ""comment"" : null, ""bcr_product"" : ""RETAIL"", ""bcr_region"" : null}"
,6160,"{""id"" : 6160, ""input_prefix"" : ""INPUT_PREFIX"", ""routing_prefix"" : ""phone-context=+44"", ""output_prefix"" : ""OUTPUT_PREFIX"", ""portability_type"" : ""PORTED_OUT"", ""req_uri_additional_parameters"" : ""phone-context=+44"", ""comment"" : null, ""bcr_product"" : ""RETAIL"", ""bcr_region"" : null}"
,6162,"{""id"" : 6162, ""input_prefix"" : ""INPUT_PREFIX"", ""routing_prefix"" : ""phone-context=+44"", ""output_prefix"" : ""OUTPUT_PREFIX"", ""portability_type"" : ""PORTED_OUT"", ""req_uri_additional_parameters"" : ""phone-context=+44"", ""comment"" : null, ""bcr_product"" : ""RETAIL"", ""bcr_region"" : null}"
,6163,"{""id"" : 6163, ""input_prefix"" : ""INPUT_PREFIX"", ""routing_prefix"" : ""phone-context=+44"", ""output_prefix"" : ""OUTPUT_PREFIX"", ""portability_type"" : ""PORTED_OUT"", ""req_uri_additional_parameters"" : ""phone-context=+44"", ""comment"" : null, ""bcr_product"" : ""RETAIL"", ""bcr_region"" : null}"
,6164,"{""id"" : 6164, ""input_prefix"" : ""INPUT_PREFIX"", ""routing_prefix"" : ""phone-context=+44"", ""output_prefix"" : ""OUTPUT_PREFIX"", ""portability_type"" : ""PORTED_OUT"", ""req_uri_additional_parameters"" : ""phone-context=+44"", ""comment"" : null, ""bcr_product"" : ""RETAIL"", ""bcr_region"" : null}"
,6165,"{""id"" : 6165, ""input_prefix"" : ""INPUT_PREFIX"", ""routing_prefix"" : ""phone-context=+44"", ""output_prefix"" : ""OUTPUT_PREFIX"", ""portability_type"" : ""PORTED_OUT"", ""req_uri_additional_parameters"" : ""phone-context=+44"", ""comment"" : null, ""bcr_product"" : ""RETAIL"", ""bcr_region"" : null}"
,6166,"{""id"" : 6166, ""input_prefix"" : ""INPUT_PREFIX"", ""routing_prefix"" : ""phone-context=+44"", ""output_prefix"" : ""OUTPUT_PREFIX"", ""portability_type"" : ""PORTED_OUT"", ""req_uri_additional_parameters"" : ""phone-context=+44"", ""comment"" : null, ""bcr_product"" : ""RETAIL"", ""bcr_region"" : null}"
,6169,"{""id"" : 6169, ""input_prefix"" : ""INPUT_PREFIX"", ""routing_prefix"" : ""phone-context=+44"", ""output_prefix"" : ""OUTPUT_PREFIX"", ""portability_type"" : ""PORTED_OUT"", ""req_uri_additional_parameters"" : ""phone-context=+44"", ""comment"" : null, ""bcr_product"" : ""RETAIL"", ""bcr_region"" : null}"
,6170,"{""id"" : 6170, ""input_prefix"" : ""INPUT_PREFIX"", ""routing_prefix"" : ""phone-context=+44"", ""output_prefix"" : ""OUTPUT_PREFIX"", ""portability_type"" : ""PORTED_OUT"", ""req_uri_additional_parameters"" : ""phone-context=+44"", ""comment"" : null, ""bcr_product"" : ""RETAIL"", ""bcr_region"" : null}"
,6171,"{""id"" : 6171, ""input_prefix"" : ""INPUT_PREFIX"", ""routing_prefix"" : ""phone-context=+44"", ""output_prefix"" : ""OUTPUT_PREFIX"", ""portability_type"" : ""PORTED_OUT"", ""req_uri_additional_parameters"" : ""phone-context=+44"", ""comment"" : null, ""bcr_product"" : ""RETAIL"", ""bcr_region"" : null}"
,6172,"{""id"" : 6172, ""input_prefix"" : ""INPUT_PREFIX"", ""routing_prefix"" : ""phone-context=+44"", ""output_prefix"" : ""OUTPUT_PREFIX"", ""portability_type"" : ""PORTED_OUT"", ""req_uri_additional_parameters"" : ""phone-context=+44"", ""comment"" : null, ""bcr_product"" : ""RETAIL"", ""bcr_region"" : null}"
,6173,"{""id"" : 6173, ""input_prefix"" : ""INPUT_PREFIX"", ""routing_prefix"" : ""phone-context=+44"", ""output_prefix"" : ""OUTPUT_PREFIX"", ""portability_type"" : ""PORTED_OUT"", ""req_uri_additional_parameters"" : ""phone-context=+44"", ""comment"" : null, ""bcr_product"" : ""RETAIL"", ""bcr_region"" : null}"
,4997,"{""id"" : 4997, ""input_prefix"" : ""INPUT_PREFIX"", ""routing_prefix"" : ""phone-context=+44"", ""output_prefix"" : ""OUTPUT_PREFIX"", ""portability_type"" : ""PORTED_OUT"", ""req_uri_additional_parameters"" : ""phone-context=+44"", ""comment"" : null, ""bcr_product"" : ""RETAIL"", ""bcr_region"" : null}"
,4998,"{""id"" : 4998, ""input_prefix"" : ""INPUT_PREFIX"", ""routing_prefix"" : ""phone-context=+44"", ""output_prefix"" : ""OUTPUT_PREFIX"", ""portability_type"" : ""PORTED_OUT"", ""req_uri_additional_parameters"" : ""phone-context=+44"", ""comment"" : null, ""bcr_product"" : ""RETAIL"", ""bcr_region"" : null}"
,4999,"{""id"" : 4999, ""input_prefix"" : ""INPUT_PREFIX"", ""routing_prefix"" : ""phone-context=+44"", ""output_prefix"" : ""OUTPUT_PREFIX"", ""portability_type"" : ""PORTED_OUT"", ""req_uri_additional_parameters"" : ""phone-context=+44"", ""comment"" : null, ""bcr_product"" : ""RETAIL"", ""bcr_region"" : null}"
,5000,"{""id"" : 5000, ""input_prefix"" : ""INPUT_PREFIX"", ""routing_prefix"" : ""phone-context=+44"", ""output_prefix"" : ""OUTPUT_PREFIX"", ""portability_type"" : ""PORTED_OUT"", ""req_uri_additional_parameters"" : ""phone-context=+44"", ""comment"" : null, ""bcr_product"" : ""RETAIL"", ""bcr_region"" : null}"
,5001,"{""id"" : 5001, ""input_prefix"" : ""INPUT_PREFIX"", ""routing_prefix"" : ""phone-context=+44"", ""output_prefix"" : ""OUTPUT_PREFIX"", ""portability_type"" : ""PORTED_OUT"", ""req_uri_additional_parameters"" : ""phone-context=+44"", ""comment"" : null, ""bcr_product"" : ""RETAIL"", ""bcr_region"" : null}"
,5002,"{""id"" : 5002, ""input_prefix"" : ""INPUT_PREFIX"", ""routing_prefix"" : ""phone-context=+44"", ""output_prefix"" : ""OUTPUT_PREFIX"", ""portability_type"" : ""PORTED_OUT"", ""req_uri_additional_parameters"" : ""phone-context=+44"", ""comment"" : null, ""bcr_product"" : ""RETAIL"", ""bcr_region"" : null}"
,5003,"{""id"" : 5003, ""input_prefix"" : ""INPUT_PREFIX"", ""routing_prefix"" : ""phone-context=+44"", ""output_prefix"" : ""OUTPUT_PREFIX"", ""portability_type"" : ""PORTED_OUT"", ""req_uri_additional_parameters"" : ""phone-context=+44"", ""comment"" : null, ""bcr_product"" : ""RETAIL"", ""bcr_region"" : null}"
,5004,"{""id"" : 5004, ""input_prefix"" : ""INPUT_PREFIX"", ""routing_prefix"" : ""phone-context=+44"", ""output_prefix"" : ""OUTPUT_PREFIX"", ""portability_type"" : ""PORTED_OUT"", ""req_uri_additional_parameters"" : ""phone-context=+44"", ""comment"" : null, ""bcr_product"" : ""RETAIL"", ""bcr_region"" : null}"
,5005,"{""id"" : 5005, ""input_prefix"" : ""INPUT_PREFIX"", ""routing_prefix"" : ""phone-context=+44"", ""output_prefix"" : ""OUTPUT_PREFIX"", ""portability_type"" : ""PORTED_OUT"", ""req_uri_additional_parameters"" : ""phone-context=+44"", ""comment"" : null, ""bcr_product"" : ""RETAIL"", ""bcr_region"" : null}"
,5006,"{""id"" : 5006, ""input_prefix"" : ""INPUT_PREFIX"", ""routing_prefix"" : ""phone-context=+44"", ""output_prefix"" : ""OUTPUT_PREFIX"", ""portability_type"" : ""PORTED_OUT"", ""req_uri_additional_parameters"" : ""phone-context=+44"", ""comment"" : null, ""bcr_product"" : ""RETAIL"", ""bcr_region"" : null}"
,5007,"{""id"" : 5007, ""input_prefix"" : ""INPUT_PREFIX"", ""routing_prefix"" : ""phone-context=+44"", ""output_prefix"" : ""OUTPUT_PREFIX"", ""portability_type"" : ""PORTED_OUT"", ""req_uri_additional_parameters"" : ""phone-context=+44"", ""comment"" : null, ""bcr_product"" : ""RETAIL"", ""bcr_region"" : null}"
,5008,"{""id"" : 5008, ""input_prefix"" : ""INPUT_PREFIX"", ""routing_prefix"" : ""phone-context=+44"", ""output_prefix"" : ""OUTPUT_PREFIX"", ""portability_type"" : ""PORTED_OUT"", ""req_uri_additional_parameters"" : ""phone-context=+44"", ""comment"" : null, ""bcr_product"" : ""RETAIL"", ""bcr_region"" : null}"
,5009,"{""id"" : 5009, ""input_prefix"" : ""INPUT_PREFIX"", ""routing_prefix"" : ""phone-context=+44"", ""output_prefix"" : ""OUTPUT_PREFIX"", ""portability_type"" : ""PORTED_OUT"", ""req_uri_additional_parameters"" : ""phone-context=+44"", ""comment"" : null, ""bcr_product"" : ""RETAIL"", ""bcr_region"" : null}"
,5010,"{""id"" : 5010, ""input_prefix"" : ""INPUT_PREFIX"", ""routing_prefix"" : ""phone-context=+44"", ""output_prefix"" : ""OUTPUT_PREFIX"", ""portability_type"" : ""PORTED_OUT"", ""req_uri_additional_parameters"" : ""phone-context=+44"", ""comment"" : null, ""bcr_product"" : ""RETAIL"", ""bcr_region"" : null}"
,5011,"{""id"" : 5011, ""input_prefix"" : ""INPUT_PREFIX"", ""routing_prefix"" : ""phone-context=+44"", ""output_prefix"" : ""OUTPUT_PREFIX"", ""portability_type"" : ""PORTED_OUT"", ""req_uri_additional_parameters"" : ""phone-context=+44"", ""comment"" : null, ""bcr_product"" : ""RETAIL"", ""bcr_region"" : null}"
,5012,"{""id"" : 5012, ""input_prefix"" : ""INPUT_PREFIX"", ""routing_prefix"" : ""phone-context=+44"", ""output_prefix"" : ""OUTPUT_PREFIX"", ""portability_type"" : ""PORTED_OUT"", ""req_uri_additional_parameters"" : ""phone-context=+44"", ""comment"" : null, ""bcr_product"" : ""RETAIL"", ""bcr_region"" : null}"
,5013,"{""id"" : 5013, ""input_prefix"" : ""INPUT_PREFIX"", ""routing_prefix"" : ""phone-context=+44"", ""output_prefix"" : ""OUTPUT_PREFIX"", ""portability_type"" : ""PORTED_OUT"", ""req_uri_additional_parameters"" : ""phone-context=+44"", ""comment"" : null, ""bcr_product"" : ""RETAIL"", ""bcr_region"" : null}"
,5014,"{""id"" : 5014, ""input_prefix"" : ""INPUT_PREFIX"", ""routing_prefix"" : ""phone-context=+44"", ""output_prefix"" : ""OUTPUT_PREFIX"", ""portability_type"" : ""PORTED_OUT"", ""req_uri_additional_parameters"" : ""phone-context=+44"", ""comment"" : null, ""bcr_product"" : ""RETAIL"", ""bcr_region"" : null}"
,5015,"{""id"" : 5015, ""input_prefix"" : ""INPUT_PREFIX"", ""routing_prefix"" : ""phone-context=+44"", ""output_prefix"" : ""OUTPUT_PREFIX"", ""portability_type"" : ""PORTED_OUT"", ""req_uri_additional_parameters"" : ""phone-context=+44"", ""comment"" : null, ""bcr_product"" : ""RETAIL"", ""bcr_region"" : null}"
,5017,"{""id"" : 5017, ""input_prefix"" : ""INPUT_PREFIX"", ""routing_prefix"" : ""phone-context=+44"", ""output_prefix"" : ""OUTPUT_PREFIX"", ""portability_type"" : ""PORTED_OUT"", ""req_uri_additional_parameters"" : ""phone-context=+44"", ""comment"" : null, ""bcr_product"" : ""RETAIL"", ""bcr_region"" : null}"
,5018,"{""id"" : 5018, ""input_prefix"" : ""INPUT_PREFIX"", ""routing_prefix"" : ""phone-context=+44"", ""output_prefix"" : ""OUTPUT_PREFIX"", ""portability_type"" : ""PORTED_OUT"", ""req_uri_additional_parameters"" : ""phone-context=+44"", ""comment"" : null, ""bcr_product"" : ""RETAIL"", ""bcr_region"" : null}"
,5019,"{""id"" : 5019, ""input_prefix"" : ""INPUT_PREFIX"", ""routing_prefix"" : ""phone-context=+44"", ""output_prefix"" : ""OUTPUT_PREFIX"", ""portability_type"" : ""PORTED_OUT"", ""req_uri_additional_parameters"" : ""phone-context=+44"", ""comment"" : null, ""bcr_product"" : ""RETAIL"", ""bcr_region"" : null}"
,8219,"{""id"" : 8219, ""input_prefix"" : ""INPUT_PREFIX"", ""routing_prefix"" : null, ""output_prefix"" : ""OUTPUT_PREFIX"", ""portability_type"" : ""OBS_OWNER"", ""req_uri_additional_parameters"" : null, ""comment"" : ""India legal scam number"", ""bcr_product"" : ""RETAIL"", ""bcr_region"" : null}"
,8220,"{""id"" : 8220, ""input_prefix"" : ""INPUT_PREFIX"", ""routing_prefix"" : null, ""output_prefix"" : ""OUTPUT_PREFIX"", ""portability_type"" : ""OBS_OWNER"", ""req_uri_additional_parameters"" : null, ""comment"" : ""India legal scam number"", ""bcr_product"" : ""RETAIL"", ""bcr_region"" : null}"
,8222,"{""id"" : 8222, ""input_prefix"" : ""INPUT_PREFIX"", ""routing_prefix"" : null, ""output_prefix"" : ""OUTPUT_PREFIX"", ""portability_type"" : ""OBS_OWNER"", ""req_uri_additional_parameters"" : null, ""comment"" : ""India legal scam number"", ""bcr_product"" : ""RETAIL"", ""bcr_region"" : null}"
,6317,"{""id"" : 6317, ""input_prefix"" : ""INPUT_PREFIX"", ""routing_prefix"" : ""phone-context=+44"", ""output_prefix"" : ""OUTPUT_PREFIX"", ""portability_type"" : ""PORTED_OUT"", ""req_uri_additional_parameters"" : ""phone-context=+44"", ""comment"" : null, ""bcr_product"" : ""RETAIL"", ""bcr_region"" : null}"
,6318,"{""id"" : 6318, ""input_prefix"" : ""INPUT_PREFIX"", ""routing_prefix"" : ""phone-context=+44"", ""output_prefix"" : ""OUTPUT_PREFIX"", ""portability_type"" : ""PORTED_OUT"", ""req_uri_additional_parameters"" : ""phone-context=+44"", ""comment"" : null, ""bcr_product"" : ""RETAIL"", ""bcr_region"" : null}"
,6319,"{""id"" : 6319, ""input_prefix"" : ""INPUT_PREFIX"", ""routing_prefix"" : ""phone-context=+44"", ""output_prefix"" : ""OUTPUT_PREFIX"", ""portability_type"" : ""PORTED_OUT"", ""req_uri_additional_parameters"" : ""phone-context=+44"", ""comment"" : null, ""bcr_product"" : ""RETAIL"", ""bcr_region"" : null}"
,8302,"{""id"" : 8302, ""input_prefix"" : ""INPUT_PREFIX"", ""routing_prefix"" : null, ""output_prefix"" : ""OUTPUT_PREFIX"", ""portability_type"" : ""OBS_OWNER"", ""req_uri_additional_parameters"" : null, ""comment"" : ""2009K66992"", ""bcr_product"" : ""RETAIL"", ""bcr_region"" : null}"
,6321,"{""id"" : 6321, ""input_prefix"" : ""INPUT_PREFIX"", ""routing_prefix"" : ""phone-context=+44"", ""output_prefix"" : ""OUTPUT_PREFIX"", ""portability_type"" : ""PORTED_OUT"", ""req_uri_additional_parameters"" : ""phone-context=+44"", ""comment"" : null, ""bcr_product"" : ""RETAIL"", ""bcr_region"" : null}"
,8323,"{""id"" : 8323, ""input_prefix"" : ""INPUT_PREFIX"", ""routing_prefix"" : null, ""output_prefix"" : ""OUTPUT_PREFIX"", ""portability_type"" : ""OBS_OWNER"", ""req_uri_additional_parameters"" : null, ""comment"" : ""scam number India legal"", ""bcr_product"" : ""RETAIL"", ""bcr_region"" : null}"
,6323,"{""id"" : 6323, ""input_prefix"" : ""INPUT_PREFIX"", ""routing_prefix"" : ""phone-context=+44"", ""output_prefix"" : ""OUTPUT_PREFIX"", ""portability_type"" : ""PORTED_OUT"", ""req_uri_additional_parameters"" : ""phone-context=+44"", ""comment"" : null, ""bcr_product"" : ""RETAIL"", ""bcr_region"" : null}"
,6324,"{""id"" : 6324, ""input_prefix"" : ""INPUT_PREFIX"", ""routing_prefix"" : ""phone-context=+44"", ""output_prefix"" : ""OUTPUT_PREFIX"", ""portability_type"" : ""PORTED_OUT"", ""req_uri_additional_parameters"" : ""phone-context=+44"", ""comment"" : null, ""bcr_product"" : ""RETAIL"", ""bcr_region"" : null}"
,6325,"{""id"" : 6325, ""input_prefix"" : ""INPUT_PREFIX"", ""routing_prefix"" : ""phone-context=+44"", ""output_prefix"" : ""OUTPUT_PREFIX"", ""portability_type"" : ""PORTED_OUT"", ""req_uri_additional_parameters"" : ""phone-context=+44"", ""comment"" : null, ""bcr_product"" : ""RETAIL"", ""bcr_region"" : null}"
,8325,"{""id"" : 8325, ""input_prefix"" : ""INPUT_PREFIX"", ""routing_prefix"" : null, ""output_prefix"" : ""OUTPUT_PREFIX"", ""portability_type"" : ""OBS_OWNER"", ""req_uri_additional_parameters"" : null, ""comment"" : ""scam number India legal"", ""bcr_product"" : ""RETAIL"", ""bcr_region"" : null}"
,8383,"{""id"" : 8383, ""input_prefix"" : ""INPUT_PREFIX"", ""routing_prefix"" : null, ""output_prefix"" : ""OUTPUT_PREFIX"", ""portability_type"" : ""OBS_OWNER"", ""req_uri_additional_parameters"" : null, ""comment"" : ""India legal scam number"", ""bcr_product"" : ""RETAIL"", ""bcr_region"" : null}"
,6328,"{""id"" : 6328, ""input_prefix"" : ""INPUT_PREFIX"", ""routing_prefix"" : ""phone-context=+44"", ""output_prefix"" : ""OUTPUT_PREFIX"", ""portability_type"" : ""PORTED_OUT"", ""req_uri_additional_parameters"" : ""phone-context=+44"", ""comment"" : null, ""bcr_product"" : ""RETAIL"", ""bcr_region"" : null}"
,8382,"{""id"" : 8382, ""input_prefix"" : ""INPUT_PREFIX"", ""routing_prefix"" : null, ""output_prefix"" : ""OUTPUT_PREFIX"", ""portability_type"" : ""OBS_OWNER"", ""req_uri_additional_parameters"" : null, ""comment"" : ""India legal scam number"", ""bcr_product"" : ""RETAIL"", ""bcr_region"" : null}"
,9122,"{""id"" : 9122, ""input_prefix"" : ""INPUT_PREFIX"", ""routing_prefix"" : ""phone-context=+44"", ""output_prefix"" : ""OUTPUT_PREFIX"", ""portability_type"" : ""PORTED_OUT"", ""req_uri_additional_parameters"" : ""phone-context=+44"", ""comment"" : null, ""bcr_product"" : ""RETAIL"", ""bcr_region"" : null}"
,8670,"{""id"" : 8670, ""input_prefix"" : ""INPUT_PREFIX"", ""routing_prefix"" : null, ""output_prefix"" : ""OUTPUT_PREFIX"", ""portability_type"" : ""OBS_OWNER"", ""req_uri_additional_parameters"" : null, ""comment"" : ""blocked"", ""bcr_product"" : ""RETAIL"", ""bcr_region"" : null}"
,6332,"{""id"" : 6332, ""input_prefix"" : ""INPUT_PREFIX"", ""routing_prefix"" : ""phone-context=+44"", ""output_prefix"" : ""OUTPUT_PREFIX"", ""portability_type"" : ""PORTED_OUT"", ""req_uri_additional_parameters"" : ""phone-context=+44"", ""comment"" : null, ""bcr_product"" : ""RETAIL"", ""bcr_region"" : null}"
,8682,"{""id"" : 8682, ""input_prefix"" : ""INPUT_PREFIX"", ""routing_prefix"" : ""phone-context=+44"", ""output_prefix"" : ""OUTPUT_PREFIX"", ""portability_type"" : ""PORTED_OUT"", ""req_uri_additional_parameters"" : ""phone-context=+44"", ""comment"" : null, ""bcr_product"" : ""RETAIL"", ""bcr_region"" : null}"
,8683,"{""id"" : 8683, ""input_prefix"" : ""INPUT_PREFIX"", ""routing_prefix"" : ""phone-context=+44"", ""output_prefix"" : ""OUTPUT_PREFIX"", ""portability_type"" : ""PORTED_OUT"", ""req_uri_additional_parameters"" : ""phone-context=+44"", ""comment"" : null, ""bcr_product"" : ""RETAIL"", ""bcr_region"" : null}"
,8689,"{""id"" : 8689, ""input_prefix"" : ""INPUT_PREFIX"", ""routing_prefix"" : ""phone-context=+44"", ""output_prefix"" : ""OUTPUT_PREFIX"", ""portability_type"" : ""PORTED_OUT"", ""req_uri_additional_parameters"" : ""phone-context=+44"", ""comment"" : null, ""bcr_product"" : ""RETAIL"", ""bcr_region"" : null}"
,8695,"{""id"" : 8695, ""input_prefix"" : ""INPUT_PREFIX"", ""routing_prefix"" : ""phone-context=+44"", ""output_prefix"" : ""OUTPUT_PREFIX"", ""portability_type"" : ""PORTED_OUT"", ""req_uri_additional_parameters"" : ""phone-context=+44"", ""comment"" : null, ""bcr_product"" : ""RETAIL"", ""bcr_region"" : null}"
,6333,"{""id"" : 6333, ""input_prefix"" : ""INPUT_PREFIX"", ""routing_prefix"" : ""phone-context=+44"", ""output_prefix"" : ""OUTPUT_PREFIX"", ""portability_type"" : ""PORTED_OUT"", ""req_uri_additional_parameters"" : ""phone-context=+44"", ""comment"" : null, ""bcr_product"" : ""RETAIL"", ""bcr_region"" : null}"
,6981,"{""id"" : 6981, ""input_prefix"" : ""INPUT_PREFIX"", ""routing_prefix"" : null, ""output_prefix"" : ""OUTPUT_PREFIX"", ""portability_type"" : ""OBS_OWNER"", ""req_uri_additional_parameters"" : null, ""comment"" : null, ""bcr_product"" : ""RETAIL"", ""bcr_region"" : null}"
,6339,"{""id"" : 6339, ""input_prefix"" : ""INPUT_PREFIX"", ""routing_prefix"" : ""phone-context=+44"", ""output_prefix"" : ""OUTPUT_PREFIX"", ""portability_type"" : ""PORTED_OUT"", ""req_uri_additional_parameters"" : ""phone-context=+44"", ""comment"" : null, ""bcr_product"" : ""RETAIL"", ""bcr_region"" : null}"
,7321,"{""id"" : 7321, ""input_prefix"" : ""INPUT_PREFIX"", ""routing_prefix"" : null, ""output_prefix"" : ""OUTPUT_PREFIX"", ""portability_type"" : ""OBS_OWNER"", ""req_uri_additional_parameters"" : null, ""comment"" : null, ""bcr_product"" : ""RETAIL"", ""bcr_region"" : null}"
,6346,"{""id"" : 6346, ""input_prefix"" : ""INPUT_PREFIX"", ""routing_prefix"" : ""phone-context=+44"", ""output_prefix"" : ""OUTPUT_PREFIX"", ""portability_type"" : ""PORTED_OUT"", ""req_uri_additional_parameters"" : ""phone-context=+44"", ""comment"" : null, ""bcr_product"" : ""RETAIL"", ""bcr_region"" : null}"
,6347,"{""id"" : 6347, ""input_prefix"" : ""INPUT_PREFIX"", ""routing_prefix"" : ""phone-context=+44"", ""output_prefix"" : ""OUTPUT_PREFIX"", ""portability_type"" : ""PORTED_OUT"", ""req_uri_additional_parameters"" : ""phone-context=+44"", ""comment"" : null, ""bcr_product"" : ""RETAIL"", ""bcr_region"" : null}"
,7602,"{""id"" : 7602, ""input_prefix"" : ""INPUT_PREFIX"", ""routing_prefix"" : null, ""output_prefix"" : ""OUTPUT_PREFIX"", ""portability_type"" : ""OBS_OWNER"", ""req_uri_additional_parameters"" : null, ""comment"" : ""Trapping for ticket 2002M33701 (CEVA calling Hapag Lloyd)"", ""bcr_product"" : ""RETAIL"", ""bcr_region"" : null}"
,6352,"{""id"" : 6352, ""input_prefix"" : ""INPUT_PREFIX"", ""routing_prefix"" : ""phone-context=+44"", ""output_prefix"" : ""OUTPUT_PREFIX"", ""portability_type"" : ""PORTED_OUT"", ""req_uri_additional_parameters"" : ""phone-context=+44"", ""comment"" : null, ""bcr_product"" : ""RETAIL"", ""bcr_region"" : null}"
,6353,"{""id"" : 6353, ""input_prefix"" : ""INPUT_PREFIX"", ""routing_prefix"" : ""phone-context=+44"", ""output_prefix"" : ""OUTPUT_PREFIX"", ""portability_type"" : ""PORTED_OUT"", ""req_uri_additional_parameters"" : ""phone-context=+44"", ""comment"" : null, ""bcr_product"" : ""RETAIL"", ""bcr_region"" : null}"
,7622,"{""id"" : 7622, ""input_prefix"" : ""INPUT_PREFIX"", ""routing_prefix"" : null, ""output_prefix"" : ""OUTPUT_PREFIX"", ""portability_type"" : ""PORTED_OUT"", ""req_uri_additional_parameters"" : null, ""comment"" : ""2002P12618 - allow traffic temp"", ""bcr_product"" : ""RETAIL"", ""bcr_region"" : null}"
,7643,"{""id"" : 7643, ""input_prefix"" : ""INPUT_PREFIX"", ""routing_prefix"" : null, ""output_prefix"" : ""OUTPUT_PREFIX"", ""portability_type"" : ""PORTED_OUT"", ""req_uri_additional_parameters"" : null, ""comment"" : null, ""bcr_product"" : ""RETAIL"", ""bcr_region"" : null}"
,7703,"{""id"" : 7703, ""input_prefix"" : ""INPUT_PREFIX"", ""routing_prefix"" : null, ""output_prefix"" : ""OUTPUT_PREFIX"", ""portability_type"" : ""OBS_OWNER"", ""req_uri_additional_parameters"" : null, ""comment"" : ""XIP202003-09760 "", ""bcr_product"" : ""RETAIL"", ""bcr_region"" : null}"
,7707,"{""id"" : 7707, ""input_prefix"" : ""INPUT_PREFIX"", ""routing_prefix"" : null, ""output_prefix"" : ""OUTPUT_PREFIX"", ""portability_type"" : ""OBS_OWNER"", ""req_uri_additional_parameters"" : null, ""comment"" : ""XIP202004-00978"", ""bcr_product"" : ""RETAIL"", ""bcr_region"" : null}"
,7804,"{""id"" : 7804, ""input_prefix"" : ""INPUT_PREFIX"", ""routing_prefix"" : null, ""output_prefix"" : ""OUTPUT_PREFIX"", ""portability_type"" : ""OBS_OWNER"", ""req_uri_additional_parameters"" : null, ""comment"" : ""Scam number India legal"", ""bcr_product"" : ""RETAIL"", ""bcr_region"" : null}"
,7806,"{""id"" : 7806, ""input_prefix"" : ""INPUT_PREFIX"", ""routing_prefix"" : null, ""output_prefix"" : ""OUTPUT_PREFIX"", ""portability_type"" : ""OBS_OWNER"", ""req_uri_additional_parameters"" : null, ""comment"" : ""Scam number  India legal"", ""bcr_product"" : ""RETAIL"", ""bcr_region"" : null}"
,12286,"{""id"" : 12286, ""input_prefix"" : ""INPUT_PREFIX"", ""routing_prefix"" : null, ""output_prefix"" : ""OUTPUT_PREFIX"", ""portability_type"" : ""PORTED_OUT"", ""req_uri_additional_parameters"" : null, ""comment"" : null, ""bcr_product"" : ""RETAIL"", ""bcr_region"" : null}"
,7061,"{""id"" : 7061, ""input_prefix"" : ""INPUT_PREFIX"", ""routing_prefix"" : null, ""output_prefix"" : ""OUTPUT_PREFIX"", ""portability_type"" : ""OBS_OWNER"", ""req_uri_additional_parameters"" : null, ""comment"" : ""BCR in Hookah action 015 for 31203059601"", ""bcr_product"" : ""RETAIL"", ""bcr_region"" : null}"
,6356,"{""id"" : 6356, ""input_prefix"" : ""INPUT_PREFIX"", ""routing_prefix"" : ""phone-context=+44"", ""output_prefix"" : ""OUTPUT_PREFIX"", ""portability_type"" : ""PORTED_OUT"", ""req_uri_additional_parameters"" : ""phone-context=+44"", ""comment"" : null, ""bcr_product"" : ""RETAIL"", ""bcr_region"" : null}"
,7809,"{""id"" : 7809, ""input_prefix"" : ""INPUT_PREFIX"", ""routing_prefix"" : null, ""output_prefix"" : ""OUTPUT_PREFIX"", ""portability_type"" : ""OBS_OWNER"", ""req_uri_additional_parameters"" : null, ""comment"" : ""Scam number India legal"", ""bcr_product"" : ""RETAIL"", ""bcr_region"" : null}"
,7821,"{""id"" : 7821, ""input_prefix"" : ""INPUT_PREFIX"", ""routing_prefix"" : null, ""output_prefix"" : ""OUTPUT_PREFIX"", ""portability_type"" : ""OBS_OWNER"", ""req_uri_additional_parameters"" : null, ""comment"" : ""Scam number India legal"", ""bcr_product"" : ""RETAIL"", ""bcr_region"" : null}"
,6362,"{""id"" : 6362, ""input_prefix"" : ""INPUT_PREFIX"", ""routing_prefix"" : ""phone-context=+44"", ""output_prefix"" : ""OUTPUT_PREFIX"", ""portability_type"" : ""PORTED_OUT"", ""req_uri_additional_parameters"" : ""phone-context=+44"", ""comment"" : null, ""bcr_product"" : ""RETAIL"", ""bcr_region"" : null}"
,6363,"{""id"" : 6363, ""input_prefix"" : ""INPUT_PREFIX"", ""routing_prefix"" : ""phone-context=+44"", ""output_prefix"" : ""OUTPUT_PREFIX"", ""portability_type"" : ""PORTED_OUT"", ""req_uri_additional_parameters"" : ""phone-context=+44"", ""comment"" : null, ""bcr_product"" : ""RETAIL"", ""bcr_region"" : null}"
,7923,"{""id"" : 7923, ""input_prefix"" : ""INPUT_PREFIX"", ""routing_prefix"" : null, ""output_prefix"" : ""OUTPUT_PREFIX"", ""portability_type"" : ""OBS_OWNER"", ""req_uri_additional_parameters"" : null, ""comment"" : ""VCH: force routing offnet for Radcom"", ""bcr_product"" : ""RETAIL"", ""bcr_region"" : null}"
,6365,"{""id"" : 6365, ""input_prefix"" : ""INPUT_PREFIX"", ""routing_prefix"" : ""phone-context=+44"", ""output_prefix"" : ""OUTPUT_PREFIX"", ""portability_type"" : ""PORTED_OUT"", ""req_uri_additional_parameters"" : ""phone-context=+44"", ""comment"" : null, ""bcr_product"" : ""RETAIL"", ""bcr_region"" : null}"
,6366,"{""id"" : 6366, ""input_prefix"" : ""INPUT_PREFIX"", ""routing_prefix"" : ""phone-context=+44"", ""output_prefix"" : ""OUTPUT_PREFIX"", ""portability_type"" : ""PORTED_OUT"", ""req_uri_additional_parameters"" : ""phone-context=+44"", ""comment"" : null, ""bcr_product"" : ""RETAIL"", ""bcr_region"" : null}"
,7925,"{""id"" : 7925, ""input_prefix"" : ""INPUT_PREFIX"", ""routing_prefix"" : null, ""output_prefix"" : ""OUTPUT_PREFIX"", ""portability_type"" : ""OBS_OWNER"", ""req_uri_additional_parameters"" : null, ""comment"" : ""VCH: force routing offnet for Radcom"", ""bcr_product"" : ""RETAIL"", ""bcr_region"" : null}"
,6368,"{""id"" : 6368, ""input_prefix"" : ""INPUT_PREFIX"", ""routing_prefix"" : ""phone-context=+44"", ""output_prefix"" : ""OUTPUT_PREFIX"", ""portability_type"" : ""PORTED_OUT"", ""req_uri_additional_parameters"" : ""phone-context=+44"", ""comment"" : null, ""bcr_product"" : ""RETAIL"", ""bcr_region"" : null}"
,6369,"{""id"" : 6369, ""input_prefix"" : ""INPUT_PREFIX"", ""routing_prefix"" : ""phone-context=+44"", ""output_prefix"" : ""OUTPUT_PREFIX"", ""portability_type"" : ""PORTED_OUT"", ""req_uri_additional_parameters"" : ""phone-context=+44"", ""comment"" : null, ""bcr_product"" : ""RETAIL"", ""bcr_region"" : null}"
,6441,"{""id"" : 6441, ""input_prefix"" : ""INPUT_PREFIX"", ""routing_prefix"" : ""phone-context=+44"", ""output_prefix"" : ""OUTPUT_PREFIX"", ""portability_type"" : ""PORTED_OUT"", ""req_uri_additional_parameters"" : ""phone-context=+44"", ""comment"" : null, ""bcr_product"" : ""RETAIL"", ""bcr_region"" : null}"
,6370,"{""id"" : 6370, ""input_prefix"" : ""INPUT_PREFIX"", ""routing_prefix"" : ""phone-context=+44"", ""output_prefix"" : ""OUTPUT_PREFIX"", ""portability_type"" : ""PORTED_OUT"", ""req_uri_additional_parameters"" : ""phone-context=+44"", ""comment"" : null, ""bcr_product"" : ""RETAIL"", ""bcr_region"" : null}"
,8005,"{""id"" : 8005, ""input_prefix"" : ""INPUT_PREFIX"", ""routing_prefix"" : null, ""output_prefix"" : ""OUTPUT_PREFIX"", ""portability_type"" : ""OBS_OWNER"", ""req_uri_additional_parameters"" : null, ""comment"" : ""Scam number India legal"", ""bcr_product"" : ""RETAIL"", ""bcr_region"" : null}"
,6372,"{""id"" : 6372, ""input_prefix"" : ""INPUT_PREFIX"", ""routing_prefix"" : ""phone-context=+44"", ""output_prefix"" : ""OUTPUT_PREFIX"", ""portability_type"" : ""PORTED_OUT"", ""req_uri_additional_parameters"" : ""phone-context=+44"", ""comment"" : null, ""bcr_product"" : ""RETAIL"", ""bcr_region"" : null}"
,8007,"{""id"" : 8007, ""input_prefix"" : ""INPUT_PREFIX"", ""routing_prefix"" : null, ""output_prefix"" : ""OUTPUT_PREFIX"", ""portability_type"" : ""OBS_OWNER"", ""req_uri_additional_parameters"" : null, ""comment"" : ""Scam number India legal"", ""bcr_product"" : ""RETAIL"", ""bcr_region"" : null}"
,8023,"{""id"" : 8023, ""input_prefix"" : ""INPUT_PREFIX"", ""routing_prefix"" : null, ""output_prefix"" : ""OUTPUT_PREFIX"", ""portability_type"" : ""OBS_OWNER"", ""req_uri_additional_parameters"" : null, ""comment"" : ""Scam number India legal request"", ""bcr_product"" : ""RETAIL"", ""bcr_region"" : null}"
,8051,"{""id"" : 8051, ""input_prefix"" : ""INPUT_PREFIX"", ""routing_prefix"" : null, ""output_prefix"" : ""OUTPUT_PREFIX"", ""portability_type"" : ""OBS_OWNER"", ""req_uri_additional_parameters"" : null, ""comment"" : ""Scam number India legal"", ""bcr_product"" : ""RETAIL"", ""bcr_region"" : null}"
,8060,"{""id"" : 8060, ""input_prefix"" : ""INPUT_PREFIX"", ""routing_prefix"" : null, ""output_prefix"" : ""OUTPUT_PREFIX"", ""portability_type"" : ""OBS_OWNER"", ""req_uri_additional_parameters"" : null, ""comment"" : ""Scam number India legal"", ""bcr_product"" : ""RETAIL"", ""bcr_region"" : null}"
,6195,"{""id"" : 6195, ""input_prefix"" : ""INPUT_PREFIX"", ""routing_prefix"" : ""phone-context=+44"", ""output_prefix"" : ""OUTPUT_PREFIX"", ""portability_type"" : ""PORTED_OUT"", ""req_uri_additional_parameters"" : ""phone-context=+44"", ""comment"" : ""null migrated to NBI 06500089 from 05118028 and phone-context=nprtspa.126.PORprefix F ALLBACK  FALLBACK  migrated to NBI 06500089 from 05118028 and phone-context=nprtspa.126.PORprefix"", ""bcr_product"" : ""RETAIL"", ""bcr_region"" : null}"
,6199,"{""id"" : 6199, ""input_prefix"" : ""INPUT_PREFIX"", ""routing_prefix"" : ""phone-context=+44"", ""output_prefix"" : ""OUTPUT_PREFIX"", ""portability_type"" : ""PORTED_OUT"", ""req_uri_additional_parameters"" : ""phone-context=+44"", ""comment"" : ""null migrated to NBI 06500089 from 05118028 and phone-context=nprtspa.126.PORprefix F ALLBACK  FALLBACK  migrated to NBI 06500089 from 05118028 and phone-context=nprtspa.126.PORprefix"", ""bcr_product"" : ""RETAIL"", ""bcr_region"" : null}"
,6390,"{""id"" : 6390, ""input_prefix"" : ""INPUT_PREFIX"", ""routing_prefix"" : ""phone-context=+44"", ""output_prefix"" : ""OUTPUT_PREFIX"", ""portability_type"" : ""PORTED_OUT"", ""req_uri_additional_parameters"" : ""phone-context=+44"", ""comment"" : null, ""bcr_product"" : ""RETAIL"", ""bcr_region"" : null}"
,6392,"{""id"" : 6392, ""input_prefix"" : ""INPUT_PREFIX"", ""routing_prefix"" : ""phone-context=+44"", ""output_prefix"" : ""OUTPUT_PREFIX"", ""portability_type"" : ""PORTED_OUT"", ""req_uri_additional_parameters"" : ""phone-context=+44"", ""comment"" : null, ""bcr_product"" : ""RETAIL"", ""bcr_region"" : null}"
,6394,"{""id"" : 6394, ""input_prefix"" : ""INPUT_PREFIX"", ""routing_prefix"" : ""phone-context=+44"", ""output_prefix"" : ""OUTPUT_PREFIX"", ""portability_type"" : ""PORTED_OUT"", ""req_uri_additional_parameters"" : ""phone-context=+44"", ""comment"" : null, ""bcr_product"" : ""RETAIL"", ""bcr_region"" : null}"
,6395,"{""id"" : 6395, ""input_prefix"" : ""INPUT_PREFIX"", ""routing_prefix"" : ""phone-context=+44"", ""output_prefix"" : ""OUTPUT_PREFIX"", ""portability_type"" : ""PORTED_OUT"", ""req_uri_additional_parameters"" : ""phone-context=+44"", ""comment"" : null, ""bcr_product"" : ""RETAIL"", ""bcr_region"" : null}"
,6397,"{""id"" : 6397, ""input_prefix"" : ""INPUT_PREFIX"", ""routing_prefix"" : ""phone-context=+44"", ""output_prefix"" : ""OUTPUT_PREFIX"", ""portability_type"" : ""PORTED_OUT"", ""req_uri_additional_parameters"" : ""phone-context=+44"", ""comment"" : null, ""bcr_product"" : ""RETAIL"", ""bcr_region"" : null}"
,6400,"{""id"" : 6400, ""input_prefix"" : ""INPUT_PREFIX"", ""routing_prefix"" : ""phone-context=+44"", ""output_prefix"" : ""OUTPUT_PREFIX"", ""portability_type"" : ""PORTED_OUT"", ""req_uri_additional_parameters"" : ""phone-context=+44"", ""comment"" : null, ""bcr_product"" : ""RETAIL"", ""bcr_region"" : null}"
,6401,"{""id"" : 6401, ""input_prefix"" : ""INPUT_PREFIX"", ""routing_prefix"" : ""phone-context=+44"", ""output_prefix"" : ""OUTPUT_PREFIX"", ""portability_type"" : ""PORTED_OUT"", ""req_uri_additional_parameters"" : ""phone-context=+44"", ""comment"" : null, ""bcr_product"" : ""RETAIL"", ""bcr_region"" : null}"
,6402,"{""id"" : 6402, ""input_prefix"" : ""INPUT_PREFIX"", ""routing_prefix"" : ""phone-context=+44"", ""output_prefix"" : ""OUTPUT_PREFIX"", ""portability_type"" : ""PORTED_OUT"", ""req_uri_additional_parameters"" : ""phone-context=+44"", ""comment"" : null, ""bcr_product"" : ""RETAIL"", ""bcr_region"" : null}"
,6403,"{""id"" : 6403, ""input_prefix"" : ""INPUT_PREFIX"", ""routing_prefix"" : ""phone-context=+44"", ""output_prefix"" : ""OUTPUT_PREFIX"", ""portability_type"" : ""PORTED_OUT"", ""req_uri_additional_parameters"" : ""phone-context=+44"", ""comment"" : null, ""bcr_product"" : ""RETAIL"", ""bcr_region"" : null}"
,6404,"{""id"" : 6404, ""input_prefix"" : ""INPUT_PREFIX"", ""routing_prefix"" : ""phone-context=+44"", ""output_prefix"" : ""OUTPUT_PREFIX"", ""portability_type"" : ""PORTED_OUT"", ""req_uri_additional_parameters"" : ""phone-context=+44"", ""comment"" : null, ""bcr_product"" : ""RETAIL"", ""bcr_region"" : null}"
,6405,"{""id"" : 6405, ""input_prefix"" : ""INPUT_PREFIX"", ""routing_prefix"" : ""phone-context=+44"", ""output_prefix"" : ""OUTPUT_PREFIX"", ""portability_type"" : ""PORTED_OUT"", ""req_uri_additional_parameters"" : ""phone-context=+44"", ""comment"" : null, ""bcr_product"" : ""RETAIL"", ""bcr_region"" : null}"
,8687,"{""id"" : 8687, ""input_prefix"" : ""INPUT_PREFIX"", ""routing_prefix"" : ""phone-context=+44"", ""output_prefix"" : ""OUTPUT_PREFIX"", ""portability_type"" : ""PORTED_OUT"", ""req_uri_additional_parameters"" : ""phone-context=+44"", ""comment"" : null, ""bcr_product"" : ""RETAIL"", ""bcr_region"" : null}"
,8691,"{""id"" : 8691, ""input_prefix"" : ""INPUT_PREFIX"", ""routing_prefix"" : ""phone-context=+44"", ""output_prefix"" : ""OUTPUT_PREFIX"", ""portability_type"" : ""PORTED_OUT"", ""req_uri_additional_parameters"" : ""phone-context=+44"", ""comment"" : null, ""bcr_product"" : ""RETAIL"", ""bcr_region"" : null}"
,8702,"{""id"" : 8702, ""input_prefix"" : ""INPUT_PREFIX"", ""routing_prefix"" : ""phone-context=+44"", ""output_prefix"" : ""OUTPUT_PREFIX"", ""portability_type"" : ""PORTED_OUT"", ""req_uri_additional_parameters"" : ""phone-context=+44"", ""comment"" : null, ""bcr_product"" : ""RETAIL"", ""bcr_region"" : null}"
,6406,"{""id"" : 6406, ""input_prefix"" : ""INPUT_PREFIX"", ""routing_prefix"" : ""phone-context=+44"", ""output_prefix"" : ""OUTPUT_PREFIX"", ""portability_type"" : ""PORTED_OUT"", ""req_uri_additional_parameters"" : ""phone-context=+44"", ""comment"" : ""null migrated to NBI 06500089 from 05126021 and phone-context=nprtspa.126.PORprefix F ALLBACK  FALLBACK  migrated to NBI 06500089 from 05118028 and phone-context=nprtspa.126.PORprefix"", ""bcr_product"" : ""RETAIL"", ""bcr_region"" : null}"
,6407,"{""id"" : 6407, ""input_prefix"" : ""INPUT_PREFIX"", ""routing_prefix"" : ""phone-context=+44"", ""output_prefix"" : ""OUTPUT_PREFIX"", ""portability_type"" : ""PORTED_OUT"", ""req_uri_additional_parameters"" : ""phone-context=+44"", ""comment"" : ""null migrated to NBI 06500089 from 05126021 and phone-context=nprtspa.126.PORprefix F ALLBACK  FALLBACK  migrated to NBI 06500089 from 05118028 and phone-context=nprtspa.126.PORprefix"", ""bcr_product"" : ""RETAIL"", ""bcr_region"" : null}"
,6481,"{""id"" : 6481, ""input_prefix"" : ""INPUT_PREFIX"", ""routing_prefix"" : ""phone-context=+44"", ""output_prefix"" : ""OUTPUT_PREFIX"", ""portability_type"" : ""PORTED_OUT"", ""req_uri_additional_parameters"" : ""phone-context=+44"", ""comment"" : ""BCR in Hookah port out 4433058764 05118010505069033058764 nprtspa"", ""bcr_product"" : ""RETAIL"", ""bcr_region"" : null}"
,6501,"{""id"" : 6501, ""input_prefix"" : ""INPUT_PREFIX"", ""routing_prefix"" : ""phone-context=+44"", ""output_prefix"" : ""OUTPUT_PREFIX"", ""portability_type"" : ""PORTED_OUT"", ""req_uri_additional_parameters"" : ""phone-context=+44"", ""comment"" : ""BCR in Hookah port out 4433058763 05118010505069033058763 nprtspa"", ""bcr_product"" : ""RETAIL"", ""bcr_region"" : null}"
,5103,"{""id"" : 5103, ""input_prefix"" : ""INPUT_PREFIX"", ""routing_prefix"" : ""phone-context=+44"", ""output_prefix"" : ""OUTPUT_PREFIX"", ""portability_type"" : ""PORTED_OUT"", ""req_uri_additional_parameters"" : ""phone-context=+44"", ""comment"" : null, ""bcr_product"" : ""RETAIL"", ""bcr_region"" : null}"
,5104,"{""id"" : 5104, ""input_prefix"" : ""INPUT_PREFIX"", ""routing_prefix"" : ""phone-context=+44"", ""output_prefix"" : ""OUTPUT_PREFIX"", ""portability_type"" : ""PORTED_OUT"", ""req_uri_additional_parameters"" : ""phone-context=+44"", ""comment"" : null, ""bcr_product"" : ""RETAIL"", ""bcr_region"" : null}"
,5105,"{""id"" : 5105, ""input_prefix"" : ""INPUT_PREFIX"", ""routing_prefix"" : ""phone-context=+44"", ""output_prefix"" : ""OUTPUT_PREFIX"", ""portability_type"" : ""PORTED_OUT"", ""req_uri_additional_parameters"" : ""phone-context=+44"", ""comment"" : null, ""bcr_product"" : ""RETAIL"", ""bcr_region"" : null}"
,5106,"{""id"" : 5106, ""input_prefix"" : ""INPUT_PREFIX"", ""routing_prefix"" : ""phone-context=+44"", ""output_prefix"" : ""OUTPUT_PREFIX"", ""portability_type"" : ""PORTED_OUT"", ""req_uri_additional_parameters"" : ""phone-context=+44"", ""comment"" : null, ""bcr_product"" : ""RETAIL"", ""bcr_region"" : null}"
,5107,"{""id"" : 5107, ""input_prefix"" : ""INPUT_PREFIX"", ""routing_prefix"" : ""phone-context=+44"", ""output_prefix"" : ""OUTPUT_PREFIX"", ""portability_type"" : ""PORTED_OUT"", ""req_uri_additional_parameters"" : ""phone-context=+44"", ""comment"" : null, ""bcr_product"" : ""RETAIL"", ""bcr_region"" : null}"
,5108,"{""id"" : 5108, ""input_prefix"" : ""INPUT_PREFIX"", ""routing_prefix"" : ""phone-context=+44"", ""output_prefix"" : ""OUTPUT_PREFIX"", ""portability_type"" : ""PORTED_OUT"", ""req_uri_additional_parameters"" : ""phone-context=+44"", ""comment"" : null, ""bcr_product"" : ""RETAIL"", ""bcr_region"" : null}"
,5109,"{""id"" : 5109, ""input_prefix"" : ""INPUT_PREFIX"", ""routing_prefix"" : ""phone-context=+44"", ""output_prefix"" : ""OUTPUT_PREFIX"", ""portability_type"" : ""PORTED_OUT"", ""req_uri_additional_parameters"" : ""phone-context=+44"", ""comment"" : null, ""bcr_product"" : ""RETAIL"", ""bcr_region"" : null}"
,8703,"{""id"" : 8703, ""input_prefix"" : ""INPUT_PREFIX"", ""routing_prefix"" : ""phone-context=+44"", ""output_prefix"" : ""OUTPUT_PREFIX"", ""portability_type"" : ""PORTED_OUT"", ""req_uri_additional_parameters"" : ""phone-context=+44"", ""comment"" : null, ""bcr_product"" : ""RETAIL"", ""bcr_region"" : null}"
,5110,"{""id"" : 5110, ""input_prefix"" : ""INPUT_PREFIX"", ""routing_prefix"" : ""phone-context=+44"", ""output_prefix"" : ""OUTPUT_PREFIX"", ""portability_type"" : ""PORTED_OUT"", ""req_uri_additional_parameters"" : ""phone-context=+44"", ""comment"" : null, ""bcr_product"" : ""RETAIL"", ""bcr_region"" : null}"
,5111,"{""id"" : 5111, ""input_prefix"" : ""INPUT_PREFIX"", ""routing_prefix"" : ""phone-context=+44"", ""output_prefix"" : ""OUTPUT_PREFIX"", ""portability_type"" : ""PORTED_OUT"", ""req_uri_additional_parameters"" : ""phone-context=+44"", ""comment"" : null, ""bcr_product"" : ""RETAIL"", ""bcr_region"" : null}"
,5112,"{""id"" : 5112, ""input_prefix"" : ""INPUT_PREFIX"", ""routing_prefix"" : ""phone-context=+44"", ""output_prefix"" : ""OUTPUT_PREFIX"", ""portability_type"" : ""PORTED_OUT"", ""req_uri_additional_parameters"" : ""phone-context=+44"", ""comment"" : null, ""bcr_product"" : ""RETAIL"", ""bcr_region"" : null}"
,5113,"{""id"" : 5113, ""input_prefix"" : ""INPUT_PREFIX"", ""routing_prefix"" : ""phone-context=+44"", ""output_prefix"" : ""OUTPUT_PREFIX"", ""portability_type"" : ""PORTED_OUT"", ""req_uri_additional_parameters"" : ""phone-context=+44"", ""comment"" : null, ""bcr_product"" : ""RETAIL"", ""bcr_region"" : null}"
,5114,"{""id"" : 5114, ""input_prefix"" : ""INPUT_PREFIX"", ""routing_prefix"" : ""phone-context=+44"", ""output_prefix"" : ""OUTPUT_PREFIX"", ""portability_type"" : ""PORTED_OUT"", ""req_uri_additional_parameters"" : ""phone-context=+44"", ""comment"" : null, ""bcr_product"" : ""RETAIL"", ""bcr_region"" : null}"
,8722,"{""id"" : 8722, ""input_prefix"" : ""INPUT_PREFIX"", ""routing_prefix"" : ""phone-context=+44"", ""output_prefix"" : ""OUTPUT_PREFIX"", ""portability_type"" : ""PORTED_OUT"", ""req_uri_additional_parameters"" : ""phone-context=+44"", ""comment"" : null, ""bcr_product"" : ""RETAIL"", ""bcr_region"" : null}"
,5115,"{""id"" : 5115, ""input_prefix"" : ""INPUT_PREFIX"", ""routing_prefix"" : ""phone-context=+44"", ""output_prefix"" : ""OUTPUT_PREFIX"", ""portability_type"" : ""PORTED_OUT"", ""req_uri_additional_parameters"" : ""phone-context=+44"", ""comment"" : null, ""bcr_product"" : ""RETAIL"", ""bcr_region"" : null}"
,5116,"{""id"" : 5116, ""input_prefix"" : ""INPUT_PREFIX"", ""routing_prefix"" : ""phone-context=+44"", ""output_prefix"" : ""OUTPUT_PREFIX"", ""portability_type"" : ""PORTED_OUT"", ""req_uri_additional_parameters"" : ""phone-context=+44"", ""comment"" : null, ""bcr_product"" : ""RETAIL"", ""bcr_region"" : null}"
,5117,"{""id"" : 5117, ""input_prefix"" : ""INPUT_PREFIX"", ""routing_prefix"" : ""phone-context=+44"", ""output_prefix"" : ""OUTPUT_PREFIX"", ""portability_type"" : ""PORTED_OUT"", ""req_uri_additional_parameters"" : ""phone-context=+44"", ""comment"" : null, ""bcr_product"" : ""RETAIL"", ""bcr_region"" : null}"
,5118,"{""id"" : 5118, ""input_prefix"" : ""INPUT_PREFIX"", ""routing_prefix"" : ""phone-context=+44"", ""output_prefix"" : ""OUTPUT_PREFIX"", ""portability_type"" : ""PORTED_OUT"", ""req_uri_additional_parameters"" : ""phone-context=+44"", ""comment"" : null, ""bcr_product"" : ""RETAIL"", ""bcr_region"" : null}"
,5119,"{""id"" : 5119, ""input_prefix"" : ""INPUT_PREFIX"", ""routing_prefix"" : ""phone-context=+44"", ""output_prefix"" : ""OUTPUT_PREFIX"", ""portability_type"" : ""PORTED_OUT"", ""req_uri_additional_parameters"" : ""phone-context=+44"", ""comment"" : null, ""bcr_product"" : ""RETAIL"", ""bcr_region"" : null}"
,5120,"{""id"" : 5120, ""input_prefix"" : ""INPUT_PREFIX"", ""routing_prefix"" : ""phone-context=+44"", ""output_prefix"" : ""OUTPUT_PREFIX"", ""portability_type"" : ""PORTED_OUT"", ""req_uri_additional_parameters"" : ""phone-context=+44"", ""comment"" : null, ""bcr_product"" : ""RETAIL"", ""bcr_region"" : null}"
,5121,"{""id"" : 5121, ""input_prefix"" : ""INPUT_PREFIX"", ""routing_prefix"" : ""phone-context=+44"", ""output_prefix"" : ""OUTPUT_PREFIX"", ""portability_type"" : ""PORTED_OUT"", ""req_uri_additional_parameters"" : ""phone-context=+44"", ""comment"" : null, ""bcr_product"" : ""RETAIL"", ""bcr_region"" : null}"
,5122,"{""id"" : 5122, ""input_prefix"" : ""INPUT_PREFIX"", ""routing_prefix"" : ""phone-context=+44"", ""output_prefix"" : ""OUTPUT_PREFIX"", ""portability_type"" : ""PORTED_OUT"", ""req_uri_additional_parameters"" : ""phone-context=+44"", ""comment"" : null, ""bcr_product"" : ""RETAIL"", ""bcr_region"" : null}"
,5123,"{""id"" : 5123, ""input_prefix"" : ""INPUT_PREFIX"", ""routing_prefix"" : ""phone-context=+44"", ""output_prefix"" : ""OUTPUT_PREFIX"", ""portability_type"" : ""PORTED_OUT"", ""req_uri_additional_parameters"" : ""phone-context=+44"", ""comment"" : null, ""bcr_product"" : ""RETAIL"", ""bcr_region"" : null}"
,5124,"{""id"" : 5124, ""input_prefix"" : ""INPUT_PREFIX"", ""routing_prefix"" : ""phone-context=+44"", ""output_prefix"" : ""OUTPUT_PREFIX"", ""portability_type"" : ""PORTED_OUT"", ""req_uri_additional_parameters"" : ""phone-context=+44"", ""comment"" : null, ""bcr_product"" : ""RETAIL"", ""bcr_region"" : null}"
,5125,"{""id"" : 5125, ""input_prefix"" : ""INPUT_PREFIX"", ""routing_prefix"" : ""phone-context=+44"", ""output_prefix"" : ""OUTPUT_PREFIX"", ""portability_type"" : ""PORTED_OUT"", ""req_uri_additional_parameters"" : ""phone-context=+44"", ""comment"" : null, ""bcr_product"" : ""RETAIL"", ""bcr_region"" : null}"
,5126,"{""id"" : 5126, ""input_prefix"" : ""INPUT_PREFIX"", ""routing_prefix"" : ""phone-context=+44"", ""output_prefix"" : ""OUTPUT_PREFIX"", ""portability_type"" : ""PORTED_OUT"", ""req_uri_additional_parameters"" : ""phone-context=+44"", ""comment"" : null, ""bcr_product"" : ""RETAIL"", ""bcr_region"" : null}"
,5128,"{""id"" : 5128, ""input_prefix"" : ""INPUT_PREFIX"", ""routing_prefix"" : ""phone-context=+44"", ""output_prefix"" : ""OUTPUT_PREFIX"", ""portability_type"" : ""PORTED_OUT"", ""req_uri_additional_parameters"" : ""phone-context=+44"", ""comment"" : ""null migrated to NBI 06500089 from 05118028 and phone-context=nprtspa.126.PORprefix F ALLBACK  FALLBACK  migrated to NBI 06500089 from 05118028 and phone-context=nprtspa.126.PORprefix"", ""bcr_product"" : ""RETAIL"", ""bcr_region"" : null}"
,5129,"{""id"" : 5129, ""input_prefix"" : ""INPUT_PREFIX"", ""routing_prefix"" : ""phone-context=+44"", ""output_prefix"" : ""OUTPUT_PREFIX"", ""portability_type"" : ""PORTED_OUT"", ""req_uri_additional_parameters"" : ""phone-context=+44"", ""comment"" : null, ""bcr_product"" : ""RETAIL"", ""bcr_region"" : null}"
,5132,"{""id"" : 5132, ""input_prefix"" : ""INPUT_PREFIX"", ""routing_prefix"" : ""phone-context=+44"", ""output_prefix"" : ""OUTPUT_PREFIX"", ""portability_type"" : ""PORTED_OUT"", ""req_uri_additional_parameters"" : ""phone-context=+44"", ""comment"" : null, ""bcr_product"" : ""RETAIL"", ""bcr_region"" : null}"
,5133,"{""id"" : 5133, ""input_prefix"" : ""INPUT_PREFIX"", ""routing_prefix"" : ""phone-context=+44"", ""output_prefix"" : ""OUTPUT_PREFIX"", ""portability_type"" : ""PORTED_OUT"", ""req_uri_additional_parameters"" : ""phone-context=+44"", ""comment"" : null, ""bcr_product"" : ""RETAIL"", ""bcr_region"" : null}"
,5134,"{""id"" : 5134, ""input_prefix"" : ""INPUT_PREFIX"", ""routing_prefix"" : ""phone-context=+44"", ""output_prefix"" : ""OUTPUT_PREFIX"", ""portability_type"" : ""PORTED_OUT"", ""req_uri_additional_parameters"" : ""phone-context=+44"", ""comment"" : null, ""bcr_product"" : ""RETAIL"", ""bcr_region"" : null}"
,5135,"{""id"" : 5135, ""input_prefix"" : ""INPUT_PREFIX"", ""routing_prefix"" : ""phone-context=+44"", ""output_prefix"" : ""OUTPUT_PREFIX"", ""portability_type"" : ""PORTED_OUT"", ""req_uri_additional_parameters"" : ""phone-context=+44"", ""comment"" : null, ""bcr_product"" : ""RETAIL"", ""bcr_region"" : null}"
,5137,"{""id"" : 5137, ""input_prefix"" : ""INPUT_PREFIX"", ""routing_prefix"" : ""phone-context=+44"", ""output_prefix"" : ""OUTPUT_PREFIX"", ""portability_type"" : ""PORTED_OUT"", ""req_uri_additional_parameters"" : ""phone-context=+44"", ""comment"" : null, ""bcr_product"" : ""RETAIL"", ""bcr_region"" : null}"
,5138,"{""id"" : 5138, ""input_prefix"" : ""INPUT_PREFIX"", ""routing_prefix"" : ""phone-context=+44"", ""output_prefix"" : ""OUTPUT_PREFIX"", ""portability_type"" : ""PORTED_OUT"", ""req_uri_additional_parameters"" : ""phone-context=+44"", ""comment"" : null, ""bcr_product"" : ""RETAIL"", ""bcr_region"" : null}"
,5139,"{""id"" : 5139, ""input_prefix"" : ""INPUT_PREFIX"", ""routing_prefix"" : ""phone-context=+44"", ""output_prefix"" : ""OUTPUT_PREFIX"", ""portability_type"" : ""PORTED_OUT"", ""req_uri_additional_parameters"" : ""phone-context=+44"", ""comment"" : null, ""bcr_product"" : ""RETAIL"", ""bcr_region"" : null}"
,5140,"{""id"" : 5140, ""input_prefix"" : ""INPUT_PREFIX"", ""routing_prefix"" : ""phone-context=+44"", ""output_prefix"" : ""OUTPUT_PREFIX"", ""portability_type"" : ""PORTED_OUT"", ""req_uri_additional_parameters"" : ""phone-context=+44"", ""comment"" : null, ""bcr_product"" : ""RETAIL"", ""bcr_region"" : null}"
,5141,"{""id"" : 5141, ""input_prefix"" : ""INPUT_PREFIX"", ""routing_prefix"" : ""phone-context=+44"", ""output_prefix"" : ""OUTPUT_PREFIX"", ""portability_type"" : ""PORTED_OUT"", ""req_uri_additional_parameters"" : ""phone-context=+44"", ""comment"" : ""null migrated to NBI 06500089 from 05118028 and phone-context=nprtspa.126.PORprefix F ALLBACK  FALLBACK  migrated to NBI 06500089 from 05118028 and phone-context=nprtspa.126.PORprefix"", ""bcr_product"" : ""RETAIL"", ""bcr_region"" : null}"
,5142,"{""id"" : 5142, ""input_prefix"" : ""INPUT_PREFIX"", ""routing_prefix"" : ""phone-context=+44"", ""output_prefix"" : ""OUTPUT_PREFIX"", ""portability_type"" : ""PORTED_OUT"", ""req_uri_additional_parameters"" : ""phone-context=+44"", ""comment"" : null, ""bcr_product"" : ""RETAIL"", ""bcr_region"" : null}"
,5143,"{""id"" : 5143, ""input_prefix"" : ""INPUT_PREFIX"", ""routing_prefix"" : ""phone-context=+44"", ""output_prefix"" : ""OUTPUT_PREFIX"", ""portability_type"" : ""PORTED_OUT"", ""req_uri_additional_parameters"" : ""phone-context=+44"", ""comment"" : ""null migrated to NBI 06500089 from 05118028 and phone-context=nprtspa.126.PORprefix F ALLBACK  FALLBACK  migrated to NBI 06500089 from 05118028 and phone-context=nprtspa.126.PORprefix"", ""bcr_product"" : ""RETAIL"", ""bcr_region"" : null}"
,5144,"{""id"" : 5144, ""input_prefix"" : ""INPUT_PREFIX"", ""routing_prefix"" : ""phone-context=+44"", ""output_prefix"" : ""OUTPUT_PREFIX"", ""portability_type"" : ""PORTED_OUT"", ""req_uri_additional_parameters"" : ""phone-context=+44"", ""comment"" : null, ""bcr_product"" : ""RETAIL"", ""bcr_region"" : null}"
,5146,"{""id"" : 5146, ""input_prefix"" : ""INPUT_PREFIX"", ""routing_prefix"" : ""phone-context=+44"", ""output_prefix"" : ""OUTPUT_PREFIX"", ""portability_type"" : ""PORTED_OUT"", ""req_uri_additional_parameters"" : ""phone-context=+44"", ""comment"" : ""null migrated to NBI 06500089 from 05118028 and phone-context=nprtspa.126.PORprefix F ALLBACK  FALLBACK  migrated to NBI 06500089 from 05118028 and phone-context=nprtspa.126.PORprefix"", ""bcr_product"" : ""RETAIL"", ""bcr_region"" : null}"
,5149,"{""id"" : 5149, ""input_prefix"" : ""INPUT_PREFIX"", ""routing_prefix"" : ""phone-context=+44"", ""output_prefix"" : ""OUTPUT_PREFIX"", ""portability_type"" : ""PORTED_OUT"", ""req_uri_additional_parameters"" : ""phone-context=+44"", ""comment"" : null, ""bcr_product"" : ""RETAIL"", ""bcr_region"" : null}"
,5150,"{""id"" : 5150, ""input_prefix"" : ""INPUT_PREFIX"", ""routing_prefix"" : ""phone-context=+44"", ""output_prefix"" : ""OUTPUT_PREFIX"", ""portability_type"" : ""PORTED_OUT"", ""req_uri_additional_parameters"" : ""phone-context=+44"", ""comment"" : null, ""bcr_product"" : ""RETAIL"", ""bcr_region"" : null}"
,5151,"{""id"" : 5151, ""input_prefix"" : ""INPUT_PREFIX"", ""routing_prefix"" : ""phone-context=+44"", ""output_prefix"" : ""OUTPUT_PREFIX"", ""portability_type"" : ""PORTED_OUT"", ""req_uri_additional_parameters"" : ""phone-context=+44"", ""comment"" : null, ""bcr_product"" : ""RETAIL"", ""bcr_region"" : null}"
,5152,"{""id"" : 5152, ""input_prefix"" : ""INPUT_PREFIX"", ""routing_prefix"" : ""phone-context=+44"", ""output_prefix"" : ""OUTPUT_PREFIX"", ""portability_type"" : ""PORTED_OUT"", ""req_uri_additional_parameters"" : ""phone-context=+44"", ""comment"" : null, ""bcr_product"" : ""RETAIL"", ""bcr_region"" : null}"
,5153,"{""id"" : 5153, ""input_prefix"" : ""INPUT_PREFIX"", ""routing_prefix"" : ""phone-context=+44"", ""output_prefix"" : ""OUTPUT_PREFIX"", ""portability_type"" : ""PORTED_OUT"", ""req_uri_additional_parameters"" : ""phone-context=+44"", ""comment"" : null, ""bcr_product"" : ""RETAIL"", ""bcr_region"" : null}"
,5154,"{""id"" : 5154, ""input_prefix"" : ""INPUT_PREFIX"", ""routing_prefix"" : ""phone-context=+44"", ""output_prefix"" : ""OUTPUT_PREFIX"", ""portability_type"" : ""PORTED_OUT"", ""req_uri_additional_parameters"" : ""phone-context=+44"", ""comment"" : null, ""bcr_product"" : ""RETAIL"", ""bcr_region"" : null}"
,5155,"{""id"" : 5155, ""input_prefix"" : ""INPUT_PREFIX"", ""routing_prefix"" : ""phone-context=+44"", ""output_prefix"" : ""OUTPUT_PREFIX"", ""portability_type"" : ""PORTED_OUT"", ""req_uri_additional_parameters"" : ""phone-context=+44"", ""comment"" : null, ""bcr_product"" : ""RETAIL"", ""bcr_region"" : null}"
,5156,"{""id"" : 5156, ""input_prefix"" : ""INPUT_PREFIX"", ""routing_prefix"" : ""phone-context=+44"", ""output_prefix"" : ""OUTPUT_PREFIX"", ""portability_type"" : ""PORTED_OUT"", ""req_uri_additional_parameters"" : ""phone-context=+44"", ""comment"" : null, ""bcr_product"" : ""RETAIL"", ""bcr_region"" : null}"
,5158,"{""id"" : 5158, ""input_prefix"" : ""INPUT_PREFIX"", ""routing_prefix"" : ""phone-context=+44"", ""output_prefix"" : ""OUTPUT_PREFIX"", ""portability_type"" : ""PORTED_OUT"", ""req_uri_additional_parameters"" : ""phone-context=+44"", ""comment"" : null, ""bcr_product"" : ""RETAIL"", ""bcr_region"" : null}"
,5161,"{""id"" : 5161, ""input_prefix"" : ""INPUT_PREFIX"", ""routing_prefix"" : ""phone-context=+44"", ""output_prefix"" : ""OUTPUT_PREFIX"", ""portability_type"" : ""PORTED_OUT"", ""req_uri_additional_parameters"" : ""phone-context=+44"", ""comment"" : null, ""bcr_product"" : ""RETAIL"", ""bcr_region"" : null}"
,5162,"{""id"" : 5162, ""input_prefix"" : ""INPUT_PREFIX"", ""routing_prefix"" : ""phone-context=+44"", ""output_prefix"" : ""OUTPUT_PREFIX"", ""portability_type"" : ""PORTED_OUT"", ""req_uri_additional_parameters"" : ""phone-context=+44"", ""comment"" : ""null migrated to NBI 06500089 from 05118028 and phone-context=nprtspa.126.PORprefix F ALLBACK  FALLBACK  migrated to NBI 06500089 from 05118028 and phone-context=nprtspa.126.PORprefix"", ""bcr_product"" : ""RETAIL"", ""bcr_region"" : null}"
,6179,"{""id"" : 6179, ""input_prefix"" : ""INPUT_PREFIX"", ""routing_prefix"" : ""phone-context=+44"", ""output_prefix"" : ""OUTPUT_PREFIX"", ""portability_type"" : ""PORTED_OUT"", ""req_uri_additional_parameters"" : ""phone-context=+44"", ""comment"" : null, ""bcr_product"" : ""RETAIL"", ""bcr_region"" : null}"
,6180,"{""id"" : 6180, ""input_prefix"" : ""INPUT_PREFIX"", ""routing_prefix"" : ""phone-context=+44"", ""output_prefix"" : ""OUTPUT_PREFIX"", ""portability_type"" : ""PORTED_OUT"", ""req_uri_additional_parameters"" : ""phone-context=+44"", ""comment"" : ""null migrated to NBI 06500089 from 05118028 and phone-context=nprtspa.126.PORprefix F ALLBACK  FALLBACK  migrated to NBI 06500089 from 05118028 and phone-context=nprtspa.126.PORprefix"", ""bcr_product"" : ""RETAIL"", ""bcr_region"" : null}"
,101,"{""id"" : 101, ""input_prefix"" : ""INPUT_PREFIX"", ""routing_prefix"" : ""phone-context=national.3.PORprefix"", ""output_prefix"" : ""OUTPUT_PREFIX"", ""portability_type"" : ""PORTED_OUT"", ""req_uri_additional_parameters"" : ""phone-context=national.3.PORprefix"", ""comment"" : ""BCR in Hookah port out 39800905641 052099020180200800905641f national"", ""bcr_product"" : ""RETAIL"", ""bcr_region"" : null}"
,5174,"{""id"" : 5174, ""input_prefix"" : ""INPUT_PREFIX"", ""routing_prefix"" : ""phone-context=+44"", ""output_prefix"" : ""OUTPUT_PREFIX"", ""portability_type"" : ""PORTED_OUT"", ""req_uri_additional_parameters"" : ""phone-context=+44"", ""comment"" : null, ""bcr_product"" : ""RETAIL"", ""bcr_region"" : null}"
,5175,"{""id"" : 5175, ""input_prefix"" : ""INPUT_PREFIX"", ""routing_prefix"" : ""phone-context=+44"", ""output_prefix"" : ""OUTPUT_PREFIX"", ""portability_type"" : ""PORTED_OUT"", ""req_uri_additional_parameters"" : ""phone-context=+44"", ""comment"" : null, ""bcr_product"" : ""RETAIL"", ""bcr_region"" : null}"
,5177,"{""id"" : 5177, ""input_prefix"" : ""INPUT_PREFIX"", ""routing_prefix"" : ""phone-context=+44"", ""output_prefix"" : ""OUTPUT_PREFIX"", ""portability_type"" : ""PORTED_OUT"", ""req_uri_additional_parameters"" : ""phone-context=+44"", ""comment"" : ""null migrated to NBI 06500089 from 05118028 and phone-context=nprtspa.126.PORprefix F ALLBACK  FALLBACK  migrated to NBI 06500089 from 05118028 and phone-context=nprtspa.126.PORprefix"", ""bcr_product"" : ""RETAIL"", ""bcr_region"" : null}"
,5178,"{""id"" : 5178, ""input_prefix"" : ""INPUT_PREFIX"", ""routing_prefix"" : ""phone-context=+44"", ""output_prefix"" : ""OUTPUT_PREFIX"", ""portability_type"" : ""PORTED_OUT"", ""req_uri_additional_parameters"" : ""phone-context=+44"", ""comment"" : null, ""bcr_product"" : ""RETAIL"", ""bcr_region"" : null}"
,5179,"{""id"" : 5179, ""input_prefix"" : ""INPUT_PREFIX"", ""routing_prefix"" : ""phone-context=+44"", ""output_prefix"" : ""OUTPUT_PREFIX"", ""portability_type"" : ""PORTED_OUT"", ""req_uri_additional_parameters"" : ""phone-context=+44"", ""comment"" : null, ""bcr_product"" : ""RETAIL"", ""bcr_region"" : null}"
,5180,"{""id"" : 5180, ""input_prefix"" : ""INPUT_PREFIX"", ""routing_prefix"" : ""phone-context=+44"", ""output_prefix"" : ""OUTPUT_PREFIX"", ""portability_type"" : ""PORTED_OUT"", ""req_uri_additional_parameters"" : ""phone-context=+44"", ""comment"" : null, ""bcr_product"" : ""RETAIL"", ""bcr_region"" : null}"
,5182,"{""id"" : 5182, ""input_prefix"" : ""INPUT_PREFIX"", ""routing_prefix"" : ""phone-context=+44"", ""output_prefix"" : ""OUTPUT_PREFIX"", ""portability_type"" : ""PORTED_OUT"", ""req_uri_additional_parameters"" : ""phone-context=+44"", ""comment"" : ""null migrated to NBI 06500089 from 05118028 and phone-context=nprtspa.126.PORprefix F ALLBACK  FALLBACK  migrated to NBI 06500089 from 05118028 and phone-context=nprtspa.126.PORprefix"", ""bcr_product"" : ""RETAIL"", ""bcr_region"" : null}"
,5183,"{""id"" : 5183, ""input_prefix"" : ""INPUT_PREFIX"", ""routing_prefix"" : ""phone-context=+44"", ""output_prefix"" : ""OUTPUT_PREFIX"", ""portability_type"" : ""PORTED_OUT"", ""req_uri_additional_parameters"" : ""phone-context=+44"", ""comment"" : null, ""bcr_product"" : ""RETAIL"", ""bcr_region"" : null}"
,5185,"{""id"" : 5185, ""input_prefix"" : ""INPUT_PREFIX"", ""routing_prefix"" : ""phone-context=+44"", ""output_prefix"" : ""OUTPUT_PREFIX"", ""portability_type"" : ""PORTED_OUT"", ""req_uri_additional_parameters"" : ""phone-context=+44"", ""comment"" : null, ""bcr_product"" : ""RETAIL"", ""bcr_region"" : null}"
,5187,"{""id"" : 5187, ""input_prefix"" : ""INPUT_PREFIX"", ""routing_prefix"" : ""phone-context=+44"", ""output_prefix"" : ""OUTPUT_PREFIX"", ""portability_type"" : ""PORTED_OUT"", ""req_uri_additional_parameters"" : ""phone-context=+44"", ""comment"" : null, ""bcr_product"" : ""RETAIL"", ""bcr_region"" : null}"
,5188,"{""id"" : 5188, ""input_prefix"" : ""INPUT_PREFIX"", ""routing_prefix"" : ""phone-context=+44"", ""output_prefix"" : ""OUTPUT_PREFIX"", ""portability_type"" : ""PORTED_OUT"", ""req_uri_additional_parameters"" : ""phone-context=+44"", ""comment"" : null, ""bcr_product"" : ""RETAIL"", ""bcr_region"" : null}"
,5190,"{""id"" : 5190, ""input_prefix"" : ""INPUT_PREFIX"", ""routing_prefix"" : ""phone-context=+44"", ""output_prefix"" : ""OUTPUT_PREFIX"", ""portability_type"" : ""PORTED_OUT"", ""req_uri_additional_parameters"" : ""phone-context=+44"", ""comment"" : null, ""bcr_product"" : ""RETAIL"", ""bcr_region"" : null}"
,5191,"{""id"" : 5191, ""input_prefix"" : ""INPUT_PREFIX"", ""routing_prefix"" : ""phone-context=+44"", ""output_prefix"" : ""OUTPUT_PREFIX"", ""portability_type"" : ""PORTED_OUT"", ""req_uri_additional_parameters"" : ""phone-context=+44"", ""comment"" : null, ""bcr_product"" : ""RETAIL"", ""bcr_region"" : null}"
,5192,"{""id"" : 5192, ""input_prefix"" : ""INPUT_PREFIX"", ""routing_prefix"" : ""phone-context=+44"", ""output_prefix"" : ""OUTPUT_PREFIX"", ""portability_type"" : ""PORTED_OUT"", ""req_uri_additional_parameters"" : ""phone-context=+44"", ""comment"" : null, ""bcr_product"" : ""RETAIL"", ""bcr_region"" : null}"
,5193,"{""id"" : 5193, ""input_prefix"" : ""INPUT_PREFIX"", ""routing_prefix"" : ""phone-context=+44"", ""output_prefix"" : ""OUTPUT_PREFIX"", ""portability_type"" : ""PORTED_OUT"", ""req_uri_additional_parameters"" : ""phone-context=+44"", ""comment"" : ""null migrated to NBI 06500089 from 05118028 and phone-context=nprtspa.126.PORprefix F ALLBACK  FALLBACK  migrated to NBI 06500089 from 05118028 and phone-context=nprtspa.126.PORprefix"", ""bcr_product"" : ""RETAIL"", ""bcr_region"" : null}"
,5194,"{""id"" : 5194, ""input_prefix"" : ""INPUT_PREFIX"", ""routing_prefix"" : ""phone-context=+44"", ""output_prefix"" : ""OUTPUT_PREFIX"", ""portability_type"" : ""PORTED_OUT"", ""req_uri_additional_parameters"" : ""phone-context=+44"", ""comment"" : null, ""bcr_product"" : ""RETAIL"", ""bcr_region"" : null}"
,5196,"{""id"" : 5196, ""input_prefix"" : ""INPUT_PREFIX"", ""routing_prefix"" : ""phone-context=+44"", ""output_prefix"" : ""OUTPUT_PREFIX"", ""portability_type"" : ""PORTED_OUT"", ""req_uri_additional_parameters"" : ""phone-context=+44"", ""comment"" : null, ""bcr_product"" : ""RETAIL"", ""bcr_region"" : null}"
,5197,"{""id"" : 5197, ""input_prefix"" : ""INPUT_PREFIX"", ""routing_prefix"" : ""phone-context=+44"", ""output_prefix"" : ""OUTPUT_PREFIX"", ""portability_type"" : ""PORTED_OUT"", ""req_uri_additional_parameters"" : ""phone-context=+44"", ""comment"" : null, ""bcr_product"" : ""RETAIL"", ""bcr_region"" : null}"
,5198,"{""id"" : 5198, ""input_prefix"" : ""INPUT_PREFIX"", ""routing_prefix"" : ""phone-context=+44"", ""output_prefix"" : ""OUTPUT_PREFIX"", ""portability_type"" : ""PORTED_OUT"", ""req_uri_additional_parameters"" : ""phone-context=+44"", ""comment"" : null, ""bcr_product"" : ""RETAIL"", ""bcr_region"" : null}"
,5200,"{""id"" : 5200, ""input_prefix"" : ""INPUT_PREFIX"", ""routing_prefix"" : ""phone-context=+44"", ""output_prefix"" : ""OUTPUT_PREFIX"", ""portability_type"" : ""PORTED_OUT"", ""req_uri_additional_parameters"" : ""phone-context=+44"", ""comment"" : ""null migrated to NBI 06500089 from 05118028 and phone-context=nprtspa.126.PORprefix F ALLBACK  FALLBACK  migrated to NBI 06500089 from 05118028 and phone-context=nprtspa.126.PORprefix"", ""bcr_product"" : ""RETAIL"", ""bcr_region"" : null}"
,5201,"{""id"" : 5201, ""input_prefix"" : ""INPUT_PREFIX"", ""routing_prefix"" : ""phone-context=+44"", ""output_prefix"" : ""OUTPUT_PREFIX"", ""portability_type"" : ""PORTED_OUT"", ""req_uri_additional_parameters"" : ""phone-context=+44"", ""comment"" : null, ""bcr_product"" : ""RETAIL"", ""bcr_region"" : null}"
,5202,"{""id"" : 5202, ""input_prefix"" : ""INPUT_PREFIX"", ""routing_prefix"" : ""phone-context=+44"", ""output_prefix"" : ""OUTPUT_PREFIX"", ""portability_type"" : ""PORTED_OUT"", ""req_uri_additional_parameters"" : ""phone-context=+44"", ""comment"" : null, ""bcr_product"" : ""RETAIL"", ""bcr_region"" : null}"
,4903,"{""id"" : 4903, ""input_prefix"" : ""INPUT_PREFIX"", ""routing_prefix"" : ""phone-context=+44"", ""output_prefix"" : ""OUTPUT_PREFIX"", ""portability_type"" : ""PORTED_OUT"", ""req_uri_additional_parameters"" : ""phone-context=+44"", ""comment"" : null, ""bcr_product"" : ""RETAIL"", ""bcr_region"" : null}"
,4904,"{""id"" : 4904, ""input_prefix"" : ""INPUT_PREFIX"", ""routing_prefix"" : ""phone-context=+44"", ""output_prefix"" : ""OUTPUT_PREFIX"", ""portability_type"" : ""PORTED_OUT"", ""req_uri_additional_parameters"" : ""phone-context=+44"", ""comment"" : null, ""bcr_product"" : ""RETAIL"", ""bcr_region"" : null}"
,4905,"{""id"" : 4905, ""input_prefix"" : ""INPUT_PREFIX"", ""routing_prefix"" : ""phone-context=+44"", ""output_prefix"" : ""OUTPUT_PREFIX"", ""portability_type"" : ""PORTED_OUT"", ""req_uri_additional_parameters"" : ""phone-context=+44"", ""comment"" : null, ""bcr_product"" : ""RETAIL"", ""bcr_region"" : null}"
,4906,"{""id"" : 4906, ""input_prefix"" : ""INPUT_PREFIX"", ""routing_prefix"" : ""phone-context=+44"", ""output_prefix"" : ""OUTPUT_PREFIX"", ""portability_type"" : ""PORTED_OUT"", ""req_uri_additional_parameters"" : ""phone-context=+44"", ""comment"" : null, ""bcr_product"" : ""RETAIL"", ""bcr_region"" : null}"
,4907,"{""id"" : 4907, ""input_prefix"" : ""INPUT_PREFIX"", ""routing_prefix"" : ""phone-context=+44"", ""output_prefix"" : ""OUTPUT_PREFIX"", ""portability_type"" : ""PORTED_OUT"", ""req_uri_additional_parameters"" : ""phone-context=+44"", ""comment"" : null, ""bcr_product"" : ""RETAIL"", ""bcr_region"" : null}"
,4908,"{""id"" : 4908, ""input_prefix"" : ""INPUT_PREFIX"", ""routing_prefix"" : ""phone-context=+44"", ""output_prefix"" : ""OUTPUT_PREFIX"", ""portability_type"" : ""PORTED_OUT"", ""req_uri_additional_parameters"" : ""phone-context=+44"", ""comment"" : null, ""bcr_product"" : ""RETAIL"", ""bcr_region"" : null}"
,4909,"{""id"" : 4909, ""input_prefix"" : ""INPUT_PREFIX"", ""routing_prefix"" : ""phone-context=+44"", ""output_prefix"" : ""OUTPUT_PREFIX"", ""portability_type"" : ""PORTED_OUT"", ""req_uri_additional_parameters"" : ""phone-context=+44"", ""comment"" : null, ""bcr_product"" : ""RETAIL"", ""bcr_region"" : null}"
,4910,"{""id"" : 4910, ""input_prefix"" : ""INPUT_PREFIX"", ""routing_prefix"" : ""phone-context=+44"", ""output_prefix"" : ""OUTPUT_PREFIX"", ""portability_type"" : ""PORTED_OUT"", ""req_uri_additional_parameters"" : ""phone-context=+44"", ""comment"" : null, ""bcr_product"" : ""RETAIL"", ""bcr_region"" : null}"
,4911,"{""id"" : 4911, ""input_prefix"" : ""INPUT_PREFIX"", ""routing_prefix"" : ""phone-context=+44"", ""output_prefix"" : ""OUTPUT_PREFIX"", ""portability_type"" : ""PORTED_OUT"", ""req_uri_additional_parameters"" : ""phone-context=+44"", ""comment"" : null, ""bcr_product"" : ""RETAIL"", ""bcr_region"" : null}"
,4912,"{""id"" : 4912, ""input_prefix"" : ""INPUT_PREFIX"", ""routing_prefix"" : ""phone-context=+44"", ""output_prefix"" : ""OUTPUT_PREFIX"", ""portability_type"" : ""PORTED_OUT"", ""req_uri_additional_parameters"" : ""phone-context=+44"", ""comment"" : null, ""bcr_product"" : ""RETAIL"", ""bcr_region"" : null}"
,4913,"{""id"" : 4913, ""input_prefix"" : ""INPUT_PREFIX"", ""routing_prefix"" : ""phone-context=+44"", ""output_prefix"" : ""OUTPUT_PREFIX"", ""portability_type"" : ""PORTED_OUT"", ""req_uri_additional_parameters"" : ""phone-context=+44"", ""comment"" : null, ""bcr_product"" : ""RETAIL"", ""bcr_region"" : null}"
,4914,"{""id"" : 4914, ""input_prefix"" : ""INPUT_PREFIX"", ""routing_prefix"" : ""phone-context=+44"", ""output_prefix"" : ""OUTPUT_PREFIX"", ""portability_type"" : ""PORTED_OUT"", ""req_uri_additional_parameters"" : ""phone-context=+44"", ""comment"" : null, ""bcr_product"" : ""RETAIL"", ""bcr_region"" : null}"
,4916,"{""id"" : 4916, ""input_prefix"" : ""INPUT_PREFIX"", ""routing_prefix"" : ""phone-context=+44"", ""output_prefix"" : ""OUTPUT_PREFIX"", ""portability_type"" : ""PORTED_OUT"", ""req_uri_additional_parameters"" : ""phone-context=+44"", ""comment"" : null, ""bcr_product"" : ""RETAIL"", ""bcr_region"" : null}"
,4917,"{""id"" : 4917, ""input_prefix"" : ""INPUT_PREFIX"", ""routing_prefix"" : ""phone-context=+44"", ""output_prefix"" : ""OUTPUT_PREFIX"", ""portability_type"" : ""PORTED_OUT"", ""req_uri_additional_parameters"" : ""phone-context=+44"", ""comment"" : null, ""bcr_product"" : ""RETAIL"", ""bcr_region"" : null}"
,4918,"{""id"" : 4918, ""input_prefix"" : ""INPUT_PREFIX"", ""routing_prefix"" : ""phone-context=+44"", ""output_prefix"" : ""OUTPUT_PREFIX"", ""portability_type"" : ""PORTED_OUT"", ""req_uri_additional_parameters"" : ""phone-context=+44"", ""comment"" : null, ""bcr_product"" : ""RETAIL"", ""bcr_region"" : null}"
,4919,"{""id"" : 4919, ""input_prefix"" : ""INPUT_PREFIX"", ""routing_prefix"" : ""phone-context=+44"", ""output_prefix"" : ""OUTPUT_PREFIX"", ""portability_type"" : ""PORTED_OUT"", ""req_uri_additional_parameters"" : ""phone-context=+44"", ""comment"" : null, ""bcr_product"" : ""RETAIL"", ""bcr_region"" : null}"
,4920,"{""id"" : 4920, ""input_prefix"" : ""INPUT_PREFIX"", ""routing_prefix"" : ""phone-context=+44"", ""output_prefix"" : ""OUTPUT_PREFIX"", ""portability_type"" : ""PORTED_OUT"", ""req_uri_additional_parameters"" : ""phone-context=+44"", ""comment"" : null, ""bcr_product"" : ""RETAIL"", ""bcr_region"" : null}"
,4921,"{""id"" : 4921, ""input_prefix"" : ""INPUT_PREFIX"", ""routing_prefix"" : ""phone-context=+44"", ""output_prefix"" : ""OUTPUT_PREFIX"", ""portability_type"" : ""PORTED_OUT"", ""req_uri_additional_parameters"" : ""phone-context=+44"", ""comment"" : null, ""bcr_product"" : ""RETAIL"", ""bcr_region"" : null}"
,4923,"{""id"" : 4923, ""input_prefix"" : ""INPUT_PREFIX"", ""routing_prefix"" : ""phone-context=+44"", ""output_prefix"" : ""OUTPUT_PREFIX"", ""portability_type"" : ""PORTED_OUT"", ""req_uri_additional_parameters"" : ""phone-context=+44"", ""comment"" : null, ""bcr_product"" : ""RETAIL"", ""bcr_region"" : null}"
,4924,"{""id"" : 4924, ""input_prefix"" : ""INPUT_PREFIX"", ""routing_prefix"" : ""phone-context=+44"", ""output_prefix"" : ""OUTPUT_PREFIX"", ""portability_type"" : ""PORTED_OUT"", ""req_uri_additional_parameters"" : ""phone-context=+44"", ""comment"" : null, ""bcr_product"" : ""RETAIL"", ""bcr_region"" : null}"
,4925,"{""id"" : 4925, ""input_prefix"" : ""INPUT_PREFIX"", ""routing_prefix"" : ""phone-context=+44"", ""output_prefix"" : ""OUTPUT_PREFIX"", ""portability_type"" : ""PORTED_OUT"", ""req_uri_additional_parameters"" : ""phone-context=+44"", ""comment"" : null, ""bcr_product"" : ""RETAIL"", ""bcr_region"" : null}"
,4926,"{""id"" : 4926, ""input_prefix"" : ""INPUT_PREFIX"", ""routing_prefix"" : ""phone-context=+44"", ""output_prefix"" : ""OUTPUT_PREFIX"", ""portability_type"" : ""PORTED_OUT"", ""req_uri_additional_parameters"" : ""phone-context=+44"", ""comment"" : null, ""bcr_product"" : ""RETAIL"", ""bcr_region"" : null}"
,4927,"{""id"" : 4927, ""input_prefix"" : ""INPUT_PREFIX"", ""routing_prefix"" : ""phone-context=+44"", ""output_prefix"" : ""OUTPUT_PREFIX"", ""portability_type"" : ""PORTED_OUT"", ""req_uri_additional_parameters"" : ""phone-context=+44"", ""comment"" : null, ""bcr_product"" : ""RETAIL"", ""bcr_region"" : null}"
,4928,"{""id"" : 4928, ""input_prefix"" : ""INPUT_PREFIX"", ""routing_prefix"" : ""phone-context=+44"", ""output_prefix"" : ""OUTPUT_PREFIX"", ""portability_type"" : ""PORTED_OUT"", ""req_uri_additional_parameters"" : ""phone-context=+44"", ""comment"" : null, ""bcr_product"" : ""RETAIL"", ""bcr_region"" : null}"
,4930,"{""id"" : 4930, ""input_prefix"" : ""INPUT_PREFIX"", ""routing_prefix"" : ""phone-context=+44"", ""output_prefix"" : ""OUTPUT_PREFIX"", ""portability_type"" : ""PORTED_OUT"", ""req_uri_additional_parameters"" : ""phone-context=+44"", ""comment"" : null, ""bcr_product"" : ""RETAIL"", ""bcr_region"" : null}"
,4931,"{""id"" : 4931, ""input_prefix"" : ""INPUT_PREFIX"", ""routing_prefix"" : ""phone-context=+44"", ""output_prefix"" : ""OUTPUT_PREFIX"", ""portability_type"" : ""PORTED_OUT"", ""req_uri_additional_parameters"" : ""phone-context=+44"", ""comment"" : null, ""bcr_product"" : ""RETAIL"", ""bcr_region"" : null}"
,4932,"{""id"" : 4932, ""input_prefix"" : ""INPUT_PREFIX"", ""routing_prefix"" : ""phone-context=+44"", ""output_prefix"" : ""OUTPUT_PREFIX"", ""portability_type"" : ""PORTED_OUT"", ""req_uri_additional_parameters"" : ""phone-context=+44"", ""comment"" : null, ""bcr_product"" : ""RETAIL"", ""bcr_region"" : null}"
,4933,"{""id"" : 4933, ""input_prefix"" : ""INPUT_PREFIX"", ""routing_prefix"" : ""phone-context=+44"", ""output_prefix"" : ""OUTPUT_PREFIX"", ""portability_type"" : ""PORTED_OUT"", ""req_uri_additional_parameters"" : ""phone-context=+44"", ""comment"" : null, ""bcr_product"" : ""RETAIL"", ""bcr_region"" : null}"
,4934,"{""id"" : 4934, ""input_prefix"" : ""INPUT_PREFIX"", ""routing_prefix"" : ""phone-context=+44"", ""output_prefix"" : ""OUTPUT_PREFIX"", ""portability_type"" : ""PORTED_OUT"", ""req_uri_additional_parameters"" : ""phone-context=+44"", ""comment"" : null, ""bcr_product"" : ""RETAIL"", ""bcr_region"" : null}"
,4935,"{""id"" : 4935, ""input_prefix"" : ""INPUT_PREFIX"", ""routing_prefix"" : ""phone-context=+44"", ""output_prefix"" : ""OUTPUT_PREFIX"", ""portability_type"" : ""PORTED_OUT"", ""req_uri_additional_parameters"" : ""phone-context=+44"", ""comment"" : null, ""bcr_product"" : ""RETAIL"", ""bcr_region"" : null}"
,4936,"{""id"" : 4936, ""input_prefix"" : ""INPUT_PREFIX"", ""routing_prefix"" : ""phone-context=+44"", ""output_prefix"" : ""OUTPUT_PREFIX"", ""portability_type"" : ""PORTED_OUT"", ""req_uri_additional_parameters"" : ""phone-context=+44"", ""comment"" : null, ""bcr_product"" : ""RETAIL"", ""bcr_region"" : null}"
,4937,"{""id"" : 4937, ""input_prefix"" : ""INPUT_PREFIX"", ""routing_prefix"" : ""phone-context=+44"", ""output_prefix"" : ""OUTPUT_PREFIX"", ""portability_type"" : ""PORTED_OUT"", ""req_uri_additional_parameters"" : ""phone-context=+44"", ""comment"" : null, ""bcr_product"" : ""RETAIL"", ""bcr_region"" : null}"
,4938,"{""id"" : 4938, ""input_prefix"" : ""INPUT_PREFIX"", ""routing_prefix"" : ""phone-context=+44"", ""output_prefix"" : ""OUTPUT_PREFIX"", ""portability_type"" : ""PORTED_OUT"", ""req_uri_additional_parameters"" : ""phone-context=+44"", ""comment"" : null, ""bcr_product"" : ""RETAIL"", ""bcr_region"" : null}"
,4939,"{""id"" : 4939, ""input_prefix"" : ""INPUT_PREFIX"", ""routing_prefix"" : ""phone-context=+44"", ""output_prefix"" : ""OUTPUT_PREFIX"", ""portability_type"" : ""PORTED_OUT"", ""req_uri_additional_parameters"" : ""phone-context=+44"", ""comment"" : null, ""bcr_product"" : ""RETAIL"", ""bcr_region"" : null}"
,4940,"{""id"" : 4940, ""input_prefix"" : ""INPUT_PREFIX"", ""routing_prefix"" : ""phone-context=+44"", ""output_prefix"" : ""OUTPUT_PREFIX"", ""portability_type"" : ""PORTED_OUT"", ""req_uri_additional_parameters"" : ""phone-context=+44"", ""comment"" : null, ""bcr_product"" : ""RETAIL"", ""bcr_region"" : null}"
,4941,"{""id"" : 4941, ""input_prefix"" : ""INPUT_PREFIX"", ""routing_prefix"" : ""phone-context=+44"", ""output_prefix"" : ""OUTPUT_PREFIX"", ""portability_type"" : ""PORTED_OUT"", ""req_uri_additional_parameters"" : ""phone-context=+44"", ""comment"" : ""null migrated to NBI 06500089 from 05118028 and phone-context=nprtspa.126.PORprefix F ALLBACK  FALLBACK  migrated to NBI 06500089 from 05118028 and phone-context=nprtspa.126.PORprefix"", ""bcr_product"" : ""RETAIL"", ""bcr_region"" : null}"
,4942,"{""id"" : 4942, ""input_prefix"" : ""INPUT_PREFIX"", ""routing_prefix"" : ""phone-context=+44"", ""output_prefix"" : ""OUTPUT_PREFIX"", ""portability_type"" : ""PORTED_OUT"", ""req_uri_additional_parameters"" : ""phone-context=+44"", ""comment"" : null, ""bcr_product"" : ""RETAIL"", ""bcr_region"" : null}"
,4943,"{""id"" : 4943, ""input_prefix"" : ""INPUT_PREFIX"", ""routing_prefix"" : ""phone-context=+44"", ""output_prefix"" : ""OUTPUT_PREFIX"", ""portability_type"" : ""PORTED_OUT"", ""req_uri_additional_parameters"" : ""phone-context=+44"", ""comment"" : null, ""bcr_product"" : ""RETAIL"", ""bcr_region"" : null}"
,4944,"{""id"" : 4944, ""input_prefix"" : ""INPUT_PREFIX"", ""routing_prefix"" : ""phone-context=+44"", ""output_prefix"" : ""OUTPUT_PREFIX"", ""portability_type"" : ""PORTED_OUT"", ""req_uri_additional_parameters"" : ""phone-context=+44"", ""comment"" : null, ""bcr_product"" : ""RETAIL"", ""bcr_region"" : null}"
,4945,"{""id"" : 4945, ""input_prefix"" : ""INPUT_PREFIX"", ""routing_prefix"" : ""phone-context=+44"", ""output_prefix"" : ""OUTPUT_PREFIX"", ""portability_type"" : ""PORTED_OUT"", ""req_uri_additional_parameters"" : ""phone-context=+44"", ""comment"" : null, ""bcr_product"" : ""RETAIL"", ""bcr_region"" : null}"
,4946,"{""id"" : 4946, ""input_prefix"" : ""INPUT_PREFIX"", ""routing_prefix"" : ""phone-context=+44"", ""output_prefix"" : ""OUTPUT_PREFIX"", ""portability_type"" : ""PORTED_OUT"", ""req_uri_additional_parameters"" : ""phone-context=+44"", ""comment"" : null, ""bcr_product"" : ""RETAIL"", ""bcr_region"" : null}"
,4947,"{""id"" : 4947, ""input_prefix"" : ""INPUT_PREFIX"", ""routing_prefix"" : ""phone-context=+44"", ""output_prefix"" : ""OUTPUT_PREFIX"", ""portability_type"" : ""PORTED_OUT"", ""req_uri_additional_parameters"" : ""phone-context=+44"", ""comment"" : null, ""bcr_product"" : ""RETAIL"", ""bcr_region"" : null}"
,4948,"{""id"" : 4948, ""input_prefix"" : ""INPUT_PREFIX"", ""routing_prefix"" : ""phone-context=+44"", ""output_prefix"" : ""OUTPUT_PREFIX"", ""portability_type"" : ""PORTED_OUT"", ""req_uri_additional_parameters"" : ""phone-context=+44"", ""comment"" : null, ""bcr_product"" : ""RETAIL"", ""bcr_region"" : null}"
,4949,"{""id"" : 4949, ""input_prefix"" : ""INPUT_PREFIX"", ""routing_prefix"" : ""phone-context=+44"", ""output_prefix"" : ""OUTPUT_PREFIX"", ""portability_type"" : ""PORTED_OUT"", ""req_uri_additional_parameters"" : ""phone-context=+44"", ""comment"" : null, ""bcr_product"" : ""RETAIL"", ""bcr_region"" : null}"
,4950,"{""id"" : 4950, ""input_prefix"" : ""INPUT_PREFIX"", ""routing_prefix"" : ""phone-context=+44"", ""output_prefix"" : ""OUTPUT_PREFIX"", ""portability_type"" : ""PORTED_OUT"", ""req_uri_additional_parameters"" : ""phone-context=+44"", ""comment"" : null, ""bcr_product"" : ""RETAIL"", ""bcr_region"" : null}"
,4951,"{""id"" : 4951, ""input_prefix"" : ""INPUT_PREFIX"", ""routing_prefix"" : ""phone-context=+44"", ""output_prefix"" : ""OUTPUT_PREFIX"", ""portability_type"" : ""PORTED_OUT"", ""req_uri_additional_parameters"" : ""phone-context=+44"", ""comment"" : null, ""bcr_product"" : ""RETAIL"", ""bcr_region"" : null}"
,4952,"{""id"" : 4952, ""input_prefix"" : ""INPUT_PREFIX"", ""routing_prefix"" : ""phone-context=+44"", ""output_prefix"" : ""OUTPUT_PREFIX"", ""portability_type"" : ""PORTED_OUT"", ""req_uri_additional_parameters"" : ""phone-context=+44"", ""comment"" : null, ""bcr_product"" : ""RETAIL"", ""bcr_region"" : null}"
,4953,"{""id"" : 4953, ""input_prefix"" : ""INPUT_PREFIX"", ""routing_prefix"" : ""phone-context=+44"", ""output_prefix"" : ""OUTPUT_PREFIX"", ""portability_type"" : ""PORTED_OUT"", ""req_uri_additional_parameters"" : ""phone-context=+44"", ""comment"" : null, ""bcr_product"" : ""RETAIL"", ""bcr_region"" : null}"
,4954,"{""id"" : 4954, ""input_prefix"" : ""INPUT_PREFIX"", ""routing_prefix"" : ""phone-context=+44"", ""output_prefix"" : ""OUTPUT_PREFIX"", ""portability_type"" : ""PORTED_OUT"", ""req_uri_additional_parameters"" : ""phone-context=+44"", ""comment"" : null, ""bcr_product"" : ""RETAIL"", ""bcr_region"" : null}"
,4955,"{""id"" : 4955, ""input_prefix"" : ""INPUT_PREFIX"", ""routing_prefix"" : ""phone-context=+44"", ""output_prefix"" : ""OUTPUT_PREFIX"", ""portability_type"" : ""PORTED_OUT"", ""req_uri_additional_parameters"" : ""phone-context=+44"", ""comment"" : null, ""bcr_product"" : ""RETAIL"", ""bcr_region"" : null}"
,4956,"{""id"" : 4956, ""input_prefix"" : ""INPUT_PREFIX"", ""routing_prefix"" : ""phone-context=+44"", ""output_prefix"" : ""OUTPUT_PREFIX"", ""portability_type"" : ""PORTED_OUT"", ""req_uri_additional_parameters"" : ""phone-context=+44"", ""comment"" : null, ""bcr_product"" : ""RETAIL"", ""bcr_region"" : null}"
,4957,"{""id"" : 4957, ""input_prefix"" : ""INPUT_PREFIX"", ""routing_prefix"" : ""phone-context=+44"", ""output_prefix"" : ""OUTPUT_PREFIX"", ""portability_type"" : ""PORTED_OUT"", ""req_uri_additional_parameters"" : ""phone-context=+44"", ""comment"" : null, ""bcr_product"" : ""RETAIL"", ""bcr_region"" : null}"
,4958,"{""id"" : 4958, ""input_prefix"" : ""INPUT_PREFIX"", ""routing_prefix"" : ""phone-context=+44"", ""output_prefix"" : ""OUTPUT_PREFIX"", ""portability_type"" : ""PORTED_OUT"", ""req_uri_additional_parameters"" : ""phone-context=+44"", ""comment"" : null, ""bcr_product"" : ""RETAIL"", ""bcr_region"" : null}"
,4959,"{""id"" : 4959, ""input_prefix"" : ""INPUT_PREFIX"", ""routing_prefix"" : ""phone-context=+44"", ""output_prefix"" : ""OUTPUT_PREFIX"", ""portability_type"" : ""PORTED_OUT"", ""req_uri_additional_parameters"" : ""phone-context=+44"", ""comment"" : null, ""bcr_product"" : ""RETAIL"", ""bcr_region"" : null}"
,4960,"{""id"" : 4960, ""input_prefix"" : ""INPUT_PREFIX"", ""routing_prefix"" : ""phone-context=+44"", ""output_prefix"" : ""OUTPUT_PREFIX"", ""portability_type"" : ""PORTED_OUT"", ""req_uri_additional_parameters"" : ""phone-context=+44"", ""comment"" : null, ""bcr_product"" : ""RETAIL"", ""bcr_region"" : null}"
,4961,"{""id"" : 4961, ""input_prefix"" : ""INPUT_PREFIX"", ""routing_prefix"" : ""phone-context=+44"", ""output_prefix"" : ""OUTPUT_PREFIX"", ""portability_type"" : ""PORTED_OUT"", ""req_uri_additional_parameters"" : ""phone-context=+44"", ""comment"" : null, ""bcr_product"" : ""RETAIL"", ""bcr_region"" : null}"
,4962,"{""id"" : 4962, ""input_prefix"" : ""INPUT_PREFIX"", ""routing_prefix"" : ""phone-context=+44"", ""output_prefix"" : ""OUTPUT_PREFIX"", ""portability_type"" : ""PORTED_OUT"", ""req_uri_additional_parameters"" : ""phone-context=+44"", ""comment"" : null, ""bcr_product"" : ""RETAIL"", ""bcr_region"" : null}"
,4963,"{""id"" : 4963, ""input_prefix"" : ""INPUT_PREFIX"", ""routing_prefix"" : ""phone-context=+44"", ""output_prefix"" : ""OUTPUT_PREFIX"", ""portability_type"" : ""PORTED_OUT"", ""req_uri_additional_parameters"" : ""phone-context=+44"", ""comment"" : null, ""bcr_product"" : ""RETAIL"", ""bcr_region"" : null}"
,4964,"{""id"" : 4964, ""input_prefix"" : ""INPUT_PREFIX"", ""routing_prefix"" : ""phone-context=+44"", ""output_prefix"" : ""OUTPUT_PREFIX"", ""portability_type"" : ""PORTED_OUT"", ""req_uri_additional_parameters"" : ""phone-context=+44"", ""comment"" : null, ""bcr_product"" : ""RETAIL"", ""bcr_region"" : null}"
,4965,"{""id"" : 4965, ""input_prefix"" : ""INPUT_PREFIX"", ""routing_prefix"" : ""phone-context=+44"", ""output_prefix"" : ""OUTPUT_PREFIX"", ""portability_type"" : ""PORTED_OUT"", ""req_uri_additional_parameters"" : ""phone-context=+44"", ""comment"" : null, ""bcr_product"" : ""RETAIL"", ""bcr_region"" : null}"
,4966,"{""id"" : 4966, ""input_prefix"" : ""INPUT_PREFIX"", ""routing_prefix"" : ""phone-context=+44"", ""output_prefix"" : ""OUTPUT_PREFIX"", ""portability_type"" : ""PORTED_OUT"", ""req_uri_additional_parameters"" : ""phone-context=+44"", ""comment"" : null, ""bcr_product"" : ""RETAIL"", ""bcr_region"" : null}"
,4967,"{""id"" : 4967, ""input_prefix"" : ""INPUT_PREFIX"", ""routing_prefix"" : ""phone-context=+44"", ""output_prefix"" : ""OUTPUT_PREFIX"", ""portability_type"" : ""PORTED_OUT"", ""req_uri_additional_parameters"" : ""phone-context=+44"", ""comment"" : null, ""bcr_product"" : ""RETAIL"", ""bcr_region"" : null}"
,4968,"{""id"" : 4968, ""input_prefix"" : ""INPUT_PREFIX"", ""routing_prefix"" : ""phone-context=+44"", ""output_prefix"" : ""OUTPUT_PREFIX"", ""portability_type"" : ""PORTED_OUT"", ""req_uri_additional_parameters"" : ""phone-context=+44"", ""comment"" : null, ""bcr_product"" : ""RETAIL"", ""bcr_region"" : null}"
,4969,"{""id"" : 4969, ""input_prefix"" : ""INPUT_PREFIX"", ""routing_prefix"" : ""phone-context=+44"", ""output_prefix"" : ""OUTPUT_PREFIX"", ""portability_type"" : ""PORTED_OUT"", ""req_uri_additional_parameters"" : ""phone-context=+44"", ""comment"" : null, ""bcr_product"" : ""RETAIL"", ""bcr_region"" : null}"
,4970,"{""id"" : 4970, ""input_prefix"" : ""INPUT_PREFIX"", ""routing_prefix"" : ""phone-context=+44"", ""output_prefix"" : ""OUTPUT_PREFIX"", ""portability_type"" : ""PORTED_OUT"", ""req_uri_additional_parameters"" : ""phone-context=+44"", ""comment"" : null, ""bcr_product"" : ""RETAIL"", ""bcr_region"" : null}"
,4971,"{""id"" : 4971, ""input_prefix"" : ""INPUT_PREFIX"", ""routing_prefix"" : ""phone-context=+44"", ""output_prefix"" : ""OUTPUT_PREFIX"", ""portability_type"" : ""PORTED_OUT"", ""req_uri_additional_parameters"" : ""phone-context=+44"", ""comment"" : null, ""bcr_product"" : ""RETAIL"", ""bcr_region"" : null}"
,4972,"{""id"" : 4972, ""input_prefix"" : ""INPUT_PREFIX"", ""routing_prefix"" : ""phone-context=+44"", ""output_prefix"" : ""OUTPUT_PREFIX"", ""portability_type"" : ""PORTED_OUT"", ""req_uri_additional_parameters"" : ""phone-context=+44"", ""comment"" : null, ""bcr_product"" : ""RETAIL"", ""bcr_region"" : null}"
,4973,"{""id"" : 4973, ""input_prefix"" : ""INPUT_PREFIX"", ""routing_prefix"" : ""phone-context=+44"", ""output_prefix"" : ""OUTPUT_PREFIX"", ""portability_type"" : ""PORTED_OUT"", ""req_uri_additional_parameters"" : ""phone-context=+44"", ""comment"" : null, ""bcr_product"" : ""RETAIL"", ""bcr_region"" : null}"
,4974,"{""id"" : 4974, ""input_prefix"" : ""INPUT_PREFIX"", ""routing_prefix"" : ""phone-context=+44"", ""output_prefix"" : ""OUTPUT_PREFIX"", ""portability_type"" : ""PORTED_OUT"", ""req_uri_additional_parameters"" : ""phone-context=+44"", ""comment"" : null, ""bcr_product"" : ""RETAIL"", ""bcr_region"" : null}"
,4975,"{""id"" : 4975, ""input_prefix"" : ""INPUT_PREFIX"", ""routing_prefix"" : ""phone-context=+44"", ""output_prefix"" : ""OUTPUT_PREFIX"", ""portability_type"" : ""PORTED_OUT"", ""req_uri_additional_parameters"" : ""phone-context=+44"", ""comment"" : null, ""bcr_product"" : ""RETAIL"", ""bcr_region"" : null}"
,4976,"{""id"" : 4976, ""input_prefix"" : ""INPUT_PREFIX"", ""routing_prefix"" : ""phone-context=+44"", ""output_prefix"" : ""OUTPUT_PREFIX"", ""portability_type"" : ""PORTED_OUT"", ""req_uri_additional_parameters"" : ""phone-context=+44"", ""comment"" : null, ""bcr_product"" : ""RETAIL"", ""bcr_region"" : null}"
,4977,"{""id"" : 4977, ""input_prefix"" : ""INPUT_PREFIX"", ""routing_prefix"" : ""phone-context=+44"", ""output_prefix"" : ""OUTPUT_PREFIX"", ""portability_type"" : ""PORTED_OUT"", ""req_uri_additional_parameters"" : ""phone-context=+44"", ""comment"" : null, ""bcr_product"" : ""RETAIL"", ""bcr_region"" : null}"
,4978,"{""id"" : 4978, ""input_prefix"" : ""INPUT_PREFIX"", ""routing_prefix"" : ""phone-context=+44"", ""output_prefix"" : ""OUTPUT_PREFIX"", ""portability_type"" : ""PORTED_OUT"", ""req_uri_additional_parameters"" : ""phone-context=+44"", ""comment"" : null, ""bcr_product"" : ""RETAIL"", ""bcr_region"" : null}"
,4979,"{""id"" : 4979, ""input_prefix"" : ""INPUT_PREFIX"", ""routing_prefix"" : ""phone-context=+44"", ""output_prefix"" : ""OUTPUT_PREFIX"", ""portability_type"" : ""PORTED_OUT"", ""req_uri_additional_parameters"" : ""phone-context=+44"", ""comment"" : null, ""bcr_product"" : ""RETAIL"", ""bcr_region"" : null}"
,4980,"{""id"" : 4980, ""input_prefix"" : ""INPUT_PREFIX"", ""routing_prefix"" : ""phone-context=+44"", ""output_prefix"" : ""OUTPUT_PREFIX"", ""portability_type"" : ""PORTED_OUT"", ""req_uri_additional_parameters"" : ""phone-context=+44"", ""comment"" : null, ""bcr_product"" : ""RETAIL"", ""bcr_region"" : null}"
,4981,"{""id"" : 4981, ""input_prefix"" : ""INPUT_PREFIX"", ""routing_prefix"" : ""phone-context=+44"", ""output_prefix"" : ""OUTPUT_PREFIX"", ""portability_type"" : ""PORTED_OUT"", ""req_uri_additional_parameters"" : ""phone-context=+44"", ""comment"" : null, ""bcr_product"" : ""RETAIL"", ""bcr_region"" : null}"
,4982,"{""id"" : 4982, ""input_prefix"" : ""INPUT_PREFIX"", ""routing_prefix"" : ""phone-context=+44"", ""output_prefix"" : ""OUTPUT_PREFIX"", ""portability_type"" : ""PORTED_OUT"", ""req_uri_additional_parameters"" : ""phone-context=+44"", ""comment"" : null, ""bcr_product"" : ""RETAIL"", ""bcr_region"" : null}"
,4983,"{""id"" : 4983, ""input_prefix"" : ""INPUT_PREFIX"", ""routing_prefix"" : ""phone-context=+44"", ""output_prefix"" : ""OUTPUT_PREFIX"", ""portability_type"" : ""PORTED_OUT"", ""req_uri_additional_parameters"" : ""phone-context=+44"", ""comment"" : null, ""bcr_product"" : ""RETAIL"", ""bcr_region"" : null}"
,4984,"{""id"" : 4984, ""input_prefix"" : ""INPUT_PREFIX"", ""routing_prefix"" : ""phone-context=+44"", ""output_prefix"" : ""OUTPUT_PREFIX"", ""portability_type"" : ""PORTED_OUT"", ""req_uri_additional_parameters"" : ""phone-context=+44"", ""comment"" : null, ""bcr_product"" : ""RETAIL"", ""bcr_region"" : null}"
,4985,"{""id"" : 4985, ""input_prefix"" : ""INPUT_PREFIX"", ""routing_prefix"" : ""phone-context=+44"", ""output_prefix"" : ""OUTPUT_PREFIX"", ""portability_type"" : ""PORTED_OUT"", ""req_uri_additional_parameters"" : ""phone-context=+44"", ""comment"" : null, ""bcr_product"" : ""RETAIL"", ""bcr_region"" : null}"
,4986,"{""id"" : 4986, ""input_prefix"" : ""INPUT_PREFIX"", ""routing_prefix"" : ""phone-context=+44"", ""output_prefix"" : ""OUTPUT_PREFIX"", ""portability_type"" : ""PORTED_OUT"", ""req_uri_additional_parameters"" : ""phone-context=+44"", ""comment"" : null, ""bcr_product"" : ""RETAIL"", ""bcr_region"" : null}"
,4987,"{""id"" : 4987, ""input_prefix"" : ""INPUT_PREFIX"", ""routing_prefix"" : ""phone-context=+44"", ""output_prefix"" : ""OUTPUT_PREFIX"", ""portability_type"" : ""PORTED_OUT"", ""req_uri_additional_parameters"" : ""phone-context=+44"", ""comment"" : null, ""bcr_product"" : ""RETAIL"", ""bcr_region"" : null}"
,4988,"{""id"" : 4988, ""input_prefix"" : ""INPUT_PREFIX"", ""routing_prefix"" : ""phone-context=+44"", ""output_prefix"" : ""OUTPUT_PREFIX"", ""portability_type"" : ""PORTED_OUT"", ""req_uri_additional_parameters"" : ""phone-context=+44"", ""comment"" : null, ""bcr_product"" : ""RETAIL"", ""bcr_region"" : null}"
,4989,"{""id"" : 4989, ""input_prefix"" : ""INPUT_PREFIX"", ""routing_prefix"" : ""phone-context=+44"", ""output_prefix"" : ""OUTPUT_PREFIX"", ""portability_type"" : ""PORTED_OUT"", ""req_uri_additional_parameters"" : ""phone-context=+44"", ""comment"" : null, ""bcr_product"" : ""RETAIL"", ""bcr_region"" : null}"
,4990,"{""id"" : 4990, ""input_prefix"" : ""INPUT_PREFIX"", ""routing_prefix"" : ""phone-context=+44"", ""output_prefix"" : ""OUTPUT_PREFIX"", ""portability_type"" : ""PORTED_OUT"", ""req_uri_additional_parameters"" : ""phone-context=+44"", ""comment"" : null, ""bcr_product"" : ""RETAIL"", ""bcr_region"" : null}"
,4991,"{""id"" : 4991, ""input_prefix"" : ""INPUT_PREFIX"", ""routing_prefix"" : ""phone-context=+44"", ""output_prefix"" : ""OUTPUT_PREFIX"", ""portability_type"" : ""PORTED_OUT"", ""req_uri_additional_parameters"" : ""phone-context=+44"", ""comment"" : null, ""bcr_product"" : ""RETAIL"", ""bcr_region"" : null}"
,4992,"{""id"" : 4992, ""input_prefix"" : ""INPUT_PREFIX"", ""routing_prefix"" : ""phone-context=+44"", ""output_prefix"" : ""OUTPUT_PREFIX"", ""portability_type"" : ""PORTED_OUT"", ""req_uri_additional_parameters"" : ""phone-context=+44"", ""comment"" : null, ""bcr_product"" : ""RETAIL"", ""bcr_region"" : null}"
,4993,"{""id"" : 4993, ""input_prefix"" : ""INPUT_PREFIX"", ""routing_prefix"" : ""phone-context=+44"", ""output_prefix"" : ""OUTPUT_PREFIX"", ""portability_type"" : ""PORTED_OUT"", ""req_uri_additional_parameters"" : ""phone-context=+44"", ""comment"" : null, ""bcr_product"" : ""RETAIL"", ""bcr_region"" : null}"
,4994,"{""id"" : 4994, ""input_prefix"" : ""INPUT_PREFIX"", ""routing_prefix"" : ""phone-context=+44"", ""output_prefix"" : ""OUTPUT_PREFIX"", ""portability_type"" : ""PORTED_OUT"", ""req_uri_additional_parameters"" : ""phone-context=+44"", ""comment"" : null, ""bcr_product"" : ""RETAIL"", ""bcr_region"" : null}"
,4995,"{""id"" : 4995, ""input_prefix"" : ""INPUT_PREFIX"", ""routing_prefix"" : ""phone-context=+44"", ""output_prefix"" : ""OUTPUT_PREFIX"", ""portability_type"" : ""PORTED_OUT"", ""req_uri_additional_parameters"" : ""phone-context=+44"", ""comment"" : null, ""bcr_product"" : ""RETAIL"", ""bcr_region"" : null}"
,4996,"{""id"" : 4996, ""input_prefix"" : ""INPUT_PREFIX"", ""routing_prefix"" : ""phone-context=+44"", ""output_prefix"" : ""OUTPUT_PREFIX"", ""portability_type"" : ""PORTED_OUT"", ""req_uri_additional_parameters"" : ""phone-context=+44"", ""comment"" : null, ""bcr_product"" : ""RETAIL"", ""bcr_region"" : null}"
,5292,"{""id"" : 5292, ""input_prefix"" : ""INPUT_PREFIX"", ""routing_prefix"" : ""phone-context=+44"", ""output_prefix"" : ""OUTPUT_PREFIX"", ""portability_type"" : ""PORTED_OUT"", ""req_uri_additional_parameters"" : ""phone-context=+44"", ""comment"" : null, ""bcr_product"" : ""RETAIL"", ""bcr_region"" : null}"
,5293,"{""id"" : 5293, ""input_prefix"" : ""INPUT_PREFIX"", ""routing_prefix"" : ""phone-context=+44"", ""output_prefix"" : ""OUTPUT_PREFIX"", ""portability_type"" : ""PORTED_OUT"", ""req_uri_additional_parameters"" : ""phone-context=+44"", ""comment"" : null, ""bcr_product"" : ""RETAIL"", ""bcr_region"" : null}"
,5294,"{""id"" : 5294, ""input_prefix"" : ""INPUT_PREFIX"", ""routing_prefix"" : ""phone-context=+44"", ""output_prefix"" : ""OUTPUT_PREFIX"", ""portability_type"" : ""PORTED_OUT"", ""req_uri_additional_parameters"" : ""phone-context=+44"", ""comment"" : null, ""bcr_product"" : ""RETAIL"", ""bcr_region"" : null}"
,5295,"{""id"" : 5295, ""input_prefix"" : ""INPUT_PREFIX"", ""routing_prefix"" : ""phone-context=+44"", ""output_prefix"" : ""OUTPUT_PREFIX"", ""portability_type"" : ""PORTED_OUT"", ""req_uri_additional_parameters"" : ""phone-context=+44"", ""comment"" : null, ""bcr_product"" : ""RETAIL"", ""bcr_region"" : null}"
,5296,"{""id"" : 5296, ""input_prefix"" : ""INPUT_PREFIX"", ""routing_prefix"" : ""phone-context=+44"", ""output_prefix"" : ""OUTPUT_PREFIX"", ""portability_type"" : ""PORTED_OUT"", ""req_uri_additional_parameters"" : ""phone-context=+44"", ""comment"" : null, ""bcr_product"" : ""RETAIL"", ""bcr_region"" : null}"
,5297,"{""id"" : 5297, ""input_prefix"" : ""INPUT_PREFIX"", ""routing_prefix"" : ""phone-context=+44"", ""output_prefix"" : ""OUTPUT_PREFIX"", ""portability_type"" : ""PORTED_OUT"", ""req_uri_additional_parameters"" : ""phone-context=+44"", ""comment"" : ""null migrated to NBI 06500089 from 05118028 and phone-context=nprtspa.126.PORprefix F ALLBACK  FALLBACK  migrated to NBI 06500089 from 05118028 and phone-context=nprtspa.126.PORprefix"", ""bcr_product"" : ""RETAIL"", ""bcr_region"" : null}"
,5298,"{""id"" : 5298, ""input_prefix"" : ""INPUT_PREFIX"", ""routing_prefix"" : ""phone-context=+44"", ""output_prefix"" : ""OUTPUT_PREFIX"", ""portability_type"" : ""PORTED_OUT"", ""req_uri_additional_parameters"" : ""phone-context=+44"", ""comment"" : null, ""bcr_product"" : ""RETAIL"", ""bcr_region"" : null}"
,5299,"{""id"" : 5299, ""input_prefix"" : ""INPUT_PREFIX"", ""routing_prefix"" : ""phone-context=+44"", ""output_prefix"" : ""OUTPUT_PREFIX"", ""portability_type"" : ""PORTED_OUT"", ""req_uri_additional_parameters"" : ""phone-context=+44"", ""comment"" : null, ""bcr_product"" : ""RETAIL"", ""bcr_region"" : null}"
,5300,"{""id"" : 5300, ""input_prefix"" : ""INPUT_PREFIX"", ""routing_prefix"" : ""phone-context=+44"", ""output_prefix"" : ""OUTPUT_PREFIX"", ""portability_type"" : ""PORTED_OUT"", ""req_uri_additional_parameters"" : ""phone-context=+44"", ""comment"" : null, ""bcr_product"" : ""RETAIL"", ""bcr_region"" : null}"
,5301,"{""id"" : 5301, ""input_prefix"" : ""INPUT_PREFIX"", ""routing_prefix"" : ""phone-context=+44"", ""output_prefix"" : ""OUTPUT_PREFIX"", ""portability_type"" : ""PORTED_OUT"", ""req_uri_additional_parameters"" : ""phone-context=+44"", ""comment"" : null, ""bcr_product"" : ""RETAIL"", ""bcr_region"" : null}"
,5302,"{""id"" : 5302, ""input_prefix"" : ""INPUT_PREFIX"", ""routing_prefix"" : ""phone-context=+44"", ""output_prefix"" : ""OUTPUT_PREFIX"", ""portability_type"" : ""PORTED_OUT"", ""req_uri_additional_parameters"" : ""phone-context=+44"", ""comment"" : null, ""bcr_product"" : ""RETAIL"", ""bcr_region"" : null}"
,5305,"{""id"" : 5305, ""input_prefix"" : ""INPUT_PREFIX"", ""routing_prefix"" : ""phone-context=+44"", ""output_prefix"" : ""OUTPUT_PREFIX"", ""portability_type"" : ""PORTED_OUT"", ""req_uri_additional_parameters"" : ""phone-context=+44"", ""comment"" : null, ""bcr_product"" : ""RETAIL"", ""bcr_region"" : null}"
,5306,"{""id"" : 5306, ""input_prefix"" : ""INPUT_PREFIX"", ""routing_prefix"" : ""phone-context=+44"", ""output_prefix"" : ""OUTPUT_PREFIX"", ""portability_type"" : ""PORTED_OUT"", ""req_uri_additional_parameters"" : ""phone-context=+44"", ""comment"" : null, ""bcr_product"" : ""RETAIL"", ""bcr_region"" : null}"
,5307,"{""id"" : 5307, ""input_prefix"" : ""INPUT_PREFIX"", ""routing_prefix"" : ""phone-context=+44"", ""output_prefix"" : ""OUTPUT_PREFIX"", ""portability_type"" : ""PORTED_OUT"", ""req_uri_additional_parameters"" : ""phone-context=+44"", ""comment"" : null, ""bcr_product"" : ""RETAIL"", ""bcr_region"" : null}"
,5308,"{""id"" : 5308, ""input_prefix"" : ""INPUT_PREFIX"", ""routing_prefix"" : ""phone-context=+44"", ""output_prefix"" : ""OUTPUT_PREFIX"", ""portability_type"" : ""PORTED_OUT"", ""req_uri_additional_parameters"" : ""phone-context=+44"", ""comment"" : null, ""bcr_product"" : ""RETAIL"", ""bcr_region"" : null}"
,5102,"{""id"" : 5102, ""input_prefix"" : ""INPUT_PREFIX"", ""routing_prefix"" : ""phone-context=+44"", ""output_prefix"" : ""OUTPUT_PREFIX"", ""portability_type"" : ""PORTED_OUT"", ""req_uri_additional_parameters"" : ""phone-context=+44"", ""comment"" : null, ""bcr_product"" : ""RETAIL"", ""bcr_region"" : null}"
,5403,"{""id"" : 5403, ""input_prefix"" : ""INPUT_PREFIX"", ""routing_prefix"" : ""phone-context=+44"", ""output_prefix"" : ""OUTPUT_PREFIX"", ""portability_type"" : ""PORTED_OUT"", ""req_uri_additional_parameters"" : ""phone-context=+44"", ""comment"" : null, ""bcr_product"" : ""RETAIL"", ""bcr_region"" : null}"
,5309,"{""id"" : 5309, ""input_prefix"" : ""INPUT_PREFIX"", ""routing_prefix"" : ""phone-context=+44"", ""output_prefix"" : ""OUTPUT_PREFIX"", ""portability_type"" : ""PORTED_OUT"", ""req_uri_additional_parameters"" : ""phone-context=+44"", ""comment"" : ""null migrated to NBI 06500089 from 05118028 and phone-context=nprtspa.126.PORprefix F ALLBACK  FALLBACK  migrated to NBI 06500089 from 05118028 and phone-context=nprtspa.126.PORprefix"", ""bcr_product"" : ""RETAIL"", ""bcr_region"" : null}"
,5310,"{""id"" : 5310, ""input_prefix"" : ""INPUT_PREFIX"", ""routing_prefix"" : ""phone-context=+44"", ""output_prefix"" : ""OUTPUT_PREFIX"", ""portability_type"" : ""PORTED_OUT"", ""req_uri_additional_parameters"" : ""phone-context=+44"", ""comment"" : null, ""bcr_product"" : ""RETAIL"", ""bcr_region"" : null}"
,5311,"{""id"" : 5311, ""input_prefix"" : ""INPUT_PREFIX"", ""routing_prefix"" : ""phone-context=+44"", ""output_prefix"" : ""OUTPUT_PREFIX"", ""portability_type"" : ""PORTED_OUT"", ""req_uri_additional_parameters"" : ""phone-context=+44"", ""comment"" : ""null migrated to NBI 06500089 from 05118028 and phone-context=nprtspa.126.PORprefix F ALLBACK  FALLBACK  migrated to NBI 06500089 from 05118028 and phone-context=nprtspa.126.PORprefix"", ""bcr_product"" : ""RETAIL"", ""bcr_region"" : null}"
,5313,"{""id"" : 5313, ""input_prefix"" : ""INPUT_PREFIX"", ""routing_prefix"" : ""phone-context=+44"", ""output_prefix"" : ""OUTPUT_PREFIX"", ""portability_type"" : ""PORTED_OUT"", ""req_uri_additional_parameters"" : ""phone-context=+44"", ""comment"" : null, ""bcr_product"" : ""RETAIL"", ""bcr_region"" : null}"
,5314,"{""id"" : 5314, ""input_prefix"" : ""INPUT_PREFIX"", ""routing_prefix"" : ""phone-context=+44"", ""output_prefix"" : ""OUTPUT_PREFIX"", ""portability_type"" : ""PORTED_OUT"", ""req_uri_additional_parameters"" : ""phone-context=+44"", ""comment"" : ""null migrated to NBI 06500089 from 05118028 and phone-context=nprtspa.126.PORprefix F ALLBACK  FALLBACK  migrated to NBI 06500089 from 05118028 and phone-context=nprtspa.126.PORprefix"", ""bcr_product"" : ""RETAIL"", ""bcr_region"" : null}"
,5316,"{""id"" : 5316, ""input_prefix"" : ""INPUT_PREFIX"", ""routing_prefix"" : ""phone-context=+44"", ""output_prefix"" : ""OUTPUT_PREFIX"", ""portability_type"" : ""PORTED_OUT"", ""req_uri_additional_parameters"" : ""phone-context=+44"", ""comment"" : ""null migrated to NBI 06500089 from 05118028 and phone-context=nprtspa.126.PORprefix F ALLBACK  FALLBACK  migrated to NBI 06500089 from 05118028 and phone-context=nprtspa.126.PORprefix"", ""bcr_product"" : ""RETAIL"", ""bcr_region"" : null}"
,5317,"{""id"" : 5317, ""input_prefix"" : ""INPUT_PREFIX"", ""routing_prefix"" : ""phone-context=+44"", ""output_prefix"" : ""OUTPUT_PREFIX"", ""portability_type"" : ""PORTED_OUT"", ""req_uri_additional_parameters"" : ""phone-context=+44"", ""comment"" : null, ""bcr_product"" : ""RETAIL"", ""bcr_region"" : null}"
,5319,"{""id"" : 5319, ""input_prefix"" : ""INPUT_PREFIX"", ""routing_prefix"" : ""phone-context=+44"", ""output_prefix"" : ""OUTPUT_PREFIX"", ""portability_type"" : ""PORTED_OUT"", ""req_uri_additional_parameters"" : ""phone-context=+44"", ""comment"" : ""null migrated to NBI 06500089 from 05118028 and phone-context=nprtspa.126.PORprefix F ALLBACK  FALLBACK  migrated to NBI 06500089 from 05118028 and phone-context=nprtspa.126.PORprefix"", ""bcr_product"" : ""RETAIL"", ""bcr_region"" : null}"
,11285,"{""id"" : 11285, ""input_prefix"" : ""INPUT_PREFIX"", ""routing_prefix"" : null, ""output_prefix"" : ""OUTPUT_PREFIX"", ""portability_type"" : ""PORTED_OUT"", ""req_uri_additional_parameters"" : null, ""comment"" : null, ""bcr_product"" : ""RETAIL"", ""bcr_region"" : null}"
,5325,"{""id"" : 5325, ""input_prefix"" : ""INPUT_PREFIX"", ""routing_prefix"" : ""phone-context=+44"", ""output_prefix"" : ""OUTPUT_PREFIX"", ""portability_type"" : ""PORTED_OUT"", ""req_uri_additional_parameters"" : ""phone-context=+44"", ""comment"" : ""null migrated to NBI 06500089 from 05118028 and phone-context=nprtspa.126.PORprefix F ALLBACK  FALLBACK  migrated to NBI 06500089 from 05118028 and phone-context=nprtspa.126.PORprefix"", ""bcr_product"" : ""RETAIL"", ""bcr_region"" : null}"
,5327,"{""id"" : 5327, ""input_prefix"" : ""INPUT_PREFIX"", ""routing_prefix"" : ""phone-context=+44"", ""output_prefix"" : ""OUTPUT_PREFIX"", ""portability_type"" : ""PORTED_OUT"", ""req_uri_additional_parameters"" : ""phone-context=+44"", ""comment"" : ""null migrated to NBI 06500089 from 05118028 and phone-context=nprtspa.126.PORprefix F ALLBACK  FALLBACK  migrated to NBI 06500089 from 05118028 and phone-context=nprtspa.126.PORprefix"", ""bcr_product"" : ""RETAIL"", ""bcr_region"" : null}"
,11362,"{""id"" : 11362, ""input_prefix"" : ""INPUT_PREFIX"", ""routing_prefix"" : null, ""output_prefix"" : ""OUTPUT_PREFIX"", ""portability_type"" : ""PORTED_OUT"", ""req_uri_additional_parameters"" : null, ""comment"" : null, ""bcr_product"" : ""RETAIL"", ""bcr_region"" : null}"
,11425,"{""id"" : 11425, ""input_prefix"" : ""INPUT_PREFIX"", ""routing_prefix"" : null, ""output_prefix"" : ""OUTPUT_PREFIX"", ""portability_type"" : ""OBS_OWNER"", ""req_uri_additional_parameters"" : null, ""comment"" : null, ""bcr_product"" : ""RETAIL"", ""bcr_region"" : null}"
,5331,"{""id"" : 5331, ""input_prefix"" : ""INPUT_PREFIX"", ""routing_prefix"" : ""phone-context=+44"", ""output_prefix"" : ""OUTPUT_PREFIX"", ""portability_type"" : ""PORTED_OUT"", ""req_uri_additional_parameters"" : ""phone-context=+44"", ""comment"" : null, ""bcr_product"" : ""RETAIL"", ""bcr_region"" : null}"
,5332,"{""id"" : 5332, ""input_prefix"" : ""INPUT_PREFIX"", ""routing_prefix"" : ""phone-context=+44"", ""output_prefix"" : ""OUTPUT_PREFIX"", ""portability_type"" : ""PORTED_OUT"", ""req_uri_additional_parameters"" : ""phone-context=+44"", ""comment"" : null, ""bcr_product"" : ""RETAIL"", ""bcr_region"" : null}"
,5333,"{""id"" : 5333, ""input_prefix"" : ""INPUT_PREFIX"", ""routing_prefix"" : ""phone-context=+44"", ""output_prefix"" : ""OUTPUT_PREFIX"", ""portability_type"" : ""PORTED_OUT"", ""req_uri_additional_parameters"" : ""phone-context=+44"", ""comment"" : ""null migrated to NBI 06500089 from 05118028 and phone-context=nprtspa.126.PORprefix F ALLBACK  FALLBACK  migrated to NBI 06500089 from 05118028 and phone-context=nprtspa.126.PORprefix"", ""bcr_product"" : ""RETAIL"", ""bcr_region"" : null}"
,5020,"{""id"" : 5020, ""input_prefix"" : ""INPUT_PREFIX"", ""routing_prefix"" : ""phone-context=+44"", ""output_prefix"" : ""OUTPUT_PREFIX"", ""portability_type"" : ""PORTED_OUT"", ""req_uri_additional_parameters"" : ""phone-context=+44"", ""comment"" : null, ""bcr_product"" : ""RETAIL"", ""bcr_region"" : null}"
,5021,"{""id"" : 5021, ""input_prefix"" : ""INPUT_PREFIX"", ""routing_prefix"" : ""phone-context=+44"", ""output_prefix"" : ""OUTPUT_PREFIX"", ""portability_type"" : ""PORTED_OUT"", ""req_uri_additional_parameters"" : ""phone-context=+44"", ""comment"" : null, ""bcr_product"" : ""RETAIL"", ""bcr_region"" : null}"
,5024,"{""id"" : 5024, ""input_prefix"" : ""INPUT_PREFIX"", ""routing_prefix"" : ""phone-context=+44"", ""output_prefix"" : ""OUTPUT_PREFIX"", ""portability_type"" : ""PORTED_OUT"", ""req_uri_additional_parameters"" : ""phone-context=+44"", ""comment"" : null, ""bcr_product"" : ""RETAIL"", ""bcr_region"" : null}"
,5025,"{""id"" : 5025, ""input_prefix"" : ""INPUT_PREFIX"", ""routing_prefix"" : ""phone-context=+44"", ""output_prefix"" : ""OUTPUT_PREFIX"", ""portability_type"" : ""PORTED_OUT"", ""req_uri_additional_parameters"" : ""phone-context=+44"", ""comment"" : null, ""bcr_product"" : ""RETAIL"", ""bcr_region"" : null}"
,5026,"{""id"" : 5026, ""input_prefix"" : ""INPUT_PREFIX"", ""routing_prefix"" : ""phone-context=+44"", ""output_prefix"" : ""OUTPUT_PREFIX"", ""portability_type"" : ""PORTED_OUT"", ""req_uri_additional_parameters"" : ""phone-context=+44"", ""comment"" : null, ""bcr_product"" : ""RETAIL"", ""bcr_region"" : null}"
,5027,"{""id"" : 5027, ""input_prefix"" : ""INPUT_PREFIX"", ""routing_prefix"" : ""phone-context=+44"", ""output_prefix"" : ""OUTPUT_PREFIX"", ""portability_type"" : ""PORTED_OUT"", ""req_uri_additional_parameters"" : ""phone-context=+44"", ""comment"" : null, ""bcr_product"" : ""RETAIL"", ""bcr_region"" : null}"
,5028,"{""id"" : 5028, ""input_prefix"" : ""INPUT_PREFIX"", ""routing_prefix"" : ""phone-context=+44"", ""output_prefix"" : ""OUTPUT_PREFIX"", ""portability_type"" : ""PORTED_OUT"", ""req_uri_additional_parameters"" : ""phone-context=+44"", ""comment"" : null, ""bcr_product"" : ""RETAIL"", ""bcr_region"" : null}"
,5029,"{""id"" : 5029, ""input_prefix"" : ""INPUT_PREFIX"", ""routing_prefix"" : ""phone-context=+44"", ""output_prefix"" : ""OUTPUT_PREFIX"", ""portability_type"" : ""PORTED_OUT"", ""req_uri_additional_parameters"" : ""phone-context=+44"", ""comment"" : null, ""bcr_product"" : ""RETAIL"", ""bcr_region"" : null}"
,5030,"{""id"" : 5030, ""input_prefix"" : ""INPUT_PREFIX"", ""routing_prefix"" : ""phone-context=+44"", ""output_prefix"" : ""OUTPUT_PREFIX"", ""portability_type"" : ""PORTED_OUT"", ""req_uri_additional_parameters"" : ""phone-context=+44"", ""comment"" : null, ""bcr_product"" : ""RETAIL"", ""bcr_region"" : null}"
,5031,"{""id"" : 5031, ""input_prefix"" : ""INPUT_PREFIX"", ""routing_prefix"" : ""phone-context=+44"", ""output_prefix"" : ""OUTPUT_PREFIX"", ""portability_type"" : ""PORTED_OUT"", ""req_uri_additional_parameters"" : ""phone-context=+44"", ""comment"" : null, ""bcr_product"" : ""RETAIL"", ""bcr_region"" : null}"
,5032,"{""id"" : 5032, ""input_prefix"" : ""INPUT_PREFIX"", ""routing_prefix"" : ""phone-context=+44"", ""output_prefix"" : ""OUTPUT_PREFIX"", ""portability_type"" : ""PORTED_OUT"", ""req_uri_additional_parameters"" : ""phone-context=+44"", ""comment"" : null, ""bcr_product"" : ""RETAIL"", ""bcr_region"" : null}"
,5033,"{""id"" : 5033, ""input_prefix"" : ""INPUT_PREFIX"", ""routing_prefix"" : ""phone-context=+44"", ""output_prefix"" : ""OUTPUT_PREFIX"", ""portability_type"" : ""PORTED_OUT"", ""req_uri_additional_parameters"" : ""phone-context=+44"", ""comment"" : null, ""bcr_product"" : ""RETAIL"", ""bcr_region"" : null}"
,5034,"{""id"" : 5034, ""input_prefix"" : ""INPUT_PREFIX"", ""routing_prefix"" : ""phone-context=+44"", ""output_prefix"" : ""OUTPUT_PREFIX"", ""portability_type"" : ""PORTED_OUT"", ""req_uri_additional_parameters"" : ""phone-context=+44"", ""comment"" : null, ""bcr_product"" : ""RETAIL"", ""bcr_region"" : null}"
,5035,"{""id"" : 5035, ""input_prefix"" : ""INPUT_PREFIX"", ""routing_prefix"" : ""phone-context=+44"", ""output_prefix"" : ""OUTPUT_PREFIX"", ""portability_type"" : ""PORTED_OUT"", ""req_uri_additional_parameters"" : ""phone-context=+44"", ""comment"" : null, ""bcr_product"" : ""RETAIL"", ""bcr_region"" : null}"
,5036,"{""id"" : 5036, ""input_prefix"" : ""INPUT_PREFIX"", ""routing_prefix"" : ""phone-context=+44"", ""output_prefix"" : ""OUTPUT_PREFIX"", ""portability_type"" : ""PORTED_OUT"", ""req_uri_additional_parameters"" : ""phone-context=+44"", ""comment"" : null, ""bcr_product"" : ""RETAIL"", ""bcr_region"" : null}"
,5037,"{""id"" : 5037, ""input_prefix"" : ""INPUT_PREFIX"", ""routing_prefix"" : ""phone-context=+44"", ""output_prefix"" : ""OUTPUT_PREFIX"", ""portability_type"" : ""PORTED_OUT"", ""req_uri_additional_parameters"" : ""phone-context=+44"", ""comment"" : null, ""bcr_product"" : ""RETAIL"", ""bcr_region"" : null}"
,5038,"{""id"" : 5038, ""input_prefix"" : ""INPUT_PREFIX"", ""routing_prefix"" : ""phone-context=+44"", ""output_prefix"" : ""OUTPUT_PREFIX"", ""portability_type"" : ""PORTED_OUT"", ""req_uri_additional_parameters"" : ""phone-context=+44"", ""comment"" : null, ""bcr_product"" : ""RETAIL"", ""bcr_region"" : null}"
,5039,"{""id"" : 5039, ""input_prefix"" : ""INPUT_PREFIX"", ""routing_prefix"" : ""phone-context=+44"", ""output_prefix"" : ""OUTPUT_PREFIX"", ""portability_type"" : ""PORTED_OUT"", ""req_uri_additional_parameters"" : ""phone-context=+44"", ""comment"" : null, ""bcr_product"" : ""RETAIL"", ""bcr_region"" : null}"
,5040,"{""id"" : 5040, ""input_prefix"" : ""INPUT_PREFIX"", ""routing_prefix"" : ""phone-context=+44"", ""output_prefix"" : ""OUTPUT_PREFIX"", ""portability_type"" : ""PORTED_OUT"", ""req_uri_additional_parameters"" : ""phone-context=+44"", ""comment"" : null, ""bcr_product"" : ""RETAIL"", ""bcr_region"" : null}"
,5041,"{""id"" : 5041, ""input_prefix"" : ""INPUT_PREFIX"", ""routing_prefix"" : ""phone-context=+44"", ""output_prefix"" : ""OUTPUT_PREFIX"", ""portability_type"" : ""PORTED_OUT"", ""req_uri_additional_parameters"" : ""phone-context=+44"", ""comment"" : null, ""bcr_product"" : ""RETAIL"", ""bcr_region"" : null}"
,5042,"{""id"" : 5042, ""input_prefix"" : ""INPUT_PREFIX"", ""routing_prefix"" : ""phone-context=+44"", ""output_prefix"" : ""OUTPUT_PREFIX"", ""portability_type"" : ""PORTED_OUT"", ""req_uri_additional_parameters"" : ""phone-context=+44"", ""comment"" : null, ""bcr_product"" : ""RETAIL"", ""bcr_region"" : null}"
,5043,"{""id"" : 5043, ""input_prefix"" : ""INPUT_PREFIX"", ""routing_prefix"" : ""phone-context=+44"", ""output_prefix"" : ""OUTPUT_PREFIX"", ""portability_type"" : ""PORTED_OUT"", ""req_uri_additional_parameters"" : ""phone-context=+44"", ""comment"" : null, ""bcr_product"" : ""RETAIL"", ""bcr_region"" : null}"
,5044,"{""id"" : 5044, ""input_prefix"" : ""INPUT_PREFIX"", ""routing_prefix"" : ""phone-context=+44"", ""output_prefix"" : ""OUTPUT_PREFIX"", ""portability_type"" : ""PORTED_OUT"", ""req_uri_additional_parameters"" : ""phone-context=+44"", ""comment"" : null, ""bcr_product"" : ""RETAIL"", ""bcr_region"" : null}"
,5045,"{""id"" : 5045, ""input_prefix"" : ""INPUT_PREFIX"", ""routing_prefix"" : ""phone-context=+44"", ""output_prefix"" : ""OUTPUT_PREFIX"", ""portability_type"" : ""PORTED_OUT"", ""req_uri_additional_parameters"" : ""phone-context=+44"", ""comment"" : null, ""bcr_product"" : ""RETAIL"", ""bcr_region"" : null}"
,5046,"{""id"" : 5046, ""input_prefix"" : ""INPUT_PREFIX"", ""routing_prefix"" : ""phone-context=+44"", ""output_prefix"" : ""OUTPUT_PREFIX"", ""portability_type"" : ""PORTED_OUT"", ""req_uri_additional_parameters"" : ""phone-context=+44"", ""comment"" : null, ""bcr_product"" : ""RETAIL"", ""bcr_region"" : null}"
,5047,"{""id"" : 5047, ""input_prefix"" : ""INPUT_PREFIX"", ""routing_prefix"" : ""phone-context=+44"", ""output_prefix"" : ""OUTPUT_PREFIX"", ""portability_type"" : ""PORTED_OUT"", ""req_uri_additional_parameters"" : ""phone-context=+44"", ""comment"" : null, ""bcr_product"" : ""RETAIL"", ""bcr_region"" : null}"
,5048,"{""id"" : 5048, ""input_prefix"" : ""INPUT_PREFIX"", ""routing_prefix"" : ""phone-context=+44"", ""output_prefix"" : ""OUTPUT_PREFIX"", ""portability_type"" : ""PORTED_OUT"", ""req_uri_additional_parameters"" : ""phone-context=+44"", ""comment"" : null, ""bcr_product"" : ""RETAIL"", ""bcr_region"" : null}"
,5049,"{""id"" : 5049, ""input_prefix"" : ""INPUT_PREFIX"", ""routing_prefix"" : ""phone-context=+44"", ""output_prefix"" : ""OUTPUT_PREFIX"", ""portability_type"" : ""PORTED_OUT"", ""req_uri_additional_parameters"" : ""phone-context=+44"", ""comment"" : null, ""bcr_product"" : ""RETAIL"", ""bcr_region"" : null}"
,5050,"{""id"" : 5050, ""input_prefix"" : ""INPUT_PREFIX"", ""routing_prefix"" : ""phone-context=+44"", ""output_prefix"" : ""OUTPUT_PREFIX"", ""portability_type"" : ""PORTED_OUT"", ""req_uri_additional_parameters"" : ""phone-context=+44"", ""comment"" : null, ""bcr_product"" : ""RETAIL"", ""bcr_region"" : null}"
,5051,"{""id"" : 5051, ""input_prefix"" : ""INPUT_PREFIX"", ""routing_prefix"" : ""phone-context=+44"", ""output_prefix"" : ""OUTPUT_PREFIX"", ""portability_type"" : ""PORTED_OUT"", ""req_uri_additional_parameters"" : ""phone-context=+44"", ""comment"" : null, ""bcr_product"" : ""RETAIL"", ""bcr_region"" : null}"
,5052,"{""id"" : 5052, ""input_prefix"" : ""INPUT_PREFIX"", ""routing_prefix"" : ""phone-context=+44"", ""output_prefix"" : ""OUTPUT_PREFIX"", ""portability_type"" : ""PORTED_OUT"", ""req_uri_additional_parameters"" : ""phone-context=+44"", ""comment"" : null, ""bcr_product"" : ""RETAIL"", ""bcr_region"" : null}"
,5053,"{""id"" : 5053, ""input_prefix"" : ""INPUT_PREFIX"", ""routing_prefix"" : ""phone-context=+44"", ""output_prefix"" : ""OUTPUT_PREFIX"", ""portability_type"" : ""PORTED_OUT"", ""req_uri_additional_parameters"" : ""phone-context=+44"", ""comment"" : null, ""bcr_product"" : ""RETAIL"", ""bcr_region"" : null}"
,5054,"{""id"" : 5054, ""input_prefix"" : ""INPUT_PREFIX"", ""routing_prefix"" : ""phone-context=+44"", ""output_prefix"" : ""OUTPUT_PREFIX"", ""portability_type"" : ""PORTED_OUT"", ""req_uri_additional_parameters"" : ""phone-context=+44"", ""comment"" : null, ""bcr_product"" : ""RETAIL"", ""bcr_region"" : null}"
,8566,"{""id"" : 8566, ""input_prefix"" : ""INPUT_PREFIX"", ""routing_prefix"" : null, ""output_prefix"" : ""OUTPUT_PREFIX"", ""portability_type"" : ""OBS_OWNER"", ""req_uri_additional_parameters"" : null, ""comment"" : ""Scam number blocked India legal request"", ""bcr_product"" : ""RETAIL"", ""bcr_region"" : null}"
,6375,"{""id"" : 6375, ""input_prefix"" : ""INPUT_PREFIX"", ""routing_prefix"" : ""phone-context=+44"", ""output_prefix"" : ""OUTPUT_PREFIX"", ""portability_type"" : ""PORTED_OUT"", ""req_uri_additional_parameters"" : ""phone-context=+44"", ""comment"" : null, ""bcr_product"" : ""RETAIL"", ""bcr_region"" : null}"
,6376,"{""id"" : 6376, ""input_prefix"" : ""INPUT_PREFIX"", ""routing_prefix"" : ""phone-context=+44"", ""output_prefix"" : ""OUTPUT_PREFIX"", ""portability_type"" : ""PORTED_OUT"", ""req_uri_additional_parameters"" : ""phone-context=+44"", ""comment"" : null, ""bcr_product"" : ""RETAIL"", ""bcr_region"" : null}"
,8684,"{""id"" : 8684, ""input_prefix"" : ""INPUT_PREFIX"", ""routing_prefix"" : ""phone-context=+44"", ""output_prefix"" : ""OUTPUT_PREFIX"", ""portability_type"" : ""PORTED_OUT"", ""req_uri_additional_parameters"" : ""phone-context=+44"", ""comment"" : null, ""bcr_product"" : ""RETAIL"", ""bcr_region"" : null}"
,8686,"{""id"" : 8686, ""input_prefix"" : ""INPUT_PREFIX"", ""routing_prefix"" : ""phone-context=+44"", ""output_prefix"" : ""OUTPUT_PREFIX"", ""portability_type"" : ""PORTED_OUT"", ""req_uri_additional_parameters"" : ""phone-context=+44"", ""comment"" : null, ""bcr_product"" : ""RETAIL"", ""bcr_region"" : null}"
,8762,"{""id"" : 8762, ""input_prefix"" : ""INPUT_PREFIX"", ""routing_prefix"" : null, ""output_prefix"" : ""OUTPUT_PREFIX"", ""portability_type"" : ""OBS_OWNER"", ""req_uri_additional_parameters"" : null, ""comment"" : ""scam number India legal"", ""bcr_product"" : ""RETAIL"", ""bcr_region"" : null}"
,8902,"{""id"" : 8902, ""input_prefix"" : ""INPUT_PREFIX"", ""routing_prefix"" : ""phone-context=+44"", ""output_prefix"" : ""OUTPUT_PREFIX"", ""portability_type"" : ""PORTED_OUT"", ""req_uri_additional_parameters"" : ""phone-context=+44"", ""comment"" : null, ""bcr_product"" : ""RETAIL"", ""bcr_region"" : null}"
,8982,"{""id"" : 8982, ""input_prefix"" : ""INPUT_PREFIX"", ""routing_prefix"" : null, ""output_prefix"" : ""OUTPUT_PREFIX"", ""portability_type"" : ""OBS_OWNER"", ""req_uri_additional_parameters"" : null, ""comment"" : ""2105B14860"", ""bcr_product"" : ""RETAIL"", ""bcr_region"" : null}"
,9163,"{""id"" : 9163, ""input_prefix"" : ""INPUT_PREFIX"", ""routing_prefix"" : ""phone-context=national.3.PORprefix"", ""output_prefix"" : ""OUTPUT_PREFIX"", ""portability_type"" : ""PORTED_OUT"", ""req_uri_additional_parameters"" : ""phone-context=national.3.PORprefix"", ""comment"" : ""RE: outporting request of +49 5426 80778-0, 00-39 (#) for 12.Jul 2021      at 07:00lt ."", ""bcr_product"" : ""RETAIL"", ""bcr_region"" : null}"
,6384,"{""id"" : 6384, ""input_prefix"" : ""INPUT_PREFIX"", ""routing_prefix"" : ""phone-context=+44"", ""output_prefix"" : ""OUTPUT_PREFIX"", ""portability_type"" : ""PORTED_OUT"", ""req_uri_additional_parameters"" : ""phone-context=+44"", ""comment"" : null, ""bcr_product"" : ""RETAIL"", ""bcr_region"" : null}"
,6385,"{""id"" : 6385, ""input_prefix"" : ""INPUT_PREFIX"", ""routing_prefix"" : ""phone-context=+44"", ""output_prefix"" : ""OUTPUT_PREFIX"", ""portability_type"" : ""PORTED_OUT"", ""req_uri_additional_parameters"" : ""phone-context=+44"", ""comment"" : null, ""bcr_product"" : ""RETAIL"", ""bcr_region"" : null}"
,6386,"{""id"" : 6386, ""input_prefix"" : ""INPUT_PREFIX"", ""routing_prefix"" : ""phone-context=+44"", ""output_prefix"" : ""OUTPUT_PREFIX"", ""portability_type"" : ""PORTED_OUT"", ""req_uri_additional_parameters"" : ""phone-context=+44"", ""comment"" : null, ""bcr_product"" : ""RETAIL"", ""bcr_region"" : null}"
,6387,"{""id"" : 6387, ""input_prefix"" : ""INPUT_PREFIX"", ""routing_prefix"" : ""phone-context=+44"", ""output_prefix"" : ""OUTPUT_PREFIX"", ""portability_type"" : ""PORTED_OUT"", ""req_uri_additional_parameters"" : ""phone-context=+44"", ""comment"" : null, ""bcr_product"" : ""RETAIL"", ""bcr_region"" : null}"
,6389,"{""id"" : 6389, ""input_prefix"" : ""INPUT_PREFIX"", ""routing_prefix"" : ""phone-context=+44"", ""output_prefix"" : ""OUTPUT_PREFIX"", ""portability_type"" : ""PORTED_OUT"", ""req_uri_additional_parameters"" : ""phone-context=+44"", ""comment"" : null, ""bcr_product"" : ""RETAIL"", ""bcr_region"" : null}"
,5094,"{""id"" : 5094, ""input_prefix"" : ""INPUT_PREFIX"", ""routing_prefix"" : ""phone-context=+44"", ""output_prefix"" : ""OUTPUT_PREFIX"", ""portability_type"" : ""PORTED_OUT"", ""req_uri_additional_parameters"" : ""phone-context=+44"", ""comment"" : null, ""bcr_product"" : ""RETAIL"", ""bcr_region"" : null}"
,5095,"{""id"" : 5095, ""input_prefix"" : ""INPUT_PREFIX"", ""routing_prefix"" : ""phone-context=+44"", ""output_prefix"" : ""OUTPUT_PREFIX"", ""portability_type"" : ""PORTED_OUT"", ""req_uri_additional_parameters"" : ""phone-context=+44"", ""comment"" : null, ""bcr_product"" : ""RETAIL"", ""bcr_region"" : null}"
,5096,"{""id"" : 5096, ""input_prefix"" : ""INPUT_PREFIX"", ""routing_prefix"" : ""phone-context=+44"", ""output_prefix"" : ""OUTPUT_PREFIX"", ""portability_type"" : ""PORTED_OUT"", ""req_uri_additional_parameters"" : ""phone-context=+44"", ""comment"" : null, ""bcr_product"" : ""RETAIL"", ""bcr_region"" : null}"
,5097,"{""id"" : 5097, ""input_prefix"" : ""INPUT_PREFIX"", ""routing_prefix"" : ""phone-context=+44"", ""output_prefix"" : ""OUTPUT_PREFIX"", ""portability_type"" : ""PORTED_OUT"", ""req_uri_additional_parameters"" : ""phone-context=+44"", ""comment"" : null, ""bcr_product"" : ""RETAIL"", ""bcr_region"" : null}"
,5098,"{""id"" : 5098, ""input_prefix"" : ""INPUT_PREFIX"", ""routing_prefix"" : ""phone-context=+44"", ""output_prefix"" : ""OUTPUT_PREFIX"", ""portability_type"" : ""PORTED_OUT"", ""req_uri_additional_parameters"" : ""phone-context=+44"", ""comment"" : null, ""bcr_product"" : ""RETAIL"", ""bcr_region"" : null}"
,5099,"{""id"" : 5099, ""input_prefix"" : ""INPUT_PREFIX"", ""routing_prefix"" : ""phone-context=+44"", ""output_prefix"" : ""OUTPUT_PREFIX"", ""portability_type"" : ""PORTED_OUT"", ""req_uri_additional_parameters"" : ""phone-context=+44"", ""comment"" : null, ""bcr_product"" : ""RETAIL"", ""bcr_region"" : null}"
,5100,"{""id"" : 5100, ""input_prefix"" : ""INPUT_PREFIX"", ""routing_prefix"" : ""phone-context=+44"", ""output_prefix"" : ""OUTPUT_PREFIX"", ""portability_type"" : ""PORTED_OUT"", ""req_uri_additional_parameters"" : ""phone-context=+44"", ""comment"" : null, ""bcr_product"" : ""RETAIL"", ""bcr_region"" : null}"
,5101,"{""id"" : 5101, ""input_prefix"" : ""INPUT_PREFIX"", ""routing_prefix"" : ""phone-context=+44"", ""output_prefix"" : ""OUTPUT_PREFIX"", ""portability_type"" : ""PORTED_OUT"", ""req_uri_additional_parameters"" : ""phone-context=+44"", ""comment"" : null, ""bcr_product"" : ""RETAIL"", ""bcr_region"" : null}"
,5404,"{""id"" : 5404, ""input_prefix"" : ""INPUT_PREFIX"", ""routing_prefix"" : ""phone-context=+44"", ""output_prefix"" : ""OUTPUT_PREFIX"", ""portability_type"" : ""PORTED_OUT"", ""req_uri_additional_parameters"" : ""phone-context=+44"", ""comment"" : null, ""bcr_product"" : ""RETAIL"", ""bcr_region"" : null}"
,5405,"{""id"" : 5405, ""input_prefix"" : ""INPUT_PREFIX"", ""routing_prefix"" : ""phone-context=+44"", ""output_prefix"" : ""OUTPUT_PREFIX"", ""portability_type"" : ""PORTED_OUT"", ""req_uri_additional_parameters"" : ""phone-context=+44"", ""comment"" : null, ""bcr_product"" : ""RETAIL"", ""bcr_region"" : null}"
,5406,"{""id"" : 5406, ""input_prefix"" : ""INPUT_PREFIX"", ""routing_prefix"" : ""phone-context=+44"", ""output_prefix"" : ""OUTPUT_PREFIX"", ""portability_type"" : ""PORTED_OUT"", ""req_uri_additional_parameters"" : ""phone-context=+44"", ""comment"" : null, ""bcr_product"" : ""RETAIL"", ""bcr_region"" : null}"
,5407,"{""id"" : 5407, ""input_prefix"" : ""INPUT_PREFIX"", ""routing_prefix"" : ""phone-context=+44"", ""output_prefix"" : ""OUTPUT_PREFIX"", ""portability_type"" : ""PORTED_OUT"", ""req_uri_additional_parameters"" : ""phone-context=+44"", ""comment"" : null, ""bcr_product"" : ""RETAIL"", ""bcr_region"" : null}"
,5409,"{""id"" : 5409, ""input_prefix"" : ""INPUT_PREFIX"", ""routing_prefix"" : ""phone-context=+44"", ""output_prefix"" : ""OUTPUT_PREFIX"", ""portability_type"" : ""PORTED_OUT"", ""req_uri_additional_parameters"" : ""phone-context=+44"", ""comment"" : null, ""bcr_product"" : ""RETAIL"", ""bcr_region"" : null}"
,5410,"{""id"" : 5410, ""input_prefix"" : ""INPUT_PREFIX"", ""routing_prefix"" : ""phone-context=+44"", ""output_prefix"" : ""OUTPUT_PREFIX"", ""portability_type"" : ""PORTED_OUT"", ""req_uri_additional_parameters"" : ""phone-context=+44"", ""comment"" : null, ""bcr_product"" : ""RETAIL"", ""bcr_region"" : null}"
,5411,"{""id"" : 5411, ""input_prefix"" : ""INPUT_PREFIX"", ""routing_prefix"" : ""phone-context=+44"", ""output_prefix"" : ""OUTPUT_PREFIX"", ""portability_type"" : ""PORTED_OUT"", ""req_uri_additional_parameters"" : ""phone-context=+44"", ""comment"" : null, ""bcr_product"" : ""RETAIL"", ""bcr_region"" : null}"
,5412,"{""id"" : 5412, ""input_prefix"" : ""INPUT_PREFIX"", ""routing_prefix"" : ""phone-context=+44"", ""output_prefix"" : ""OUTPUT_PREFIX"", ""portability_type"" : ""PORTED_OUT"", ""req_uri_additional_parameters"" : ""phone-context=+44"", ""comment"" : null, ""bcr_product"" : ""RETAIL"", ""bcr_region"" : null}"
,5413,"{""id"" : 5413, ""input_prefix"" : ""INPUT_PREFIX"", ""routing_prefix"" : ""phone-context=+44"", ""output_prefix"" : ""OUTPUT_PREFIX"", ""portability_type"" : ""PORTED_OUT"", ""req_uri_additional_parameters"" : ""phone-context=+44"", ""comment"" : null, ""bcr_product"" : ""RETAIL"", ""bcr_region"" : null}"
,5414,"{""id"" : 5414, ""input_prefix"" : ""INPUT_PREFIX"", ""routing_prefix"" : ""phone-context=+44"", ""output_prefix"" : ""OUTPUT_PREFIX"", ""portability_type"" : ""PORTED_OUT"", ""req_uri_additional_parameters"" : ""phone-context=+44"", ""comment"" : null, ""bcr_product"" : ""RETAIL"", ""bcr_region"" : null}"
,5415,"{""id"" : 5415, ""input_prefix"" : ""INPUT_PREFIX"", ""routing_prefix"" : ""phone-context=+44"", ""output_prefix"" : ""OUTPUT_PREFIX"", ""portability_type"" : ""PORTED_OUT"", ""req_uri_additional_parameters"" : ""phone-context=+44"", ""comment"" : null, ""bcr_product"" : ""RETAIL"", ""bcr_region"" : null}"
,5416,"{""id"" : 5416, ""input_prefix"" : ""INPUT_PREFIX"", ""routing_prefix"" : ""phone-context=+44"", ""output_prefix"" : ""OUTPUT_PREFIX"", ""portability_type"" : ""PORTED_OUT"", ""req_uri_additional_parameters"" : ""phone-context=+44"", ""comment"" : null, ""bcr_product"" : ""RETAIL"", ""bcr_region"" : null}"
,5417,"{""id"" : 5417, ""input_prefix"" : ""INPUT_PREFIX"", ""routing_prefix"" : ""phone-context=+44"", ""output_prefix"" : ""OUTPUT_PREFIX"", ""portability_type"" : ""PORTED_OUT"", ""req_uri_additional_parameters"" : ""phone-context=+44"", ""comment"" : null, ""bcr_product"" : ""RETAIL"", ""bcr_region"" : null}"
,5418,"{""id"" : 5418, ""input_prefix"" : ""INPUT_PREFIX"", ""routing_prefix"" : ""phone-context=+44"", ""output_prefix"" : ""OUTPUT_PREFIX"", ""portability_type"" : ""PORTED_OUT"", ""req_uri_additional_parameters"" : ""phone-context=+44"", ""comment"" : null, ""bcr_product"" : ""RETAIL"", ""bcr_region"" : null}"
,5419,"{""id"" : 5419, ""input_prefix"" : ""INPUT_PREFIX"", ""routing_prefix"" : ""phone-context=+44"", ""output_prefix"" : ""OUTPUT_PREFIX"", ""portability_type"" : ""PORTED_OUT"", ""req_uri_additional_parameters"" : ""phone-context=+44"", ""comment"" : null, ""bcr_product"" : ""RETAIL"", ""bcr_region"" : null}"
,5420,"{""id"" : 5420, ""input_prefix"" : ""INPUT_PREFIX"", ""routing_prefix"" : ""phone-context=+44"", ""output_prefix"" : ""OUTPUT_PREFIX"", ""portability_type"" : ""PORTED_OUT"", ""req_uri_additional_parameters"" : ""phone-context=+44"", ""comment"" : null, ""bcr_product"" : ""RETAIL"", ""bcr_region"" : null}"
,5421,"{""id"" : 5421, ""input_prefix"" : ""INPUT_PREFIX"", ""routing_prefix"" : ""phone-context=+44"", ""output_prefix"" : ""OUTPUT_PREFIX"", ""portability_type"" : ""PORTED_OUT"", ""req_uri_additional_parameters"" : ""phone-context=+44"", ""comment"" : null, ""bcr_product"" : ""RETAIL"", ""bcr_region"" : null}"
,5422,"{""id"" : 5422, ""input_prefix"" : ""INPUT_PREFIX"", ""routing_prefix"" : ""phone-context=+44"", ""output_prefix"" : ""OUTPUT_PREFIX"", ""portability_type"" : ""PORTED_OUT"", ""req_uri_additional_parameters"" : ""phone-context=+44"", ""comment"" : ""null migrated to NBI 06500089 from 05118028 and phone-context=nprtspa.126.PORprefix F ALLBACK  FALLBACK  migrated to NBI 06500089 from 05118028 and phone-context=nprtspa.126.PORprefix"", ""bcr_product"" : ""RETAIL"", ""bcr_region"" : null}"
,5424,"{""id"" : 5424, ""input_prefix"" : ""INPUT_PREFIX"", ""routing_prefix"" : ""phone-context=+44"", ""output_prefix"" : ""OUTPUT_PREFIX"", ""portability_type"" : ""PORTED_OUT"", ""req_uri_additional_parameters"" : ""phone-context=+44"", ""comment"" : null, ""bcr_product"" : ""RETAIL"", ""bcr_region"" : null}"
,5425,"{""id"" : 5425, ""input_prefix"" : ""INPUT_PREFIX"", ""routing_prefix"" : ""phone-context=+44"", ""output_prefix"" : ""OUTPUT_PREFIX"", ""portability_type"" : ""PORTED_OUT"", ""req_uri_additional_parameters"" : ""phone-context=+44"", ""comment"" : null, ""bcr_product"" : ""RETAIL"", ""bcr_region"" : null}"
,5427,"{""id"" : 5427, ""input_prefix"" : ""INPUT_PREFIX"", ""routing_prefix"" : ""phone-context=+44"", ""output_prefix"" : ""OUTPUT_PREFIX"", ""portability_type"" : ""PORTED_OUT"", ""req_uri_additional_parameters"" : ""phone-context=+44"", ""comment"" : null, ""bcr_product"" : ""RETAIL"", ""bcr_region"" : null}"
,5428,"{""id"" : 5428, ""input_prefix"" : ""INPUT_PREFIX"", ""routing_prefix"" : ""phone-context=+44"", ""output_prefix"" : ""OUTPUT_PREFIX"", ""portability_type"" : ""PORTED_OUT"", ""req_uri_additional_parameters"" : ""phone-context=+44"", ""comment"" : ""null migrated to NBI 06500089 from 05118028 and phone-context=nprtspa.126.PORprefix F ALLBACK  FALLBACK  migrated to NBI 06500089 from 05118028 and phone-context=nprtspa.126.PORprefix"", ""bcr_product"" : ""RETAIL"", ""bcr_region"" : null}"
,5429,"{""id"" : 5429, ""input_prefix"" : ""INPUT_PREFIX"", ""routing_prefix"" : ""phone-context=+44"", ""output_prefix"" : ""OUTPUT_PREFIX"", ""portability_type"" : ""PORTED_OUT"", ""req_uri_additional_parameters"" : ""phone-context=+44"", ""comment"" : null, ""bcr_product"" : ""RETAIL"", ""bcr_region"" : null}"
,5432,"{""id"" : 5432, ""input_prefix"" : ""INPUT_PREFIX"", ""routing_prefix"" : ""phone-context=+44"", ""output_prefix"" : ""OUTPUT_PREFIX"", ""portability_type"" : ""PORTED_OUT"", ""req_uri_additional_parameters"" : ""phone-context=+44"", ""comment"" : ""null migrated to NBI 06500089 from 05118028 and phone-context=nprtspa.126.PORprefix F ALLBACK  FALLBACK  migrated to NBI 06500089 from 05118028 and phone-context=nprtspa.126.PORprefix"", ""bcr_product"" : ""RETAIL"", ""bcr_region"" : null}"
,5433,"{""id"" : 5433, ""input_prefix"" : ""INPUT_PREFIX"", ""routing_prefix"" : ""phone-context=+44"", ""output_prefix"" : ""OUTPUT_PREFIX"", ""portability_type"" : ""PORTED_OUT"", ""req_uri_additional_parameters"" : ""phone-context=+44"", ""comment"" : null, ""bcr_product"" : ""RETAIL"", ""bcr_region"" : null}"
,5434,"{""id"" : 5434, ""input_prefix"" : ""INPUT_PREFIX"", ""routing_prefix"" : ""phone-context=+44"", ""output_prefix"" : ""OUTPUT_PREFIX"", ""portability_type"" : ""PORTED_OUT"", ""req_uri_additional_parameters"" : ""phone-context=+44"", ""comment"" : null, ""bcr_product"" : ""RETAIL"", ""bcr_region"" : null}"
,5437,"{""id"" : 5437, ""input_prefix"" : ""INPUT_PREFIX"", ""routing_prefix"" : ""phone-context=+44"", ""output_prefix"" : ""OUTPUT_PREFIX"", ""portability_type"" : ""PORTED_OUT"", ""req_uri_additional_parameters"" : ""phone-context=+44"", ""comment"" : null, ""bcr_product"" : ""RETAIL"", ""bcr_region"" : null}"
,5438,"{""id"" : 5438, ""input_prefix"" : ""INPUT_PREFIX"", ""routing_prefix"" : ""phone-context=+44"", ""output_prefix"" : ""OUTPUT_PREFIX"", ""portability_type"" : ""PORTED_OUT"", ""req_uri_additional_parameters"" : ""phone-context=+44"", ""comment"" : null, ""bcr_product"" : ""RETAIL"", ""bcr_region"" : null}"
,5439,"{""id"" : 5439, ""input_prefix"" : ""INPUT_PREFIX"", ""routing_prefix"" : ""phone-context=+44"", ""output_prefix"" : ""OUTPUT_PREFIX"", ""portability_type"" : ""PORTED_OUT"", ""req_uri_additional_parameters"" : ""phone-context=+44"", ""comment"" : null, ""bcr_product"" : ""RETAIL"", ""bcr_region"" : null}"
,5440,"{""id"" : 5440, ""input_prefix"" : ""INPUT_PREFIX"", ""routing_prefix"" : ""phone-context=+44"", ""output_prefix"" : ""OUTPUT_PREFIX"", ""portability_type"" : ""PORTED_OUT"", ""req_uri_additional_parameters"" : ""phone-context=+44"", ""comment"" : null, ""bcr_product"" : ""RETAIL"", ""bcr_region"" : null}"
,5441,"{""id"" : 5441, ""input_prefix"" : ""INPUT_PREFIX"", ""routing_prefix"" : ""phone-context=+44"", ""output_prefix"" : ""OUTPUT_PREFIX"", ""portability_type"" : ""PORTED_OUT"", ""req_uri_additional_parameters"" : ""phone-context=+44"", ""comment"" : null, ""bcr_product"" : ""RETAIL"", ""bcr_region"" : null}"
,5442,"{""id"" : 5442, ""input_prefix"" : ""INPUT_PREFIX"", ""routing_prefix"" : ""phone-context=+44"", ""output_prefix"" : ""OUTPUT_PREFIX"", ""portability_type"" : ""PORTED_OUT"", ""req_uri_additional_parameters"" : ""phone-context=+44"", ""comment"" : null, ""bcr_product"" : ""RETAIL"", ""bcr_region"" : null}"
,5443,"{""id"" : 5443, ""input_prefix"" : ""INPUT_PREFIX"", ""routing_prefix"" : ""phone-context=+44"", ""output_prefix"" : ""OUTPUT_PREFIX"", ""portability_type"" : ""PORTED_OUT"", ""req_uri_additional_parameters"" : ""phone-context=+44"", ""comment"" : null, ""bcr_product"" : ""RETAIL"", ""bcr_region"" : null}"
,5444,"{""id"" : 5444, ""input_prefix"" : ""INPUT_PREFIX"", ""routing_prefix"" : ""phone-context=+44"", ""output_prefix"" : ""OUTPUT_PREFIX"", ""portability_type"" : ""PORTED_OUT"", ""req_uri_additional_parameters"" : ""phone-context=+44"", ""comment"" : null, ""bcr_product"" : ""RETAIL"", ""bcr_region"" : null}"
,5445,"{""id"" : 5445, ""input_prefix"" : ""INPUT_PREFIX"", ""routing_prefix"" : ""phone-context=+44"", ""output_prefix"" : ""OUTPUT_PREFIX"", ""portability_type"" : ""PORTED_OUT"", ""req_uri_additional_parameters"" : ""phone-context=+44"", ""comment"" : ""null migrated to NBI 06500089 from 05118028 and phone-context=nprtspa.126.PORprefix F ALLBACK  FALLBACK  migrated to NBI 06500089 from 05118028 and phone-context=nprtspa.126.PORprefix"", ""bcr_product"" : ""RETAIL"", ""bcr_region"" : null}"
,5446,"{""id"" : 5446, ""input_prefix"" : ""INPUT_PREFIX"", ""routing_prefix"" : ""phone-context=+44"", ""output_prefix"" : ""OUTPUT_PREFIX"", ""portability_type"" : ""PORTED_OUT"", ""req_uri_additional_parameters"" : ""phone-context=+44"", ""comment"" : ""null migrated to NBI 06500089 from 05118028 and phone-context=nprtspa.126.PORprefix F ALLBACK  FALLBACK  migrated to NBI 06500089 from 05118028 and phone-context=nprtspa.126.PORprefix"", ""bcr_product"" : ""RETAIL"", ""bcr_region"" : null}"
,5447,"{""id"" : 5447, ""input_prefix"" : ""INPUT_PREFIX"", ""routing_prefix"" : ""phone-context=+44"", ""output_prefix"" : ""OUTPUT_PREFIX"", ""portability_type"" : ""PORTED_OUT"", ""req_uri_additional_parameters"" : ""phone-context=+44"", ""comment"" : null, ""bcr_product"" : ""RETAIL"", ""bcr_region"" : null}"
,5449,"{""id"" : 5449, ""input_prefix"" : ""INPUT_PREFIX"", ""routing_prefix"" : ""phone-context=+44"", ""output_prefix"" : ""OUTPUT_PREFIX"", ""portability_type"" : ""PORTED_OUT"", ""req_uri_additional_parameters"" : ""phone-context=+44"", ""comment"" : ""null migrated to NBI 06500089 from 05118028 and phone-context=nprtspa.126.PORprefix F ALLBACK  FALLBACK  migrated to NBI 06500089 from 05118028 and phone-context=nprtspa.126.PORprefix"", ""bcr_product"" : ""RETAIL"", ""bcr_region"" : null}"
,5451,"{""id"" : 5451, ""input_prefix"" : ""INPUT_PREFIX"", ""routing_prefix"" : ""phone-context=+44"", ""output_prefix"" : ""OUTPUT_PREFIX"", ""portability_type"" : ""PORTED_OUT"", ""req_uri_additional_parameters"" : ""phone-context=+44"", ""comment"" : ""null migrated to NBI 06500089 from 05118028 and phone-context=nprtspa.126.PORprefix F ALLBACK  FALLBACK  migrated to NBI 06500089 from 05118028 and phone-context=nprtspa.126.PORprefix"", ""bcr_product"" : ""RETAIL"", ""bcr_region"" : null}"
,5455,"{""id"" : 5455, ""input_prefix"" : ""INPUT_PREFIX"", ""routing_prefix"" : ""phone-context=+44"", ""output_prefix"" : ""OUTPUT_PREFIX"", ""portability_type"" : ""PORTED_OUT"", ""req_uri_additional_parameters"" : ""phone-context=+44"", ""comment"" : null, ""bcr_product"" : ""RETAIL"", ""bcr_region"" : null}"
,5456,"{""id"" : 5456, ""input_prefix"" : ""INPUT_PREFIX"", ""routing_prefix"" : ""phone-context=+44"", ""output_prefix"" : ""OUTPUT_PREFIX"", ""portability_type"" : ""PORTED_OUT"", ""req_uri_additional_parameters"" : ""phone-context=+44"", ""comment"" : null, ""bcr_product"" : ""RETAIL"", ""bcr_region"" : null}"
,7066,"{""id"" : 7066, ""input_prefix"" : ""INPUT_PREFIX"", ""routing_prefix"" : null, ""output_prefix"" : ""OUTPUT_PREFIX"", ""portability_type"" : ""OBS_OWNER"", ""req_uri_additional_parameters"" : null, ""comment"" : ""BCR in Hookah action 015 for 31203059606"", ""bcr_product"" : ""RETAIL"", ""bcr_region"" : null}"
,5461,"{""id"" : 5461, ""input_prefix"" : ""INPUT_PREFIX"", ""routing_prefix"" : ""phone-context=+44"", ""output_prefix"" : ""OUTPUT_PREFIX"", ""portability_type"" : ""PORTED_OUT"", ""req_uri_additional_parameters"" : ""phone-context=+44"", ""comment"" : ""null migrated to NBI 06500089 from 05118028 and phone-context=nprtspa.126.PORprefix F ALLBACK  FALLBACK  migrated to NBI 06500089 from 05118028 and phone-context=nprtspa.126.PORprefix"", ""bcr_product"" : ""RETAIL"", ""bcr_region"" : null}"
,5462,"{""id"" : 5462, ""input_prefix"" : ""INPUT_PREFIX"", ""routing_prefix"" : ""phone-context=+44"", ""output_prefix"" : ""OUTPUT_PREFIX"", ""portability_type"" : ""PORTED_OUT"", ""req_uri_additional_parameters"" : ""phone-context=+44"", ""comment"" : null, ""bcr_product"" : ""RETAIL"", ""bcr_region"" : null}"
,5463,"{""id"" : 5463, ""input_prefix"" : ""INPUT_PREFIX"", ""routing_prefix"" : ""phone-context=+44"", ""output_prefix"" : ""OUTPUT_PREFIX"", ""portability_type"" : ""PORTED_OUT"", ""req_uri_additional_parameters"" : ""phone-context=+44"", ""comment"" : ""null migrated to NBI 06500089 from 05118028 and phone-context=nprtspa.126.PORprefix F ALLBACK  FALLBACK  migrated to NBI 06500089 from 05118028 and phone-context=nprtspa.126.PORprefix"", ""bcr_product"" : ""RETAIL"", ""bcr_region"" : null}"
,5464,"{""id"" : 5464, ""input_prefix"" : ""INPUT_PREFIX"", ""routing_prefix"" : ""phone-context=+44"", ""output_prefix"" : ""OUTPUT_PREFIX"", ""portability_type"" : ""PORTED_OUT"", ""req_uri_additional_parameters"" : ""phone-context=+44"", ""comment"" : null, ""bcr_product"" : ""RETAIL"", ""bcr_region"" : null}"
,5465,"{""id"" : 5465, ""input_prefix"" : ""INPUT_PREFIX"", ""routing_prefix"" : ""phone-context=+44"", ""output_prefix"" : ""OUTPUT_PREFIX"", ""portability_type"" : ""PORTED_OUT"", ""req_uri_additional_parameters"" : ""phone-context=+44"", ""comment"" : null, ""bcr_product"" : ""RETAIL"", ""bcr_region"" : null}"
,5466,"{""id"" : 5466, ""input_prefix"" : ""INPUT_PREFIX"", ""routing_prefix"" : ""phone-context=+44"", ""output_prefix"" : ""OUTPUT_PREFIX"", ""portability_type"" : ""PORTED_OUT"", ""req_uri_additional_parameters"" : ""phone-context=+44"", ""comment"" : null, ""bcr_product"" : ""RETAIL"", ""bcr_region"" : null}"
,5468,"{""id"" : 5468, ""input_prefix"" : ""INPUT_PREFIX"", ""routing_prefix"" : ""phone-context=+44"", ""output_prefix"" : ""OUTPUT_PREFIX"", ""portability_type"" : ""PORTED_OUT"", ""req_uri_additional_parameters"" : ""phone-context=+44"", ""comment"" : null, ""bcr_product"" : ""RETAIL"", ""bcr_region"" : null}"
,5469,"{""id"" : 5469, ""input_prefix"" : ""INPUT_PREFIX"", ""routing_prefix"" : ""phone-context=+44"", ""output_prefix"" : ""OUTPUT_PREFIX"", ""portability_type"" : ""PORTED_OUT"", ""req_uri_additional_parameters"" : ""phone-context=+44"", ""comment"" : null, ""bcr_product"" : ""RETAIL"", ""bcr_region"" : null}"
,5471,"{""id"" : 5471, ""input_prefix"" : ""INPUT_PREFIX"", ""routing_prefix"" : ""phone-context=+44"", ""output_prefix"" : ""OUTPUT_PREFIX"", ""portability_type"" : ""PORTED_OUT"", ""req_uri_additional_parameters"" : ""phone-context=+44"", ""comment"" : null, ""bcr_product"" : ""RETAIL"", ""bcr_region"" : null}"
,5472,"{""id"" : 5472, ""input_prefix"" : ""INPUT_PREFIX"", ""routing_prefix"" : ""phone-context=+44"", ""output_prefix"" : ""OUTPUT_PREFIX"", ""portability_type"" : ""PORTED_OUT"", ""req_uri_additional_parameters"" : ""phone-context=+44"", ""comment"" : null, ""bcr_product"" : ""RETAIL"", ""bcr_region"" : null}"
,5473,"{""id"" : 5473, ""input_prefix"" : ""INPUT_PREFIX"", ""routing_prefix"" : ""phone-context=+44"", ""output_prefix"" : ""OUTPUT_PREFIX"", ""portability_type"" : ""PORTED_OUT"", ""req_uri_additional_parameters"" : ""phone-context=+44"", ""comment"" : null, ""bcr_product"" : ""RETAIL"", ""bcr_region"" : null}"
,5474,"{""id"" : 5474, ""input_prefix"" : ""INPUT_PREFIX"", ""routing_prefix"" : ""phone-context=+44"", ""output_prefix"" : ""OUTPUT_PREFIX"", ""portability_type"" : ""PORTED_OUT"", ""req_uri_additional_parameters"" : ""phone-context=+44"", ""comment"" : null, ""bcr_product"" : ""RETAIL"", ""bcr_region"" : null}"
,5475,"{""id"" : 5475, ""input_prefix"" : ""INPUT_PREFIX"", ""routing_prefix"" : ""phone-context=+44"", ""output_prefix"" : ""OUTPUT_PREFIX"", ""portability_type"" : ""PORTED_OUT"", ""req_uri_additional_parameters"" : ""phone-context=+44"", ""comment"" : null, ""bcr_product"" : ""RETAIL"", ""bcr_region"" : null}"
,5476,"{""id"" : 5476, ""input_prefix"" : ""INPUT_PREFIX"", ""routing_prefix"" : ""phone-context=+44"", ""output_prefix"" : ""OUTPUT_PREFIX"", ""portability_type"" : ""PORTED_OUT"", ""req_uri_additional_parameters"" : ""phone-context=+44"", ""comment"" : null, ""bcr_product"" : ""RETAIL"", ""bcr_region"" : null}"
,5477,"{""id"" : 5477, ""input_prefix"" : ""INPUT_PREFIX"", ""routing_prefix"" : ""phone-context=+44"", ""output_prefix"" : ""OUTPUT_PREFIX"", ""portability_type"" : ""PORTED_OUT"", ""req_uri_additional_parameters"" : ""phone-context=+44"", ""comment"" : null, ""bcr_product"" : ""RETAIL"", ""bcr_region"" : null}"
,5163,"{""id"" : 5163, ""input_prefix"" : ""INPUT_PREFIX"", ""routing_prefix"" : ""phone-context=+44"", ""output_prefix"" : ""OUTPUT_PREFIX"", ""portability_type"" : ""PORTED_OUT"", ""req_uri_additional_parameters"" : ""phone-context=+44"", ""comment"" : ""null migrated to NBI 06500089 from 05118028 and phone-context=nprtspa.126.PORprefix F ALLBACK  FALLBACK  migrated to NBI 06500089 from 05118028 and phone-context=nprtspa.126.PORprefix"", ""bcr_product"" : ""RETAIL"", ""bcr_region"" : null}"
,5164,"{""id"" : 5164, ""input_prefix"" : ""INPUT_PREFIX"", ""routing_prefix"" : ""phone-context=+44"", ""output_prefix"" : ""OUTPUT_PREFIX"", ""portability_type"" : ""PORTED_OUT"", ""req_uri_additional_parameters"" : ""phone-context=+44"", ""comment"" : ""null migrated to NBI 06500089 from 05118028 and phone-context=nprtspa.126.PORprefix F ALLBACK  FALLBACK  migrated to NBI 06500089 from 05118028 and phone-context=nprtspa.126.PORprefix"", ""bcr_product"" : ""RETAIL"", ""bcr_region"" : null}"
,5165,"{""id"" : 5165, ""input_prefix"" : ""INPUT_PREFIX"", ""routing_prefix"" : ""phone-context=+44"", ""output_prefix"" : ""OUTPUT_PREFIX"", ""portability_type"" : ""PORTED_OUT"", ""req_uri_additional_parameters"" : ""phone-context=+44"", ""comment"" : null, ""bcr_product"" : ""RETAIL"", ""bcr_region"" : null}"
,5166,"{""id"" : 5166, ""input_prefix"" : ""INPUT_PREFIX"", ""routing_prefix"" : ""phone-context=+44"", ""output_prefix"" : ""OUTPUT_PREFIX"", ""portability_type"" : ""PORTED_OUT"", ""req_uri_additional_parameters"" : ""phone-context=+44"", ""comment"" : null, ""bcr_product"" : ""RETAIL"", ""bcr_region"" : null}"
,5167,"{""id"" : 5167, ""input_prefix"" : ""INPUT_PREFIX"", ""routing_prefix"" : ""phone-context=+44"", ""output_prefix"" : ""OUTPUT_PREFIX"", ""portability_type"" : ""PORTED_OUT"", ""req_uri_additional_parameters"" : ""phone-context=+44"", ""comment"" : ""null migrated to NBI 06500089 from 05118028 and phone-context=nprtspa.126.PORprefix F ALLBACK  FALLBACK  migrated to NBI 06500089 from 05118028 and phone-context=nprtspa.126.PORprefix"", ""bcr_product"" : ""RETAIL"", ""bcr_region"" : null}"
,5168,"{""id"" : 5168, ""input_prefix"" : ""INPUT_PREFIX"", ""routing_prefix"" : ""phone-context=+44"", ""output_prefix"" : ""OUTPUT_PREFIX"", ""portability_type"" : ""PORTED_OUT"", ""req_uri_additional_parameters"" : ""phone-context=+44"", ""comment"" : null, ""bcr_product"" : ""RETAIL"", ""bcr_region"" : null}"
,5169,"{""id"" : 5169, ""input_prefix"" : ""INPUT_PREFIX"", ""routing_prefix"" : ""phone-context=+44"", ""output_prefix"" : ""OUTPUT_PREFIX"", ""portability_type"" : ""PORTED_OUT"", ""req_uri_additional_parameters"" : ""phone-context=+44"", ""comment"" : null, ""bcr_product"" : ""RETAIL"", ""bcr_region"" : null}"
,5170,"{""id"" : 5170, ""input_prefix"" : ""INPUT_PREFIX"", ""routing_prefix"" : ""phone-context=+44"", ""output_prefix"" : ""OUTPUT_PREFIX"", ""portability_type"" : ""PORTED_OUT"", ""req_uri_additional_parameters"" : ""phone-context=+44"", ""comment"" : null, ""bcr_product"" : ""RETAIL"", ""bcr_region"" : null}"
,5171,"{""id"" : 5171, ""input_prefix"" : ""INPUT_PREFIX"", ""routing_prefix"" : ""phone-context=+44"", ""output_prefix"" : ""OUTPUT_PREFIX"", ""portability_type"" : ""PORTED_OUT"", ""req_uri_additional_parameters"" : ""phone-context=+44"", ""comment"" : null, ""bcr_product"" : ""RETAIL"", ""bcr_region"" : null}"
,5172,"{""id"" : 5172, ""input_prefix"" : ""INPUT_PREFIX"", ""routing_prefix"" : ""phone-context=+44"", ""output_prefix"" : ""OUTPUT_PREFIX"", ""portability_type"" : ""PORTED_OUT"", ""req_uri_additional_parameters"" : ""phone-context=+44"", ""comment"" : null, ""bcr_product"" : ""RETAIL"", ""bcr_region"" : null}"
,5488,"{""id"" : 5488, ""input_prefix"" : ""INPUT_PREFIX"", ""routing_prefix"" : ""phone-context=+44"", ""output_prefix"" : ""OUTPUT_PREFIX"", ""portability_type"" : ""PORTED_OUT"", ""req_uri_additional_parameters"" : ""phone-context=+44"", ""comment"" : null, ""bcr_product"" : ""RETAIL"", ""bcr_region"" : null}"
,5489,"{""id"" : 5489, ""input_prefix"" : ""INPUT_PREFIX"", ""routing_prefix"" : ""phone-context=+44"", ""output_prefix"" : ""OUTPUT_PREFIX"", ""portability_type"" : ""PORTED_OUT"", ""req_uri_additional_parameters"" : ""phone-context=+44"", ""comment"" : null, ""bcr_product"" : ""RETAIL"", ""bcr_region"" : null}"
,5492,"{""id"" : 5492, ""input_prefix"" : ""INPUT_PREFIX"", ""routing_prefix"" : ""phone-context=+44"", ""output_prefix"" : ""OUTPUT_PREFIX"", ""portability_type"" : ""PORTED_OUT"", ""req_uri_additional_parameters"" : ""phone-context=+44"", ""comment"" : null, ""bcr_product"" : ""RETAIL"", ""bcr_region"" : null}"
,5493,"{""id"" : 5493, ""input_prefix"" : ""INPUT_PREFIX"", ""routing_prefix"" : ""phone-context=+44"", ""output_prefix"" : ""OUTPUT_PREFIX"", ""portability_type"" : ""PORTED_OUT"", ""req_uri_additional_parameters"" : ""phone-context=+44"", ""comment"" : null, ""bcr_product"" : ""RETAIL"", ""bcr_region"" : null}"
,5494,"{""id"" : 5494, ""input_prefix"" : ""INPUT_PREFIX"", ""routing_prefix"" : ""phone-context=+44"", ""output_prefix"" : ""OUTPUT_PREFIX"", ""portability_type"" : ""PORTED_OUT"", ""req_uri_additional_parameters"" : ""phone-context=+44"", ""comment"" : null, ""bcr_product"" : ""RETAIL"", ""bcr_region"" : null}"
,5495,"{""id"" : 5495, ""input_prefix"" : ""INPUT_PREFIX"", ""routing_prefix"" : ""phone-context=+44"", ""output_prefix"" : ""OUTPUT_PREFIX"", ""portability_type"" : ""PORTED_OUT"", ""req_uri_additional_parameters"" : ""phone-context=+44"", ""comment"" : null, ""bcr_product"" : ""RETAIL"", ""bcr_region"" : null}"
,5496,"{""id"" : 5496, ""input_prefix"" : ""INPUT_PREFIX"", ""routing_prefix"" : ""phone-context=+44"", ""output_prefix"" : ""OUTPUT_PREFIX"", ""portability_type"" : ""PORTED_OUT"", ""req_uri_additional_parameters"" : ""phone-context=+44"", ""comment"" : null, ""bcr_product"" : ""RETAIL"", ""bcr_region"" : null}"
,5497,"{""id"" : 5497, ""input_prefix"" : ""INPUT_PREFIX"", ""routing_prefix"" : ""phone-context=+44"", ""output_prefix"" : ""OUTPUT_PREFIX"", ""portability_type"" : ""PORTED_OUT"", ""req_uri_additional_parameters"" : ""phone-context=+44"", ""comment"" : null, ""bcr_product"" : ""RETAIL"", ""bcr_region"" : null}"
,5498,"{""id"" : 5498, ""input_prefix"" : ""INPUT_PREFIX"", ""routing_prefix"" : ""phone-context=+44"", ""output_prefix"" : ""OUTPUT_PREFIX"", ""portability_type"" : ""PORTED_OUT"", ""req_uri_additional_parameters"" : ""phone-context=+44"", ""comment"" : null, ""bcr_product"" : ""RETAIL"", ""bcr_region"" : null}"
,5499,"{""id"" : 5499, ""input_prefix"" : ""INPUT_PREFIX"", ""routing_prefix"" : ""phone-context=+44"", ""output_prefix"" : ""OUTPUT_PREFIX"", ""portability_type"" : ""PORTED_OUT"", ""req_uri_additional_parameters"" : ""phone-context=+44"", ""comment"" : null, ""bcr_product"" : ""RETAIL"", ""bcr_region"" : null}"
,5501,"{""id"" : 5501, ""input_prefix"" : ""INPUT_PREFIX"", ""routing_prefix"" : ""phone-context=+44"", ""output_prefix"" : ""OUTPUT_PREFIX"", ""portability_type"" : ""PORTED_OUT"", ""req_uri_additional_parameters"" : ""phone-context=+44"", ""comment"" : null, ""bcr_product"" : ""RETAIL"", ""bcr_region"" : null}"
,5502,"{""id"" : 5502, ""input_prefix"" : ""INPUT_PREFIX"", ""routing_prefix"" : ""phone-context=+44"", ""output_prefix"" : ""OUTPUT_PREFIX"", ""portability_type"" : ""PORTED_OUT"", ""req_uri_additional_parameters"" : ""phone-context=+44"", ""comment"" : null, ""bcr_product"" : ""RETAIL"", ""bcr_region"" : null}"
,5203,"{""id"" : 5203, ""input_prefix"" : ""INPUT_PREFIX"", ""routing_prefix"" : ""phone-context=+44"", ""output_prefix"" : ""OUTPUT_PREFIX"", ""portability_type"" : ""PORTED_OUT"", ""req_uri_additional_parameters"" : ""phone-context=+44"", ""comment"" : ""null migrated to NBI 06500089 from 05118028 and phone-context=nprtspa.126.PORprefix F ALLBACK  FALLBACK  migrated to NBI 06500089 from 05118028 and phone-context=nprtspa.126.PORprefix"", ""bcr_product"" : ""RETAIL"", ""bcr_region"" : null}"
,5204,"{""id"" : 5204, ""input_prefix"" : ""INPUT_PREFIX"", ""routing_prefix"" : ""phone-context=+44"", ""output_prefix"" : ""OUTPUT_PREFIX"", ""portability_type"" : ""PORTED_OUT"", ""req_uri_additional_parameters"" : ""phone-context=+44"", ""comment"" : null, ""bcr_product"" : ""RETAIL"", ""bcr_region"" : null}"
,5205,"{""id"" : 5205, ""input_prefix"" : ""INPUT_PREFIX"", ""routing_prefix"" : ""phone-context=+44"", ""output_prefix"" : ""OUTPUT_PREFIX"", ""portability_type"" : ""PORTED_OUT"", ""req_uri_additional_parameters"" : ""phone-context=+44"", ""comment"" : null, ""bcr_product"" : ""RETAIL"", ""bcr_region"" : null}"
,5206,"{""id"" : 5206, ""input_prefix"" : ""INPUT_PREFIX"", ""routing_prefix"" : ""phone-context=+44"", ""output_prefix"" : ""OUTPUT_PREFIX"", ""portability_type"" : ""PORTED_OUT"", ""req_uri_additional_parameters"" : ""phone-context=+44"", ""comment"" : null, ""bcr_product"" : ""RETAIL"", ""bcr_region"" : null}"
,5207,"{""id"" : 5207, ""input_prefix"" : ""INPUT_PREFIX"", ""routing_prefix"" : ""phone-context=+44"", ""output_prefix"" : ""OUTPUT_PREFIX"", ""portability_type"" : ""PORTED_OUT"", ""req_uri_additional_parameters"" : ""phone-context=+44"", ""comment"" : null, ""bcr_product"" : ""RETAIL"", ""bcr_region"" : null}"
,5208,"{""id"" : 5208, ""input_prefix"" : ""INPUT_PREFIX"", ""routing_prefix"" : ""phone-context=+44"", ""output_prefix"" : ""OUTPUT_PREFIX"", ""portability_type"" : ""PORTED_OUT"", ""req_uri_additional_parameters"" : ""phone-context=+44"", ""comment"" : null, ""bcr_product"" : ""RETAIL"", ""bcr_region"" : null}"
,5209,"{""id"" : 5209, ""input_prefix"" : ""INPUT_PREFIX"", ""routing_prefix"" : ""phone-context=+44"", ""output_prefix"" : ""OUTPUT_PREFIX"", ""portability_type"" : ""PORTED_OUT"", ""req_uri_additional_parameters"" : ""phone-context=+44"", ""comment"" : null, ""bcr_product"" : ""RETAIL"", ""bcr_region"" : null}"
,5210,"{""id"" : 5210, ""input_prefix"" : ""INPUT_PREFIX"", ""routing_prefix"" : ""phone-context=+44"", ""output_prefix"" : ""OUTPUT_PREFIX"", ""portability_type"" : ""PORTED_OUT"", ""req_uri_additional_parameters"" : ""phone-context=+44"", ""comment"" : null, ""bcr_product"" : ""RETAIL"", ""bcr_region"" : null}"
,5211,"{""id"" : 5211, ""input_prefix"" : ""INPUT_PREFIX"", ""routing_prefix"" : ""phone-context=+44"", ""output_prefix"" : ""OUTPUT_PREFIX"", ""portability_type"" : ""PORTED_OUT"", ""req_uri_additional_parameters"" : ""phone-context=+44"", ""comment"" : null, ""bcr_product"" : ""RETAIL"", ""bcr_region"" : null}"
,5212,"{""id"" : 5212, ""input_prefix"" : ""INPUT_PREFIX"", ""routing_prefix"" : ""phone-context=+44"", ""output_prefix"" : ""OUTPUT_PREFIX"", ""portability_type"" : ""PORTED_OUT"", ""req_uri_additional_parameters"" : ""phone-context=+44"", ""comment"" : null, ""bcr_product"" : ""RETAIL"", ""bcr_region"" : null}"
,5213,"{""id"" : 5213, ""input_prefix"" : ""INPUT_PREFIX"", ""routing_prefix"" : ""phone-context=+44"", ""output_prefix"" : ""OUTPUT_PREFIX"", ""portability_type"" : ""PORTED_OUT"", ""req_uri_additional_parameters"" : ""phone-context=+44"", ""comment"" : null, ""bcr_product"" : ""RETAIL"", ""bcr_region"" : null}"
,5214,"{""id"" : 5214, ""input_prefix"" : ""INPUT_PREFIX"", ""routing_prefix"" : ""phone-context=+44"", ""output_prefix"" : ""OUTPUT_PREFIX"", ""portability_type"" : ""PORTED_OUT"", ""req_uri_additional_parameters"" : ""phone-context=+44"", ""comment"" : null, ""bcr_product"" : ""RETAIL"", ""bcr_region"" : null}"
,5215,"{""id"" : 5215, ""input_prefix"" : ""INPUT_PREFIX"", ""routing_prefix"" : ""phone-context=+44"", ""output_prefix"" : ""OUTPUT_PREFIX"", ""portability_type"" : ""PORTED_OUT"", ""req_uri_additional_parameters"" : ""phone-context=+44"", ""comment"" : null, ""bcr_product"" : ""RETAIL"", ""bcr_region"" : null}"
,5216,"{""id"" : 5216, ""input_prefix"" : ""INPUT_PREFIX"", ""routing_prefix"" : ""phone-context=+44"", ""output_prefix"" : ""OUTPUT_PREFIX"", ""portability_type"" : ""PORTED_OUT"", ""req_uri_additional_parameters"" : ""phone-context=+44"", ""comment"" : null, ""bcr_product"" : ""RETAIL"", ""bcr_region"" : null}"
,5217,"{""id"" : 5217, ""input_prefix"" : ""INPUT_PREFIX"", ""routing_prefix"" : ""phone-context=+44"", ""output_prefix"" : ""OUTPUT_PREFIX"", ""portability_type"" : ""PORTED_OUT"", ""req_uri_additional_parameters"" : ""phone-context=+44"", ""comment"" : null, ""bcr_product"" : ""RETAIL"", ""bcr_region"" : null}"
,5218,"{""id"" : 5218, ""input_prefix"" : ""INPUT_PREFIX"", ""routing_prefix"" : ""phone-context=+44"", ""output_prefix"" : ""OUTPUT_PREFIX"", ""portability_type"" : ""PORTED_OUT"", ""req_uri_additional_parameters"" : ""phone-context=+44"", ""comment"" : null, ""bcr_product"" : ""RETAIL"", ""bcr_region"" : null}"
,5221,"{""id"" : 5221, ""input_prefix"" : ""INPUT_PREFIX"", ""routing_prefix"" : ""phone-context=+44"", ""output_prefix"" : ""OUTPUT_PREFIX"", ""portability_type"" : ""PORTED_OUT"", ""req_uri_additional_parameters"" : ""phone-context=+44"", ""comment"" : null, ""bcr_product"" : ""RETAIL"", ""bcr_region"" : null}"
,5223,"{""id"" : 5223, ""input_prefix"" : ""INPUT_PREFIX"", ""routing_prefix"" : ""phone-context=+44"", ""output_prefix"" : ""OUTPUT_PREFIX"", ""portability_type"" : ""PORTED_OUT"", ""req_uri_additional_parameters"" : ""phone-context=+44"", ""comment"" : null, ""bcr_product"" : ""RETAIL"", ""bcr_region"" : null}"
,5224,"{""id"" : 5224, ""input_prefix"" : ""INPUT_PREFIX"", ""routing_prefix"" : ""phone-context=+44"", ""output_prefix"" : ""OUTPUT_PREFIX"", ""portability_type"" : ""PORTED_OUT"", ""req_uri_additional_parameters"" : ""phone-context=+44"", ""comment"" : null, ""bcr_product"" : ""RETAIL"", ""bcr_region"" : null}"
,5225,"{""id"" : 5225, ""input_prefix"" : ""INPUT_PREFIX"", ""routing_prefix"" : ""phone-context=+44"", ""output_prefix"" : ""OUTPUT_PREFIX"", ""portability_type"" : ""PORTED_OUT"", ""req_uri_additional_parameters"" : ""phone-context=+44"", ""comment"" : null, ""bcr_product"" : ""RETAIL"", ""bcr_region"" : null}"
,5226,"{""id"" : 5226, ""input_prefix"" : ""INPUT_PREFIX"", ""routing_prefix"" : ""phone-context=+44"", ""output_prefix"" : ""OUTPUT_PREFIX"", ""portability_type"" : ""PORTED_OUT"", ""req_uri_additional_parameters"" : ""phone-context=+44"", ""comment"" : ""null migrated to NBI 06500089 from 05118028 and phone-context=nprtspa.126.PORprefix F ALLBACK  FALLBACK  migrated to NBI 06500089 from 05118028 and phone-context=nprtspa.126.PORprefix"", ""bcr_product"" : ""RETAIL"", ""bcr_region"" : null}"
,5227,"{""id"" : 5227, ""input_prefix"" : ""INPUT_PREFIX"", ""routing_prefix"" : ""phone-context=+44"", ""output_prefix"" : ""OUTPUT_PREFIX"", ""portability_type"" : ""PORTED_OUT"", ""req_uri_additional_parameters"" : ""phone-context=+44"", ""comment"" : null, ""bcr_product"" : ""RETAIL"", ""bcr_region"" : null}"
,5228,"{""id"" : 5228, ""input_prefix"" : ""INPUT_PREFIX"", ""routing_prefix"" : ""phone-context=+44"", ""output_prefix"" : ""OUTPUT_PREFIX"", ""portability_type"" : ""PORTED_OUT"", ""req_uri_additional_parameters"" : ""phone-context=+44"", ""comment"" : null, ""bcr_product"" : ""RETAIL"", ""bcr_region"" : null}"
,5229,"{""id"" : 5229, ""input_prefix"" : ""INPUT_PREFIX"", ""routing_prefix"" : ""phone-context=+44"", ""output_prefix"" : ""OUTPUT_PREFIX"", ""portability_type"" : ""PORTED_OUT"", ""req_uri_additional_parameters"" : ""phone-context=+44"", ""comment"" : null, ""bcr_product"" : ""RETAIL"", ""bcr_region"" : null}"
,5232,"{""id"" : 5232, ""input_prefix"" : ""INPUT_PREFIX"", ""routing_prefix"" : ""phone-context=+44"", ""output_prefix"" : ""OUTPUT_PREFIX"", ""portability_type"" : ""PORTED_OUT"", ""req_uri_additional_parameters"" : ""phone-context=+44"", ""comment"" : ""null migrated to NBI 06500089 from 05118028 and phone-context=nprtspa.126.PORprefix F ALLBACK  FALLBACK  migrated to NBI 06500089 from 05118028 and phone-context=nprtspa.126.PORprefix"", ""bcr_product"" : ""RETAIL"", ""bcr_region"" : null}"
,5233,"{""id"" : 5233, ""input_prefix"" : ""INPUT_PREFIX"", ""routing_prefix"" : ""phone-context=+44"", ""output_prefix"" : ""OUTPUT_PREFIX"", ""portability_type"" : ""PORTED_OUT"", ""req_uri_additional_parameters"" : ""phone-context=+44"", ""comment"" : null, ""bcr_product"" : ""RETAIL"", ""bcr_region"" : null}"
,8322,"{""id"" : 8322, ""input_prefix"" : ""INPUT_PREFIX"", ""routing_prefix"" : null, ""output_prefix"" : ""OUTPUT_PREFIX"", ""portability_type"" : ""OBS_OWNER"", ""req_uri_additional_parameters"" : null, ""comment"" : ""scam number India legal"", ""bcr_product"" : ""RETAIL"", ""bcr_region"" : null}"
,5239,"{""id"" : 5239, ""input_prefix"" : ""INPUT_PREFIX"", ""routing_prefix"" : ""phone-context=+44"", ""output_prefix"" : ""OUTPUT_PREFIX"", ""portability_type"" : ""PORTED_OUT"", ""req_uri_additional_parameters"" : ""phone-context=+44"", ""comment"" : ""null migrated to NBI 06500089 from 05118028 and phone-context=nprtspa.126.PORprefix F ALLBACK  FALLBACK  migrated to NBI 06500089 from 05118028 and phone-context=nprtspa.126.PORprefix"", ""bcr_product"" : ""RETAIL"", ""bcr_region"" : null}"
,5240,"{""id"" : 5240, ""input_prefix"" : ""INPUT_PREFIX"", ""routing_prefix"" : ""phone-context=+44"", ""output_prefix"" : ""OUTPUT_PREFIX"", ""portability_type"" : ""PORTED_OUT"", ""req_uri_additional_parameters"" : ""phone-context=+44"", ""comment"" : null, ""bcr_product"" : ""RETAIL"", ""bcr_region"" : null}"
,5241,"{""id"" : 5241, ""input_prefix"" : ""INPUT_PREFIX"", ""routing_prefix"" : ""phone-context=+44"", ""output_prefix"" : ""OUTPUT_PREFIX"", ""portability_type"" : ""PORTED_OUT"", ""req_uri_additional_parameters"" : ""phone-context=+44"", ""comment"" : null, ""bcr_product"" : ""RETAIL"", ""bcr_region"" : null}"
,5242,"{""id"" : 5242, ""input_prefix"" : ""INPUT_PREFIX"", ""routing_prefix"" : ""phone-context=+44"", ""output_prefix"" : ""OUTPUT_PREFIX"", ""portability_type"" : ""PORTED_OUT"", ""req_uri_additional_parameters"" : ""phone-context=+44"", ""comment"" : ""null migrated to NBI 06500089 from 05118028 and phone-context=nprtspa.126.PORprefix F ALLBACK  FALLBACK  migrated to NBI 06500089 from 05118028 and phone-context=nprtspa.126.PORprefix"", ""bcr_product"" : ""RETAIL"", ""bcr_region"" : null}"
,5244,"{""id"" : 5244, ""input_prefix"" : ""INPUT_PREFIX"", ""routing_prefix"" : ""phone-context=+44"", ""output_prefix"" : ""OUTPUT_PREFIX"", ""portability_type"" : ""PORTED_OUT"", ""req_uri_additional_parameters"" : ""phone-context=+44"", ""comment"" : null, ""bcr_product"" : ""RETAIL"", ""bcr_region"" : null}"
,5245,"{""id"" : 5245, ""input_prefix"" : ""INPUT_PREFIX"", ""routing_prefix"" : ""phone-context=+44"", ""output_prefix"" : ""OUTPUT_PREFIX"", ""portability_type"" : ""PORTED_OUT"", ""req_uri_additional_parameters"" : ""phone-context=+44"", ""comment"" : null, ""bcr_product"" : ""RETAIL"", ""bcr_region"" : null}"
,5246,"{""id"" : 5246, ""input_prefix"" : ""INPUT_PREFIX"", ""routing_prefix"" : ""phone-context=+44"", ""output_prefix"" : ""OUTPUT_PREFIX"", ""portability_type"" : ""PORTED_OUT"", ""req_uri_additional_parameters"" : ""phone-context=+44"", ""comment"" : ""null migrated to NBI 06500089 from 05118028 and phone-context=nprtspa.126.PORprefix F ALLBACK  FALLBACK  migrated to NBI 06500089 from 05118028 and phone-context=nprtspa.126.PORprefix"", ""bcr_product"" : ""RETAIL"", ""bcr_region"" : null}"
,5248,"{""id"" : 5248, ""input_prefix"" : ""INPUT_PREFIX"", ""routing_prefix"" : ""phone-context=+44"", ""output_prefix"" : ""OUTPUT_PREFIX"", ""portability_type"" : ""PORTED_OUT"", ""req_uri_additional_parameters"" : ""phone-context=+44"", ""comment"" : null, ""bcr_product"" : ""RETAIL"", ""bcr_region"" : null}"
,5249,"{""id"" : 5249, ""input_prefix"" : ""INPUT_PREFIX"", ""routing_prefix"" : ""phone-context=+44"", ""output_prefix"" : ""OUTPUT_PREFIX"", ""portability_type"" : ""PORTED_OUT"", ""req_uri_additional_parameters"" : ""phone-context=+44"", ""comment"" : null, ""bcr_product"" : ""RETAIL"", ""bcr_region"" : null}"
,5250,"{""id"" : 5250, ""input_prefix"" : ""INPUT_PREFIX"", ""routing_prefix"" : ""phone-context=+44"", ""output_prefix"" : ""OUTPUT_PREFIX"", ""portability_type"" : ""PORTED_OUT"", ""req_uri_additional_parameters"" : ""phone-context=+44"", ""comment"" : null, ""bcr_product"" : ""RETAIL"", ""bcr_region"" : null}"
,5253,"{""id"" : 5253, ""input_prefix"" : ""INPUT_PREFIX"", ""routing_prefix"" : ""phone-context=+44"", ""output_prefix"" : ""OUTPUT_PREFIX"", ""portability_type"" : ""PORTED_OUT"", ""req_uri_additional_parameters"" : ""phone-context=+44"", ""comment"" : ""null migrated to NBI 06500089 from 05118028 and phone-context=nprtspa.126.PORprefix F ALLBACK  FALLBACK  migrated to NBI 06500089 from 05118028 and phone-context=nprtspa.126.PORprefix"", ""bcr_product"" : ""RETAIL"", ""bcr_region"" : null}"
,8342,"{""id"" : 8342, ""input_prefix"" : ""INPUT_PREFIX"", ""routing_prefix"" : null, ""output_prefix"" : ""OUTPUT_PREFIX"", ""portability_type"" : ""PORTED_OUT"", ""req_uri_additional_parameters"" : null, ""comment"" : null, ""bcr_product"" : ""RETAIL"", ""bcr_region"" : null}"
,5255,"{""id"" : 5255, ""input_prefix"" : ""INPUT_PREFIX"", ""routing_prefix"" : ""phone-context=+44"", ""output_prefix"" : ""OUTPUT_PREFIX"", ""portability_type"" : ""PORTED_OUT"", ""req_uri_additional_parameters"" : ""phone-context=+44"", ""comment"" : ""null migrated to NBI 06500089 from 05118028 and phone-context=nprtspa.126.PORprefix F ALLBACK  FALLBACK  migrated to NBI 06500089 from 05118028 and phone-context=nprtspa.126.PORprefix"", ""bcr_product"" : ""RETAIL"", ""bcr_region"" : null}"
,5256,"{""id"" : 5256, ""input_prefix"" : ""INPUT_PREFIX"", ""routing_prefix"" : ""phone-context=+44"", ""output_prefix"" : ""OUTPUT_PREFIX"", ""portability_type"" : ""PORTED_OUT"", ""req_uri_additional_parameters"" : ""phone-context=+44"", ""comment"" : null, ""bcr_product"" : ""RETAIL"", ""bcr_region"" : null}"
,5259,"{""id"" : 5259, ""input_prefix"" : ""INPUT_PREFIX"", ""routing_prefix"" : ""phone-context=+44"", ""output_prefix"" : ""OUTPUT_PREFIX"", ""portability_type"" : ""PORTED_OUT"", ""req_uri_additional_parameters"" : ""phone-context=+44"", ""comment"" : null, ""bcr_product"" : ""RETAIL"", ""bcr_region"" : null}"
,5260,"{""id"" : 5260, ""input_prefix"" : ""INPUT_PREFIX"", ""routing_prefix"" : ""phone-context=+44"", ""output_prefix"" : ""OUTPUT_PREFIX"", ""portability_type"" : ""PORTED_OUT"", ""req_uri_additional_parameters"" : ""phone-context=+44"", ""comment"" : ""null migrated to NBI 06500089 from 05118028 and phone-context=nprtspa.126.PORprefix F ALLBACK  FALLBACK  migrated to NBI 06500089 from 05118028 and phone-context=nprtspa.126.PORprefix"", ""bcr_product"" : ""RETAIL"", ""bcr_region"" : null}"
,5262,"{""id"" : 5262, ""input_prefix"" : ""INPUT_PREFIX"", ""routing_prefix"" : ""phone-context=+44"", ""output_prefix"" : ""OUTPUT_PREFIX"", ""portability_type"" : ""PORTED_OUT"", ""req_uri_additional_parameters"" : ""phone-context=+44"", ""comment"" : ""null migrated to NBI 06500089 from 05118028 and phone-context=nprtspa.126.PORprefix F ALLBACK  FALLBACK  migrated to NBI 06500089 from 05118028 and phone-context=nprtspa.126.PORprefix"", ""bcr_product"" : ""RETAIL"", ""bcr_region"" : null}"
,5264,"{""id"" : 5264, ""input_prefix"" : ""INPUT_PREFIX"", ""routing_prefix"" : ""phone-context=+44"", ""output_prefix"" : ""OUTPUT_PREFIX"", ""portability_type"" : ""PORTED_OUT"", ""req_uri_additional_parameters"" : ""phone-context=+44"", ""comment"" : ""null migrated to NBI 06500089 from 05118028 and phone-context=nprtspa.126.PORprefix F ALLBACK  FALLBACK  migrated to NBI 06500089 from 05118028 and phone-context=nprtspa.126.PORprefix"", ""bcr_product"" : ""RETAIL"", ""bcr_region"" : null}"
,5265,"{""id"" : 5265, ""input_prefix"" : ""INPUT_PREFIX"", ""routing_prefix"" : ""phone-context=+44"", ""output_prefix"" : ""OUTPUT_PREFIX"", ""portability_type"" : ""PORTED_OUT"", ""req_uri_additional_parameters"" : ""phone-context=+44"", ""comment"" : null, ""bcr_product"" : ""RETAIL"", ""bcr_region"" : null}"
,5266,"{""id"" : 5266, ""input_prefix"" : ""INPUT_PREFIX"", ""routing_prefix"" : ""phone-context=+44"", ""output_prefix"" : ""OUTPUT_PREFIX"", ""portability_type"" : ""PORTED_OUT"", ""req_uri_additional_parameters"" : ""phone-context=+44"", ""comment"" : null, ""bcr_product"" : ""RETAIL"", ""bcr_region"" : null}"
,5267,"{""id"" : 5267, ""input_prefix"" : ""INPUT_PREFIX"", ""routing_prefix"" : ""phone-context=+44"", ""output_prefix"" : ""OUTPUT_PREFIX"", ""portability_type"" : ""PORTED_OUT"", ""req_uri_additional_parameters"" : ""phone-context=+44"", ""comment"" : null, ""bcr_product"" : ""RETAIL"", ""bcr_region"" : null}"
,5268,"{""id"" : 5268, ""input_prefix"" : ""INPUT_PREFIX"", ""routing_prefix"" : ""phone-context=+44"", ""output_prefix"" : ""OUTPUT_PREFIX"", ""portability_type"" : ""PORTED_OUT"", ""req_uri_additional_parameters"" : ""phone-context=+44"", ""comment"" : null, ""bcr_product"" : ""RETAIL"", ""bcr_region"" : null}"
,5269,"{""id"" : 5269, ""input_prefix"" : ""INPUT_PREFIX"", ""routing_prefix"" : ""phone-context=+44"", ""output_prefix"" : ""OUTPUT_PREFIX"", ""portability_type"" : ""PORTED_OUT"", ""req_uri_additional_parameters"" : ""phone-context=+44"", ""comment"" : null, ""bcr_product"" : ""RETAIL"", ""bcr_region"" : null}"
,5271,"{""id"" : 5271, ""input_prefix"" : ""INPUT_PREFIX"", ""routing_prefix"" : ""phone-context=+44"", ""output_prefix"" : ""OUTPUT_PREFIX"", ""portability_type"" : ""PORTED_OUT"", ""req_uri_additional_parameters"" : ""phone-context=+44"", ""comment"" : null, ""bcr_product"" : ""RETAIL"", ""bcr_region"" : null}"
,11451,"{""id"" : 11451, ""input_prefix"" : ""INPUT_PREFIX"", ""routing_prefix"" : ""phone-context=+44"", ""output_prefix"" : ""OUTPUT_PREFIX"", ""portability_type"" : ""PORTED_OUT"", ""req_uri_additional_parameters"" : ""phone-context=+44"", ""comment"" : null, ""bcr_product"" : ""RETAIL"", ""bcr_region"" : null}"
,5535,"{""id"" : 5535, ""input_prefix"" : ""INPUT_PREFIX"", ""routing_prefix"" : ""phone-context=+44"", ""output_prefix"" : ""OUTPUT_PREFIX"", ""portability_type"" : ""PORTED_OUT"", ""req_uri_additional_parameters"" : ""phone-context=+44"", ""comment"" : null, ""bcr_product"" : ""RETAIL"", ""bcr_region"" : null}"
,5273,"{""id"" : 5273, ""input_prefix"" : ""INPUT_PREFIX"", ""routing_prefix"" : ""phone-context=+44"", ""output_prefix"" : ""OUTPUT_PREFIX"", ""portability_type"" : ""PORTED_OUT"", ""req_uri_additional_parameters"" : ""phone-context=+44"", ""comment"" : ""null migrated to NBI 06500089 from 05118028 and phone-context=nprtspa.126.PORprefix F ALLBACK  FALLBACK  migrated to NBI 06500089 from 05118028 and phone-context=nprtspa.126.PORprefix"", ""bcr_product"" : ""RETAIL"", ""bcr_region"" : null}"
,5274,"{""id"" : 5274, ""input_prefix"" : ""INPUT_PREFIX"", ""routing_prefix"" : ""phone-context=+44"", ""output_prefix"" : ""OUTPUT_PREFIX"", ""portability_type"" : ""PORTED_OUT"", ""req_uri_additional_parameters"" : ""phone-context=+44"", ""comment"" : null, ""bcr_product"" : ""RETAIL"", ""bcr_region"" : null}"
,5275,"{""id"" : 5275, ""input_prefix"" : ""INPUT_PREFIX"", ""routing_prefix"" : ""phone-context=+44"", ""output_prefix"" : ""OUTPUT_PREFIX"", ""portability_type"" : ""PORTED_OUT"", ""req_uri_additional_parameters"" : ""phone-context=+44"", ""comment"" : null, ""bcr_product"" : ""RETAIL"", ""bcr_region"" : null}"
,5276,"{""id"" : 5276, ""input_prefix"" : ""INPUT_PREFIX"", ""routing_prefix"" : ""phone-context=+44"", ""output_prefix"" : ""OUTPUT_PREFIX"", ""portability_type"" : ""PORTED_OUT"", ""req_uri_additional_parameters"" : ""phone-context=+44"", ""comment"" : ""null migrated to NBI 06500089 from 05118028 and phone-context=nprtspa.126.PORprefix F ALLBACK  FALLBACK  migrated to NBI 06500089 from 05118028 and phone-context=nprtspa.126.PORprefix"", ""bcr_product"" : ""RETAIL"", ""bcr_region"" : null}"
,5278,"{""id"" : 5278, ""input_prefix"" : ""INPUT_PREFIX"", ""routing_prefix"" : ""phone-context=+44"", ""output_prefix"" : ""OUTPUT_PREFIX"", ""portability_type"" : ""PORTED_OUT"", ""req_uri_additional_parameters"" : ""phone-context=+44"", ""comment"" : null, ""bcr_product"" : ""RETAIL"", ""bcr_region"" : null}"
,5279,"{""id"" : 5279, ""input_prefix"" : ""INPUT_PREFIX"", ""routing_prefix"" : ""phone-context=+44"", ""output_prefix"" : ""OUTPUT_PREFIX"", ""portability_type"" : ""PORTED_OUT"", ""req_uri_additional_parameters"" : ""phone-context=+44"", ""comment"" : null, ""bcr_product"" : ""RETAIL"", ""bcr_region"" : null}"
,5281,"{""id"" : 5281, ""input_prefix"" : ""INPUT_PREFIX"", ""routing_prefix"" : ""phone-context=+44"", ""output_prefix"" : ""OUTPUT_PREFIX"", ""portability_type"" : ""PORTED_OUT"", ""req_uri_additional_parameters"" : ""phone-context=+44"", ""comment"" : null, ""bcr_product"" : ""RETAIL"", ""bcr_region"" : null}"
,5282,"{""id"" : 5282, ""input_prefix"" : ""INPUT_PREFIX"", ""routing_prefix"" : ""phone-context=+44"", ""output_prefix"" : ""OUTPUT_PREFIX"", ""portability_type"" : ""PORTED_OUT"", ""req_uri_additional_parameters"" : ""phone-context=+44"", ""comment"" : null, ""bcr_product"" : ""RETAIL"", ""bcr_region"" : null}"
,5283,"{""id"" : 5283, ""input_prefix"" : ""INPUT_PREFIX"", ""routing_prefix"" : ""phone-context=+44"", ""output_prefix"" : ""OUTPUT_PREFIX"", ""portability_type"" : ""PORTED_OUT"", ""req_uri_additional_parameters"" : ""phone-context=+44"", ""comment"" : null, ""bcr_product"" : ""RETAIL"", ""bcr_region"" : null}"
,5285,"{""id"" : 5285, ""input_prefix"" : ""INPUT_PREFIX"", ""routing_prefix"" : ""phone-context=+44"", ""output_prefix"" : ""OUTPUT_PREFIX"", ""portability_type"" : ""PORTED_OUT"", ""req_uri_additional_parameters"" : ""phone-context=+44"", ""comment"" : null, ""bcr_product"" : ""RETAIL"", ""bcr_region"" : null}"
,5287,"{""id"" : 5287, ""input_prefix"" : ""INPUT_PREFIX"", ""routing_prefix"" : ""phone-context=+44"", ""output_prefix"" : ""OUTPUT_PREFIX"", ""portability_type"" : ""PORTED_OUT"", ""req_uri_additional_parameters"" : ""phone-context=+44"", ""comment"" : null, ""bcr_product"" : ""RETAIL"", ""bcr_region"" : null}"
,5288,"{""id"" : 5288, ""input_prefix"" : ""INPUT_PREFIX"", ""routing_prefix"" : ""phone-context=+44"", ""output_prefix"" : ""OUTPUT_PREFIX"", ""portability_type"" : ""PORTED_OUT"", ""req_uri_additional_parameters"" : ""phone-context=+44"", ""comment"" : null, ""bcr_product"" : ""RETAIL"", ""bcr_region"" : null}"
,5289,"{""id"" : 5289, ""input_prefix"" : ""INPUT_PREFIX"", ""routing_prefix"" : ""phone-context=+44"", ""output_prefix"" : ""OUTPUT_PREFIX"", ""portability_type"" : ""PORTED_OUT"", ""req_uri_additional_parameters"" : ""phone-context=+44"", ""comment"" : null, ""bcr_product"" : ""RETAIL"", ""bcr_region"" : null}"
,5290,"{""id"" : 5290, ""input_prefix"" : ""INPUT_PREFIX"", ""routing_prefix"" : ""phone-context=+44"", ""output_prefix"" : ""OUTPUT_PREFIX"", ""portability_type"" : ""PORTED_OUT"", ""req_uri_additional_parameters"" : ""phone-context=+44"", ""comment"" : null, ""bcr_product"" : ""RETAIL"", ""bcr_region"" : null}"
,5291,"{""id"" : 5291, ""input_prefix"" : ""INPUT_PREFIX"", ""routing_prefix"" : ""phone-context=+44"", ""output_prefix"" : ""OUTPUT_PREFIX"", ""portability_type"" : ""PORTED_OUT"", ""req_uri_additional_parameters"" : ""phone-context=+44"", ""comment"" : null, ""bcr_product"" : ""RETAIL"", ""bcr_region"" : null}"
,5595,"{""id"" : 5595, ""input_prefix"" : ""INPUT_PREFIX"", ""routing_prefix"" : ""phone-context=+44"", ""output_prefix"" : ""OUTPUT_PREFIX"", ""portability_type"" : ""PORTED_OUT"", ""req_uri_additional_parameters"" : ""phone-context=+44"", ""comment"" : null, ""bcr_product"" : ""RETAIL"", ""bcr_region"" : null}"
,5596,"{""id"" : 5596, ""input_prefix"" : ""INPUT_PREFIX"", ""routing_prefix"" : ""phone-context=+44"", ""output_prefix"" : ""OUTPUT_PREFIX"", ""portability_type"" : ""PORTED_OUT"", ""req_uri_additional_parameters"" : ""phone-context=+44"", ""comment"" : null, ""bcr_product"" : ""RETAIL"", ""bcr_region"" : null}"
,5597,"{""id"" : 5597, ""input_prefix"" : ""INPUT_PREFIX"", ""routing_prefix"" : ""phone-context=+44"", ""output_prefix"" : ""OUTPUT_PREFIX"", ""portability_type"" : ""PORTED_OUT"", ""req_uri_additional_parameters"" : ""phone-context=+44"", ""comment"" : null, ""bcr_product"" : ""RETAIL"", ""bcr_region"" : null}"
,5598,"{""id"" : 5598, ""input_prefix"" : ""INPUT_PREFIX"", ""routing_prefix"" : ""phone-context=+44"", ""output_prefix"" : ""OUTPUT_PREFIX"", ""portability_type"" : ""PORTED_OUT"", ""req_uri_additional_parameters"" : ""phone-context=+44"", ""comment"" : ""null migrated to NBI 06500089 from 05118028 and phone-context=nprtspa.126.PORprefix F ALLBACK  FALLBACK  migrated to NBI 06500089 from 05118028 and phone-context=nprtspa.126.PORprefix"", ""bcr_product"" : ""RETAIL"", ""bcr_region"" : null}"
,8522,"{""id"" : 8522, ""input_prefix"" : ""INPUT_PREFIX"", ""routing_prefix"" : ""phone-context=+44"", ""output_prefix"" : ""OUTPUT_PREFIX"", ""portability_type"" : ""PORTED_OUT"", ""req_uri_additional_parameters"" : ""phone-context=+44"", ""comment"" : null, ""bcr_product"" : ""RETAIL"", ""bcr_region"" : null}"
,5600,"{""id"" : 5600, ""input_prefix"" : ""INPUT_PREFIX"", ""routing_prefix"" : ""phone-context=+44"", ""output_prefix"" : ""OUTPUT_PREFIX"", ""portability_type"" : ""PORTED_OUT"", ""req_uri_additional_parameters"" : ""phone-context=+44"", ""comment"" : null, ""bcr_product"" : ""RETAIL"", ""bcr_region"" : null}"
,5601,"{""id"" : 5601, ""input_prefix"" : ""INPUT_PREFIX"", ""routing_prefix"" : ""phone-context=+44"", ""output_prefix"" : ""OUTPUT_PREFIX"", ""portability_type"" : ""PORTED_OUT"", ""req_uri_additional_parameters"" : ""phone-context=+44"", ""comment"" : null, ""bcr_product"" : ""RETAIL"", ""bcr_region"" : null}"
,8564,"{""id"" : 8564, ""input_prefix"" : ""INPUT_PREFIX"", ""routing_prefix"" : null, ""output_prefix"" : ""OUTPUT_PREFIX"", ""portability_type"" : ""OBS_OWNER"", ""req_uri_additional_parameters"" : null, ""comment"" : ""Scam number blocked India legal request"", ""bcr_product"" : ""RETAIL"", ""bcr_region"" : null}"
,5603,"{""id"" : 5603, ""input_prefix"" : ""INPUT_PREFIX"", ""routing_prefix"" : ""phone-context=+44"", ""output_prefix"" : ""OUTPUT_PREFIX"", ""portability_type"" : ""PORTED_OUT"", ""req_uri_additional_parameters"" : ""phone-context=+44"", ""comment"" : null, ""bcr_product"" : ""RETAIL"", ""bcr_region"" : null}"
,8664,"{""id"" : 8664, ""input_prefix"" : ""INPUT_PREFIX"", ""routing_prefix"" : null, ""output_prefix"" : ""OUTPUT_PREFIX"", ""portability_type"" : ""OBS_OWNER"", ""req_uri_additional_parameters"" : null, ""comment"" : ""Blocked"", ""bcr_product"" : ""RETAIL"", ""bcr_region"" : null}"
,8667,"{""id"" : 8667, ""input_prefix"" : ""INPUT_PREFIX"", ""routing_prefix"" : null, ""output_prefix"" : ""OUTPUT_PREFIX"", ""portability_type"" : ""OBS_OWNER"", ""req_uri_additional_parameters"" : null, ""comment"" : ""blocked"", ""bcr_product"" : ""RETAIL"", ""bcr_region"" : null}"
,5606,"{""id"" : 5606, ""input_prefix"" : ""INPUT_PREFIX"", ""routing_prefix"" : ""phone-context=+44"", ""output_prefix"" : ""OUTPUT_PREFIX"", ""portability_type"" : ""PORTED_OUT"", ""req_uri_additional_parameters"" : ""phone-context=+44"", ""comment"" : null, ""bcr_product"" : ""RETAIL"", ""bcr_region"" : null}"
,5607,"{""id"" : 5607, ""input_prefix"" : ""INPUT_PREFIX"", ""routing_prefix"" : ""phone-context=+44"", ""output_prefix"" : ""OUTPUT_PREFIX"", ""portability_type"" : ""PORTED_OUT"", ""req_uri_additional_parameters"" : ""phone-context=+44"", ""comment"" : null, ""bcr_product"" : ""RETAIL"", ""bcr_region"" : null}"
,5608,"{""id"" : 5608, ""input_prefix"" : ""INPUT_PREFIX"", ""routing_prefix"" : ""phone-context=+44"", ""output_prefix"" : ""OUTPUT_PREFIX"", ""portability_type"" : ""PORTED_OUT"", ""req_uri_additional_parameters"" : ""phone-context=+44"", ""comment"" : null, ""bcr_product"" : ""RETAIL"", ""bcr_region"" : null}"
,8685,"{""id"" : 8685, ""input_prefix"" : ""INPUT_PREFIX"", ""routing_prefix"" : ""phone-context=+44"", ""output_prefix"" : ""OUTPUT_PREFIX"", ""portability_type"" : ""PORTED_OUT"", ""req_uri_additional_parameters"" : ""phone-context=+44"", ""comment"" : null, ""bcr_product"" : ""RETAIL"", ""bcr_region"" : null}"
,8692,"{""id"" : 8692, ""input_prefix"" : ""INPUT_PREFIX"", ""routing_prefix"" : ""phone-context=+44"", ""output_prefix"" : ""OUTPUT_PREFIX"", ""portability_type"" : ""PORTED_OUT"", ""req_uri_additional_parameters"" : ""phone-context=+44"", ""comment"" : null, ""bcr_product"" : ""RETAIL"", ""bcr_region"" : null}"
,5612,"{""id"" : 5612, ""input_prefix"" : ""INPUT_PREFIX"", ""routing_prefix"" : ""phone-context=+44"", ""output_prefix"" : ""OUTPUT_PREFIX"", ""portability_type"" : ""PORTED_OUT"", ""req_uri_additional_parameters"" : ""phone-context=+44"", ""comment"" : null, ""bcr_product"" : ""RETAIL"", ""bcr_region"" : null}"
,8763,"{""id"" : 8763, ""input_prefix"" : ""INPUT_PREFIX"", ""routing_prefix"" : null, ""output_prefix"" : ""OUTPUT_PREFIX"", ""portability_type"" : ""OBS_OWNER"", ""req_uri_additional_parameters"" : null, ""comment"" : ""scam number India legal"", ""bcr_product"" : ""RETAIL"", ""bcr_region"" : null}"
,8782,"{""id"" : 8782, ""input_prefix"" : ""INPUT_PREFIX"", ""routing_prefix"" : null, ""output_prefix"" : ""OUTPUT_PREFIX"", ""portability_type"" : ""OBS_OWNER"", ""req_uri_additional_parameters"" : null, ""comment"" : ""India legal scam number"", ""bcr_product"" : ""RETAIL"", ""bcr_region"" : null}"
,8826,"{""id"" : 8826, ""input_prefix"" : ""INPUT_PREFIX"", ""routing_prefix"" : null, ""output_prefix"" : ""OUTPUT_PREFIX"", ""portability_type"" : ""OBS_OWNER"", ""req_uri_additional_parameters"" : null, ""comment"" : ""2102D41866"", ""bcr_product"" : ""RETAIL"", ""bcr_region"" : null}"
,9002,"{""id"" : 9002, ""input_prefix"" : ""INPUT_PREFIX"", ""routing_prefix"" : null, ""output_prefix"" : ""OUTPUT_PREFIX"", ""portability_type"" : ""PORTED_OUT"", ""req_uri_additional_parameters"" : null, ""comment"" : null, ""bcr_product"" : ""RETAIL"", ""bcr_region"" : null}"
,5615,"{""id"" : 5615, ""input_prefix"" : ""INPUT_PREFIX"", ""routing_prefix"" : ""phone-context=+44"", ""output_prefix"" : ""OUTPUT_PREFIX"", ""portability_type"" : ""PORTED_OUT"", ""req_uri_additional_parameters"" : ""phone-context=+44"", ""comment"" : null, ""bcr_product"" : ""RETAIL"", ""bcr_region"" : null}"
,5616,"{""id"" : 5616, ""input_prefix"" : ""INPUT_PREFIX"", ""routing_prefix"" : ""phone-context=+44"", ""output_prefix"" : ""OUTPUT_PREFIX"", ""portability_type"" : ""PORTED_OUT"", ""req_uri_additional_parameters"" : ""phone-context=+44"", ""comment"" : null, ""bcr_product"" : ""RETAIL"", ""bcr_region"" : null}"
,5617,"{""id"" : 5617, ""input_prefix"" : ""INPUT_PREFIX"", ""routing_prefix"" : ""phone-context=+44"", ""output_prefix"" : ""OUTPUT_PREFIX"", ""portability_type"" : ""PORTED_OUT"", ""req_uri_additional_parameters"" : ""phone-context=+44"", ""comment"" : null, ""bcr_product"" : ""RETAIL"", ""bcr_region"" : null}"
,5618,"{""id"" : 5618, ""input_prefix"" : ""INPUT_PREFIX"", ""routing_prefix"" : ""phone-context=+44"", ""output_prefix"" : ""OUTPUT_PREFIX"", ""portability_type"" : ""PORTED_OUT"", ""req_uri_additional_parameters"" : ""phone-context=+44"", ""comment"" : null, ""bcr_product"" : ""RETAIL"", ""bcr_region"" : null}"
,5619,"{""id"" : 5619, ""input_prefix"" : ""INPUT_PREFIX"", ""routing_prefix"" : ""phone-context=+44"", ""output_prefix"" : ""OUTPUT_PREFIX"", ""portability_type"" : ""PORTED_OUT"", ""req_uri_additional_parameters"" : ""phone-context=+44"", ""comment"" : null, ""bcr_product"" : ""RETAIL"", ""bcr_region"" : null}"
,5622,"{""id"" : 5622, ""input_prefix"" : ""INPUT_PREFIX"", ""routing_prefix"" : ""phone-context=+44"", ""output_prefix"" : ""OUTPUT_PREFIX"", ""portability_type"" : ""PORTED_OUT"", ""req_uri_additional_parameters"" : ""phone-context=+44"", ""comment"" : null, ""bcr_product"" : ""RETAIL"", ""bcr_region"" : null}"
,5623,"{""id"" : 5623, ""input_prefix"" : ""INPUT_PREFIX"", ""routing_prefix"" : ""phone-context=+44"", ""output_prefix"" : ""OUTPUT_PREFIX"", ""portability_type"" : ""PORTED_OUT"", ""req_uri_additional_parameters"" : ""phone-context=+44"", ""comment"" : null, ""bcr_product"" : ""RETAIL"", ""bcr_region"" : null}"
,5624,"{""id"" : 5624, ""input_prefix"" : ""INPUT_PREFIX"", ""routing_prefix"" : ""phone-context=+44"", ""output_prefix"" : ""OUTPUT_PREFIX"", ""portability_type"" : ""PORTED_OUT"", ""req_uri_additional_parameters"" : ""phone-context=+44"", ""comment"" : null, ""bcr_product"" : ""RETAIL"", ""bcr_region"" : null}"
,5625,"{""id"" : 5625, ""input_prefix"" : ""INPUT_PREFIX"", ""routing_prefix"" : ""phone-context=+44"", ""output_prefix"" : ""OUTPUT_PREFIX"", ""portability_type"" : ""PORTED_OUT"", ""req_uri_additional_parameters"" : ""phone-context=+44"", ""comment"" : null, ""bcr_product"" : ""RETAIL"", ""bcr_region"" : null}"
,5626,"{""id"" : 5626, ""input_prefix"" : ""INPUT_PREFIX"", ""routing_prefix"" : ""phone-context=+44"", ""output_prefix"" : ""OUTPUT_PREFIX"", ""portability_type"" : ""PORTED_OUT"", ""req_uri_additional_parameters"" : ""phone-context=+44"", ""comment"" : null, ""bcr_product"" : ""RETAIL"", ""bcr_region"" : null}"
,5627,"{""id"" : 5627, ""input_prefix"" : ""INPUT_PREFIX"", ""routing_prefix"" : ""phone-context=+44"", ""output_prefix"" : ""OUTPUT_PREFIX"", ""portability_type"" : ""PORTED_OUT"", ""req_uri_additional_parameters"" : ""phone-context=+44"", ""comment"" : null, ""bcr_product"" : ""RETAIL"", ""bcr_region"" : null}"
,5629,"{""id"" : 5629, ""input_prefix"" : ""INPUT_PREFIX"", ""routing_prefix"" : ""phone-context=+44"", ""output_prefix"" : ""OUTPUT_PREFIX"", ""portability_type"" : ""PORTED_OUT"", ""req_uri_additional_parameters"" : ""phone-context=+44"", ""comment"" : null, ""bcr_product"" : ""RETAIL"", ""bcr_region"" : null}"
,5630,"{""id"" : 5630, ""input_prefix"" : ""INPUT_PREFIX"", ""routing_prefix"" : ""phone-context=+44"", ""output_prefix"" : ""OUTPUT_PREFIX"", ""portability_type"" : ""PORTED_OUT"", ""req_uri_additional_parameters"" : ""phone-context=+44"", ""comment"" : null, ""bcr_product"" : ""RETAIL"", ""bcr_region"" : null}"
,5631,"{""id"" : 5631, ""input_prefix"" : ""INPUT_PREFIX"", ""routing_prefix"" : ""phone-context=+44"", ""output_prefix"" : ""OUTPUT_PREFIX"", ""portability_type"" : ""PORTED_OUT"", ""req_uri_additional_parameters"" : ""phone-context=+44"", ""comment"" : ""null migrated to NBI 06500089 from 05118028 and phone-context=nprtspa.126.PORprefix F ALLBACK  FALLBACK  migrated to NBI 06500089 from 05118028 and phone-context=nprtspa.126.PORprefix"", ""bcr_product"" : ""RETAIL"", ""bcr_region"" : null}"
,5632,"{""id"" : 5632, ""input_prefix"" : ""INPUT_PREFIX"", ""routing_prefix"" : ""phone-context=+44"", ""output_prefix"" : ""OUTPUT_PREFIX"", ""portability_type"" : ""PORTED_OUT"", ""req_uri_additional_parameters"" : ""phone-context=+44"", ""comment"" : null, ""bcr_product"" : ""RETAIL"", ""bcr_region"" : null}"
,5633,"{""id"" : 5633, ""input_prefix"" : ""INPUT_PREFIX"", ""routing_prefix"" : ""phone-context=+44"", ""output_prefix"" : ""OUTPUT_PREFIX"", ""portability_type"" : ""PORTED_OUT"", ""req_uri_additional_parameters"" : ""phone-context=+44"", ""comment"" : null, ""bcr_product"" : ""RETAIL"", ""bcr_region"" : null}"
,5634,"{""id"" : 5634, ""input_prefix"" : ""INPUT_PREFIX"", ""routing_prefix"" : ""phone-context=+44"", ""output_prefix"" : ""OUTPUT_PREFIX"", ""portability_type"" : ""PORTED_OUT"", ""req_uri_additional_parameters"" : ""phone-context=+44"", ""comment"" : null, ""bcr_product"" : ""RETAIL"", ""bcr_region"" : null}"
,5637,"{""id"" : 5637, ""input_prefix"" : ""INPUT_PREFIX"", ""routing_prefix"" : ""phone-context=+44"", ""output_prefix"" : ""OUTPUT_PREFIX"", ""portability_type"" : ""PORTED_OUT"", ""req_uri_additional_parameters"" : ""phone-context=+44"", ""comment"" : null, ""bcr_product"" : ""RETAIL"", ""bcr_region"" : null}"
,5638,"{""id"" : 5638, ""input_prefix"" : ""INPUT_PREFIX"", ""routing_prefix"" : ""phone-context=+44"", ""output_prefix"" : ""OUTPUT_PREFIX"", ""portability_type"" : ""PORTED_OUT"", ""req_uri_additional_parameters"" : ""phone-context=+44"", ""comment"" : null, ""bcr_product"" : ""RETAIL"", ""bcr_region"" : null}"
,5639,"{""id"" : 5639, ""input_prefix"" : ""INPUT_PREFIX"", ""routing_prefix"" : ""phone-context=+44"", ""output_prefix"" : ""OUTPUT_PREFIX"", ""portability_type"" : ""PORTED_OUT"", ""req_uri_additional_parameters"" : ""phone-context=+44"", ""comment"" : null, ""bcr_product"" : ""RETAIL"", ""bcr_region"" : null}"
,5641,"{""id"" : 5641, ""input_prefix"" : ""INPUT_PREFIX"", ""routing_prefix"" : ""phone-context=+44"", ""output_prefix"" : ""OUTPUT_PREFIX"", ""portability_type"" : ""PORTED_OUT"", ""req_uri_additional_parameters"" : ""phone-context=+44"", ""comment"" : null, ""bcr_product"" : ""RETAIL"", ""bcr_region"" : null}"
,5642,"{""id"" : 5642, ""input_prefix"" : ""INPUT_PREFIX"", ""routing_prefix"" : ""phone-context=+44"", ""output_prefix"" : ""OUTPUT_PREFIX"", ""portability_type"" : ""PORTED_OUT"", ""req_uri_additional_parameters"" : ""phone-context=+44"", ""comment"" : null, ""bcr_product"" : ""RETAIL"", ""bcr_region"" : null}"
,5643,"{""id"" : 5643, ""input_prefix"" : ""INPUT_PREFIX"", ""routing_prefix"" : ""phone-context=+44"", ""output_prefix"" : ""OUTPUT_PREFIX"", ""portability_type"" : ""PORTED_OUT"", ""req_uri_additional_parameters"" : ""phone-context=+44"", ""comment"" : null, ""bcr_product"" : ""RETAIL"", ""bcr_region"" : null}"
,5644,"{""id"" : 5644, ""input_prefix"" : ""INPUT_PREFIX"", ""routing_prefix"" : ""phone-context=+44"", ""output_prefix"" : ""OUTPUT_PREFIX"", ""portability_type"" : ""PORTED_OUT"", ""req_uri_additional_parameters"" : ""phone-context=+44"", ""comment"" : null, ""bcr_product"" : ""RETAIL"", ""bcr_region"" : null}"
,5645,"{""id"" : 5645, ""input_prefix"" : ""INPUT_PREFIX"", ""routing_prefix"" : ""phone-context=+44"", ""output_prefix"" : ""OUTPUT_PREFIX"", ""portability_type"" : ""PORTED_OUT"", ""req_uri_additional_parameters"" : ""phone-context=+44"", ""comment"" : null, ""bcr_product"" : ""RETAIL"", ""bcr_region"" : null}"
,5646,"{""id"" : 5646, ""input_prefix"" : ""INPUT_PREFIX"", ""routing_prefix"" : ""phone-context=+44"", ""output_prefix"" : ""OUTPUT_PREFIX"", ""portability_type"" : ""PORTED_OUT"", ""req_uri_additional_parameters"" : ""phone-context=+44"", ""comment"" : null, ""bcr_product"" : ""RETAIL"", ""bcr_region"" : null}"
,5647,"{""id"" : 5647, ""input_prefix"" : ""INPUT_PREFIX"", ""routing_prefix"" : ""phone-context=+44"", ""output_prefix"" : ""OUTPUT_PREFIX"", ""portability_type"" : ""PORTED_OUT"", ""req_uri_additional_parameters"" : ""phone-context=+44"", ""comment"" : null, ""bcr_product"" : ""RETAIL"", ""bcr_region"" : null}"
,5335,"{""id"" : 5335, ""input_prefix"" : ""INPUT_PREFIX"", ""routing_prefix"" : ""phone-context=+44"", ""output_prefix"" : ""OUTPUT_PREFIX"", ""portability_type"" : ""PORTED_OUT"", ""req_uri_additional_parameters"" : ""phone-context=+44"", ""comment"" : ""null migrated to NBI 06500089 from 05118028 and phone-context=nprtspa.126.PORprefix F ALLBACK  FALLBACK  migrated to NBI 06500089 from 05118028 and phone-context=nprtspa.126.PORprefix"", ""bcr_product"" : ""RETAIL"", ""bcr_region"" : null}"
,5336,"{""id"" : 5336, ""input_prefix"" : ""INPUT_PREFIX"", ""routing_prefix"" : ""phone-context=+44"", ""output_prefix"" : ""OUTPUT_PREFIX"", ""portability_type"" : ""PORTED_OUT"", ""req_uri_additional_parameters"" : ""phone-context=+44"", ""comment"" : null, ""bcr_product"" : ""RETAIL"", ""bcr_region"" : null}"
,5338,"{""id"" : 5338, ""input_prefix"" : ""INPUT_PREFIX"", ""routing_prefix"" : ""phone-context=+44"", ""output_prefix"" : ""OUTPUT_PREFIX"", ""portability_type"" : ""PORTED_OUT"", ""req_uri_additional_parameters"" : ""phone-context=+44"", ""comment"" : null, ""bcr_product"" : ""RETAIL"", ""bcr_region"" : null}"
,5339,"{""id"" : 5339, ""input_prefix"" : ""INPUT_PREFIX"", ""routing_prefix"" : ""phone-context=+44"", ""output_prefix"" : ""OUTPUT_PREFIX"", ""portability_type"" : ""PORTED_OUT"", ""req_uri_additional_parameters"" : ""phone-context=+44"", ""comment"" : null, ""bcr_product"" : ""RETAIL"", ""bcr_region"" : null}"
,11448,"{""id"" : 11448, ""input_prefix"" : ""INPUT_PREFIX"", ""routing_prefix"" : ""phone-context=+44"", ""output_prefix"" : ""OUTPUT_PREFIX"", ""portability_type"" : ""PORTED_OUT"", ""req_uri_additional_parameters"" : ""phone-context=+44"", ""comment"" : null, ""bcr_product"" : ""RETAIL"", ""bcr_region"" : null}"
,5341,"{""id"" : 5341, ""input_prefix"" : ""INPUT_PREFIX"", ""routing_prefix"" : ""phone-context=+44"", ""output_prefix"" : ""OUTPUT_PREFIX"", ""portability_type"" : ""PORTED_OUT"", ""req_uri_additional_parameters"" : ""phone-context=+44"", ""comment"" : null, ""bcr_product"" : ""RETAIL"", ""bcr_region"" : null}"
,5342,"{""id"" : 5342, ""input_prefix"" : ""INPUT_PREFIX"", ""routing_prefix"" : ""phone-context=+44"", ""output_prefix"" : ""OUTPUT_PREFIX"", ""portability_type"" : ""PORTED_OUT"", ""req_uri_additional_parameters"" : ""phone-context=+44"", ""comment"" : null, ""bcr_product"" : ""RETAIL"", ""bcr_region"" : null}"
,5344,"{""id"" : 5344, ""input_prefix"" : ""INPUT_PREFIX"", ""routing_prefix"" : ""phone-context=+44"", ""output_prefix"" : ""OUTPUT_PREFIX"", ""portability_type"" : ""PORTED_OUT"", ""req_uri_additional_parameters"" : ""phone-context=+44"", ""comment"" : ""null migrated to NBI 06500089 from 05118028 and phone-context=nprtspa.126.PORprefix F ALLBACK  FALLBACK  migrated to NBI 06500089 from 05118028 and phone-context=nprtspa.126.PORprefix"", ""bcr_product"" : ""RETAIL"", ""bcr_region"" : null}"
,5345,"{""id"" : 5345, ""input_prefix"" : ""INPUT_PREFIX"", ""routing_prefix"" : ""phone-context=+44"", ""output_prefix"" : ""OUTPUT_PREFIX"", ""portability_type"" : ""PORTED_OUT"", ""req_uri_additional_parameters"" : ""phone-context=+44"", ""comment"" : null, ""bcr_product"" : ""RETAIL"", ""bcr_region"" : null}"
,5347,"{""id"" : 5347, ""input_prefix"" : ""INPUT_PREFIX"", ""routing_prefix"" : ""phone-context=+44"", ""output_prefix"" : ""OUTPUT_PREFIX"", ""portability_type"" : ""PORTED_OUT"", ""req_uri_additional_parameters"" : ""phone-context=+44"", ""comment"" : ""null migrated to NBI 06500089 from 05118028 and phone-context=nprtspa.126.PORprefix F ALLBACK  FALLBACK  migrated to NBI 06500089 from 05118028 and phone-context=nprtspa.126.PORprefix"", ""bcr_product"" : ""RETAIL"", ""bcr_region"" : null}"
,11444,"{""id"" : 11444, ""input_prefix"" : ""INPUT_PREFIX"", ""routing_prefix"" : ""phone-context=+44"", ""output_prefix"" : ""OUTPUT_PREFIX"", ""portability_type"" : ""PORTED_OUT"", ""req_uri_additional_parameters"" : ""phone-context=+44"", ""comment"" : null, ""bcr_product"" : ""RETAIL"", ""bcr_region"" : null}"
,5349,"{""id"" : 5349, ""input_prefix"" : ""INPUT_PREFIX"", ""routing_prefix"" : ""phone-context=+44"", ""output_prefix"" : ""OUTPUT_PREFIX"", ""portability_type"" : ""PORTED_OUT"", ""req_uri_additional_parameters"" : ""phone-context=+44"", ""comment"" : ""null migrated to NBI 06500089 from 05118028 and phone-context=nprtspa.126.PORprefix F ALLBACK  FALLBACK  migrated to NBI 06500089 from 05118028 and phone-context=nprtspa.126.PORprefix"", ""bcr_product"" : ""RETAIL"", ""bcr_region"" : null}"
,5350,"{""id"" : 5350, ""input_prefix"" : ""INPUT_PREFIX"", ""routing_prefix"" : ""phone-context=+44"", ""output_prefix"" : ""OUTPUT_PREFIX"", ""portability_type"" : ""PORTED_OUT"", ""req_uri_additional_parameters"" : ""phone-context=+44"", ""comment"" : null, ""bcr_product"" : ""RETAIL"", ""bcr_region"" : null}"
,5351,"{""id"" : 5351, ""input_prefix"" : ""INPUT_PREFIX"", ""routing_prefix"" : ""phone-context=+44"", ""output_prefix"" : ""OUTPUT_PREFIX"", ""portability_type"" : ""PORTED_OUT"", ""req_uri_additional_parameters"" : ""phone-context=+44"", ""comment"" : null, ""bcr_product"" : ""RETAIL"", ""bcr_region"" : null}"
,5352,"{""id"" : 5352, ""input_prefix"" : ""INPUT_PREFIX"", ""routing_prefix"" : ""phone-context=+44"", ""output_prefix"" : ""OUTPUT_PREFIX"", ""portability_type"" : ""PORTED_OUT"", ""req_uri_additional_parameters"" : ""phone-context=+44"", ""comment"" : ""null migrated to NBI 06500089 from 05118028 and phone-context=nprtspa.126.PORprefix F ALLBACK  FALLBACK  migrated to NBI 06500089 from 05118028 and phone-context=nprtspa.126.PORprefix"", ""bcr_product"" : ""RETAIL"", ""bcr_region"" : null}"
,11462,"{""id"" : 11462, ""input_prefix"" : ""INPUT_PREFIX"", ""routing_prefix"" : ""phone-context=+44"", ""output_prefix"" : ""OUTPUT_PREFIX"", ""portability_type"" : ""PORTED_OUT"", ""req_uri_additional_parameters"" : ""phone-context=+44"", ""comment"" : null, ""bcr_product"" : ""RETAIL"", ""bcr_region"" : null}"
,11469,"{""id"" : 11469, ""input_prefix"" : ""INPUT_PREFIX"", ""routing_prefix"" : ""phone-context=+44"", ""output_prefix"" : ""OUTPUT_PREFIX"", ""portability_type"" : ""PORTED_OUT"", ""req_uri_additional_parameters"" : ""phone-context=+44"", ""comment"" : null, ""bcr_product"" : ""RETAIL"", ""bcr_region"" : null}"
,11475,"{""id"" : 11475, ""input_prefix"" : ""INPUT_PREFIX"", ""routing_prefix"" : ""phone-context=+44"", ""output_prefix"" : ""OUTPUT_PREFIX"", ""portability_type"" : ""PORTED_OUT"", ""req_uri_additional_parameters"" : ""phone-context=+44"", ""comment"" : null, ""bcr_product"" : ""RETAIL"", ""bcr_region"" : null}"
,5055,"{""id"" : 5055, ""input_prefix"" : ""INPUT_PREFIX"", ""routing_prefix"" : ""phone-context=+44"", ""output_prefix"" : ""OUTPUT_PREFIX"", ""portability_type"" : ""PORTED_OUT"", ""req_uri_additional_parameters"" : ""phone-context=+44"", ""comment"" : null, ""bcr_product"" : ""RETAIL"", ""bcr_region"" : null}"
,5056,"{""id"" : 5056, ""input_prefix"" : ""INPUT_PREFIX"", ""routing_prefix"" : ""phone-context=+44"", ""output_prefix"" : ""OUTPUT_PREFIX"", ""portability_type"" : ""PORTED_OUT"", ""req_uri_additional_parameters"" : ""phone-context=+44"", ""comment"" : null, ""bcr_product"" : ""RETAIL"", ""bcr_region"" : null}"
,5057,"{""id"" : 5057, ""input_prefix"" : ""INPUT_PREFIX"", ""routing_prefix"" : ""phone-context=+44"", ""output_prefix"" : ""OUTPUT_PREFIX"", ""portability_type"" : ""PORTED_OUT"", ""req_uri_additional_parameters"" : ""phone-context=+44"", ""comment"" : null, ""bcr_product"" : ""RETAIL"", ""bcr_region"" : null}"
,5058,"{""id"" : 5058, ""input_prefix"" : ""INPUT_PREFIX"", ""routing_prefix"" : ""phone-context=+44"", ""output_prefix"" : ""OUTPUT_PREFIX"", ""portability_type"" : ""PORTED_OUT"", ""req_uri_additional_parameters"" : ""phone-context=+44"", ""comment"" : null, ""bcr_product"" : ""RETAIL"", ""bcr_region"" : null}"
,5059,"{""id"" : 5059, ""input_prefix"" : ""INPUT_PREFIX"", ""routing_prefix"" : ""phone-context=+44"", ""output_prefix"" : ""OUTPUT_PREFIX"", ""portability_type"" : ""PORTED_OUT"", ""req_uri_additional_parameters"" : ""phone-context=+44"", ""comment"" : null, ""bcr_product"" : ""RETAIL"", ""bcr_region"" : null}"
,5060,"{""id"" : 5060, ""input_prefix"" : ""INPUT_PREFIX"", ""routing_prefix"" : ""phone-context=+44"", ""output_prefix"" : ""OUTPUT_PREFIX"", ""portability_type"" : ""PORTED_OUT"", ""req_uri_additional_parameters"" : ""phone-context=+44"", ""comment"" : null, ""bcr_product"" : ""RETAIL"", ""bcr_region"" : null}"
,5061,"{""id"" : 5061, ""input_prefix"" : ""INPUT_PREFIX"", ""routing_prefix"" : ""phone-context=+44"", ""output_prefix"" : ""OUTPUT_PREFIX"", ""portability_type"" : ""PORTED_OUT"", ""req_uri_additional_parameters"" : ""phone-context=+44"", ""comment"" : null, ""bcr_product"" : ""RETAIL"", ""bcr_region"" : null}"
,5062,"{""id"" : 5062, ""input_prefix"" : ""INPUT_PREFIX"", ""routing_prefix"" : ""phone-context=+44"", ""output_prefix"" : ""OUTPUT_PREFIX"", ""portability_type"" : ""PORTED_OUT"", ""req_uri_additional_parameters"" : ""phone-context=+44"", ""comment"" : null, ""bcr_product"" : ""RETAIL"", ""bcr_region"" : null}"
,5063,"{""id"" : 5063, ""input_prefix"" : ""INPUT_PREFIX"", ""routing_prefix"" : ""phone-context=+44"", ""output_prefix"" : ""OUTPUT_PREFIX"", ""portability_type"" : ""PORTED_OUT"", ""req_uri_additional_parameters"" : ""phone-context=+44"", ""comment"" : null, ""bcr_product"" : ""RETAIL"", ""bcr_region"" : null}"
,5064,"{""id"" : 5064, ""input_prefix"" : ""INPUT_PREFIX"", ""routing_prefix"" : ""phone-context=+44"", ""output_prefix"" : ""OUTPUT_PREFIX"", ""portability_type"" : ""PORTED_OUT"", ""req_uri_additional_parameters"" : ""phone-context=+44"", ""comment"" : null, ""bcr_product"" : ""RETAIL"", ""bcr_region"" : null}"
,5065,"{""id"" : 5065, ""input_prefix"" : ""INPUT_PREFIX"", ""routing_prefix"" : ""phone-context=+44"", ""output_prefix"" : ""OUTPUT_PREFIX"", ""portability_type"" : ""PORTED_OUT"", ""req_uri_additional_parameters"" : ""phone-context=+44"", ""comment"" : null, ""bcr_product"" : ""RETAIL"", ""bcr_region"" : null}"
,5066,"{""id"" : 5066, ""input_prefix"" : ""INPUT_PREFIX"", ""routing_prefix"" : ""phone-context=+44"", ""output_prefix"" : ""OUTPUT_PREFIX"", ""portability_type"" : ""PORTED_OUT"", ""req_uri_additional_parameters"" : ""phone-context=+44"", ""comment"" : null, ""bcr_product"" : ""RETAIL"", ""bcr_region"" : null}"
,5067,"{""id"" : 5067, ""input_prefix"" : ""INPUT_PREFIX"", ""routing_prefix"" : ""phone-context=+44"", ""output_prefix"" : ""OUTPUT_PREFIX"", ""portability_type"" : ""PORTED_OUT"", ""req_uri_additional_parameters"" : ""phone-context=+44"", ""comment"" : null, ""bcr_product"" : ""RETAIL"", ""bcr_region"" : null}"
,5068,"{""id"" : 5068, ""input_prefix"" : ""INPUT_PREFIX"", ""routing_prefix"" : ""phone-context=+44"", ""output_prefix"" : ""OUTPUT_PREFIX"", ""portability_type"" : ""PORTED_OUT"", ""req_uri_additional_parameters"" : ""phone-context=+44"", ""comment"" : null, ""bcr_product"" : ""RETAIL"", ""bcr_region"" : null}"
,5069,"{""id"" : 5069, ""input_prefix"" : ""INPUT_PREFIX"", ""routing_prefix"" : ""phone-context=+44"", ""output_prefix"" : ""OUTPUT_PREFIX"", ""portability_type"" : ""PORTED_OUT"", ""req_uri_additional_parameters"" : ""phone-context=+44"", ""comment"" : null, ""bcr_product"" : ""RETAIL"", ""bcr_region"" : null}"
,5070,"{""id"" : 5070, ""input_prefix"" : ""INPUT_PREFIX"", ""routing_prefix"" : ""phone-context=+44"", ""output_prefix"" : ""OUTPUT_PREFIX"", ""portability_type"" : ""PORTED_OUT"", ""req_uri_additional_parameters"" : ""phone-context=+44"", ""comment"" : null, ""bcr_product"" : ""RETAIL"", ""bcr_region"" : null}"
,5071,"{""id"" : 5071, ""input_prefix"" : ""INPUT_PREFIX"", ""routing_prefix"" : ""phone-context=+44"", ""output_prefix"" : ""OUTPUT_PREFIX"", ""portability_type"" : ""PORTED_OUT"", ""req_uri_additional_parameters"" : ""phone-context=+44"", ""comment"" : null, ""bcr_product"" : ""RETAIL"", ""bcr_region"" : null}"
,5072,"{""id"" : 5072, ""input_prefix"" : ""INPUT_PREFIX"", ""routing_prefix"" : ""phone-context=+44"", ""output_prefix"" : ""OUTPUT_PREFIX"", ""portability_type"" : ""PORTED_OUT"", ""req_uri_additional_parameters"" : ""phone-context=+44"", ""comment"" : null, ""bcr_product"" : ""RETAIL"", ""bcr_region"" : null}"
,5073,"{""id"" : 5073, ""input_prefix"" : ""INPUT_PREFIX"", ""routing_prefix"" : ""phone-context=+44"", ""output_prefix"" : ""OUTPUT_PREFIX"", ""portability_type"" : ""PORTED_OUT"", ""req_uri_additional_parameters"" : ""phone-context=+44"", ""comment"" : null, ""bcr_product"" : ""RETAIL"", ""bcr_region"" : null}"
,5074,"{""id"" : 5074, ""input_prefix"" : ""INPUT_PREFIX"", ""routing_prefix"" : ""phone-context=+44"", ""output_prefix"" : ""OUTPUT_PREFIX"", ""portability_type"" : ""PORTED_OUT"", ""req_uri_additional_parameters"" : ""phone-context=+44"", ""comment"" : null, ""bcr_product"" : ""RETAIL"", ""bcr_region"" : null}"
,5075,"{""id"" : 5075, ""input_prefix"" : ""INPUT_PREFIX"", ""routing_prefix"" : ""phone-context=+44"", ""output_prefix"" : ""OUTPUT_PREFIX"", ""portability_type"" : ""PORTED_OUT"", ""req_uri_additional_parameters"" : ""phone-context=+44"", ""comment"" : null, ""bcr_product"" : ""RETAIL"", ""bcr_region"" : null}"
,5076,"{""id"" : 5076, ""input_prefix"" : ""INPUT_PREFIX"", ""routing_prefix"" : ""phone-context=+44"", ""output_prefix"" : ""OUTPUT_PREFIX"", ""portability_type"" : ""PORTED_OUT"", ""req_uri_additional_parameters"" : ""phone-context=+44"", ""comment"" : null, ""bcr_product"" : ""RETAIL"", ""bcr_region"" : null}"
,5077,"{""id"" : 5077, ""input_prefix"" : ""INPUT_PREFIX"", ""routing_prefix"" : ""phone-context=+44"", ""output_prefix"" : ""OUTPUT_PREFIX"", ""portability_type"" : ""PORTED_OUT"", ""req_uri_additional_parameters"" : ""phone-context=+44"", ""comment"" : null, ""bcr_product"" : ""RETAIL"", ""bcr_region"" : null}"
,5078,"{""id"" : 5078, ""input_prefix"" : ""INPUT_PREFIX"", ""routing_prefix"" : ""phone-context=+44"", ""output_prefix"" : ""OUTPUT_PREFIX"", ""portability_type"" : ""PORTED_OUT"", ""req_uri_additional_parameters"" : ""phone-context=+44"", ""comment"" : null, ""bcr_product"" : ""RETAIL"", ""bcr_region"" : null}"
,5079,"{""id"" : 5079, ""input_prefix"" : ""INPUT_PREFIX"", ""routing_prefix"" : ""phone-context=+44"", ""output_prefix"" : ""OUTPUT_PREFIX"", ""portability_type"" : ""PORTED_OUT"", ""req_uri_additional_parameters"" : ""phone-context=+44"", ""comment"" : null, ""bcr_product"" : ""RETAIL"", ""bcr_region"" : null}"
,5080,"{""id"" : 5080, ""input_prefix"" : ""INPUT_PREFIX"", ""routing_prefix"" : ""phone-context=+44"", ""output_prefix"" : ""OUTPUT_PREFIX"", ""portability_type"" : ""PORTED_OUT"", ""req_uri_additional_parameters"" : ""phone-context=+44"", ""comment"" : null, ""bcr_product"" : ""RETAIL"", ""bcr_region"" : null}"
,5081,"{""id"" : 5081, ""input_prefix"" : ""INPUT_PREFIX"", ""routing_prefix"" : ""phone-context=+44"", ""output_prefix"" : ""OUTPUT_PREFIX"", ""portability_type"" : ""PORTED_OUT"", ""req_uri_additional_parameters"" : ""phone-context=+44"", ""comment"" : null, ""bcr_product"" : ""RETAIL"", ""bcr_region"" : null}"
,5082,"{""id"" : 5082, ""input_prefix"" : ""INPUT_PREFIX"", ""routing_prefix"" : ""phone-context=+44"", ""output_prefix"" : ""OUTPUT_PREFIX"", ""portability_type"" : ""PORTED_OUT"", ""req_uri_additional_parameters"" : ""phone-context=+44"", ""comment"" : null, ""bcr_product"" : ""RETAIL"", ""bcr_region"" : null}"
,5083,"{""id"" : 5083, ""input_prefix"" : ""INPUT_PREFIX"", ""routing_prefix"" : ""phone-context=+44"", ""output_prefix"" : ""OUTPUT_PREFIX"", ""portability_type"" : ""PORTED_OUT"", ""req_uri_additional_parameters"" : ""phone-context=+44"", ""comment"" : null, ""bcr_product"" : ""RETAIL"", ""bcr_region"" : null}"
,5084,"{""id"" : 5084, ""input_prefix"" : ""INPUT_PREFIX"", ""routing_prefix"" : ""phone-context=+44"", ""output_prefix"" : ""OUTPUT_PREFIX"", ""portability_type"" : ""PORTED_OUT"", ""req_uri_additional_parameters"" : ""phone-context=+44"", ""comment"" : null, ""bcr_product"" : ""RETAIL"", ""bcr_region"" : null}"
,5085,"{""id"" : 5085, ""input_prefix"" : ""INPUT_PREFIX"", ""routing_prefix"" : ""phone-context=+44"", ""output_prefix"" : ""OUTPUT_PREFIX"", ""portability_type"" : ""PORTED_OUT"", ""req_uri_additional_parameters"" : ""phone-context=+44"", ""comment"" : null, ""bcr_product"" : ""RETAIL"", ""bcr_region"" : null}"
,5086,"{""id"" : 5086, ""input_prefix"" : ""INPUT_PREFIX"", ""routing_prefix"" : ""phone-context=+44"", ""output_prefix"" : ""OUTPUT_PREFIX"", ""portability_type"" : ""PORTED_OUT"", ""req_uri_additional_parameters"" : ""phone-context=+44"", ""comment"" : null, ""bcr_product"" : ""RETAIL"", ""bcr_region"" : null}"
,5087,"{""id"" : 5087, ""input_prefix"" : ""INPUT_PREFIX"", ""routing_prefix"" : ""phone-context=+44"", ""output_prefix"" : ""OUTPUT_PREFIX"", ""portability_type"" : ""PORTED_OUT"", ""req_uri_additional_parameters"" : ""phone-context=+44"", ""comment"" : null, ""bcr_product"" : ""RETAIL"", ""bcr_region"" : null}"
,5088,"{""id"" : 5088, ""input_prefix"" : ""INPUT_PREFIX"", ""routing_prefix"" : ""phone-context=+44"", ""output_prefix"" : ""OUTPUT_PREFIX"", ""portability_type"" : ""PORTED_OUT"", ""req_uri_additional_parameters"" : ""phone-context=+44"", ""comment"" : null, ""bcr_product"" : ""RETAIL"", ""bcr_region"" : null}"
,5089,"{""id"" : 5089, ""input_prefix"" : ""INPUT_PREFIX"", ""routing_prefix"" : ""phone-context=+44"", ""output_prefix"" : ""OUTPUT_PREFIX"", ""portability_type"" : ""PORTED_OUT"", ""req_uri_additional_parameters"" : ""phone-context=+44"", ""comment"" : null, ""bcr_product"" : ""RETAIL"", ""bcr_region"" : null}"
,5090,"{""id"" : 5090, ""input_prefix"" : ""INPUT_PREFIX"", ""routing_prefix"" : ""phone-context=+44"", ""output_prefix"" : ""OUTPUT_PREFIX"", ""portability_type"" : ""PORTED_OUT"", ""req_uri_additional_parameters"" : ""phone-context=+44"", ""comment"" : null, ""bcr_product"" : ""RETAIL"", ""bcr_region"" : null}"
,5091,"{""id"" : 5091, ""input_prefix"" : ""INPUT_PREFIX"", ""routing_prefix"" : ""phone-context=+44"", ""output_prefix"" : ""OUTPUT_PREFIX"", ""portability_type"" : ""PORTED_OUT"", ""req_uri_additional_parameters"" : ""phone-context=+44"", ""comment"" : null, ""bcr_product"" : ""RETAIL"", ""bcr_region"" : null}"
,5092,"{""id"" : 5092, ""input_prefix"" : ""INPUT_PREFIX"", ""routing_prefix"" : ""phone-context=+44"", ""output_prefix"" : ""OUTPUT_PREFIX"", ""portability_type"" : ""PORTED_OUT"", ""req_uri_additional_parameters"" : ""phone-context=+44"", ""comment"" : null, ""bcr_product"" : ""RETAIL"", ""bcr_region"" : null}"
,5093,"{""id"" : 5093, ""input_prefix"" : ""INPUT_PREFIX"", ""routing_prefix"" : ""phone-context=+44"", ""output_prefix"" : ""OUTPUT_PREFIX"", ""portability_type"" : ""PORTED_OUT"", ""req_uri_additional_parameters"" : ""phone-context=+44"", ""comment"" : null, ""bcr_product"" : ""RETAIL"", ""bcr_region"" : null}"
,5711,"{""id"" : 5711, ""input_prefix"" : ""INPUT_PREFIX"", ""routing_prefix"" : ""phone-context=+44"", ""output_prefix"" : ""OUTPUT_PREFIX"", ""portability_type"" : ""PORTED_OUT"", ""req_uri_additional_parameters"" : ""phone-context=+44"", ""comment"" : null, ""bcr_product"" : ""RETAIL"", ""bcr_region"" : null}"
,5713,"{""id"" : 5713, ""input_prefix"" : ""INPUT_PREFIX"", ""routing_prefix"" : ""phone-context=+44"", ""output_prefix"" : ""OUTPUT_PREFIX"", ""portability_type"" : ""PORTED_OUT"", ""req_uri_additional_parameters"" : ""phone-context=+44"", ""comment"" : null, ""bcr_product"" : ""RETAIL"", ""bcr_region"" : null}"
,5714,"{""id"" : 5714, ""input_prefix"" : ""INPUT_PREFIX"", ""routing_prefix"" : ""phone-context=+44"", ""output_prefix"" : ""OUTPUT_PREFIX"", ""portability_type"" : ""PORTED_OUT"", ""req_uri_additional_parameters"" : ""phone-context=+44"", ""comment"" : null, ""bcr_product"" : ""RETAIL"", ""bcr_region"" : null}"
,5715,"{""id"" : 5715, ""input_prefix"" : ""INPUT_PREFIX"", ""routing_prefix"" : ""phone-context=+44"", ""output_prefix"" : ""OUTPUT_PREFIX"", ""portability_type"" : ""PORTED_OUT"", ""req_uri_additional_parameters"" : ""phone-context=+44"", ""comment"" : ""null migrated to NBI 06500089 from 05118028 and phone-context=national.3.PORprefix F ALLBACK  FALLBACK  migrated to NBI 06500089 from 05118028 and phone-context=nprtspa.126.PORprefix"", ""bcr_product"" : ""RETAIL"", ""bcr_region"" : null}"
,5716,"{""id"" : 5716, ""input_prefix"" : ""INPUT_PREFIX"", ""routing_prefix"" : ""phone-context=+44"", ""output_prefix"" : ""OUTPUT_PREFIX"", ""portability_type"" : ""PORTED_OUT"", ""req_uri_additional_parameters"" : ""phone-context=+44"", ""comment"" : ""null migrated to NBI 06500089 from 05118028 and phone-context=nprtspa.126.PORprefix F ALLBACK  FALLBACK  migrated to NBI 06500089 from 05118028 and phone-context=nprtspa.126.PORprefix"", ""bcr_product"" : ""RETAIL"", ""bcr_region"" : null}"
,5718,"{""id"" : 5718, ""input_prefix"" : ""INPUT_PREFIX"", ""routing_prefix"" : ""phone-context=+44"", ""output_prefix"" : ""OUTPUT_PREFIX"", ""portability_type"" : ""PORTED_OUT"", ""req_uri_additional_parameters"" : ""phone-context=+44"", ""comment"" : ""null migrated to NBI 06500089 from 05118028 and phone-context=nprtspa.126.PORprefix F ALLBACK  FALLBACK  migrated to NBI 06500089 from 05118028 and phone-context=nprtspa.126.PORprefix"", ""bcr_product"" : ""RETAIL"", ""bcr_region"" : null}"
,5720,"{""id"" : 5720, ""input_prefix"" : ""INPUT_PREFIX"", ""routing_prefix"" : ""phone-context=+44"", ""output_prefix"" : ""OUTPUT_PREFIX"", ""portability_type"" : ""PORTED_OUT"", ""req_uri_additional_parameters"" : ""phone-context=+44"", ""comment"" : ""null migrated to NBI 06500089 from 05118028 and phone-context=nprtspa.126.PORprefix F ALLBACK  FALLBACK  migrated to NBI 06500089 from 05118028 and phone-context=nprtspa.126.PORprefix"", ""bcr_product"" : ""RETAIL"", ""bcr_region"" : null}"
,5724,"{""id"" : 5724, ""input_prefix"" : ""INPUT_PREFIX"", ""routing_prefix"" : ""phone-context=+44"", ""output_prefix"" : ""OUTPUT_PREFIX"", ""portability_type"" : ""PORTED_OUT"", ""req_uri_additional_parameters"" : ""phone-context=+44"", ""comment"" : ""null migrated to NBI 06500089 from 05118028 and phone-context=nprtspa.126.PORprefix F ALLBACK  FALLBACK  migrated to NBI 06500089 from 05118028 and phone-context=nprtspa.126.PORprefix"", ""bcr_product"" : ""RETAIL"", ""bcr_region"" : null}"
,5728,"{""id"" : 5728, ""input_prefix"" : ""INPUT_PREFIX"", ""routing_prefix"" : ""phone-context=+44"", ""output_prefix"" : ""OUTPUT_PREFIX"", ""portability_type"" : ""PORTED_OUT"", ""req_uri_additional_parameters"" : ""phone-context=+44"", ""comment"" : ""null migrated to NBI 06500089 from 05118028 and phone-context=nprtspa.126.PORprefix F ALLBACK  FALLBACK  migrated to NBI 06500089 from 05118028 and phone-context=nprtspa.126.PORprefix"", ""bcr_product"" : ""RETAIL"", ""bcr_region"" : null}"
,5730,"{""id"" : 5730, ""input_prefix"" : ""INPUT_PREFIX"", ""routing_prefix"" : ""phone-context=+44"", ""output_prefix"" : ""OUTPUT_PREFIX"", ""portability_type"" : ""PORTED_OUT"", ""req_uri_additional_parameters"" : ""phone-context=+44"", ""comment"" : ""null migrated to NBI 06500089 from 05118028 and phone-context=nprtspa.126.PORprefix F ALLBACK  FALLBACK  migrated to NBI 06500089 from 05118028 and phone-context=nprtspa.126.PORprefix"", ""bcr_product"" : ""RETAIL"", ""bcr_region"" : null}"
,5733,"{""id"" : 5733, ""input_prefix"" : ""INPUT_PREFIX"", ""routing_prefix"" : ""phone-context=+44"", ""output_prefix"" : ""OUTPUT_PREFIX"", ""portability_type"" : ""PORTED_OUT"", ""req_uri_additional_parameters"" : ""phone-context=+44"", ""comment"" : ""null migrated to NBI 06500089 from 05118028 and phone-context=nprtspa.126.PORprefix F ALLBACK  FALLBACK  migrated to NBI 06500089 from 05118028 and phone-context=nprtspa.126.PORprefix"", ""bcr_product"" : ""RETAIL"", ""bcr_region"" : null}"
,5734,"{""id"" : 5734, ""input_prefix"" : ""INPUT_PREFIX"", ""routing_prefix"" : ""phone-context=+44"", ""output_prefix"" : ""OUTPUT_PREFIX"", ""portability_type"" : ""PORTED_OUT"", ""req_uri_additional_parameters"" : ""phone-context=+44"", ""comment"" : ""null migrated to NBI 06500089 from 05118028 and phone-context=nprtspa.126.PORprefix F ALLBACK  FALLBACK  migrated to NBI 06500089 from 05118028 and phone-context=nprtspa.126.PORprefix"", ""bcr_product"" : ""RETAIL"", ""bcr_region"" : null}"
,5739,"{""id"" : 5739, ""input_prefix"" : ""INPUT_PREFIX"", ""routing_prefix"" : ""phone-context=+44"", ""output_prefix"" : ""OUTPUT_PREFIX"", ""portability_type"" : ""PORTED_OUT"", ""req_uri_additional_parameters"" : ""phone-context=+44"", ""comment"" : ""null migrated to NBI 06500089 from 05118028 and phone-context=nprtspa.126.PORprefix F ALLBACK  FALLBACK  migrated to NBI 06500089 from 05118028 and phone-context=nprtspa.126.PORprefix"", ""bcr_product"" : ""RETAIL"", ""bcr_region"" : null}"
,5531,"{""id"" : 5531, ""input_prefix"" : ""INPUT_PREFIX"", ""routing_prefix"" : ""phone-context=+44"", ""output_prefix"" : ""OUTPUT_PREFIX"", ""portability_type"" : ""PORTED_OUT"", ""req_uri_additional_parameters"" : ""phone-context=+44"", ""comment"" : null, ""bcr_product"" : ""RETAIL"", ""bcr_region"" : null}"
,5532,"{""id"" : 5532, ""input_prefix"" : ""INPUT_PREFIX"", ""routing_prefix"" : ""phone-context=+44"", ""output_prefix"" : ""OUTPUT_PREFIX"", ""portability_type"" : ""PORTED_OUT"", ""req_uri_additional_parameters"" : ""phone-context=+44"", ""comment"" : null, ""bcr_product"" : ""RETAIL"", ""bcr_region"" : null}"
,16005,"{""id"" : 16005, ""input_prefix"" : ""INPUT_PREFIX"", ""routing_prefix"" : null, ""output_prefix"" : ""OUTPUT_PREFIX"", ""portability_type"" : ""PORTED_OUT"", ""req_uri_additional_parameters"" : null, ""comment"" : null, ""bcr_product"" : ""RETAIL"", ""bcr_region"" : null}"
,5533,"{""id"" : 5533, ""input_prefix"" : ""INPUT_PREFIX"", ""routing_prefix"" : ""phone-context=+44"", ""output_prefix"" : ""OUTPUT_PREFIX"", ""portability_type"" : ""PORTED_OUT"", ""req_uri_additional_parameters"" : ""phone-context=+44"", ""comment"" : null, ""bcr_product"" : ""RETAIL"", ""bcr_region"" : null}"
,5534,"{""id"" : 5534, ""input_prefix"" : ""INPUT_PREFIX"", ""routing_prefix"" : ""phone-context=+44"", ""output_prefix"" : ""OUTPUT_PREFIX"", ""portability_type"" : ""PORTED_OUT"", ""req_uri_additional_parameters"" : ""phone-context=+44"", ""comment"" : null, ""bcr_product"" : ""RETAIL"", ""bcr_region"" : null}"
,5742,"{""id"" : 5742, ""input_prefix"" : ""INPUT_PREFIX"", ""routing_prefix"" : ""phone-context=+44"", ""output_prefix"" : ""OUTPUT_PREFIX"", ""portability_type"" : ""PORTED_OUT"", ""req_uri_additional_parameters"" : ""phone-context=+44"", ""comment"" : ""null migrated to NBI 06500089 from 05118028 and phone-context=nprtspa.126.PORprefix F ALLBACK  FALLBACK  migrated to NBI 06500089 from 05118028 and phone-context=nprtspa.126.PORprefix"", ""bcr_product"" : ""RETAIL"", ""bcr_region"" : null}"
,5746,"{""id"" : 5746, ""input_prefix"" : ""INPUT_PREFIX"", ""routing_prefix"" : ""phone-context=+44"", ""output_prefix"" : ""OUTPUT_PREFIX"", ""portability_type"" : ""PORTED_OUT"", ""req_uri_additional_parameters"" : ""phone-context=+44"", ""comment"" : ""null migrated to NBI 06500089 from 05118028 and phone-context=nprtspa.126.PORprefix F ALLBACK  FALLBACK  migrated to NBI 06500089 from 05118028 and phone-context=nprtspa.126.PORprefix"", ""bcr_product"" : ""RETAIL"", ""bcr_region"" : null}"
,5748,"{""id"" : 5748, ""input_prefix"" : ""INPUT_PREFIX"", ""routing_prefix"" : ""phone-context=+44"", ""output_prefix"" : ""OUTPUT_PREFIX"", ""portability_type"" : ""PORTED_OUT"", ""req_uri_additional_parameters"" : ""phone-context=+44"", ""comment"" : ""null migrated to NBI 06500089 from 05118028 and phone-context=nprtspa.126.PORprefix F ALLBACK  FALLBACK  migrated to NBI 06500089 from 05118028 and phone-context=nprtspa.126.PORprefix"", ""bcr_product"" : ""RETAIL"", ""bcr_region"" : null}"
,5750,"{""id"" : 5750, ""input_prefix"" : ""INPUT_PREFIX"", ""routing_prefix"" : ""phone-context=+44"", ""output_prefix"" : ""OUTPUT_PREFIX"", ""portability_type"" : ""PORTED_OUT"", ""req_uri_additional_parameters"" : ""phone-context=+44"", ""comment"" : ""null migrated to NBI 06500089 from 05118028 and phone-context=nprtspa.126.PORprefix F ALLBACK  FALLBACK  migrated to NBI 06500089 from 05118028 and phone-context=nprtspa.126.PORprefix"", ""bcr_product"" : ""RETAIL"", ""bcr_region"" : null}"
,5754,"{""id"" : 5754, ""input_prefix"" : ""INPUT_PREFIX"", ""routing_prefix"" : ""phone-context=+44"", ""output_prefix"" : ""OUTPUT_PREFIX"", ""portability_type"" : ""PORTED_OUT"", ""req_uri_additional_parameters"" : ""phone-context=+44"", ""comment"" : ""null migrated to NBI 06500089 from 05118028 and phone-context=nprtspa.126.PORprefix F ALLBACK  FALLBACK  migrated to NBI 06500089 from 05118028 and phone-context=nprtspa.126.PORprefix"", ""bcr_product"" : ""RETAIL"", ""bcr_region"" : null}"
,5755,"{""id"" : 5755, ""input_prefix"" : ""INPUT_PREFIX"", ""routing_prefix"" : ""phone-context=+44"", ""output_prefix"" : ""OUTPUT_PREFIX"", ""portability_type"" : ""PORTED_OUT"", ""req_uri_additional_parameters"" : ""phone-context=+44"", ""comment"" : ""null migrated to NBI 06500089 from 05118028 and phone-context=nprtspa.126.PORprefix F ALLBACK  FALLBACK  migrated to NBI 06500089 from 05118028 and phone-context=nprtspa.126.PORprefix"", ""bcr_product"" : ""RETAIL"", ""bcr_region"" : null}"
,11443,"{""id"" : 11443, ""input_prefix"" : ""INPUT_PREFIX"", ""routing_prefix"" : ""phone-context=+44"", ""output_prefix"" : ""OUTPUT_PREFIX"", ""portability_type"" : ""PORTED_OUT"", ""req_uri_additional_parameters"" : ""phone-context=+44"", ""comment"" : null, ""bcr_product"" : ""RETAIL"", ""bcr_region"" : null}"
,11478,"{""id"" : 11478, ""input_prefix"" : ""INPUT_PREFIX"", ""routing_prefix"" : ""phone-context=+44"", ""output_prefix"" : ""OUTPUT_PREFIX"", ""portability_type"" : ""PORTED_OUT"", ""req_uri_additional_parameters"" : ""phone-context=+44"", ""comment"" : null, ""bcr_product"" : ""RETAIL"", ""bcr_region"" : null}"
,5765,"{""id"" : 5765, ""input_prefix"" : ""INPUT_PREFIX"", ""routing_prefix"" : ""phone-context=+44"", ""output_prefix"" : ""OUTPUT_PREFIX"", ""portability_type"" : ""PORTED_OUT"", ""req_uri_additional_parameters"" : ""phone-context=+44"", ""comment"" : ""null migrated to NBI 06500089 from 05118028 and phone-context=nprtspa.126.PORprefix F ALLBACK  FALLBACK  migrated to NBI 06500089 from 05118028 and phone-context=nprtspa.126.PORprefix"", ""bcr_product"" : ""RETAIL"", ""bcr_region"" : null}"
,5767,"{""id"" : 5767, ""input_prefix"" : ""INPUT_PREFIX"", ""routing_prefix"" : ""phone-context=+44"", ""output_prefix"" : ""OUTPUT_PREFIX"", ""portability_type"" : ""PORTED_OUT"", ""req_uri_additional_parameters"" : ""phone-context=+44"", ""comment"" : ""null migrated to NBI 06500089 from 05118028 and phone-context=nprtspa.126.PORprefix F ALLBACK  FALLBACK  migrated to NBI 06500089 from 05118028 and phone-context=nprtspa.126.PORprefix"", ""bcr_product"" : ""RETAIL"", ""bcr_region"" : null}"
,5769,"{""id"" : 5769, ""input_prefix"" : ""INPUT_PREFIX"", ""routing_prefix"" : ""phone-context=+44"", ""output_prefix"" : ""OUTPUT_PREFIX"", ""portability_type"" : ""PORTED_OUT"", ""req_uri_additional_parameters"" : ""phone-context=+44"", ""comment"" : ""null migrated to NBI 06500089 from 05118028 and phone-context=nprtspa.126.PORprefix F ALLBACK  FALLBACK  migrated to NBI 06500089 from 05118028 and phone-context=nprtspa.126.PORprefix"", ""bcr_product"" : ""RETAIL"", ""bcr_region"" : null}"
,5775,"{""id"" : 5775, ""input_prefix"" : ""INPUT_PREFIX"", ""routing_prefix"" : ""phone-context=+44"", ""output_prefix"" : ""OUTPUT_PREFIX"", ""portability_type"" : ""PORTED_OUT"", ""req_uri_additional_parameters"" : ""phone-context=+44"", ""comment"" : ""null migrated to NBI 06500089 from 05118028 and phone-context=nprtspa.126.PORprefix F ALLBACK  FALLBACK  migrated to NBI 06500089 from 05118028 and phone-context=nprtspa.126.PORprefix"", ""bcr_product"" : ""RETAIL"", ""bcr_region"" : null}"
,5776,"{""id"" : 5776, ""input_prefix"" : ""INPUT_PREFIX"", ""routing_prefix"" : ""phone-context=+44"", ""output_prefix"" : ""OUTPUT_PREFIX"", ""portability_type"" : ""PORTED_OUT"", ""req_uri_additional_parameters"" : ""phone-context=+44"", ""comment"" : null, ""bcr_product"" : ""RETAIL"", ""bcr_region"" : null}"
,11481,"{""id"" : 11481, ""input_prefix"" : ""INPUT_PREFIX"", ""routing_prefix"" : ""phone-context=+44"", ""output_prefix"" : ""OUTPUT_PREFIX"", ""portability_type"" : ""PORTED_OUT"", ""req_uri_additional_parameters"" : ""phone-context=+44"", ""comment"" : null, ""bcr_product"" : ""RETAIL"", ""bcr_region"" : null}"
,5777,"{""id"" : 5777, ""input_prefix"" : ""INPUT_PREFIX"", ""routing_prefix"" : ""phone-context=+44"", ""output_prefix"" : ""OUTPUT_PREFIX"", ""portability_type"" : ""PORTED_OUT"", ""req_uri_additional_parameters"" : ""phone-context=+44"", ""comment"" : null, ""bcr_product"" : ""RETAIL"", ""bcr_region"" : null}"
,5778,"{""id"" : 5778, ""input_prefix"" : ""INPUT_PREFIX"", ""routing_prefix"" : ""phone-context=+44"", ""output_prefix"" : ""OUTPUT_PREFIX"", ""portability_type"" : ""PORTED_OUT"", ""req_uri_additional_parameters"" : ""phone-context=+44"", ""comment"" : null, ""bcr_product"" : ""RETAIL"", ""bcr_region"" : null}"
,5779,"{""id"" : 5779, ""input_prefix"" : ""INPUT_PREFIX"", ""routing_prefix"" : ""phone-context=+44"", ""output_prefix"" : ""OUTPUT_PREFIX"", ""portability_type"" : ""PORTED_OUT"", ""req_uri_additional_parameters"" : ""phone-context=+44"", ""comment"" : null, ""bcr_product"" : ""RETAIL"", ""bcr_region"" : null}"
,5780,"{""id"" : 5780, ""input_prefix"" : ""INPUT_PREFIX"", ""routing_prefix"" : ""phone-context=+44"", ""output_prefix"" : ""OUTPUT_PREFIX"", ""portability_type"" : ""PORTED_OUT"", ""req_uri_additional_parameters"" : ""phone-context=+44"", ""comment"" : null, ""bcr_product"" : ""RETAIL"", ""bcr_region"" : null}"
,5781,"{""id"" : 5781, ""input_prefix"" : ""INPUT_PREFIX"", ""routing_prefix"" : ""phone-context=+44"", ""output_prefix"" : ""OUTPUT_PREFIX"", ""portability_type"" : ""PORTED_OUT"", ""req_uri_additional_parameters"" : ""phone-context=+44"", ""comment"" : null, ""bcr_product"" : ""RETAIL"", ""bcr_region"" : null}"
,5782,"{""id"" : 5782, ""input_prefix"" : ""INPUT_PREFIX"", ""routing_prefix"" : ""phone-context=+44"", ""output_prefix"" : ""OUTPUT_PREFIX"", ""portability_type"" : ""PORTED_OUT"", ""req_uri_additional_parameters"" : ""phone-context=+44"", ""comment"" : null, ""bcr_product"" : ""RETAIL"", ""bcr_region"" : null}"
,5783,"{""id"" : 5783, ""input_prefix"" : ""INPUT_PREFIX"", ""routing_prefix"" : ""phone-context=+44"", ""output_prefix"" : ""OUTPUT_PREFIX"", ""portability_type"" : ""PORTED_OUT"", ""req_uri_additional_parameters"" : ""phone-context=+44"", ""comment"" : ""null migrated to NBI 06500089 from 05118028 and phone-context=nprtspa.126.PORprefix F ALLBACK  FALLBACK  migrated to NBI 06500089 from 05118028 and phone-context=nprtspa.126.PORprefix"", ""bcr_product"" : ""RETAIL"", ""bcr_region"" : null}"
,5785,"{""id"" : 5785, ""input_prefix"" : ""INPUT_PREFIX"", ""routing_prefix"" : ""phone-context=+44"", ""output_prefix"" : ""OUTPUT_PREFIX"", ""portability_type"" : ""PORTED_OUT"", ""req_uri_additional_parameters"" : ""phone-context=+44"", ""comment"" : ""null migrated to NBI 06500089 from 05118028 and phone-context=nprtspa.126.PORprefix F ALLBACK  FALLBACK  migrated to NBI 06500089 from 05118028 and phone-context=nprtspa.126.PORprefix"", ""bcr_product"" : ""RETAIL"", ""bcr_region"" : null}"
,5787,"{""id"" : 5787, ""input_prefix"" : ""INPUT_PREFIX"", ""routing_prefix"" : ""phone-context=+44"", ""output_prefix"" : ""OUTPUT_PREFIX"", ""portability_type"" : ""PORTED_OUT"", ""req_uri_additional_parameters"" : ""phone-context=+44"", ""comment"" : null, ""bcr_product"" : ""RETAIL"", ""bcr_region"" : null}"
,5788,"{""id"" : 5788, ""input_prefix"" : ""INPUT_PREFIX"", ""routing_prefix"" : ""phone-context=+44"", ""output_prefix"" : ""OUTPUT_PREFIX"", ""portability_type"" : ""PORTED_OUT"", ""req_uri_additional_parameters"" : ""phone-context=+44"", ""comment"" : ""null migrated to NBI 06500089 from 05118028 and phone-context=nprtspa.126.PORprefix F ALLBACK  FALLBACK  migrated to NBI 06500089 from 05118028 and phone-context=nprtspa.126.PORprefix"", ""bcr_product"" : ""RETAIL"", ""bcr_region"" : null}"
,5789,"{""id"" : 5789, ""input_prefix"" : ""INPUT_PREFIX"", ""routing_prefix"" : ""phone-context=+44"", ""output_prefix"" : ""OUTPUT_PREFIX"", ""portability_type"" : ""PORTED_OUT"", ""req_uri_additional_parameters"" : ""phone-context=+44"", ""comment"" : null, ""bcr_product"" : ""RETAIL"", ""bcr_region"" : null}"
,5791,"{""id"" : 5791, ""input_prefix"" : ""INPUT_PREFIX"", ""routing_prefix"" : ""phone-context=+44"", ""output_prefix"" : ""OUTPUT_PREFIX"", ""portability_type"" : ""PORTED_OUT"", ""req_uri_additional_parameters"" : ""phone-context=+44"", ""comment"" : ""null migrated to NBI 06500089 from 05118028 and phone-context=nprtspa.126.PORprefix F ALLBACK  FALLBACK  migrated to NBI 06500089 from 05118028 and phone-context=nprtspa.126.PORprefix"", ""bcr_product"" : ""RETAIL"", ""bcr_region"" : null}"
,5479,"{""id"" : 5479, ""input_prefix"" : ""INPUT_PREFIX"", ""routing_prefix"" : ""phone-context=+44"", ""output_prefix"" : ""OUTPUT_PREFIX"", ""portability_type"" : ""PORTED_OUT"", ""req_uri_additional_parameters"" : ""phone-context=+44"", ""comment"" : null, ""bcr_product"" : ""RETAIL"", ""bcr_region"" : null}"
,5480,"{""id"" : 5480, ""input_prefix"" : ""INPUT_PREFIX"", ""routing_prefix"" : ""phone-context=+44"", ""output_prefix"" : ""OUTPUT_PREFIX"", ""portability_type"" : ""PORTED_OUT"", ""req_uri_additional_parameters"" : ""phone-context=+44"", ""comment"" : null, ""bcr_product"" : ""RETAIL"", ""bcr_region"" : null}"
,5481,"{""id"" : 5481, ""input_prefix"" : ""INPUT_PREFIX"", ""routing_prefix"" : ""phone-context=+44"", ""output_prefix"" : ""OUTPUT_PREFIX"", ""portability_type"" : ""PORTED_OUT"", ""req_uri_additional_parameters"" : ""phone-context=+44"", ""comment"" : null, ""bcr_product"" : ""RETAIL"", ""bcr_region"" : null}"
,5483,"{""id"" : 5483, ""input_prefix"" : ""INPUT_PREFIX"", ""routing_prefix"" : ""phone-context=+44"", ""output_prefix"" : ""OUTPUT_PREFIX"", ""portability_type"" : ""PORTED_OUT"", ""req_uri_additional_parameters"" : ""phone-context=+44"", ""comment"" : null, ""bcr_product"" : ""RETAIL"", ""bcr_region"" : null}"
,5484,"{""id"" : 5484, ""input_prefix"" : ""INPUT_PREFIX"", ""routing_prefix"" : ""phone-context=+44"", ""output_prefix"" : ""OUTPUT_PREFIX"", ""portability_type"" : ""PORTED_OUT"", ""req_uri_additional_parameters"" : ""phone-context=+44"", ""comment"" : ""null migrated to NBI 06500089 from 05118028 and phone-context=nprtspa.126.PORprefix F ALLBACK  FALLBACK  migrated to NBI 06500089 from 05118028 and phone-context=nprtspa.126.PORprefix"", ""bcr_product"" : ""RETAIL"", ""bcr_region"" : null}"
,5486,"{""id"" : 5486, ""input_prefix"" : ""INPUT_PREFIX"", ""routing_prefix"" : ""phone-context=+44"", ""output_prefix"" : ""OUTPUT_PREFIX"", ""portability_type"" : ""PORTED_OUT"", ""req_uri_additional_parameters"" : ""phone-context=+44"", ""comment"" : null, ""bcr_product"" : ""RETAIL"", ""bcr_region"" : null}"
,5487,"{""id"" : 5487, ""input_prefix"" : ""INPUT_PREFIX"", ""routing_prefix"" : ""phone-context=+44"", ""output_prefix"" : ""OUTPUT_PREFIX"", ""portability_type"" : ""PORTED_OUT"", ""req_uri_additional_parameters"" : ""phone-context=+44"", ""comment"" : null, ""bcr_product"" : ""RETAIL"", ""bcr_region"" : null}"
,5504,"{""id"" : 5504, ""input_prefix"" : ""INPUT_PREFIX"", ""routing_prefix"" : ""phone-context=+44"", ""output_prefix"" : ""OUTPUT_PREFIX"", ""portability_type"" : ""PORTED_OUT"", ""req_uri_additional_parameters"" : ""phone-context=+44"", ""comment"" : null, ""bcr_product"" : ""RETAIL"", ""bcr_region"" : null}"
,5505,"{""id"" : 5505, ""input_prefix"" : ""INPUT_PREFIX"", ""routing_prefix"" : ""phone-context=+44"", ""output_prefix"" : ""OUTPUT_PREFIX"", ""portability_type"" : ""PORTED_OUT"", ""req_uri_additional_parameters"" : ""phone-context=+44"", ""comment"" : null, ""bcr_product"" : ""RETAIL"", ""bcr_region"" : null}"
,5506,"{""id"" : 5506, ""input_prefix"" : ""INPUT_PREFIX"", ""routing_prefix"" : ""phone-context=+44"", ""output_prefix"" : ""OUTPUT_PREFIX"", ""portability_type"" : ""PORTED_OUT"", ""req_uri_additional_parameters"" : ""phone-context=+44"", ""comment"" : ""null migrated to NBI 06500089 from 05118028 and phone-context=nprtspa.126.PORprefix F ALLBACK  FALLBACK  migrated to NBI 06500089 from 05118028 and phone-context=nprtspa.126.PORprefix"", ""bcr_product"" : ""RETAIL"", ""bcr_region"" : null}"
,5508,"{""id"" : 5508, ""input_prefix"" : ""INPUT_PREFIX"", ""routing_prefix"" : ""phone-context=+44"", ""output_prefix"" : ""OUTPUT_PREFIX"", ""portability_type"" : ""PORTED_OUT"", ""req_uri_additional_parameters"" : ""phone-context=+44"", ""comment"" : null, ""bcr_product"" : ""RETAIL"", ""bcr_region"" : null}"
,5510,"{""id"" : 5510, ""input_prefix"" : ""INPUT_PREFIX"", ""routing_prefix"" : ""phone-context=+44"", ""output_prefix"" : ""OUTPUT_PREFIX"", ""portability_type"" : ""PORTED_OUT"", ""req_uri_additional_parameters"" : ""phone-context=+44"", ""comment"" : null, ""bcr_product"" : ""RETAIL"", ""bcr_region"" : null}"
,5511,"{""id"" : 5511, ""input_prefix"" : ""INPUT_PREFIX"", ""routing_prefix"" : ""phone-context=+44"", ""output_prefix"" : ""OUTPUT_PREFIX"", ""portability_type"" : ""PORTED_OUT"", ""req_uri_additional_parameters"" : ""phone-context=+44"", ""comment"" : null, ""bcr_product"" : ""RETAIL"", ""bcr_region"" : null}"
,5515,"{""id"" : 5515, ""input_prefix"" : ""INPUT_PREFIX"", ""routing_prefix"" : ""phone-context=+44"", ""output_prefix"" : ""OUTPUT_PREFIX"", ""portability_type"" : ""PORTED_OUT"", ""req_uri_additional_parameters"" : ""phone-context=+44"", ""comment"" : null, ""bcr_product"" : ""RETAIL"", ""bcr_region"" : null}"
,5516,"{""id"" : 5516, ""input_prefix"" : ""INPUT_PREFIX"", ""routing_prefix"" : ""phone-context=+44"", ""output_prefix"" : ""OUTPUT_PREFIX"", ""portability_type"" : ""PORTED_OUT"", ""req_uri_additional_parameters"" : ""phone-context=+44"", ""comment"" : null, ""bcr_product"" : ""RETAIL"", ""bcr_region"" : null}"
,5517,"{""id"" : 5517, ""input_prefix"" : ""INPUT_PREFIX"", ""routing_prefix"" : ""phone-context=+44"", ""output_prefix"" : ""OUTPUT_PREFIX"", ""portability_type"" : ""PORTED_OUT"", ""req_uri_additional_parameters"" : ""phone-context=+44"", ""comment"" : null, ""bcr_product"" : ""RETAIL"", ""bcr_region"" : null}"
,5518,"{""id"" : 5518, ""input_prefix"" : ""INPUT_PREFIX"", ""routing_prefix"" : ""phone-context=+44"", ""output_prefix"" : ""OUTPUT_PREFIX"", ""portability_type"" : ""PORTED_OUT"", ""req_uri_additional_parameters"" : ""phone-context=+44"", ""comment"" : null, ""bcr_product"" : ""RETAIL"", ""bcr_region"" : null}"
,5519,"{""id"" : 5519, ""input_prefix"" : ""INPUT_PREFIX"", ""routing_prefix"" : ""phone-context=+44"", ""output_prefix"" : ""OUTPUT_PREFIX"", ""portability_type"" : ""PORTED_OUT"", ""req_uri_additional_parameters"" : ""phone-context=+44"", ""comment"" : null, ""bcr_product"" : ""RETAIL"", ""bcr_region"" : null}"
,5520,"{""id"" : 5520, ""input_prefix"" : ""INPUT_PREFIX"", ""routing_prefix"" : ""phone-context=+44"", ""output_prefix"" : ""OUTPUT_PREFIX"", ""portability_type"" : ""PORTED_OUT"", ""req_uri_additional_parameters"" : ""phone-context=+44"", ""comment"" : null, ""bcr_product"" : ""RETAIL"", ""bcr_region"" : null}"
,5521,"{""id"" : 5521, ""input_prefix"" : ""INPUT_PREFIX"", ""routing_prefix"" : ""phone-context=+44"", ""output_prefix"" : ""OUTPUT_PREFIX"", ""portability_type"" : ""PORTED_OUT"", ""req_uri_additional_parameters"" : ""phone-context=+44"", ""comment"" : null, ""bcr_product"" : ""RETAIL"", ""bcr_region"" : null}"
,5522,"{""id"" : 5522, ""input_prefix"" : ""INPUT_PREFIX"", ""routing_prefix"" : ""phone-context=+44"", ""output_prefix"" : ""OUTPUT_PREFIX"", ""portability_type"" : ""PORTED_OUT"", ""req_uri_additional_parameters"" : ""phone-context=+44"", ""comment"" : null, ""bcr_product"" : ""RETAIL"", ""bcr_region"" : null}"
,5523,"{""id"" : 5523, ""input_prefix"" : ""INPUT_PREFIX"", ""routing_prefix"" : ""phone-context=+44"", ""output_prefix"" : ""OUTPUT_PREFIX"", ""portability_type"" : ""PORTED_OUT"", ""req_uri_additional_parameters"" : ""phone-context=+44"", ""comment"" : null, ""bcr_product"" : ""RETAIL"", ""bcr_region"" : null}"
,5524,"{""id"" : 5524, ""input_prefix"" : ""INPUT_PREFIX"", ""routing_prefix"" : ""phone-context=+44"", ""output_prefix"" : ""OUTPUT_PREFIX"", ""portability_type"" : ""PORTED_OUT"", ""req_uri_additional_parameters"" : ""phone-context=+44"", ""comment"" : null, ""bcr_product"" : ""RETAIL"", ""bcr_region"" : null}"
,5525,"{""id"" : 5525, ""input_prefix"" : ""INPUT_PREFIX"", ""routing_prefix"" : ""phone-context=+44"", ""output_prefix"" : ""OUTPUT_PREFIX"", ""portability_type"" : ""PORTED_OUT"", ""req_uri_additional_parameters"" : ""phone-context=+44"", ""comment"" : null, ""bcr_product"" : ""RETAIL"", ""bcr_region"" : null}"
,5526,"{""id"" : 5526, ""input_prefix"" : ""INPUT_PREFIX"", ""routing_prefix"" : ""phone-context=+44"", ""output_prefix"" : ""OUTPUT_PREFIX"", ""portability_type"" : ""PORTED_OUT"", ""req_uri_additional_parameters"" : ""phone-context=+44"", ""comment"" : null, ""bcr_product"" : ""RETAIL"", ""bcr_region"" : null}"
,5527,"{""id"" : 5527, ""input_prefix"" : ""INPUT_PREFIX"", ""routing_prefix"" : ""phone-context=+44"", ""output_prefix"" : ""OUTPUT_PREFIX"", ""portability_type"" : ""PORTED_OUT"", ""req_uri_additional_parameters"" : ""phone-context=+44"", ""comment"" : null, ""bcr_product"" : ""RETAIL"", ""bcr_region"" : null}"
,5528,"{""id"" : 5528, ""input_prefix"" : ""INPUT_PREFIX"", ""routing_prefix"" : ""phone-context=+44"", ""output_prefix"" : ""OUTPUT_PREFIX"", ""portability_type"" : ""PORTED_OUT"", ""req_uri_additional_parameters"" : ""phone-context=+44"", ""comment"" : null, ""bcr_product"" : ""RETAIL"", ""bcr_region"" : null}"
,5529,"{""id"" : 5529, ""input_prefix"" : ""INPUT_PREFIX"", ""routing_prefix"" : ""phone-context=+44"", ""output_prefix"" : ""OUTPUT_PREFIX"", ""portability_type"" : ""PORTED_OUT"", ""req_uri_additional_parameters"" : ""phone-context=+44"", ""comment"" : null, ""bcr_product"" : ""RETAIL"", ""bcr_region"" : null}"
,5530,"{""id"" : 5530, ""input_prefix"" : ""INPUT_PREFIX"", ""routing_prefix"" : ""phone-context=+44"", ""output_prefix"" : ""OUTPUT_PREFIX"", ""portability_type"" : ""PORTED_OUT"", ""req_uri_additional_parameters"" : ""phone-context=+44"", ""comment"" : null, ""bcr_product"" : ""RETAIL"", ""bcr_region"" : null}"
,5536,"{""id"" : 5536, ""input_prefix"" : ""INPUT_PREFIX"", ""routing_prefix"" : ""phone-context=+44"", ""output_prefix"" : ""OUTPUT_PREFIX"", ""portability_type"" : ""PORTED_OUT"", ""req_uri_additional_parameters"" : ""phone-context=+44"", ""comment"" : ""null migrated to NBI 06500089 from 05118028 and phone-context=nprtspa.126.PORprefix F ALLBACK  FALLBACK  migrated to NBI 06500089 from 05118028 and phone-context=nprtspa.126.PORprefix"", ""bcr_product"" : ""RETAIL"", ""bcr_region"" : null}"
,5537,"{""id"" : 5537, ""input_prefix"" : ""INPUT_PREFIX"", ""routing_prefix"" : ""phone-context=+44"", ""output_prefix"" : ""OUTPUT_PREFIX"", ""portability_type"" : ""PORTED_OUT"", ""req_uri_additional_parameters"" : ""phone-context=+44"", ""comment"" : ""null migrated to NBI 06500089 from 05118028 and phone-context=nprtspa.126.PORprefix F ALLBACK  FALLBACK  migrated to NBI 06500089 from 05118028 and phone-context=nprtspa.126.PORprefix"", ""bcr_product"" : ""RETAIL"", ""bcr_region"" : null}"
,5538,"{""id"" : 5538, ""input_prefix"" : ""INPUT_PREFIX"", ""routing_prefix"" : ""phone-context=+44"", ""output_prefix"" : ""OUTPUT_PREFIX"", ""portability_type"" : ""PORTED_OUT"", ""req_uri_additional_parameters"" : ""phone-context=+44"", ""comment"" : null, ""bcr_product"" : ""RETAIL"", ""bcr_region"" : null}"
,5539,"{""id"" : 5539, ""input_prefix"" : ""INPUT_PREFIX"", ""routing_prefix"" : ""phone-context=+44"", ""output_prefix"" : ""OUTPUT_PREFIX"", ""portability_type"" : ""PORTED_OUT"", ""req_uri_additional_parameters"" : ""phone-context=+44"", ""comment"" : null, ""bcr_product"" : ""RETAIL"", ""bcr_region"" : null}"
,5540,"{""id"" : 5540, ""input_prefix"" : ""INPUT_PREFIX"", ""routing_prefix"" : ""phone-context=+44"", ""output_prefix"" : ""OUTPUT_PREFIX"", ""portability_type"" : ""PORTED_OUT"", ""req_uri_additional_parameters"" : ""phone-context=+44"", ""comment"" : null, ""bcr_product"" : ""RETAIL"", ""bcr_region"" : null}"
,5543,"{""id"" : 5543, ""input_prefix"" : ""INPUT_PREFIX"", ""routing_prefix"" : ""phone-context=+44"", ""output_prefix"" : ""OUTPUT_PREFIX"", ""portability_type"" : ""PORTED_OUT"", ""req_uri_additional_parameters"" : ""phone-context=+44"", ""comment"" : null, ""bcr_product"" : ""RETAIL"", ""bcr_region"" : null}"
,5544,"{""id"" : 5544, ""input_prefix"" : ""INPUT_PREFIX"", ""routing_prefix"" : ""phone-context=+44"", ""output_prefix"" : ""OUTPUT_PREFIX"", ""portability_type"" : ""PORTED_OUT"", ""req_uri_additional_parameters"" : ""phone-context=+44"", ""comment"" : null, ""bcr_product"" : ""RETAIL"", ""bcr_region"" : null}"
,5545,"{""id"" : 5545, ""input_prefix"" : ""INPUT_PREFIX"", ""routing_prefix"" : ""phone-context=+44"", ""output_prefix"" : ""OUTPUT_PREFIX"", ""portability_type"" : ""PORTED_OUT"", ""req_uri_additional_parameters"" : ""phone-context=+44"", ""comment"" : null, ""bcr_product"" : ""RETAIL"", ""bcr_region"" : null}"
,5546,"{""id"" : 5546, ""input_prefix"" : ""INPUT_PREFIX"", ""routing_prefix"" : ""phone-context=+44"", ""output_prefix"" : ""OUTPUT_PREFIX"", ""portability_type"" : ""PORTED_OUT"", ""req_uri_additional_parameters"" : ""phone-context=+44"", ""comment"" : null, ""bcr_product"" : ""RETAIL"", ""bcr_region"" : null}"
,5547,"{""id"" : 5547, ""input_prefix"" : ""INPUT_PREFIX"", ""routing_prefix"" : ""phone-context=+44"", ""output_prefix"" : ""OUTPUT_PREFIX"", ""portability_type"" : ""PORTED_OUT"", ""req_uri_additional_parameters"" : ""phone-context=+44"", ""comment"" : null, ""bcr_product"" : ""RETAIL"", ""bcr_region"" : null}"
,5548,"{""id"" : 5548, ""input_prefix"" : ""INPUT_PREFIX"", ""routing_prefix"" : ""phone-context=+44"", ""output_prefix"" : ""OUTPUT_PREFIX"", ""portability_type"" : ""PORTED_OUT"", ""req_uri_additional_parameters"" : ""phone-context=+44"", ""comment"" : null, ""bcr_product"" : ""RETAIL"", ""bcr_region"" : null}"
,5550,"{""id"" : 5550, ""input_prefix"" : ""INPUT_PREFIX"", ""routing_prefix"" : ""phone-context=+44"", ""output_prefix"" : ""OUTPUT_PREFIX"", ""portability_type"" : ""PORTED_OUT"", ""req_uri_additional_parameters"" : ""phone-context=+44"", ""comment"" : ""null migrated to NBI 06500089 from 05118028 and phone-context=nprtspa.126.PORprefix F ALLBACK  FALLBACK  migrated to NBI 06500089 from 05118028 and phone-context=nprtspa.126.PORprefix"", ""bcr_product"" : ""RETAIL"", ""bcr_region"" : null}"
,5551,"{""id"" : 5551, ""input_prefix"" : ""INPUT_PREFIX"", ""routing_prefix"" : ""phone-context=+44"", ""output_prefix"" : ""OUTPUT_PREFIX"", ""portability_type"" : ""PORTED_OUT"", ""req_uri_additional_parameters"" : ""phone-context=+44"", ""comment"" : null, ""bcr_product"" : ""RETAIL"", ""bcr_region"" : null}"
,5552,"{""id"" : 5552, ""input_prefix"" : ""INPUT_PREFIX"", ""routing_prefix"" : ""phone-context=+44"", ""output_prefix"" : ""OUTPUT_PREFIX"", ""portability_type"" : ""PORTED_OUT"", ""req_uri_additional_parameters"" : ""phone-context=+44"", ""comment"" : null, ""bcr_product"" : ""RETAIL"", ""bcr_region"" : null}"
,5553,"{""id"" : 5553, ""input_prefix"" : ""INPUT_PREFIX"", ""routing_prefix"" : ""phone-context=+44"", ""output_prefix"" : ""OUTPUT_PREFIX"", ""portability_type"" : ""PORTED_OUT"", ""req_uri_additional_parameters"" : ""phone-context=+44"", ""comment"" : null, ""bcr_product"" : ""RETAIL"", ""bcr_region"" : null}"
,5554,"{""id"" : 5554, ""input_prefix"" : ""INPUT_PREFIX"", ""routing_prefix"" : ""phone-context=+44"", ""output_prefix"" : ""OUTPUT_PREFIX"", ""portability_type"" : ""PORTED_OUT"", ""req_uri_additional_parameters"" : ""phone-context=+44"", ""comment"" : null, ""bcr_product"" : ""RETAIL"", ""bcr_region"" : null}"
,5556,"{""id"" : 5556, ""input_prefix"" : ""INPUT_PREFIX"", ""routing_prefix"" : ""phone-context=+44"", ""output_prefix"" : ""OUTPUT_PREFIX"", ""portability_type"" : ""PORTED_OUT"", ""req_uri_additional_parameters"" : ""phone-context=+44"", ""comment"" : null, ""bcr_product"" : ""RETAIL"", ""bcr_region"" : null}"
,5557,"{""id"" : 5557, ""input_prefix"" : ""INPUT_PREFIX"", ""routing_prefix"" : ""phone-context=+44"", ""output_prefix"" : ""OUTPUT_PREFIX"", ""portability_type"" : ""PORTED_OUT"", ""req_uri_additional_parameters"" : ""phone-context=+44"", ""comment"" : null, ""bcr_product"" : ""RETAIL"", ""bcr_region"" : null}"
,5560,"{""id"" : 5560, ""input_prefix"" : ""INPUT_PREFIX"", ""routing_prefix"" : ""phone-context=+44"", ""output_prefix"" : ""OUTPUT_PREFIX"", ""portability_type"" : ""PORTED_OUT"", ""req_uri_additional_parameters"" : ""phone-context=+44"", ""comment"" : null, ""bcr_product"" : ""RETAIL"", ""bcr_region"" : null}"
,5561,"{""id"" : 5561, ""input_prefix"" : ""INPUT_PREFIX"", ""routing_prefix"" : ""phone-context=+44"", ""output_prefix"" : ""OUTPUT_PREFIX"", ""portability_type"" : ""PORTED_OUT"", ""req_uri_additional_parameters"" : ""phone-context=+44"", ""comment"" : null, ""bcr_product"" : ""RETAIL"", ""bcr_region"" : null}"
,5564,"{""id"" : 5564, ""input_prefix"" : ""INPUT_PREFIX"", ""routing_prefix"" : ""phone-context=+44"", ""output_prefix"" : ""OUTPUT_PREFIX"", ""portability_type"" : ""PORTED_OUT"", ""req_uri_additional_parameters"" : ""phone-context=+44"", ""comment"" : null, ""bcr_product"" : ""RETAIL"", ""bcr_region"" : null}"
,5565,"{""id"" : 5565, ""input_prefix"" : ""INPUT_PREFIX"", ""routing_prefix"" : ""phone-context=+44"", ""output_prefix"" : ""OUTPUT_PREFIX"", ""portability_type"" : ""PORTED_OUT"", ""req_uri_additional_parameters"" : ""phone-context=+44"", ""comment"" : null, ""bcr_product"" : ""RETAIL"", ""bcr_region"" : null}"
,5566,"{""id"" : 5566, ""input_prefix"" : ""INPUT_PREFIX"", ""routing_prefix"" : ""phone-context=+44"", ""output_prefix"" : ""OUTPUT_PREFIX"", ""portability_type"" : ""PORTED_OUT"", ""req_uri_additional_parameters"" : ""phone-context=+44"", ""comment"" : null, ""bcr_product"" : ""RETAIL"", ""bcr_region"" : null}"
,5567,"{""id"" : 5567, ""input_prefix"" : ""INPUT_PREFIX"", ""routing_prefix"" : ""phone-context=+44"", ""output_prefix"" : ""OUTPUT_PREFIX"", ""portability_type"" : ""PORTED_OUT"", ""req_uri_additional_parameters"" : ""phone-context=+44"", ""comment"" : null, ""bcr_product"" : ""RETAIL"", ""bcr_region"" : null}"
,5568,"{""id"" : 5568, ""input_prefix"" : ""INPUT_PREFIX"", ""routing_prefix"" : ""phone-context=+44"", ""output_prefix"" : ""OUTPUT_PREFIX"", ""portability_type"" : ""PORTED_OUT"", ""req_uri_additional_parameters"" : ""phone-context=+44"", ""comment"" : null, ""bcr_product"" : ""RETAIL"", ""bcr_region"" : null}"
,5569,"{""id"" : 5569, ""input_prefix"" : ""INPUT_PREFIX"", ""routing_prefix"" : ""phone-context=+44"", ""output_prefix"" : ""OUTPUT_PREFIX"", ""portability_type"" : ""PORTED_OUT"", ""req_uri_additional_parameters"" : ""phone-context=+44"", ""comment"" : null, ""bcr_product"" : ""RETAIL"", ""bcr_region"" : null}"
,5571,"{""id"" : 5571, ""input_prefix"" : ""INPUT_PREFIX"", ""routing_prefix"" : ""phone-context=+44"", ""output_prefix"" : ""OUTPUT_PREFIX"", ""portability_type"" : ""PORTED_OUT"", ""req_uri_additional_parameters"" : ""phone-context=+44"", ""comment"" : null, ""bcr_product"" : ""RETAIL"", ""bcr_region"" : null}"
,5572,"{""id"" : 5572, ""input_prefix"" : ""INPUT_PREFIX"", ""routing_prefix"" : ""phone-context=+44"", ""output_prefix"" : ""OUTPUT_PREFIX"", ""portability_type"" : ""PORTED_OUT"", ""req_uri_additional_parameters"" : ""phone-context=+44"", ""comment"" : null, ""bcr_product"" : ""RETAIL"", ""bcr_region"" : null}"
,5573,"{""id"" : 5573, ""input_prefix"" : ""INPUT_PREFIX"", ""routing_prefix"" : ""phone-context=+44"", ""output_prefix"" : ""OUTPUT_PREFIX"", ""portability_type"" : ""PORTED_OUT"", ""req_uri_additional_parameters"" : ""phone-context=+44"", ""comment"" : null, ""bcr_product"" : ""RETAIL"", ""bcr_region"" : null}"
,5574,"{""id"" : 5574, ""input_prefix"" : ""INPUT_PREFIX"", ""routing_prefix"" : ""phone-context=+44"", ""output_prefix"" : ""OUTPUT_PREFIX"", ""portability_type"" : ""PORTED_OUT"", ""req_uri_additional_parameters"" : ""phone-context=+44"", ""comment"" : null, ""bcr_product"" : ""RETAIL"", ""bcr_region"" : null}"
,5575,"{""id"" : 5575, ""input_prefix"" : ""INPUT_PREFIX"", ""routing_prefix"" : ""phone-context=+44"", ""output_prefix"" : ""OUTPUT_PREFIX"", ""portability_type"" : ""PORTED_OUT"", ""req_uri_additional_parameters"" : ""phone-context=+44"", ""comment"" : null, ""bcr_product"" : ""RETAIL"", ""bcr_region"" : null}"
,5576,"{""id"" : 5576, ""input_prefix"" : ""INPUT_PREFIX"", ""routing_prefix"" : ""phone-context=+44"", ""output_prefix"" : ""OUTPUT_PREFIX"", ""portability_type"" : ""PORTED_OUT"", ""req_uri_additional_parameters"" : ""phone-context=+44"", ""comment"" : null, ""bcr_product"" : ""RETAIL"", ""bcr_region"" : null}"
,5577,"{""id"" : 5577, ""input_prefix"" : ""INPUT_PREFIX"", ""routing_prefix"" : ""phone-context=+44"", ""output_prefix"" : ""OUTPUT_PREFIX"", ""portability_type"" : ""PORTED_OUT"", ""req_uri_additional_parameters"" : ""phone-context=+44"", ""comment"" : null, ""bcr_product"" : ""RETAIL"", ""bcr_region"" : null}"
,5578,"{""id"" : 5578, ""input_prefix"" : ""INPUT_PREFIX"", ""routing_prefix"" : ""phone-context=+44"", ""output_prefix"" : ""OUTPUT_PREFIX"", ""portability_type"" : ""PORTED_OUT"", ""req_uri_additional_parameters"" : ""phone-context=+44"", ""comment"" : ""null migrated to NBI 06500089 from 05118028 and phone-context=nprtspa.126.PORprefix F ALLBACK  FALLBACK  migrated to NBI 06500089 from 05118028 and phone-context=nprtspa.126.PORprefix"", ""bcr_product"" : ""RETAIL"", ""bcr_region"" : null}"
,5579,"{""id"" : 5579, ""input_prefix"" : ""INPUT_PREFIX"", ""routing_prefix"" : ""phone-context=+44"", ""output_prefix"" : ""OUTPUT_PREFIX"", ""portability_type"" : ""PORTED_OUT"", ""req_uri_additional_parameters"" : ""phone-context=+44"", ""comment"" : ""null migrated to NBI 06500089 from 05118028 and phone-context=nprtspa.126.PORprefix F ALLBACK  FALLBACK  migrated to NBI 06500089 from 05118028 and phone-context=nprtspa.126.PORprefix"", ""bcr_product"" : ""RETAIL"", ""bcr_region"" : null}"
,5580,"{""id"" : 5580, ""input_prefix"" : ""INPUT_PREFIX"", ""routing_prefix"" : ""phone-context=+44"", ""output_prefix"" : ""OUTPUT_PREFIX"", ""portability_type"" : ""PORTED_OUT"", ""req_uri_additional_parameters"" : ""phone-context=+44"", ""comment"" : null, ""bcr_product"" : ""RETAIL"", ""bcr_region"" : null}"
,5582,"{""id"" : 5582, ""input_prefix"" : ""INPUT_PREFIX"", ""routing_prefix"" : ""phone-context=+44"", ""output_prefix"" : ""OUTPUT_PREFIX"", ""portability_type"" : ""PORTED_OUT"", ""req_uri_additional_parameters"" : ""phone-context=+44"", ""comment"" : null, ""bcr_product"" : ""RETAIL"", ""bcr_region"" : null}"
,5583,"{""id"" : 5583, ""input_prefix"" : ""INPUT_PREFIX"", ""routing_prefix"" : ""phone-context=+44"", ""output_prefix"" : ""OUTPUT_PREFIX"", ""portability_type"" : ""PORTED_OUT"", ""req_uri_additional_parameters"" : ""phone-context=+44"", ""comment"" : null, ""bcr_product"" : ""RETAIL"", ""bcr_region"" : null}"
,5584,"{""id"" : 5584, ""input_prefix"" : ""INPUT_PREFIX"", ""routing_prefix"" : ""phone-context=+44"", ""output_prefix"" : ""OUTPUT_PREFIX"", ""portability_type"" : ""PORTED_OUT"", ""req_uri_additional_parameters"" : ""phone-context=+44"", ""comment"" : ""null migrated to NBI 06500089 from 05118028 and phone-context=nprtspa.126.PORprefix F ALLBACK  FALLBACK  migrated to NBI 06500089 from 05118028 and phone-context=nprtspa.126.PORprefix"", ""bcr_product"" : ""RETAIL"", ""bcr_region"" : null}"
,5586,"{""id"" : 5586, ""input_prefix"" : ""INPUT_PREFIX"", ""routing_prefix"" : ""phone-context=+44"", ""output_prefix"" : ""OUTPUT_PREFIX"", ""portability_type"" : ""PORTED_OUT"", ""req_uri_additional_parameters"" : ""phone-context=+44"", ""comment"" : null, ""bcr_product"" : ""RETAIL"", ""bcr_region"" : null}"
,5588,"{""id"" : 5588, ""input_prefix"" : ""INPUT_PREFIX"", ""routing_prefix"" : ""phone-context=+44"", ""output_prefix"" : ""OUTPUT_PREFIX"", ""portability_type"" : ""PORTED_OUT"", ""req_uri_additional_parameters"" : ""phone-context=+44"", ""comment"" : null, ""bcr_product"" : ""RETAIL"", ""bcr_region"" : null}"
,5589,"{""id"" : 5589, ""input_prefix"" : ""INPUT_PREFIX"", ""routing_prefix"" : ""phone-context=+44"", ""output_prefix"" : ""OUTPUT_PREFIX"", ""portability_type"" : ""PORTED_OUT"", ""req_uri_additional_parameters"" : ""phone-context=+44"", ""comment"" : null, ""bcr_product"" : ""RETAIL"", ""bcr_region"" : null}"
,5590,"{""id"" : 5590, ""input_prefix"" : ""INPUT_PREFIX"", ""routing_prefix"" : ""phone-context=+44"", ""output_prefix"" : ""OUTPUT_PREFIX"", ""portability_type"" : ""PORTED_OUT"", ""req_uri_additional_parameters"" : ""phone-context=+44"", ""comment"" : null, ""bcr_product"" : ""RETAIL"", ""bcr_region"" : null}"
,5592,"{""id"" : 5592, ""input_prefix"" : ""INPUT_PREFIX"", ""routing_prefix"" : ""phone-context=+44"", ""output_prefix"" : ""OUTPUT_PREFIX"", ""portability_type"" : ""PORTED_OUT"", ""req_uri_additional_parameters"" : ""phone-context=+44"", ""comment"" : null, ""bcr_product"" : ""RETAIL"", ""bcr_region"" : null}"
,5593,"{""id"" : 5593, ""input_prefix"" : ""INPUT_PREFIX"", ""routing_prefix"" : ""phone-context=+44"", ""output_prefix"" : ""OUTPUT_PREFIX"", ""portability_type"" : ""PORTED_OUT"", ""req_uri_additional_parameters"" : ""phone-context=+44"", ""comment"" : null, ""bcr_product"" : ""RETAIL"", ""bcr_region"" : null}"
,5594,"{""id"" : 5594, ""input_prefix"" : ""INPUT_PREFIX"", ""routing_prefix"" : ""phone-context=+44"", ""output_prefix"" : ""OUTPUT_PREFIX"", ""portability_type"" : ""PORTED_OUT"", ""req_uri_additional_parameters"" : ""phone-context=+44"", ""comment"" : null, ""bcr_product"" : ""RETAIL"", ""bcr_region"" : null}"
,5884,"{""id"" : 5884, ""input_prefix"" : ""INPUT_PREFIX"", ""routing_prefix"" : ""phone-context=+44"", ""output_prefix"" : ""OUTPUT_PREFIX"", ""portability_type"" : ""PORTED_OUT"", ""req_uri_additional_parameters"" : ""phone-context=+44"", ""comment"" : ""null migrated to NBI 06500089 from 05118028 and phone-context=nprtspa.126.PORprefix F ALLBACK  FALLBACK  migrated to NBI 06500089 from 05118028 and phone-context=nprtspa.126.PORprefix"", ""bcr_product"" : ""RETAIL"", ""bcr_region"" : null}"
,5886,"{""id"" : 5886, ""input_prefix"" : ""INPUT_PREFIX"", ""routing_prefix"" : ""phone-context=+44"", ""output_prefix"" : ""OUTPUT_PREFIX"", ""portability_type"" : ""PORTED_OUT"", ""req_uri_additional_parameters"" : ""phone-context=+44"", ""comment"" : ""null migrated to NBI 06500089 from 05118028 and phone-context=nprtspa.126.PORprefix F ALLBACK  FALLBACK  migrated to NBI 06500089 from 05118028 and phone-context=nprtspa.126.PORprefix"", ""bcr_product"" : ""RETAIL"", ""bcr_region"" : null}"
,5888,"{""id"" : 5888, ""input_prefix"" : ""INPUT_PREFIX"", ""routing_prefix"" : ""phone-context=+44"", ""output_prefix"" : ""OUTPUT_PREFIX"", ""portability_type"" : ""PORTED_OUT"", ""req_uri_additional_parameters"" : ""phone-context=+44"", ""comment"" : ""null migrated to NBI 06500089 from 05118028 and phone-context=nprtspa.126.PORprefix F ALLBACK  FALLBACK  migrated to NBI 06500089 from 05118028 and phone-context=nprtspa.126.PORprefix"", ""bcr_product"" : ""RETAIL"", ""bcr_region"" : null}"
,5890,"{""id"" : 5890, ""input_prefix"" : ""INPUT_PREFIX"", ""routing_prefix"" : ""phone-context=+44"", ""output_prefix"" : ""OUTPUT_PREFIX"", ""portability_type"" : ""PORTED_OUT"", ""req_uri_additional_parameters"" : ""phone-context=+44"", ""comment"" : ""null migrated to NBI 06500089 from 05118028 and phone-context=nprtspa.126.PORprefix F ALLBACK  FALLBACK  migrated to NBI 06500089 from 05118028 and phone-context=nprtspa.126.PORprefix"", ""bcr_product"" : ""RETAIL"", ""bcr_region"" : null}"
,5896,"{""id"" : 5896, ""input_prefix"" : ""INPUT_PREFIX"", ""routing_prefix"" : ""phone-context=+44"", ""output_prefix"" : ""OUTPUT_PREFIX"", ""portability_type"" : ""PORTED_OUT"", ""req_uri_additional_parameters"" : ""phone-context=+44"", ""comment"" : ""null migrated to NBI 06500089 from 05118028 and phone-context=nprtspa.126.PORprefix F ALLBACK  FALLBACK  migrated to NBI 06500089 from 05118028 and phone-context=nprtspa.126.PORprefix"", ""bcr_product"" : ""RETAIL"", ""bcr_region"" : null}"
,5898,"{""id"" : 5898, ""input_prefix"" : ""INPUT_PREFIX"", ""routing_prefix"" : ""phone-context=+44"", ""output_prefix"" : ""OUTPUT_PREFIX"", ""portability_type"" : ""PORTED_OUT"", ""req_uri_additional_parameters"" : ""phone-context=+44"", ""comment"" : ""null migrated to NBI 06500089 from 05118028 and phone-context=nprtspa.126.PORprefix F ALLBACK  FALLBACK  migrated to NBI 06500089 from 05118028 and phone-context=nprtspa.126.PORprefix"", ""bcr_product"" : ""RETAIL"", ""bcr_region"" : null}"
,5900,"{""id"" : 5900, ""input_prefix"" : ""INPUT_PREFIX"", ""routing_prefix"" : ""phone-context=+44"", ""output_prefix"" : ""OUTPUT_PREFIX"", ""portability_type"" : ""PORTED_OUT"", ""req_uri_additional_parameters"" : ""phone-context=+44"", ""comment"" : ""null migrated to NBI 06500089 from 05118028 and phone-context=nprtspa.126.PORprefix F ALLBACK  FALLBACK  migrated to NBI 06500089 from 05118028 and phone-context=nprtspa.126.PORprefix"", ""bcr_product"" : ""RETAIL"", ""bcr_region"" : null}"
,5904,"{""id"" : 5904, ""input_prefix"" : ""INPUT_PREFIX"", ""routing_prefix"" : ""phone-context=+44"", ""output_prefix"" : ""OUTPUT_PREFIX"", ""portability_type"" : ""PORTED_OUT"", ""req_uri_additional_parameters"" : ""phone-context=+44"", ""comment"" : ""null migrated to NBI 06500089 from 05118028 and phone-context=nprtspa.126.PORprefix F ALLBACK  FALLBACK  migrated to NBI 06500089 from 05118028 and phone-context=nprtspa.126.PORprefix"", ""bcr_product"" : ""RETAIL"", ""bcr_region"" : null}"
,5906,"{""id"" : 5906, ""input_prefix"" : ""INPUT_PREFIX"", ""routing_prefix"" : ""phone-context=+44"", ""output_prefix"" : ""OUTPUT_PREFIX"", ""portability_type"" : ""PORTED_OUT"", ""req_uri_additional_parameters"" : ""phone-context=+44"", ""comment"" : null, ""bcr_product"" : ""RETAIL"", ""bcr_region"" : null}"
,5376,"{""id"" : 5376, ""input_prefix"" : ""INPUT_PREFIX"", ""routing_prefix"" : ""phone-context=+44"", ""output_prefix"" : ""OUTPUT_PREFIX"", ""portability_type"" : ""PORTED_OUT"", ""req_uri_additional_parameters"" : ""phone-context=+44"", ""comment"" : null, ""bcr_product"" : ""RETAIL"", ""bcr_region"" : null}"
,5907,"{""id"" : 5907, ""input_prefix"" : ""INPUT_PREFIX"", ""routing_prefix"" : ""phone-context=+44"", ""output_prefix"" : ""OUTPUT_PREFIX"", ""portability_type"" : ""PORTED_OUT"", ""req_uri_additional_parameters"" : ""phone-context=+44"", ""comment"" : ""null migrated to NBI 06500089 from 05118028 and phone-context=nprtspa.126.PORprefix F ALLBACK  FALLBACK  migrated to NBI 06500089 from 05118028 and phone-context=nprtspa.126.PORprefix"", ""bcr_product"" : ""RETAIL"", ""bcr_region"" : null}"
,5910,"{""id"" : 5910, ""input_prefix"" : ""INPUT_PREFIX"", ""routing_prefix"" : ""phone-context=+44"", ""output_prefix"" : ""OUTPUT_PREFIX"", ""portability_type"" : ""PORTED_OUT"", ""req_uri_additional_parameters"" : ""phone-context=+44"", ""comment"" : ""null migrated to NBI 06500089 from 05118028 and phone-context=nprtspa.126.PORprefix F ALLBACK  FALLBACK  migrated to NBI 06500089 from 05118028 and phone-context=nprtspa.126.PORprefix"", ""bcr_product"" : ""RETAIL"", ""bcr_region"" : null}"
,5914,"{""id"" : 5914, ""input_prefix"" : ""INPUT_PREFIX"", ""routing_prefix"" : ""phone-context=+44"", ""output_prefix"" : ""OUTPUT_PREFIX"", ""portability_type"" : ""PORTED_OUT"", ""req_uri_additional_parameters"" : ""phone-context=+44"", ""comment"" : ""null migrated to NBI 06500089 from 05118028 and phone-context=nprtspa.126.PORprefix F ALLBACK  FALLBACK  migrated to NBI 06500089 from 05118028 and phone-context=nprtspa.126.PORprefix"", ""bcr_product"" : ""RETAIL"", ""bcr_region"" : null}"
,5916,"{""id"" : 5916, ""input_prefix"" : ""INPUT_PREFIX"", ""routing_prefix"" : ""phone-context=+44"", ""output_prefix"" : ""OUTPUT_PREFIX"", ""portability_type"" : ""PORTED_OUT"", ""req_uri_additional_parameters"" : ""phone-context=+44"", ""comment"" : ""null migrated to NBI 06500089 from 05118028 and phone-context=nprtspa.126.PORprefix F ALLBACK  FALLBACK  migrated to NBI 06500089 from 05118028 and phone-context=nprtspa.126.PORprefix"", ""bcr_product"" : ""RETAIL"", ""bcr_region"" : null}"
,5917,"{""id"" : 5917, ""input_prefix"" : ""INPUT_PREFIX"", ""routing_prefix"" : ""phone-context=+44"", ""output_prefix"" : ""OUTPUT_PREFIX"", ""portability_type"" : ""PORTED_OUT"", ""req_uri_additional_parameters"" : ""phone-context=+44"", ""comment"" : ""null migrated to NBI 06500089 from 05118028 and phone-context=nprtspa.126.PORprefix F ALLBACK  FALLBACK  migrated to NBI 06500089 from 05118028 and phone-context=nprtspa.126.PORprefix"", ""bcr_product"" : ""RETAIL"", ""bcr_region"" : null}"
,5921,"{""id"" : 5921, ""input_prefix"" : ""INPUT_PREFIX"", ""routing_prefix"" : ""phone-context=+44"", ""output_prefix"" : ""OUTPUT_PREFIX"", ""portability_type"" : ""PORTED_OUT"", ""req_uri_additional_parameters"" : ""phone-context=+44"", ""comment"" : ""null migrated to NBI 06500089 from 05118028 and phone-context=nprtspa.126.PORprefix F ALLBACK  FALLBACK  migrated to NBI 06500089 from 05118028 and phone-context=nprtspa.126.PORprefix"", ""bcr_product"" : ""RETAIL"", ""bcr_region"" : null}"
,5923,"{""id"" : 5923, ""input_prefix"" : ""INPUT_PREFIX"", ""routing_prefix"" : ""phone-context=+44"", ""output_prefix"" : ""OUTPUT_PREFIX"", ""portability_type"" : ""PORTED_OUT"", ""req_uri_additional_parameters"" : ""phone-context=+44"", ""comment"" : ""null migrated to NBI 06500089 from 05118028 and phone-context=nprtspa.126.PORprefix F ALLBACK  FALLBACK  migrated to NBI 06500089 from 05118028 and phone-context=nprtspa.126.PORprefix"", ""bcr_product"" : ""RETAIL"", ""bcr_region"" : null}"
,5925,"{""id"" : 5925, ""input_prefix"" : ""INPUT_PREFIX"", ""routing_prefix"" : ""phone-context=+44"", ""output_prefix"" : ""OUTPUT_PREFIX"", ""portability_type"" : ""PORTED_OUT"", ""req_uri_additional_parameters"" : ""phone-context=+44"", ""comment"" : ""null migrated to NBI 06500089 from 05118028 and phone-context=nprtspa.126.PORprefix F ALLBACK  FALLBACK  migrated to NBI 06500089 from 05118028 and phone-context=nprtspa.126.PORprefix"", ""bcr_product"" : ""RETAIL"", ""bcr_region"" : null}"
,5926,"{""id"" : 5926, ""input_prefix"" : ""INPUT_PREFIX"", ""routing_prefix"" : ""phone-context=+44"", ""output_prefix"" : ""OUTPUT_PREFIX"", ""portability_type"" : ""PORTED_OUT"", ""req_uri_additional_parameters"" : ""phone-context=+44"", ""comment"" : null, ""bcr_product"" : ""RETAIL"", ""bcr_region"" : null}"
,5930,"{""id"" : 5930, ""input_prefix"" : ""INPUT_PREFIX"", ""routing_prefix"" : ""phone-context=+44"", ""output_prefix"" : ""OUTPUT_PREFIX"", ""portability_type"" : ""PORTED_OUT"", ""req_uri_additional_parameters"" : ""phone-context=+44"", ""comment"" : ""null migrated to NBI 06500089 from 05118028 and phone-context=nprtspa.126.PORprefix F ALLBACK  FALLBACK  migrated to NBI 06500089 from 05118028 and phone-context=nprtspa.126.PORprefix"", ""bcr_product"" : ""RETAIL"", ""bcr_region"" : null}"
,5932,"{""id"" : 5932, ""input_prefix"" : ""INPUT_PREFIX"", ""routing_prefix"" : ""phone-context=+44"", ""output_prefix"" : ""OUTPUT_PREFIX"", ""portability_type"" : ""PORTED_OUT"", ""req_uri_additional_parameters"" : ""phone-context=+44"", ""comment"" : ""null migrated to NBI 06500089 from 05118028 and phone-context=nprtspa.126.PORprefix F ALLBACK  FALLBACK  migrated to NBI 06500089 from 05118028 and phone-context=nprtspa.126.PORprefix"", ""bcr_product"" : ""RETAIL"", ""bcr_region"" : null}"
,5934,"{""id"" : 5934, ""input_prefix"" : ""INPUT_PREFIX"", ""routing_prefix"" : ""phone-context=+44"", ""output_prefix"" : ""OUTPUT_PREFIX"", ""portability_type"" : ""PORTED_OUT"", ""req_uri_additional_parameters"" : ""phone-context=+44"", ""comment"" : ""null migrated to NBI 06500089 from 05118028 and phone-context=nprtspa.126.PORprefix F ALLBACK  FALLBACK  migrated to NBI 06500089 from 05118028 and phone-context=nprtspa.126.PORprefix"", ""bcr_product"" : ""RETAIL"", ""bcr_region"" : null}"
,5936,"{""id"" : 5936, ""input_prefix"" : ""INPUT_PREFIX"", ""routing_prefix"" : ""phone-context=+44"", ""output_prefix"" : ""OUTPUT_PREFIX"", ""portability_type"" : ""PORTED_OUT"", ""req_uri_additional_parameters"" : ""phone-context=+44"", ""comment"" : null, ""bcr_product"" : ""RETAIL"", ""bcr_region"" : null}"
,5938,"{""id"" : 5938, ""input_prefix"" : ""INPUT_PREFIX"", ""routing_prefix"" : ""phone-context=+44"", ""output_prefix"" : ""OUTPUT_PREFIX"", ""portability_type"" : ""PORTED_OUT"", ""req_uri_additional_parameters"" : ""phone-context=+44"", ""comment"" : ""null migrated to NBI 06500089 from 05118028 and phone-context=nprtspa.126.PORprefix F ALLBACK  FALLBACK  migrated to NBI 06500089 from 05118028 and phone-context=nprtspa.126.PORprefix"", ""bcr_product"" : ""RETAIL"", ""bcr_region"" : null}"
,5939,"{""id"" : 5939, ""input_prefix"" : ""INPUT_PREFIX"", ""routing_prefix"" : ""phone-context=+44"", ""output_prefix"" : ""OUTPUT_PREFIX"", ""portability_type"" : ""PORTED_OUT"", ""req_uri_additional_parameters"" : ""phone-context=+44"", ""comment"" : ""null migrated to NBI 06500089 from 05118028 and phone-context=nprtspa.126.PORprefix F ALLBACK  FALLBACK  migrated to NBI 06500089 from 05118028 and phone-context=nprtspa.126.PORprefix"", ""bcr_product"" : ""RETAIL"", ""bcr_region"" : null}"
,5942,"{""id"" : 5942, ""input_prefix"" : ""INPUT_PREFIX"", ""routing_prefix"" : ""phone-context=+44"", ""output_prefix"" : ""OUTPUT_PREFIX"", ""portability_type"" : ""PORTED_OUT"", ""req_uri_additional_parameters"" : ""phone-context=+44"", ""comment"" : ""null migrated to NBI 06500089 from 05118028 and phone-context=nprtspa.126.PORprefix F ALLBACK  FALLBACK  migrated to NBI 06500089 from 05118028 and phone-context=nprtspa.126.PORprefix"", ""bcr_product"" : ""RETAIL"", ""bcr_region"" : null}"
,5947,"{""id"" : 5947, ""input_prefix"" : ""INPUT_PREFIX"", ""routing_prefix"" : ""phone-context=+44"", ""output_prefix"" : ""OUTPUT_PREFIX"", ""portability_type"" : ""PORTED_OUT"", ""req_uri_additional_parameters"" : ""phone-context=+44"", ""comment"" : ""null migrated to NBI 06500089 from 05118028 and phone-context=nprtspa.126.PORprefix F ALLBACK  FALLBACK  migrated to NBI 06500089 from 05118028 and phone-context=nprtspa.126.PORprefix"", ""bcr_product"" : ""RETAIL"", ""bcr_region"" : null}"
,5948,"{""id"" : 5948, ""input_prefix"" : ""INPUT_PREFIX"", ""routing_prefix"" : ""phone-context=+44"", ""output_prefix"" : ""OUTPUT_PREFIX"", ""portability_type"" : ""PORTED_OUT"", ""req_uri_additional_parameters"" : ""phone-context=+44"", ""comment"" : ""null migrated to NBI 06500089 from 05118028 and phone-context=nprtspa.126.PORprefix F ALLBACK  FALLBACK  migrated to NBI 06500089 from 05118028 and phone-context=nprtspa.126.PORprefix"", ""bcr_product"" : ""RETAIL"", ""bcr_region"" : null}"
,5951,"{""id"" : 5951, ""input_prefix"" : ""INPUT_PREFIX"", ""routing_prefix"" : ""phone-context=+44"", ""output_prefix"" : ""OUTPUT_PREFIX"", ""portability_type"" : ""PORTED_OUT"", ""req_uri_additional_parameters"" : ""phone-context=+44"", ""comment"" : ""null migrated to NBI 06500089 from 05118028 and phone-context=nprtspa.126.PORprefix F ALLBACK  FALLBACK  migrated to NBI 06500089 from 05118028 and phone-context=nprtspa.126.PORprefix"", ""bcr_product"" : ""RETAIL"", ""bcr_region"" : null}"
,5954,"{""id"" : 5954, ""input_prefix"" : ""INPUT_PREFIX"", ""routing_prefix"" : ""phone-context=+44"", ""output_prefix"" : ""OUTPUT_PREFIX"", ""portability_type"" : ""PORTED_OUT"", ""req_uri_additional_parameters"" : ""phone-context=+44"", ""comment"" : ""null migrated to NBI 06500089 from 05118028 and phone-context=nprtspa.126.PORprefix F ALLBACK  FALLBACK  migrated to NBI 06500089 from 05118028 and phone-context=nprtspa.126.PORprefix"", ""bcr_product"" : ""RETAIL"", ""bcr_region"" : null}"
,5955,"{""id"" : 5955, ""input_prefix"" : ""INPUT_PREFIX"", ""routing_prefix"" : ""phone-context=+44"", ""output_prefix"" : ""OUTPUT_PREFIX"", ""portability_type"" : ""PORTED_OUT"", ""req_uri_additional_parameters"" : ""phone-context=+44"", ""comment"" : null, ""bcr_product"" : ""RETAIL"", ""bcr_region"" : null}"
,5958,"{""id"" : 5958, ""input_prefix"" : ""INPUT_PREFIX"", ""routing_prefix"" : ""phone-context=+44"", ""output_prefix"" : ""OUTPUT_PREFIX"", ""portability_type"" : ""PORTED_OUT"", ""req_uri_additional_parameters"" : ""phone-context=+44"", ""comment"" : ""null migrated to NBI 06500089 from 05118028 and phone-context=nprtspa.126.PORprefix F ALLBACK  FALLBACK  migrated to NBI 06500089 from 05118028 and phone-context=nprtspa.126.PORprefix"", ""bcr_product"" : ""RETAIL"", ""bcr_region"" : null}"
